arm,seed,final_E0,auc_E0,final_steps_E0,final_E1v,auc_E1v,final_steps_E1v,final_E2v,auc_E2v,final_steps_E2v,final_E3v,auc_E3v,final_steps_E3v,final_E4v,auc_E4v,final_steps_E4v,final_E6,auc_E6,final_steps_E6,final_E7,auc_E7,final_steps_E7,AUC_E0,S_edge,auc_edge
A,1,0.975177304964539,0.6700157604412924,491.24822695035465,0.0,0.1411111111111111,58.51666666666667,0.0,0.14666666666666664,58.53333333333333,0.0,0.1388888888888889,56.096666666666664,0.0,0.1311111111111111,52.120000000000005,0.0,0.13955555555555557,58.437333333333335,0.9966666666666667,0.6688888888888889,498.93,0.6700157604412924,0.0,0.13944444444444443
A,2,0.9858156028368795,0.6217494089834514,494.93144208037825,0.43999999999999995,0.3233333333333333,257.16,0.5,0.34944444444444445,281.92333333333335,0.44333333333333336,0.33333333333333337,256.9166666666667,0.45999999999999996,0.3122222222222223,265.28,0.4653333333333333,0.3335555555555556,267.348,0.9966666666666667,0.6211111111111111,498.4766666666667,0.6217494089834514,0.4608333333333333,0.32958333333333334
A,3,0.9869976359338063,0.5786052009456265,495.6430260047282,0.14333333333333334,0.3694444444444445,126.88333333333334,0.13999999999999999,0.3761111111111112,127.49000000000001,0.16666666666666666,0.36888888888888893,133.15666666666667,0.19333333333333333,0.3477777777777778,143.16,0.16,0.38288888888888895,133.5533333333333,0.9966666666666667,0.585,498.95,0.5786052009456265,0.16083333333333333,0.3655555555555556
A,4,0.9468085106382979,0.6548463356973996,490.5839243498818,0.52,0.3216666666666667,292.21000000000004,0.5366666666666666,0.34444444444444444,299.85999999999996,0.5033333333333333,0.3172222222222222,283.7033333333333,0.38000000000000006,0.2733333333333334,231.66,0.524,0.32688888888888884,294.324,0.9566666666666667,0.6655555555555556,496.81666666666666,0.6548463356973996,0.48500000000000004,0.31416666666666665
A,5,0.9846335697399526,0.7767927501970054,493.78723404255317,0.05666666666666667,0.2538888888888889,88.09333333333332,0.07666666666666667,0.28111111111111114,96.89,0.07666666666666667,0.25277777777777777,92.58333333333333,0.10666666666666667,0.23111111111111113,103.47333333333334,0.06933333333333334,0.2624444444444445,92.948,1.0,0.7911111111111111,500.0,0.7767927501970054,0.07916666666666668,0.25472222222222224
A,6,0.9609929078014184,0.6710007880220646,493.21985815602835,0.21333333333333335,0.27277777777777773,158.27,0.26333333333333336,0.27555555555555555,181.6833333333333,0.21999999999999997,0.2644444444444444,159.03,0.3866666666666667,0.3022222222222223,230.72,0.21866666666666668,0.2642222222222222,160.80533333333332,0.9733333333333333,0.6644444444444446,497.4533333333334,0.6710007880220646,0.27083333333333337,0.27875000000000005
A,7,0.8995271867612292,0.6278565799842396,481.5839243498818,0.57,0.1627777777777778,329.94666666666666,0.5633333333333334,0.1811111111111111,326.4066666666667,0.49,0.13833333333333334,293.6433333333334,0.38000000000000006,0.13666666666666666,242.56000000000003,0.508,0.14911111111111114,303.816,0.9133333333333334,0.6244444444444445,487.0833333333333,0.6278565799842396,0.5008333333333334,0.1547222222222222
A,8,0.9881796690307328,0.7637903861308116,495.0236406619385,0.07666666666666667,0.20833333333333334,97.77333333333333,0.11666666666666665,0.22055555555555553,113.79333333333334,0.049999999999999996,0.1572222222222222,80.77,0.11333333333333334,0.16,104.63333333333333,0.07200000000000001,0.1897777777777778,93.504,1.0,0.7727777777777777,500.0,0.7637903861308116,0.08916666666666667,0.18652777777777776
A,9,0.9621749408983451,0.7029156816390859,491.1513002364066,0.30333333333333334,0.3044444444444445,198.04333333333332,0.3333333333333333,0.32,211.6533333333333,0.27666666666666667,0.31000000000000005,185.88666666666666,0.28,0.3022222222222222,188.4466666666667,0.3186666666666667,0.31244444444444447,204.81333333333336,0.9733333333333333,0.7166666666666667,498.20666666666665,0.7029156816390859,0.29833333333333334,0.3091666666666667
A,10,0.8026004728132388,0.658983451536643,477.36997635933807,0.1366666666666667,0.25555555555555554,153.09,0.2233333333333333,0.3044444444444444,189.1,0.22999999999999998,0.2811111111111111,180.14666666666665,0.3466666666666667,0.2833333333333333,227.1,0.19200000000000003,0.2777777777777778,171.77066666666667,0.79,0.6611111111111112,479.9066666666667,0.658983451536643,0.23416666666666666,0.2811111111111111
A,11,0.8699763593380614,0.5632387706855791,478.89125295508273,0.4000000000000001,0.23444444444444446,280.4733333333333,0.42,0.2461111111111111,286.31666666666666,0.4166666666666667,0.2166666666666667,279.9666666666667,0.41333333333333333,0.22,267.32,0.4226666666666667,0.23244444444444443,286.47066666666666,0.8666666666666667,0.5633333333333335,479.6366666666667,0.5632387706855791,0.41250000000000003,0.22930555555555557
A,12,0.6832151300236408,0.30122143420015757,438.78723404255317,0.26666666666666666,0.09722222222222222,208.93999999999997,0.3333333333333333,0.1261111111111111,241.91333333333333,0.27999999999999997,0.10666666666666669,218.13,0.18666666666666668,0.07666666666666667,179.32000000000002,0.284,0.10577777777777778,220.96133333333333,0.7000000000000001,0.2916666666666667,437.5833333333333,0.30122143420015757,0.26666666666666666,0.10166666666666667
A,13,0.9917257683215132,0.6877462568951931,498.2730496453901,0.7200000000000001,0.35444444444444445,385.4166666666667,0.75,0.3655555555555556,398.07,0.6933333333333334,0.3333333333333333,372.1466666666667,0.5533333333333333,0.26222222222222225,313.09999999999997,0.7399999999999999,0.3488888888888889,393.08799999999997,1.0,0.6888888888888889,500.0,0.6877462568951931,0.6791666666666667,0.3288888888888889
A,14,0.9799054373522459,0.48345153664302604,495.4692671394799,0.6433333333333334,0.305,353.1266666666666,0.63,0.30333333333333334,349.1033333333334,0.6166666666666667,0.2922222222222222,340.02333333333337,0.47333333333333333,0.2511111111111111,279.05333333333334,0.6186666666666667,0.2911111111111111,344.4826666666667,0.9966666666666667,0.4883333333333334,499.9166666666667,0.48345153664302604,0.5908333333333333,0.28791666666666665
A,15,0.7340425531914893,0.7129629629629629,461.73522458628844,0.15,0.2488888888888889,141.99333333333334,0.15666666666666665,0.28444444444444444,144.66666666666666,0.15666666666666665,0.2733333333333333,138.32333333333335,0.22666666666666666,0.3155555555555556,167.0,0.16,0.26133333333333336,143.68933333333334,0.7333333333333334,0.6988888888888889,464.2633333333333,0.7129629629629629,0.1725,0.28055555555555556
A,16,0.9787234042553191,0.6828211189913318,491.0803782505911,0.006666666666666667,0.05888888888888889,61.56333333333334,0.013333333333333334,0.08111111111111112,65.65666666666667,0.0,0.07111111111111111,55.673333333333325,0.013333333333333334,0.0888888888888889,58.279999999999994,0.014666666666666666,0.07155555555555555,64.85866666666666,1.0,0.6944444444444444,500.0,0.6828211189913318,0.008333333333333333,0.07500000000000001
A,17,0.9657210401891253,0.5397951142631993,491.6406619385343,0.37000000000000005,0.20111111111111113,250.35666666666665,0.35000000000000003,0.1911111111111111,247.85333333333332,0.3066666666666667,0.17666666666666664,221.44666666666663,0.2733333333333333,0.16666666666666666,196.92,0.33466666666666667,0.1862222222222222,238.19066666666666,0.98,0.5433333333333333,496.84999999999997,0.5397951142631993,0.32500000000000007,0.18388888888888888
A,18,0.8853427895981087,0.6889282899921197,476.43498817966906,0.19333333333333336,0.1577777777777778,189.36333333333334,0.17,0.18444444444444447,182.64999999999998,0.10666666666666667,0.15888888888888886,137.33333333333334,0.06666666666666667,0.1622222222222222,108.12666666666667,0.148,0.16355555555555554,162.36133333333336,0.9,0.693888888888889,481.05,0.6889282899921197,0.13416666666666668,0.16583333333333333
A,19,0.983451536643026,0.5736800630417651,495.8995271867612,0.7066666666666667,0.33611111111111114,381.54333333333335,0.7733333333333334,0.3622222222222222,406.12999999999994,0.6733333333333333,0.2972222222222222,367.4633333333333,0.5599999999999999,0.22333333333333333,320.5133333333333,0.7333333333333334,0.3417777777777778,391.324,0.9966666666666667,0.5733333333333334,499.75,0.5736800630417651,0.6783333333333333,0.3047222222222222
A,20,0.660756501182033,0.6229314420803782,425.55437352245855,0.16333333333333333,0.14166666666666666,199.36666666666665,0.14666666666666667,0.13,202.37333333333333,0.16333333333333333,0.12555555555555556,196.63333333333333,0.12,0.11666666666666665,163.71333333333334,0.16533333333333333,0.1308888888888889,201.8373333333333,0.6633333333333333,0.6283333333333333,429.01,0.6229314420803782,0.14833333333333332,0.12847222222222224
A,21,0.9078014184397162,0.7054767533490938,475.74231678486996,0.33666666666666667,0.1527777777777778,218.79,0.31,0.15944444444444444,213.76666666666665,0.2733333333333334,0.11944444444444445,197.79333333333332,0.21999999999999997,0.11222222222222221,172.16,0.31066666666666665,0.13733333333333334,213.20666666666668,0.9666666666666667,0.7366666666666667,491.83,0.7054767533490938,0.28500000000000003,0.13597222222222222
A,22,0.9503546099290782,0.709022852639874,488.0839243498818,0.45999999999999996,0.40555555555555556,269.32666666666665,0.4833333333333334,0.4133333333333334,279.0333333333333,0.37666666666666665,0.37,233.82666666666668,0.19333333333333333,0.2866666666666667,154.47333333333333,0.42799999999999994,0.3937777777777777,256.748,0.98,0.7083333333333334,497.25,0.709022852639874,0.37833333333333335,0.36888888888888893
A,23,0.789598108747045,0.45350669818754924,447.05437352245866,0.0,0.08333333333333333,73.22666666666667,0.0,0.08388888888888889,72.35333333333334,0.0,0.08222222222222222,68.49333333333334,0.0,0.07111111111111112,62.413333333333334,0.0,0.084,71.97066666666667,0.7966666666666665,0.4472222222222223,450.47,0.45350669818754924,0.0,0.0801388888888889
A,24,0.9479905437352246,0.7054767533490938,493.43026004728137,0.44333333333333336,0.35944444444444446,259.1066666666666,0.45,0.35833333333333334,263.6366666666667,0.45999999999999996,0.3494444444444445,263.71999999999997,0.5133333333333333,0.3522222222222222,287.24666666666667,0.43733333333333335,0.3611111111111111,256.6186666666667,0.9666666666666667,0.7166666666666667,498.09,0.7054767533490938,0.4666666666666667,0.3548611111111111
A,25,0.37706855791962174,0.5894405043341214,355.1985815602837,0.0033333333333333335,0.13444444444444442,101.20333333333333,0.03666666666666667,0.155,115.34333333333335,0.03333333333333333,0.1411111111111111,105.92999999999999,0.13333333333333333,0.16,144.54,0.017333333333333333,0.14044444444444446,104.272,0.35333333333333333,0.6011111111111112,349.7833333333333,0.5894405043341214,0.051666666666666666,0.14763888888888888
A,26,0.9491725768321514,0.543538219070134,489.6985815602837,0.13333333333333333,0.18055555555555552,141.27666666666667,0.13333333333333333,0.20055555555555557,147.52666666666667,0.08333333333333333,0.1572222222222222,120.32,0.04666666666666667,0.15333333333333332,101.52,0.09333333333333334,0.17422222222222225,129.36533333333333,0.9666666666666667,0.5616666666666666,494.27666666666664,0.543538219070134,0.09916666666666667,0.17291666666666666
A,27,0.9030732860520093,0.580181245074862,455.7565011820331,0.07666666666666667,0.17888888888888888,93.77666666666666,0.08333333333333333,0.19666666666666668,95.80666666666667,0.08333333333333333,0.17666666666666667,93.79333333333334,0.09999999999999999,0.18222222222222223,97.24666666666667,0.076,0.17511111111111108,93.01066666666667,0.9066666666666666,0.5711111111111111,458.4433333333333,0.580181245074862,0.08583333333333333,0.1836111111111111
A,28,0.9846335697399526,0.7202521670606777,494.7706855791962,0.19666666666666666,0.3061111111111111,147.59333333333333,0.18666666666666668,0.33611111111111114,147.09,0.21333333333333335,0.34,152.8766666666667,0.25333333333333335,0.36444444444444446,168.0666666666667,0.212,0.32911111111111113,154.70533333333333,0.9966666666666667,0.7122222222222223,499.94666666666666,0.7202521670606777,0.21250000000000002,0.33666666666666667
A,29,0.9160756501182034,0.7105988967691096,488.09810874704493,0.5433333333333333,0.34388888888888886,321.31,0.6166666666666667,0.3705555555555556,359.06333333333333,0.59,0.3622222222222222,343.12999999999994,0.48666666666666664,0.31000000000000005,291.53999999999996,0.5613333333333334,0.34933333333333344,332.1546666666666,0.9266666666666667,0.71,491.12000000000006,0.7105988967691096,0.5591666666666667,0.3466666666666667
A,30,0.706855791962175,0.48857368006304175,449.5141843971632,0.4566666666666667,0.2611111111111111,293.68,0.5433333333333333,0.295,327.34666666666664,0.5233333333333333,0.27999999999999997,315.0733333333333,0.5,0.2522222222222222,301.3,0.49466666666666664,0.28044444444444444,307.38000000000005,0.6733333333333333,0.4883333333333333,450.77,0.48857368006304175,0.5058333333333334,0.2720833333333333
A,31,0.6879432624113475,0.5108353033884948,459.84751773049646,0.33,0.34611111111111115,235.75,0.3333333333333333,0.3527777777777778,235.6933333333333,0.36333333333333334,0.3477777777777778,247.92999999999998,0.39333333333333337,0.32,254.71333333333337,0.34933333333333333,0.34555555555555556,244.78266666666664,0.6866666666666666,0.5044444444444444,463.8766666666667,0.5108353033884948,0.355,0.3416666666666667
A,32,0.9479905437352246,0.5575256107171,489.9739952718676,0.37333333333333335,0.2661111111111111,233.48666666666668,0.43,0.2755555555555555,257.77333333333337,0.31,0.24222222222222226,206.06999999999996,0.32,0.22111111111111112,207.0666666666667,0.36800000000000005,0.26466666666666666,231.13599999999997,0.98,0.5527777777777778,496.7366666666667,0.5575256107171,0.35833333333333334,0.25125
A,33,0.8817966903073285,0.545705279747833,485.6489361702127,0.6466666666666666,0.2872222222222222,389.3766666666667,0.7066666666666667,0.29944444444444446,411.94,0.6533333333333334,0.2722222222222222,386.82666666666665,0.64,0.24222222222222226,369.0733333333333,0.6706666666666669,0.2873333333333334,398.6266666666667,0.91,0.5533333333333333,491.26666666666665,0.545705279747833,0.6616666666666667,0.2752777777777778
A,34,0.8120567375886525,0.5317178881008667,454.8782505910165,0.25333333333333335,0.2111111111111111,204.79000000000005,0.2333333333333333,0.2122222222222222,197.64333333333332,0.22333333333333336,0.19555555555555554,181.77999999999997,0.13999999999999999,0.1488888888888889,140.46666666666667,0.252,0.20800000000000002,199.97333333333336,0.84,0.5277777777777778,460.7966666666666,0.5317178881008667,0.21250000000000002,0.19194444444444442
A,35,0.7139479905437353,0.5256107171000788,461.48345153664303,0.31,0.2383333333333333,224.46333333333337,0.3566666666666667,0.2616666666666667,243.39333333333335,0.3833333333333333,0.2466666666666667,246.9666666666667,0.41333333333333333,0.21777777777777776,258.24666666666667,0.33866666666666667,0.24444444444444444,232.44133333333335,0.7166666666666667,0.5011111111111111,458.40000000000003,0.5256107171000788,0.36583333333333334,0.2411111111111111
A,36,0.9739952718676124,0.6420409771473601,488.41962174940903,0.11,0.20222222222222225,109.18333333333334,0.11333333333333334,0.20888888888888885,111.49000000000001,0.13,0.17555555555555558,115.42,0.1466666666666667,0.16,120.8,0.10666666666666667,0.1902222222222222,109.168,0.9933333333333333,0.6527777777777778,497.2166666666667,0.6420409771473601,0.125,0.18666666666666668
A,37,0.9917257683215129,0.8041765169424743,497.44562647754134,0.5166666666666666,0.33611111111111114,296.5133333333333,0.52,0.35833333333333334,299.39666666666665,0.5066666666666667,0.33166666666666667,288.28999999999996,0.5666666666666667,0.3111111111111111,311.77333333333337,0.5013333333333333,0.3373333333333333,289.50533333333334,0.9966666666666667,0.8133333333333334,499.9666666666667,0.8041765169424743,0.5275000000000001,0.3343055555555556
A,38,0.9739952718676124,0.6367218282111899,492.8995271867613,0.12666666666666668,0.20222222222222225,153.26000000000002,0.10666666666666667,0.21888888888888886,152.15,0.05666666666666667,0.20277777777777778,129.0,0.02666666666666667,0.2,101.04666666666667,0.084,0.20511111111111113,145.19733333333332,0.9933333333333333,0.6466666666666666,497.68666666666667,0.6367218282111899,0.07916666666666668,0.20597222222222222
A,39,0.9846335697399526,0.8256501182033097,495.9881796690308,0.49333333333333335,0.5227777777777778,300.5466666666667,0.5133333333333333,0.5688888888888889,315.84,0.48,0.5305555555555556,294.2966666666667,0.35333333333333333,0.4644444444444445,250.26,0.492,0.5393333333333333,306.41066666666666,1.0,0.8305555555555556,500.0,0.8256501182033097,0.45999999999999996,0.5216666666666667
A,40,0.983451536643026,0.6483451536643026,494.52364066193854,0.0,0.12222222222222225,59.93333333333334,0.0033333333333333335,0.11666666666666668,63.70333333333334,0.0,0.10111111111111112,58.02666666666667,0.013333333333333334,0.12333333333333332,60.24000000000001,0.0013333333333333333,0.11599999999999999,61.35866666666667,1.0,0.655,500.0,0.6483451536643026,0.004166666666666667,0.11583333333333334
A,41,0.9905437352245863,0.6280535855003939,496.8486997635934,0.21666666666666667,0.1461111111111111,158.54999999999998,0.22666666666666668,0.15333333333333335,162.59333333333333,0.2733333333333333,0.15055555555555555,180.1933333333333,0.3066666666666667,0.1733333333333333,192.80000000000004,0.23866666666666667,0.15066666666666667,167.32,1.0,0.6211111111111112,500.0,0.6280535855003939,0.25583333333333336,0.15583333333333332
A,42,0.9810874704491725,0.6739558707643813,492.8132387706856,0.0,0.08777777777777777,56.056666666666665,0.0,0.08666666666666667,56.10999999999999,0.0,0.06888888888888889,54.13999999999999,0.0,0.051111111111111114,50.126666666666665,0.0,0.08266666666666667,56.452,0.9966666666666667,0.6777777777777778,498.4766666666667,0.6739558707643813,0.0,0.07361111111111111
A,43,0.9893617021276596,0.6540583136327817,495.52245862884166,0.19999999999999998,0.26944444444444443,154.87666666666667,0.17,0.2766666666666667,146.00333333333333,0.18333333333333335,0.2638888888888889,144.62333333333333,0.10000000000000002,0.21999999999999997,103.08666666666666,0.17866666666666667,0.2568888888888889,144.432,1.0,0.6599999999999999,500.0,0.6540583136327817,0.16333333333333333,0.2575
A,44,0.958628841607565,0.6485421591804571,490.9385342789598,0.0033333333333333335,0.14166666666666664,77.17666666666666,0.0,0.1411111111111111,73.20666666666666,0.0,0.12444444444444445,68.84666666666668,0.0,0.1111111111111111,60.78666666666667,0.0,0.12844444444444444,72.32000000000001,0.9666666666666667,0.655,494.16,0.6485421591804571,0.0008333333333333334,0.12958333333333333
A,45,0.9929078014184398,0.4710401891252955,498.23877068557914,0.48,0.16444444444444442,281.3966666666667,0.5499999999999999,0.2088888888888889,311.68333333333334,0.6166666666666667,0.2261111111111111,338.77,0.7333333333333334,0.22666666666666668,387.17333333333335,0.5573333333333333,0.19933333333333333,313.528,1.0,0.4677777777777778,500.0,0.4710401891252955,0.595,0.20652777777777778
A,46,0.8108747044917258,0.6627265563435776,469.7955082742317,0.25666666666666665,0.2772222222222222,178.9766666666667,0.28,0.26777777777777784,192.21333333333334,0.2333333333333333,0.2638888888888889,166.93666666666667,0.25333333333333335,0.23666666666666666,174.9,0.25333333333333335,0.2735555555555556,177.7893333333333,0.8366666666666666,0.6805555555555556,478.17,0.6627265563435776,0.2558333333333333,0.2613888888888889
A,47,0.9515366430260048,0.8049645390070922,491.7044917257683,0.22333333333333336,0.2622222222222222,163.99333333333334,0.29,0.2766666666666666,192.75666666666666,0.25999999999999995,0.24611111111111106,177.26333333333332,0.34,0.23555555555555557,211.29999999999998,0.24933333333333332,0.26711111111111113,173.70666666666668,0.9700000000000001,0.803888888888889,496.82,0.8049645390070922,0.2783333333333333,0.25513888888888886
A,48,0.9869976359338062,0.7431048069345941,494.8711583924349,0.20333333333333334,0.2866666666666667,150.88,0.22999999999999998,0.31,162.55333333333334,0.22999999999999998,0.2577777777777778,160.7,0.25333333333333335,0.20666666666666667,166.73333333333335,0.22,0.2742222222222222,158.208,0.9966666666666667,0.76,498.4766666666667,0.7431048069345941,0.22916666666666669,0.2652777777777778
A,49,0.9929078014184398,0.5849093774625689,497.26477541371156,0.5,0.16944444444444445,283.99,0.5366666666666666,0.18388888888888888,298.5466666666667,0.54,0.18555555555555553,298.84,0.5466666666666667,0.1877777777777778,299.2,0.5186666666666667,0.17622222222222222,291.2613333333333,1.0,0.5766666666666667,500.0,0.5849093774625689,0.5308333333333334,0.18166666666666667
A,50,0.983451536643026,0.799251379038613,493.8995271867612,0.2833333333333333,0.30777777777777776,184.66333333333333,0.27999999999999997,0.32222222222222224,184.17999999999998,0.2866666666666667,0.2866666666666667,184.09,0.31333333333333335,0.2566666666666667,192.73333333333335,0.27999999999999997,0.30822222222222223,184.588,0.9966666666666667,0.7977777777777778,498.45,0.799251379038613,0.2908333333333333,0.29333333333333333
A,51,0.9503546099290782,0.37135539795114264,493.71631205673765,0.4266666666666667,0.1638888888888889,286.83666666666664,0.44333333333333336,0.16666666666666666,294.28,0.41,0.1388888888888889,281.17333333333335,0.37333333333333335,0.11444444444444445,255.32000000000002,0.44,0.16,292.36133333333333,0.9700000000000001,0.3805555555555556,497.62999999999994,0.37135539795114264,0.41333333333333333,0.14597222222222223
A,52,0.6725768321513002,0.526595744680851,454.40189125295507,0.21333333333333335,0.2333333333333333,205.49,0.23666666666666666,0.23555555555555555,213.63333333333333,0.2366666666666667,0.22666666666666668,210.3166666666667,0.25333333333333335,0.20888888888888887,197.0066666666667,0.22533333333333336,0.23111111111111113,209.0293333333333,0.6699999999999999,0.5172222222222222,458.59666666666664,0.526595744680851,0.23500000000000004,0.2261111111111111
A,53,0.9869976359338061,0.7411347517730495,496.52127659574467,0.37000000000000005,0.13277777777777777,225.65666666666667,0.4066666666666667,0.15833333333333333,241.62666666666667,0.42,0.15,245.59666666666666,0.44,0.14222222222222222,252.4666666666667,0.39466666666666667,0.14266666666666666,237.0293333333333,0.9966666666666667,0.7538888888888888,499.24,0.7411347517730495,0.4091666666666667,0.14583333333333334
A,54,0.9846335697399528,0.7019306540583136,493.31442080378247,0.02,0.08777777777777776,67.76666666666667,0.013333333333333334,0.10111111111111112,67.71333333333332,0.006666666666666667,0.06111111111111112,59.93,0.013333333333333334,0.07333333333333333,60.080000000000005,0.02,0.08022222222222222,68.484,1.0,0.721111111111111,500.0,0.7019306540583136,0.013333333333333334,0.08083333333333334
A,55,0.9905437352245864,0.6733648542159181,496.71631205673765,0.38666666666666666,0.2338888888888889,231.5533333333333,0.4000000000000001,0.23777777777777778,236.67999999999998,0.41,0.24111111111111108,239.97000000000003,0.39333333333333337,0.20555555555555555,230.94666666666663,0.3866666666666667,0.2357777777777778,232.31866666666664,1.0,0.6816666666666668,500.0,0.6733648542159181,0.3975,0.2295833333333333
A,56,0.9763593380614658,0.7056737588652482,492.4243498817967,0.18999999999999997,0.3055555555555556,153.98666666666665,0.18666666666666668,0.31222222222222223,155.46333333333334,0.12666666666666668,0.27277777777777773,132.92666666666665,0.08,0.20444444444444446,106.10666666666667,0.17066666666666666,0.2942222222222222,150.35999999999999,0.9899999999999999,0.7077777777777777,497.8066666666667,0.7056737588652482,0.14583333333333331,0.27375
A,57,0.9869976359338061,0.7813238770685579,497.12765957446817,0.7833333333333333,0.3883333333333333,409.06666666666666,0.8266666666666667,0.42055555555555557,428.40000000000003,0.7866666666666666,0.395,409.71333333333337,0.7733333333333334,0.38777777777777783,405.2866666666667,0.8173333333333334,0.4026666666666667,423.7586666666666,0.9966666666666667,0.7905555555555556,499.9666666666667,0.7813238770685579,0.7925,0.39791666666666664
A,58,0.9905437352245864,0.6983845547675335,496.65248226950354,0.4366666666666667,0.3927777777777778,256.0833333333333,0.4366666666666667,0.4022222222222222,256.8833333333333,0.4666666666666666,0.3894444444444445,266.67333333333335,0.47333333333333333,0.36777777777777776,269.20666666666665,0.4546666666666666,0.3964444444444445,264.5786666666667,1.0,0.7005555555555556,500.0,0.6983845547675335,0.45333333333333337,0.38805555555555554
A,59,0.9822695035460992,0.5695429472025217,495.2340425531915,0.5333333333333333,0.22444444444444442,297.98333333333335,0.5533333333333333,0.22166666666666668,306.13,0.45,0.19333333333333333,262.95,0.32,0.14555555555555555,205.72000000000003,0.536,0.2193333333333333,299.3093333333333,1.0,0.5605555555555556,500.0,0.5695429472025217,0.46416666666666667,0.19625
A,60,0.7659574468085105,0.6325847123719462,452.290780141844,0.14666666666666667,0.3055555555555556,173.22000000000003,0.13,0.3044444444444444,167.66,0.07666666666666667,0.27888888888888885,143.04999999999998,0.02666666666666667,0.23555555555555557,111.78000000000002,0.112,0.3004444444444445,161.22,0.7966666666666665,0.625,458.1266666666667,0.6325847123719462,0.095,0.2811111111111111
A,61,0.9479905437352246,0.5983057525610717,487.6442080378251,0.62,0.3227777777777778,369.0333333333333,0.6066666666666666,0.32055555555555554,366.12000000000006,0.5266666666666667,0.3038888888888888,336.2133333333333,0.49333333333333335,0.28222222222222226,313.96,0.584,0.32311111111111107,359.71066666666667,0.96,0.6066666666666667,489.0466666666666,0.5983057525610717,0.5616666666666666,0.3073611111111111
A,62,0.963356973995272,0.5273837667454689,494.096926713948,0.18999999999999997,0.12777777777777777,211.5533333333333,0.21666666666666667,0.14277777777777778,222.4766666666667,0.22333333333333336,0.13777777777777778,208.29666666666665,0.3133333333333333,0.12333333333333335,233.98000000000002,0.208,0.13066666666666668,213.16933333333336,0.98,0.525,497.95,0.5273837667454689,0.23583333333333334,0.13291666666666668
A,63,0.9562647754137116,0.7939322301024428,493.4160756501182,0.06333333333333334,0.42666666666666675,130.00333333333333,0.06999999999999999,0.4366666666666667,131.32,0.05666666666666667,0.40499999999999997,121.63,0.12,0.36555555555555563,136.20666666666668,0.06533333333333334,0.4275555555555555,127.92266666666666,0.9700000000000001,0.8144444444444444,497.99666666666667,0.7939322301024428,0.0775,0.4084722222222223
A,64,0.9822695035460994,0.7572892040977147,494.3026004728133,0.13333333333333333,0.38666666666666666,119.23,0.13333333333333333,0.4044444444444444,119.53333333333332,0.13999999999999999,0.39,120.46999999999998,0.08,0.3022222222222222,94.45333333333333,0.14133333333333334,0.396,123.13333333333333,0.9933333333333333,0.7561111111111111,499.09999999999997,0.7572892040977147,0.12166666666666666,0.3708333333333333
A,65,0.9515366430260047,0.7271473601260835,490.72458628841605,0.4033333333333333,0.33222222222222225,256.15333333333336,0.4000000000000001,0.3394444444444445,254.00333333333333,0.31666666666666665,0.3194444444444444,218.60666666666668,0.18000000000000002,0.24444444444444444,153.96666666666667,0.36400000000000005,0.32933333333333337,243.51333333333332,0.9633333333333334,0.721111111111111,494.72666666666663,0.7271473601260835,0.325,0.3088888888888889
A,66,0.9810874704491725,0.7176910953506698,494.69503546099287,0.28,0.2311111111111111,211.14,0.24,0.23166666666666666,197.92,0.25333333333333335,0.20166666666666666,191.76666666666665,0.13333333333333333,0.11222222222222224,136.00666666666666,0.22266666666666668,0.21666666666666667,186.3306666666667,0.9866666666666667,0.7322222222222223,499.09666666666664,0.7176910953506698,0.22666666666666668,0.19416666666666665
A,67,0.7801418439716311,0.42474389282899916,467.4633569739953,0.17333333333333334,0.06333333333333334,189.55333333333337,0.17,0.06777777777777778,184.81666666666663,0.18333333333333335,0.07111111111111111,174.90333333333334,0.22666666666666666,0.07999999999999999,180.8066666666667,0.17066666666666666,0.06355555555555556,181.16933333333336,0.7666666666666666,0.4166666666666667,470.83,0.42474389282899916,0.18833333333333335,0.07055555555555557
A,68,0.9621749408983451,0.7368006304176516,491.97163120567376,0.0,0.07999999999999999,59.28,0.0,0.0811111111111111,60.526666666666664,0.0,0.07333333333333333,56.32333333333333,0.03333333333333333,0.06111111111111111,67.13333333333334,0.004,0.07266666666666666,61.86533333333333,0.9700000000000001,0.7461111111111112,498.10999999999996,0.7368006304176516,0.008333333333333333,0.07388888888888888
A,69,0.9278959810874704,0.8518518518518519,488.0957446808511,0.07333333333333333,0.2227777777777778,141.51000000000002,0.08333333333333333,0.25333333333333335,142.15333333333334,0.07333333333333333,0.23500000000000001,135.1,0.06,0.21333333333333335,107.12666666666667,0.07066666666666667,0.23266666666666666,140.304,0.9433333333333334,0.87,494.31,0.8518518518518519,0.07250000000000001,0.23111111111111113
A,70,0.8309692671394798,0.6146572104018913,480.9113475177305,0.30666666666666664,0.35333333333333333,258.06666666666666,0.31,0.3555555555555555,267.7366666666667,0.21333333333333335,0.3011111111111111,228.08,0.15333333333333332,0.2311111111111111,168.45333333333335,0.264,0.328,248.83466666666664,0.8333333333333334,0.6194444444444445,487.32,0.6146572104018913,0.24583333333333335,0.31027777777777776
A,71,0.9444444444444443,0.5342789598108747,490.50118203309694,0.006666666666666667,0.11499999999999999,68.72333333333333,0.0033333333333333335,0.11388888888888889,68.86666666666666,0.0,0.09777777777777777,59.083333333333336,0.0,0.0888888888888889,59.19333333333333,0.008,0.10888888888888888,70.004,0.9466666666666667,0.5216666666666666,495.18,0.5342789598108747,0.0025,0.10388888888888889
A,72,0.9905437352245863,0.736012608353034,497.20567375886526,0.5733333333333334,0.5277777777777777,314.41333333333336,0.6,0.5466666666666666,324.6533333333333,0.58,0.52,315.48,0.5533333333333333,0.46666666666666673,303.0133333333333,0.5853333333333334,0.532,319.9826666666667,1.0,0.75,500.0,0.736012608353034,0.5766666666666667,0.5152777777777777
A,73,0.4905437352245863,0.46296296296296297,362.4929078014184,0.09000000000000001,0.06555555555555556,148.86666666666667,0.09333333333333334,0.07222222222222222,151.41,0.049999999999999996,0.05611111111111111,124.44,0.03333333333333333,0.043333333333333335,113.63333333333334,0.06133333333333333,0.05933333333333332,135.35733333333334,0.51,0.4716666666666667,365.6133333333333,0.46296296296296297,0.06666666666666667,0.059305555555555556
A,74,0.9881796690307327,0.6286446020488573,494.854609929078,0.09999999999999999,0.13777777777777778,106.48333333333333,0.08666666666666667,0.1577777777777778,101.58,0.11333333333333334,0.15333333333333335,109.45333333333333,0.07333333333333333,0.1622222222222222,89.04666666666667,0.09999999999999999,0.14755555555555555,106.85733333333333,1.0,0.6311111111111112,500.0,0.6286446020488573,0.09333333333333332,0.1527777777777778
A,75,0.9763593380614658,0.7503940110323088,489.88534278959816,0.18000000000000002,0.13,137.73666666666668,0.19666666666666666,0.145,146.13,0.20333333333333334,0.12722222222222224,145.71333333333334,0.2333333333333333,0.11888888888888886,156.98,0.19733333333333333,0.14044444444444446,145.42933333333335,0.9933333333333333,0.7699999999999999,497.1266666666667,0.7503940110323088,0.20333333333333334,0.13027777777777777
A,76,0.9739952718676124,0.8394405043341213,488.83096926713955,0.25333333333333335,0.3794444444444445,174.15,0.24333333333333332,0.39499999999999996,169.78333333333333,0.21333333333333335,0.3588888888888889,155.42333333333332,0.16666666666666666,0.30333333333333334,135.41333333333333,0.24266666666666667,0.38933333333333336,169.564,0.9966666666666667,0.845,498.4766666666667,0.8394405043341213,0.21916666666666668,0.35916666666666663
A,77,0.9704491725768323,0.6522852639873916,494.209219858156,0.7866666666666666,0.38055555555555554,418.1833333333334,0.8333333333333334,0.385,435.39000000000004,0.73,0.33111111111111113,395.91,0.5333333333333333,0.23666666666666666,314.29333333333335,0.7839999999999999,0.35999999999999993,417.532,0.9866666666666667,0.6722222222222223,499.2033333333333,0.6522852639873916,0.7208333333333333,0.3333333333333333
A,78,0.7789598108747046,0.7383766745468874,466.33451536643025,0.41333333333333333,0.4033333333333334,285.26666666666665,0.4066666666666667,0.38833333333333336,282.4433333333333,0.47333333333333333,0.3883333333333333,297.22,0.4666666666666666,0.32111111111111107,289.9866666666666,0.4493333333333333,0.40377777777777774,293.976,0.7066666666666667,0.7105555555555556,462.4766666666667,0.7383766745468874,0.44,0.3752777777777778
A,79,0.9822695035460994,0.7084318360914105,495.5295508274232,0.7599999999999999,0.2294444444444444,411.35666666666674,0.7666666666666667,0.23333333333333336,416.50333333333333,0.6766666666666667,0.2011111111111111,382.01,0.4466666666666666,0.14333333333333334,297.9666666666667,0.7573333333333334,0.23133333333333336,411.3333333333333,1.0,0.725,500.0,0.7084318360914105,0.6625,0.20180555555555554
A,80,0.975177304964539,0.7297084318360914,493.7328605200946,0.2866666666666667,0.46277777777777784,187.23000000000002,0.3066666666666667,0.493888888888889,194.66,0.27999999999999997,0.4688888888888889,181.81666666666663,0.21333333333333335,0.36666666666666664,150.74,0.29733333333333334,0.47911111111111115,191.136,0.9933333333333333,0.7505555555555555,499.8066666666667,0.7297084318360914,0.27166666666666667,0.4480555555555556
A,81,0.9846335697399526,0.6520882584712372,493.6513002364066,0.05333333333333334,0.2866666666666667,85.65666666666668,0.03333333333333333,0.2922222222222222,77.07333333333334,0.043333333333333335,0.2616666666666667,77.51333333333334,0.02666666666666667,0.19111111111111115,64.79333333333334,0.04666666666666667,0.27888888888888885,80.52266666666667,1.0,0.6533333333333333,500.0,0.6520882584712372,0.03916666666666667,0.2579166666666667
A,82,0.33215130023640654,0.5384160756501182,289.63475177304963,0.016666666666666666,0.08499999999999999,110.5,0.023333333333333334,0.10500000000000001,117.69333333333334,0.023333333333333334,0.09722222222222224,101.69,0.013333333333333334,0.12444444444444445,101.44,0.016,0.09355555555555556,109.17066666666666,0.33666666666666667,0.5416666666666666,286.2266666666667,0.5384160756501182,0.01916666666666667,0.10291666666666668
A,83,0.9349881796690306,0.5898345153664303,488.67257683215126,0.21666666666666665,0.22333333333333333,179.26666666666665,0.27,0.24555555555555555,199.12666666666667,0.15333333333333332,0.20666666666666667,149.11666666666667,0.19999999999999998,0.21333333333333337,156.48666666666668,0.204,0.2248888888888889,172.9533333333333,0.9500000000000001,0.6066666666666666,493.29333333333335,0.5898345153664303,0.21,0.22222222222222224
A,84,0.8782505910165485,0.687746256895193,474.6879432624114,0.5133333333333333,0.495,306.18666666666667,0.48,0.47555555555555545,293.71999999999997,0.4066666666666667,0.4305555555555556,258.76666666666665,0.30666666666666664,0.3211111111111112,215.29333333333332,0.4466666666666667,0.47444444444444445,278.868,0.8766666666666666,0.6922222222222223,477.5133333333333,0.687746256895193,0.42666666666666664,0.4305555555555555
A,85,0.9787234042553191,0.7178881008668243,493.9278959810875,0.4566666666666667,0.17722222222222225,270.9633333333333,0.46,0.19166666666666668,273.98333333333335,0.3833333333333333,0.165,239.15333333333334,0.2733333333333334,0.19,188.46,0.44,0.17622222222222225,265.05600000000004,0.9899999999999999,0.7377777777777778,497.96000000000004,0.7178881008668243,0.39333333333333337,0.18097222222222226
A,86,0.9657210401891253,0.5545705279747832,494.8747044917257,0.5033333333333333,0.1588888888888889,288.8733333333333,0.5133333333333333,0.1733333333333333,294.8833333333334,0.49000000000000005,0.15833333333333333,280.59666666666664,0.5066666666666667,0.1688888888888889,286.27333333333337,0.488,0.15755555555555556,282.17333333333335,0.9899999999999999,0.5533333333333333,499.1666666666667,0.5545705279747832,0.5033333333333333,0.1648611111111111
A,87,0.9704491725768322,0.7322695035460993,486.86879432624113,0.0,0.19333333333333336,55.1,0.0,0.21333333333333335,54.85999999999999,0.0,0.2088888888888889,53.33666666666667,0.0,0.17777777777777778,48.99333333333333,0.0,0.20577777777777778,55.46666666666667,0.9966666666666667,0.7150000000000001,498.45,0.7322695035460993,0.0,0.19833333333333336
A,88,0.8368794326241135,0.7228132387706856,467.3924349881797,0.06333333333333334,0.2261111111111111,124.87666666666667,0.08666666666666667,0.24,132.83,0.043333333333333335,0.18833333333333332,105.99333333333334,0.08666666666666667,0.18333333333333332,115.40666666666668,0.06533333333333334,0.2195555555555556,119.972,0.84,0.7266666666666666,470.8433333333333,0.7228132387706856,0.07,0.20944444444444443
A,89,0.9373522458628841,0.7279353821907012,489.6335697399527,0.44,0.3922222222222222,307.73333333333335,0.4366666666666667,0.39388888888888884,299.91,0.3466666666666667,0.3905555555555555,264.84,0.22666666666666666,0.3477777777777778,200.89333333333332,0.40399999999999997,0.39133333333333337,287.13866666666667,0.9566666666666667,0.7261111111111112,494.24,0.7279353821907012,0.3625,0.38111111111111107
A,90,0.9893617021276596,0.6225374310480694,495.9184397163121,0.14666666666666667,0.2088888888888889,125.66000000000001,0.22,0.2311111111111111,158.14666666666665,0.16666666666666666,0.20333333333333337,132.38333333333335,0.2333333333333333,0.2066666666666667,158.6,0.16266666666666665,0.19977777777777778,133.248,1.0,0.6288888888888889,500.0,0.6225374310480694,0.19166666666666665,0.2125
A,91,0.9834515366430261,0.7072498029944837,493.7813238770685,0.3433333333333333,0.30722222222222223,214.25,0.3666666666666667,0.3211111111111111,224.37,0.3466666666666667,0.3,212.83666666666667,0.3,0.2511111111111111,191.46,0.35600000000000004,0.3084444444444444,219.70666666666668,1.0,0.6983333333333334,500.0,0.7072498029944837,0.33916666666666667,0.29486111111111113
A,92,0.9751773049645389,0.7531520882584711,494.2364066193854,0.3233333333333333,0.35444444444444445,208.25666666666666,0.3666666666666667,0.38611111111111107,228.0,0.3433333333333333,0.36777777777777776,215.34,0.34,0.3544444444444444,221.70000000000002,0.3453333333333333,0.36888888888888893,218.87066666666666,0.9966666666666667,0.775,499.8566666666666,0.7531520882584711,0.3433333333333333,0.36569444444444443
A,93,0.9869976359338062,0.5998817966903073,496.5744680851064,0.6633333333333333,0.32222222222222224,365.2633333333333,0.66,0.32722222222222225,366.9433333333333,0.62,0.2850000000000001,348.2133333333333,0.4733333333333334,0.24444444444444444,282.9533333333333,0.632,0.3037777777777778,356.10533333333336,1.0,0.6011111111111112,500.0,0.5998817966903073,0.6041666666666667,0.2947222222222223
A,94,0.9869976359338062,0.5933806146572104,494.9858156028369,0.2333333333333333,0.2644444444444444,164.57333333333332,0.27,0.2788888888888889,181.66666666666666,0.21,0.1977777777777778,151.95333333333335,0.2733333333333334,0.17555555555555555,177.12,0.22,0.2342222222222222,159.12266666666667,1.0,0.6094444444444443,500.0,0.5933806146572104,0.24666666666666665,0.22916666666666669
A,95,0.8108747044917258,0.5610717100078803,472.90070921985813,0.18333333333333335,0.26055555555555554,191.85,0.17333333333333334,0.2816666666666667,190.9666666666667,0.11666666666666668,0.2522222222222222,168.73,0.11333333333333333,0.2211111111111111,162.17999999999998,0.15066666666666667,0.258,182.06133333333332,0.83,0.5611111111111111,474.4433333333333,0.5610717100078803,0.14666666666666667,0.25388888888888883
A,96,0.9869976359338061,0.6239164696611504,496.565011820331,0.5833333333333334,0.39055555555555554,323.25,0.56,0.37333333333333335,313.88,0.57,0.35055555555555556,316.00666666666666,0.54,0.2855555555555555,305.00666666666666,0.588,0.37777777777777777,325.128,1.0,0.616111111111111,500.0,0.6239164696611504,0.5633333333333334,0.35
A,97,0.9787234042553191,0.7923561859732074,490.47163120567376,0.07,0.22277777777777777,94.67333333333333,0.12333333333333334,0.25722222222222224,117.7,0.12333333333333334,0.24277777777777776,114.0,0.1466666666666667,0.27111111111111114,122.3,0.09466666666666668,0.23666666666666666,105.42666666666666,0.9933333333333333,0.7933333333333333,496.8966666666667,0.7923561859732074,0.11583333333333334,0.2484722222222222
A,98,0.9869976359338061,0.7937352245862884,495.2706855791962,0.31666666666666665,0.39499999999999996,203.33333333333334,0.34,0.395,215.74333333333334,0.29,0.3872222222222222,186.98000000000002,0.3333333333333333,0.4022222222222222,206.4333333333333,0.3,0.3924444444444445,195.47199999999998,1.0,0.7733333333333334,500.0,0.7937352245862884,0.32,0.3948611111111111
A,99,0.9739952718676123,0.7744286840031521,493.3037825059102,0.6366666666666667,0.3788888888888889,351.3233333333333,0.6166666666666667,0.39222222222222225,345.07666666666665,0.57,0.365,321.77,0.4266666666666667,0.3,260.81333333333333,0.6293333333333333,0.39511111111111114,347.93066666666664,0.9966666666666667,0.7716666666666666,499.3433333333333,0.7744286840031521,0.5625,0.3590277777777778
A,100,0.9361702127659575,0.6288416075650118,483.95626477541373,0.6166666666666667,0.35,366.00333333333333,0.6133333333333333,0.34444444444444444,367.06333333333333,0.5366666666666666,0.3077777777777778,334.04333333333335,0.4533333333333333,0.27111111111111114,284.3333333333333,0.5986666666666666,0.3337777777777778,362.22666666666663,0.9433333333333334,0.6305555555555555,486.03,0.6288416075650118,0.5549999999999999,0.3183333333333333
B_ce,1,0.9657210401891253,0.6069739952718676,490.2375886524822,0.0,0.05666666666666667,56.61333333333334,0.0,0.06444444444444446,56.9,0.0,0.06000000000000001,54.78666666666666,0.0,0.07777777777777778,50.69333333333333,0.0,0.06222222222222223,57.138666666666666,0.98,0.6016666666666666,494.32,0.6069739952718676,0.0,0.06472222222222224
B_ce,2,0.933806146572104,0.7237982663514578,485.80496453900713,0.7466666666666666,0.2916666666666667,400.66,0.7966666666666667,0.30833333333333335,420.1266666666667,0.7033333333333333,0.2594444444444445,382.09,0.5666666666666668,0.19,320.79333333333335,0.7386666666666666,0.288,398.35200000000003,0.9566666666666667,0.7422222222222221,493.6933333333333,0.7237982663514578,0.7033333333333334,0.26236111111111116
B_ce,3,0.9929078014184395,0.6522852639873916,496.93144208037825,0.08333333333333333,0.1988888888888889,107.20333333333333,0.10333333333333335,0.20500000000000004,116.48,0.11,0.17444444444444443,112.23,0.09333333333333334,0.15222222222222223,100.95333333333333,0.08666666666666667,0.18822222222222224,106.932,1.0,0.6622222222222223,500.0,0.6522852639873916,0.0975,0.1826388888888889
B_ce,4,0.9609929078014184,0.605397951142632,494.37943262411346,0.5866666666666667,0.31333333333333335,325.49,0.6533333333333333,0.32555555555555554,353.6433333333334,0.64,0.2872222222222222,347.08,0.6466666666666666,0.2566666666666667,348.90000000000003,0.6373333333333333,0.31200000000000006,346.5226666666667,0.9533333333333333,0.596111111111111,492.45,0.605397951142632,0.6316666666666666,0.2956944444444445
B_ce,5,0.9905437352245863,0.6550433412135539,496.58037825059097,0.18333333333333335,0.33222222222222225,147.89666666666668,0.18000000000000002,0.3377777777777778,147.53,0.19333333333333333,0.3322222222222222,149.99333333333334,0.2333333333333333,0.3133333333333333,163.18,0.18533333333333335,0.332,149.16666666666666,1.0,0.65,500.0,0.6550433412135539,0.1975,0.32888888888888884
B_ce,6,0.9799054373522459,0.516548463356974,494.89479905437355,0.5333333333333333,0.2644444444444445,299.82,0.5366666666666666,0.2638888888888889,304.29,0.45999999999999996,0.2577777777777778,269.2966666666667,0.32,0.21777777777777776,208.66666666666666,0.536,0.2793333333333333,302.80266666666665,0.9933333333333333,0.5133333333333333,498.8666666666666,0.516548463356974,0.46249999999999997,0.2509722222222222
B_ce,7,0.9078014184397163,0.7630023640661938,482.68321513002365,0.15,0.22777777777777777,153.64666666666668,0.11333333333333334,0.21444444444444447,138.4333333333333,0.12,0.19444444444444445,132.37,0.07333333333333333,0.11555555555555556,101.94666666666666,0.12933333333333333,0.2173333333333333,139.71866666666668,0.9333333333333332,0.7838888888888889,486.23,0.7630023640661938,0.11416666666666667,0.18805555555555556
B_ce,8,0.9858156028368793,0.7237982663514578,494.4787234042553,0.049999999999999996,0.3433333333333333,85.39333333333333,0.06333333333333334,0.35333333333333333,90.82000000000001,0.06999999999999999,0.32999999999999996,90.09333333333332,0.08666666666666667,0.2644444444444444,93.45333333333333,0.06533333333333334,0.3520000000000001,91.28933333333333,1.0,0.7327777777777779,500.0,0.7237982663514578,0.0675,0.3227777777777778
B_ce,9,0.9893617021276596,0.8067375886524822,496.6430260047282,0.32666666666666666,0.38333333333333336,208.28666666666666,0.37000000000000005,0.38222222222222224,228.69000000000003,0.3233333333333333,0.33833333333333343,205.43666666666664,0.3066666666666667,0.26888888888888884,196.16666666666666,0.34933333333333333,0.3748888888888889,218.01333333333332,1.0,0.8127777777777777,500.0,0.8067375886524822,0.33166666666666667,0.34319444444444447
B_ce,10,0.9846335697399528,0.5622537431048069,495.6371158392435,0.21666666666666667,0.14166666666666666,163.58333333333334,0.19999999999999998,0.14333333333333334,163.3133333333333,0.17666666666666667,0.13555555555555557,145.26,0.2066666666666667,0.13999999999999999,152.63333333333335,0.204,0.14577777777777778,159.77733333333333,0.9966666666666667,0.5705555555555556,498.9766666666667,0.5622537431048069,0.19999999999999998,0.1401388888888889
B_ce,11,0.7919621749408984,0.5587076438140267,454.9503546099291,0.3166666666666667,0.28111111111111114,262.3433333333333,0.3933333333333333,0.30388888888888893,295.8,0.38999999999999996,0.2833333333333333,280.17,0.44,0.2388888888888889,293.8666666666666,0.3453333333333333,0.2833333333333334,270.86400000000003,0.7933333333333333,0.5622222222222223,457.78999999999996,0.5587076438140267,0.38499999999999995,0.2768055555555556
B_ce,12,0.9822695035460992,0.7119779353821908,493.32269503546104,0.049999999999999996,0.2677777777777777,83.91000000000001,0.04666666666666667,0.2577777777777778,84.34666666666666,0.03,0.2633333333333333,72.29333333333334,0.05333333333333334,0.25999999999999995,78.02,0.03866666666666667,0.26844444444444443,78.97733333333333,0.9933333333333333,0.7172222222222222,496.94,0.7119779353821908,0.045,0.2622222222222222
B_ce,13,0.9728132387706855,0.7308904649330181,487.71276595744683,0.25333333333333335,0.4022222222222222,169.61333333333334,0.25333333333333335,0.40555555555555556,170.42666666666668,0.25,0.3888888888888889,166.92333333333332,0.27999999999999997,0.37555555555555553,176.53333333333333,0.23866666666666667,0.39511111111111114,164.964,0.9899999999999999,0.7483333333333334,495.56666666666666,0.7308904649330181,0.25916666666666666,0.3930555555555555
B_ce,14,0.9562647754137116,0.6138691883372734,491.451536643026,0.41333333333333333,0.2816666666666667,264.52,0.3833333333333333,0.28055555555555556,255.5566666666667,0.3766666666666667,0.24833333333333332,244.97333333333333,0.3933333333333333,0.22777777777777777,243.72,0.37333333333333335,0.26533333333333337,247.28,0.9633333333333334,0.6138888888888889,494.42,0.6138691883372734,0.39166666666666666,0.25958333333333333
B_ce,15,0.9373522458628841,0.6286446020488574,492.31205673758865,0.5866666666666667,0.3311111111111112,324.88000000000005,0.6733333333333333,0.3388888888888889,362.6033333333333,0.6666666666666666,0.31444444444444447,356.43333333333334,0.7200000000000001,0.29555555555555557,380.9666666666667,0.6466666666666666,0.3206666666666666,350.0506666666667,0.9500000000000001,0.6283333333333333,495.25666666666666,0.6286446020488574,0.6616666666666667,0.32000000000000006
B_ce,16,0.9645390070921985,0.683806146572104,484.30851063829795,0.09666666666666666,0.135,104.28666666666668,0.09333333333333334,0.13888888888888892,101.75,0.08333333333333333,0.125,94.27333333333333,0.06666666666666667,0.1111111111111111,84.38,0.084,0.12777777777777777,97.48666666666666,0.9833333333333334,0.6977777777777777,492.56333333333333,0.683806146572104,0.08499999999999999,0.1275
B_ce,17,0.9432624113475176,0.5724980299448383,474.0898345153664,0.0,0.17777777777777778,55.129999999999995,0.0,0.18444444444444447,54.92666666666667,0.0,0.1688888888888889,53.31,0.0,0.12222222222222222,48.98666666666666,0.0,0.1831111111111111,55.50533333333333,0.96,0.5766666666666667,482.4766666666667,0.5724980299448383,0.0,0.16333333333333333
B_ce,18,0.8167848699763592,0.710795902285264,466.1572104018913,0.14333333333333334,0.3288888888888889,150.65,0.13999999999999999,0.33444444444444443,146.49666666666667,0.13666666666666666,0.3055555555555556,141.41333333333333,0.07333333333333333,0.20888888888888887,119.71333333333332,0.14133333333333334,0.33155555555555555,147.08133333333333,0.7966666666666667,0.7011111111111111,463.8,0.710795902285264,0.12333333333333332,0.29444444444444445
B_ce,19,0.9846335697399526,0.7149330181245074,494.2434988179669,0.25666666666666665,0.23777777777777778,172.40333333333334,0.25666666666666665,0.2522222222222222,172.54666666666665,0.20666666666666667,0.22666666666666668,150.46666666666667,0.12666666666666668,0.19777777777777777,113.48666666666666,0.24666666666666667,0.2408888888888889,168.75733333333332,0.9966666666666667,0.7166666666666667,499.48,0.7149330181245074,0.21166666666666667,0.2286111111111111
B_ce,20,0.9905437352245863,0.6522852639873916,496.4751773049645,0.3233333333333333,0.3472222222222222,206.64,0.3466666666666667,0.34555555555555556,217.44666666666663,0.35000000000000003,0.35,215.62666666666667,0.32666666666666666,0.3411111111111111,202.88,0.3453333333333333,0.35022222222222227,216.22799999999998,1.0,0.6672222222222223,500.0,0.6522852639873916,0.33666666666666667,0.34597222222222224
B_ce,21,0.9905437352245863,0.7261623325453113,496.6453900709221,0.5466666666666667,0.49000000000000005,303.97,0.59,0.495,321.56,0.5833333333333334,0.47555555555555545,318.09666666666664,0.5466666666666667,0.38555555555555554,300.20666666666665,0.568,0.48933333333333334,312.232,0.9966666666666667,0.7316666666666666,499.9533333333334,0.7261623325453113,0.5666666666666668,0.46152777777777776
B_ce,22,0.9917257683215128,0.6239164696611506,497.403073286052,0.48666666666666664,0.32500000000000007,287.9066666666667,0.5599999999999999,0.3522222222222222,318.09999999999997,0.5033333333333333,0.3233333333333333,291.25,0.47333333333333333,0.27,274.38,0.47866666666666663,0.33066666666666666,284.0933333333333,0.9966666666666667,0.615,498.34,0.6239164696611506,0.5058333333333332,0.3176388888888889
B_ce,23,0.9231678486997635,0.6245074862096139,465.1146572104019,0.013333333333333334,0.24333333333333335,64.53333333333335,0.04,0.2822222222222222,75.04666666666667,0.03666666666666667,0.25000000000000006,71.69,0.03333333333333333,0.20666666666666667,66.43333333333334,0.030666666666666665,0.25866666666666666,71.92666666666666,0.9333333333333332,0.63,469.3233333333333,0.6245074862096139,0.03083333333333333,0.24555555555555555
B_ce,24,0.9704491725768322,0.6296296296296297,494.209219858156,0.7999999999999999,0.4794444444444444,418.8,0.7933333333333333,0.47444444444444445,416.49333333333334,0.71,0.43277777777777776,380.68333333333334,0.46,0.32333333333333336,275.8333333333333,0.7826666666666666,0.47533333333333333,412.1573333333333,0.9533333333333333,0.6183333333333333,493.00666666666666,0.6296296296296297,0.6908333333333333,0.4275
B_ce,25,0.8794326241134751,0.5074862096138691,482.69385342789593,0.056666666666666664,0.11055555555555556,113.63,0.05666666666666667,0.11166666666666668,114.88999999999999,0.07666666666666667,0.10444444444444444,122.94,0.08666666666666667,0.10111111111111112,123.68666666666665,0.06666666666666667,0.10577777777777778,120.81866666666666,0.91,0.5177777777777778,493.0733333333333,0.5074862096138691,0.06916666666666667,0.10694444444444445
B_ce,26,0.9716312056737588,0.7125689519306541,493.4160756501182,0.15666666666666665,0.23055555555555557,133.40666666666667,0.17,0.22611111111111107,139.52,0.13999999999999999,0.20444444444444443,123.29666666666667,0.12666666666666668,0.1811111111111111,113.86666666666667,0.152,0.22266666666666668,130.984,0.9966666666666667,0.7277777777777777,499.43666666666667,0.7125689519306541,0.14833333333333334,0.21055555555555555
B_ce,27,0.9858156028368795,0.6840031520882585,494.8877068557919,0.3333333333333333,0.2361111111111111,213.49,0.3466666666666667,0.24388888888888888,222.95333333333335,0.30666666666666664,0.19722222222222224,201.1,0.26,0.15,176.5666666666667,0.3213333333333333,0.22022222222222224,212.24266666666668,0.9966666666666667,0.6994444444444444,499.06333333333333,0.6840031520882585,0.31166666666666665,0.20680555555555555
B_ce,28,0.9787234042553191,0.7003546099290779,494.71631205673754,0.45999999999999996,0.34944444444444445,270.56,0.43999999999999995,0.33944444444444444,263.34666666666664,0.42333333333333334,0.3211111111111111,252.6833333333333,0.2733333333333334,0.23555555555555555,185.5533333333333,0.4573333333333333,0.34622222222222226,269.24533333333335,0.9933333333333333,0.69,498.99333333333334,0.7003546099290779,0.39916666666666667,0.3113888888888889
B_ce,29,0.9739952718676124,0.661150512214342,494.9137115839244,0.5099999999999999,0.3622222222222222,291.25,0.5133333333333333,0.36,294.52333333333337,0.4666666666666666,0.29,271.94,0.32666666666666666,0.20888888888888885,210.47333333333333,0.5,0.33288888888888885,289.148,0.9866666666666667,0.6755555555555556,498.52666666666664,0.661150512214342,0.4541666666666666,0.30527777777777776
B_ce,30,0.9905437352245863,0.7149330181245074,498.0271867612293,0.7699999999999999,0.35888888888888887,407.75,0.7766666666666667,0.3394444444444445,411.3733333333333,0.8033333333333333,0.32166666666666666,420.5133333333333,0.7799999999999999,0.2788888888888889,409.0733333333333,0.7826666666666666,0.3277777777777778,413.5253333333333,1.0,0.7188888888888889,500.0,0.7149330181245074,0.7825,0.32472222222222225
B_ce,31,0.9692671394799054,0.5522064617809298,494.1229314420804,0.22666666666666668,0.13833333333333334,237.9766666666667,0.22666666666666668,0.13722222222222225,241.42,0.24,0.14,230.55000000000004,0.26,0.1511111111111111,219.89333333333332,0.22666666666666668,0.138,236.36400000000003,0.9866666666666667,0.5561111111111111,498.54333333333335,0.5522064617809298,0.23833333333333334,0.14166666666666666
B_ce,32,0.9219858156028368,0.4450354609929077,484.9810874704492,0.37000000000000005,0.22777777777777777,247.5466666666667,0.3666666666666667,0.22444444444444442,245.35,0.3333333333333333,0.21277777777777776,223.15333333333334,0.24,0.15444444444444447,179.92666666666665,0.36400000000000005,0.2308888888888889,240.3853333333333,0.9233333333333333,0.4327777777777779,490.09999999999997,0.4450354609929077,0.3275,0.2048611111111111
B_ce,33,0.9881796690307328,0.6113081166272656,496.45626477541373,0.3933333333333333,0.20888888888888887,249.11666666666667,0.4533333333333333,0.24000000000000005,275.1233333333333,0.4466666666666666,0.23277777777777775,270.88666666666666,0.4266666666666667,0.20222222222222222,268.11333333333334,0.4266666666666667,0.22666666666666668,265.776,1.0,0.61,500.0,0.6113081166272656,0.43,0.2209722222222222
B_ce,34,0.8936170212765958,0.6122931442080378,470.57683215130027,0.21,0.22666666666666668,180.54,0.22999999999999998,0.2388888888888889,186.91666666666666,0.13999999999999999,0.19777777777777777,143.92999999999998,0.12666666666666668,0.15999999999999998,128.21333333333334,0.15733333333333335,0.22000000000000003,155.452,0.8866666666666667,0.6138888888888889,473.8766666666667,0.6122931442080378,0.17666666666666667,0.2058333333333333
B_ce,35,0.933806146572104,0.7202521670606775,483.49645390070924,0.45,0.17777777777777778,263.75333333333333,0.5166666666666666,0.19555555555555554,289.92,0.5033333333333333,0.1877777777777778,282.1366666666667,0.45999999999999996,0.17111111111111113,262.8333333333333,0.49066666666666664,0.186,279.476,0.9433333333333334,0.7411111111111109,488.69,0.7202521670606775,0.48249999999999993,0.18305555555555555
B_ce,36,0.9869976359338061,0.7161150512214342,495.26122931442075,0.25333333333333335,0.3,171.24333333333334,0.25666666666666665,0.29444444444444445,174.6833333333333,0.25666666666666665,0.28888888888888886,171.67,0.2733333333333333,0.25333333333333335,175.81333333333336,0.24266666666666667,0.29288888888888887,168.22400000000002,1.0,0.7166666666666667,500.0,0.7161150512214342,0.26,0.2841666666666667
B_ce,37,0.6619385342789599,0.4613869188337273,438.99881796690306,0.44333333333333336,0.16166666666666668,308.18333333333334,0.36333333333333334,0.14166666666666666,285.41,0.35333333333333333,0.14055555555555557,269.3333333333333,0.18000000000000002,0.08,187.72,0.35200000000000004,0.14422222222222222,278.0706666666667,0.6633333333333333,0.44555555555555554,435.4633333333333,0.4613869188337273,0.33499999999999996,0.1309722222222222
B_ce,38,0.693853427895981,0.2387706855791962,436.19976359338057,0.016666666666666666,0.013333333333333334,98.17,0.02,0.02333333333333333,103.15666666666668,0.02,0.02333333333333333,95.64,0.0,0.008888888888888889,96.00666666666666,0.012000000000000002,0.012888888888888889,98.60666666666667,0.7033333333333333,0.2383333333333333,435.26666666666665,0.2387706855791962,0.014166666666666668,0.017222222222222222
B_ce,39,0.6950354609929077,0.44779353821907014,428.42316784869973,0.5133333333333333,0.27666666666666667,326.71999999999997,0.5233333333333333,0.28055555555555556,334.25,0.5333333333333333,0.27999999999999997,328.7366666666667,0.49333333333333335,0.28111111111111114,305.3866666666667,0.508,0.2793333333333333,323.312,0.6866666666666666,0.44055555555555553,427.49,0.44779353821907014,0.5158333333333333,0.27958333333333335
B_ce,40,0.8947990543735225,0.5685579196217494,472.55791962174936,0.16666666666666666,0.26833333333333337,167.41,0.17,0.26,170.92333333333332,0.14333333333333334,0.2522222222222222,145.50333333333333,0.22,0.23555555555555557,170.21333333333334,0.156,0.2608888888888889,159.116,0.8966666666666666,0.5416666666666666,474.9766666666667,0.5685579196217494,0.175,0.25402777777777774
B_ce,41,0.6264775413711584,0.4127265563435776,381.7860520094562,0.14666666666666667,0.21666666666666667,194.16333333333333,0.21666666666666667,0.23500000000000001,220.39,0.18666666666666668,0.20277777777777778,199.89666666666665,0.2333333333333333,0.17222222222222222,199.92666666666665,0.168,0.21533333333333335,199.23066666666668,0.6366666666666667,0.4111111111111111,383.43,0.4127265563435776,0.19583333333333333,0.20666666666666667
B_ce,42,0.983451536643026,0.6227344365642239,496.0780141843972,0.5133333333333333,0.45555555555555555,297.98333333333335,0.4666666666666666,0.44333333333333336,277.2633333333333,0.5233333333333333,0.4361111111111111,297.82666666666665,0.4466666666666667,0.35444444444444445,265.24666666666667,0.5053333333333333,0.45133333333333325,294.12666666666667,0.9933333333333333,0.6244444444444445,498.3733333333333,0.6227344365642239,0.48750000000000004,0.4223611111111111
B_ce,43,0.9858156028368795,0.6814420803782506,496.13829787234044,0.39999999999999997,0.37666666666666665,243.28333333333333,0.4466666666666666,0.39555555555555555,264.19,0.42,0.3711111111111111,248.35666666666665,0.32,0.31111111111111106,201.71333333333337,0.40399999999999997,0.3737777777777777,245.34,0.9966666666666667,0.6877777777777777,499.07666666666665,0.6814420803782506,0.39666666666666667,0.3636111111111111
B_ce,44,0.9905437352245864,0.737785657998424,495.88534278959816,0.13333333333333333,0.20777777777777776,120.71666666666665,0.17,0.2111111111111111,136.48333333333332,0.16333333333333333,0.17111111111111113,129.98666666666665,0.16,0.13333333333333333,125.26666666666667,0.15066666666666667,0.1928888888888889,127.87600000000002,1.0,0.7311111111111112,500.0,0.737785657998424,0.15666666666666668,0.18083333333333332
B_ce,45,0.9834515366430261,0.6446020488573679,494.67730496453896,0.29,0.18555555555555556,187.6966666666667,0.29333333333333333,0.20111111111111113,191.66,0.25333333333333335,0.19,171.47333333333333,0.21333333333333335,0.1877777777777778,153.29999999999998,0.296,0.19066666666666665,191.19333333333336,0.9966666666666667,0.6388888888888888,499.99,0.6446020488573679,0.2625,0.19111111111111112
B_ce,46,0.9917257683215128,0.5634357762017336,496.77186761229314,0.27666666666666667,0.25333333333333335,194.20333333333335,0.25666666666666665,0.24833333333333338,189.97666666666666,0.2733333333333334,0.22722222222222224,188.60666666666668,0.35333333333333333,0.21333333333333335,220.91333333333333,0.2773333333333333,0.25022222222222223,192.456,1.0,0.5577777777777777,500.0,0.5634357762017336,0.29,0.23555555555555557
B_ce,47,0.9881796690307327,0.7722616233254531,496.1666666666667,0.5433333333333333,0.3594444444444444,313.09333333333336,0.5633333333333334,0.35944444444444446,320.33666666666664,0.52,0.31,298.2966666666666,0.4533333333333333,0.25555555555555554,264.0733333333333,0.5306666666666667,0.33666666666666667,306.7746666666667,1.0,0.7783333333333332,500.0,0.7722616233254531,0.52,0.3211111111111111
B_ce,48,0.9822695035460994,0.46315996847911745,495.3829787234042,0.73,0.24388888888888888,393.3966666666667,0.7333333333333334,0.23944444444444446,392.31666666666666,0.6966666666666667,0.2461111111111111,374.31666666666666,0.5466666666666667,0.22777777777777777,309.8733333333334,0.7519999999999999,0.2535555555555556,399.2626666666667,0.9966666666666667,0.4633333333333333,498.6233333333333,0.46315996847911745,0.6766666666666667,0.23930555555555555
B_ce,49,0.9728132387706857,0.5271867612293144,494.08037825059097,0.3066666666666667,0.14666666666666664,198.23666666666668,0.36333333333333334,0.15166666666666667,222.84333333333333,0.3466666666666667,0.1311111111111111,212.4466666666667,0.34,0.12222222222222222,219.08,0.33866666666666667,0.1451111111111111,211.912,0.9933333333333333,0.5444444444444444,499.01,0.5271867612293144,0.33916666666666667,0.13791666666666666
B_ce,50,0.9349881796690308,0.7803388494877856,482.69385342789593,0.09666666666666666,0.1711111111111111,104.67,0.09999999999999999,0.17111111111111113,105.8,0.12,0.14555555555555555,112.45,0.14666666666666667,0.10222222222222223,120.82000000000001,0.10266666666666667,0.16399999999999998,107.51066666666667,0.9566666666666667,0.793888888888889,489.4166666666667,0.7803388494877856,0.11583333333333333,0.1475
B_ce,51,0.9775413711583925,0.6408589440504333,494.628841607565,0.18666666666666668,0.13777777777777778,156.50333333333333,0.19999999999999998,0.1433333333333333,161.92333333333332,0.18666666666666668,0.11555555555555556,152.9466666666667,0.11333333333333334,0.06222222222222223,117.44666666666666,0.19333333333333336,0.13066666666666668,158.95466666666667,0.9966666666666667,0.6394444444444444,499.0733333333333,0.6408589440504333,0.1716666666666667,0.11472222222222223
B_ce,52,0.9905437352245863,0.6895193065405831,495.86406619385343,0.01,0.13722222222222225,65.95333333333333,0.04,0.1388888888888889,79.81333333333333,0.03,0.14277777777777778,72.49666666666667,0.03333333333333333,0.11777777777777779,69.86666666666666,0.025333333333333333,0.1331111111111111,73.14533333333333,1.0,0.6944444444444444,500.0,0.6895193065405831,0.028333333333333335,0.13416666666666668
B_ce,53,0.9893617021276596,0.6591804570527974,495.6548463356974,0.04666666666666667,0.1,84.07000000000001,0.06666666666666667,0.10333333333333335,94.2,0.06333333333333334,0.0988888888888889,87.60000000000001,0.04666666666666666,0.06666666666666667,78.34666666666666,0.047999999999999994,0.09822222222222222,84.12400000000001,1.0,0.6605555555555556,500.0,0.6591804570527974,0.05583333333333334,0.09222222222222223
B_ce,54,0.9858156028368795,0.720449172576832,495.69739952718675,0.25666666666666665,0.21388888888888888,180.28,0.18666666666666668,0.18277777777777776,156.91,0.22,0.1761111111111111,160.69,0.2866666666666667,0.16666666666666666,188.64666666666665,0.24533333333333332,0.19799999999999998,175.624,0.9966666666666667,0.7144444444444443,499.8533333333333,0.720449172576832,0.2375,0.1848611111111111
B_ce,55,0.9893617021276594,0.6111111111111112,496.5224586288416,0.33666666666666667,0.20222222222222222,223.24666666666667,0.3933333333333333,0.2366666666666667,246.8133333333333,0.3566666666666667,0.20944444444444443,226.15,0.3333333333333333,0.20777777777777778,211.35333333333335,0.336,0.2071111111111111,221.89066666666665,1.0,0.6255555555555555,500.0,0.6111111111111112,0.355,0.21402777777777776
B_ce,56,0.9728132387706857,0.6534672970843183,494.6997635933806,0.060000000000000005,0.20833333333333334,109.54333333333334,0.09666666666666666,0.22277777777777777,129.64333333333335,0.07666666666666666,0.19722222222222222,108.29333333333334,0.16666666666666666,0.18333333333333332,145.47333333333333,0.07733333333333332,0.21888888888888888,114.20533333333333,0.9833333333333334,0.64,498.83,0.6534672970843183,0.1,0.20291666666666666
B_ce,57,0.9326241134751774,0.7100078802206461,469.3416075650118,0.0,0.3544444444444444,54.61333333333334,0.0,0.37222222222222223,54.13999999999999,0.0,0.34888888888888886,52.94333333333333,0.0,0.2866666666666667,48.54,0.0,0.3622222222222223,54.96666666666667,0.9533333333333335,0.6966666666666667,479.45,0.7100078802206461,0.0,0.3405555555555555
B_ce,58,0.9810874704491725,0.737391646966115,493.3936170212766,0.006666666666666667,0.2644444444444444,67.91333333333334,0.05333333333333334,0.2788888888888889,89.63,0.023333333333333334,0.2733333333333333,73.81,0.04666666666666667,0.23777777777777773,78.9,0.023999999999999997,0.26955555555555555,76.13333333333334,0.9933333333333333,0.7516666666666666,497.53,0.737391646966115,0.0325,0.2636111111111111
B_ce,59,0.9834515366430261,0.5403861308116628,495.42080378250586,0.21333333333333335,0.14500000000000002,160.75,0.22,0.15944444444444444,164.33,0.26999999999999996,0.16944444444444445,180.96,0.27999999999999997,0.15888888888888889,183.53333333333333,0.24133333333333337,0.16,172.17999999999998,1.0,0.5327777777777778,500.0,0.5403861308116628,0.24583333333333335,0.15819444444444444
B_ce,60,0.9763593380614656,0.7169030732860521,494.42316784869973,0.5733333333333334,0.4322222222222222,314.46,0.6,0.4477777777777778,325.52333333333337,0.57,0.42000000000000004,312.44666666666666,0.5133333333333333,0.38222222222222224,287.0466666666667,0.5866666666666667,0.42533333333333334,321.35200000000003,0.9933333333333333,0.73,499.90000000000003,0.7169030732860521,0.5641666666666666,0.4205555555555555
B_ce,61,0.9846335697399526,0.8043735224586288,495.7352245862883,0.56,0.48111111111111116,318.69666666666666,0.5566666666666666,0.49666666666666665,318.13333333333327,0.5566666666666666,0.4494444444444444,313.23333333333335,0.44,0.35333333333333333,258.70666666666665,0.5626666666666668,0.48111111111111116,318.08933333333334,1.0,0.8005555555555556,500.0,0.8043735224586288,0.5283333333333333,0.4451388888888889
B_ce,62,0.9609929078014184,0.6412529550827423,492.5070921985816,0.7733333333333334,0.2922222222222222,412.5933333333333,0.8033333333333333,0.29500000000000004,432.3500000000001,0.7666666666666667,0.25722222222222224,412.90333333333336,0.6533333333333333,0.2,359.6466666666667,0.7893333333333333,0.27822222222222226,424.31733333333335,0.9733333333333333,0.6472222222222223,495.3866666666667,0.6412529550827423,0.7491666666666666,0.2611111111111111
B_ce,63,0.8238770685579196,0.4921197793538218,473.13356973995275,0.42,0.21555555555555556,264.88,0.4333333333333333,0.20888888888888885,266.72999999999996,0.35000000000000003,0.15555555555555556,229.99,0.24666666666666667,0.09444444444444443,180.11999999999998,0.41733333333333333,0.192,261.23466666666667,0.85,0.4911111111111111,481.42,0.4921197793538218,0.3625,0.1686111111111111
B_ce,64,0.9822695035460992,0.8024034672970842,493.3262411347517,0.0,0.3466666666666667,58.00333333333333,0.0033333333333333335,0.3433333333333334,61.71,0.0,0.30888888888888894,56.31999999999999,0.0,0.2,52.75333333333334,0.0013333333333333333,0.332,59.54533333333333,1.0,0.8,500.0,0.8024034672970842,0.0008333333333333334,0.2997222222222222
B_ce,65,0.9515366430260047,0.5921985815602836,489.6867612293144,0.29,0.2750000000000001,193.67333333333332,0.29333333333333333,0.2861111111111111,195.32333333333335,0.2833333333333333,0.28111111111111114,187.28666666666666,0.27999999999999997,0.2644444444444444,183.39333333333332,0.2826666666666667,0.27755555555555556,190.952,0.9700000000000001,0.5972222222222222,493.5233333333333,0.5921985815602836,0.2866666666666666,0.27666666666666667
B_ce,66,0.9846335697399526,0.6284475965327029,494.4444444444445,0.25333333333333335,0.18833333333333332,176.04666666666665,0.22,0.17055555555555557,164.25666666666666,0.22666666666666668,0.1511111111111111,162.58333333333334,0.28,0.11333333333333334,183.4333333333333,0.23600000000000002,0.16111111111111112,170.15333333333334,0.9966666666666667,0.6311111111111112,498.97333333333336,0.6284475965327029,0.24500000000000002,0.15583333333333332
B_ce,67,0.9231678486997635,0.7405437352245862,482.2139479905438,0.03,0.1572222222222222,113.18333333333334,0.0033333333333333335,0.13499999999999998,104.94333333333334,0.01,0.13277777777777777,96.33999999999999,0.02,0.11444444444444445,80.22666666666667,0.01333333333333333,0.14155555555555555,102.416,0.9366666666666666,0.7516666666666666,488.3766666666667,0.7405437352245862,0.015833333333333335,0.1348611111111111
B_ce,68,0.975177304964539,0.7354215918045705,490.38652482269504,0.11,0.16722222222222224,108.62,0.13,0.155,118.52333333333333,0.15,0.12666666666666668,123.78666666666668,0.17333333333333334,0.08555555555555557,131.87333333333333,0.13599999999999998,0.14888888888888888,120.71333333333332,1.0,0.7411111111111112,500.0,0.7354215918045705,0.14083333333333334,0.13361111111111112
B_ce,69,0.9598108747044917,0.6893223010244286,490.3782505910165,0.29000000000000004,0.27944444444444444,198.7733333333333,0.27666666666666667,0.26833333333333337,195.33333333333334,0.18666666666666668,0.2016666666666667,154.45000000000002,0.16,0.15444444444444444,136.64666666666668,0.23866666666666667,0.2382222222222222,178.95066666666665,0.98,0.6988888888888889,496.34999999999997,0.6893223010244286,0.22833333333333333,0.22597222222222224
B_ce,70,0.8794326241134751,0.6473601260835303,481.50945626477545,0.6633333333333333,0.35611111111111116,379.3733333333333,0.6766666666666667,0.3638888888888889,386.3566666666666,0.6866666666666666,0.3522222222222222,381.82666666666665,0.5866666666666667,0.3322222222222222,337.85999999999996,0.6853333333333333,0.3586666666666667,385.3053333333333,0.8533333333333334,0.6494444444444444,477.83,0.6473601260835303,0.6533333333333333,0.3511111111111111
B_ce,71,0.9598108747044917,0.6883372734436564,493.1122931442081,0.6366666666666667,0.4644444444444445,348.9066666666667,0.6633333333333333,0.46499999999999997,362.7166666666667,0.6133333333333333,0.4288888888888889,341.51,0.56,0.3588888888888889,321.7133333333333,0.6186666666666666,0.44599999999999995,344.37466666666666,0.9733333333333333,0.6999999999999998,497.14000000000004,0.6883372734436564,0.6183333333333334,0.4293055555555556
B_ce,72,0.9905437352245863,0.5740740740740741,496.9078014184397,0.7999999999999999,0.32833333333333337,420.30333333333334,0.82,0.35611111111111116,426.90000000000003,0.8033333333333333,0.3472222222222222,419.97666666666663,0.7666666666666666,0.35,402.1666666666667,0.8119999999999999,0.3362222222222222,423.90933333333334,1.0,0.5900000000000001,500.0,0.5740740740740741,0.7975,0.3454166666666667
B_ce,73,0.9822695035460992,0.7515760441292356,495.8900709219858,0.45999999999999996,0.3772222222222222,269.53333333333336,0.42333333333333334,0.3761111111111112,257.25333333333333,0.48,0.3633333333333333,275.6566666666667,0.5066666666666667,0.32999999999999996,288.14666666666665,0.4653333333333333,0.37777777777777777,273.23333333333335,0.9933333333333333,0.7588888888888888,499.9666666666667,0.7515760441292356,0.4675,0.3616666666666667
B_ce,74,0.8427895981087471,0.6812450748620961,472.89125295508273,0.13,0.2905555555555556,146.66,0.12333333333333334,0.2755555555555555,143.57,0.12333333333333334,0.2911111111111111,131.86666666666665,0.06,0.2644444444444445,99.02,0.13333333333333333,0.2877777777777778,141.02533333333335,0.82,0.6661111111111112,470.3233333333333,0.6812450748620961,0.10916666666666668,0.28041666666666665
B_ce,75,0.9881796690307328,0.4968479117415287,495.75768321513004,0.06333333333333334,0.12000000000000002,90.08666666666666,0.09333333333333334,0.12777777777777777,103.42999999999999,0.09999999999999999,0.10777777777777776,103.67,0.18000000000000002,0.10444444444444445,135.07333333333335,0.09333333333333334,0.11688888888888889,103.63466666666666,0.9966666666666667,0.5155555555555555,499.8833333333334,0.4968479117415287,0.10916666666666666,0.115
B_ce,76,0.9869976359338061,0.4832545311268715,497.372340425532,0.4366666666666667,0.2588888888888889,262.53000000000003,0.5333333333333333,0.285,302.63,0.52,0.26611111111111113,293.29,0.6333333333333334,0.26555555555555554,341.48,0.49333333333333335,0.2677777777777778,285.42133333333334,0.9966666666666667,0.49666666666666676,498.34,0.4832545311268715,0.5308333333333334,0.2688888888888889
B_ce,77,0.9869976359338061,0.6396769109535066,495.2931442080378,0.13333333333333333,0.2822222222222222,125.43333333333334,0.16,0.28333333333333327,139.54333333333332,0.16,0.26333333333333336,132.10666666666665,0.2133333333333333,0.24222222222222226,153.93333333333334,0.17066666666666666,0.2853333333333333,140.67466666666667,1.0,0.6477777777777778,500.0,0.6396769109535066,0.16666666666666666,0.2677777777777778
B_ce,78,0.859338061465721,0.774034672970843,473.73640661938543,0.39333333333333337,0.31277777777777777,279.93,0.36000000000000004,0.3266666666666667,261.8966666666667,0.32,0.2916666666666667,242.15,0.25333333333333335,0.23777777777777778,199.37333333333333,0.32666666666666666,0.29333333333333333,249.06000000000003,0.8766666666666666,0.7588888888888888,481.64000000000004,0.774034672970843,0.3316666666666667,0.29222222222222227
B_ce,79,0.983451536643026,0.6958234830575256,493.3735224586289,0.13999999999999999,0.16555555555555554,121.24333333333334,0.13,0.17833333333333332,117.41000000000001,0.15666666666666665,0.1661111111111111,126.00666666666666,0.18000000000000002,0.16111111111111112,133.52666666666667,0.14266666666666666,0.16822222222222222,123.488,1.0,0.7061111111111111,500.0,0.6958234830575256,0.15166666666666667,0.16777777777777778
B_ce,80,0.9302600472813239,0.6189913317572893,482.596926713948,0.5733333333333334,0.35,345.2966666666667,0.5566666666666666,0.34777777777777785,340.98333333333335,0.49,0.2866666666666667,304.76666666666665,0.35333333333333333,0.21,241.54666666666665,0.5613333333333334,0.33577777777777784,340.1666666666667,0.9466666666666667,0.6261111111111111,487.19,0.6189913317572893,0.4933333333333333,0.2986111111111111
B_ce,81,0.9905437352245862,0.7470449172576831,496.10047281323887,0.42333333333333334,0.4444444444444444,255.67333333333332,0.44,0.4488888888888889,261.9433333333333,0.44333333333333336,0.38,261.2833333333333,0.4266666666666667,0.2577777777777778,251.17333333333332,0.43333333333333335,0.42844444444444446,258.75866666666667,1.0,0.745,500.0,0.7470449172576831,0.43333333333333335,0.3827777777777778
B_ce,82,0.9645390070921986,0.7433018124507486,483.93380614657207,0.0,0.06777777777777778,54.67666666666667,0.0,0.06777777777777777,54.28333333333333,0.0,0.04777777777777778,52.98333333333333,0.0,0.02,48.580000000000005,0.0,0.05644444444444444,55.041333333333334,0.9866666666666667,0.7494444444444445,494.08,0.7433018124507486,0.0,0.05083333333333333
B_ce,83,0.9302600472813238,0.6806540583136327,483.6820330969267,0.27666666666666667,0.3744444444444444,187.21,0.2866666666666667,0.39,190.88333333333333,0.2833333333333333,0.37888888888888894,186.96333333333334,0.2733333333333333,0.3155555555555556,179.38,0.284,0.3871111111111111,190.08933333333334,0.9500000000000001,0.6833333333333333,488.87999999999994,0.6806540583136327,0.28,0.3647222222222223
B_ce,84,0.9598108747044917,0.817966903073286,491.01182033096933,0.2733333333333334,0.3538888888888888,197.70333333333335,0.2833333333333333,0.34611111111111115,206.72000000000003,0.24,0.315,181.87666666666667,0.20666666666666667,0.2177777777777778,166.01333333333335,0.24133333333333332,0.3328888888888889,186.14,0.9733333333333333,0.831111111111111,496.08,0.817966903073286,0.25083333333333335,0.30819444444444444
B_ce,85,0.9917257683215128,0.5334909377462568,496.4728132387707,0.16666666666666666,0.1911111111111111,139.32333333333332,0.22999999999999998,0.20388888888888887,168.3033333333333,0.18666666666666668,0.16888888888888887,143.57000000000002,0.20000000000000004,0.13777777777777778,146.83333333333334,0.19333333333333333,0.18355555555555556,150.43866666666668,1.0,0.5294444444444444,500.0,0.5334909377462568,0.19583333333333333,0.17541666666666667
B_ce,86,0.9881796690307327,0.6637115839243499,496.54255319148933,0.5466666666666667,0.36111111111111116,305.68666666666667,0.5566666666666666,0.3655555555555555,310.4033333333333,0.5166666666666667,0.3522222222222222,292.20666666666665,0.4666666666666666,0.3277777777777778,269.64000000000004,0.5426666666666667,0.35533333333333333,305.2906666666667,1.0,0.6555555555555556,500.0,0.6637115839243499,0.5216666666666667,0.3516666666666666
B_ce,87,0.9692671394799054,0.5350669818754925,486.3924349881797,0.0,0.08222222222222224,56.22666666666667,0.0033333333333333335,0.07111111111111112,58.946666666666665,0.0,0.05555555555555555,54.50666666666666,0.0,0.04,55.73333333333333,0.0013333333333333333,0.06266666666666666,57.51333333333333,0.9899999999999999,0.5511111111111111,495.5933333333334,0.5350669818754925,0.0008333333333333334,0.062222222222222234
B_ce,88,0.9858156028368795,0.7436958234830575,494.4609929078014,0.20333333333333337,0.3333333333333333,153.85999999999999,0.17666666666666667,0.33111111111111113,143.31,0.20333333333333337,0.3277777777777778,149.60666666666665,0.24000000000000002,0.3355555555555556,163.68,0.19600000000000004,0.3277777777777778,149.43466666666666,0.9933333333333333,0.7338888888888889,499.92333333333335,0.7436958234830575,0.20583333333333334,0.33194444444444443
B_ce,89,0.8191489361702127,0.5399921197793538,470.5449172576832,0.08,0.07666666666666667,137.68666666666667,0.09333333333333334,0.06277777777777778,143.66666666666666,0.09333333333333334,0.07555555555555557,134.47333333333333,0.14666666666666667,0.08222222222222222,141.38,0.09066666666666667,0.07266666666666667,139.95866666666666,0.8366666666666666,0.5577777777777778,474.97,0.5399921197793538,0.10333333333333333,0.07430555555555557
B_ce,90,0.8014184397163119,0.45823483057525605,466.93617021276594,0.22,0.05444444444444444,249.16333333333333,0.21,0.05388888888888889,266.63666666666666,0.14333333333333334,0.04,202.3066666666667,0.18000000000000002,0.05444444444444444,193.1,0.18533333333333335,0.048,237.65599999999998,0.7999999999999999,0.43611111111111117,470.2733333333333,0.45823483057525605,0.18833333333333335,0.050694444444444445
B_ce,91,0.9739952718676124,0.6987785657998424,489.096926713948,0.0,0.27555555555555555,56.06666666666666,0.0,0.2877777777777778,56.330000000000005,0.0,0.25444444444444453,54.276666666666664,0.0,0.18444444444444444,50.46,0.0,0.2742222222222222,56.58266666666666,1.0,0.7083333333333334,500.0,0.6987785657998424,0.0,0.2505555555555556
B_ce,92,0.9858156028368795,0.6757289204097714,494.4101654846336,0.02,0.04499999999999999,70.71,0.01,0.04222222222222222,68.01,0.013333333333333334,0.03777777777777778,65.12333333333333,0.04666666666666667,0.04555555555555555,78.04666666666667,0.014666666666666666,0.04399999999999999,69.26133333333333,1.0,0.6744444444444444,500.0,0.6757289204097714,0.0225,0.04263888888888888
B_ce,93,0.983451536643026,0.7911741528762806,494.08510638297867,0.07333333333333333,0.3016666666666667,98.41333333333334,0.07,0.31722222222222224,97.51333333333334,0.04666666666666667,0.3,82.71333333333334,0.05333333333333334,0.26888888888888884,81.05333333333333,0.06266666666666666,0.29888888888888887,93.48133333333334,0.9966666666666667,0.7994444444444444,498.9433333333333,0.7911741528762806,0.060833333333333336,0.29694444444444446
B_ce,94,0.9881796690307328,0.512214342001576,495.1985815602837,0.18000000000000002,0.25333333333333335,141.11666666666667,0.15666666666666668,0.24000000000000005,131.98,0.19333333333333333,0.22666666666666663,143.86666666666667,0.18000000000000002,0.19333333333333336,137.16,0.18933333333333333,0.2448888888888889,145.22799999999998,1.0,0.5116666666666667,500.0,0.512214342001576,0.17750000000000002,0.22833333333333333
B_ce,95,0.9869976359338061,0.7651694247438928,494.2789598108747,0.0,0.13999999999999999,56.906666666666666,0.0,0.14222222222222222,57.95666666666667,0.0,0.12666666666666668,55.336666666666666,0.006666666666666667,0.09333333333333334,54.72666666666667,0.0,0.1288888888888889,57.614666666666665,1.0,0.7511111111111112,500.0,0.7651694247438928,0.0016666666666666668,0.12555555555555556
B_ce,96,0.9787234042553191,0.6030338849487785,491.258865248227,0.0,0.20888888888888885,55.54333333333333,0.0,0.2288888888888889,55.620000000000005,0.0,0.20444444444444443,53.71,0.0,0.2111111111111111,49.54,0.0,0.21555555555555556,55.97466666666667,1.0,0.6188888888888888,500.0,0.6030338849487785,0.0,0.21333333333333332
B_ce,97,0.8841607565011821,0.6875492513790386,446.66193853427893,0.0,0.09777777777777778,54.50666666666667,0.0,0.1138888888888889,54.00666666666666,0.0,0.10500000000000001,52.88999999999999,0.0,0.09333333333333334,48.48,0.0,0.10111111111111112,54.88666666666666,0.9,0.6866666666666668,453.54333333333335,0.6875492513790386,0.0,0.1025
B_ce,98,0.6205673758865248,0.6266745468873127,427.3356973995272,0.18333333333333335,0.23055555555555557,187.78666666666666,0.17666666666666667,0.25166666666666665,183.39333333333335,0.09333333333333334,0.22999999999999998,148.38333333333333,0.10000000000000002,0.22333333333333333,140.96666666666667,0.144,0.22888888888888886,171.50266666666667,0.6166666666666667,0.6444444444444445,432.31,0.6266745468873127,0.13833333333333334,0.23388888888888887
B_ce,99,0.983451536643026,0.7490149724192278,494.5851063829787,0.2733333333333333,0.22333333333333333,182.65,0.2866666666666667,0.23222222222222222,188.93666666666664,0.2733333333333333,0.19777777777777777,180.46333333333334,0.24,0.1333333333333333,163.74,0.2813333333333333,0.22111111111111112,186.53066666666666,1.0,0.7466666666666667,500.0,0.7490149724192278,0.2683333333333333,0.19666666666666666
B_ce,100,0.9562647754137116,0.677304964539007,489.07210401891257,0.39666666666666667,0.25722222222222224,255.07666666666668,0.35333333333333333,0.25333333333333335,239.47000000000003,0.39999999999999997,0.25277777777777777,250.75666666666666,0.3333333333333333,0.20111111111111113,217.25333333333333,0.38133333333333336,0.2504444444444444,248.22000000000003,0.9666666666666667,0.6699999999999999,491.5833333333333,0.677304964539007,0.3708333333333333,0.24111111111111114
B_mab,1,0.9669030732860519,0.6605594956658786,488.1158392434988,0.3333333333333333,0.1872222222222222,209.29333333333332,0.37666666666666665,0.20388888888888887,229.90333333333334,0.3333333333333333,0.18000000000000002,207.61666666666667,0.35333333333333333,0.19,218.88,0.35333333333333333,0.18888888888888888,217.72933333333333,0.9899999999999999,0.6544444444444445,498.1266666666667,0.6605594956658786,0.3491666666666666,0.19027777777777777
B_mab,2,0.6702127659574467,0.6217494089834515,433.45981087470454,0.5766666666666667,0.42055555555555557,379.4866666666667,0.5933333333333334,0.42555555555555563,383.73333333333335,0.49,0.3427777777777778,329.75,0.3133333333333333,0.23666666666666666,250.66,0.58,0.39555555555555555,373.64799999999997,0.6733333333333333,0.6288888888888888,436.34999999999997,0.6217494089834515,0.4933333333333333,0.3563888888888889
B_mab,3,0.9692671394799054,0.7939322301024428,493.98699763593385,0.5133333333333333,0.4766666666666666,333.2266666666667,0.4633333333333333,0.4588888888888889,325.45,0.46666666666666673,0.44388888888888894,322.52,0.45333333333333337,0.3944444444444444,296.58,0.48,0.462,332.3773333333333,0.98,0.7755555555555556,497.75333333333333,0.7939322301024428,0.4741666666666667,0.4434722222222222
B_mab,4,0.9905437352245863,0.8195429472025216,497.2340425531915,0.3499999999999999,0.24222222222222226,221.89666666666668,0.43,0.27999999999999997,257.2266666666667,0.45,0.26833333333333337,262.25666666666666,0.5666666666666668,0.3166666666666667,314.04,0.4000000000000001,0.2606666666666667,243.54399999999998,1.0,0.8316666666666667,500.0,0.8195429472025216,0.4491666666666667,0.2768055555555556
B_mab,5,0.9775413711583925,0.7651694247438928,496.0449172576832,0.6833333333333332,0.4705555555555556,372.16,0.7666666666666667,0.4866666666666667,404.3033333333333,0.7066666666666667,0.4444444444444444,377.07,0.56,0.37333333333333335,314.02666666666664,0.7346666666666667,0.46599999999999997,390.4533333333334,0.9966666666666667,0.7844444444444444,499.3433333333333,0.7651694247438928,0.6791666666666667,0.44375000000000003
B_mab,6,0.9846335697399526,0.7702915681639085,495.72931442080375,0.42,0.30777777777777776,257.86333333333334,0.42,0.3183333333333334,261.24333333333334,0.37666666666666665,0.29555555555555557,240.52999999999997,0.24666666666666667,0.2722222222222222,193.9333333333333,0.38666666666666666,0.30177777777777776,248.64666666666668,1.0,0.7833333333333333,500.0,0.7702915681639085,0.3658333333333333,0.29847222222222225
B_mab,7,0.9917257683215132,0.5526004728132388,497.1962174940898,0.6699999999999999,0.30166666666666664,363.70666666666665,0.6699999999999999,0.31055555555555553,363.6766666666667,0.65,0.30444444444444446,352.15333333333336,0.6533333333333333,0.3177777777777777,351.75333333333333,0.6533333333333333,0.3035555555555555,355.97866666666664,1.0,0.5422222222222223,500.0,0.5526004728132388,0.6608333333333333,0.3086111111111111
B_mab,8,0.8794326241134751,0.6926713947990544,487.86406619385343,0.19000000000000003,0.4172222222222222,149.97666666666666,0.20666666666666667,0.4244444444444444,166.19,0.17666666666666667,0.3977777777777778,143.4366666666667,0.12,0.32,119.17333333333333,0.18400000000000002,0.41,150.2653333333333,0.91,0.6988888888888889,494.99,0.6926713947990544,0.17333333333333334,0.3898611111111111
B_mab,9,0.9763593380614658,0.6615445232466509,494.77186761229314,0.47,0.26833333333333337,291.9433333333333,0.51,0.29111111111111115,315.58666666666664,0.39666666666666667,0.2316666666666667,274.42333333333335,0.3266666666666667,0.20333333333333337,235.12666666666667,0.44,0.2535555555555556,292.78933333333333,0.9933333333333333,0.6611111111111111,498.87999999999994,0.6615445232466509,0.42583333333333334,0.24861111111111114
B_mab,10,0.9385342789598109,0.669818754925138,491.2044917257683,0.27666666666666667,0.40055555555555555,186.12,0.30333333333333334,0.41,198.2266666666667,0.27,0.37888888888888894,178.89333333333335,0.2866666666666667,0.3022222222222222,186.00666666666666,0.28933333333333333,0.4075555555555555,189.73866666666666,0.9666666666666667,0.6683333333333334,497.8,0.669818754925138,0.2841666666666667,0.3729166666666666
B_mab,11,0.9219858156028368,0.6282505910165485,489.53546099290776,0.7366666666666667,0.5127777777777778,400.08666666666664,0.73,0.5083333333333333,395.3,0.6733333333333333,0.4766666666666666,377.1499999999999,0.56,0.3866666666666667,333.48,0.7266666666666667,0.5062222222222222,401.94533333333334,0.9466666666666667,0.6322222222222221,493.6266666666667,0.6282505910165485,0.675,0.4711111111111111
B_mab,12,0.9858156028368793,0.5563435776201734,494.6548463356974,0.0,0.17,56.583333333333336,0.01,0.1788888888888889,61.423333333333325,0.0,0.15222222222222223,54.74333333333333,0.0,0.13555555555555554,50.65333333333333,0.004,0.1631111111111111,58.83466666666667,1.0,0.5577777777777778,500.0,0.5563435776201734,0.0025,0.15916666666666668
B_mab,13,0.9822695035460994,0.7216312056737589,495.73522458628844,0.3,0.20222222222222222,193.76666666666668,0.2966666666666667,0.21500000000000002,195.04666666666665,0.2833333333333333,0.1688888888888889,185.23666666666668,0.2733333333333334,0.15222222222222223,179.00666666666666,0.312,0.1957777777777778,199.6626666666667,1.0,0.7394444444444445,500.0,0.7216312056737589,0.28833333333333333,0.18458333333333335
B_mab,14,0.9799054373522459,0.7515760441292356,494.8356973995272,0.3833333333333333,0.3372222222222222,239.12666666666667,0.36000000000000004,0.3616666666666667,231.59333333333333,0.36000000000000004,0.3638888888888889,225.67999999999998,0.31333333333333335,0.3311111111111111,200.95333333333335,0.3546666666666667,0.35222222222222227,227.68533333333335,0.9966666666666667,0.7705555555555555,498.93,0.7515760441292356,0.35416666666666674,0.34847222222222224
B_mab,15,0.607565011820331,0.7070527974783292,370.0118203309692,0.2733333333333334,0.19944444444444445,221.41,0.25,0.1872222222222222,213.76333333333332,0.18000000000000002,0.155,172.86,0.08,0.09222222222222223,119.28666666666668,0.23199999999999998,0.17844444444444443,198.57066666666665,0.6333333333333333,0.7194444444444444,377.03666666666663,0.7070527974783292,0.19583333333333336,0.1584722222222222
B_mab,16,0.9799054373522459,0.6879432624113475,494.7316784869976,0.4166666666666667,0.2866666666666667,257.32666666666665,0.38666666666666666,0.29111111111111115,250.89000000000001,0.35666666666666663,0.275,230.61333333333332,0.3133333333333333,0.2366666666666667,210.29999999999998,0.3826666666666667,0.2833333333333333,244.26266666666666,0.9833333333333334,0.6861111111111111,497.2033333333334,0.6879432624113475,0.3683333333333333,0.27236111111111116
B_mab,17,0.9775413711583925,0.6834121355397951,495.58747044917254,0.51,0.29500000000000004,293.0566666666667,0.5833333333333334,0.3244444444444444,326.92,0.48666666666666664,0.2822222222222222,284.42333333333335,0.4533333333333333,0.2733333333333334,265.76666666666665,0.5186666666666667,0.30533333333333335,298.88,0.9966666666666667,0.6833333333333332,499.69666666666666,0.6834121355397951,0.5083333333333333,0.29375
B_mab,18,0.9787234042553191,0.6790780141843972,495.5118203309692,0.4833333333333332,0.40166666666666667,278.6333333333334,0.5466666666666667,0.4216666666666667,307.58,0.5266666666666667,0.42055555555555557,294.3766666666666,0.5466666666666667,0.4011111111111111,302.74,0.49333333333333335,0.40066666666666667,283.4253333333333,0.9866666666666667,0.6894444444444444,498.58666666666664,0.6790780141843972,0.5258333333333334,0.41125
B_mab,19,0.9846335697399526,0.6704097714736013,493.0567375886524,0.0,0.06666666666666667,54.97,0.0,0.08999999999999998,54.873333333333335,0.0,0.08666666666666666,53.300000000000004,0.0,0.08666666666666667,49.02,0.0,0.07022222222222223,55.446666666666665,1.0,0.6805555555555556,500.0,0.6704097714736013,0.0,0.08249999999999999
B_mab,20,0.9361702127659574,0.6643026004728132,486.33687943262413,0.2833333333333333,0.24277777777777776,185.12333333333333,0.2866666666666667,0.24611111111111117,190.40666666666667,0.29333333333333333,0.22444444444444445,187.37666666666667,0.26666666666666666,0.16666666666666666,177.34,0.2866666666666667,0.23733333333333334,187.32000000000002,0.9633333333333334,0.6950000000000001,497.79333333333335,0.6643026004728132,0.28250000000000003,0.22
B_mab,21,0.9893617021276594,0.7029156816390858,496.0851063829787,0.33,0.16333333333333333,211.05000000000004,0.3566666666666667,0.18833333333333335,223.90666666666667,0.34,0.17722222222222225,212.42333333333332,0.36666666666666664,0.18333333333333332,223.32000000000002,0.3466666666666667,0.1702222222222222,218.06133333333332,1.0,0.6972222222222222,500.0,0.7029156816390858,0.3483333333333334,0.17805555555555558
B_mab,22,0.9751773049645389,0.7237982663514578,493.822695035461,0.52,0.3961111111111111,292.75333333333333,0.5733333333333334,0.42500000000000004,313.77333333333337,0.52,0.40166666666666667,291.26666666666665,0.43999999999999995,0.3466666666666667,256.1933333333333,0.5453333333333333,0.4084444444444445,303.3106666666667,0.9866666666666667,0.7372222222222223,497.32666666666665,0.7237982663514578,0.5133333333333333,0.3923611111111111
B_mab,23,0.8581560283687942,0.5849093774625689,436.52600472813236,0.07666666666666667,0.05722222222222222,93.93333333333334,0.09666666666666666,0.05277777777777778,101.89999999999999,0.05666666666666667,0.03611111111111111,81.82333333333334,0.07333333333333333,0.027777777777777776,84.24666666666667,0.06133333333333333,0.04488888888888889,86.36933333333333,0.87,0.5794444444444445,440.43333333333334,0.5849093774625689,0.07583333333333334,0.04347222222222222
B_mab,24,0.9491725768321514,0.5730890464933017,477.25768321513004,0.0,0.09111111111111111,54.57333333333333,0.0,0.10444444444444444,54.163333333333334,0.0,0.09444444444444444,52.946666666666665,0.0,0.10222222222222221,48.553333333333335,0.0,0.09466666666666668,54.955999999999996,0.9933333333333333,0.5755555555555556,496.92333333333335,0.5730890464933017,0.0,0.09805555555555555
B_mab,25,0.9609929078014184,0.7346335697399526,492.63356973995275,0.52,0.26,347.0833333333333,0.5533333333333333,0.24555555555555555,369.0833333333333,0.53,0.2311111111111111,349.6666666666667,0.5066666666666667,0.24,310.08,0.5133333333333333,0.23022222222222224,347.8786666666667,0.9700000000000001,0.7444444444444445,496.75666666666666,0.7346335697399526,0.5275,0.24416666666666664
B_mab,26,0.9822695035460992,0.6560283687943262,493.12411347517735,0.043333333333333335,0.0811111111111111,80.80999999999999,0.06666666666666667,0.08777777777777779,88.99000000000001,0.06666666666666667,0.08666666666666666,87.15333333333332,0.03333333333333333,0.08444444444444445,68.96666666666667,0.058666666666666666,0.08088888888888889,86.20400000000001,0.9933333333333333,0.6483333333333333,497.33,0.6560283687943262,0.0525,0.08499999999999999
B_mab,27,0.7683215130023641,0.5415681639085895,456.8108747044917,0.01,0.29944444444444446,95.52999999999999,0.02,0.30777777777777776,99.12666666666667,0.006666666666666667,0.25666666666666665,86.32,0.08,0.16666666666666669,112.58666666666666,0.018666666666666668,0.3008888888888889,96.81733333333334,0.7333333333333334,0.5311111111111111,457.8833333333334,0.5415681639085895,0.029166666666666667,0.2576388888888889
B_mab,28,0.9846335697399526,0.6682427107959023,495.90070921985824,0.38000000000000006,0.38,229.6966666666667,0.4266666666666667,0.4111111111111111,250.76,0.33666666666666667,0.3588888888888889,211.08,0.4266666666666666,0.3266666666666666,248.98,0.3826666666666667,0.38955555555555554,231.77466666666666,0.9966666666666667,0.6761111111111111,499.3933333333334,0.6682427107959023,0.3925,0.36916666666666664
B_mab,29,0.9787234042553191,0.7271473601260834,490.9184397163121,0.0,0.1388888888888889,57.53666666666667,0.0,0.12333333333333332,57.30666666666667,0.0,0.12888888888888891,55.166666666666664,0.013333333333333334,0.11333333333333333,56.96666666666666,0.0,0.12933333333333333,57.60666666666666,0.9966666666666667,0.74,498.45,0.7271473601260834,0.0033333333333333335,0.12611111111111112
B_mab,30,0.9787234042553191,0.5565405831363278,495.81205673758865,0.2633333333333333,0.15555555555555556,210.77666666666664,0.33666666666666667,0.1872222222222222,248.55666666666664,0.18666666666666668,0.14666666666666667,185.62666666666667,0.26666666666666666,0.18333333333333332,212.83333333333334,0.23466666666666666,0.1553333333333333,209.97733333333335,0.9833333333333334,0.5427777777777778,497.82666666666665,0.5565405831363278,0.2633333333333333,0.16819444444444442
B_mab,31,0.9775413711583925,0.7470449172576831,490.61111111111114,0.0,0.2633333333333333,57.919999999999995,0.0,0.26555555555555554,58.39000000000001,0.0,0.23333333333333334,56.06666666666666,0.0,0.17333333333333334,52.5,0.0,0.2551111111111111,58.648,0.9933333333333333,0.7633333333333333,497.34999999999997,0.7470449172576831,0.0,0.23388888888888887
B_mab,32,0.9278959810874703,0.7403467297084317,490.7553191489362,0.6633333333333334,0.4766666666666666,358.6233333333333,0.6666666666666666,0.4977777777777777,361.40000000000003,0.6900000000000001,0.4577777777777778,367.99333333333334,0.64,0.39,349.7,0.7066666666666667,0.4902222222222223,376.93333333333334,0.9666666666666667,0.7527777777777778,498.67,0.7403467297084317,0.665,0.4555555555555555
B_mab,33,0.9432624113475176,0.7141449960598896,490.75059101654847,0.5766666666666667,0.23777777777777773,328.16,0.5333333333333333,0.23666666666666666,315.96,0.53,0.23722222222222225,308.53,0.4000000000000001,0.17555555555555558,248.9666666666667,0.548,0.23466666666666666,318.82800000000003,0.96,0.7116666666666666,494.6066666666666,0.7141449960598896,0.51,0.22180555555555556
B_mab,34,0.9822695035460992,0.6769109535066983,492.5141843971631,0.11,0.20222222222222225,109.86,0.12666666666666668,0.25555555555555554,115.10666666666667,0.11333333333333334,0.2266666666666667,106.75333333333333,0.09999999999999999,0.2577777777777778,98.7,0.10933333333333334,0.21333333333333332,107.96,1.0,0.6866666666666666,500.0,0.6769109535066983,0.1125,0.23555555555555557
B_mab,35,0.9302600472813238,0.7921591804570528,488.6111111111111,0.24333333333333332,0.4161111111111111,232.67333333333332,0.25,0.43111111111111106,238.0333333333333,0.21,0.39000000000000007,200.38666666666666,0.16666666666666666,0.29111111111111115,165.61333333333334,0.216,0.41600000000000004,215.91066666666666,0.9366666666666666,0.7972222222222223,492.7266666666667,0.7921591804570528,0.21749999999999997,0.38208333333333333
B_mab,36,0.9905437352245864,0.5921985815602836,496.05437352245855,0.21666666666666667,0.09333333333333334,161.62666666666667,0.25666666666666665,0.11555555555555555,179.85666666666665,0.2233333333333333,0.11444444444444445,160.15666666666667,0.22,0.11333333333333334,156.29999999999998,0.212,0.09577777777777778,158.90533333333335,1.0,0.5855555555555555,500.0,0.5921985815602836,0.22916666666666666,0.10916666666666668
B_mab,37,0.9669030732860519,0.791765169424744,492.7765957446809,0.4533333333333333,0.5183333333333333,265.8933333333333,0.47333333333333333,0.5394444444444445,273.9766666666667,0.47333333333333333,0.4772222222222222,272.17333333333335,0.39333333333333337,0.3655555555555556,237.98,0.48266666666666663,0.5191111111111111,277.768,0.9733333333333333,0.8049999999999998,496.12999999999994,0.791765169424744,0.4483333333333333,0.47513888888888894
B_mab,38,0.9066193853427896,0.7563041765169425,480.58037825059097,0.5433333333333333,0.4461111111111111,348.72,0.5233333333333333,0.45499999999999996,343.62000000000006,0.4833333333333334,0.4344444444444444,314.81333333333333,0.41333333333333333,0.3844444444444444,277.43333333333334,0.528,0.4448888888888889,341.144,0.91,0.76,484.8633333333333,0.7563041765169425,0.49083333333333334,0.43
B_mab,39,0.9881796690307328,0.7078408195429472,496.7482269503546,0.6966666666666667,0.27555555555555555,373.97333333333336,0.7266666666666667,0.29277777777777775,386.28000000000003,0.7133333333333334,0.25833333333333336,377.8566666666666,0.64,0.2611111111111111,346.1066666666666,0.7053333333333334,0.26733333333333337,377.7426666666667,1.0,0.7055555555555556,500.0,0.7078408195429472,0.6941666666666667,0.27194444444444443
B_mab,40,0.8912529550827424,0.49054373522458633,479.6820330969267,0.06333333333333334,0.11666666666666667,126.20333333333332,0.07333333333333333,0.11555555555555555,125.00333333333334,0.06666666666666667,0.1288888888888889,118.05333333333334,0.09999999999999999,0.1311111111111111,119.21999999999998,0.064,0.12177777777777776,122.06666666666666,0.9033333333333333,0.4994444444444444,485.51,0.49054373522458633,0.07583333333333332,0.12305555555555556
B_mab,41,0.9574468085106385,0.6836091410559496,491.7553191489362,0.47,0.2783333333333333,276.1566666666667,0.5,0.28,289.57,0.37333333333333335,0.2066666666666667,235.11333333333334,0.2066666666666667,0.1366666666666667,166.03333333333333,0.4573333333333333,0.25577777777777777,271.5,0.9866666666666667,0.6849999999999999,498.9066666666667,0.6836091410559496,0.3875,0.22541666666666668
B_mab,42,0.9869976359338061,0.712568951930654,494.8238770685579,0.016666666666666666,0.175,68.19333333333334,0.006666666666666667,0.18222222222222223,66.19333333333333,0.013333333333333334,0.18666666666666668,64.44333333333333,0.02666666666666667,0.1788888888888889,66.21333333333332,0.010666666666666666,0.18177777777777773,65.99866666666667,1.0,0.7161111111111111,500.0,0.712568951930654,0.015833333333333335,0.18069444444444444
B_mab,43,0.8699763593380614,0.7153270291568162,469.51300236406615,0.0,0.09777777777777778,57.35,0.0,0.10111111111111112,57.34,0.0,0.09444444444444444,55.18666666666667,0.0,0.10666666666666669,50.81333333333333,0.0,0.09733333333333334,57.744,0.8966666666666666,0.7322222222222222,475.23,0.7153270291568162,0.0,0.1
B_mab,44,0.983451536643026,0.6388888888888888,493.7151300236407,0.3033333333333333,0.3866666666666667,199.75,0.32666666666666666,0.4000000000000001,207.61666666666667,0.30333333333333334,0.3766666666666667,196.03333333333333,0.2866666666666667,0.3366666666666666,184.14666666666668,0.308,0.3948888888888889,199.66133333333335,0.9966666666666667,0.6544444444444445,498.4766666666667,0.6388888888888888,0.305,0.37500000000000006
B_mab,45,0.983451536643026,0.6668636721828209,496.17730496453896,0.3933333333333333,0.30833333333333335,240.92,0.4433333333333333,0.33055555555555555,264.94,0.39666666666666667,0.2922222222222222,239.22666666666666,0.4533333333333333,0.27444444444444444,264.00666666666666,0.4159999999999999,0.30822222222222223,250.4333333333333,0.9833333333333334,0.6705555555555556,498.29333333333335,0.6668636721828209,0.4216666666666667,0.3013888888888889
B_mab,46,0.9278959810874704,0.7060677698975572,489.03191489361706,0.16,0.1411111111111111,129.71666666666667,0.16,0.13777777777777778,129.89333333333335,0.18000000000000002,0.1388888888888889,136.37333333333333,0.17333333333333334,0.09777777777777778,132.61333333333332,0.17333333333333334,0.14222222222222222,135.792,0.9533333333333333,0.7005555555555556,495.16,0.7060677698975572,0.16833333333333333,0.1288888888888889
B_mab,47,0.6749408983451537,0.5023640661938534,431.1843971631206,0.2966666666666667,0.2661111111111111,244.90333333333334,0.30666666666666664,0.25888888888888884,254.29,0.25333333333333335,0.21166666666666667,219.20000000000002,0.26,0.13222222222222224,210.78666666666666,0.2853333333333333,0.24777777777777774,239.388,0.6933333333333334,0.5011111111111112,434.1033333333333,0.5023640661938534,0.2791666666666667,0.2172222222222222
B_mab,48,0.9917257683215132,0.7265563435776201,497.2517730496454,0.49000000000000005,0.3877777777777777,286.7066666666667,0.5499999999999999,0.37444444444444436,315.66,0.5533333333333333,0.3005555555555556,309.63000000000005,0.5466666666666667,0.23222222222222225,305.64000000000004,0.5253333333333333,0.33666666666666667,302.47333333333336,1.0,0.7383333333333334,500.0,0.7265563435776201,0.535,0.32375000000000004
B_mab,49,0.660756501182033,0.594562647754137,392.24940898345153,0.48666666666666664,0.2972222222222222,295.0933333333333,0.49,0.2899999999999999,295.01,0.48,0.27944444444444444,290.09666666666664,0.38000000000000006,0.23666666666666666,244.39333333333335,0.48266666666666663,0.29,294.3546666666667,0.6699999999999999,0.59,393.39000000000004,0.594562647754137,0.45916666666666667,0.27583333333333326
B_mab,50,0.8002364066193852,0.5547675334909377,473.2919621749409,0.4666666666666666,0.4255555555555555,297.5966666666667,0.5,0.43277777777777776,310.57666666666665,0.5033333333333333,0.4111111111111111,300.1433333333334,0.5066666666666667,0.3544444444444444,299.88,0.5026666666666666,0.43288888888888893,306.06666666666666,0.7766666666666667,0.5455555555555556,474.93333333333334,0.5547675334909377,0.49416666666666664,0.4059722222222222
B_mab,51,0.8309692671394799,0.5681639085894405,477.0070921985816,0.41,0.1761111111111111,263.80333333333334,0.44333333333333336,0.1972222222222222,278.2733333333333,0.43,0.1877777777777778,264.28333333333336,0.39999999999999997,0.20777777777777778,250.98,0.4386666666666667,0.18711111111111112,273.48133333333334,0.8366666666666666,0.5755555555555556,479.73333333333335,0.5681639085894405,0.4208333333333333,0.19222222222222224
B_mab,52,0.9893617021276596,0.7710795902285265,495.8014184397163,0.23666666666666666,0.2711111111111112,167.07666666666668,0.2866666666666667,0.29500000000000004,189.34,0.21,0.2466666666666667,152.03,0.32,0.2644444444444445,197.73333333333335,0.228,0.2653333333333333,163.25199999999998,1.0,0.7733333333333334,500.0,0.7710795902285265,0.2633333333333333,0.2693055555555556
B_mab,53,0.6182033096926715,0.5090622537431048,384.93026004728137,0.01,0.1433333333333333,161.11333333333332,0.0033333333333333335,0.15222222222222223,158.05333333333334,0.0,0.1288888888888889,136.42666666666665,0.0,0.09111111111111111,101.88,0.0,0.1413333333333333,150.172,0.6166666666666666,0.5166666666666667,386.8733333333333,0.5090622537431048,0.0033333333333333335,0.1288888888888889
B_mab,54,0.9822695035460992,0.6893223010244285,492.5661938534279,0.016666666666666666,0.25777777777777783,67.77333333333333,0.049999999999999996,0.28111111111111114,82.28333333333333,0.03666666666666667,0.26611111111111113,74.40666666666668,0.06,0.26555555555555554,81.19333333333334,0.027999999999999997,0.2648888888888889,73.46266666666666,0.9966666666666667,0.69,498.45,0.6893223010244285,0.04083333333333333,0.2676388888888889
B_mab,55,0.9869976359338063,0.6834121355397952,496.6111111111111,0.6166666666666667,0.48111111111111116,342.40000000000003,0.68,0.5272222222222221,372.05,0.6233333333333333,0.48944444444444446,343.1766666666667,0.6266666666666667,0.46555555555555556,341.20666666666665,0.6146666666666666,0.48711111111111116,343.724,0.9933333333333333,0.6966666666666667,499.8566666666666,0.6834121355397952,0.6366666666666667,0.49083333333333334
B_mab,56,0.9621749408983452,0.6233254531126872,493.96217494089836,0.8433333333333333,0.4444444444444444,437.1966666666667,0.8700000000000001,0.45722222222222225,447.8966666666667,0.7666666666666666,0.39555555555555555,405.7766666666667,0.5733333333333334,0.29666666666666663,326.91333333333336,0.844,0.4384444444444444,437.67333333333335,0.98,0.6327777777777777,499.10666666666674,0.6233254531126872,0.7633333333333333,0.39847222222222217
B_mab,57,0.9775413711583925,0.6786840031520882,490.6702127659574,0.4033333333333333,0.2611111111111111,241.48333333333335,0.4166666666666667,0.2733333333333334,247.06333333333336,0.4266666666666667,0.24777777777777774,247.82000000000002,0.35333333333333333,0.17999999999999997,215.34,0.424,0.25866666666666666,249.10800000000003,1.0,0.6755555555555556,500.0,0.6786840031520882,0.4,0.24055555555555555
B_mab,58,0.983451536643026,0.644996059889677,493.00118203309694,0.07333333333333333,0.2511111111111111,91.87333333333333,0.06666666666666667,0.2477777777777778,90.27,0.043333333333333335,0.24555555555555555,77.68333333333334,0.06666666666666667,0.24000000000000005,83.53333333333333,0.05466666666666667,0.25333333333333335,85.08533333333334,1.0,0.6661111111111111,500.0,0.644996059889677,0.0625,0.2461111111111111
B_mab,59,0.8546099290780141,0.6648936170212766,477.06382978723406,0.04,0.26555555555555554,124.50333333333333,0.03333333333333333,0.27111111111111114,126.00666666666666,0.01,0.2511111111111111,109.11000000000001,0.02666666666666667,0.24666666666666665,104.10000000000001,0.036,0.2755555555555555,121.59866666666666,0.8333333333333334,0.6666666666666666,476.68666666666667,0.6648936170212766,0.0275,0.25861111111111107
B_mab,60,0.9763593380614658,0.6715918045705279,494.5531914893617,0.29333333333333333,0.10277777777777777,202.93666666666664,0.26,0.09444444444444444,192.61666666666667,0.25666666666666665,0.06888888888888889,183.92666666666665,0.17333333333333334,0.04666666666666667,146.95333333333335,0.26266666666666666,0.08022222222222222,188.96133333333333,0.9899999999999999,0.6755555555555556,497.6666666666667,0.6715918045705279,0.24583333333333335,0.07819444444444444
B_mab,61,0.9326241134751774,0.708234830575256,491.33924349881795,0.16666666666666666,0.22444444444444445,161.91333333333333,0.13,0.20888888888888887,155.85333333333332,0.13999999999999999,0.19444444444444448,161.6,0.11333333333333334,0.14222222222222222,147.60666666666665,0.128,0.2128888888888889,158.79600000000002,0.96,0.7144444444444444,497.04333333333335,0.708234830575256,0.1375,0.1925
B_mab,62,0.975177304964539,0.6184003152088258,494.9184397163121,0.10333333333333335,0.14333333333333334,108.29666666666667,0.13333333333333333,0.1577777777777778,128.62,0.09000000000000001,0.14055555555555557,106.00999999999999,0.10000000000000002,0.15555555555555556,128.36,0.09733333333333333,0.136,111.66399999999999,0.9833333333333334,0.6188888888888889,499.01,0.6184003152088258,0.10666666666666669,0.14930555555555555
B_mab,63,0.9137115839243499,0.6970055161544523,483.9763593380615,0.3233333333333333,0.3327777777777778,256.62333333333333,0.2833333333333333,0.3394444444444445,247.2166666666667,0.22333333333333336,0.2994444444444444,213.79666666666665,0.08666666666666667,0.23222222222222222,155.97333333333333,0.26,0.31377777777777777,234.436,0.9166666666666666,0.6827777777777777,484.83666666666664,0.6970055161544523,0.22916666666666669,0.3009722222222222
B_mab,64,0.9184397163120567,0.6012608353033885,488.20567375886526,0.5833333333333334,0.36944444444444446,364.8766666666667,0.5833333333333334,0.3738888888888888,363.92,0.5166666666666667,0.3222222222222223,331.49333333333334,0.47333333333333333,0.30999999999999994,302.8533333333333,0.5506666666666667,0.348,352.02799999999996,0.9266666666666667,0.625,490.78,0.6012608353033885,0.5391666666666667,0.3438888888888889
B_mab,65,0.8569739952718676,0.8049645390070923,437.73286052009456,0.39333333333333337,0.4361111111111111,241.6833333333333,0.41333333333333333,0.4494444444444444,250.45000000000002,0.3666666666666667,0.42333333333333334,228.01666666666668,0.3,0.35,200.0466666666667,0.3826666666666667,0.4342222222222222,237.5066666666667,0.84,0.7994444444444445,428.2166666666667,0.8049645390070923,0.36833333333333335,0.4147222222222222
B_mab,66,0.9810874704491725,0.6883372734436565,494.8770685579196,0.26666666666666666,0.2594444444444444,194.41666666666666,0.27,0.2677777777777778,196.34333333333333,0.2233333333333333,0.23833333333333337,180.29999999999998,0.20666666666666667,0.20222222222222225,168.67333333333332,0.24133333333333332,0.2591111111111111,186.88133333333334,0.9899999999999999,0.6955555555555556,498.60999999999996,0.6883372734436565,0.24166666666666664,0.24194444444444446
B_mab,67,0.9716312056737589,0.5925925925925926,492.96453900709224,0.05333333333333332,0.21555555555555553,144.95333333333335,0.060000000000000005,0.22833333333333336,152.47333333333333,0.023333333333333334,0.21333333333333337,123.75333333333333,0.11333333333333333,0.21333333333333335,143.35999999999999,0.05466666666666667,0.2237777777777778,140.94266666666667,0.98,0.5838888888888889,497.0333333333333,0.5925925925925926,0.0625,0.2176388888888889
B_mab,68,0.9869976359338061,0.49566587864460204,497.0803782505911,0.6999999999999998,0.3416666666666667,374.90333333333336,0.7366666666666667,0.33722222222222226,392.22333333333336,0.7600000000000001,0.3488888888888889,397.96999999999997,0.8000000000000002,0.3333333333333333,415.9266666666667,0.7226666666666667,0.33955555555555555,384.0173333333334,1.0,0.49666666666666665,500.0,0.49566587864460204,0.7491666666666668,0.34027777777777773
B_mab,69,0.9822695035460992,0.6761229314420804,494.30496453900713,0.04,0.22333333333333336,76.77,0.049999999999999996,0.22111111111111112,83.82666666666667,0.016666666666666666,0.1788888888888889,64.69,0.06,0.1711111111111111,80.32000000000001,0.044000000000000004,0.20755555555555555,78.59733333333334,1.0,0.6522222222222221,500.0,0.6761229314420804,0.041666666666666664,0.19861111111111113
B_mab,70,0.6040189125295508,0.2507880220646178,407.322695035461,0.38999999999999996,0.09,313.87,0.37999999999999995,0.09055555555555554,307.4,0.32,0.07111111111111112,278.14000000000004,0.24,0.05555555555555556,212.6,0.36533333333333334,0.08222222222222222,304.98400000000004,0.62,0.25333333333333335,408.1066666666666,0.2507880220646178,0.33249999999999996,0.07680555555555556
B_mab,71,0.9799054373522459,0.7927501970055162,494.7174940898345,0.20666666666666667,0.3711111111111111,166.90666666666667,0.19000000000000003,0.3472222222222222,172.39666666666668,0.13,0.28222222222222226,142.60999999999999,0.12666666666666668,0.19444444444444445,136.03333333333333,0.17600000000000002,0.3253333333333333,162.73866666666666,0.9899999999999999,0.7955555555555556,498.96000000000004,0.7927501970055162,0.16333333333333336,0.29875
B_mab,72,0.983451536643026,0.7105988967691095,493.72340425531917,0.06666666666666667,0.10277777777777777,94.92,0.056666666666666664,0.1238888888888889,92.05333333333333,0.060000000000000005,0.09166666666666666,87.46333333333332,0.02,0.06111111111111111,64.78,0.05466666666666667,0.10377777777777779,88.50266666666666,0.9966666666666667,0.725,498.4766666666667,0.7105988967691095,0.05083333333333333,0.09486111111111112
B_mab,73,0.983451536643026,0.7344365642237983,495.26595744680844,0.44,0.2261111111111111,256.8833333333333,0.44333333333333336,0.23222222222222225,259.3633333333333,0.43999999999999995,0.20833333333333331,256.53000000000003,0.43999999999999995,0.2122222222222222,255.39333333333335,0.46399999999999997,0.22466666666666665,268.15333333333336,1.0,0.7483333333333334,500.0,0.7344365642237983,0.4408333333333333,0.21972222222222224
B_mab,74,0.892434988179669,0.6867612293144207,485.96808510638294,0.4166666666666667,0.40888888888888886,290.93666666666667,0.41333333333333333,0.4266666666666667,285.9666666666667,0.3666666666666667,0.3844444444444444,258.2166666666667,0.2733333333333333,0.33999999999999997,209.2266666666667,0.39999999999999997,0.4088888888888889,276.4626666666666,0.9166666666666666,0.6883333333333334,490.80999999999995,0.6867612293144207,0.36750000000000005,0.39
B_mab,75,0.9728132387706855,0.6552403467297084,492.3286052009457,0.19666666666666666,0.26166666666666666,177.49666666666667,0.19666666666666668,0.2733333333333333,177.77666666666664,0.12333333333333334,0.24333333333333335,145.28666666666666,0.16,0.23111111111111113,143.90666666666667,0.17333333333333334,0.26333333333333336,168.88666666666666,0.9933333333333333,0.6622222222222223,498.1366666666667,0.6552403467297084,0.16916666666666666,0.2523611111111111
B_mab,76,0.6867612293144209,0.6215524034672971,445.6040189125295,0.13,0.22777777777777777,133.97,0.16333333333333333,0.2577777777777778,145.54333333333332,0.14333333333333334,0.24666666666666665,134.30999999999997,0.12,0.21555555555555556,117.17333333333333,0.13733333333333334,0.24355555555555558,135.48800000000003,0.6833333333333332,0.6077777777777779,451.00333333333333,0.6215524034672971,0.13916666666666666,0.2369444444444444
B_mab,77,0.9728132387706855,0.7551221434200157,496.07683215130027,0.6266666666666666,0.4577777777777778,357.54333333333335,0.7600000000000001,0.5194444444444445,413.6933333333333,0.7066666666666667,0.48499999999999993,400.7633333333333,0.6733333333333333,0.4244444444444445,402.1333333333334,0.6746666666666666,0.4622222222222222,385.24666666666667,0.9833333333333334,0.7577777777777778,498.26666666666665,0.7551221434200157,0.6916666666666667,0.4716666666666667
B_mab,78,0.37470449172576825,0.3817966903073286,368.48345153664303,0.02666666666666667,0.012777777777777775,155.9466666666667,0.04,0.016666666666666666,155.30333333333334,0.013333333333333334,0.007777777777777778,137.46666666666667,0.013333333333333334,0.0044444444444444444,124.54666666666667,0.030666666666666665,0.010222222222222221,149.9706666666667,0.38999999999999996,0.4005555555555555,377.40000000000003,0.3817966903073286,0.023333333333333334,0.010416666666666666
B_mab,79,0.9503546099290779,0.6972025216706068,489.2293144208038,0.42333333333333334,0.18944444444444444,265.8866666666667,0.41333333333333333,0.1938888888888889,268.4533333333333,0.37666666666666665,0.17777777777777778,241.04,0.2733333333333334,0.15333333333333332,191.84,0.3906666666666667,0.1788888888888889,255.65866666666668,0.9566666666666667,0.71,493.5933333333333,0.6972025216706068,0.3716666666666667,0.1786111111111111
B_mab,80,0.8640661938534281,0.7446808510638298,463.3510638297873,0.016666666666666666,0.2777777777777778,88.67333333333333,0.049999999999999996,0.29888888888888887,99.84333333333332,0.04,0.2822222222222222,91.55000000000001,0.06666666666666667,0.26888888888888884,93.67999999999999,0.03866666666666667,0.2848888888888889,94.75333333333333,0.8733333333333334,0.7405555555555555,468.87999999999994,0.7446808510638298,0.043333333333333335,0.28194444444444444
B_mab,81,0.8203309692671396,0.49507486209613866,475.32742316784874,0.4766666666666666,0.27888888888888885,300.94666666666666,0.4633333333333334,0.29555555555555557,299.37666666666667,0.5,0.3016666666666667,299.68,0.48666666666666664,0.26555555555555554,290.3733333333333,0.5039999999999999,0.3004444444444444,307.31466666666665,0.8233333333333333,0.48555555555555563,475.8833333333334,0.49507486209613866,0.48166666666666663,0.28541666666666665
B_mab,82,0.983451536643026,0.7245862884160756,493.98108747044915,0.16,0.22444444444444445,133.42333333333332,0.25666666666666665,0.25888888888888884,175.21333333333334,0.25333333333333335,0.2388888888888889,172.4,0.37333333333333335,0.2588888888888889,221.83333333333334,0.19733333333333336,0.23355555555555557,150.33466666666666,1.0,0.7344444444444445,500.0,0.7245862884160756,0.2608333333333333,0.24527777777777776
B_mab,83,0.8191489361702127,0.6682427107959023,451.3817966903073,0.19333333333333333,0.3061111111111111,196.31000000000003,0.16333333333333333,0.31277777777777777,190.12666666666667,0.09000000000000001,0.285,163.01999999999998,0.04666666666666667,0.2611111111111111,138.86666666666667,0.13466666666666666,0.30044444444444446,182.13466666666667,0.8166666666666665,0.6761111111111111,449.43333333333334,0.6682427107959023,0.12333333333333335,0.29124999999999995
B_mab,84,0.9763593380614658,0.8163908589440504,494.3026004728133,0.36333333333333334,0.4533333333333334,226.66333333333333,0.38000000000000006,0.4644444444444445,233.9466666666667,0.3566666666666667,0.4444444444444444,221.53666666666666,0.35333333333333333,0.4022222222222222,218.86666666666667,0.37200000000000005,0.45377777777777784,229.26266666666666,0.9933333333333333,0.8216666666666667,498.8833333333334,0.8163908589440504,0.36333333333333334,0.4411111111111112
B_mab,85,0.9869976359338062,0.6627265563435776,496.21631205673754,0.5233333333333333,0.39055555555555554,298.73333333333335,0.63,0.43777777777777777,343.15333333333336,0.5533333333333333,0.3983333333333333,309.69666666666666,0.5533333333333333,0.3611111111111111,310.1133333333334,0.5533333333333333,0.4091111111111111,310.96666666666664,1.0,0.6861111111111111,500.0,0.6627265563435776,0.565,0.39694444444444443
B_mab,86,0.8664302600472813,0.7570921985815603,474.79787234042556,0.5133333333333333,0.425,334.3633333333333,0.47000000000000003,0.4172222222222222,331.02666666666664,0.3766666666666667,0.3444444444444444,275.0333333333333,0.2933333333333333,0.2644444444444444,211.92,0.42,0.3873333333333333,307.08,0.8633333333333333,0.7577777777777778,481.93333333333334,0.7570921985815603,0.41333333333333333,0.36277777777777775
B_mab,87,0.9834515366430261,0.7486209613869187,495.0224586288416,0.3,0.3594444444444445,198.79333333333332,0.33666666666666667,0.3783333333333333,214.90333333333334,0.25666666666666665,0.3377777777777778,177.41333333333333,0.20000000000000004,0.3211111111111111,152.70000000000002,0.2826666666666667,0.34844444444444445,191.32000000000002,0.9866666666666667,0.7494444444444446,498.2366666666667,0.7486209613869187,0.2733333333333333,0.3491666666666667
B_mab,88,0.9834515366430261,0.5963356973995272,494.0921985815603,0.2333333333333333,0.19777777777777777,161.99666666666667,0.24666666666666667,0.22777777777777777,169.07000000000002,0.23666666666666666,0.18055555555555558,161.06333333333333,0.29333333333333333,0.15777777777777777,182.83333333333334,0.23066666666666666,0.1908888888888889,161.58266666666665,0.9966666666666667,0.6166666666666667,498.45,0.5963356973995272,0.2525,0.19097222222222224
B_mab,89,0.9137115839243499,0.7397557131599685,485.4893617021277,0.3233333333333333,0.2777777777777778,226.4366666666667,0.35000000000000003,0.2822222222222222,236.02333333333334,0.3,0.23777777777777778,210.52666666666664,0.26,0.1577777777777778,194.54,0.30133333333333334,0.25933333333333336,215.50266666666667,0.9233333333333333,0.7427777777777779,488.94,0.7397557131599685,0.30833333333333335,0.2388888888888889
B_mab,90,0.9196217494089834,0.7094168636721829,488.8888888888889,0.36999999999999994,0.20722222222222222,259.9666666666667,0.39999999999999997,0.2161111111111111,272.95666666666665,0.35000000000000003,0.19111111111111112,247.94333333333336,0.38000000000000006,0.2211111111111111,254.98666666666668,0.36133333333333334,0.20377777777777775,255.02533333333335,0.9433333333333334,0.7366666666666668,494.45666666666665,0.7094168636721829,0.375,0.2088888888888889
B_mab,91,0.9810874704491725,0.7568951930654058,494.0200945626477,0.4066666666666667,0.29777777777777775,247.29666666666665,0.48333333333333334,0.31666666666666665,281.73333333333335,0.4466666666666666,0.3266666666666666,262.9766666666667,0.3866666666666667,0.29,235.0,0.4426666666666666,0.31822222222222224,263.768,0.9899999999999999,0.7611111111111111,496.83666666666664,0.7568951930654058,0.43083333333333335,0.30777777777777776
B_mab,92,0.9881796690307327,0.8073286052009456,496.59810874704493,0.6633333333333332,0.42000000000000004,363.25666666666666,0.64,0.43166666666666664,354.00333333333333,0.64,0.40444444444444444,349.6166666666666,0.6333333333333334,0.39777777777777773,345.5933333333333,0.6506666666666666,0.41955555555555557,356.704,1.0,0.8161111111111112,500.0,0.8073286052009456,0.6441666666666667,0.41347222222222224
B_mab,93,0.9645390070921986,0.5760441292356187,491.93026004728137,0.44,0.2966666666666666,265.23333333333335,0.45333333333333337,0.2844444444444445,272.57,0.42,0.2722222222222222,253.64666666666668,0.37333333333333335,0.23555555555555557,229.22666666666666,0.47066666666666673,0.2946666666666667,277.41333333333336,0.9733333333333333,0.5716666666666665,494.35666666666674,0.5760441292356187,0.42166666666666663,0.2722222222222222
B_mab,94,0.9846335697399526,0.6252955082742316,494.725768321513,0.3866666666666667,0.29,231.72333333333336,0.41,0.29333333333333333,241.51,0.41333333333333333,0.25277777777777777,242.17,0.42,0.2222222222222222,243.12666666666667,0.4226666666666667,0.27555555555555555,247.50266666666667,1.0,0.6394444444444445,500.0,0.6252955082742316,0.4075,0.2645833333333333
B_mab,95,0.735224586288416,0.25472813238770686,456.807328605201,0.12666666666666668,0.043888888888888894,234.67999999999998,0.13666666666666666,0.04833333333333334,243.37000000000003,0.07666666666666667,0.02611111111111111,204.65333333333334,0.06,0.02333333333333333,164.43333333333334,0.09600000000000002,0.03333333333333333,220.76133333333334,0.7366666666666667,0.26833333333333337,463.5566666666667,0.25472813238770686,0.09999999999999999,0.035416666666666666
B_mab,96,0.9669030732860521,0.687746256895193,493.9054373522458,0.4666666666666666,0.22111111111111112,288.11999999999995,0.4566666666666666,0.23277777777777778,290.76000000000005,0.4166666666666667,0.19833333333333333,271.90000000000003,0.3133333333333333,0.16999999999999998,228.83333333333334,0.45599999999999996,0.22088888888888888,289.88,0.9633333333333334,0.6755555555555556,496.1466666666667,0.687746256895193,0.4133333333333333,0.20555555555555555
B_mab,97,0.9799054373522459,0.5133963750985028,493.96808510638294,0.09666666666666668,0.052222222222222225,102.63999999999999,0.09999999999999999,0.06333333333333334,105.7,0.11,0.05277777777777778,106.82000000000001,0.13333333333333333,0.06000000000000001,114.26666666666667,0.09466666666666668,0.05155555555555556,103.05066666666669,0.9966666666666667,0.5338888888888889,499.97333333333336,0.5133963750985028,0.10999999999999999,0.05708333333333333
B_mab,98,0.9905437352245863,0.648542159180457,496.209219858156,0.036666666666666674,0.30111111111111116,84.02,0.05333333333333334,0.32,92.47666666666667,0.08333333333333333,0.29000000000000004,101.09999999999998,0.08,0.20888888888888887,95.81333333333333,0.04800000000000001,0.3022222222222222,88.71199999999999,1.0,0.6599999999999999,500.0,0.648542159180457,0.06333333333333334,0.28
B_mab,99,0.9917257683215129,0.8841607565011821,497.2364066193854,0.48666666666666664,0.5227777777777778,280.77666666666664,0.5266666666666667,0.5444444444444444,300.3066666666667,0.5099999999999999,0.45944444444444443,289.24333333333334,0.6066666666666667,0.3966666666666667,331.1066666666666,0.5266666666666667,0.5166666666666667,298.2906666666667,0.9933333333333333,0.8988888888888888,499.6366666666667,0.8841607565011821,0.5325,0.4808333333333333
B_mab,100,0.9881796690307327,0.6682427107959021,497.46808510638294,0.2733333333333334,0.27777777777777773,190.72666666666666,0.43,0.3211111111111111,257.24,0.39333333333333337,0.3033333333333333,238.72333333333336,0.5733333333333334,0.34888888888888886,315.4733333333333,0.336,0.2853333333333334,218.37199999999999,1.0,0.6705555555555556,500.0,0.6682427107959021,0.4175,0.3127777777777777
B_sa,1,0.8936170212765958,0.43242710795902284,489.85697399527186,0.41333333333333333,0.22333333333333333,283.63666666666666,0.5033333333333334,0.25833333333333336,320.83666666666664,0.5133333333333333,0.24833333333333332,318.04999999999995,0.5533333333333333,0.2511111111111112,325.06666666666666,0.48666666666666664,0.24844444444444444,311.74533333333335,0.8799999999999999,0.4266666666666667,491.53,0.43242710795902284,0.49583333333333335,0.2452777777777778
B_sa,2,0.880614657210402,0.5504334121355399,481.7765957446809,0.2866666666666667,0.195,212.98000000000002,0.33,0.21055555555555552,234.61,0.26666666666666666,0.15055555555555558,202.82000000000002,0.3333333333333333,0.15444444444444444,226.35333333333335,0.26933333333333337,0.1722222222222222,207.82266666666666,0.91,0.5566666666666666,486.78999999999996,0.5504334121355399,0.30416666666666664,0.1776388888888889
B_sa,3,0.9432624113475178,0.570527974783294,489.9728132387707,0.31,0.21388888888888888,218.58333333333334,0.3233333333333333,0.20722222222222222,224.90333333333334,0.28,0.18111111111111114,196.92,0.26,0.15999999999999998,181.76,0.28800000000000003,0.19111111111111112,206.20666666666668,0.9566666666666667,0.5594444444444444,493.71,0.570527974783294,0.29333333333333333,0.19055555555555553
B_sa,4,0.9302600472813238,0.655043341213554,489.2671394799054,0.52,0.34166666666666673,351.22666666666663,0.5333333333333333,0.3538888888888888,356.40333333333336,0.4666666666666666,0.3077777777777778,322.09,0.3866666666666667,0.23222222222222225,271.44,0.49733333333333335,0.32822222222222225,340.25333333333333,0.9533333333333333,0.6766666666666667,494.00666666666666,0.655043341213554,0.4766666666666666,0.30888888888888894
B_sa,5,0.9420803782505911,0.6453900709219857,492.12765957446805,0.37999999999999995,0.3088888888888888,232.64000000000001,0.4033333333333333,0.32555555555555554,243.00333333333333,0.39666666666666667,0.33555555555555555,236.9333333333333,0.47333333333333333,0.3788888888888889,268.1466666666667,0.37733333333333335,0.3171111111111111,231.60266666666666,0.96,0.6522222222222221,495.6466666666667,0.6453900709219857,0.41333333333333333,0.3372222222222222
B_sa,6,0.9787234042553191,0.7959022852639873,495.4527186761229,0.54,0.43388888888888894,303.51,0.5466666666666667,0.45555555555555555,308.31333333333333,0.49666666666666665,0.4111111111111111,283.9533333333334,0.5066666666666666,0.37666666666666665,289.76666666666665,0.536,0.4308888888888889,302.3,1.0,0.8011111111111111,500.0,0.7959022852639873,0.5225,0.41930555555555554
B_sa,7,0.983451536643026,0.58451536643026,495.59338061465724,0.53,0.3277777777777778,303.81666666666666,0.5433333333333333,0.33333333333333337,307.8833333333333,0.5233333333333333,0.29444444444444445,296.22999999999996,0.4466666666666666,0.25555555555555554,263.24,0.516,0.31422222222222224,296.15333333333336,0.9933333333333333,0.5894444444444443,499.3766666666667,0.58451536643026,0.5108333333333334,0.3027777777777778
B_sa,8,0.9680851063829788,0.7304964539007093,487.6312056737588,0.29,0.4122222222222222,185.66666666666666,0.30333333333333334,0.4244444444444445,191.22,0.2866666666666667,0.3955555555555556,183.21,0.2733333333333333,0.3444444444444444,174.86666666666667,0.2986666666666667,0.4071111111111111,189.768,0.9833333333333334,0.7322222222222223,494.56333333333333,0.7304964539007093,0.28833333333333333,0.39416666666666667
B_sa,9,0.6465721040189125,0.6185973207249803,429.67730496453896,0.36999999999999994,0.2511111111111111,325.49,0.35000000000000003,0.2722222222222222,323.41333333333336,0.29000000000000004,0.2455555555555556,304.3533333333333,0.26,0.2511111111111112,268.38666666666666,0.33866666666666667,0.2553333333333333,321.35200000000003,0.66,0.6211111111111112,431.66,0.6185973207249803,0.3175,0.255
B_sa,10,0.9893617021276596,0.6329787234042552,496.28368794326235,0.38999999999999996,0.29833333333333334,235.26333333333332,0.44,0.3277777777777777,257.5366666666667,0.37000000000000005,0.30611111111111106,226.32000000000002,0.38000000000000006,0.31333333333333335,230.56000000000003,0.3973333333333333,0.31133333333333335,239.23066666666668,1.0,0.6388888888888888,500.0,0.6329787234042552,0.395,0.3113888888888888
B_sa,11,0.9917257683215129,0.66548463356974,497.2754137115839,0.3466666666666667,0.2866666666666666,218.98333333333332,0.32666666666666666,0.2866666666666667,213.71666666666667,0.3633333333333333,0.2733333333333333,224.24333333333334,0.3866666666666667,0.2366666666666667,232.70000000000002,0.32666666666666666,0.2855555555555555,212.62133333333335,1.0,0.6666666666666666,500.0,0.66548463356974,0.35583333333333333,0.2708333333333333
B_sa,12,0.9314420803782505,0.6394799054373521,489.12056737588654,0.58,0.35500000000000004,322.7,0.58,0.35666666666666663,324.77000000000004,0.6033333333333334,0.3622222222222223,336.9833333333333,0.5266666666666667,0.33999999999999997,309.13333333333327,0.588,0.35155555555555557,329.21733333333333,0.9666666666666667,0.648888888888889,496.84999999999997,0.6394799054373521,0.5725,0.3534722222222222
B_sa,13,0.9846335697399528,0.6266745468873128,495.26359338061474,0.12666666666666668,0.22333333333333333,117.81333333333333,0.16,0.23444444444444443,135.02,0.15333333333333335,0.21611111111111111,126.82000000000001,0.19333333333333336,0.17777777777777778,142.6,0.14,0.22755555555555554,124.272,1.0,0.6305555555555555,500.0,0.6266745468873128,0.15833333333333335,0.21291666666666667
B_sa,14,0.9066193853427896,0.5394011032308904,478.73522458628844,0.37333333333333335,0.3088888888888889,251.51333333333332,0.3333333333333333,0.3205555555555555,241.4366666666667,0.2866666666666667,0.28111111111111114,220.33,0.22666666666666668,0.21777777777777776,173.6,0.3333333333333333,0.3055555555555556,239.14,0.9166666666666666,0.5483333333333332,482.32666666666665,0.5394011032308904,0.30500000000000005,0.28208333333333335
B_sa,15,0.9893617021276594,0.619385342789598,496.47635933806146,0.5733333333333334,0.20944444444444443,315.33,0.5933333333333334,0.21888888888888886,323.49,0.5633333333333334,0.21166666666666667,309.44666666666666,0.5333333333333333,0.22777777777777777,296.52,0.5773333333333334,0.21666666666666667,317.58933333333334,1.0,0.6355555555555555,500.0,0.619385342789598,0.5658333333333333,0.2169444444444444
B_sa,16,0.9846335697399528,0.7178881008668242,493.887706855792,0.0,0.1288888888888889,58.19,0.0,0.12444444444444445,59.23666666666667,0.0,0.09222222222222222,56.70000000000001,0.0,0.08222222222222224,53.093333333333334,0.0,0.11155555555555556,58.824000000000005,1.0,0.7227777777777779,500.0,0.7178881008668242,0.0,0.10694444444444445
B_sa,17,0.9810874704491725,0.8906619385342788,494.79787234042556,0.5966666666666667,0.5027777777777778,335.49,0.6233333333333333,0.5438888888888889,349.7233333333333,0.5666666666666668,0.5366666666666667,319.3966666666667,0.5,0.5077777777777778,283.55333333333334,0.6013333333333333,0.5266666666666666,336.33200000000005,0.9966666666666667,0.89,499.5333333333333,0.8906619385342788,0.5716666666666667,0.5227777777777778
B_sa,18,0.9479905437352247,0.6946414499605988,488.8345153664302,0.48333333333333334,0.4427777777777777,303.7133333333333,0.5066666666666667,0.46111111111111114,313.41333333333336,0.41333333333333333,0.4172222222222222,269.5466666666667,0.34,0.3844444444444444,238.16,0.428,0.42666666666666664,280.89866666666666,0.9700000000000001,0.6894444444444444,495.4066666666667,0.6946414499605988,0.43583333333333335,0.4263888888888889
B_sa,19,0.91725768321513,0.5374310480693458,490.38652482269504,0.4666666666666666,0.2777777777777778,331.3233333333333,0.5233333333333333,0.30777777777777776,349.8433333333334,0.48,0.2911111111111111,320.8066666666667,0.47333333333333333,0.27555555555555555,301.43333333333334,0.5146666666666667,0.304,343.49466666666666,0.9266666666666667,0.5316666666666666,493.65333333333336,0.5374310480693458,0.48583333333333334,0.28805555555555556
B_sa,20,0.9822695035460992,0.7385736800630418,495.0921985815603,0.27,0.28888888888888886,182.95333333333335,0.29333333333333333,0.3061111111111111,190.77666666666664,0.27,0.27111111111111114,177.91,0.2466666666666667,0.24000000000000005,166.03333333333333,0.288,0.2853333333333334,189.22400000000002,0.9966666666666667,0.7422222222222222,498.4766666666667,0.7385736800630418,0.27,0.27652777777777776
B_sa,21,0.958628841607565,0.7129629629629629,491.49290780141854,0.44333333333333336,0.2911111111111111,267.7366666666667,0.4033333333333333,0.2861111111111111,258.09666666666664,0.4366666666666667,0.2738888888888889,265.35999999999996,0.3866666666666667,0.24666666666666665,238.95333333333335,0.4386666666666667,0.28644444444444445,267.3333333333333,0.9766666666666667,0.7161111111111111,495.6466666666667,0.7129629629629629,0.41750000000000004,0.27444444444444444
B_sa,22,0.9810874704491725,0.6936564223798266,493.4444444444445,0.11,0.08999999999999998,111.62666666666667,0.10333333333333333,0.10111111111111111,109.37,0.13666666666666666,0.09444444444444444,121.05333333333334,0.13999999999999999,0.11555555555555556,119.50666666666667,0.11866666666666666,0.09466666666666666,116.18533333333333,0.9966666666666667,0.7133333333333333,499.24333333333334,0.6936564223798266,0.1225,0.10027777777777779
B_sa,23,0.6808510638297872,0.2882190701339637,459.5626477541371,0.5566666666666666,0.1627777777777778,343.72,0.5866666666666667,0.17055555555555554,355.3833333333334,0.5499999999999999,0.16277777777777777,339.74,0.47333333333333333,0.13777777777777778,300.82,0.5666666666666668,0.16577777777777777,350.4853333333333,0.6633333333333333,0.2627777777777778,463.8066666666667,0.2882190701339637,0.5416666666666666,0.15847222222222224
B_sa,24,0.9822695035460994,0.6926713947990544,493.6158392434988,0.03666666666666667,0.03,77.33333333333333,0.08,0.060555555555555564,96.41333333333334,0.07333333333333333,0.04777777777777777,90.77666666666666,0.16666666666666666,0.08,128.96,0.06266666666666666,0.043111111111111114,88.73199999999999,1.0,0.6944444444444444,500.0,0.6926713947990544,0.08916666666666667,0.05458333333333333
B_sa,25,0.9917257683215129,0.6491331757289204,496.9739952718676,0.6133333333333333,0.3233333333333333,340.4766666666667,0.6533333333333333,0.3333333333333333,356.7633333333333,0.5633333333333334,0.3094444444444444,315.71,0.41333333333333333,0.25666666666666665,246.8066666666667,0.6013333333333334,0.3224444444444445,334.19866666666667,1.0,0.6483333333333334,500.0,0.6491331757289204,0.5608333333333333,0.30569444444444444
B_sa,26,0.6808510638297873,0.46749408983451535,444.790780141844,0.47000000000000003,0.33777777777777784,310.7966666666667,0.4533333333333333,0.33611111111111114,307.09000000000003,0.41,0.31777777777777777,282.22666666666663,0.35333333333333333,0.27888888888888885,250.67333333333332,0.44933333333333336,0.3351111111111111,305.07866666666666,0.6733333333333333,0.4677777777777778,441.81333333333333,0.46749408983451535,0.42166666666666663,0.3176388888888889
B_sa,27,0.9858156028368795,0.7817178881008668,496.3557919621749,0.5466666666666666,0.32944444444444443,366.03999999999996,0.5033333333333333,0.3261111111111111,366.1066666666666,0.41333333333333333,0.27888888888888885,317.18666666666667,0.25333333333333335,0.21888888888888888,250.07333333333335,0.47200000000000003,0.30177777777777776,347.05733333333336,0.9966666666666667,0.7822222222222222,499.9766666666667,0.7817178881008668,0.42916666666666664,0.2883333333333333
B_sa,28,0.9869976359338062,0.5240346729708432,497.3770685579196,0.48333333333333334,0.24833333333333338,278.54333333333335,0.53,0.26166666666666666,297.96666666666664,0.5800000000000001,0.2361111111111111,318.7866666666667,0.6466666666666666,0.2388888888888889,347.74,0.528,0.24533333333333338,297.93466666666666,0.9966666666666667,0.5222222222222223,499.9533333333334,0.5240346729708432,0.56,0.24625000000000002
B_sa,29,0.7860520094562649,0.5687549251379039,471.0780141843972,0.3033333333333333,0.30833333333333335,217.09333333333333,0.29333333333333333,0.30277777777777776,212.54,0.32,0.2877777777777778,214.02666666666667,0.20666666666666667,0.2644444444444444,165.92,0.296,0.2964444444444444,209.35866666666666,0.7633333333333333,0.5694444444444444,471.62999999999994,0.5687549251379039,0.2808333333333334,0.29083333333333333
B_sa,30,0.3546099290780142,0.28979511426319937,321.35460992907804,0.03,0.11166666666666669,114.67333333333333,0.06333333333333334,0.13833333333333334,126.30666666666666,0.04666666666666667,0.12055555555555557,113.26333333333332,0.03333333333333333,0.11666666666666667,112.22666666666667,0.04,0.11866666666666667,115.88533333333334,0.3766666666666667,0.28777777777777774,318.24,0.28979511426319937,0.043333333333333335,0.12180555555555556
B_sa,31,0.9763593380614658,0.6676516942474389,493.47635933806146,0.04,0.1811111111111111,78.87,0.09333333333333334,0.19611111111111112,103.95,0.036666666666666674,0.1738888888888889,74.30333333333333,0.12666666666666668,0.17555555555555555,111.72666666666667,0.052,0.1837777777777778,84.24533333333333,0.9966666666666667,0.65,499.9866666666667,0.6676516942474389,0.07416666666666667,0.18166666666666667
B_sa,32,0.9739952718676124,0.7297084318360914,488.2293144208038,0.0,0.3333333333333333,57.02,0.0,0.35666666666666663,56.76666666666667,0.0,0.3377777777777778,55.053333333333335,0.006666666666666667,0.3033333333333333,54.693333333333335,0.0,0.3453333333333333,57.32933333333333,0.9933333333333333,0.7416666666666667,496.87000000000006,0.7297084318360914,0.0016666666666666668,0.33277777777777773
B_sa,33,0.9716312056737589,0.656816390858944,487.3593380614657,0.0,0.07999999999999997,56.89666666666667,0.0033333333333333335,0.11277777777777778,59.076666666666675,0.0,0.09222222222222223,55.19,0.0,0.11555555555555555,50.85333333333333,0.0,0.08577777777777776,57.552,0.9866666666666667,0.6838888888888889,493.9466666666667,0.656816390858944,0.0008333333333333334,0.10013888888888889
B_sa,34,0.8782505910165485,0.7559101654846335,485.0862884160756,0.31333333333333335,0.22222222222222224,250.32000000000002,0.3466666666666667,0.24333333333333335,264.94,0.37000000000000005,0.25,258.04,0.3666666666666667,0.23333333333333334,248.75333333333333,0.34800000000000003,0.2457777777777778,258.95866666666666,0.8766666666666666,0.7583333333333333,488.6066666666666,0.7559101654846335,0.3491666666666667,0.23722222222222222
B_sa,35,0.7683215130023641,0.7090228526398739,469.0413711583924,0.2833333333333334,0.22,203.5633333333333,0.3,0.23666666666666666,209.88333333333333,0.3,0.2311111111111111,202.50333333333333,0.32666666666666666,0.20666666666666667,211.02666666666664,0.296,0.2351111111111111,205.20533333333333,0.75,0.6905555555555555,469.5733333333333,0.7090228526398739,0.3025,0.22361111111111112
B_sa,36,0.9810874704491725,0.7129629629629629,494.33924349881795,0.25666666666666665,0.17722222222222223,175.5,0.30666666666666664,0.20555555555555555,195.39000000000001,0.19999999999999998,0.15388888888888888,148.63666666666666,0.24666666666666667,0.17888888888888888,165.49333333333334,0.244,0.17977777777777776,169.95333333333335,1.0,0.7144444444444444,500.0,0.7129629629629629,0.25249999999999995,0.17888888888888888
B_sa,37,0.9527186761229314,0.6727738376674546,492.8156028368794,0.5133333333333333,0.24500000000000002,297.8833333333334,0.5499999999999999,0.2738888888888889,310.06,0.5433333333333333,0.26555555555555554,307.06333333333333,0.4733333333333334,0.23555555555555557,284.02,0.5013333333333333,0.25,294.1893333333333,0.9633333333333334,0.6627777777777778,497.65333333333336,0.6727738376674546,0.52,0.255
B_sa,38,0.7127659574468085,0.5797872340425532,473.0945626477541,0.3433333333333333,0.31666666666666665,280.1166666666667,0.35333333333333333,0.31611111111111106,287.8533333333333,0.37000000000000005,0.2883333333333334,284.6033333333333,0.41333333333333333,0.26888888888888884,290.86,0.36800000000000005,0.3111111111111111,288.14799999999997,0.7200000000000001,0.5655555555555555,476.18666666666667,0.5797872340425532,0.37,0.2975
B_sa,39,0.9869976359338061,0.5663908589440504,496.5673758865248,0.5933333333333334,0.4116666666666667,332.07,0.62,0.44277777777777777,342.5,0.5499999999999999,0.4127777777777778,309.40000000000003,0.43999999999999995,0.40555555555555556,263.04,0.5973333333333334,0.42488888888888887,333.94800000000004,1.0,0.568888888888889,500.0,0.5663908589440504,0.5508333333333333,0.4181944444444444
B_sa,40,0.9834515366430261,0.5319148936170214,496.5780141843971,0.69,0.3477777777777778,369.52666666666664,0.7066666666666667,0.3422222222222222,377.11666666666673,0.6666666666666666,0.33055555555555555,358.75333333333333,0.5866666666666668,0.30666666666666664,326.3333333333333,0.7186666666666667,0.3528888888888889,381.532,0.9966666666666667,0.535,499.97333333333336,0.5319148936170214,0.6625,0.3318055555555555
B_sa,41,0.47990543735224583,0.3857368006304176,406.60165484633563,0.43,0.2127777777777778,295.7633333333334,0.44,0.21444444444444444,299.92333333333335,0.36999999999999994,0.20944444444444446,264.4766666666667,0.2933333333333334,0.1988888888888889,217.48666666666668,0.4186666666666667,0.21355555555555558,289.24666666666667,0.48333333333333334,0.39333333333333337,409.4066666666667,0.3857368006304176,0.38333333333333336,0.2088888888888889
B_sa,42,0.9775413711583925,0.6148542159180457,495.06028368794324,0.54,0.4116666666666667,300.18666666666667,0.6166666666666667,0.4516666666666666,333.81333333333333,0.5933333333333333,0.4133333333333334,321.64,0.6,0.4066666666666667,323.56666666666666,0.592,0.4295555555555556,322.18399999999997,0.9866666666666667,0.6322222222222221,498.65000000000003,0.6148542159180457,0.5875,0.42083333333333334
B_sa,43,0.9858156028368795,0.7468479117415288,493.63120567375887,0.0033333333333333335,0.33611111111111114,58.916666666666664,0.006666666666666667,0.3433333333333333,60.22,0.0,0.3244444444444444,55.23333333333333,0.0,0.25555555555555554,50.92666666666667,0.006666666666666667,0.3348888888888889,60.64266666666666,1.0,0.7377777777777778,500.0,0.7468479117415288,0.0025,0.31486111111111115
B_sa,44,0.9810874704491725,0.7448778565799842,493.7919621749409,0.043333333333333335,0.16833333333333336,83.02,0.09333333333333334,0.1805555555555556,102.81333333333333,0.05000000000000001,0.13277777777777774,80.76,0.13999999999999999,0.14777777777777776,118.57333333333334,0.044000000000000004,0.15333333333333332,82.62533333333333,0.9933333333333333,0.7516666666666667,498.4166666666667,0.7448778565799842,0.08166666666666667,0.15736111111111112
B_sa,45,0.8522458628841608,0.6968085106382977,470.9858156028369,0.36000000000000004,0.3288888888888889,263.31333333333333,0.41,0.3388888888888889,285.32666666666665,0.37666666666666665,0.3283333333333333,257.37333333333333,0.3666666666666667,0.3,248.01999999999998,0.38000000000000006,0.32688888888888884,265.26666666666665,0.8766666666666666,0.6977777777777778,476.62999999999994,0.6968085106382977,0.37833333333333335,0.3240277777777778
B_sa,46,0.43617021276595747,0.6388888888888888,398.0945626477542,0.12,0.4555555555555555,189.83333333333334,0.15333333333333332,0.4588888888888889,208.1833333333333,0.16,0.40777777777777774,201.11666666666667,0.10666666666666667,0.2822222222222222,166.4333333333333,0.14400000000000002,0.43600000000000005,202.20666666666668,0.45,0.6466666666666667,397.95000000000005,0.6388888888888888,0.135,0.4011111111111111
B_sa,47,0.9787234042553191,0.49724192277383766,496.64893617021283,0.45999999999999996,0.2238888888888889,271.90333333333336,0.4766666666666666,0.23111111111111107,282.14666666666665,0.5466666666666667,0.21777777777777776,305.9533333333333,0.5933333333333334,0.22000000000000003,328.78,0.5253333333333333,0.23200000000000004,299.0146666666667,0.9899999999999999,0.5027777777777778,499.84999999999997,0.49724192277383766,0.5191666666666667,0.22319444444444442
B_sa,48,0.8486997635933805,0.7236012608353034,469.07919621749414,0.0,0.21333333333333335,98.69333333333333,0.0,0.23166666666666666,96.80333333333333,0.0,0.19333333333333336,88.89333333333333,0.0,0.17111111111111113,68.94,0.0,0.21066666666666664,95.204,0.8533333333333334,0.7088888888888889,476.66333333333336,0.7236012608353034,0.0,0.20236111111111113
B_sa,49,0.7742316784869976,0.710795902285264,452.9775413711584,0.15,0.3433333333333333,148.82333333333332,0.15666666666666665,0.3388888888888889,151.47,0.17666666666666667,0.3233333333333333,150.1966666666667,0.16,0.28444444444444444,137.41333333333333,0.17066666666666666,0.3453333333333333,153.392,0.77,0.7233333333333334,461.87000000000006,0.710795902285264,0.16083333333333333,0.3225
B_sa,50,0.7671394799054373,0.6182033096926715,473.1229314420804,0.36000000000000004,0.3011111111111111,256.57,0.3566666666666667,0.31888888888888894,254.53666666666666,0.3433333333333333,0.2833333333333333,243.92666666666665,0.3466666666666667,0.28,235.80000000000004,0.36400000000000005,0.306,256.9613333333333,0.7933333333333333,0.6188888888888888,482.28999999999996,0.6182033096926715,0.3516666666666667,0.2958333333333334
B_sa,51,0.8747044917257684,0.5130023640661938,483.08274231678496,0.34,0.18333333333333332,213.35000000000002,0.3866666666666667,0.19222222222222224,236.61999999999998,0.32666666666666666,0.15666666666666668,204.21,0.32666666666666666,0.14222222222222222,203.82666666666663,0.34,0.17244444444444446,213.024,0.9133333333333334,0.5294444444444444,491.43333333333334,0.5130023640661938,0.34500000000000003,0.1686111111111111
B_sa,52,0.880614657210402,0.5892434988179669,471.2966903073286,0.11,0.18333333333333335,125.23666666666668,0.11666666666666668,0.2127777777777778,126.97333333333334,0.10333333333333333,0.1877777777777778,114.95,0.07333333333333333,0.15666666666666668,100.46666666666665,0.11599999999999999,0.1951111111111111,124.53866666666666,0.87,0.5877777777777777,478.43333333333334,0.5892434988179669,0.10083333333333333,0.1851388888888889
B_sa,53,0.9799054373522459,0.6747438928289992,493.3557919621749,0.0,0.2488888888888889,57.63666666666666,0.0,0.2611111111111111,57.85666666666666,0.0,0.22722222222222221,55.576666666666675,0.0,0.15555555555555556,51.553333333333335,0.0,0.24933333333333335,57.98266666666667,0.9899999999999999,0.678888888888889,497.10999999999996,0.6747438928289992,0.0,0.22319444444444445
B_sa,54,0.7825059101654847,0.4156816390858944,453.45035460992904,0.44333333333333336,0.16111111111111112,297.24333333333334,0.4466666666666667,0.17777777777777778,295.34666666666664,0.3666666666666667,0.13999999999999999,257.61,0.3133333333333333,0.1622222222222222,229.45333333333335,0.4093333333333333,0.15600000000000003,282.008,0.79,0.44000000000000006,457.7666666666667,0.4156816390858944,0.3925,0.1602777777777778
B_sa,55,0.9385342789598109,0.5397951142631993,490.93498817966906,0.7999999999999999,0.38055555555555554,420.1033333333333,0.7799999999999999,0.3638888888888889,412.7633333333333,0.7433333333333333,0.3338888888888888,395.8333333333333,0.5933333333333334,0.24444444444444444,332.18,0.7879999999999999,0.3675555555555556,415.29333333333335,0.9533333333333333,0.5522222222222222,492.50666666666666,0.5397951142631993,0.7291666666666666,0.3306944444444444
B_sa,56,0.9751773049645389,0.6968085106382979,490.46453900709224,0.36999999999999994,0.27666666666666667,225.92999999999998,0.39999999999999997,0.30777777777777776,239.03,0.37666666666666665,0.27333333333333326,225.27666666666664,0.38666666666666666,0.2533333333333333,227.31999999999996,0.3853333333333333,0.2853333333333334,231.71466666666666,0.9899999999999999,0.7133333333333334,495.4766666666667,0.6968085106382979,0.3833333333333333,0.2777777777777778
B_sa,57,0.9810874704491725,0.8138297872340426,491.4704491725768,0.0,0.2111111111111111,55.46666666666667,0.0,0.2177777777777778,55.52,0.0,0.21,53.56,0.0,0.16666666666666666,49.339999999999996,0.0,0.21511111111111114,55.772,1.0,0.8238888888888889,500.0,0.8138297872340426,0.0,0.20138888888888887
B_sa,58,0.1820330969267139,0.21670606776989754,295.08747044917254,0.0,0.05000000000000001,107.31333333333333,0.0033333333333333335,0.05611111111111111,110.67999999999999,0.0,0.04722222222222222,99.01666666666667,0.0,0.02666666666666667,92.33999999999999,0.0,0.04866666666666667,105.89466666666665,0.15666666666666668,0.1961111111111111,286.47,0.21670606776989754,0.0008333333333333334,0.045000000000000005
B_sa,59,0.8817966903073287,0.4980299448384555,481.08510638297867,0.5633333333333334,0.3272222222222222,324.01,0.6033333333333334,0.3383333333333334,341.89333333333326,0.5,0.2938888888888889,300.4266666666667,0.46,0.22555555555555556,277.9733333333333,0.552,0.32822222222222225,319.792,0.8733333333333334,0.49611111111111117,486.32,0.4980299448384555,0.5316666666666667,0.29625
B_sa,60,0.9704491725768319,0.8453506698187548,493.9704491725768,0.7633333333333333,0.5988888888888889,404.99666666666667,0.7633333333333333,0.6166666666666668,406.25333333333333,0.6666666666666666,0.5322222222222222,365.9166666666667,0.52,0.41888888888888887,301.82,0.7466666666666666,0.5866666666666666,399.3093333333333,0.9866666666666667,0.8716666666666667,498.59999999999997,0.8453506698187548,0.6783333333333333,0.5416666666666667
B_sa,61,0.9290780141843972,0.6828211189913317,468.7080378250591,0.38000000000000006,0.25,231.76999999999998,0.43999999999999995,0.2844444444444444,256.16333333333336,0.43,0.2722222222222222,248.84333333333333,0.42,0.2688888888888889,243.59333333333333,0.4186666666666667,0.2644444444444445,246.76933333333332,0.9466666666666667,0.6811111111111111,475.8866666666667,0.6828211189913317,0.4175,0.2688888888888889
B_sa,62,0.9858156028368793,0.7100078802206461,494.74231678486996,0.25666666666666665,0.25722222222222224,177.92333333333332,0.27999999999999997,0.28388888888888886,188.48666666666668,0.2733333333333334,0.28,181.32000000000002,0.32,0.2866666666666667,199.54,0.2786666666666667,0.27444444444444444,186.25466666666668,1.0,0.71,500.0,0.7100078802206461,0.28250000000000003,0.27694444444444444
B_sa,63,0.983451536643026,0.6152482269503546,495.6252955082742,0.4766666666666666,0.3716666666666667,286.3333333333333,0.47000000000000003,0.37722222222222224,287.84999999999997,0.4066666666666667,0.3366666666666666,267.34999999999997,0.3,0.27999999999999997,215.40666666666667,0.45999999999999996,0.35800000000000004,286.12,1.0,0.6277777777777778,500.0,0.6152482269503546,0.41333333333333333,0.3413888888888889
B_sa,64,0.6749408983451537,0.3711583924349881,446.48345153664303,0.09666666666666668,0.12333333333333332,135.59666666666666,0.12666666666666668,0.1388888888888889,146.90666666666667,0.13333333333333333,0.1433333333333333,141.95666666666668,0.18666666666666665,0.16,161.27333333333334,0.12,0.13599999999999998,144.968,0.6733333333333333,0.37722222222222224,449.59999999999997,0.3711583924349881,0.13583333333333333,0.1413888888888889
B_sa,65,0.66548463356974,0.6765169424743892,435.53191489361706,0.15333333333333335,0.13833333333333334,161.46,0.18999999999999997,0.13666666666666666,186.84,0.17,0.11722222222222221,178.8066666666667,0.22,0.12444444444444445,216.71333333333334,0.16133333333333333,0.12266666666666666,168.42133333333334,0.6699999999999999,0.6855555555555556,434.9766666666667,0.6765169424743892,0.18333333333333332,0.12916666666666668
B_sa,66,0.9834515366430261,0.5313238770685579,492.99645390070924,0.13,0.17666666666666664,123.33666666666666,0.15333333333333332,0.18555555555555556,133.65666666666667,0.13333333333333333,0.16333333333333333,121.41666666666667,0.17333333333333334,0.16111111111111115,135.26000000000002,0.12,0.16466666666666666,118.29733333333333,1.0,0.5566666666666668,500.0,0.5313238770685579,0.1475,0.1716666666666667
B_sa,67,0.9479905437352244,0.6473601260835303,485.3853427895981,0.25,0.2633333333333333,171.58,0.25333333333333335,0.27,174.01,0.24,0.26222222222222213,165.55666666666667,0.22,0.2577777777777778,154.32,0.256,0.2693333333333333,174.636,0.9633333333333334,0.6594444444444444,492.3433333333333,0.6473601260835303,0.24083333333333334,0.2633333333333333
B_sa,68,0.7033096926713949,0.6579984239558708,464.48463356973997,0.02666666666666667,0.14666666666666664,95.81333333333333,0.03,0.14666666666666667,98.41333333333334,0.02,0.11333333333333333,91.08999999999999,0.04,0.09111111111111111,88.96666666666668,0.02266666666666667,0.13466666666666666,94.64933333333333,0.6933333333333334,0.6705555555555556,468.72,0.6579984239558708,0.029166666666666667,0.12444444444444444
B_sa,69,0.9787234042553191,0.7371946414499606,493.48108747044915,0.06666666666666667,0.17888888888888888,99.39,0.03666666666666667,0.1827777777777778,89.73333333333333,0.06,0.1388888888888889,90.48,0.013333333333333334,0.12444444444444445,66.86,0.042666666666666665,0.16311111111111112,90.532,0.9866666666666667,0.7511111111111112,497.9533333333334,0.7371946414499606,0.04416666666666667,0.15625000000000003
B_sa,70,0.9799054373522459,0.7825059101654845,492.07092198581563,0.24,0.2788888888888889,171.75666666666666,0.25333333333333335,0.3061111111111111,175.79333333333332,0.27999999999999997,0.2944444444444444,184.2833333333333,0.26,0.2811111111111111,171.44666666666663,0.25466666666666665,0.28666666666666674,175.90800000000002,0.9966666666666667,0.7788888888888889,498.4533333333334,0.7825059101654845,0.2583333333333333,0.29013888888888884
B_sa,71,0.8333333333333334,0.6426319936958235,482.741134751773,0.35333333333333333,0.2977777777777778,226.33666666666667,0.4466666666666667,0.34777777777777774,264.43333333333334,0.36000000000000004,0.30333333333333334,228.14999999999998,0.4533333333333333,0.33444444444444443,266.8866666666667,0.37200000000000005,0.30733333333333335,237.816,0.8566666666666666,0.6644444444444444,486.7033333333334,0.6426319936958235,0.4033333333333334,0.3208333333333333
B_sa,72,0.975177304964539,0.6918833727344365,490.8747044917257,0.0,0.23555555555555557,56.06999999999999,0.0,0.24111111111111108,56.24666666666667,0.0,0.20777777777777778,54.18666666666667,0.0,0.13555555555555557,50.28666666666667,0.0,0.2311111111111111,56.548,0.9933333333333333,0.7127777777777777,498.25,0.6918833727344365,0.0,0.205
B_sa,73,0.9834515366430261,0.5711189913317573,495.5070921985816,0.4033333333333333,0.25055555555555553,243.87,0.42,0.23444444444444443,251.78,0.3433333333333333,0.23,217.2166666666667,0.25333333333333335,0.18888888888888888,175.67333333333332,0.4000000000000001,0.24755555555555556,242.9346666666667,0.9933333333333333,0.5555555555555556,498.06333333333333,0.5711189913317573,0.355,0.2259722222222222
B_sa,74,0.6631205673758864,0.638100866824271,400.04373522458627,0.0,0.19111111111111115,75.23666666666666,0.0,0.2077777777777778,74.76666666666667,0.0,0.1733333333333333,71.25,0.0,0.18444444444444444,66.0,0.0,0.1862222222222222,74.39066666666666,0.7000000000000001,0.6594444444444445,413.7866666666667,0.638100866824271,0.0,0.18916666666666668
B_sa,75,0.9881796690307328,0.8284081954294719,494.76359338061474,0.04666666666666667,0.28888888888888886,80.51,0.05666666666666667,0.28555555555555556,84.49333333333334,0.03666666666666667,0.2433333333333333,72.24666666666667,0.07333333333333333,0.21000000000000002,85.47333333333334,0.04800000000000001,0.2771111111111111,80.01066666666667,1.0,0.8355555555555556,500.0,0.8284081954294719,0.05333333333333334,0.2569444444444444
B_sa,76,0.8368794326241135,0.4694641449960599,476.5023640661939,0.6233333333333334,0.3272222222222222,370.46333333333337,0.6333333333333333,0.34222222222222226,384.70666666666665,0.6333333333333333,0.33611111111111114,376.8833333333334,0.6066666666666667,0.3122222222222223,374.55333333333334,0.6093333333333333,0.3277777777777778,375.3213333333333,0.7999999999999999,0.49499999999999994,472.52,0.4694641449960599,0.6241666666666668,0.32944444444444443
B_sa,77,0.03427895981087463,0.26713947990543735,228.11111111111111,0.04,0.08166666666666667,150.62333333333333,0.04666666666666667,0.08666666666666666,159.79,0.04666666666666667,0.06555555555555555,138.57666666666668,0.006666666666666667,0.04111111111111112,119.04666666666667,0.047999999999999994,0.07733333333333332,145.52666666666667,0.04,0.28888888888888886,236.77666666666667,0.26713947990543735,0.034999999999999996,0.06874999999999999
B_sa,78,0.9822695035460992,0.7775807722616233,494.82033096926716,0.01,0.16944444444444445,66.58666666666666,0.05333333333333334,0.18277777777777776,86.01333333333332,0.03666666666666667,0.17166666666666666,75.42666666666666,0.05333333333333332,0.16111111111111112,79.38,0.036,0.17511111111111108,77.992,0.9966666666666667,0.7827777777777778,499.9533333333334,0.7775807722616233,0.03833333333333333,0.17124999999999999
B_sa,79,0.9799054373522457,0.6325847123719464,494.96217494089836,0.24333333333333332,0.23222222222222225,171.46333333333334,0.23666666666666666,0.2338888888888889,171.13000000000002,0.21999999999999997,0.22611111111111107,158.63666666666668,0.2733333333333334,0.22333333333333336,181.36666666666665,0.22533333333333336,0.23266666666666666,164.77599999999998,0.9933333333333333,0.6411111111111112,499.89000000000004,0.6325847123719464,0.24333333333333335,0.2288888888888889
B_sa,80,0.9314420803782507,0.6398739164696611,487.8297872340426,0.4266666666666667,0.2911111111111111,319.70666666666665,0.3766666666666667,0.2722222222222222,303.00333333333333,0.31666666666666665,0.23222222222222222,261.15333333333336,0.22666666666666668,0.19111111111111112,192.2266666666667,0.36933333333333335,0.2577777777777778,288.16,0.9400000000000001,0.6344444444444445,493.6166666666666,0.6398739164696611,0.33666666666666667,0.24666666666666665
B_sa,81,0.9893617021276594,0.5833333333333334,496.4444444444445,0.36000000000000004,0.1977777777777778,240.13666666666668,0.3866666666666667,0.19444444444444445,249.5666666666667,0.35000000000000003,0.17555555555555555,235.8066666666667,0.25333333333333335,0.13777777777777778,194.40666666666667,0.3546666666666667,0.18866666666666665,241.0146666666667,1.0,0.5905555555555555,500.0,0.5833333333333334,0.3375000000000001,0.1763888888888889
B_sa,82,0.9444444444444445,0.6408589440504334,490.2553191489362,0.5766666666666667,0.3722222222222222,335.8933333333334,0.5833333333333334,0.3927777777777778,339.5366666666667,0.5066666666666667,0.3305555555555555,306.6933333333333,0.41333333333333333,0.2811111111111111,256.75333333333333,0.56,0.3651111111111111,329.4506666666666,0.9499999999999998,0.6366666666666667,494.26,0.6408589440504334,0.52,0.3441666666666666
B_sa,83,0.983451536643026,0.6713947990543735,494.2056737588652,0.03,0.18222222222222223,76.34666666666666,0.04,0.17,83.61666666666667,0.023333333333333334,0.15444444444444447,69.97,0.14,0.13777777777777775,119.86666666666667,0.03866666666666667,0.168,80.04266666666668,1.0,0.6494444444444444,500.0,0.6713947990543735,0.058333333333333334,0.16111111111111112
B_sa,84,0.9621749408983452,0.7239952718676124,487.2765957446809,0.5733333333333334,0.46888888888888886,313.30333333333334,0.5833333333333334,0.48777777777777787,317.7366666666667,0.5333333333333333,0.4388888888888889,296.15999999999997,0.4066666666666667,0.3444444444444445,241.22,0.584,0.4751111111111112,318.46,0.9833333333333334,0.7105555555555556,495.1333333333334,0.7239952718676124,0.5241666666666667,0.43500000000000005
B_sa,85,0.9799054373522459,0.7249802994483845,491.4751773049645,0.09000000000000001,0.2722222222222222,100.50999999999999,0.10999999999999999,0.28888888888888886,108.84333333333332,0.13,0.2866666666666667,115.46999999999998,0.19333333333333336,0.34222222222222226,141.43333333333334,0.108,0.2742222222222222,108.72533333333332,1.0,0.7333333333333333,500.0,0.7249802994483845,0.13083333333333336,0.2975
B_sa,86,0.9822695035460992,0.6981875492513792,492.9586288416076,0.14333333333333334,0.10277777777777777,121.76666666666667,0.17,0.11277777777777777,133.45000000000002,0.15,0.09166666666666666,123.07000000000001,0.22,0.10333333333333333,151.17333333333332,0.15333333333333335,0.10066666666666664,126.472,0.9966666666666667,0.6816666666666668,498.45,0.6981875492513792,0.17083333333333334,0.10263888888888889
B_sa,87,0.8404255319148936,0.4436564223798266,464.91252955082746,0.0,0.08333333333333334,85.68,0.0033333333333333335,0.08222222222222224,86.17666666666668,0.0,0.06333333333333334,76.27,0.013333333333333334,0.03777777777777778,75.45333333333333,0.0,0.0768888888888889,82.02,0.8533333333333334,0.45166666666666666,469.7033333333334,0.4436564223798266,0.004166666666666667,0.06666666666666668
B_sa,88,0.9739952718676124,0.6767139479905437,491.40898345153664,0.26333333333333336,0.2322222222222222,204.27,0.25666666666666665,0.26,205.52666666666664,0.27666666666666667,0.25,207.6,0.22,0.24111111111111108,176.92666666666665,0.26533333333333337,0.24622222222222223,207.58666666666667,0.9933333333333333,0.6861111111111111,497.65333333333336,0.6767139479905437,0.25416666666666665,0.24583333333333332
B_sa,89,0.9290780141843972,0.7369976359338061,489.35815602836874,0.26,0.33166666666666667,233.76,0.2733333333333333,0.34555555555555556,240.83,0.27999999999999997,0.3188888888888889,227.1766666666667,0.27999999999999997,0.29555555555555557,206.58666666666667,0.26133333333333336,0.33422222222222225,229.50933333333333,0.9366666666666666,0.7488888888888888,494.3066666666667,0.7369976359338061,0.2733333333333333,0.32291666666666663
B_sa,90,0.6678486997635934,0.594956658786446,426.5141843971631,0.2333333333333333,0.17888888888888888,217.57666666666668,0.2733333333333333,0.20777777777777778,238.57666666666668,0.23333333333333336,0.1733333333333333,221.37666666666667,0.25333333333333335,0.21333333333333335,234.58,0.236,0.18044444444444446,219.89466666666667,0.6699999999999999,0.5872222222222222,427.28999999999996,0.594956658786446,0.24833333333333335,0.19333333333333333
B_sa,91,0.9810874704491725,0.6229314420803782,494.2541371158392,0.26333333333333336,0.30833333333333335,179.9,0.31,0.3266666666666666,201.36333333333334,0.22666666666666666,0.2833333333333334,160.06666666666666,0.28,0.26333333333333336,182.67999999999998,0.256,0.3006666666666667,176.07333333333335,1.0,0.6327777777777778,500.0,0.6229314420803782,0.27,0.2954166666666667
B_sa,92,0.9869976359338062,0.7990543735224587,495.78723404255317,0.29,0.31555555555555553,188.35333333333335,0.32666666666666666,0.33222222222222225,204.01999999999998,0.30333333333333334,0.3055555555555556,191.39,0.3066666666666667,0.25555555555555554,190.54666666666665,0.3146666666666667,0.3155555555555556,198.6,1.0,0.8099999999999999,500.0,0.7990543735224587,0.3066666666666667,0.3022222222222222
B_sa,93,0.8995271867612292,0.6260835303388494,479.00945626477534,0.08333333333333333,0.1577777777777778,102.30666666666666,0.08333333333333333,0.1622222222222222,101.29,0.09999999999999999,0.16555555555555557,105.90333333333332,0.08666666666666667,0.1577777777777778,97.10000000000001,0.08266666666666667,0.16177777777777774,101.19333333333333,0.9199999999999999,0.6405555555555557,484.0133333333333,0.6260835303388494,0.08833333333333333,0.16083333333333333
B_sa,94,0.7825059101654847,0.5640267927501971,477.8463356973995,0.049999999999999996,0.1938888888888889,118.33,0.10333333333333335,0.20500000000000002,141.13,0.06666666666666667,0.19833333333333336,122.13333333333333,0.17333333333333334,0.20222222222222222,158.64000000000001,0.057333333333333326,0.19844444444444445,123.82933333333334,0.7866666666666666,0.5611111111111111,484.2733333333333,0.5640267927501971,0.09833333333333334,0.19986111111111113
B_sa,95,0.9692671394799054,0.520488573680063,490.59929078014187,0.41333333333333333,0.1438888888888889,248.29333333333332,0.38000000000000006,0.14444444444444443,239.7166666666667,0.3433333333333333,0.13055555555555556,217.64,0.2733333333333334,0.11111111111111112,181.97333333333336,0.3666666666666667,0.1337777777777778,231.77066666666667,0.9866666666666667,0.5261111111111112,499.1666666666667,0.520488573680063,0.35250000000000004,0.1325
B_sa,96,0.9669030732860519,0.6026398739164697,485.0413711583924,0.29,0.19666666666666666,185.52666666666667,0.2966666666666667,0.20333333333333334,188.03666666666666,0.25333333333333335,0.17666666666666664,169.17333333333332,0.18666666666666668,0.17777777777777778,137.94,0.29733333333333334,0.19955555555555557,188.87866666666665,0.9866666666666667,0.6327777777777778,493.8233333333333,0.6026398739164697,0.2566666666666667,0.18861111111111112
B_sa,97,0.9787234042553191,0.8087076438140267,494.5555555555556,0.5366666666666666,0.2588888888888889,319.55333333333334,0.5166666666666666,0.2511111111111111,313.68,0.42,0.21388888888888888,277.99666666666667,0.2933333333333333,0.18222222222222223,230.01999999999998,0.4613333333333333,0.23799999999999996,293.876,1.0,0.8244444444444444,500.0,0.8087076438140267,0.4416666666666666,0.22652777777777777
B_sa,98,0.9669030732860519,0.774428684003152,490.31205673758865,0.49333333333333335,0.3977777777777778,282.68,0.5033333333333333,0.41277777777777774,288.01666666666665,0.48,0.37222222222222223,276.92333333333335,0.43999999999999995,0.36,258.8666666666667,0.492,0.39244444444444443,282.85999999999996,0.9899999999999999,0.7905555555555556,499.7166666666667,0.774428684003152,0.47916666666666663,0.38569444444444445
B_sa,99,0.9775413711583925,0.7507880220646178,491.9704491725768,0.15333333333333335,0.2611111111111111,126.44000000000001,0.21,0.275,150.81333333333333,0.17,0.2638888888888889,132.05666666666664,0.24,0.2533333333333333,158.97333333333333,0.16533333333333333,0.26711111111111113,132.02266666666665,0.9966666666666667,0.7438888888888888,498.4766666666667,0.7507880220646178,0.19333333333333333,0.2633333333333333
B_sa,100,0.9929078014184398,0.7389676910953507,498.1643026004728,0.7233333333333333,0.5066666666666667,386.22,0.7866666666666666,0.5038888888888889,411.69666666666666,0.7600000000000001,0.45,399.43666666666667,0.68,0.34444444444444444,367.82666666666665,0.7586666666666667,0.4922222222222222,400.0653333333333,1.0,0.7388888888888889,500.0,0.7389676910953507,0.7375,0.45125000000000004
N,1,0.9846335697399526,0.5825453112687154,494.8250591016549,0.22666666666666666,0.24166666666666672,164.66333333333333,0.25333333333333335,0.2638888888888889,177.0533333333333,0.19666666666666666,0.23333333333333334,148.26666666666668,0.20000000000000004,0.23777777777777773,144.66666666666666,0.22266666666666668,0.2431111111111111,162.5053333333333,1.0,0.59,500.0,0.5825453112687154,0.21916666666666668,0.24416666666666667
N,2,0.8652482269503546,0.6619385342789599,483.32742316784874,0.5133333333333333,0.4366666666666667,290.55333333333334,0.5533333333333333,0.47444444444444445,306.62,0.49,0.40222222222222226,279.57666666666665,0.45333333333333337,0.32666666666666666,262.99333333333334,0.548,0.45155555555555554,304.68533333333335,0.86,0.645,486.8966666666667,0.6619385342789599,0.5025,0.41000000000000003
N,3,0.9869976359338061,0.5732860520094563,495.2234042553191,0.22999999999999998,0.2661111111111111,170.0533333333333,0.22666666666666668,0.27111111111111114,173.15,0.19999999999999998,0.2544444444444445,157.92666666666665,0.12,0.19777777777777777,121.47333333333331,0.23199999999999998,0.26355555555555554,172.804,1.0,0.5877777777777777,500.0,0.5732860520094563,0.19416666666666665,0.24736111111111114
N,4,0.8569739952718676,0.5275807722616234,473.1678486997636,0.4266666666666667,0.32555555555555554,265.92,0.43,0.32777777777777783,267.33,0.4533333333333333,0.3044444444444444,270.1133333333333,0.42,0.24,253.54666666666665,0.4386666666666666,0.31511111111111106,268.6066666666667,0.84,0.5383333333333333,474.56333333333333,0.5275807722616234,0.4325,0.2994444444444444
N,5,0.9799054373522459,0.6351457840819543,495.9609929078014,0.3966666666666667,0.35944444444444446,281.84,0.4033333333333333,0.36888888888888893,278.94,0.4033333333333333,0.35722222222222216,271.59,0.4000000000000001,0.2977777777777778,256.9933333333333,0.38533333333333336,0.36466666666666664,269.03999999999996,0.9866666666666667,0.6344444444444444,499.24666666666667,0.6351457840819543,0.4008333333333334,0.3458333333333333
N,6,0.9704491725768322,0.6863672182821119,487.0508274231679,0.0,0.10111111111111111,55.02,0.0,0.10333333333333333,54.879999999999995,0.0,0.09555555555555555,53.26666666666666,0.0,0.10444444444444445,48.98,0.0,0.09688888888888889,55.44133333333334,0.9966666666666667,0.6883333333333334,498.42,0.6863672182821119,0.0,0.10111111111111111
N,7,0.8924349881796689,0.580181245074862,479.5874704491726,0.37333333333333335,0.225,245.49333333333334,0.3833333333333333,0.2288888888888889,248.04,0.36333333333333334,0.2222222222222222,233.86333333333332,0.19333333333333336,0.14888888888888888,162.44666666666666,0.37733333333333335,0.23066666666666666,244.12666666666667,0.9066666666666666,0.5805555555555557,484.47333333333336,0.580181245074862,0.3283333333333333,0.20625
N,8,0.9881796690307327,0.6593774625689519,496.4609929078014,0.3866666666666667,0.28888888888888886,236.35333333333332,0.48333333333333334,0.3327777777777778,277.82666666666665,0.4633333333333334,0.3,266.53000000000003,0.5866666666666667,0.30444444444444446,319.52666666666664,0.428,0.2946666666666667,253.87333333333333,1.0,0.6783333333333332,500.0,0.6593774625689519,0.48000000000000004,0.3065277777777778
N,9,0.7304964539007092,0.5699369582348306,453.1761229314421,0.6933333333333334,0.43388888888888894,388.44000000000005,0.71,0.4855555555555555,397.4466666666667,0.6766666666666667,0.4683333333333334,382.18,0.5533333333333333,0.41000000000000003,330.7733333333333,0.6960000000000001,0.46155555555555555,391.86133333333333,0.7333333333333334,0.5644444444444444,452.1233333333333,0.5699369582348306,0.6583333333333333,0.44944444444444454
N,10,0.9822695035460992,0.5508274231678486,494.63238770685575,0.20333333333333334,0.2122222222222222,159.71666666666667,0.24000000000000002,0.2177777777777778,173.86,0.18666666666666668,0.1627777777777778,145.99666666666667,0.2333333333333333,0.14444444444444446,163.38666666666666,0.18933333333333333,0.19,151.42533333333333,0.9966666666666667,0.5677777777777778,498.90333333333336,0.5508274231678486,0.21583333333333332,0.18430555555555558
N,11,0.9858156028368793,0.7827029156816391,495.0047281323877,0.31666666666666665,0.20666666666666667,202.98666666666668,0.34,0.21944444444444444,213.75333333333333,0.26333333333333336,0.20388888888888887,177.9433333333333,0.21333333333333335,0.2111111111111111,156.16,0.312,0.21377777777777776,200.64133333333334,1.0,0.7766666666666666,500.0,0.7827029156816391,0.2833333333333334,0.21027777777777779
N,12,0.9822695035460992,0.6532702915681639,492.90425531914894,0.0,0.14222222222222222,58.163333333333334,0.0033333333333333335,0.1733333333333333,59.776666666666664,0.0,0.19,55.796666666666674,0.013333333333333334,0.20666666666666667,58.20666666666667,0.0,0.1675555555555556,58.40133333333333,1.0,0.6594444444444445,500.0,0.6532702915681639,0.004166666666666667,0.17805555555555555
N,13,0.9598108747044917,0.6089440504334122,484.8321513002364,0.2866666666666667,0.2394444444444444,197.36333333333332,0.3033333333333333,0.24166666666666667,203.32333333333335,0.22,0.2038888888888889,171.49666666666667,0.16666666666666666,0.16888888888888887,146.55999999999997,0.26,0.23333333333333334,189.90266666666665,0.98,0.6166666666666667,491.8833333333334,0.6089440504334122,0.24416666666666664,0.2134722222222222
N,14,0.9799054373522459,0.5929866036249014,492.04255319148933,0.16,0.19777777777777775,131.64333333333335,0.16666666666666666,0.20777777777777776,134.71,0.14666666666666667,0.19333333333333336,122.34666666666665,0.11333333333333334,0.1622222222222222,103.48666666666666,0.14933333333333335,0.20088888888888887,126.54,0.9933333333333333,0.5900000000000001,496.9266666666667,0.5929866036249014,0.14666666666666667,0.19027777777777777
N,15,0.9858156028368793,0.8108747044917257,494.76359338061474,0.18333333333333335,0.29555555555555557,142.98666666666668,0.21,0.3261111111111111,154.00666666666666,0.17666666666666667,0.28722222222222227,136.15666666666667,0.15333333333333335,0.23555555555555557,123.78666666666668,0.17733333333333334,0.2966666666666667,138.94000000000003,1.0,0.8077777777777777,500.0,0.8108747044917257,0.18083333333333332,0.2861111111111111
N,16,0.9503546099290782,0.6128841607565012,488.0886524822695,0.6233333333333334,0.3177777777777778,351.92,0.62,0.32722222222222225,352.0466666666667,0.5366666666666666,0.28055555555555556,316.2366666666667,0.4000000000000001,0.23777777777777778,256.3666666666667,0.564,0.2993333333333333,330.036,0.9666666666666667,0.6016666666666666,491.8033333333333,0.6128841607565012,0.545,0.29083333333333333
N,17,0.9562647754137115,0.4767533490937746,490.8522458628842,0.21666666666666667,0.16055555555555553,198.4366666666667,0.20333333333333334,0.1622222222222222,193.93999999999997,0.16333333333333333,0.15444444444444447,171.03,0.08,0.11333333333333333,139.45333333333335,0.18533333333333335,0.1557777777777778,194.22799999999998,0.9733333333333333,0.47833333333333333,496.8,0.4767533490937746,0.16583333333333333,0.14763888888888888
N,18,0.9869976359338062,0.6617415287628053,497.2186761229314,0.6866666666666666,0.31055555555555553,370.6066666666666,0.7833333333333333,0.3327777777777778,408.3633333333334,0.7233333333333333,0.31166666666666665,383.15000000000003,0.6733333333333333,0.30888888888888894,361.3666666666666,0.7253333333333334,0.31733333333333336,384.384,0.9966666666666667,0.645,499.3766666666667,0.6617415287628053,0.7166666666666667,0.3159722222222222
N,19,0.6761229314420804,0.5821513002364067,453.01654846335697,0.48666666666666664,0.3427777777777778,299.5366666666667,0.5133333333333333,0.3605555555555556,310.1766666666667,0.43333333333333335,0.31333333333333335,271.9066666666667,0.4333333333333333,0.31444444444444447,272.6466666666667,0.47733333333333333,0.34311111111111103,293.4413333333334,0.68,0.5872222222222223,456.3566666666666,0.5821513002364067,0.4666666666666667,0.3327777777777778
N,20,0.9680851063829787,0.7899921197793538,492.78014184397165,0.4633333333333333,0.38499999999999995,270.3566666666667,0.48666666666666675,0.3994444444444445,279.3333333333333,0.5033333333333334,0.3577777777777778,284.01,0.4666666666666666,0.3277777777777777,267.0933333333333,0.508,0.38177777777777777,287.524,0.9933333333333333,0.8033333333333333,499.85999999999996,0.7899921197793538,0.48000000000000004,0.3675
N,21,0.8628841607565011,0.7470449172576831,474.258865248227,0.17333333333333334,0.24111111111111108,224.1933333333333,0.20000000000000004,0.28888888888888886,241.23333333333335,0.19999999999999998,0.27999999999999997,217.36666666666667,0.22,0.32222222222222224,204.02666666666667,0.19200000000000003,0.2591111111111111,226.48666666666665,0.8666666666666667,0.7488888888888889,478.04333333333335,0.7470449172576831,0.19833333333333333,0.2830555555555555
N,22,0.9905437352245862,0.6853821907013395,497.0508274231679,0.25333333333333335,0.14777777777777779,175.59666666666666,0.25,0.1622222222222222,175.79333333333332,0.2833333333333333,0.14444444444444443,185.59666666666666,0.3466666666666667,0.16444444444444448,212.47333333333336,0.252,0.14866666666666667,175.00266666666667,1.0,0.6888888888888889,500.0,0.6853821907013395,0.2833333333333333,0.15472222222222223
N,23,0.9692671394799056,0.7188731284475967,488.13120567375887,0.20666666666666667,0.25555555555555554,157.46666666666667,0.19999999999999998,0.23055555555555557,155.75666666666666,0.17666666666666667,0.20111111111111113,143.49999999999997,0.11333333333333333,0.15333333333333335,114.38,0.20133333333333334,0.2326666666666667,156.00533333333334,0.9966666666666667,0.7283333333333334,498.42,0.7188731284475967,0.17416666666666664,0.21013888888888888
N,24,0.8522458628841608,0.6063829787234042,472.43735224586294,0.21333333333333335,0.14722222222222225,187.1866666666667,0.27,0.15666666666666665,207.03,0.19333333333333336,0.10055555555555555,167.87,0.22,0.09666666666666668,170.16,0.208,0.1311111111111111,179.93733333333333,0.8566666666666666,0.6088888888888889,475.8933333333334,0.6063829787234042,0.22416666666666668,0.12527777777777777
N,25,0.6063829787234042,0.6250985027580772,387.8605200945626,0.0,0.29,89.0,0.0,0.3044444444444445,88.50333333333333,0.0,0.2866666666666666,80.08,0.0,0.2511111111111111,69.12,0.0,0.30488888888888893,87.596,0.6166666666666667,0.6422222222222222,392.0566666666667,0.6250985027580772,0.0,0.28305555555555556
N,26,0.9869976359338061,0.927304964539007,496.0555555555556,0.37333333333333335,0.3505555555555555,230.48333333333335,0.3566666666666667,0.3688888888888889,224.69333333333336,0.39333333333333337,0.33999999999999997,235.57333333333335,0.37333333333333335,0.2655555555555555,227.42666666666665,0.3866666666666667,0.36466666666666664,235.03066666666666,0.9966666666666667,0.9450000000000001,499.99333333333334,0.927304964539007,0.37416666666666665,0.33125
N,27,0.9539007092198583,0.6576044129235619,479.01654846335697,0.0,0.027777777777777776,54.9,0.0,0.034444444444444444,54.593333333333334,0.0,0.02111111111111111,53.166666666666664,0.0,0.02666666666666667,48.82,0.0,0.025777777777777774,55.27866666666667,0.9700000000000001,0.6627777777777777,486.31333333333333,0.6576044129235619,0.0,0.0275
N,28,0.9539007092198583,0.6396769109535066,493.3841607565012,0.09333333333333334,0.1577777777777778,102.33666666666666,0.11666666666666665,0.16722222222222224,113.11000000000001,0.13,0.1727777777777778,114.98,0.17333333333333334,0.1488888888888889,131.77333333333334,0.10133333333333333,0.16622222222222224,106.036,0.96,0.6111111111111112,498.44,0.6396769109535066,0.12833333333333333,0.16166666666666668
N,29,0.9881796690307328,0.7466509062253743,496.1418439716312,0.44,0.3538888888888888,255.15666666666667,0.49,0.39944444444444444,276.71,0.44333333333333336,0.3616666666666667,256.0566666666667,0.43333333333333335,0.3755555555555556,250.83333333333334,0.45999999999999996,0.37044444444444447,264.03866666666664,1.0,0.7583333333333333,500.0,0.7466509062253743,0.45166666666666666,0.37263888888888885
N,30,0.9704491725768322,0.6615445232466508,490.84751773049646,0.25666666666666665,0.32944444444444443,171.65666666666667,0.2866666666666667,0.34111111111111114,186.03333333333333,0.2733333333333333,0.305,177.6833333333333,0.26666666666666666,0.2288888888888889,172.35999999999999,0.268,0.32422222222222224,177.57333333333335,0.9766666666666666,0.675,497.04333333333335,0.6615445232466508,0.2708333333333333,0.3011111111111111
N,31,0.9728132387706857,0.609338061465721,494.4799054373523,0.45,0.23277777777777775,266.94666666666666,0.54,0.2611111111111112,304.6766666666667,0.43,0.22,256.92,0.42,0.19111111111111112,250.51333333333332,0.45333333333333337,0.2388888888888889,267.97066666666666,0.9933333333333333,0.616111111111111,498.5733333333333,0.609338061465721,0.45999999999999996,0.22625
N,32,0.9598108747044917,0.6341607565011821,493.3510638297873,0.6333333333333333,0.22999999999999998,347.78000000000003,0.6366666666666666,0.2566666666666667,349.2633333333333,0.58,0.21444444444444444,325.5933333333333,0.43333333333333335,0.22555555555555556,265.42,0.6413333333333333,0.23866666666666667,352.23066666666665,0.98,0.63,498.3766666666667,0.6341607565011821,0.5708333333333333,0.2316666666666667
N,33,0.9716312056737587,0.5571315996847912,487.91371158392434,0.3633333333333333,0.2777777777777778,225.91333333333333,0.3833333333333333,0.29277777777777775,235.86666666666665,0.3466666666666667,0.25333333333333335,215.72333333333333,0.24,0.2077777777777778,165.9,0.34800000000000003,0.26999999999999996,220.84400000000002,0.9899999999999999,0.5655555555555556,496.7833333333333,0.5571315996847912,0.3333333333333333,0.2579166666666667
N,34,0.9456264775413712,0.6664696611505121,491.1264775413711,0.4333333333333333,0.395,255.39666666666668,0.51,0.425,287.26,0.45999999999999996,0.38277777777777783,264.5566666666667,0.41333333333333333,0.34,245.73333333333335,0.45199999999999996,0.4082222222222222,263.08933333333334,0.9633333333333334,0.6627777777777777,496.0,0.6664696611505121,0.45416666666666666,0.3856944444444445
N,35,0.8498817966903074,0.46611505122143415,476.2848699763593,0.09999999999999999,0.0961111111111111,131.48666666666668,0.14,0.12777777777777777,148.85,0.16,0.11166666666666666,147.04,0.19999999999999998,0.12000000000000002,159.35999999999999,0.13866666666666666,0.11,142.79466666666667,0.8233333333333333,0.45999999999999996,478.99666666666667,0.46611505122143415,0.15,0.11388888888888887
N,36,0.9728132387706855,0.4259259259259259,495.1643026004728,0.18333333333333335,0.07888888888888888,148.19000000000003,0.21666666666666667,0.08055555555555556,171.00666666666666,0.15666666666666665,0.05,142.95333333333335,0.3133333333333334,0.09000000000000001,214.18666666666664,0.17466666666666666,0.06177777777777778,153.20133333333334,0.9766666666666667,0.42500000000000004,498.41,0.4259259259259259,0.21750000000000003,0.07486111111111111
N,37,0.710401891252955,0.5429472025216706,458.17139479905444,0.29333333333333333,0.30888888888888894,218.24666666666667,0.3166666666666667,0.3277777777777778,232.86666666666667,0.34,0.31999999999999995,238.42,0.4066666666666667,0.34555555555555556,250.16666666666666,0.3186666666666667,0.32222222222222224,229.14,0.7000000000000001,0.5349999999999999,457.56,0.5429472025216706,0.3391666666666667,0.32555555555555554
N,38,0.9113475177304965,0.7105988967691095,490.34397163120565,0.18999999999999997,0.2822222222222222,145.85,0.20666666666666667,0.29,156.26,0.20666666666666667,0.25333333333333335,150.01333333333332,0.24666666666666667,0.2677777777777778,169.96,0.208,0.26955555555555555,154.48000000000002,0.9266666666666667,0.7255555555555556,496.32666666666665,0.7105988967691095,0.2125,0.2733333333333333
N,39,0.9692671394799054,0.5868794326241135,492.6477541371159,0.69,0.24444444444444444,371.8299999999999,0.7000000000000001,0.2511111111111112,375.84999999999997,0.6866666666666666,0.23277777777777775,367.16,0.5733333333333334,0.19222222222222224,322.9066666666667,0.7093333333333334,0.24622222222222218,378.3226666666667,0.9933333333333333,0.5933333333333333,499.19,0.5868794326241135,0.6625,0.2301388888888889
N,40,0.9361702127659575,0.4517336485421592,489.62056737588654,0.5133333333333333,0.18666666666666668,297.51,0.52,0.18222222222222223,301.08666666666664,0.4466666666666667,0.15888888888888889,271.13000000000005,0.32,0.10777777777777778,217.46,0.5,0.176,293.132,0.9500000000000001,0.45555555555555555,495.6033333333333,0.4517336485421592,0.45,0.15888888888888889
N,41,0.9810874704491725,0.6710007880220646,494.54373522458627,0.4266666666666667,0.39111111111111113,253.09333333333336,0.47000000000000003,0.4122222222222222,271.1333333333333,0.4266666666666667,0.36333333333333334,251.84333333333333,0.3333333333333333,0.29111111111111115,211.44000000000003,0.43599999999999994,0.3817777777777777,257.0493333333333,0.9933333333333333,0.6755555555555556,498.95666666666665,0.6710007880220646,0.4141666666666667,0.36444444444444446
N,42,0.6678486997635934,0.6542553191489362,425.4822695035461,0.35333333333333333,0.3627777777777778,274.7033333333333,0.3633333333333333,0.3994444444444445,277.9066666666667,0.3333333333333333,0.3866666666666667,249.87666666666667,0.3133333333333333,0.39222222222222225,229.14,0.3546666666666667,0.38333333333333336,268.24266666666665,0.6733333333333333,0.6494444444444445,428.37000000000006,0.6542553191489362,0.34083333333333327,0.38527777777777783
N,43,0.9893617021276596,0.6375098502758078,496.3037825059102,0.27999999999999997,0.30444444444444446,182.97,0.31,0.318888888888889,195.79,0.31,0.31222222222222223,194.0533333333333,0.3133333333333333,0.30888888888888894,193.23333333333335,0.292,0.30844444444444447,188.63733333333334,1.0,0.6327777777777779,500.0,0.6375098502758078,0.3033333333333333,0.31111111111111117
N,44,0.9810874704491727,0.6938534278959811,495.0248226950354,0.14666666666666667,0.2866666666666667,130.57,0.21666666666666667,0.3288888888888889,161.24333333333334,0.18333333333333335,0.30111111111111116,150.00333333333333,0.20666666666666667,0.27555555555555555,157.98000000000002,0.17066666666666666,0.3,141.852,0.9766666666666667,0.6933333333333332,497.99,0.6938534278959811,0.18833333333333332,0.2980555555555556
N,45,0.784869976359338,0.5628447596532702,478.3427895981087,0.68,0.31055555555555553,397.9966666666666,0.7266666666666667,0.32722222222222225,415.3233333333333,0.5966666666666667,0.2777777777777778,370.0433333333333,0.3866666666666667,0.2111111111111111,262.09999999999997,0.66,0.2962222222222222,396.12399999999997,0.8266666666666667,0.5866666666666667,484.8966666666667,0.5628447596532702,0.5975,0.2816666666666667
N,46,0.3782505910165484,0.7667454688731284,325.99054373522455,0.2833333333333333,0.4166666666666667,223.29666666666665,0.2866666666666667,0.4244444444444444,222.6966666666667,0.25666666666666665,0.36333333333333334,204.2733333333333,0.17333333333333334,0.28888888888888886,163.50666666666666,0.28933333333333333,0.408,222.2106666666667,0.3666666666666667,0.7711111111111111,330.66,0.7667454688731284,0.25,0.3733333333333333
N,47,0.5059101654846335,0.2905831363278171,383.7316784869977,0.2966666666666667,0.18333333333333332,235.07666666666668,0.29333333333333333,0.18444444444444444,234.78,0.26333333333333336,0.16666666666666666,220.22333333333336,0.18000000000000002,0.16222222222222224,175.25333333333333,0.3,0.17733333333333332,236.14533333333335,0.47000000000000003,0.28055555555555556,375.2133333333333,0.2905831363278171,0.25833333333333336,0.17416666666666666
N,48,0.6631205673758865,0.6613475177304964,388.39125295508273,0.27666666666666667,0.4033333333333333,197.71666666666667,0.27666666666666667,0.3977777777777778,196.78333333333333,0.24333333333333332,0.3466666666666667,180.54333333333332,0.16666666666666666,0.22444444444444445,143.68666666666667,0.27599999999999997,0.3937777777777778,196.65200000000002,0.6766666666666667,0.665,390.87000000000006,0.6613475177304964,0.24083333333333332,0.34305555555555556
N,49,0.983451536643026,0.7988573680063041,495.8877068557919,0.3433333333333333,0.27666666666666667,240.64333333333335,0.35333333333333333,0.3055555555555556,245.14666666666668,0.33666666666666667,0.30722222222222223,242.45000000000002,0.3466666666666667,0.30888888888888894,241.84,0.32266666666666666,0.28555555555555556,239.5786666666667,0.9899999999999999,0.8055555555555556,498.42,0.7988573680063041,0.345,0.29958333333333337
N,50,0.9822695035460992,0.6968085106382979,492.0035460992908,0.02,0.17944444444444446,67.42333333333333,0.016666666666666666,0.21333333333333332,68.83666666666666,0.0033333333333333335,0.18222222222222223,58.85,0.006666666666666667,0.18555555555555553,56.379999999999995,0.018666666666666665,0.18622222222222223,67.65466666666667,0.9966666666666667,0.701111111111111,498.4433333333333,0.6968085106382979,0.011666666666666667,0.19013888888888886
N,51,0.9810874704491725,0.6467691095350669,493.49527186761225,0.3,0.1633333333333333,190.93666666666664,0.3066666666666667,0.16777777777777778,193.46,0.29,0.16166666666666668,185.29999999999998,0.22666666666666668,0.15111111111111114,156.37333333333333,0.304,0.16577777777777777,192.76666666666665,0.9933333333333333,0.65,499.54333333333335,0.6467691095350669,0.2808333333333334,0.16097222222222224
N,52,0.9799054373522459,0.6296296296296297,493.3971631205674,0.18333333333333335,0.1733333333333333,146.31,0.2233333333333333,0.2011111111111111,164.65666666666667,0.20666666666666667,0.16666666666666666,151.53333333333333,0.26,0.17777777777777778,173.84666666666666,0.20266666666666666,0.17822222222222223,153.244,0.9899999999999999,0.6405555555555557,497.58666666666664,0.6296296296296297,0.21833333333333332,0.17972222222222223
N,53,0.9680851063829787,0.7399527186761229,488.0035460992908,0.09333333333333334,0.17,107.5,0.07333333333333333,0.1577777777777778,99.42666666666666,0.07666666666666667,0.14333333333333334,94.51333333333332,0.04666666666666667,0.11555555555555555,75.56666666666666,0.064,0.15333333333333332,94.42266666666666,0.9899999999999999,0.7472222222222221,496.99666666666667,0.7399527186761229,0.07250000000000001,0.14666666666666667
N,54,0.9716312056737588,0.49408983451536637,493.6442080378251,0.15000000000000002,0.11166666666666669,185.59333333333333,0.15666666666666665,0.1211111111111111,195.87333333333333,0.11333333333333333,0.09388888888888888,166.70000000000002,0.19333333333333336,0.13,174.46666666666667,0.12266666666666666,0.10022222222222223,180.31733333333332,0.9933333333333333,0.5205555555555554,499.2633333333333,0.49408983451536637,0.15333333333333332,0.11416666666666667
N,55,0.9775413711583925,0.6558313632781716,493.3132387706856,0.27666666666666667,0.21555555555555556,185.01333333333332,0.3066666666666667,0.24222222222222226,197.98,0.3066666666666667,0.2188888888888889,195.34333333333333,0.3933333333333333,0.26888888888888884,231.48666666666668,0.2853333333333333,0.22577777777777777,188.97866666666664,0.9966666666666667,0.6622222222222223,499.9533333333334,0.6558313632781716,0.32083333333333336,0.2363888888888889
N,56,0.9349881796690308,0.6851851851851851,491.53546099290776,0.15666666666666668,0.15,154.85,0.17,0.15555555555555556,171.09,0.1466666666666667,0.13333333333333333,153.65333333333334,0.1466666666666667,0.11111111111111109,145.32,0.15466666666666665,0.15288888888888888,156.95466666666667,0.96,0.6733333333333333,496.1666666666667,0.6851851851851851,0.15500000000000003,0.13749999999999998
N,57,0.958628841607565,0.7358156028368793,484.0200945626478,0.0,0.24111111111111108,57.51333333333333,0.0033333333333333335,0.2588888888888889,59.403333333333336,0.0,0.2444444444444445,55.526666666666664,0.006666666666666667,0.2111111111111111,54.633333333333326,0.0,0.24799999999999997,57.99466666666667,0.9833333333333334,0.7388888888888889,496.77,0.7358156028368793,0.0025,0.2388888888888889
N,58,0.9491725768321513,0.6473601260835303,488.9763593380615,0.02666666666666667,0.12444444444444448,120.47333333333331,0.06,0.14777777777777779,132.10666666666665,0.03666666666666667,0.11888888888888889,107.16333333333334,0.08666666666666667,0.12888888888888891,115.58,0.03333333333333333,0.12088888888888889,118.60666666666667,0.9700000000000001,0.6616666666666667,494.02,0.6473601260835303,0.052500000000000005,0.13
N,59,0.9917257683215132,0.543538219070134,497.15602836879435,0.37666666666666665,0.24666666666666665,234.80666666666664,0.4333333333333333,0.2872222222222222,261.21666666666664,0.4033333333333334,0.27166666666666667,241.68999999999997,0.54,0.2766666666666666,302.9066666666667,0.3826666666666667,0.25822222222222224,236.66533333333334,1.0,0.5327777777777778,500.0,0.543538219070134,0.43833333333333335,0.27055555555555555
N,60,0.9609929078014184,0.6345547675334908,490.4940898345153,0.0033333333333333335,0.04333333333333333,59.99,0.006666666666666667,0.05333333333333334,64.10333333333334,0.0,0.03888888888888889,56.129999999999995,0.03333333333333333,0.03777777777777778,67.02666666666667,0.005333333333333333,0.047111111111111104,61.673333333333325,0.9666666666666668,0.6177777777777779,497.1233333333333,0.6345547675334908,0.010833333333333334,0.04333333333333333
N,61,0.7151300236406618,0.4123325453112687,445.21394799054366,0.58,0.33,364.36000000000007,0.6066666666666667,0.3311111111111111,374.83666666666664,0.5566666666666666,0.29111111111111115,349.26,0.48,0.22444444444444445,294.5466666666667,0.6066666666666667,0.32866666666666666,373.664,0.7033333333333333,0.4083333333333334,444.78999999999996,0.4123325453112687,0.5558333333333333,0.2941666666666667
N,62,0.9893617021276596,0.755713159968479,495.7565011820331,0.3,0.39444444444444443,191.98333333333335,0.3233333333333333,0.43555555555555553,202.17999999999998,0.3,0.3877777777777778,190.51,0.29333333333333333,0.36444444444444435,185.76,0.3173333333333333,0.4053333333333333,199.53066666666666,1.0,0.7566666666666667,500.0,0.755713159968479,0.3041666666666667,0.3955555555555555
N,63,0.9858156028368795,0.6008668242710795,495.53782505910164,0.24,0.14555555555555555,167.79,0.3233333333333333,0.17666666666666664,202.23666666666668,0.3033333333333333,0.15222222222222223,192.31333333333336,0.3466666666666667,0.17999999999999997,209.36666666666667,0.2786666666666667,0.1462222222222222,183.71200000000002,1.0,0.5883333333333334,500.0,0.6008668242710795,0.3033333333333333,0.1636111111111111
N,64,0.6465721040189125,0.4160756501182033,391.0744680851064,0.2966666666666667,0.21000000000000002,206.47666666666666,0.3066666666666667,0.2122222222222222,209.49,0.29333333333333333,0.2022222222222222,200.41333333333333,0.24,0.16888888888888887,174.45333333333335,0.3026666666666667,0.20755555555555558,207.11066666666667,0.66,0.44666666666666666,398.3533333333333,0.4160756501182033,0.2841666666666667,0.1983333333333333
N,65,0.9739952718676123,0.6788810086682427,494.23049645390074,0.52,0.3905555555555556,299.0133333333334,0.5433333333333333,0.39611111111111114,308.52,0.49333333333333335,0.3533333333333333,287.95,0.3666666666666667,0.23444444444444443,237.12,0.5226666666666667,0.3888888888888889,302.04266666666666,0.9899999999999999,0.6811111111111112,498.9266666666667,0.6788810086682427,0.4808333333333334,0.34361111111111114
N,66,0.9716312056737587,0.6972025216706068,495.02836879432624,0.25333333333333335,0.2138888888888889,177.51666666666665,0.28,0.24388888888888893,190.35000000000002,0.24666666666666667,0.22444444444444442,170.65,0.20000000000000004,0.23555555555555555,149.37333333333333,0.256,0.22711111111111112,178.40266666666665,0.98,0.6911111111111111,499.05,0.6972025216706068,0.24500000000000005,0.22944444444444445
N,67,0.8321513002364066,0.4168636721828211,471.3522458628842,0.2866666666666667,0.10944444444444446,269.6166666666667,0.24333333333333332,0.09333333333333334,253.35999999999999,0.17666666666666667,0.06722222222222221,211.25,0.10666666666666667,0.044444444444444446,164.15333333333334,0.21733333333333335,0.08533333333333333,238.66,0.85,0.44166666666666665,478.8633333333333,0.4168636721828211,0.20333333333333334,0.07861111111111112
N,68,0.9834515366430261,0.45547675334909377,495.6312056737588,0.15666666666666668,0.06333333333333334,133.14333333333332,0.19666666666666666,0.06499999999999999,152.64000000000001,0.15333333333333332,0.059444444444444446,132.16,0.10666666666666667,0.06444444444444446,124.63999999999999,0.14533333333333334,0.059111111111111114,131.06,0.9933333333333333,0.4488888888888889,499.64000000000004,0.45547675334909377,0.15333333333333332,0.06305555555555556
N,69,0.9692671394799053,0.6207643814026792,493.7706855791962,0.5099999999999999,0.39722222222222214,294.0466666666667,0.4833333333333334,0.41444444444444445,287.48,0.5133333333333333,0.43388888888888894,293.50333333333333,0.5399999999999999,0.43666666666666665,303.0733333333333,0.5226666666666667,0.4184444444444444,299.9066666666667,0.9833333333333334,0.6211111111111111,498.56666666666666,0.6207643814026792,0.5116666666666666,0.42055555555555557
N,70,0.8144208037825059,0.6111111111111112,462.0780141843972,0.10999999999999999,0.14777777777777779,156.84666666666666,0.11333333333333333,0.16055555555555556,155.72333333333333,0.056666666666666664,0.1311111111111111,120.81333333333332,0.02666666666666667,0.14444444444444443,94.16666666666667,0.076,0.12977777777777774,137.92933333333332,0.8433333333333334,0.6200000000000001,470.27666666666664,0.6111111111111112,0.07666666666666666,0.14597222222222223
N,71,0.9680851063829786,0.6052009456264775,490.1252955082742,0.29,0.2761111111111111,186.72,0.33,0.29166666666666663,202.71333333333334,0.31,0.28277777777777774,193.14,0.3,0.22333333333333336,186.12666666666667,0.312,0.28800000000000003,196.044,0.9933333333333333,0.5972222222222221,496.93,0.6052009456264775,0.3075,0.2684722222222222
N,72,0.9846335697399526,0.7206461780929865,495.33924349881795,0.4166666666666667,0.35611111111111116,252.26999999999998,0.4633333333333334,0.3677777777777778,271.24,0.37333333333333335,0.32222222222222224,230.63,0.2866666666666667,0.23222222222222225,191.75333333333333,0.4106666666666667,0.35133333333333333,247.80933333333334,0.9966666666666667,0.73,499.1033333333333,0.7206461780929865,0.385,0.3195833333333334
N,73,0.6702127659574467,0.5541765169424744,457.7210401891253,0.19666666666666668,0.24611111111111117,236.97333333333336,0.21333333333333335,0.2572222222222222,244.46,0.21333333333333335,0.25333333333333335,225.12333333333333,0.21333333333333335,0.2477777777777778,194.10666666666668,0.21466666666666667,0.254,236.532,0.6733333333333333,0.5433333333333334,462.99666666666667,0.5541765169424744,0.2091666666666667,0.2511111111111112
N,74,0.9810874704491725,0.6851851851851852,491.4917257683215,0.016666666666666666,0.075,65.01666666666667,0.03333333333333333,0.09666666666666668,71.63000000000001,0.03,0.09055555555555557,68.56333333333333,0.06666666666666667,0.11555555555555556,80.89333333333333,0.030666666666666665,0.08733333333333332,71.06266666666666,0.9966666666666667,0.69,498.4766666666667,0.6851851851851852,0.03666666666666667,0.09444444444444446
N,75,0.9917257683215132,0.6757289204097715,496.3841607565012,0.11333333333333333,0.21555555555555553,112.57666666666665,0.15333333333333332,0.23666666666666666,130.80666666666664,0.10666666666666667,0.2011111111111111,106.42999999999999,0.20666666666666667,0.22666666666666666,146.39333333333335,0.11333333333333334,0.216,112.33733333333333,1.0,0.7022222222222222,500.0,0.6757289204097715,0.14500000000000002,0.22
N,76,0.9704491725768322,0.8291962174940897,494.9858156028369,0.36333333333333334,0.4127777777777778,224.51666666666665,0.4033333333333333,0.4527777777777778,242.66,0.43,0.4294444444444444,251.22,0.4466666666666666,0.4066666666666667,257.70666666666665,0.38800000000000007,0.42711111111111116,236.19333333333336,0.9766666666666667,0.8483333333333334,497.7133333333333,0.8291962174940897,0.4108333333333333,0.42541666666666667
N,77,0.9822695035460992,0.5009850275807722,494.5401891252955,0.3833333333333333,0.19166666666666665,231.82333333333335,0.39999999999999997,0.19388888888888886,239.48000000000002,0.4266666666666667,0.1838888888888889,249.01666666666665,0.4066666666666667,0.16111111111111112,239.97333333333336,0.4013333333333333,0.1868888888888889,240.07066666666665,0.9966666666666667,0.5144444444444445,498.4766666666667,0.5009850275807722,0.4041666666666667,0.18263888888888888
N,78,0.8534278959810875,0.6776989755713161,479.89125295508273,0.18000000000000002,0.2633333333333333,205.00666666666666,0.17666666666666667,0.2588888888888889,202.64,0.19333333333333336,0.25,206.44333333333336,0.18666666666666668,0.23666666666666666,181.72,0.18400000000000002,0.2537777777777778,208.03333333333333,0.8433333333333334,0.678888888888889,482.56,0.6776989755713161,0.18416666666666667,0.2522222222222222
N,79,0.9444444444444445,0.6306146572104019,488.86643026004725,0.56,0.4166666666666667,329.7633333333333,0.5499999999999999,0.4055555555555555,327.86,0.48,0.3616666666666667,305.27666666666664,0.43333333333333335,0.3266666666666666,275.3066666666667,0.524,0.39599999999999996,321.3093333333333,0.9666666666666667,0.6472222222222223,496.56666666666666,0.6306146572104019,0.5058333333333334,0.37763888888888886
N,80,0.9881796690307328,0.5476753349093775,495.3262411347517,0.13,0.11777777777777779,120.03000000000002,0.13,0.11777777777777779,123.91666666666667,0.11666666666666665,0.11222222222222222,112.07333333333334,0.12666666666666668,0.10999999999999999,112.48666666666668,0.11466666666666665,0.11266666666666668,113.86666666666667,1.0,0.5055555555555555,500.0,0.5476753349093775,0.12583333333333332,0.11444444444444445
N,81,0.9669030732860521,0.7535460992907801,485.64657210401896,0.013333333333333334,0.15444444444444447,63.806666666666665,0.049999999999999996,0.18222222222222223,78.25666666666666,0.03,0.15111111111111114,68.22333333333334,0.07333333333333333,0.16444444444444445,83.5,0.023999999999999997,0.15955555555555556,68.40666666666667,0.9966666666666667,0.7794444444444444,498.4766666666667,0.7535460992907801,0.041666666666666664,0.16305555555555556
N,82,0.8581560283687942,0.7169030732860521,483.0307328605201,0.12666666666666668,0.10555555555555556,128.49,0.13,0.14555555555555558,132.1,0.10666666666666667,0.11888888888888889,129.4933333333333,0.09333333333333334,0.14,122.74000000000001,0.12133333333333333,0.11555555555555556,134.112,0.8866666666666667,0.7016666666666668,492.0733333333333,0.7169030732860521,0.11416666666666668,0.1275
N,83,0.9799054373522459,0.7042947202521671,492.8971631205674,0.20333333333333334,0.2277777777777778,149.18666666666667,0.19333333333333333,0.24166666666666667,147.10333333333332,0.19999999999999998,0.23333333333333334,146.18666666666667,0.2333333333333333,0.22999999999999998,159.62666666666667,0.20266666666666666,0.23333333333333334,149.73866666666666,0.9966666666666667,0.7227777777777777,499.9633333333333,0.7042947202521671,0.2075,0.23319444444444443
N,84,0.9716312056737588,0.5577226162332545,491.38179669030734,0.0,0.012222222222222221,57.24333333333333,0.0033333333333333335,0.02277777777777778,59.696666666666665,0.0,0.009999999999999998,55.36666666666667,0.013333333333333334,0.039999999999999994,57.57333333333333,0.0,0.011111111111111112,58.31733333333333,0.9933333333333333,0.5544444444444444,499.5366666666667,0.5577226162332545,0.004166666666666667,0.021249999999999998
N,85,0.9101654846335698,0.5321118991331757,482.1643026004728,0.5433333333333333,0.31833333333333336,347.05,0.5466666666666666,0.32611111111111113,348.84,0.43,0.27944444444444444,306.58,0.38000000000000006,0.2311111111111111,271.8933333333334,0.472,0.30177777777777776,329.55333333333334,0.9333333333333332,0.5333333333333333,485.13000000000005,0.5321118991331757,0.475,0.28875
N,86,0.9893617021276596,0.6763199369582348,497.5851063829787,0.16666666666666666,0.1838888888888889,139.89666666666668,0.24,0.19666666666666668,170.3466666666667,0.19666666666666666,0.15666666666666665,147.56333333333333,0.35333333333333333,0.18555555555555553,215.14666666666668,0.18666666666666668,0.17155555555555552,146.84133333333332,0.9966666666666667,0.6799999999999999,499.98333333333335,0.6763199369582348,0.23916666666666664,0.18069444444444444
N,87,0.9775413711583925,0.7082348305752562,490.60992907801415,0.09333333333333334,0.17666666666666667,101.21333333333332,0.10666666666666667,0.19333333333333336,106.91666666666667,0.07666666666666667,0.1811111111111111,92.07,0.06666666666666667,0.1577777777777778,82.85333333333334,0.07866666666666666,0.17466666666666666,95.10933333333334,0.9933333333333333,0.731111111111111,496.90000000000003,0.7082348305752562,0.08583333333333333,0.17722222222222223
N,88,0.8971631205673759,0.3100866824271079,488.1572104018913,0.3499999999999999,0.12999999999999998,256.28000000000003,0.3933333333333333,0.15888888888888889,283.41333333333336,0.36999999999999994,0.1411111111111111,279.65000000000003,0.31333333333333335,0.13555555555555554,250.17333333333332,0.35733333333333334,0.13866666666666666,266.836,0.92,0.3211111111111111,492.78999999999996,0.3100866824271079,0.3566666666666666,0.14138888888888887
N,89,0.9680851063829787,0.5890464933018126,492.33687943262413,0.2966666666666667,0.09277777777777778,199.53666666666666,0.3033333333333333,0.09833333333333333,199.92333333333332,0.3,0.08499999999999999,196.10999999999999,0.2733333333333334,0.07333333333333333,180.88666666666668,0.296,0.08333333333333333,197.56933333333336,0.9866666666666667,0.6061111111111112,497.39000000000004,0.5890464933018126,0.29333333333333333,0.08736111111111111
N,90,0.9881796690307327,0.6174152876280536,495.3747044917257,0.29,0.23666666666666666,187.91333333333333,0.30333333333333334,0.24333333333333335,194.21666666666667,0.2833333333333333,0.24666666666666665,183.63666666666666,0.27999999999999997,0.25333333333333335,179.48000000000002,0.29333333333333333,0.24088888888888885,190.09866666666665,1.0,0.6183333333333333,500.0,0.6174152876280536,0.2891666666666666,0.245
N,91,0.7151300236406618,0.46296296296296297,444.66430260047287,0.15333333333333332,0.13,140.57333333333335,0.19333333333333336,0.17555555555555555,155.54333333333332,0.18666666666666668,0.16555555555555557,148.42333333333335,0.15333333333333335,0.16666666666666669,132.68666666666667,0.17066666666666666,0.1462222222222222,147.50666666666666,0.7266666666666666,0.44333333333333336,448.83666666666664,0.46296296296296297,0.17166666666666666,0.15944444444444444
N,92,0.7044917257683215,0.6648936170212767,458.1075650118203,0.5966666666666667,0.5022222222222222,366.3766666666667,0.6033333333333334,0.5255555555555556,368.71,0.4466666666666666,0.47666666666666674,305.4733333333333,0.30000000000000004,0.37222222222222223,231.20000000000002,0.5599999999999999,0.5055555555555554,351.4346666666667,0.7000000000000001,0.6455555555555554,463.57,0.6648936170212767,0.4866666666666667,0.4691666666666667
N,93,0.4314420803782506,0.4483845547675334,363.45626477541373,0.21333333333333335,0.28055555555555556,197.99,0.2833333333333333,0.2883333333333334,225.50333333333333,0.21666666666666665,0.2611111111111111,193.26999999999998,0.18666666666666668,0.24111111111111114,175.64000000000001,0.22799999999999998,0.26422222222222225,198.5426666666667,0.4466666666666666,0.46888888888888897,371.9166666666667,0.4483845547675334,0.225,0.2677777777777778
N,94,0.9728132387706857,0.5624507486209613,493.8971631205674,0.2833333333333333,0.14166666666666666,187.25333333333333,0.2966666666666667,0.15333333333333332,193.42666666666665,0.26666666666666666,0.14444444444444443,177.79666666666665,0.29333333333333333,0.13333333333333333,185.5666666666667,0.28933333333333333,0.14444444444444443,190.3853333333333,0.9966666666666667,0.575,499.57,0.5624507486209613,0.28500000000000003,0.14319444444444443
N,95,0.8841607565011821,0.6412529550827423,485.84988179669034,0.61,0.37222222222222223,351.7733333333333,0.6233333333333333,0.3916666666666666,358.87999999999994,0.5433333333333333,0.32999999999999996,329.59999999999997,0.36000000000000004,0.22,247.22666666666666,0.5733333333333334,0.35488888888888886,342.50933333333336,0.9233333333333333,0.6655555555555556,493.35999999999996,0.6412529550827423,0.5341666666666667,0.3284722222222222
N,96,0.958628841607565,0.6686367218282112,492.2765957446809,0.2333333333333333,0.1438888888888889,222.0233333333333,0.23666666666666666,0.14666666666666667,218.96333333333334,0.25666666666666665,0.13166666666666665,228.25333333333333,0.26666666666666666,0.10777777777777778,220.6933333333333,0.23199999999999998,0.14200000000000002,222.74,0.9666666666666667,0.67,497.2966666666666,0.6686367218282112,0.2483333333333333,0.1325
N,97,0.6843971631205674,0.5847123719464145,449.4468085106383,0.36333333333333334,0.29277777777777775,244.65333333333334,0.38999999999999996,0.30277777777777776,254.95333333333335,0.35333333333333333,0.28444444444444444,232.79333333333332,0.2866666666666667,0.24777777777777774,196.5,0.36400000000000005,0.2946666666666667,241.25733333333332,0.6866666666666666,0.5705555555555556,455.48,0.5847123719464145,0.34833333333333333,0.2819444444444444
N,98,0.9846335697399526,0.7243892828999212,495.4420803782505,0.2933333333333334,0.35611111111111116,198.35999999999999,0.2866666666666667,0.36944444444444446,194.36333333333334,0.27,0.32111111111111107,183.90666666666667,0.19333333333333333,0.25555555555555554,145.82,0.26133333333333336,0.34644444444444444,184.12533333333332,1.0,0.7288888888888889,500.0,0.7243892828999212,0.26083333333333336,0.32555555555555554
N,99,0.9787234042553191,0.6727738376674547,495.4739952718676,0.5666666666666668,0.3716666666666667,350.32666666666665,0.6266666666666666,0.3988888888888889,373.10666666666674,0.5299999999999999,0.3477777777777778,341.26666666666665,0.43333333333333335,0.3055555555555556,297.44,0.5546666666666666,0.3595555555555556,350.2906666666667,0.9966666666666667,0.6944444444444444,499.99666666666667,0.6727738376674547,0.5391666666666666,0.35597222222222225
N,100,0.9929078014184398,0.8187549251379039,496.81560283687946,0.29,0.22388888888888886,189.41,0.32,0.24166666666666667,203.62666666666667,0.3433333333333333,0.2216666666666667,210.39000000000001,0.4066666666666667,0.2511111111111111,237.0,0.3213333333333333,0.22399999999999998,203.20000000000002,1.0,0.8222222222222222,500.0,0.8187549251379039,0.34,0.2345833333333333
S_ce,1,0.9574468085106383,0.661150512214342,482.096926713948,0.0,0.08555555555555557,55.419999999999995,0.0,0.10111111111111111,55.23666666666667,0.0,0.0811111111111111,53.74333333333334,0.0,0.07555555555555556,49.61333333333334,0.0,0.08977777777777778,55.867999999999995,0.9866666666666667,0.6722222222222223,493.8233333333333,0.661150512214342,0.0,0.08583333333333333
S_ce,2,0.9633569739952718,0.7192671394799054,492.5496453900709,0.5466666666666667,0.4988888888888888,306.94,0.5599999999999999,0.5083333333333333,313.4933333333333,0.4666666666666666,0.46222222222222226,272.25333333333333,0.3866666666666667,0.36777777777777776,238.91333333333333,0.532,0.4962222222222223,301.6786666666667,0.9666666666666667,0.7172222222222222,497.22333333333336,0.7192671394799054,0.49,0.4593055555555555
S_ce,3,0.9846335697399526,0.7425137903861307,493.4278959810875,0.006666666666666667,0.19333333333333336,60.71666666666667,0.03333333333333333,0.21555555555555556,73.19333333333334,0.02,0.17888888888888888,65.17333333333333,0.09333333333333334,0.1688888888888889,93.7,0.017333333333333333,0.19866666666666666,66.65466666666667,0.9966666666666667,0.7422222222222222,498.4766666666667,0.7425137903861307,0.03833333333333333,0.18916666666666665
S_ce,4,0.8747044917257684,0.6274625689519305,479.82505910165486,0.2733333333333333,0.3466666666666666,223.08333333333334,0.2966666666666667,0.35333333333333333,230.1833333333333,0.26,0.29444444444444445,201.40333333333334,0.20666666666666667,0.21777777777777776,165.9466666666667,0.2946666666666667,0.34111111111111114,223.82000000000002,0.8966666666666666,0.6272222222222223,484.98333333333335,0.6274625689519305,0.25916666666666666,0.3030555555555556
S_ce,5,0.9858156028368795,0.5405831363278172,497.64657210401884,0.7966666666666667,0.4016666666666666,416.78999999999996,0.8366666666666668,0.4127777777777778,432.84666666666664,0.8366666666666668,0.3861111111111112,432.41,0.8466666666666667,0.3466666666666666,435.4733333333333,0.8146666666666667,0.4039999999999999,424.97066666666666,0.9966666666666667,0.5466666666666667,499.5933333333333,0.5405831363278172,0.8291666666666667,0.38680555555555557
S_ce,6,0.9468085106382979,0.5835303388494878,493.1075650118203,0.25,0.17722222222222223,191.43999999999997,0.29333333333333333,0.20611111111111113,218.01666666666665,0.27999999999999997,0.20277777777777775,200.89333333333332,0.3333333333333333,0.20222222222222222,245.39333333333335,0.272,0.19177777777777777,205.3853333333333,0.9466666666666667,0.5844444444444444,496.84666666666664,0.5835303388494878,0.2891666666666666,0.19708333333333333
S_ce,7,0.9822695035460992,0.7279353821907011,492.3924349881797,0.23666666666666666,0.22555555555555554,168.60333333333332,0.24666666666666667,0.23333333333333334,173.41666666666666,0.27,0.24,180.57666666666668,0.24666666666666667,0.22444444444444445,167.21333333333334,0.244,0.23644444444444443,171.68266666666668,0.9966666666666667,0.7111111111111111,498.47333333333336,0.7279353821907011,0.25,0.23083333333333333
S_ce,8,0.9929078014184398,0.6126871552403466,497.9148936170213,0.6733333333333333,0.2922222222222222,363.7166666666667,0.6699999999999999,0.2822222222222222,362.08,0.68,0.28388888888888886,364.6333333333334,0.5866666666666667,0.2544444444444445,323.88,0.664,0.2817777777777778,359.87999999999994,1.0,0.6216666666666667,500.0,0.6126871552403466,0.6525000000000001,0.2781944444444444
S_ce,9,0.9810874704491727,0.6796690307328603,497.048463356974,0.7666666666666666,0.3933333333333334,403.52000000000004,0.7999999999999999,0.3894444444444445,419.18666666666667,0.7799999999999999,0.3788888888888889,408.28999999999996,0.7866666666666666,0.32111111111111107,410.8866666666666,0.7826666666666666,0.39577777777777784,410.79466666666667,1.0,0.693888888888889,500.0,0.6796690307328603,0.7833333333333332,0.3706944444444445
S_ce,10,0.9704491725768323,0.6225374310480694,489.9113475177305,0.18000000000000002,0.2388888888888889,146.70666666666668,0.20333333333333334,0.24944444444444447,156.84,0.19333333333333336,0.2388888888888889,149.93000000000004,0.13333333333333333,0.20222222222222222,117.34000000000002,0.18666666666666668,0.24177777777777779,149.57866666666666,0.9833333333333334,0.6272222222222223,495.05333333333334,0.6225374310480694,0.1775,0.23236111111111113
S_ce,11,0.9846335697399526,0.6467691095350668,495.08628841607566,0.31666666666666665,0.26555555555555554,208.35666666666668,0.30333333333333334,0.2622222222222222,202.92999999999998,0.3166666666666667,0.23555555555555555,205.29666666666665,0.26,0.20333333333333337,177.48666666666668,0.3026666666666667,0.24755555555555553,201.80266666666668,1.0,0.6461111111111111,500.0,0.6467691095350668,0.2991666666666667,0.24166666666666664
S_ce,12,0.8912529550827423,0.684594168636722,482.23877068557925,0.49,0.3077777777777778,332.00333333333333,0.4766666666666666,0.28833333333333333,332.5333333333333,0.4366666666666667,0.27444444444444444,298.2633333333333,0.43333333333333335,0.2488888888888889,284.3866666666667,0.484,0.2971111111111111,323.79333333333335,0.8966666666666666,0.6694444444444444,485.4533333333334,0.684594168636722,0.45916666666666667,0.2798611111111111
S_ce,13,0.9893617021276596,0.5644208037825058,496.2151300236407,0.2866666666666667,0.14222222222222225,189.1933333333333,0.3,0.13555555555555557,194.34,0.2966666666666667,0.12666666666666665,190.31333333333336,0.30666666666666664,0.12222222222222222,192.92000000000004,0.3,0.13333333333333333,194.172,1.0,0.5577777777777777,500.0,0.5644208037825058,0.2975,0.13166666666666665
S_ce,14,0.9917257683215129,0.6875492513790384,496.3569739952718,0.036666666666666674,0.2844444444444444,78.51,0.03666666666666667,0.2866666666666666,81.43666666666667,0.016666666666666666,0.2611111111111111,69.19333333333333,0.02666666666666667,0.2511111111111111,67.62,0.029333333333333333,0.2817777777777778,76.636,1.0,0.6777777777777778,500.0,0.6875492513790384,0.029166666666666667,0.2708333333333333
S_ce,15,0.9680851063829787,0.7683215130023642,487.85697399527186,0.12666666666666668,0.33444444444444443,121.41666666666667,0.09666666666666666,0.37833333333333335,111.45,0.09666666666666666,0.33499999999999996,105.72000000000001,0.06666666666666667,0.28,86.44666666666667,0.10533333333333333,0.3348888888888889,111.26133333333333,0.9866666666666667,0.7649999999999999,495.84,0.7683215130023642,0.09666666666666666,0.33194444444444443
S_ce,16,0.9940898345153665,0.7040977147360126,498.28959810874704,0.7266666666666666,0.4072222222222222,387.4166666666667,0.7566666666666667,0.44111111111111106,400.7833333333333,0.7166666666666667,0.4105555555555555,382.0,0.6066666666666666,0.3711111111111111,334.92,0.7626666666666666,0.42488888888888887,402.26133333333337,1.0,0.6972222222222222,500.0,0.7040977147360126,0.7016666666666667,0.4075
S_ce,17,0.9645390070921988,0.7169030732860521,483.83924349881795,0.11666666666666665,0.23333333333333336,111.68333333333334,0.14666666666666667,0.25,124.96666666666665,0.13666666666666666,0.21777777777777776,117.24666666666667,0.13999999999999999,0.17111111111111113,114.66666666666667,0.12133333333333333,0.23333333333333334,114.47866666666668,0.9833333333333334,0.7372222222222222,492.18666666666667,0.7169030732860521,0.13499999999999998,0.21805555555555556
S_ce,18,0.9799054373522459,0.6130811662726557,493.21276595744683,0.0033333333333333335,0.14277777777777775,61.080000000000005,0.036666666666666674,0.15944444444444447,76.78333333333333,0.006666666666666667,0.1388888888888889,60.55333333333334,0.13333333333333333,0.18111111111111114,113.28000000000002,0.016,0.14266666666666666,66.92666666666666,1.0,0.61,500.0,0.6130811662726557,0.045,0.15555555555555556
S_ce,19,0.9869976359338061,0.6213553979511426,495.7931442080378,0.4033333333333333,0.20888888888888887,245.20666666666662,0.42333333333333334,0.20333333333333334,255.71,0.38000000000000006,0.18,230.70666666666668,0.37333333333333335,0.16999999999999996,229.07333333333335,0.39199999999999996,0.20422222222222222,239.39333333333335,0.9966666666666667,0.6227777777777778,499.50666666666666,0.6213553979511426,0.395,0.19055555555555553
S_ce,20,0.9858156028368795,0.5959416863672182,496.0673758865248,0.39666666666666667,0.34111111111111114,243.41333333333333,0.4766666666666666,0.37222222222222223,278.68,0.4466666666666666,0.31999999999999995,264.0,0.4466666666666667,0.2544444444444445,271.32,0.432,0.3457777777777778,258.84133333333335,0.9866666666666667,0.5866666666666667,499.23333333333335,0.5959416863672182,0.44166666666666665,0.3219444444444444
S_ce,21,0.9763593380614658,0.580575256107171,494.6099290780142,0.5533333333333333,0.31,314.93666666666667,0.5466666666666667,0.315,314.1333333333333,0.5233333333333333,0.26222222222222225,297.15000000000003,0.41333333333333333,0.1811111111111111,249.79999999999998,0.5426666666666667,0.2902222222222222,309.912,0.9933333333333333,0.5794444444444444,498.94,0.580575256107171,0.5091666666666668,0.26708333333333334
S_ce,22,0.9881796690307328,0.6371158392434988,496.61465721040184,0.3666666666666667,0.22722222222222221,228.33666666666667,0.4633333333333334,0.2777777777777778,269.76,0.39999999999999997,0.2338888888888889,239.68999999999997,0.45999999999999996,0.23666666666666666,263.53333333333336,0.3893333333333333,0.2366666666666667,237.61866666666666,1.0,0.65,500.0,0.6371158392434988,0.4225,0.2438888888888889
S_ce,23,0.9869976359338062,0.7105988967691095,495.3557919621749,0.22,0.34111111111111114,161.89000000000001,0.22,0.3466666666666667,162.32,0.22333333333333336,0.34,159.52333333333334,0.20666666666666667,0.2911111111111111,149.55333333333334,0.21866666666666668,0.34444444444444444,160.89066666666665,1.0,0.7094444444444444,500.0,0.7105988967691095,0.2175,0.32972222222222225
S_ce,24,0.9905437352245863,0.7663514578408195,495.92316784869973,0.023333333333333334,0.23777777777777778,73.88333333333334,0.05333333333333334,0.26888888888888884,87.71,0.043333333333333335,0.24444444444444444,79.17666666666666,0.09333333333333334,0.2488888888888889,97.74,0.04,0.25733333333333336,81.97866666666667,1.0,0.7533333333333333,500.0,0.7663514578408195,0.05333333333333334,0.25
S_ce,25,0.9669030732860519,0.6495271867612292,485.02955082742324,0.0,0.14666666666666667,54.83666666666667,0.0,0.1466666666666667,54.5,0.0,0.12777777777777777,53.13333333333333,0.0,0.11777777777777779,48.833333333333336,0.0,0.13333333333333333,55.22133333333333,0.9833333333333334,0.6533333333333333,492.24666666666667,0.6495271867612292,0.0,0.13472222222222222
S_ce,26,0.7151300236406618,0.6353427895981086,462.01536643026003,0.45333333333333337,0.41444444444444445,326.17,0.44999999999999996,0.4388888888888889,326.2266666666667,0.3766666666666667,0.385,284.05333333333334,0.3066666666666667,0.35333333333333333,237.48666666666668,0.4040000000000001,0.4057777777777778,306.9986666666667,0.7066666666666667,0.6355555555555555,464.65333333333336,0.6353427895981086,0.39666666666666667,0.39791666666666664
S_ce,27,0.9763593380614658,0.6270685579196217,493.53782505910164,0.05333333333333334,0.10888888888888888,97.33,0.06666666666666667,0.11888888888888886,105.49666666666667,0.08666666666666667,0.125,105.8,0.10666666666666667,0.1388888888888889,108.24666666666667,0.06533333333333334,0.116,99.972,0.9866666666666667,0.615,497.4866666666667,0.6270685579196217,0.07833333333333334,0.12291666666666666
S_ce,28,0.9799054373522457,0.7324665090622537,495.6879432624114,0.4633333333333333,0.3627777777777778,279.57666666666665,0.5133333333333333,0.3794444444444445,311.45666666666665,0.49666666666666665,0.3483333333333334,294.05,0.5,0.30777777777777776,305.28000000000003,0.4626666666666666,0.36466666666666664,284.3706666666667,0.9833333333333334,0.7383333333333333,498.09,0.7324665090622537,0.4933333333333333,0.34958333333333336
S_ce,29,0.9503546099290779,0.6343577620173364,490.51300236406615,0.31333333333333335,0.17611111111111113,214.95333333333335,0.31666666666666665,0.16555555555555557,216.48,0.33,0.15944444444444444,214.43333333333337,0.25333333333333335,0.11888888888888889,178.88,0.3093333333333333,0.17133333333333337,212.3653333333333,0.9700000000000001,0.6311111111111111,492.34,0.6343577620173364,0.30333333333333334,0.155
S_ce,30,0.9361702127659575,0.5687549251379038,491.09810874704493,0.18333333333333335,0.2316666666666667,186.23666666666668,0.18000000000000002,0.23444444444444443,192.01,0.14666666666666664,0.21666666666666667,173.63666666666666,0.14,0.19999999999999998,163.45333333333335,0.16,0.22933333333333333,178.85333333333332,0.9533333333333333,0.5638888888888889,493.7633333333333,0.5687549251379038,0.1625,0.22069444444444444
S_ce,31,0.9645390070921986,0.6607565011820331,493.24468085106383,0.12,0.26666666666666666,117.99666666666667,0.13333333333333333,0.27888888888888885,125.94333333333333,0.11,0.24333333333333335,110.90333333333335,0.08,0.21555555555555553,104.00666666666666,0.11466666666666668,0.2551111111111111,116.02933333333334,0.9833333333333334,0.6849999999999999,499.0333333333333,0.6607565011820331,0.11083333333333333,0.2511111111111111
S_ce,32,0.9810874704491725,0.4921197793538219,491.758865248227,0.043333333333333335,0.06888888888888889,78.77666666666666,0.06333333333333334,0.07777777777777778,85.94333333333333,0.06,0.06333333333333334,82.45,0.04666666666666667,0.06222222222222223,73.32000000000001,0.057333333333333326,0.06933333333333333,84.12933333333332,0.9966666666666667,0.48222222222222216,498.45,0.4921197793538219,0.05333333333333334,0.06805555555555556
S_ce,33,0.983451536643026,0.6753349093774624,493.2316784869976,0.0,0.145,56.35333333333333,0.006666666666666667,0.15,60.080000000000005,0.0,0.14222222222222222,54.71,0.03333333333333333,0.13999999999999999,65.84666666666666,0.0026666666666666666,0.15755555555555556,58.22933333333333,1.0,0.6672222222222222,500.0,0.6753349093774624,0.01,0.14430555555555555
S_ce,34,0.9621749408983452,0.6063829787234042,491.53191489361706,0.6233333333333333,0.375,345.5533333333333,0.69,0.4161111111111111,375.1233333333333,0.5633333333333334,0.37833333333333335,320.67,0.44,0.33777777777777784,267.1333333333333,0.6213333333333333,0.39111111111111113,348.04400000000004,0.9866666666666667,0.62,497.8,0.6063829787234042,0.5791666666666666,0.3768055555555556
S_ce,35,0.9917257683215129,0.6916863672182821,496.96808510638294,0.5433333333333333,0.4183333333333333,311.62666666666667,0.5666666666666668,0.4266666666666667,321.58,0.5266666666666667,0.3977777777777778,301.17,0.4266666666666667,0.33333333333333337,254.54,0.532,0.41155555555555556,305.92533333333336,1.0,0.6811111111111111,500.0,0.6916863672182821,0.5158333333333334,0.39402777777777775
S_ce,36,0.9846335697399528,0.6578014184397163,494.645390070922,0.22333333333333336,0.2833333333333333,165.52333333333334,0.21,0.2855555555555555,160.88666666666666,0.21,0.25666666666666665,155.90666666666667,0.16666666666666666,0.19555555555555554,133.78666666666666,0.21066666666666667,0.2795555555555556,159.056,0.9966666666666667,0.6616666666666667,499.3066666666667,0.6578014184397163,0.20249999999999999,0.2552777777777777
S_ce,37,0.9893617021276594,0.6274625689519305,497.02482269503554,0.2966666666666667,0.24111111111111108,205.75,0.29333333333333333,0.24111111111111108,204.47000000000003,0.3333333333333333,0.22777777777777777,214.3066666666667,0.35333333333333333,0.16222222222222224,221.95333333333335,0.3013333333333333,0.22622222222222227,205.05066666666667,1.0,0.6244444444444445,500.0,0.6274625689519305,0.31916666666666665,0.21805555555555556
S_ce,38,0.9716312056737588,0.650709219858156,494.58037825059097,0.17,0.30333333333333334,163.30999999999997,0.15666666666666665,0.3011111111111111,168.60333333333332,0.09999999999999999,0.23666666666666666,141.76333333333335,0.04666666666666667,0.12666666666666668,126.85333333333334,0.13333333333333333,0.28622222222222216,158.41066666666666,0.9899999999999999,0.6566666666666667,499.09,0.650709219858156,0.11833333333333333,0.24194444444444446
S_ce,39,0.9810874704491725,0.5577226162332545,495.36524822695037,0.09666666666666668,0.21500000000000002,106.20333333333333,0.17333333333333334,0.2361111111111111,139.84666666666666,0.18333333333333335,0.22111111111111112,142.22,0.27999999999999997,0.2011111111111111,182.14000000000001,0.14933333333333335,0.2311111111111111,129.68666666666667,0.9899999999999999,0.5627777777777778,499.3666666666666,0.5577226162332545,0.18333333333333335,0.21833333333333335
S_ce,40,0.9893617021276596,0.6199763593380615,496.0496453900709,0.18000000000000002,0.31611111111111106,142.85666666666665,0.23666666666666666,0.3416666666666667,169.16,0.18666666666666668,0.29055555555555557,143.04999999999998,0.32666666666666666,0.2733333333333333,201.89333333333332,0.19200000000000003,0.3204444444444445,148.34133333333332,1.0,0.6311111111111112,500.0,0.6199763593380615,0.2325,0.30541666666666667
S_ce,41,0.9775413711583925,0.7391646966115051,490.78959810874704,0.0,0.17,55.173333333333325,0.0,0.16888888888888887,55.09666666666667,0.0,0.17111111111111113,53.443333333333335,0.0,0.14666666666666667,49.27333333333333,0.0,0.1728888888888889,55.612,0.9933333333333333,0.7533333333333333,498.2366666666667,0.7391646966115051,0.0,0.16416666666666668
S_ce,42,0.9905437352245863,0.7092198581560284,496.3664302600473,0.09333333333333334,0.20444444444444443,105.20333333333333,0.16,0.24499999999999997,135.78666666666666,0.09999999999999999,0.2111111111111111,106.13666666666666,0.22,0.22333333333333333,159.1,0.10933333333333334,0.2068888888888889,113.30133333333333,1.0,0.7038888888888889,500.0,0.7092198581560284,0.14333333333333334,0.22097222222222224
S_ce,43,0.8900709219858155,0.7886130811662726,485.2434988179669,0.19333333333333336,0.1438888888888889,223.94666666666663,0.18666666666666668,0.13277777777777777,216.49333333333334,0.16666666666666666,0.1088888888888889,190.86,0.12666666666666668,0.0911111111111111,150.81333333333333,0.20133333333333334,0.12844444444444444,215.72,0.9066666666666666,0.7933333333333333,488.8966666666667,0.7886130811662726,0.16833333333333333,0.11916666666666666
S_ce,44,0.9385342789598109,0.35401891252955076,490.91252955082746,0.1366666666666667,0.053333333333333344,165.47333333333333,0.13333333333333333,0.04444444444444444,176.51,0.09333333333333334,0.031111111111111114,156.22,0.10666666666666667,0.03777777777777778,151.52666666666667,0.11066666666666668,0.03822222222222222,161.70266666666666,0.9500000000000001,0.3566666666666667,495.3333333333333,0.35401891252955076,0.11750000000000001,0.041666666666666664
S_ce,45,0.33096926713947983,0.1113081166272655,301.21749408983453,0.25,0.09166666666666666,216.19000000000003,0.2333333333333333,0.09222222222222222,210.76,0.2333333333333333,0.07777777777777778,206.83666666666667,0.16,0.06,164.22,0.23466666666666666,0.088,210.53866666666667,0.34,0.1288888888888889,299.49333333333334,0.1113081166272655,0.21916666666666665,0.08041666666666666
S_ce,46,0.983451536643026,0.6830181245074862,494.82505910165486,0.26666666666666666,0.2494444444444444,186.5233333333333,0.24666666666666667,0.25666666666666665,180.31000000000003,0.21333333333333335,0.23222222222222222,161.35,0.14666666666666667,0.18555555555555556,128.17333333333332,0.252,0.24511111111111114,181.39866666666668,0.9933333333333333,0.6877777777777777,497.99666666666667,0.6830181245074862,0.21833333333333332,0.23097222222222222
S_ce,47,0.9751773049645389,0.6187943262411347,494.3817966903073,0.7600000000000001,0.37055555555555547,403.32,0.7933333333333333,0.3866666666666667,416.86666666666673,0.6566666666666667,0.34611111111111115,359.37999999999994,0.40666666666666673,0.2822222222222222,253.35999999999999,0.7733333333333333,0.3751111111111111,408.8693333333334,0.9933333333333333,0.6194444444444445,499.2833333333333,0.6187943262411347,0.6541666666666667,0.3463888888888889
S_ce,48,0.9869976359338062,0.5963356973995272,494.6702127659574,0.0,0.14,56.85666666666666,0.01,0.14555555555555558,62.89666666666667,0.0,0.11333333333333334,55.22666666666667,0.02,0.09111111111111111,60.54666666666666,0.004,0.13333333333333333,59.394666666666666,1.0,0.5983333333333334,500.0,0.5963356973995272,0.0075,0.1225
S_ce,49,0.9869976359338062,0.7568951930654058,495.1572104018913,0.013333333333333334,0.19222222222222218,67.25666666666667,0.03666666666666667,0.21888888888888888,76.88333333333333,0.04,0.20666666666666667,74.85,0.02666666666666667,0.1977777777777778,65.06,0.029333333333333333,0.20266666666666666,73.524,1.0,0.7627777777777778,500.0,0.7568951930654058,0.029166666666666667,0.2038888888888889
S_ce,50,0.9574468085106381,0.6968085106382979,491.72813238770686,0.7266666666666666,0.49666666666666665,390.60666666666674,0.7533333333333333,0.5066666666666666,401.72333333333336,0.64,0.4294444444444444,353.25333333333333,0.4666666666666666,0.32333333333333336,277.8666666666667,0.7239999999999999,0.4891111111111111,389.6933333333333,0.9666666666666667,0.7005555555555556,495.21000000000004,0.6968085106382979,0.6466666666666667,0.4390277777777777
S_ce,51,0.9893617021276594,0.677304964539007,496.2931442080378,0.3866666666666667,0.2644444444444445,240.63666666666666,0.3466666666666667,0.2522222222222222,223.59333333333336,0.3933333333333333,0.2722222222222222,240.41,0.34,0.24222222222222226,214.74,0.37200000000000005,0.2631111111111111,234.29466666666667,0.9966666666666667,0.6744444444444444,498.99666666666667,0.677304964539007,0.3666666666666667,0.2577777777777778
S_ce,52,0.975177304964539,0.6796690307328604,488.7860520094562,0.0,0.13222222222222224,55.75666666666667,0.0,0.13333333333333333,56.07,0.0,0.12333333333333332,53.866666666666674,0.0,0.07555555555555556,49.593333333333334,0.0,0.1302222222222222,56.16266666666667,0.9966666666666667,0.6805555555555556,498.4766666666667,0.6796690307328604,0.0,0.1161111111111111
S_ce,53,0.9822695035460992,0.6851851851851852,494.1702127659575,0.22666666666666668,0.14555555555555558,162.40333333333334,0.20333333333333334,0.1688888888888889,154.14666666666668,0.19666666666666666,0.16,149.66666666666666,0.16666666666666666,0.17555555555555552,133.85333333333332,0.19866666666666666,0.14933333333333335,152.2653333333333,0.9899999999999999,0.685,497.49666666666667,0.6851851851851852,0.19833333333333333,0.16249999999999998
S_ce,54,0.9799054373522459,0.7393617021276596,491.08747044917254,0.01,0.18333333333333332,62.23666666666667,0.0,0.17999999999999997,58.916666666666664,0.0,0.17111111111111113,55.413333333333334,0.0,0.1622222222222222,51.14000000000001,0.005333333333333333,0.1831111111111111,61.15200000000001,1.0,0.7438888888888888,500.0,0.7393617021276596,0.0025,0.17416666666666664
S_ce,55,0.9917257683215129,0.7082348305752559,496.38534278959816,0.10666666666666667,0.3011111111111111,112.72999999999998,0.11,0.30888888888888894,118.05000000000001,0.09333333333333334,0.28111111111111114,103.54666666666667,0.10000000000000002,0.2211111111111111,101.76,0.09333333333333334,0.29288888888888887,107.78533333333333,1.0,0.7194444444444444,500.0,0.7082348305752559,0.10250000000000001,0.27805555555555556
S_ce,56,0.9633569739952718,0.5713159968479117,491.0118203309692,0.5833333333333334,0.30277777777777776,336.3533333333333,0.54,0.2855555555555555,317.18,0.5033333333333333,0.24111111111111108,295.64,0.3333333333333333,0.15333333333333335,218.19333333333336,0.544,0.27666666666666667,316.57866666666666,0.9766666666666666,0.5705555555555556,494.94,0.5713159968479117,0.49000000000000005,0.2456944444444444
S_ce,57,0.9739952718676124,0.6245074862096139,492.54137115839245,0.3233333333333333,0.18833333333333332,216.01999999999998,0.33,0.19611111111111112,218.83,0.32,0.17333333333333334,207.76333333333332,0.2933333333333333,0.13222222222222224,192.92666666666665,0.31466666666666665,0.188,211.36666666666665,0.9866666666666667,0.6250000000000001,496.0733333333333,0.6245074862096139,0.31666666666666665,0.17250000000000001
S_ce,58,0.9869976359338062,0.6914893617021276,495.338061465721,0.24,0.3244444444444444,167.20333333333335,0.24,0.3222222222222222,169.31333333333336,0.20666666666666667,0.2722222222222222,152.15666666666667,0.17333333333333334,0.2288888888888889,135.52,0.23466666666666666,0.2977777777777778,165.46533333333332,1.0,0.7038888888888889,500.0,0.6914893617021276,0.215,0.28694444444444445
S_ce,59,0.9810874704491725,0.6682427107959023,492.14657210401896,0.016666666666666666,0.026666666666666665,64.47666666666667,0.01,0.024444444444444446,62.66333333333333,0.0,0.01888888888888889,55.27333333333333,0.006666666666666667,0.013333333333333332,54.46,0.014666666666666666,0.02666666666666667,64.156,0.9966666666666667,0.6655555555555556,498.4766666666667,0.6682427107959023,0.008333333333333333,0.020833333333333332
S_ce,60,0.9408983451536642,0.698187549251379,487.5531914893618,0.01,0.18000000000000002,88.55333333333333,0.0,0.19111111111111115,80.95666666666666,0.0,0.1733333333333333,72.39333333333333,0.0,0.15333333333333335,66.46666666666667,0.0026666666666666666,0.1768888888888889,80.472,0.9500000000000001,0.7033333333333333,491.7733333333333,0.698187549251379,0.0025,0.17444444444444446
S_ce,61,0.9881796690307327,0.6682427107959023,496.52836879432624,0.3433333333333333,0.21611111111111111,218.36,0.37000000000000005,0.225,233.67666666666665,0.32666666666666666,0.21555555555555556,217.41666666666666,0.31333333333333335,0.2222222222222222,208.31333333333336,0.35600000000000004,0.22599999999999998,224.63066666666668,0.9933333333333333,0.6538888888888889,499.05333333333334,0.6682427107959023,0.3383333333333334,0.21972222222222224
S_ce,62,0.9917257683215128,0.7107959022852641,496.9373522458629,0.17,0.26166666666666666,145.13666666666668,0.18999999999999997,0.2655555555555556,156.24,0.14333333333333334,0.2511111111111111,130.13,0.16666666666666666,0.26777777777777784,134.54,0.16266666666666665,0.2422222222222222,141.53866666666667,1.0,0.7122222222222223,500.0,0.7107959022852641,0.16749999999999998,0.2615277777777778
S_ce,63,0.9775413711583925,0.7326635145784082,490.34751773049646,0.0,0.17222222222222222,55.0,0.0,0.18555555555555556,54.95333333333334,0.0,0.16999999999999998,53.34,0.0,0.14888888888888888,49.05333333333334,0.0,0.17555555555555555,55.48266666666667,1.0,0.7388888888888889,500.0,0.7326635145784082,0.0,0.16916666666666663
S_ce,64,0.9869976359338061,0.6069739952718675,497.40898345153664,0.7533333333333333,0.3838888888888889,398.83,0.7866666666666666,0.38277777777777783,412.41333333333336,0.7799999999999999,0.3416666666666667,407.3566666666666,0.7933333333333333,0.3111111111111111,413.76666666666665,0.7733333333333334,0.3744444444444444,406.464,1.0,0.6155555555555555,500.0,0.6069739952718675,0.7783333333333333,0.3548611111111111
S_ce,65,0.933806146572104,0.7092198581560284,486.95035460992904,0.4666666666666666,0.2783333333333333,300.18666666666667,0.48666666666666664,0.285,308.0133333333333,0.4466666666666666,0.22333333333333336,284.90333333333336,0.43999999999999995,0.16111111111111112,274.41333333333336,0.48,0.2533333333333333,303.9786666666667,0.9333333333333332,0.7216666666666668,488.0133333333333,0.7092198581560284,0.45999999999999996,0.23694444444444443
S_ce,66,0.9810874704491725,0.72123719464145,494.11347517730496,0.31666666666666665,0.38333333333333336,214.80999999999997,0.3333333333333333,0.3827777777777778,225.77333333333334,0.29,0.36,203.87,0.25333333333333335,0.28555555555555556,185.37333333333333,0.292,0.372,205.72,0.9933333333333333,0.7111111111111111,498.76666666666665,0.72123719464145,0.29833333333333334,0.3529166666666667
S_ce,67,0.9846335697399526,0.6290386130811663,495.5555555555556,0.016666666666666666,0.18222222222222223,71.53,0.05333333333333334,0.20333333333333337,88.39,0.02666666666666667,0.18222222222222223,74.19666666666667,0.05333333333333334,0.17111111111111113,80.86,0.03466666666666667,0.1891111111111111,79.87466666666667,0.9966666666666667,0.645,499.99,0.6290386130811663,0.037500000000000006,0.18472222222222223
S_ce,68,0.9515366430260047,0.6627265563435776,491.3416075650118,0.27666666666666667,0.21666666666666667,182.01333333333332,0.2833333333333333,0.20888888888888887,186.2833333333333,0.26333333333333336,0.18888888888888888,174.91333333333333,0.22666666666666668,0.17777777777777778,156.93333333333334,0.2813333333333333,0.20266666666666666,184.32666666666668,0.9666666666666667,0.6761111111111111,495.95666666666665,0.6627265563435776,0.26250000000000007,0.19805555555555557
S_ce,69,0.8156028368794326,0.6030338849487785,462.2647754137117,0.22666666666666668,0.2677777777777778,195.83333333333334,0.23666666666666666,0.2755555555555555,198.33,0.23666666666666666,0.2555555555555555,189.15666666666667,0.19333333333333333,0.17555555555555555,162.03333333333333,0.21866666666666668,0.26711111111111113,188.35466666666665,0.8300000000000001,0.5977777777777779,467.84666666666664,0.6030338849487785,0.22333333333333336,0.24361111111111108
S_ce,70,0.9881796690307328,0.666863672182821,495.2635933806146,0.023333333333333334,0.09666666666666668,70.51,0.02,0.1022222222222222,70.39999999999999,0.013333333333333334,0.09111111111111111,63.593333333333334,0.013333333333333334,0.07555555555555557,60.54,0.021333333333333333,0.09555555555555556,69.38133333333333,1.0,0.6694444444444444,500.0,0.666863672182821,0.0175,0.09138888888888891
S_ce,71,0.9787234042553191,0.6812450748620961,490.50945626477534,0.16,0.06222222222222223,131.70333333333335,0.15,0.06499999999999999,126.43,0.17,0.05722222222222222,132.18666666666667,0.16666666666666666,0.07444444444444444,127.96,0.15466666666666667,0.056,128.11333333333334,0.9966666666666667,0.6688888888888889,498.4766666666667,0.6812450748620961,0.16166666666666665,0.06472222222222222
S_ce,72,0.9881796690307328,0.7507880220646178,494.77186761229314,0.0,0.30666666666666664,57.03333333333333,0.0,0.31222222222222223,58.46333333333333,0.0,0.2822222222222222,55.47666666666667,0.0,0.2533333333333333,51.973333333333336,0.0,0.30044444444444446,57.81333333333333,1.0,0.7433333333333334,500.0,0.7507880220646178,0.0,0.28861111111111104
S_ce,73,0.9905437352245862,0.6518912529550827,495.82033096926716,0.016666666666666666,0.20555555555555555,69.75333333333334,0.04666666666666667,0.2211111111111111,84.99333333333334,0.02,0.21888888888888888,69.81666666666668,0.06666666666666667,0.20888888888888885,85.16000000000001,0.032,0.2191111111111111,77.39333333333333,1.0,0.6588888888888889,500.0,0.6518912529550827,0.037500000000000006,0.21361111111111108
S_ce,74,0.9917257683215129,0.7196611505122144,498.48463356973997,0.7200000000000001,0.495,381.59999999999997,0.77,0.5216666666666666,404.7533333333334,0.7233333333333333,0.47000000000000003,383.1133333333333,0.7066666666666667,0.3844444444444445,374.34,0.7293333333333334,0.5026666666666667,386.664,1.0,0.6922222222222222,500.0,0.7196611505122144,0.73,0.46777777777777774
S_ce,75,0.983451536643026,0.7507880220646178,495.8522458628842,0.27666666666666667,0.30500000000000005,190.05333333333337,0.31,0.32111111111111107,208.3766666666667,0.32,0.27111111111111114,204.16,0.34,0.19888888888888887,211.25333333333333,0.308,0.29466666666666663,203.0773333333333,0.9966666666666667,0.7516666666666667,499.8933333333334,0.7507880220646178,0.3116666666666667,0.27402777777777776
S_ce,76,0.9881796690307327,0.6426319936958234,496.2647754137115,0.17333333333333334,0.18666666666666668,142.18666666666667,0.21000000000000005,0.18222222222222223,159.6966666666667,0.18333333333333335,0.16833333333333333,142.65333333333334,0.20666666666666667,0.1411111111111111,149.9466666666667,0.17200000000000001,0.17666666666666667,141.508,1.0,0.6422222222222221,500.0,0.6426319936958234,0.19333333333333336,0.16958333333333334
S_ce,77,0.9881796690307328,0.6977935382190701,494.7541371158392,0.0,0.12555555555555556,57.11666666666667,0.0,0.13777777777777778,58.24666666666667,0.0,0.13444444444444442,55.38333333333333,0.0,0.14222222222222222,51.653333333333336,0.0,0.11911111111111113,57.756,1.0,0.7,500.0,0.6977935382190701,0.0,0.13499999999999998
S_ce,78,0.9787234042553191,0.7436958234830576,495.6430260047282,0.59,0.42888888888888893,324.14666666666665,0.63,0.44333333333333336,340.21,0.5766666666666667,0.40777777777777774,317.13000000000005,0.5199999999999999,0.35222222222222227,292.68666666666667,0.6093333333333334,0.4308888888888888,332.30133333333333,0.9899999999999999,0.7511111111111112,499.03999999999996,0.7436958234830576,0.5791666666666666,0.40805555555555556
S_ce,79,0.9834515366430261,0.7243892828999212,494.7730496453901,0.09333333333333334,0.33,100.24333333333334,0.13999999999999999,0.3522222222222222,120.89666666666666,0.08666666666666667,0.2833333333333333,95.76333333333332,0.14666666666666667,0.24666666666666665,118.8,0.09200000000000001,0.3191111111111111,100.404,0.9899999999999999,0.7311111111111112,497.78000000000003,0.7243892828999212,0.11666666666666667,0.3030555555555556
S_ce,80,0.9893617021276596,0.6769109535066982,496.0685579196218,0.26,0.2588888888888889,176.93666666666664,0.29,0.2644444444444444,191.29999999999998,0.27666666666666667,0.2277777777777778,182.42333333333332,0.2933333333333333,0.18222222222222223,187.88666666666666,0.27066666666666667,0.24177777777777779,182.64266666666666,0.9966666666666667,0.6933333333333332,499.41,0.6769109535066982,0.27999999999999997,0.23333333333333334
S_ce,81,0.9787234042553191,0.6235224586288416,494.45035460992904,0.65,0.33,363.56666666666666,0.65,0.35,368.32,0.64,0.34388888888888886,359.34999999999997,0.47333333333333333,0.2777777777777778,283.85999999999996,0.632,0.3382222222222222,359.05999999999995,0.9899999999999999,0.6133333333333334,498.32666666666665,0.6235224586288416,0.6033333333333333,0.3254166666666667
S_ce,82,0.9562647754137116,0.675531914893617,493.15721040189123,0.3666666666666667,0.19,239.13333333333335,0.4066666666666667,0.19500000000000003,251.35333333333332,0.39999999999999997,0.16444444444444445,246.9333333333333,0.30666666666666664,0.08555555555555557,206.5,0.3893333333333333,0.16933333333333334,245.93866666666668,0.9766666666666666,0.676111111111111,497.8333333333333,0.675531914893617,0.37,0.15875
S_ce,83,0.9822695035460992,0.5998817966903073,494.0248226950355,0.2733333333333333,0.29277777777777775,188.32000000000002,0.27,0.2827777777777778,188.47333333333333,0.20666666666666667,0.2116666666666667,156.58333333333334,0.14666666666666667,0.12111111111111113,126.35333333333334,0.24533333333333332,0.26022222222222224,175.4226666666667,0.9933333333333333,0.5999999999999999,497.41333333333336,0.5998817966903073,0.22416666666666668,0.22708333333333336
S_ce,84,0.9881796690307328,0.7868400315208826,495.0106382978724,0.15666666666666668,0.23333333333333334,131.04999999999998,0.18666666666666668,0.2544444444444444,143.92666666666665,0.11333333333333333,0.2277777777777778,108.13333333333333,0.14666666666666667,0.2422222222222222,119.36,0.13466666666666668,0.2382222222222222,120.94666666666667,1.0,0.7872222222222223,500.0,0.7868400315208826,0.15083333333333335,0.23944444444444443
S_ce,85,0.9846335697399526,0.6160362490149723,494.08628841607566,0.27,0.22111111111111112,179.14666666666668,0.2833333333333333,0.21333333333333332,184.55000000000004,0.27999999999999997,0.2288888888888889,181.20333333333335,0.2733333333333333,0.23333333333333334,174.54,0.27599999999999997,0.224,181.68800000000002,1.0,0.6177777777777779,500.0,0.6160362490149723,0.2766666666666666,0.22416666666666668
S_ce,86,0.942080378250591,0.6997635933806146,493.48817966903067,0.48333333333333334,0.4244444444444444,295.83,0.5199999999999999,0.44333333333333336,312.50333333333333,0.4633333333333333,0.40666666666666673,282.8533333333333,0.4466666666666667,0.3555555555555556,274.49333333333334,0.47866666666666663,0.42688888888888893,291.95733333333334,0.9566666666666667,0.7,495.59666666666664,0.6997635933806146,0.47833333333333333,0.40750000000000003
S_ce,87,0.983451536643026,0.7592592592592593,494.43617021276594,0.17,0.2872222222222222,141.83,0.18333333333333335,0.30444444444444446,147.95333333333335,0.17333333333333334,0.2711111111111111,139.13333333333335,0.21333333333333335,0.2611111111111111,153.74666666666667,0.16266666666666665,0.28044444444444444,137.53066666666666,0.9966666666666667,0.7461111111111111,499.34666666666664,0.7592592592592593,0.18500000000000003,0.28097222222222223
S_ce,88,0.9373522458628841,0.5212765957446808,489.7600472813239,0.27,0.20555555555555555,179.43666666666664,0.29,0.21555555555555556,189.20000000000002,0.26333333333333336,0.18555555555555553,175.18999999999997,0.16,0.11555555555555555,129.62,0.284,0.19911111111111107,186.07600000000002,0.96,0.5461111111111112,496.94666666666666,0.5212765957446808,0.24583333333333338,0.18055555555555555
S_ce,89,0.9515366430260047,0.6357368006304177,491.8995271867612,0.75,0.5138888888888888,398.3866666666667,0.77,0.5166666666666667,405.93333333333334,0.6866666666666666,0.48333333333333334,369.5833333333333,0.5733333333333333,0.4166666666666667,325.1533333333333,0.7280000000000001,0.5144444444444445,391.4973333333333,0.9700000000000001,0.633888888888889,496.65000000000003,0.6357368006304177,0.695,0.4826388888888889
S_ce,90,0.9869976359338062,0.6180063041765169,495.7860520094562,0.28,0.19,188.62666666666667,0.3133333333333333,0.18222222222222223,204.29,0.25333333333333335,0.12333333333333335,175.57000000000002,0.16666666666666666,0.07555555555555556,134.84,0.288,0.15799999999999997,192.22133333333332,0.9966666666666667,0.6144444444444445,499.09666666666664,0.6180063041765169,0.25333333333333335,0.14277777777777778
S_ce,91,0.9810874704491725,0.743892828999212,491.4491725768321,0.0,0.30666666666666664,55.07666666666666,0.0,0.3111111111111111,54.99333333333333,0.0,0.2933333333333333,53.336666666666666,0.0,0.25333333333333335,49.093333333333334,0.0,0.3035555555555556,55.52933333333334,0.9966666666666667,0.7455555555555556,498.45,0.743892828999212,0.0,0.2911111111111111
S_ce,92,0.9846335697399528,0.6948384554767534,493.2825059101654,0.0,0.16666666666666666,56.096666666666664,0.0,0.1688888888888889,56.580000000000005,0.0,0.1788888888888889,54.52333333333333,0.006666666666666667,0.18666666666666668,53.953333333333326,0.0,0.17022222222222222,56.736,0.9966666666666667,0.6983333333333333,498.45,0.6948384554767534,0.0016666666666666668,0.17527777777777778
S_ce,93,0.9917257683215132,0.6743498817966903,496.73877068557914,0.31,0.40777777777777774,201.24333333333334,0.36000000000000004,0.4294444444444444,222.31000000000003,0.33666666666666667,0.395,209.4766666666667,0.34,0.3377777777777778,209.98000000000002,0.3413333333333333,0.41933333333333334,214.4053333333333,1.0,0.6733333333333333,500.0,0.6743498817966903,0.3366666666666667,0.39249999999999996
S_ce,94,0.963356973995272,0.669424743892829,493.12411347517735,0.006666666666666667,0.16555555555555557,74.65333333333334,0.006666666666666667,0.1688888888888889,88.24000000000001,0.006666666666666667,0.15333333333333332,79.17,0.013333333333333334,0.09777777777777777,83.0,0.011999999999999999,0.15777777777777777,82.128,0.9733333333333333,0.6838888888888889,498.68333333333334,0.669424743892829,0.008333333333333333,0.14638888888888887
S_ce,95,0.9822695035460992,0.8024034672970842,494.6702127659575,0.3433333333333333,0.3277777777777778,222.09,0.3433333333333333,0.32944444444444443,225.62666666666667,0.3066666666666667,0.2644444444444445,203.7266666666667,0.24,0.23444444444444446,169.31333333333333,0.29733333333333334,0.28488888888888886,204.35333333333332,0.9966666666666667,0.8161111111111111,499.0366666666667,0.8024034672970842,0.30833333333333335,0.2890277777777778
S_ce,96,0.9881796690307328,0.761820330969267,495.6583924349882,0.24,0.37888888888888883,170.73666666666668,0.2733333333333333,0.41555555555555557,185.73000000000002,0.2633333333333333,0.39999999999999997,178.37,0.26666666666666666,0.3266666666666666,177.96,0.24533333333333332,0.38844444444444454,173.932,1.0,0.7722222222222223,500.0,0.761820330969267,0.2608333333333333,0.38027777777777777
S_ce,97,0.9905437352245863,0.7464539007092198,496.20212765957444,0.25,0.22222222222222224,174.41666666666666,0.24333333333333332,0.24555555555555555,176.6833333333333,0.21333333333333335,0.22999999999999998,159.62,0.26,0.22444444444444445,174.65333333333334,0.236,0.23511111111111113,170.35333333333332,1.0,0.735,500.0,0.7464539007092198,0.24166666666666667,0.23055555555555557
S_ce,98,0.8569739952718676,0.567966903073286,474.1985815602837,0.03666666666666667,0.21555555555555553,120.00999999999999,0.04666666666666667,0.22333333333333336,125.57999999999998,0.03666666666666667,0.18666666666666668,110.74333333333334,0.06666666666666667,0.17555555555555558,114.72666666666665,0.03866666666666667,0.19111111111111112,117.84800000000001,0.8533333333333334,0.5877777777777777,478.25333333333333,0.567966903073286,0.04666666666666667,0.20027777777777778
S_ce,99,0.9846335697399526,0.7003546099290779,495.1028368794326,0.3666666666666667,0.39944444444444444,234.53666666666666,0.39999999999999997,0.41777777777777775,248.62333333333333,0.36333333333333334,0.3866666666666667,228.39333333333332,0.24666666666666667,0.3077777777777778,172.43333333333337,0.35200000000000004,0.3984444444444445,229.80666666666664,0.9966666666666667,0.6966666666666667,498.34,0.7003546099290779,0.3441666666666666,0.3779166666666667
S_ce,100,0.8392434988179668,0.6109141055949566,472.58274231678496,0.25,0.28722222222222227,175.98666666666668,0.24666666666666667,0.27444444444444444,178.29,0.22,0.26333333333333336,165.90333333333334,0.16666666666666666,0.23222222222222222,136.35333333333332,0.2373333333333333,0.27599999999999997,174.80933333333334,0.8833333333333333,0.6205555555555556,485.82666666666665,0.6109141055949566,0.22083333333333333,0.26430555555555557
S_mab,1,0.9893617021276594,0.6156422379826635,496.7789598108747,0.6566666666666666,0.22333333333333333,354.07,0.6933333333333334,0.23333333333333334,369.2333333333333,0.6033333333333334,0.20444444444444446,329.3533333333333,0.52,0.20111111111111113,293.38000000000005,0.66,0.21422222222222223,355.16533333333336,1.0,0.5888888888888889,500.0,0.6156422379826635,0.6183333333333334,0.21555555555555556
S_mab,2,0.9787234042553191,0.6113081166272656,494.8510638297873,0.25,0.2588888888888889,175.45333333333335,0.2733333333333334,0.26055555555555554,187.46,0.31,0.2544444444444445,198.97333333333336,0.3666666666666667,0.21444444444444447,231.40666666666667,0.2866666666666667,0.2675555555555556,193.03733333333335,0.9966666666666667,0.6216666666666667,499.43333333333334,0.6113081166272656,0.30000000000000004,0.24708333333333332
S_mab,3,0.9669030732860521,0.7484239558707644,488.39834515366437,0.21333333333333335,0.18111111111111108,159.27666666666667,0.19666666666666666,0.20611111111111108,153.0,0.20000000000000004,0.18444444444444447,151.71,0.13333333333333333,0.17666666666666667,121.01999999999998,0.20266666666666666,0.18311111111111109,154.80533333333335,0.9866666666666667,0.7372222222222222,495.9866666666667,0.7484239558707644,0.18583333333333335,0.1870833333333333
S_mab,4,0.627659574468085,0.5803782505910164,429.2210401891254,0.27666666666666667,0.31333333333333335,212.48333333333335,0.27999999999999997,0.3166666666666666,215.95000000000002,0.22333333333333336,0.26666666666666666,185.57333333333335,0.15333333333333335,0.17444444444444446,152.59333333333333,0.26533333333333337,0.2942222222222223,205.53066666666666,0.6366666666666666,0.5866666666666667,434.2266666666667,0.5803782505910164,0.23333333333333334,0.2677777777777777
S_mab,5,0.8546099290780141,0.36997635933806144,468.69148936170217,0.48666666666666664,0.13333333333333336,309.92333333333335,0.48,0.12833333333333333,304.82666666666665,0.4566666666666667,0.11722222222222223,287.12333333333333,0.39333333333333337,0.08666666666666666,254.73333333333335,0.4586666666666666,0.12577777777777777,293.70533333333333,0.85,0.36833333333333335,471.83666666666664,0.36997635933806144,0.45416666666666666,0.1163888888888889
S_mab,6,0.9113475177304964,0.547478329393223,485.16312056737587,0.33,0.3,241.36999999999998,0.34,0.31611111111111106,252.23,0.23666666666666666,0.2622222222222222,197.69666666666663,0.20666666666666667,0.21888888888888886,182.36666666666667,0.30266666666666664,0.2891111111111111,231.192,0.9133333333333332,0.5494444444444444,488.9666666666667,0.547478329393223,0.2783333333333333,0.2743055555555555
S_mab,7,0.9893617021276594,0.7992513790386131,497.09929078014176,0.53,0.3538888888888889,302.27,0.5733333333333333,0.3844444444444445,321.25,0.5766666666666667,0.3616666666666667,319.23,0.54,0.36555555555555563,303.43333333333334,0.5346666666666667,0.3588888888888889,303.464,1.0,0.7983333333333333,500.0,0.7992513790386131,0.5549999999999999,0.36638888888888893
S_mab,8,0.983451536643026,0.656816390858944,494.52600472813236,0.2733333333333334,0.3433333333333333,189.91666666666666,0.24333333333333332,0.33388888888888885,178.44666666666663,0.24333333333333332,0.32166666666666666,173.83,0.18666666666666668,0.26888888888888884,148.89333333333335,0.2306666666666667,0.32422222222222224,172.98266666666666,0.9933333333333333,0.67,498.51,0.656816390858944,0.23666666666666666,0.3169444444444444
S_mab,9,0.9810874704491725,0.6975965327029157,495.56501182033094,0.43333333333333335,0.2977777777777778,253.9,0.4366666666666667,0.3183333333333334,255.09666666666666,0.4166666666666667,0.29055555555555557,246.59,0.4066666666666667,0.24555555555555555,240.98666666666668,0.452,0.3035555555555556,262.596,0.9966666666666667,0.7005555555555556,499.9866666666667,0.6975965327029157,0.4233333333333334,0.2880555555555556
S_mab,10,0.9669030732860519,0.6247044917257684,495.1962174940898,0.49666666666666676,0.33722222222222226,287.34999999999997,0.5666666666666668,0.35055555555555556,317.91666666666663,0.48666666666666664,0.2833333333333333,281.1166666666666,0.3933333333333333,0.2088888888888889,241.5,0.504,0.3086666666666667,290.856,0.9733333333333333,0.6255555555555554,495.91,0.6247044917257684,0.48583333333333334,0.29500000000000004
S_mab,11,0.9196217494089834,0.5986997635933805,488.8605200945626,0.6233333333333334,0.3977777777777778,358.2633333333333,0.6133333333333334,0.39055555555555554,356.8433333333333,0.6233333333333334,0.3938888888888889,358.93,0.56,0.38555555555555565,332.7133333333333,0.6186666666666666,0.3928888888888889,362.09999999999997,0.9266666666666666,0.5877777777777777,490.0,0.5986997635933805,0.6050000000000001,0.3919444444444445
S_mab,12,0.9822695035460994,0.7894011032308905,492.692671394799,0.22999999999999998,0.13944444444444443,163.46,0.22,0.13055555555555556,159.00666666666666,0.26,0.11666666666666667,175.14666666666668,0.25333333333333335,0.11555555555555554,168.92666666666668,0.22666666666666666,0.1257777777777778,163.33466666666666,1.0,0.7916666666666666,500.0,0.7894011032308905,0.24083333333333334,0.12555555555555556
S_mab,13,0.9728132387706857,0.5650118203309692,493.2186761229315,0.2733333333333333,0.13722222222222222,185.72666666666666,0.31333333333333335,0.15555555555555556,202.06000000000003,0.30333333333333334,0.13722222222222222,194.57333333333335,0.29333333333333333,0.1411111111111111,186.48000000000002,0.2853333333333333,0.13622222222222222,188.90266666666665,0.98,0.5488888888888889,498.52,0.5650118203309692,0.29583333333333334,0.14277777777777778
S_mab,14,0.9728132387706857,0.6164302600472813,491.8581560283688,0.09999999999999999,0.24444444444444444,104.39666666666666,0.11666666666666668,0.2588888888888889,112.28333333333335,0.13,0.23222222222222225,115.91333333333334,0.15333333333333335,0.19333333333333336,122.50666666666666,0.11866666666666666,0.24711111111111111,113.27733333333333,1.0,0.6294444444444445,500.0,0.6164302600472813,0.125,0.23222222222222222
S_mab,15,0.9881796690307328,0.6390858944050432,495.06028368794324,0.07,0.2522222222222222,92.34666666666668,0.06,0.26555555555555554,89.74000000000001,0.03666666666666667,0.24666666666666665,74.17666666666666,0.060000000000000005,0.24444444444444444,82.11333333333333,0.06266666666666666,0.25244444444444447,88.40266666666668,1.0,0.6461111111111111,500.0,0.6390858944050432,0.05666666666666667,0.2522222222222222
S_mab,16,0.9763593380614658,0.6999605988967691,491.6099290780142,0.06666666666666667,0.16555555555555557,91.37333333333333,0.06666666666666667,0.18333333333333332,90.75999999999999,0.06333333333333334,0.13333333333333333,86.65000000000002,0.02666666666666667,0.13555555555555557,65.86666666666666,0.06,0.15422222222222223,88.028,0.9966666666666667,0.6933333333333332,499.34,0.6999605988967691,0.05583333333333333,0.15444444444444444
S_mab,17,0.9645390070921986,0.578408195429472,493.34278959810877,0.46,0.3505555555555555,265.87666666666667,0.47333333333333333,0.3555555555555556,271.8566666666666,0.4666666666666666,0.34333333333333327,267.19666666666666,0.48,0.32999999999999996,271.8,0.49066666666666664,0.36377777777777776,279.548,0.9899999999999999,0.5944444444444444,499.2266666666667,0.578408195429472,0.47,0.34486111111111106
S_mab,18,0.9858156028368793,0.6871552403467297,494.6513002364066,0.3066666666666667,0.24277777777777776,196.71,0.3066666666666667,0.2644444444444444,196.5,0.29,0.23277777777777775,188.89333333333335,0.19333333333333336,0.15555555555555556,144.29333333333332,0.3106666666666667,0.24244444444444446,198.53333333333333,1.0,0.6955555555555556,500.0,0.6871552403467297,0.27416666666666667,0.2238888888888889
S_mab,19,0.953900709219858,0.648936170212766,490.6099290780142,0.5566666666666666,0.24166666666666667,324.84,0.5633333333333334,0.24500000000000002,330.4433333333333,0.48666666666666664,0.21166666666666667,297.2633333333333,0.4266666666666667,0.1733333333333333,270.61333333333334,0.528,0.234,315.52799999999996,0.9633333333333333,0.655,494.90333333333336,0.648936170212766,0.5083333333333333,0.21791666666666668
S_mab,20,0.20921985815602837,0.19818754925137902,329.5,0.0033333333333333335,0.0022222222222222222,136.4,0.016666666666666666,0.005555555555555556,146.42666666666665,0.023333333333333334,0.007777777777777778,134.20000000000002,0.013333333333333334,0.0044444444444444444,115.39333333333333,0.013333333333333334,0.007999999999999998,135.99066666666667,0.20333333333333334,0.19444444444444445,338.2833333333333,0.19818754925137902,0.014166666666666668,0.005
S_mab,21,0.8167848699763592,0.7139479905437351,459.289598108747,0.03666666666666667,0.2977777777777778,99.97666666666667,0.08333333333333333,0.32333333333333336,120.36666666666667,0.04666666666666667,0.2711111111111112,96.39999999999999,0.18000000000000002,0.2511111111111111,151.11333333333334,0.06266666666666666,0.2991111111111111,108.34933333333333,0.8166666666666668,0.7161111111111111,462.4166666666667,0.7139479905437351,0.08666666666666667,0.2858333333333334
S_mab,22,0.9728132387706857,0.7127659574468085,493.99054373522466,0.6966666666666667,0.43444444444444447,370.55333333333334,0.7166666666666667,0.4577777777777778,379.24333333333334,0.7066666666666667,0.4577777777777778,375.00666666666666,0.6133333333333334,0.44000000000000006,335.99333333333334,0.7120000000000001,0.44955555555555554,378.82,0.9899999999999999,0.7305555555555555,499.76666666666665,0.7127659574468085,0.6833333333333333,0.4475
S_mab,23,0.9881796690307327,0.7436958234830575,496.27541371158395,0.3333333333333333,0.36222222222222217,209.28,0.33666666666666667,0.3833333333333333,210.51333333333332,0.35000000000000003,0.3688888888888889,214.37666666666667,0.4000000000000001,0.3333333333333333,233.81999999999996,0.3426666666666667,0.37022222222222223,213.12933333333334,0.9966666666666667,0.7494444444444445,499.94666666666666,0.7436958234830575,0.35500000000000004,0.3619444444444444
S_mab,24,0.9468085106382979,0.5421591804570528,490.3782505910165,0.4566666666666667,0.15833333333333333,266.8666666666666,0.5,0.1827777777777778,285.15000000000003,0.4566666666666667,0.1733333333333333,265.8066666666667,0.48,0.17777777777777778,274.4533333333333,0.48533333333333334,0.17733333333333334,278.81333333333333,0.96,0.5549999999999999,494.8066666666667,0.5421591804570528,0.4733333333333334,0.17305555555555557
S_mab,25,0.6713947990543736,0.5392040977147359,449.41252955082746,0.2833333333333333,0.0938888888888889,230.47000000000003,0.3066666666666667,0.10500000000000001,249.1933333333333,0.19666666666666666,0.06555555555555555,195.72,0.24,0.07777777777777778,205.78,0.24266666666666667,0.07622222222222222,217.20933333333332,0.6766666666666667,0.5383333333333333,451.00666666666666,0.5392040977147359,0.2566666666666667,0.08555555555555555
S_mab,26,0.978723404255319,0.6375098502758078,494.17494089834514,0.25,0.2961111111111111,181.27999999999997,0.25333333333333335,0.3272222222222222,188.67999999999998,0.21333333333333335,0.3094444444444444,165.47333333333333,0.2333333333333333,0.33666666666666667,170.36666666666665,0.236,0.3055555555555556,182.476,0.9966666666666667,0.6388888888888888,499.0733333333333,0.6375098502758078,0.23750000000000002,0.3173611111111111
S_mab,27,0.9609929078014185,0.63849487785658,493.4964539007092,0.37333333333333335,0.2872222222222222,286.86333333333334,0.39333333333333337,0.28444444444444444,298.6433333333333,0.36333333333333334,0.25277777777777777,273.02,0.3666666666666667,0.18,253.02666666666664,0.34400000000000003,0.2644444444444444,276.8186666666667,0.9766666666666667,0.6383333333333334,496.9433333333333,0.63849487785658,0.3741666666666667,0.2511111111111111
S_mab,28,0.706855791962175,0.6686367218282111,471.11347517730496,0.01,0.05777777777777778,92.87333333333333,0.04,0.07333333333333335,109.63,0.02666666666666667,0.05,89.41666666666667,0.06666666666666667,0.07555555555555556,106.42666666666666,0.025333333333333333,0.05688888888888888,96.032,0.71,0.6766666666666666,475.81666666666666,0.6686367218282111,0.035833333333333335,0.06416666666666666
S_mab,29,0.9799054373522459,0.7135539795114263,495.10874704491727,0.13999999999999999,0.1738888888888889,128.71,0.19333333333333336,0.18555555555555556,150.44333333333333,0.19666666666666668,0.19333333333333336,150.79333333333332,0.41333333333333333,0.2666666666666666,253.60666666666668,0.18133333333333335,0.1875555555555556,146.77466666666666,0.9933333333333333,0.7094444444444444,499.67333333333335,0.7135539795114263,0.23583333333333334,0.2048611111111111
S_mab,30,0.9905437352245863,0.704688731284476,496.15248226950354,0.33,0.39888888888888885,211.22333333333333,0.3433333333333333,0.40333333333333343,217.4766666666667,0.3566666666666667,0.3833333333333333,219.40333333333334,0.35333333333333333,0.32,217.26666666666665,0.33066666666666666,0.3995555555555555,212.648,1.0,0.6977777777777777,500.0,0.704688731284476,0.3458333333333333,0.37638888888888894
S_mab,31,0.9799054373522459,0.7202521670606776,495.209219858156,0.6699999999999999,0.4777777777777778,364.59999999999997,0.6533333333333333,0.4883333333333333,360.2833333333333,0.6533333333333333,0.45888888888888885,358.1466666666667,0.6133333333333333,0.4011111111111111,340.32,0.6586666666666666,0.48511111111111116,364.0213333333333,0.9899999999999999,0.7205555555555556,498.16333333333336,0.7202521670606776,0.6475,0.45652777777777775
S_mab,32,0.9929078014184398,0.6692277383766747,497.37943262411346,0.30666666666666664,0.29055555555555557,200.76333333333332,0.31666666666666665,0.31277777777777777,207.70000000000002,0.31,0.27999999999999997,198.57666666666668,0.3133333333333333,0.23333333333333334,198.28,0.31466666666666665,0.2973333333333333,204.06933333333333,1.0,0.6666666666666666,500.0,0.6692277383766747,0.31166666666666665,0.2791666666666667
S_mab,33,0.8416075650118203,0.6497241922773838,467.56855791962175,0.2933333333333333,0.15666666666666668,258.59999999999997,0.2833333333333334,0.1538888888888889,253.88333333333333,0.25333333333333335,0.14833333333333334,223.37333333333333,0.12666666666666668,0.13777777777777778,149.86666666666667,0.25333333333333335,0.1471111111111111,237.58266666666668,0.8666666666666667,0.6355555555555555,474.95666666666665,0.6497241922773838,0.2391666666666667,0.14916666666666667
S_mab,34,0.9539007092198583,0.7308904649330181,491.9609929078014,0.46,0.2916666666666667,292.83,0.5233333333333334,0.3194444444444444,327.37,0.46,0.28444444444444444,291.37666666666667,0.5133333333333333,0.28111111111111114,315.26666666666665,0.47866666666666674,0.2942222222222222,303.672,0.9666666666666667,0.7238888888888888,496.90333333333336,0.7308904649330181,0.48916666666666664,0.2941666666666667
S_mab,35,0.9728132387706855,0.7417257683215129,490.47399527186764,0.5,0.36777777777777776,282.3866666666667,0.5299999999999999,0.4044444444444444,295.1666666666667,0.5,0.3877777777777777,281.1433333333333,0.4266666666666667,0.36,247.62666666666667,0.5106666666666667,0.3973333333333333,287.4866666666666,0.9899999999999999,0.7416666666666667,497.53999999999996,0.7417257683215129,0.48916666666666664,0.38
S_mab,36,0.9858156028368793,0.7297084318360914,494.94208037825064,0.049999999999999996,0.10222222222222223,84.40333333333334,0.04666666666666667,0.10777777777777778,85.37666666666667,0.03333333333333333,0.1,73.54666666666667,0.05333333333333334,0.10444444444444444,77.72666666666667,0.047999999999999994,0.10444444444444445,83.62,0.9966666666666667,0.72,498.34,0.7297084318360914,0.04583333333333334,0.10361111111111113
S_mab,37,0.9787234042553191,0.6968085106382979,495.80851063829783,0.42333333333333334,0.31222222222222223,260.17333333333335,0.5133333333333333,0.35333333333333333,298.6333333333334,0.4466666666666666,0.3083333333333334,265.9666666666667,0.49333333333333335,0.31333333333333335,284.85333333333335,0.4386666666666667,0.31,267.5813333333333,0.9966666666666667,0.6805555555555557,499.50666666666666,0.6968085106382979,0.4691666666666667,0.32180555555555557
S_mab,38,0.9869976359338061,0.8148148148148148,494.3971631205674,0.02666666666666667,0.3411111111111111,70.61333333333333,0.016666666666666666,0.3333333333333333,68.31333333333333,0.016666666666666666,0.31444444444444447,65.33999999999999,0.02666666666666667,0.2577777777777778,64.66666666666667,0.02666666666666667,0.34511111111111115,71.60933333333332,0.9966666666666667,0.8233333333333334,498.4766666666667,0.8148148148148148,0.021666666666666667,0.31166666666666665
S_mab,39,0.9775413711583925,0.7984633569739952,492.63120567375887,0.016666666666666666,0.23333333333333334,73.95666666666666,0.016666666666666666,0.25,73.06333333333333,0.03666666666666667,0.23444444444444443,77.61666666666667,0.006666666666666667,0.1955555555555555,59.080000000000005,0.016,0.2342222222222222,72.636,0.9933333333333333,0.8111111111111111,499.07666666666665,0.7984633569739952,0.01916666666666667,0.2283333333333333
S_mab,40,0.892434988179669,0.6581954294720253,479.28723404255317,0.27,0.25555555555555554,200.82666666666668,0.29333333333333333,0.2588888888888889,210.14,0.23333333333333336,0.24055555555555558,179.71666666666667,0.28,0.26,194.44000000000003,0.24933333333333332,0.24000000000000005,189.98800000000003,0.9199999999999999,0.6544444444444445,484.80333333333334,0.6581954294720253,0.26916666666666667,0.25375000000000003
S_mab,41,0.9822695035460992,0.760441292356186,494.5531914893618,0.3466666666666667,0.2944444444444445,218.77666666666664,0.39666666666666667,0.31777777777777777,239.60666666666665,0.32666666666666666,0.28111111111111114,207.61333333333334,0.26,0.20888888888888887,175.95333333333335,0.35600000000000004,0.2993333333333333,222.91333333333333,1.0,0.7711111111111111,500.0,0.760441292356186,0.3325,0.27555555555555555
S_mab,42,0.9030732860520095,0.7037037037037037,489.1004728132388,0.68,0.44388888888888894,377.53999999999996,0.7133333333333334,0.4488888888888889,392.0233333333333,0.62,0.4411111111111111,352.1366666666667,0.47333333333333333,0.3922222222222222,293.1333333333333,0.6986666666666667,0.4613333333333333,386.4653333333333,0.9033333333333333,0.6894444444444444,490.31666666666666,0.7037037037037037,0.6216666666666667,0.43152777777777784
S_mab,43,0.7222222222222222,0.5,458.25531914893617,0.5333333333333333,0.30166666666666664,339.60333333333335,0.5299999999999999,0.29333333333333333,332.8533333333333,0.47333333333333333,0.255,300.74333333333334,0.27999999999999997,0.17111111111111113,211.8066666666667,0.516,0.2833333333333333,324.6893333333333,0.7233333333333333,0.5011111111111112,465.14333333333326,0.5,0.45416666666666666,0.25527777777777777
S_mab,44,0.7033096926713949,0.5372340425531915,455.21040189125296,0.47333333333333333,0.33777777777777773,341.4166666666667,0.5066666666666667,0.33999999999999997,357.9166666666667,0.48666666666666664,0.3016666666666667,328.56,0.49333333333333335,0.23555555555555555,324.1533333333333,0.48133333333333334,0.32911111111111113,340.4373333333333,0.7066666666666667,0.5461111111111112,458.4766666666667,0.5372340425531915,0.49,0.30374999999999996
S_mab,45,0.9869976359338062,0.7161150512214342,495.1004728132388,0.25,0.27666666666666667,170.66666666666666,0.25,0.27888888888888885,172.04,0.2733333333333333,0.2577777777777778,178.86666666666667,0.2733333333333333,0.23777777777777778,176.47333333333333,0.23866666666666667,0.27466666666666667,167.24,1.0,0.7277777777777777,500.0,0.7161150512214342,0.26166666666666666,0.2627777777777778
S_mab,46,0.9160756501182034,0.6444050433412135,487.35933806146573,0.20333333333333334,0.31666666666666665,176.90333333333334,0.19333333333333333,0.3155555555555556,178.57333333333335,0.14666666666666667,0.29111111111111115,160.56,0.10666666666666667,0.24444444444444444,122.68666666666667,0.17200000000000001,0.31066666666666665,173.68933333333334,0.93,0.6472222222222223,495.09666666666664,0.6444050433412135,0.1625,0.29194444444444445
S_mab,47,0.9704491725768322,0.6459810874704491,493.13829787234044,0.36000000000000004,0.3388888888888889,223.65333333333334,0.36999999999999994,0.3333333333333333,228.07333333333335,0.3333333333333333,0.28888888888888886,212.64,0.26666666666666666,0.22666666666666668,183.04666666666665,0.3426666666666667,0.3133333333333333,218.13066666666668,0.9766666666666667,0.6427777777777778,497.3566666666666,0.6459810874704491,0.33249999999999996,0.29694444444444446
S_mab,48,0.9893617021276594,0.6910953506698188,495.93144208037825,0.35333333333333333,0.43,219.6,0.36333333333333334,0.45333333333333337,223.7733333333333,0.32666666666666666,0.38555555555555554,204.39333333333335,0.3333333333333333,0.2977777777777778,205.46666666666667,0.35333333333333333,0.43155555555555564,218.29600000000002,1.0,0.7066666666666667,500.0,0.6910953506698188,0.3441666666666667,0.3916666666666666
S_mab,49,0.9716312056737589,0.8230890464933016,494.3900709219858,0.6733333333333333,0.5077777777777778,390.06666666666666,0.7266666666666667,0.5294444444444444,420.3666666666666,0.7133333333333334,0.48222222222222216,407.5133333333333,0.7000000000000001,0.4377777777777777,394.1266666666667,0.7040000000000001,0.502,407.48,0.98,0.8127777777777778,498.9866666666667,0.8230890464933016,0.7033333333333334,0.48930555555555555
S_mab,50,0.9609929078014184,0.6148542159180457,492.7080378250591,0.31666666666666665,0.08333333333333333,219.82666666666668,0.3666666666666667,0.10388888888888889,236.73333333333335,0.3133333333333333,0.08222222222222221,212.63666666666668,0.25333333333333335,0.08777777777777779,200.9,0.336,0.09000000000000001,223.15866666666668,0.9666666666666668,0.6333333333333333,496.7266666666667,0.6148542159180457,0.3125,0.08930555555555555
S_mab,51,0.9893617021276596,0.5364460204885737,495.2659574468085,0.0,0.10444444444444445,56.52,0.0,0.11333333333333333,56.68333333333334,0.0,0.1255555555555556,54.78333333333333,0.0,0.12444444444444443,51.10666666666666,0.0,0.10977777777777778,57.02666666666667,1.0,0.5344444444444445,500.0,0.5364460204885737,0.0,0.11694444444444445
S_mab,52,0.9869976359338061,0.7324665090622537,494.30614657210407,0.16333333333333333,0.19,135.95333333333335,0.15333333333333335,0.19111111111111112,132.03333333333333,0.15666666666666665,0.18944444444444444,129.76333333333335,0.16,0.18666666666666668,128.18666666666667,0.14533333333333334,0.18555555555555556,127.82533333333333,1.0,0.7416666666666667,500.0,0.7324665090622537,0.15833333333333333,0.18930555555555556
S_mab,53,0.9326241134751774,0.6977935382190702,488.66312056737587,0.18000000000000002,0.25166666666666665,201.89333333333335,0.20000000000000004,0.27888888888888885,212.11666666666667,0.17333333333333334,0.26222222222222213,185.75333333333333,0.14666666666666667,0.24777777777777785,155.44666666666666,0.17466666666666666,0.25866666666666666,194.06799999999998,0.94,0.6877777777777777,493.00666666666666,0.6977935382190702,0.17500000000000004,0.26013888888888886
S_mab,54,0.9326241134751774,0.6530732860520094,485.0851063829787,0.27666666666666667,0.14666666666666667,179.86,0.29,0.15555555555555556,185.18666666666664,0.26333333333333336,0.14333333333333334,173.30999999999997,0.2733333333333333,0.15111111111111114,174.29333333333332,0.2853333333333333,0.15111111111111114,184.13733333333334,0.96,0.6577777777777778,492.72333333333336,0.6530732860520094,0.2758333333333334,0.14916666666666667
S_mab,55,0.9609929078014184,0.6680457052797479,483.2186761229314,0.0,0.2488888888888889,56.88333333333333,0.03,0.2855555555555555,70.65333333333332,0.013333333333333334,0.2566666666666666,61.14000000000001,0.07333333333333333,0.2488888888888889,83.81333333333333,0.013333333333333334,0.2653333333333333,63.68533333333334,0.9933333333333333,0.6816666666666666,496.99,0.6680457052797479,0.029166666666666667,0.25999999999999995
S_mab,56,0.5638297872340425,0.20468873128447593,414.2683215130023,0.12,0.02222222222222222,209.70000000000002,0.12333333333333334,0.021666666666666664,202.94666666666663,0.12,0.02222222222222222,191.0333333333333,0.06,0.009999999999999998,157.53333333333333,0.12266666666666666,0.022666666666666665,201.928,0.51,0.1761111111111111,403.8333333333333,0.20468873128447593,0.10583333333333333,0.019027777777777772
S_mab,57,0.7765957446808511,0.33037825059101655,443.36524822695037,0.060000000000000005,0.025555555555555554,147.63666666666668,0.07,0.02444444444444444,149.70333333333332,0.03666666666666667,0.011111111111111112,127.65333333333332,0.04,0.01222222222222222,112.40666666666668,0.036,0.013777777777777778,135.13866666666667,0.75,0.32722222222222225,441.8566666666666,0.33037825059101655,0.05166666666666667,0.01833333333333333
S_mab,58,0.9657210401891253,0.6885342789598108,491.8971631205674,0.5,0.2,283.8566666666666,0.49666666666666665,0.20333333333333334,282.78333333333336,0.4533333333333333,0.18333333333333332,262.64000000000004,0.37333333333333335,0.19,228.61999999999998,0.48266666666666663,0.194,277.272,0.9733333333333333,0.71,495.8966666666667,0.6885342789598108,0.4558333333333333,0.19416666666666665
S_mab,59,0.8806146572104018,0.6430260047281323,482.2434988179669,0.43999999999999995,0.2127777777777778,281.19,0.45999999999999996,0.21722222222222223,295.87666666666667,0.39999999999999997,0.19,270.5333333333333,0.2866666666666667,0.15444444444444447,216.34666666666666,0.424,0.20044444444444443,284.53333333333336,0.9133333333333334,0.6366666666666667,494.0233333333333,0.6430260047281323,0.3966666666666666,0.19361111111111115
S_mab,60,0.9799054373522459,0.733451536643026,490.9751773049645,0.0,0.12166666666666665,55.15,0.0,0.11722222222222221,55.44333333333333,0.0,0.08999999999999998,53.50333333333334,0.0,0.05333333333333333,49.35999999999999,0.0,0.11088888888888888,55.690666666666665,0.9966666666666667,0.745,498.45,0.733451536643026,0.0,0.09555555555555555
S_mab,61,0.9846335697399526,0.5486603624901497,494.90898345153664,0.2833333333333333,0.21833333333333335,186.53666666666666,0.2966666666666667,0.21444444444444447,192.4333333333333,0.27999999999999997,0.1761111111111111,182.61333333333332,0.25333333333333335,0.11444444444444445,168.95333333333335,0.29733333333333334,0.20577777777777778,193.25866666666664,1.0,0.5505555555555555,500.0,0.5486603624901497,0.2783333333333334,0.18083333333333335
S_mab,62,0.9869976359338062,0.6412529550827424,496.1193853427896,0.45333333333333337,0.2311111111111111,265.65333333333336,0.49333333333333335,0.23777777777777778,281.2133333333333,0.45,0.21555555555555556,260.79,0.3666666666666667,0.18444444444444444,221.88,0.46799999999999997,0.224,271.1586666666667,1.0,0.6372222222222221,500.0,0.6412529550827424,0.44083333333333335,0.2172222222222222
S_mab,63,0.9810874704491725,0.8502758077226162,492.9728132387707,0.18000000000000002,0.30999999999999994,142.0,0.19000000000000003,0.3322222222222222,146.56,0.16666666666666666,0.3166666666666667,133.53666666666666,0.16,0.2777777777777778,126.31333333333333,0.17466666666666666,0.3135555555555556,139.46533333333335,0.9966666666666667,0.8572222222222223,498.4433333333333,0.8502758077226162,0.1741666666666667,0.3091666666666667
S_mab,64,0.8061465721040189,0.6079590228526399,470.27541371158395,0.27666666666666667,0.3288888888888889,225.14666666666668,0.26333333333333336,0.3350000000000001,217.7733333333333,0.27666666666666667,0.3238888888888889,213.77999999999997,0.16,0.2477777777777778,162.54,0.29333333333333333,0.33755555555555555,224.73199999999997,0.81,0.6233333333333334,471.44000000000005,0.6079590228526399,0.24416666666666667,0.30888888888888894
S_mab,65,0.9515366430260047,0.7576832151300237,488.2541371158392,0.18999999999999997,0.28777777777777774,163.24333333333334,0.18000000000000002,0.2977777777777778,157.64000000000001,0.17666666666666667,0.26333333333333336,150.30333333333334,0.18000000000000002,0.22444444444444447,146.79333333333332,0.18400000000000002,0.2773333333333334,158.04533333333333,0.9766666666666666,0.7755555555555556,496.81,0.7576832151300237,0.18166666666666667,0.26833333333333337
S_mab,66,0.9787234042553191,0.6199763593380614,494.4385342789598,0.27666666666666667,0.1811111111111111,213.90666666666667,0.31666666666666665,0.1827777777777778,228.79,0.2333333333333333,0.16611111111111113,196.23666666666668,0.25333333333333335,0.17666666666666664,197.64000000000001,0.25466666666666665,0.17377777777777778,210.29333333333338,0.9899999999999999,0.6183333333333333,498.2166666666667,0.6199763593380614,0.26999999999999996,0.17666666666666667
S_mab,67,0.8002364066193853,0.6185973207249802,477.20212765957444,0.27999999999999997,0.2683333333333334,219.47,0.34,0.3194444444444445,243.87666666666667,0.32666666666666666,0.28555555555555556,224.19999999999996,0.46666666666666673,0.34111111111111114,280.64,0.3146666666666667,0.2995555555555555,226.30800000000002,0.8233333333333333,0.6283333333333333,480.8666666666666,0.6185973207249802,0.35333333333333333,0.30361111111111116
S_mab,68,0.983451536643026,0.6759259259259259,494.7364066193854,0.11333333333333334,0.17222222222222222,111.05333333333333,0.13333333333333333,0.1838888888888889,119.23666666666666,0.06999999999999999,0.1572222222222222,88.92999999999999,0.09999999999999999,0.16666666666666669,96.99333333333334,0.10133333333333333,0.16933333333333334,105.16133333333333,1.0,0.6816666666666668,500.0,0.6759259259259259,0.10416666666666666,0.17000000000000004
S_mab,69,0.958628841607565,0.7411347517730495,491.4101654846336,0.09000000000000001,0.2177777777777778,159.79666666666668,0.08333333333333333,0.24222222222222226,149.78666666666666,0.07333333333333333,0.22555555555555556,132.10333333333332,0.08,0.2111111111111111,116.83999999999999,0.08533333333333333,0.2217777777777778,145.67866666666666,0.9666666666666667,0.7572222222222221,495.3066666666667,0.7411347517730495,0.08166666666666667,0.2241666666666667
S_mab,70,0.9515366430260047,0.6668636721828212,492.74468085106383,0.016666666666666666,0.11222222222222222,67.48333333333333,0.03333333333333333,0.11555555555555556,80.91333333333334,0.023333333333333334,0.08444444444444446,70.87333333333333,0.006666666666666667,0.05777777777777778,75.27333333333333,0.016,0.11066666666666666,71.02666666666667,0.9700000000000001,0.6849999999999999,498.79333333333335,0.6668636721828212,0.02,0.09250000000000001
S_mab,71,0.9858156028368793,0.7259653270291568,494.27186761229314,0.03,0.09222222222222222,75.88666666666667,0.02666666666666667,0.1011111111111111,75.15666666666668,0.043333333333333335,0.07555555555555557,77.71333333333332,0.013333333333333334,0.07111111111111112,60.81333333333333,0.02666666666666667,0.08888888888888888,74.61200000000001,1.0,0.7444444444444445,500.0,0.7259653270291568,0.028333333333333335,0.08499999999999999
S_mab,72,0.9574468085106383,0.7310874704491727,490.27423167848696,0.0033333333333333335,0.1922222222222222,82.36,0.0,0.17444444444444446,79.31333333333333,0.0,0.17888888888888888,71.99,0.006666666666666667,0.16666666666666666,69.92666666666666,0.0,0.18133333333333335,76.80799999999999,0.9700000000000001,0.7333333333333333,494.32,0.7310874704491727,0.0025,0.17805555555555555
S_mab,73,0.09219858156028364,0.17454688731284476,255.08274231678487,0.0033333333333333335,0.09555555555555556,129.74666666666667,0.0,0.09555555555555556,122.98666666666668,0.0,0.08333333333333333,115.92000000000002,0.0,0.05777777777777778,100.68,0.0,0.09866666666666665,122.81333333333333,0.11666666666666668,0.1811111111111111,250.92,0.17454688731284476,0.0008333333333333334,0.08305555555555555
S_mab,74,0.9527186761229314,0.7929472025216706,491.77541371158395,0.2833333333333334,0.4355555555555556,185.99,0.29,0.4505555555555556,190.26,0.31666666666666665,0.4077777777777778,200.50333333333333,0.37333333333333335,0.33222222222222225,224.28666666666663,0.30666666666666664,0.4366666666666667,197.968,0.9700000000000001,0.7933333333333333,498.69666666666666,0.7929472025216706,0.31583333333333335,0.4065277777777778
S_mab,75,0.975177304964539,0.6077620173364854,494.2931442080378,0.5866666666666668,0.3705555555555555,359.00333333333333,0.6033333333333334,0.3783333333333333,366.3633333333334,0.5966666666666667,0.3538888888888889,358.45,0.5533333333333333,0.34111111111111114,322.3466666666667,0.5706666666666667,0.3597777777777778,350.9666666666667,0.9833333333333334,0.585,497.17,0.6077620173364854,0.5850000000000001,0.36097222222222225
S_mab,76,0.9917257683215132,0.5401891252955083,497.52718676122936,0.5733333333333334,0.20944444444444446,316.79333333333335,0.61,0.21111111111111108,331.9433333333333,0.5966666666666667,0.20944444444444446,323.72333333333336,0.5800000000000001,0.19333333333333336,315.5466666666667,0.596,0.216,325.7973333333333,1.0,0.5255555555555554,500.0,0.5401891252955083,0.5900000000000001,0.20583333333333334
S_mab,77,0.9905437352245863,0.66548463356974,496.36879432624113,0.2733333333333333,0.26666666666666666,181.99,0.2933333333333334,0.2877777777777778,192.09,0.2866666666666667,0.29,186.1266666666667,0.3066666666666667,0.2622222222222222,192.64000000000001,0.26533333333333337,0.2806666666666667,179.69066666666666,1.0,0.6577777777777778,500.0,0.66548463356974,0.29,0.27666666666666667
S_mab,78,0.9385342789598109,0.793144208037825,490.3888888888889,0.07333333333333333,0.16555555555555554,155.81333333333336,0.09333333333333334,0.17777777777777778,159.29,0.10666666666666667,0.15666666666666665,152.06333333333333,0.14666666666666667,0.13333333333333336,153.34666666666666,0.08800000000000001,0.1631111111111111,153.25066666666666,0.9500000000000001,0.793888888888889,493.98333333333335,0.793144208037825,0.10500000000000001,0.15833333333333333
S_mab,79,0.9881796690307328,0.6836091410559495,494.7340425531915,0.0,0.07222222222222222,57.35666666666666,0.0,0.06111111111111111,57.89666666666667,0.0,0.05888888888888889,54.95666666666667,0.0,0.04222222222222223,51.22,0.0,0.07022222222222223,57.504,1.0,0.6672222222222222,500.0,0.6836091410559495,0.0,0.058611111111111114
S_mab,80,0.9550827423167849,0.7090228526398739,483.44208037825064,0.0,0.10666666666666666,57.92666666666667,0.0,0.12888888888888891,58.06333333333333,0.0,0.12333333333333332,56.0,0.0,0.1111111111111111,51.873333333333335,0.0,0.11022222222222224,58.300000000000004,0.9733333333333333,0.7127777777777777,493.65000000000003,0.7090228526398739,0.0,0.11750000000000001
S_mab,81,0.8782505910165485,0.3453506698187549,477.06619385342793,0.19000000000000003,0.05277777777777778,224.7733333333333,0.15666666666666665,0.04277777777777778,207.8133333333333,0.07333333333333333,0.02,165.1,0.04666666666666667,0.012222222222222221,129.9,0.112,0.030666666666666672,191.74133333333336,0.9066666666666666,0.36777777777777776,485.7366666666667,0.3453506698187549,0.11666666666666668,0.03194444444444445
S_mab,82,0.9479905437352246,0.756895193065406,491.60520094562645,0.39666666666666667,0.43555555555555553,238.09333333333333,0.4566666666666666,0.4577777777777778,263.47666666666663,0.4033333333333333,0.37222222222222223,238.02,0.44,0.3244444444444444,252.9333333333333,0.4106666666666667,0.4088888888888889,243.71866666666665,0.9833333333333334,0.7666666666666667,497.99,0.756895193065406,0.42416666666666664,0.39749999999999996
S_mab,83,0.9751773049645389,0.6195823483057524,494.19148936170205,0.39999999999999997,0.28888888888888886,237.60333333333335,0.4333333333333333,0.2983333333333333,252.15,0.43333333333333335,0.27888888888888885,251.07666666666663,0.4533333333333333,0.23444444444444443,258.05333333333334,0.4426666666666666,0.294,256.848,0.9933333333333333,0.6422222222222221,499.14000000000004,0.6195823483057524,0.43,0.2751388888888888
S_mab,84,0.6962174940898346,0.5120173364854216,464.7174940898346,0.03333333333333333,0.1988888888888889,109.92,0.013333333333333334,0.20555555555555552,106.08333333333333,0.02,0.16777777777777778,95.97000000000001,0.04666666666666667,0.11777777777777779,97.82000000000001,0.02,0.19088888888888889,101.008,0.6900000000000001,0.5011111111111112,466.78999999999996,0.5120173364854216,0.028333333333333335,0.1725
S_mab,85,0.9751773049645389,0.6252955082742316,493.53782505910175,0.7200000000000001,0.42388888888888887,395.62000000000006,0.6933333333333334,0.4155555555555556,389.20666666666665,0.6266666666666666,0.36500000000000005,356.67,0.3866666666666667,0.27,256.52000000000004,0.6839999999999998,0.3975555555555555,384.47599999999994,0.98,0.6316666666666666,496.9666666666667,0.6252955082742316,0.6066666666666667,0.3686111111111111
S_mab,86,0.9893617021276596,0.7301024428684003,495.61347517730496,0.29333333333333333,0.518888888888889,189.05999999999997,0.32,0.5244444444444443,199.27,0.3,0.4933333333333333,189.34666666666666,0.27999999999999997,0.40222222222222226,178.29999999999998,0.31466666666666665,0.5342222222222223,197.29599999999996,1.0,0.7405555555555555,500.0,0.7301024428684003,0.29833333333333334,0.4847222222222222
S_mab,87,0.9869976359338062,0.6574074074074074,495.8073286052009,0.5066666666666667,0.3422222222222222,286.46,0.5066666666666667,0.33111111111111113,286.8233333333333,0.48666666666666664,0.32222222222222224,277.12333333333333,0.4533333333333333,0.2755555555555555,260.38,0.492,0.3337777777777778,281.68933333333337,0.9966666666666667,0.6572222222222222,499.03,0.6574074074074074,0.48833333333333334,0.31777777777777777
S_mab,88,0.9799054373522459,0.7027186761229314,490.8853427895981,0.013333333333333334,0.2766666666666666,63.77,0.013333333333333334,0.27555555555555555,64.12666666666667,0.006666666666666667,0.26666666666666666,57.949999999999996,0.006666666666666667,0.2511111111111111,54.173333333333325,0.018666666666666668,0.2808888888888889,65.51466666666667,0.9966666666666667,0.6877777777777777,498.45,0.7027186761229314,0.01,0.26749999999999996
S_mab,89,0.8947990543735225,0.5981087470449172,482.18557919621753,0.34,0.42000000000000004,264.3066666666667,0.31,0.4083333333333333,257.05333333333334,0.24333333333333332,0.3638888888888889,217.8066666666667,0.2333333333333333,0.2688888888888889,184.57333333333335,0.268,0.39888888888888896,235.97466666666665,0.8966666666666666,0.5949999999999999,485.8766666666667,0.5981087470449172,0.2816666666666667,0.3652777777777778
S_mab,90,0.9657210401891253,0.6241134751773051,490.07683215130027,0.33666666666666667,0.3388888888888889,240.86333333333334,0.33,0.3511111111111111,245.70666666666668,0.20666666666666667,0.27111111111111114,200.76333333333335,0.09333333333333334,0.1955555555555556,136.26666666666665,0.26933333333333337,0.3071111111111111,222.67600000000002,0.9866666666666667,0.6355555555555557,498.4066666666667,0.6241134751773051,0.2416666666666667,0.2891666666666667
S_mab,91,0.9692671394799054,0.5394011032308904,494.4527186761229,0.67,0.3072222222222223,364.22666666666663,0.6566666666666667,0.30277777777777776,357.85999999999996,0.6733333333333335,0.30888888888888894,363.80999999999995,0.6666666666666666,0.29555555555555557,360.94,0.6773333333333333,0.31066666666666665,366.8546666666666,0.9899999999999999,0.5461111111111112,498.3333333333333,0.5394011032308904,0.6666666666666666,0.30361111111111116
S_mab,92,0.9373522458628841,0.6282505910165485,481.62056737588654,0.09666666666666666,0.12555555555555556,101.52,0.11,0.13,107.97000000000001,0.08666666666666667,0.11777777777777779,94.69333333333333,0.09999999999999999,0.09111111111111111,96.5,0.09466666666666666,0.1262222222222222,101.04666666666667,0.9500000000000001,0.635,487.94,0.6282505910165485,0.09833333333333333,0.11611111111111111
S_mab,93,0.9881796690307328,0.6767139479905437,494.9042553191489,0.0,0.09444444444444444,57.07,0.0,0.10666666666666666,57.046666666666674,0.0,0.10222222222222223,54.776666666666664,0.0,0.10888888888888888,50.93333333333334,0.0,0.09955555555555556,57.228,1.0,0.681111111111111,500.0,0.6767139479905437,0.0,0.10305555555555555
S_mab,94,0.9361702127659575,0.774822695035461,487.903073286052,0.37333333333333335,0.3488888888888889,274.81,0.44,0.3738888888888888,308.3066666666667,0.3933333333333333,0.3427777777777778,272.76,0.42,0.30444444444444446,279.61999999999995,0.39199999999999996,0.35244444444444445,282.3426666666667,0.9533333333333333,0.7827777777777778,492.16,0.774822695035461,0.4066666666666666,0.3425
S_mab,95,0.9846335697399526,0.7111899133175729,493.6252955082743,0.0,0.12444444444444443,55.64666666666667,0.0,0.1411111111111111,55.79999999999999,0.0,0.10666666666666667,53.86333333333334,0.0,0.08666666666666666,49.78,0.0,0.1191111111111111,56.126666666666665,1.0,0.7072222222222222,500.0,0.7111899133175729,0.0,0.11472222222222223
S_mab,96,0.6962174940898344,0.5864854215918045,466.73877068557914,0.37000000000000005,0.1622222222222222,274.15999999999997,0.3733333333333333,0.17166666666666666,274.9966666666667,0.36000000000000004,0.17111111111111113,258.6033333333333,0.26,0.14888888888888888,203.60000000000002,0.37066666666666664,0.16444444444444445,268.4746666666667,0.68,0.5983333333333333,473.2633333333333,0.5864854215918045,0.3408333333333334,0.1634722222222222
S_mab,97,0.9799054373522459,0.6568163908589439,494.4550827423168,0.41,0.3427777777777778,261.55,0.47666666666666674,0.37055555555555547,289.73,0.3333333333333333,0.31333333333333335,224.64333333333332,0.26666666666666666,0.2511111111111112,189.01333333333332,0.38666666666666666,0.3373333333333333,251.5146666666667,0.9966666666666667,0.6666666666666666,499.2033333333334,0.6568163908589439,0.37166666666666665,0.3194444444444444
S_mab,98,0.9869976359338061,0.7314814814814815,495.86879432624113,0.46,0.4,269.78333333333336,0.5199999999999999,0.41000000000000003,295.53999999999996,0.46666666666666673,0.3444444444444445,268.97999999999996,0.5066666666666667,0.29555555555555557,286.4866666666666,0.47600000000000003,0.3884444444444444,275.92400000000004,1.0,0.7227777777777779,500.0,0.7314814814814815,0.4883333333333334,0.36250000000000004
S_mab,99,0.8297872340425533,0.594562647754137,481.6264775413711,0.37999999999999995,0.26555555555555554,265.74,0.42333333333333334,0.27277777777777773,292.46999999999997,0.4033333333333333,0.22666666666666666,272.84666666666664,0.41333333333333333,0.19111111111111112,271.42,0.39999999999999997,0.25044444444444447,271.34666666666664,0.8466666666666667,0.595,490.74333333333334,0.594562647754137,0.40499999999999997,0.23902777777777778
S_mab,100,0.8321513002364066,0.5939716312056738,465.74822695035465,0.5533333333333333,0.32111111111111107,336.6333333333333,0.5766666666666667,0.32166666666666666,345.18,0.5666666666666668,0.2994444444444444,333.41,0.4666666666666666,0.24444444444444444,289.1066666666666,0.5760000000000001,0.31599999999999995,342.16533333333336,0.8266666666666667,0.5777777777777777,467.5133333333333,0.5939716312056738,0.5408333333333334,0.29666666666666663
S_sa,1,0.9799054373522459,0.8250591016548463,491.99408983451536,0.0033333333333333335,0.11277777777777777,60.330000000000005,0.0033333333333333335,0.13277777777777777,59.876666666666665,0.0,0.09888888888888889,56.04,0.006666666666666667,0.11333333333333334,54.846666666666664,0.0013333333333333333,0.1051111111111111,59.576,0.9966666666666667,0.8494444444444444,498.45,0.8250591016548463,0.0033333333333333335,0.11444444444444445
S_sa,2,0.9858156028368795,0.6617415287628053,496.145390070922,0.29333333333333333,0.16333333333333333,196.40666666666667,0.33666666666666667,0.17111111111111113,214.33333333333334,0.3066666666666667,0.14,196.36333333333334,0.41333333333333333,0.1811111111111111,243.4533333333333,0.308,0.15022222222222223,200.73600000000002,0.9933333333333333,0.6833333333333333,499.48,0.6617415287628053,0.3375,0.1638888888888889
S_sa,3,0.9822695035460994,0.706067769897557,491.96217494089836,0.08666666666666667,0.27111111111111114,96.38,0.09333333333333334,0.27111111111111114,98.55999999999999,0.11666666666666665,0.2361111111111111,107.23666666666666,0.13333333333333333,0.21333333333333335,111.77333333333333,0.08800000000000001,0.24533333333333332,96.85066666666667,1.0,0.7166666666666667,500.0,0.706067769897557,0.10749999999999998,0.24791666666666667
S_sa,4,0.9763593380614658,0.6117021276595744,489.55791962174936,0.06,0.03222222222222223,84.73666666666666,0.043333333333333335,0.02388888888888889,78.05333333333333,0.08,0.022222222222222223,91.74666666666667,0.12,0.026666666666666665,105.94666666666666,0.056,0.024444444444444442,83.40533333333333,1.0,0.61,500.0,0.6117021276595744,0.07583333333333334,0.026250000000000002
S_sa,5,0.6690307328605202,0.556146572104019,445.16312056737587,0.25666666666666665,0.19,193.5,0.27,0.2088888888888889,199.98000000000002,0.27,0.20555555555555555,198.57333333333335,0.29333333333333333,0.22,233.34,0.264,0.1955555555555556,196.54533333333333,0.6733333333333333,0.5677777777777778,446.37000000000006,0.556146572104019,0.27249999999999996,0.2061111111111111
S_sa,6,0.7955082742316785,0.5159574468085106,469.1193853427896,0.5033333333333333,0.18833333333333335,304.8933333333334,0.5633333333333334,0.215,326.6333333333334,0.5033333333333333,0.19,300.56,0.5333333333333333,0.17777777777777778,310.78000000000003,0.5013333333333333,0.19266666666666668,301.88666666666666,0.8033333333333333,0.5072222222222221,473.50666666666666,0.5159574468085106,0.5258333333333333,0.19277777777777777
S_sa,7,0.6347517730496454,0.567572892040977,410.6820330969267,0.11333333333333334,0.29055555555555557,172.6866666666667,0.09666666666666668,0.2872222222222222,174.61333333333334,0.07333333333333333,0.25,173.10666666666665,0.07333333333333333,0.19,182.34666666666666,0.084,0.27466666666666667,169.80533333333332,0.65,0.5688888888888889,413.15000000000003,0.567572892040977,0.08916666666666667,0.2544444444444444
S_sa,8,0.8617021276595745,0.7196611505122144,467.59929078014187,0.09666666666666666,0.15555555555555556,130.1866666666667,0.11333333333333334,0.1677777777777778,136.14333333333335,0.07666666666666667,0.1622222222222222,111.39333333333333,0.09333333333333334,0.17111111111111113,109.42,0.09200000000000001,0.16844444444444445,124.48933333333333,0.8733333333333334,0.7205555555555556,468.17,0.7196611505122144,0.095,0.16416666666666668
S_sa,9,0.1548463356973995,0.502561071710008,315.94562647754134,0.14333333333333334,0.2011111111111111,199.74,0.13999999999999999,0.2122222222222222,191.09,0.16,0.22111111111111112,179.04333333333332,0.13999999999999999,0.18666666666666665,154.86,0.15466666666666667,0.21955555555555556,191.12,0.13333333333333333,0.5027777777777778,307.5466666666666,0.502561071710008,0.14583333333333334,0.20527777777777778
S_sa,10,0.9574468085106383,0.5648148148148148,494.02836879432624,0.7733333333333334,0.24111111111111108,407.6000000000001,0.8133333333333335,0.2505555555555556,424.5366666666667,0.71,0.21444444444444447,380.07,0.5666666666666667,0.17444444444444446,317.1,0.7826666666666666,0.2382222222222222,411.87733333333335,0.9666666666666667,0.5827777777777778,496.19666666666666,0.5648148148148148,0.7158333333333333,0.22013888888888888
S_sa,11,0.7612293144208038,0.563632781717888,466.69739952718675,0.24333333333333332,0.30111111111111116,168.6966666666667,0.24,0.2922222222222222,170.92666666666665,0.20666666666666667,0.2533333333333333,153.08,0.12,0.18666666666666668,113.36000000000001,0.2333333333333333,0.28444444444444444,166.62,0.7466666666666667,0.5627777777777778,468.94,0.563632781717888,0.20249999999999999,0.25833333333333336
S_sa,12,0.5898345153664303,0.6042159180457053,435.71276595744683,0.3566666666666667,0.2744444444444445,244.70666666666668,0.36000000000000004,0.29333333333333333,245.2566666666667,0.31,0.26,216.13000000000002,0.2733333333333334,0.22444444444444445,194.19333333333336,0.35200000000000004,0.27644444444444444,238.69333333333336,0.5866666666666667,0.6005555555555556,436.8433333333333,0.6042159180457053,0.32500000000000007,0.2630555555555556
S_sa,13,0.9361702127659575,0.6773049645390071,488.18794326241135,0.53,0.4427777777777778,298.79333333333335,0.5733333333333334,0.4477777777777777,315.5566666666667,0.5366666666666666,0.4166666666666667,299.3633333333333,0.5666666666666667,0.3811111111111111,312.28,0.5533333333333333,0.44933333333333336,308.07466666666664,0.9499999999999998,0.6661111111111111,492.1133333333333,0.6773049645390071,0.5516666666666667,0.42208333333333337
S_sa,14,0.9503546099290779,0.601457840819543,488.59574468085106,0.3,0.28111111111111114,204.64666666666665,0.35333333333333333,0.30333333333333334,232.76000000000002,0.36000000000000004,0.29555555555555557,230.83,0.43333333333333335,0.3111111111111111,260.88,0.33466666666666667,0.3,223.65066666666667,0.9733333333333333,0.6077777777777778,496.09666666666664,0.601457840819543,0.3616666666666667,0.2977777777777778
S_sa,15,0.9787234042553191,0.6999605988967691,491.2340425531915,0.25,0.3455555555555556,170.87666666666667,0.25666666666666665,0.35555555555555557,175.46333333333334,0.25333333333333335,0.34444444444444444,172.4433333333333,0.26666666666666666,0.30888888888888894,173.56000000000003,0.25066666666666665,0.3457777777777778,172.444,0.9966666666666667,0.7161111111111111,499.5233333333333,0.6999605988967691,0.25666666666666665,0.33861111111111114
S_sa,16,0.3628841607565012,0.09810874704491725,324.5815602836879,0.27,0.05722222222222222,221.03,0.27,0.060555555555555564,218.29,0.22999999999999998,0.05055555555555555,198.1933333333333,0.13333333333333333,0.035555555555555556,150.20000000000002,0.25466666666666665,0.05177777777777778,212.40533333333335,0.37333333333333335,0.09166666666666666,321.81,0.09810874704491725,0.22583333333333333,0.050972222222222224
S_sa,17,0.9728132387706857,0.7531520882584714,488.5413711583924,0.02666666666666667,0.18666666666666668,71.06666666666666,0.03,0.18277777777777776,74.30333333333334,0.016666666666666666,0.1622222222222222,64.56666666666666,0.04,0.13111111111111112,72.3,0.029333333333333333,0.17999999999999997,72.32666666666667,0.9933333333333333,0.7677777777777778,496.8666666666666,0.7531520882584714,0.028333333333333335,0.16569444444444448
S_sa,18,0.9893617021276594,0.5484633569739953,496.44326241134746,0.33,0.19777777777777775,211.20666666666668,0.3933333333333333,0.2127777777777778,238.81333333333336,0.35000000000000003,0.17722222222222223,217.24333333333334,0.41999999999999993,0.17111111111111113,245.61333333333332,0.34,0.19266666666666665,216.21466666666666,1.0,0.5583333333333333,500.0,0.5484633569739953,0.37333333333333335,0.1897222222222222
S_sa,19,0.9763593380614656,0.6769109535066982,493.145390070922,0.14333333333333334,0.12055555555555557,124.41000000000001,0.17666666666666667,0.13722222222222222,137.73,0.12666666666666668,0.11333333333333333,114.67333333333333,0.19333333333333336,0.11555555555555556,140.5533333333333,0.14666666666666667,0.12177777777777779,125.42,0.9966666666666667,0.6827777777777777,499.55333333333334,0.6769109535066982,0.16,0.12166666666666667
S_sa,20,0.9503546099290779,0.658983451536643,489.1477541371158,0.56,0.1827777777777778,315.87333333333333,0.54,0.19777777777777777,307.7,0.5766666666666667,0.18333333333333332,320.68333333333334,0.4666666666666666,0.17777777777777776,274.71333333333337,0.5586666666666668,0.1837777777777778,315.42533333333336,0.9866666666666667,0.6755555555555557,496.97,0.658983451536643,0.5358333333333334,0.18541666666666667
S_sa,21,0.8569739952718676,0.6538613081166271,479.42080378250597,0.24333333333333332,0.1733333333333333,212.74,0.24666666666666667,0.17888888888888888,213.97666666666666,0.19333333333333333,0.1622222222222222,179.74333333333334,0.11333333333333334,0.13999999999999999,130.74666666666667,0.21466666666666667,0.1653333333333333,198.97199999999998,0.87,0.66,485.7966666666667,0.6538613081166271,0.19916666666666666,0.16361111111111112
S_sa,22,0.9787234042553191,0.838849487785658,494.0732860520095,0.5333333333333333,0.3516666666666666,316.71666666666664,0.5633333333333334,0.3744444444444444,329.4866666666667,0.47000000000000003,0.3411111111111111,293.33666666666664,0.31333333333333335,0.27888888888888885,223.13333333333333,0.49466666666666664,0.3431111111111111,304.7093333333333,0.9933333333333333,0.851111111111111,498.6566666666667,0.838849487785658,0.47,0.33652777777777776
S_sa,23,0.8664302600472813,0.5486603624901498,477.73286052009456,0.5833333333333334,0.3427777777777778,349.81,0.57,0.3427777777777778,343.05,0.44333333333333336,0.2933333333333333,291.01,0.3333333333333333,0.2433333333333333,235.0533333333333,0.524,0.322,327.6066666666666,0.8766666666666666,0.5505555555555556,481.15333333333336,0.5486603624901498,0.4825,0.3055555555555556
S_sa,24,0.66548463356974,0.4992119779353821,440.83924349881795,0.0033333333333333335,0.01,136.21,0.006666666666666667,0.02611111111111111,131.78666666666666,0.0,0.02888888888888889,113.48666666666668,0.02,0.057777777777777775,100.91333333333334,0.0013333333333333333,0.01911111111111111,125.956,0.6733333333333333,0.5044444444444445,444.1366666666667,0.4992119779353821,0.0075,0.030694444444444444
S_sa,25,0.9881796690307328,0.5256107171000788,496.2033096926714,0.16333333333333333,0.09777777777777776,138.4466666666667,0.20333333333333334,0.11833333333333333,155.82666666666665,0.17,0.09555555555555556,135.95666666666668,0.24,0.15222222222222223,166.26666666666665,0.168,0.1062222222222222,138.076,1.0,0.5411111111111112,500.0,0.5256107171000788,0.19416666666666668,0.11597222222222223
S_sa,26,0.9893617021276596,0.6885342789598108,496.6371158392435,0.3566666666666667,0.24166666666666667,219.9666666666667,0.38000000000000006,0.2688888888888889,229.73333333333335,0.33666666666666667,0.2477777777777778,210.27666666666667,0.3,0.24666666666666665,193.74666666666667,0.3626666666666667,0.25333333333333335,222.48266666666666,1.0,0.7016666666666667,500.0,0.6885342789598108,0.3433333333333334,0.25125
S_sa,27,0.9763593380614658,0.5882584712371947,490.16903073286056,0.02666666666666667,0.11,71.35333333333334,0.03666666666666667,0.10277777777777777,76.93666666666667,0.02,0.07333333333333332,65.55,0.09999999999999999,0.10555555555555554,99.16666666666667,0.029333333333333333,0.09000000000000001,72.504,0.9966666666666667,0.5933333333333333,498.4766666666667,0.5882584712371947,0.04583333333333334,0.09791666666666665
S_sa,28,0.9609929078014184,0.6185973207249802,491.93617021276594,0.06999999999999999,0.14444444444444443,89.48333333333333,0.09666666666666666,0.15611111111111112,100.51333333333334,0.04666666666666667,0.12777777777777777,76.81333333333333,0.07333333333333333,0.10222222222222221,85.02666666666666,0.06266666666666666,0.1408888888888889,86.41466666666668,0.9733333333333333,0.6055555555555555,498.1333333333334,0.6185973207249802,0.07166666666666666,0.1326388888888889
S_sa,29,0.6962174940898344,0.2700945626477541,452.3108747044917,0.15,0.07666666666666667,150.30666666666667,0.16666666666666666,0.08388888888888889,160.81333333333333,0.09666666666666668,0.04944444444444445,122.55666666666667,0.16,0.06333333333333332,145.22,0.128,0.06399999999999999,139.46266666666668,0.7333333333333334,0.2994444444444444,461.6133333333334,0.2700945626477541,0.14333333333333334,0.06833333333333333
S_sa,30,0.8581560283687942,0.8386524822695036,477.241134751773,0.18000000000000002,0.26500000000000007,169.35333333333332,0.16333333333333333,0.2477777777777778,166.64666666666668,0.18000000000000002,0.225,164.97333333333336,0.09333333333333334,0.16,140.02666666666667,0.17733333333333334,0.24288888888888888,169.16,0.8333333333333334,0.8316666666666667,477.06,0.8386524822695036,0.1541666666666667,0.22444444444444447
S_sa,31,0.6950354609929078,0.41745468873128444,443.2375886524823,0.41333333333333333,0.19277777777777777,267.3566666666667,0.4766666666666666,0.21333333333333332,289.8,0.4833333333333334,0.20500000000000002,288.05,0.48666666666666664,0.19888888888888887,288.02666666666664,0.4613333333333333,0.20088888888888887,283.5106666666666,0.7200000000000001,0.41555555555555557,442.47,0.41745468873128444,0.46499999999999997,0.2025
S_sa,32,0.8699763593380614,0.5841213553979512,473.60874704491727,0.37666666666666665,0.1827777777777778,254.71,0.3833333333333333,0.19166666666666668,256.27,0.31,0.16111111111111112,223.91333333333333,0.24,0.13333333333333333,190.9,0.3586666666666667,0.18022222222222223,245.43466666666666,0.8799999999999999,0.5677777777777777,478.78333333333336,0.5841213553979512,0.3275,0.16722222222222222
S_sa,33,0.9869976359338061,0.5677698975571316,495.21276595744683,0.15000000000000002,0.12111111111111113,131.03333333333333,0.15666666666666668,0.14111111111111113,134.31333333333333,0.14,0.13333333333333333,123.30333333333334,0.1466666666666667,0.18555555555555556,123.52666666666666,0.12666666666666668,0.12266666666666666,120.56533333333334,1.0,0.5688888888888889,500.0,0.5677698975571316,0.14833333333333334,0.14527777777777778
S_sa,34,0.9137115839243499,0.644602048857368,462.7813238770685,0.25333333333333335,0.2061111111111111,178.18999999999997,0.26,0.21555555555555556,182.36333333333332,0.20666666666666667,0.20444444444444446,157.4766666666667,0.12666666666666668,0.2022222222222222,121.52,0.24133333333333332,0.21266666666666667,174.91333333333333,0.9233333333333333,0.6405555555555555,465.8866666666667,0.644602048857368,0.2116666666666667,0.2070833333333333
S_sa,35,0.9799054373522459,0.5874704491725767,494.5697399527187,0.13333333333333333,0.11055555555555556,122.38333333333333,0.15333333333333335,0.12444444444444445,132.79,0.12333333333333334,0.10944444444444444,114.18,0.12666666666666668,0.13777777777777778,112.16666666666667,0.13466666666666668,0.112,123.18933333333332,0.9933333333333333,0.5777777777777777,499.58666666666664,0.5874704491725767,0.13416666666666668,0.12055555555555555
S_sa,36,0.9739952718676124,0.7444838455476753,493.57919621749414,0.43,0.3883333333333333,291.45,0.4366666666666666,0.41555555555555557,297.2033333333333,0.4366666666666667,0.41888888888888887,285.56,0.36000000000000004,0.4077777777777778,254.38,0.4293333333333334,0.40666666666666673,290.32800000000003,0.98,0.7522222222222222,495.48333333333335,0.7444838455476753,0.41583333333333333,0.4076388888888889
S_sa,37,0.9822695035460992,0.7433018124507488,492.42080378250597,0.07666666666666667,0.32222222222222224,92.10333333333331,0.08666666666666667,0.3388888888888889,96.05333333333333,0.09333333333333334,0.32555555555555554,96.97666666666667,0.12666666666666668,0.3044444444444444,108.98,0.07466666666666667,0.3284444444444445,91.41466666666668,1.0,0.7627777777777778,500.0,0.7433018124507488,0.09583333333333333,0.32277777777777783
S_sa,38,0.541371158392435,0.4444444444444444,431.4444444444444,0.42333333333333334,0.3116666666666667,292.54,0.48666666666666664,0.3188888888888889,317.1266666666667,0.43333333333333335,0.30277777777777776,294.7633333333333,0.47333333333333333,0.2822222222222222,297.55333333333334,0.44799999999999995,0.32533333333333336,304.828,0.52,0.43722222222222223,431.90333333333336,0.4444444444444444,0.45416666666666666,0.3038888888888889
S_sa,39,0.7966903073286052,0.5985027580772261,470.7328605200946,0.31,0.3211111111111111,241.2733333333333,0.33666666666666667,0.3394444444444445,254.9,0.25666666666666665,0.3022222222222222,210.28,0.24666666666666667,0.2277777777777778,194.34666666666666,0.288,0.32311111111111107,229.64933333333332,0.8099999999999999,0.6038888888888889,474.0333333333333,0.5985027580772261,0.2875,0.2976388888888889
S_sa,40,0.9858156028368795,0.6737588652482268,495.43498817966906,0.32,0.14666666666666667,211.63,0.2966666666666667,0.1738888888888889,204.3033333333333,0.25,0.15555555555555556,176.96333333333334,0.24666666666666667,0.18666666666666668,168.98666666666668,0.2653333333333333,0.15311111111111111,187.928,1.0,0.6694444444444444,500.0,0.6737588652482268,0.2783333333333333,0.16569444444444445
S_sa,41,0.9728132387706857,0.6109141055949567,495.290780141844,0.5433333333333333,0.2933333333333333,308.91,0.6266666666666666,0.33166666666666667,343.0533333333333,0.5099999999999999,0.27444444444444444,292.6166666666667,0.4266666666666667,0.23111111111111113,255.70666666666668,0.54,0.2928888888888889,307.512,0.9899999999999999,0.6227777777777778,498.7166666666667,0.6109141055949567,0.5266666666666666,0.2826388888888889
S_sa,42,0.9822695035460994,0.6048069345941686,494.8770685579196,0.23666666666666666,0.2111111111111111,166.42666666666665,0.26333333333333336,0.22055555555555553,177.70666666666668,0.25333333333333335,0.18555555555555556,172.61333333333332,0.30666666666666664,0.14777777777777779,195.02,0.24266666666666667,0.20355555555555557,169.10266666666666,0.9966666666666667,0.6183333333333333,499.56,0.6048069345941686,0.265,0.19125
S_sa,43,0.9621749408983451,0.7515760441292356,487.84042553191495,0.023333333333333334,0.10666666666666667,69.31,0.06333333333333334,0.13999999999999999,87.21,0.05333333333333334,0.12444444444444445,79.27666666666667,0.10666666666666667,0.13777777777777778,99.13333333333333,0.04533333333333334,0.12533333333333332,78.39866666666667,0.9766666666666666,0.7683333333333333,496.93666666666667,0.7515760441292356,0.061666666666666675,0.12722222222222224
S_sa,44,0.942080378250591,0.7515760441292356,489.79669030732856,0.8300000000000001,0.5583333333333333,431.68333333333334,0.8700000000000001,0.5811111111111112,446.7633333333333,0.7966666666666667,0.5338888888888889,416.37999999999994,0.6866666666666666,0.4677777777777778,370.0133333333333,0.856,0.5615555555555556,442.788,0.9466666666666667,0.7577777777777778,493.74666666666667,0.7515760441292356,0.7958333333333334,0.5352777777777777
S_sa,45,0.7304964539007094,0.6509062253743105,461.35697399527186,0.3833333333333333,0.2861111111111111,243.2266666666667,0.41333333333333333,0.30777777777777776,254.0,0.38000000000000006,0.2783333333333334,238.01333333333332,0.35333333333333333,0.22555555555555554,221.86666666666667,0.38266666666666665,0.2868888888888889,242.73733333333334,0.7466666666666667,0.6527777777777778,468.45666666666665,0.6509062253743105,0.3825,0.27444444444444444
S_sa,46,0.9917257683215132,0.72301024428684,497.160756501182,0.3766666666666667,0.20277777777777778,230.6,0.41,0.22333333333333333,245.46333333333334,0.39666666666666667,0.2055555555555555,235.95333333333335,0.42,0.19777777777777777,246.09333333333333,0.38266666666666665,0.20555555555555555,232.6786666666667,1.0,0.7227777777777779,500.0,0.72301024428684,0.4008333333333333,0.2073611111111111
S_sa,47,0.9846335697399526,0.7314814814814814,494.9125295508274,0.023333333333333334,0.29555555555555557,80.07666666666667,0.049999999999999996,0.32333333333333336,90.61333333333333,0.04666666666666667,0.3077777777777778,85.33999999999999,0.04666666666666667,0.27444444444444444,78.42,0.042666666666666665,0.3117777777777777,86.45733333333334,0.9966666666666667,0.7344444444444443,498.9066666666667,0.7314814814814814,0.041666666666666664,0.3002777777777778
S_sa,48,0.9550827423167849,0.7115839243498818,489.6536643026005,0.27,0.34833333333333333,220.3466666666667,0.31,0.3666666666666667,237.99666666666667,0.22333333333333336,0.3,200.09,0.28,0.27888888888888885,220.46,0.25066666666666665,0.3337777777777778,214.07866666666666,0.9733333333333333,0.7227777777777777,493.6033333333333,0.7115839243498818,0.27083333333333337,0.32347222222222227
S_sa,49,0.9869976359338062,0.7190701339637511,495.45153664302603,0.3333333333333333,0.3411111111111111,214.91333333333333,0.35333333333333333,0.35555555555555557,222.7966666666667,0.2866666666666667,0.30277777777777776,190.63,0.3133333333333333,0.25222222222222224,203.17999999999998,0.32933333333333337,0.3322222222222223,211.30533333333332,1.0,0.7266666666666666,500.0,0.7190701339637511,0.32166666666666666,0.3129166666666666
S_sa,50,0.9373522458628841,0.5929866036249014,490.5839243498818,0.17666666666666667,0.12555555555555556,141.32333333333335,0.15333333333333335,0.1211111111111111,133.65333333333334,0.19333333333333333,0.12333333333333332,144.16333333333333,0.21333333333333335,0.12,153.67333333333335,0.17200000000000001,0.12044444444444442,140.24666666666667,0.9466666666666667,0.5988888888888889,496.98333333333335,0.5929866036249014,0.18416666666666667,0.1225
S_sa,51,0.9349881796690308,0.6308116627265564,487.8936170212766,0.47000000000000003,0.28722222222222227,292.8,0.5033333333333334,0.28388888888888886,314.52,0.43,0.2594444444444444,273.8666666666666,0.4666666666666666,0.21555555555555556,287.34,0.452,0.2784444444444445,289.008,0.9533333333333333,0.6455555555555555,494.1366666666667,0.6308116627265564,0.46749999999999997,0.26152777777777775
S_sa,52,0.33569739952718675,0.6158392434988179,280.01182033096933,0.2866666666666667,0.4133333333333334,225.63333333333333,0.3,0.41000000000000003,228.32000000000002,0.27666666666666667,0.39611111111111114,210.20000000000002,0.2733333333333333,0.37444444444444447,199.79999999999998,0.2946666666666667,0.4091111111111111,222.88,0.3466666666666667,0.616111111111111,278.80333333333334,0.6158392434988179,0.2841666666666667,0.3984722222222222
S_sa,53,0.6690307328605201,0.5437352245862884,428.16430260047287,0.24333333333333332,0.15444444444444447,184.1966666666667,0.27666666666666667,0.15888888888888889,197.27333333333334,0.2733333333333333,0.15333333333333332,195.20666666666668,0.2866666666666667,0.13333333333333333,194.85999999999999,0.26133333333333336,0.14933333333333335,191.644,0.6733333333333333,0.523888888888889,432.49666666666667,0.5437352245862884,0.27,0.15
S_sa,54,0.9751773049645389,0.6895193065405831,489.43971631205676,0.3233333333333333,0.35888888888888887,204.25333333333333,0.3733333333333333,0.38,226.88000000000002,0.3566666666666667,0.3722222222222223,216.33333333333334,0.3466666666666667,0.3333333333333333,209.97333333333333,0.3586666666666667,0.37600000000000006,218.88533333333336,0.9933333333333333,0.6849999999999999,497.1166666666666,0.6895193065405831,0.35,0.3611111111111111
S_sa,55,0.9208037825059102,0.5531914893617021,491.01300236406627,0.37333333333333335,0.2744444444444445,259.06,0.37000000000000005,0.26222222222222225,257.31,0.3433333333333333,0.19333333333333336,240.92666666666665,0.32666666666666666,0.15999999999999998,223.5333333333333,0.3666666666666667,0.23111111111111113,255.59466666666663,0.9466666666666667,0.5633333333333335,494.9166666666667,0.5531914893617021,0.35333333333333333,0.22250000000000003
S_sa,56,0.983451536643026,0.49152876280535857,495.9148936170213,0.5166666666666667,0.15999999999999998,295.53999999999996,0.57,0.19,318.8333333333333,0.5099999999999999,0.17666666666666664,289.66,0.4266666666666667,0.15333333333333332,255.78,0.5306666666666667,0.17422222222222222,301.704,0.9966666666666667,0.5055555555555555,499.37999999999994,0.49152876280535857,0.5058333333333334,0.16999999999999998
S_sa,57,0.6867612293144209,0.8512608353033885,404.53782505910164,0.02666666666666667,0.3333333333333333,86.02,0.03,0.33222222222222225,88.39666666666666,0.023333333333333334,0.2966666666666667,80.82666666666667,0.02666666666666667,0.2088888888888889,77.58666666666667,0.028,0.32,85.49466666666667,0.7000000000000001,0.8444444444444444,405.16333333333336,0.8512608353033885,0.02666666666666667,0.2927777777777778
S_sa,58,0.7919621749408984,0.5760441292356187,442.9113475177305,0.03666666666666667,0.13777777777777775,94.58,0.03,0.1411111111111111,90.39666666666666,0.01,0.11222222222222222,78.98666666666666,0.006666666666666667,0.09333333333333332,68.10666666666667,0.018666666666666668,0.12666666666666668,85.75066666666667,0.7633333333333333,0.5738888888888889,445.9066666666667,0.5760441292356187,0.020833333333333332,0.1211111111111111
S_sa,59,0.8333333333333334,0.681639085894405,483.97872340425533,0.4266666666666667,0.20555555555555555,261.86,0.45999999999999996,0.2233333333333333,288.34,0.47000000000000003,0.22000000000000003,285.27333333333337,0.48,0.2422222222222222,294.84,0.46399999999999997,0.2171111111111111,282.892,0.86,0.7022222222222222,489.8333333333333,0.681639085894405,0.45916666666666667,0.22277777777777777
S_sa,60,0.9728132387706857,0.6554373522458627,492.4633569739953,0.39999999999999997,0.3466666666666667,263.95,0.41333333333333333,0.3566666666666667,274.6666666666667,0.35333333333333333,0.31,240.95000000000002,0.32,0.27999999999999997,218.2266666666667,0.3960000000000001,0.33022222222222225,263.6573333333333,0.98,0.6683333333333333,496.5133333333333,0.6554373522458627,0.37166666666666665,0.32333333333333336
S_sa,61,0.9148936170212766,0.6818360914105595,488.36170212765956,0.5466666666666667,0.3355555555555556,308.83,0.5566666666666666,0.33555555555555555,312.77,0.5499999999999999,0.32,306.77,0.5266666666666667,0.28111111111111114,294.42,0.5706666666666668,0.33911111111111114,317.8413333333333,0.9133333333333334,0.6761111111111111,492.6333333333334,0.6818360914105595,0.545,0.3180555555555556
S_sa,62,0.9704491725768323,0.7157210401891253,493.03191489361706,0.21,0.335,177.20666666666668,0.22999999999999998,0.33611111111111114,188.68999999999997,0.16,0.3138888888888889,152.38666666666668,0.13333333333333333,0.2855555555555555,136.34,0.18800000000000003,0.326,168.65466666666666,0.9933333333333333,0.7205555555555555,498.2733333333333,0.7157210401891253,0.18333333333333332,0.3176388888888889
S_sa,63,0.983451536643026,0.5898345153664303,494.34397163120565,0.13999999999999999,0.29,121.00666666666666,0.16666666666666666,0.3188888888888889,133.59333333333333,0.13333333333333333,0.30333333333333334,116.67,0.12666666666666668,0.3077777777777778,109.93333333333334,0.14533333333333334,0.2995555555555555,123.45333333333332,1.0,0.6105555555555555,500.0,0.5898345153664303,0.14166666666666666,0.305
S_sa,64,0.9893617021276596,0.7377856579984241,496.5390070921986,0.3033333333333333,0.265,205.0533333333333,0.34,0.2883333333333334,219.21333333333337,0.3466666666666667,0.27944444444444444,217.48333333333335,0.3333333333333333,0.2744444444444445,210.57333333333335,0.33066666666666666,0.27644444444444444,213.46533333333332,1.0,0.7572222222222221,500.0,0.7377856579984241,0.3308333333333333,0.2768055555555556
S_sa,65,0.880614657210402,0.5754531126871553,466.0744680851064,0.3133333333333333,0.2911111111111111,239.00333333333333,0.30666666666666664,0.2994444444444444,233.01666666666665,0.2833333333333333,0.28055555555555556,217.29000000000005,0.2933333333333334,0.2488888888888889,210.1866666666667,0.29066666666666663,0.2828888888888889,226.31199999999998,0.9,0.5922222222222222,471.5933333333333,0.5754531126871553,0.29916666666666664,0.27999999999999997
S_sa,66,0.7056737588652483,0.6910953506698189,445.2044917257683,0.4466666666666667,0.40388888888888885,272.1066666666666,0.44,0.4033333333333334,269.50666666666666,0.44,0.34166666666666673,263.22333333333336,0.42,0.32666666666666666,251.07333333333335,0.44533333333333336,0.3842222222222222,268.76533333333333,0.7033333333333333,0.7127777777777778,446.02666666666664,0.6910953506698189,0.43666666666666665,0.36888888888888893
S_sa,67,0.9468085106382979,0.7098108747044917,490.1643026004728,0.09000000000000001,0.07222222222222222,120.76999999999998,0.11333333333333334,0.08444444444444445,142.66,0.07333333333333333,0.05444444444444445,120.14666666666665,0.12666666666666668,0.07333333333333333,134.82000000000002,0.08666666666666667,0.072,128.23333333333332,0.9566666666666667,0.7183333333333334,496.47333333333336,0.7098108747044917,0.10083333333333336,0.07111111111111112
S_sa,68,0.9030732860520095,0.7078408195429472,483.62647754137123,0.4266666666666666,0.3633333333333333,270.72333333333336,0.44333333333333336,0.38555555555555554,278.43333333333334,0.3566666666666667,0.32999999999999996,249.58,0.20666666666666667,0.25222222222222224,182.4466666666667,0.3906666666666667,0.3528888888888889,263.12,0.93,0.7111111111111111,491.8966666666667,0.7078408195429472,0.3583333333333333,0.33277777777777773
S_sa,69,0.9692671394799054,0.6178092986603625,491.4858156028369,0.013333333333333334,0.08666666666666666,64.04,0.04666666666666666,0.12333333333333332,78.57666666666667,0.03,0.08722222222222223,68.83666666666666,0.02666666666666667,0.12444444444444448,63.30666666666667,0.029333333333333333,0.096,71.47333333333333,0.9933333333333333,0.6044444444444445,499.82,0.6178092986603625,0.029166666666666667,0.10541666666666666
S_sa,70,0.9893617021276594,0.6979905437352246,495.6513002364066,0.29,0.2744444444444445,187.38,0.31,0.2677777777777778,195.05666666666664,0.29333333333333333,0.24555555555555555,186.20333333333335,0.2733333333333333,0.20888888888888885,174.74666666666667,0.3106666666666667,0.27066666666666667,195.25199999999998,0.9966666666666667,0.6988888888888889,498.4766666666667,0.6979905437352246,0.29166666666666663,0.24916666666666665
S_sa,71,0.9633569739952718,0.7594562647754136,492.80614657210396,0.3666666666666667,0.39222222222222225,320.2933333333333,0.3566666666666667,0.4027777777777778,317.0933333333333,0.2733333333333333,0.3661111111111111,281.13000000000005,0.25333333333333335,0.3499999999999999,236.9333333333333,0.3213333333333333,0.38422222222222224,309.4626666666666,0.9899999999999999,0.7800000000000001,498.39000000000004,0.7594562647754136,0.3125,0.37777777777777777
S_sa,72,0.9633569739952718,0.735224586288416,483.26359338061474,0.0,0.1522222222222222,56.16,0.0,0.15111111111111114,56.06333333333333,0.0,0.12666666666666668,54.29333333333333,0.013333333333333334,0.08666666666666667,56.44,0.0,0.148,56.574666666666666,0.98,0.7311111111111112,490.8833333333334,0.735224586288416,0.0033333333333333335,0.12916666666666668
S_sa,73,0.9858156028368793,0.6134751773049645,495.79432624113474,0.6699999999999999,0.4766666666666666,362.81333333333333,0.7333333333333334,0.4883333333333333,388.59666666666664,0.6466666666666666,0.44666666666666666,348.93333333333334,0.6133333333333334,0.39000000000000007,335.56,0.68,0.47533333333333333,365.41066666666666,1.0,0.6211111111111111,500.0,0.6134751773049645,0.6658333333333333,0.4504166666666667
S_sa,74,0.6678486997635934,0.4257289204097714,417.45035460992904,0.12666666666666668,0.09666666666666666,183.96666666666667,0.10333333333333333,0.0811111111111111,176.33,0.05666666666666667,0.04555555555555556,157.54666666666665,0.08,0.035555555555555556,147.83333333333334,0.08666666666666667,0.06755555555555555,172.78533333333334,0.6866666666666666,0.4372222222222223,420.51666666666665,0.4257289204097714,0.09166666666666667,0.06472222222222222
S_sa,75,0.9751773049645389,0.652876280535855,493.0271867612293,0.09000000000000001,0.11944444444444445,116.37333333333333,0.06333333333333334,0.10833333333333334,109.33999999999999,0.06333333333333334,0.0938888888888889,101.55,0.05333333333333334,0.044444444444444446,85.02666666666667,0.072,0.10088888888888889,106.64266666666667,0.9899999999999999,0.6611111111111111,498.3566666666666,0.652876280535855,0.0675,0.09152777777777779
S_sa,76,0.7600472813238771,0.63849487785658,468.62765957446805,0.31,0.2833333333333333,225.74,0.3233333333333333,0.2994444444444444,231.46,0.33666666666666667,0.26611111111111113,226.87333333333333,0.2866666666666667,0.22444444444444447,200.0,0.32266666666666666,0.2746666666666666,227.49066666666667,0.7466666666666667,0.6283333333333333,469.26,0.63849487785658,0.31416666666666665,0.2683333333333333
S_sa,77,0.9869976359338062,0.4672970843183609,496.44208037825064,0.6666666666666666,0.25277777777777777,359.19,0.69,0.26722222222222225,368.44666666666666,0.6666666666666666,0.24388888888888888,358.49,0.5933333333333333,0.20888888888888885,328.28,0.6946666666666667,0.25955555555555554,371.3733333333333,1.0,0.4638888888888889,500.0,0.4672970843183609,0.6541666666666666,0.24319444444444444
S_sa,78,0.839243498817967,0.6534672970843184,481.38179669030734,0.07666666666666667,0.2238888888888889,133.76333333333335,0.08,0.24388888888888893,140.52666666666667,0.08666666666666667,0.22111111111111112,130.92333333333332,0.14666666666666667,0.20444444444444446,147.58,0.06933333333333334,0.2313333333333333,130.34533333333334,0.8433333333333334,0.6588888888888889,485.38999999999993,0.6534672970843184,0.0975,0.22333333333333336
S_sa,79,0.963356973995272,0.8232860520094561,483.8936170212766,0.27666666666666667,0.2755555555555555,180.67333333333332,0.2966666666666667,0.31,188.79333333333332,0.2866666666666667,0.2655555555555556,183.34666666666666,0.2733333333333333,0.22666666666666668,174.89333333333335,0.284,0.27066666666666667,184.396,0.9899999999999999,0.8261111111111111,495.78999999999996,0.8232860520094561,0.2833333333333333,0.2694444444444445
S_sa,80,0.9468085106382979,0.4600078802206462,492.60165484633563,0.33666666666666667,0.11666666666666667,230.40666666666667,0.3466666666666667,0.1061111111111111,249.05000000000004,0.31,0.08333333333333333,235.51666666666665,0.3133333333333333,0.07111111111111111,232.0,0.35200000000000004,0.10600000000000001,246.72933333333333,0.9566666666666667,0.47777777777777786,496.5466666666666,0.4600078802206462,0.32666666666666666,0.09430555555555556
S_sa,81,0.9680851063829788,0.6505122143420017,485.49881796690306,0.0,0.12444444444444445,55.083333333333336,0.0,0.14222222222222222,54.85666666666666,0.0,0.11222222222222221,53.406666666666666,0.0,0.08000000000000002,49.18666666666667,0.0,0.12488888888888891,55.49466666666667,0.9933333333333333,0.655,496.87000000000006,0.6505122143420017,0.0,0.11472222222222223
S_sa,82,0.8215130023640663,0.5013790386130812,468.9338061465721,0.10666666666666667,0.1388888888888889,177.87666666666667,0.11333333333333334,0.14777777777777779,174.74333333333334,0.11666666666666665,0.14666666666666667,174.45666666666668,0.16666666666666666,0.1588888888888889,170.96,0.104,0.14222222222222222,171.6586666666667,0.8366666666666666,0.5244444444444444,470.92,0.5013790386130812,0.12583333333333332,0.14805555555555555
S_sa,83,0.851063829787234,0.5271867612293144,475.6264775413711,0.3833333333333333,0.2544444444444444,264.8666666666667,0.35000000000000003,0.24388888888888888,249.38333333333335,0.38999999999999996,0.2211111111111111,256.06333333333333,0.2733333333333333,0.14333333333333334,200.80666666666664,0.37999999999999995,0.23777777777777778,258.8186666666667,0.8300000000000001,0.5205555555555555,478.05999999999995,0.5271867612293144,0.3491666666666666,0.2156944444444444
S_sa,84,0.9881796690307327,0.7060677698975572,497.12411347517724,0.3333333333333333,0.2511111111111111,212.38,0.37000000000000005,0.27999999999999997,229.60666666666665,0.3933333333333333,0.27555555555555555,237.08,0.4466666666666666,0.28777777777777774,262.32,0.3506666666666667,0.25933333333333336,221.22266666666667,0.9966666666666667,0.72,499.9533333333334,0.7060677698975572,0.3858333333333333,0.2736111111111111
S_sa,85,0.9361702127659575,0.5652088258471236,483.90070921985813,0.10333333333333333,0.03166666666666667,103.35333333333334,0.11666666666666665,0.034999999999999996,109.08,0.12666666666666668,0.027777777777777776,112.46666666666665,0.16666666666666666,0.04333333333333333,126.46666666666665,0.11733333333333333,0.031999999999999994,110.568,0.9566666666666667,0.5566666666666666,492.2633333333333,0.5652088258471236,0.12833333333333333,0.034444444444444444
S_sa,86,0.624113475177305,0.5561465721040189,451.1725768321514,0.2833333333333333,0.2766666666666666,262.42333333333335,0.33,0.3122222222222223,279.17,0.32,0.29055555555555557,266.73333333333335,0.28,0.2311111111111111,230.62666666666667,0.29733333333333334,0.2966666666666667,268.34,0.6366666666666666,0.556111111111111,449.75,0.5561465721040189,0.30333333333333334,0.2776388888888889
S_sa,87,0.9787234042553191,0.5998817966903073,493.4101654846336,0.42333333333333334,0.26,252.6,0.4033333333333333,0.24,245.68666666666664,0.4266666666666667,0.24555555555555555,250.40666666666667,0.30666666666666664,0.20111111111111116,197.48000000000002,0.436,0.256,257.80133333333333,0.9933333333333333,0.6022222222222222,499.47,0.5998817966903073,0.39,0.23666666666666666
S_sa,88,0.9869976359338061,0.6843971631205673,495.74704491725765,0.1366666666666667,0.2488888888888889,125.62333333333333,0.16666666666666666,0.26222222222222213,137.28333333333333,0.19333333333333333,0.24333333333333335,147.00000000000003,0.2066666666666667,0.1877777777777778,150.28666666666666,0.16533333333333333,0.25022222222222223,137.44933333333333,0.9966666666666667,0.6833333333333332,499.9266666666667,0.6843971631205673,0.17583333333333334,0.23555555555555557
S_sa,89,0.9869976359338061,0.7013396375098503,497.258865248227,0.31,0.2361111111111111,203.39666666666668,0.36333333333333334,0.25833333333333336,226.60333333333335,0.36999999999999994,0.2388888888888889,227.22333333333336,0.44,0.22666666666666668,255.5,0.34,0.2448888888888889,217.63466666666667,0.9933333333333333,0.7033333333333333,499.5366666666667,0.7013396375098503,0.3708333333333333,0.24000000000000002
S_sa,90,0.9810874704491725,0.5979117415287628,492.70803782505914,0.03666666666666667,0.065,74.64666666666666,0.05666666666666667,0.06944444444444446,83.05,0.06,0.06444444444444444,82.53666666666668,0.09333333333333334,0.048888888888888885,93.70666666666666,0.047999999999999994,0.062222222222222213,79.74933333333333,0.9933333333333333,0.6072222222222222,499.5466666666666,0.5979117415287628,0.06166666666666666,0.061944444444444455
S_sa,91,0.9692671394799054,0.7275413711583925,488.29787234042556,0.0,0.11777777777777779,59.02333333333333,0.0,0.12777777777777777,58.39000000000001,0.0,0.11555555555555554,55.949999999999996,0.0,0.13333333333333333,51.5,0.0,0.11466666666666667,58.61733333333333,0.9899999999999999,0.74,497.48,0.7275413711583925,0.0,0.12361111111111112
S_sa,92,0.9432624113475176,0.543538219070134,487.7541371158393,0.6466666666666666,0.19611111111111112,369.15333333333336,0.6633333333333333,0.19222222222222218,374.81,0.5433333333333333,0.15833333333333333,328.5833333333333,0.4066666666666667,0.1288888888888889,274.9533333333333,0.6093333333333334,0.18044444444444444,356.356,0.9633333333333333,0.5427777777777778,494.1566666666667,0.543538219070134,0.5650000000000001,0.16888888888888887
S_sa,93,0.66548463356974,0.5874704491725767,396.4255319148936,0.21333333333333335,0.17055555555555557,179.08,0.26666666666666666,0.20388888888888887,208.90666666666667,0.28,0.18388888888888888,208.01999999999998,0.2866666666666667,0.22777777777777777,221.53999999999996,0.26133333333333336,0.18555555555555556,201.696,0.6699999999999999,0.5827777777777777,398.93666666666667,0.5874704491725767,0.26166666666666666,0.19652777777777777
S_sa,94,0.9503546099290779,0.6576044129235619,479.14302600472814,0.33,0.27555555555555555,208.40666666666667,0.3666666666666667,0.2877777777777778,223.5333333333333,0.3666666666666667,0.2761111111111111,222.40666666666667,0.39999999999999997,0.27888888888888885,235.76,0.3546666666666667,0.2733333333333333,218.65733333333333,0.9633333333333334,0.6805555555555556,484.49333333333334,0.6576044129235619,0.36583333333333334,0.2795833333333333
S_sa,95,0.9858156028368793,0.6536643026004727,496.7635933806146,0.7766666666666667,0.42499999999999993,408.15000000000003,0.7833333333333332,0.43555555555555553,411.02666666666664,0.69,0.37166666666666665,371.08666666666664,0.5266666666666667,0.30333333333333334,302.20666666666665,0.7479999999999999,0.40688888888888897,396.8573333333333,0.9933333333333333,0.6816666666666668,499.06666666666666,0.6536643026004727,0.6941666666666667,0.38388888888888884
S_sa,96,0.6276595744680852,0.39007092198581567,413.5839243498818,0.37999999999999995,0.17833333333333332,278.52333333333337,0.4266666666666667,0.19777777777777777,295.2333333333333,0.43333333333333335,0.18555555555555556,285.95666666666665,0.43999999999999995,0.17999999999999997,281.36,0.412,0.18666666666666665,282.99466666666666,0.6166666666666667,0.4016666666666667,416.95,0.39007092198581567,0.42,0.18541666666666665
S_sa,97,0.8215130023640661,0.6120961386918833,472.4373522458629,0.37666666666666665,0.2722222222222222,289.46,0.37333333333333335,0.2833333333333333,285.35999999999996,0.37999999999999995,0.265,272.01666666666665,0.3,0.23777777777777778,225.66,0.38799999999999996,0.2777777777777778,284.356,0.8333333333333334,0.6266666666666667,478.3766666666667,0.6120961386918833,0.3575,0.26458333333333334
S_sa,98,0.9893617021276596,0.6627265563435776,495.660756501182,0.2966666666666667,0.09166666666666666,192.67999999999998,0.3233333333333333,0.10333333333333333,203.82333333333335,0.29333333333333333,0.08666666666666666,189.44000000000003,0.3133333333333333,0.10777777777777778,195.95333333333335,0.30933333333333335,0.09466666666666668,197.85999999999999,1.0,0.6533333333333333,500.0,0.6627265563435776,0.30666666666666664,0.09736111111111112
S_sa,99,0.900709219858156,0.502561071710008,482.57919621749403,0.16,0.17333333333333334,157.72666666666666,0.20666666666666667,0.18611111111111112,172.53333333333333,0.15666666666666665,0.13777777777777775,147.12,0.16666666666666666,0.1311111111111111,141.93333333333334,0.17600000000000002,0.16422222222222221,160.33733333333333,0.9233333333333333,0.5161111111111111,490.96,0.502561071710008,0.1725,0.15708333333333332
S_sa,100,0.7884160756501181,0.6617415287628053,431.17730496453896,0.0,0.19666666666666668,56.6,0.0,0.2211111111111111,57.81333333333333,0.0,0.20666666666666667,55.01,0.0,0.20444444444444443,54.173333333333325,0.0,0.19822222222222222,57.54933333333333,0.7766666666666667,0.6622222222222223,424.42333333333335,0.6617415287628053,0.0,0.20722222222222222
