config,seed,step,random/n,random/success,random/mean_steps,random/mean_return,verifai_dev/n,verifai_dev/success,verifai_dev/mean_steps,verifai_dev/mean_return,verifai_test/n,verifai_test/success,verifai_test/mean_steps,verifai_test/mean_return,episodes,replays,scouted_steps,lib_counts,wall_time_sec,commit
var_low,2,0,264,0.0,200.0,-1219.347340218788,1000,0.0,200.0,-1267.617453171507,1000,0.0,200.0,-1272.7573800677774,12288,0,0,uniform=6130;sir=6166,91.99323415756226,ef0bfa4
var_low,2,245760,264,0.003787878787878788,200.0,-842.2979341649014,1000,0.003,200.0,-1029.2680502420656,1000,0.004,200.0,-1039.726891899109,12288,0,0,uniform=6130;sir=6166,91.99323415756226,ef0bfa4
var_low,2,491520,264,0.022727272727272728,200.0,-885.5521890528106,1000,0.0,200.0,-1092.442957797902,1000,0.0,200.0,-1097.0558335798005,12288,0,0,uniform=6130;sir=6166,91.99323415756226,ef0bfa4
var_low,2,737280,264,0.0,200.0,-919.8128217978801,1000,0.0,200.0,-987.8845926897922,1000,0.0,200.0,-999.4969739068979,12288,0,0,uniform=6130;sir=6166,91.99323415756226,ef0bfa4
var_low,2,983040,264,0.19696969696969696,200.0,-732.4950262312999,1000,0.021,200.0,-1037.717997043718,1000,0.02,200.0,-1044.031629201657,12288,0,0,uniform=6130;sir=6166,91.99323415756226,ef0bfa4
var_low,2,1228800,264,0.0,200.0,-1045.2117865773992,1000,0.0,200.0,-1023.5972999257594,1000,0.0,200.0,-1030.3492305313723,12288,0,0,uniform=6130;sir=6166,91.99323415756226,ef0bfa4
var_low,2,1474560,264,0.0,200.0,-933.0499489393134,1000,0.0,200.0,-970.6388136937826,1000,0.0,200.0,-973.686804778685,12288,0,0,uniform=6130;sir=6166,91.99323415756226,ef0bfa4
var_low,2,1720320,264,0.056818181818181816,200.0,-681.4682666881198,1000,0.0,200.0,-959.8330673741307,1000,0.001,200.0,-965.9075654773682,12288,0,0,uniform=6130;sir=6166,91.99323415756226,ef0bfa4
var_low,2,1966080,264,0.4772727272727273,200.0,-536.0847308369661,1000,0.061,200.0,-979.8096609668418,1000,0.069,200.0,-979.2002690398542,12288,0,0,uniform=6130;sir=6166,91.99323415756226,ef0bfa4
var_low,2,2211840,264,0.625,200.0,-400.0277384583706,1000,0.076,200.0,-946.3758521918221,1000,0.066,200.0,-957.1879541770697,12288,0,0,uniform=6130;sir=6166,91.99323415756226,ef0bfa4
var_low,2,2457600,264,0.6628787878787878,200.0,-404.8430378232615,1000,0.19,200.0,-853.2492021107024,1000,0.188,200.0,-856.6683072779718,12288,0,0,uniform=6130;sir=6166,91.99323415756226,ef0bfa4
var_low,3,0,264,0.0,200.0,-1308.0414462635606,1000,0.0,200.0,-1210.0225190279496,1000,0.0,200.0,-1214.7272529252334,12288,0,0,uniform=6056;sir=6240,92.37440609931946,ef0bfa4
var_low,3,245760,264,0.0,200.0,-1198.7837901537455,1000,0.0,200.0,-1079.8968093162796,1000,0.0,200.0,-1082.1783387278865,12288,0,0,uniform=6056;sir=6240,92.37440609931946,ef0bfa4
var_low,3,491520,264,0.48863636363636365,200.0,-537.8487892019655,1000,0.101,200.0,-930.5767150443511,1000,0.091,200.0,-943.4016146999403,12288,0,0,uniform=6056;sir=6240,92.37440609931946,ef0bfa4
var_low,3,737280,264,0.2916666666666667,200.0,-798.3748422207425,1000,0.024,200.0,-1108.0826642471438,1000,0.027,200.0,-1112.6776890679905,12288,0,0,uniform=6056;sir=6240,92.37440609931946,ef0bfa4
var_low,3,983040,264,0.35984848484848486,200.0,-717.0937954594873,1000,0.019,200.0,-1106.738351640328,1000,0.022,200.0,-1107.6607957536364,12288,0,0,uniform=6056;sir=6240,92.37440609931946,ef0bfa4
var_low,3,1228800,264,0.22348484848484848,200.0,-656.2699424449381,1000,0.015,200.0,-985.7501156010577,1000,0.011,200.0,-996.2170282537913,12288,0,0,uniform=6056;sir=6240,92.37440609931946,ef0bfa4
var_low,3,1474560,264,0.25,200.0,-722.3170482129289,1000,0.006,200.0,-1006.7354158152177,1000,0.009,200.0,-1013.1611565243336,12288,0,0,uniform=6056;sir=6240,92.37440609931946,ef0bfa4
var_low,3,1720320,264,0.26515151515151514,200.0,-749.6090292439884,1000,0.011,200.0,-1009.5617039757892,1000,0.018,200.0,-1010.89335012077,12288,0,0,uniform=6056;sir=6240,92.37440609931946,ef0bfa4
var_low,3,1966080,264,0.49242424242424243,200.0,-555.7952964546505,1000,0.041,200.0,-1019.8650660291325,1000,0.036,200.0,-1032.3281438807273,12288,0,0,uniform=6056;sir=6240,92.37440609931946,ef0bfa4
var_low,3,2211840,264,0.5227272727272727,200.0,-582.4016612275643,1000,0.062,200.0,-1033.5565754795985,1000,0.072,200.0,-1035.513378367723,12288,0,0,uniform=6056;sir=6240,92.37440609931946,ef0bfa4
var_low,3,2457600,264,0.5189393939393939,200.0,-645.5810738681137,1000,0.097,200.0,-1036.2797619547018,1000,0.097,200.0,-1043.540670285352,12288,0,0,uniform=6056;sir=6240,92.37440609931946,ef0bfa4
var_low,1,0,264,0.0,200.0,-1329.0719297891997,1000,0.0,200.0,-1289.8204993630611,1000,0.0,200.0,-1298.5705295159821,12288,0,0,uniform=6067;sir=6229,92.87387537956238,ef0bfa4
var_low,1,245760,264,0.0,200.0,-975.1283421976483,1000,0.0,200.0,-1056.8835578080527,1000,0.0,200.0,-1058.814220108983,12288,0,0,uniform=6067;sir=6229,92.87387537956238,ef0bfa4
var_low,1,491520,264,0.003787878787878788,200.0,-1153.4464724438333,1000,0.0,200.0,-1011.036348078483,1000,0.0,200.0,-1015.4559228304881,12288,0,0,uniform=6067;sir=6229,92.87387537956238,ef0bfa4
var_low,1,737280,264,0.15151515151515152,200.0,-737.7406003757206,1000,0.002,200.0,-1025.6721846260978,1000,0.005,200.0,-1026.7935418820887,12288,0,0,uniform=6067;sir=6229,92.87387537956238,ef0bfa4
var_low,1,983040,264,0.13257575757575757,200.0,-860.6722772193806,1000,0.007,200.0,-1076.6780353036513,1000,0.012,200.0,-1077.9368132508926,12288,0,0,uniform=6067;sir=6229,92.87387537956238,ef0bfa4
var_low,1,1228800,264,0.25,200.0,-669.1379564308971,1000,0.014,200.0,-1000.5941909825154,1000,0.016,200.0,-1000.2425402755827,12288,0,0,uniform=6067;sir=6229,92.87387537956238,ef0bfa4
var_low,1,1474560,264,0.5833333333333334,200.0,-409.2555219382361,1000,0.056,200.0,-937.2148589584142,1000,0.06,200.0,-934.5132999100218,12288,0,0,uniform=6067;sir=6229,92.87387537956238,ef0bfa4
var_low,1,1720320,264,0.5151515151515151,200.0,-515.3328286903336,1000,0.051,200.0,-945.801674775691,1000,0.057,200.0,-941.9063717523063,12288,0,0,uniform=6067;sir=6229,92.87387537956238,ef0bfa4
var_low,1,1966080,264,0.8560606060606061,200.0,-249.92724518880425,1000,0.245,200.0,-792.9253857056624,1000,0.254,200.0,-776.9779628472156,12288,0,0,uniform=6067;sir=6229,92.87387537956238,ef0bfa4
var_low,1,2211840,264,0.8409090909090909,200.0,-245.68778535774788,1000,0.305,200.0,-756.8310912532835,1000,0.319,200.0,-757.8639632833109,12288,0,0,uniform=6067;sir=6229,92.87387537956238,ef0bfa4
var_low,1,2457600,264,0.8712121212121212,200.0,-237.6616313498532,1000,0.461,200.0,-655.4680498159685,1000,0.467,200.0,-652.7768186334741,12288,0,0,uniform=6067;sir=6229,92.87387537956238,ef0bfa4
var_low16,3,0,264,0.0,200.0,-768.0792861407765,1000,0.0,200.0,-883.5202092491304,1000,0.0,200.0,-878.2611017126751,12288,0,0,uniform=6067;sir=6229,102.00084590911865,ef0bfa4
var_low16,3,245760,264,0.0,200.0,-1033.8884838806719,1000,0.0,200.0,-1094.0165157902802,1000,0.0,200.0,-1106.4669174131375,12288,0,0,uniform=6067;sir=6229,102.00084590911865,ef0bfa4
var_low16,3,491520,264,0.45075757575757575,200.0,-652.29711865923,1000,0.059,200.0,-1089.109086331677,1000,0.053,200.0,-1097.3977648324963,12288,0,0,uniform=6067;sir=6229,102.00084590911865,ef0bfa4
var_low16,3,737280,264,0.4166666666666667,200.0,-636.9202104903306,1000,0.042,200.0,-1052.6555048165108,1000,0.046,200.0,-1056.424685817169,12288,0,0,uniform=6067;sir=6229,102.00084590911865,ef0bfa4
var_low16,3,983040,264,0.5416666666666666,200.0,-471.1088205936941,1000,0.073,200.0,-948.8539913680095,1000,0.077,200.0,-946.3437982384132,12288,0,0,uniform=6067;sir=6229,102.00084590911865,ef0bfa4
var_low16,3,1228800,264,0.5340909090909091,200.0,-468.63195886720575,1000,0.054,200.0,-945.8397230522979,1000,0.053,200.0,-947.7277796413593,12288,0,0,uniform=6067;sir=6229,102.00084590911865,ef0bfa4
var_low16,3,1474560,264,0.7689393939393939,200.0,-300.9049747525485,1000,0.2,200.0,-834.8879966072922,1000,0.215,200.0,-826.0503005075954,12288,0,0,uniform=6067;sir=6229,102.00084590911865,ef0bfa4
var_low16,3,1720320,264,0.8598484848484849,200.0,-235.3152597018408,1000,0.234,200.0,-778.2549738115187,1000,0.261,200.0,-760.2035642831582,12288,0,0,uniform=6067;sir=6229,102.00084590911865,ef0bfa4
var_low16,3,1966080,264,0.9053030303030303,200.0,-217.86917022927247,1000,0.342,200.0,-727.0534742388744,1000,0.362,200.0,-722.387548025521,12288,0,0,uniform=6067;sir=6229,102.00084590911865,ef0bfa4
var_low16,3,2211840,264,0.8674242424242424,200.0,-245.16778918039202,1000,0.291,200.0,-757.1872322872325,1000,0.312,200.0,-755.8170921317244,12288,0,0,uniform=6067;sir=6229,102.00084590911865,ef0bfa4
var_low16,3,2457600,264,0.8446969696969697,200.0,-259.56188787864613,1000,0.248,200.0,-780.0249953300713,1000,0.258,200.0,-775.3166620266213,12288,0,0,uniform=6067;sir=6229,102.00084590911865,ef0bfa4
var_low16,1,0,264,0.0,200.0,-1293.3808945231558,1000,0.0,200.0,-1199.1925799050582,1000,0.0,200.0,-1208.2558380241048,12288,0,0,uniform=6045;sir=6251,102.8701491355896,ef0bfa4
var_low16,1,245760,264,0.0,200.0,-978.8608928601591,1000,0.0,200.0,-1032.3201005526855,1000,0.0,200.0,-1043.9912404896925,12288,0,0,uniform=6045;sir=6251,102.8701491355896,ef0bfa4
var_low16,1,491520,264,0.3712121212121212,200.0,-796.9478004566627,1000,0.008,200.0,-1201.4955915071907,1000,0.008,200.0,-1206.5120831964255,12288,0,0,uniform=6045;sir=6251,102.8701491355896,ef0bfa4
var_low16,1,737280,264,0.09848484848484848,200.0,-747.624117800903,1000,0.002,200.0,-1045.5675582205279,1000,0.0,200.0,-1050.9010316578467,12288,0,0,uniform=6045;sir=6251,102.8701491355896,ef0bfa4
var_low16,1,983040,264,0.0,200.0,-1127.9375902136192,1000,0.0,200.0,-1017.4448640565003,1000,0.0,200.0,-1026.5280720782632,12288,0,0,uniform=6045;sir=6251,102.8701491355896,ef0bfa4
var_low16,1,1228800,264,0.011363636363636364,200.0,-789.3850907737659,1000,0.001,200.0,-979.4554217907399,1000,0.0,200.0,-988.7432382647282,12288,0,0,uniform=6045;sir=6251,102.8701491355896,ef0bfa4
var_low16,1,1474560,264,0.3446969696969697,200.0,-606.2300800382651,1000,0.006,200.0,-998.0465243915457,1000,0.005,200.0,-1008.1226102131473,12288,0,0,uniform=6045;sir=6251,102.8701491355896,ef0bfa4
var_low16,1,1720320,264,0.5871212121212122,200.0,-471.1278823083336,1000,0.035,200.0,-1012.4330896578683,1000,0.05,200.0,-1012.5352651054147,12288,0,0,uniform=6045;sir=6251,102.8701491355896,ef0bfa4
var_low16,1,1966080,264,0.6742424242424242,200.0,-417.95979161562104,1000,0.101,200.0,-996.2800844526706,1000,0.124,200.0,-996.5841777272367,12288,0,0,uniform=6045;sir=6251,102.8701491355896,ef0bfa4
var_low16,1,2211840,264,0.6363636363636364,200.0,-477.055624201741,1000,0.116,200.0,-1002.4342813984929,1000,0.105,200.0,-1008.8459443254054,12288,0,0,uniform=6045;sir=6251,102.8701491355896,ef0bfa4
var_low16,1,2457600,264,0.625,200.0,-487.21134941820736,1000,0.092,200.0,-1023.3317363393244,1000,0.099,200.0,-1028.3981825344395,12288,0,0,uniform=6045;sir=6251,102.8701491355896,ef0bfa4
var_low16,2,0,264,0.0,200.0,-1280.9864877547443,1000,0.0,200.0,-1344.0798292501727,1000,0.0,200.0,-1351.3105567181867,12288,0,0,uniform=6092;sir=6204,102.81802010536194,ef0bfa4
var_low16,2,245760,264,0.0,200.0,-1200.3510577785773,1000,0.0,200.0,-1046.3598582518032,1000,0.0,200.0,-1049.0448156207092,12288,0,0,uniform=6092;sir=6204,102.81802010536194,ef0bfa4
var_low16,2,491520,264,0.125,200.0,-668.8505760474152,1000,0.001,200.0,-995.5513265981198,1000,0.004,200.0,-997.1859088220526,12288,0,0,uniform=6092;sir=6204,102.81802010536194,ef0bfa4
var_low16,2,737280,264,0.45075757575757575,200.0,-543.7422465495856,1000,0.061,200.0,-965.6491170407542,1000,0.05,200.0,-969.9005138569004,12288,0,0,uniform=6092;sir=6204,102.81802010536194,ef0bfa4
var_low16,2,983040,264,0.4962121212121212,200.0,-492.5213256919959,1000,0.051,200.0,-940.9512345249287,1000,0.051,200.0,-943.0244476404202,12288,0,0,uniform=6092;sir=6204,102.81802010536194,ef0bfa4
var_low16,2,1228800,264,0.7121212121212122,200.0,-335.3298422286702,1000,0.146,200.0,-863.5879361885993,1000,0.171,200.0,-854.1748239023717,12288,0,0,uniform=6092;sir=6204,102.81802010536194,ef0bfa4
var_low16,2,1474560,264,0.8446969696969697,200.0,-259.0453628644338,1000,0.156,200.0,-836.3201959622899,1000,0.17,200.0,-830.2717410320874,12288,0,0,uniform=6092;sir=6204,102.81802010536194,ef0bfa4
var_low16,2,1720320,264,0.7878787878787878,200.0,-298.45016017368675,1000,0.216,200.0,-809.6705944487802,1000,0.24,200.0,-809.7262101088301,12288,0,0,uniform=6092;sir=6204,102.81802010536194,ef0bfa4
var_low16,2,1966080,264,0.8446969696969697,200.0,-278.1798124385777,1000,0.352,200.0,-731.8797776357774,1000,0.361,200.0,-737.2216842258731,12288,0,0,uniform=6092;sir=6204,102.81802010536194,ef0bfa4
var_low16,2,2211840,264,0.7348484848484849,200.0,-355.56626555358883,1000,0.264,200.0,-805.4325435512154,1000,0.258,200.0,-822.1940279636361,12288,0,0,uniform=6092;sir=6204,102.81802010536194,ef0bfa4
var_low16,2,2457600,264,0.8409090909090909,200.0,-254.38444716370887,1000,0.334,200.0,-743.1382065577808,1000,0.327,200.0,-757.0648948761793,12288,0,0,uniform=6092;sir=6204,102.81802010536194,ef0bfa4
var_low,4,0,264,0.0,200.0,-1407.237227489748,1000,0.0,200.0,-1359.7781306286943,1000,0.0,200.0,-1365.5838051664307,12288,0,0,uniform=6177;sir=6119,92.01301097869873,ef0bfa4
var_low,4,245760,264,0.0,200.0,-884.2950609560329,1000,0.0,200.0,-1022.4206554785153,1000,0.0,200.0,-1027.7401443589215,12288,0,0,uniform=6177;sir=6119,92.01301097869873,ef0bfa4
var_low,4,491520,264,0.03409090909090909,200.0,-925.0861057658952,1000,0.002,200.0,-1050.9026707192977,1000,0.001,200.0,-1057.3524919857568,12288,0,0,uniform=6177;sir=6119,92.01301097869873,ef0bfa4
var_low,4,737280,264,0.4128787878787879,200.0,-636.1681843866221,1000,0.071,200.0,-1028.8720705804053,1000,0.064,200.0,-1048.0528605980478,12288,0,0,uniform=6177;sir=6119,92.01301097869873,ef0bfa4
var_low,4,983040,264,0.17424242424242425,200.0,-854.4578693656357,1000,0.013,200.0,-953.4939553005502,1000,0.006,200.0,-963.6658619545188,12288,0,0,uniform=6177;sir=6119,92.01301097869873,ef0bfa4
var_low,4,1228800,264,0.18181818181818182,200.0,-801.4326273428427,1000,0.004,200.0,-989.9456534434466,1000,0.001,200.0,-989.766358845772,12288,0,0,uniform=6177;sir=6119,92.01301097869873,ef0bfa4
var_low,4,1474560,264,0.0,200.0,-1264.5461996824988,1000,0.0,200.0,-1040.8969630342708,1000,0.0,200.0,-1049.4782041769781,12288,0,0,uniform=6177;sir=6119,92.01301097869873,ef0bfa4
var_low,4,1720320,264,0.32196969696969696,200.0,-771.2500609526318,1000,0.028,200.0,-1003.9091390638235,1000,0.041,200.0,-1000.1735799672771,12288,0,0,uniform=6177;sir=6119,92.01301097869873,ef0bfa4
var_low,4,1966080,264,0.4015151515151515,200.0,-557.7633443832972,1000,0.046,200.0,-955.3990595130159,1000,0.031,200.0,-967.2285303977902,12288,0,0,uniform=6177;sir=6119,92.01301097869873,ef0bfa4
var_low,4,2211840,264,0.32575757575757575,200.0,-845.2337212772402,1000,0.023,200.0,-1047.4851985722873,1000,0.023,200.0,-1054.6599731889078,12288,0,0,uniform=6177;sir=6119,92.01301097869873,ef0bfa4
var_low,4,2457600,264,0.678030303030303,200.0,-355.58157407656495,1000,0.141,200.0,-847.6344498383794,1000,0.149,200.0,-852.0176798484664,12288,0,0,uniform=6177;sir=6119,92.01301097869873,ef0bfa4
var_low,5,0,264,0.0,200.0,-1307.5662759710372,1000,0.0,200.0,-1249.721865539,1000,0.0,200.0,-1260.5077677546321,12288,0,0,uniform=6079;sir=6217,93.02615427970886,ef0bfa4
var_low,5,245760,264,0.0,200.0,-1248.764542809319,1000,0.0,200.0,-1051.552988464823,1000,0.0,200.0,-1059.735270186421,12288,0,0,uniform=6079;sir=6217,93.02615427970886,ef0bfa4
var_low,5,491520,264,0.0,200.0,-1008.8740533733883,1000,0.0,200.0,-1060.620662045116,1000,0.0,200.0,-1074.5835895434282,12288,0,0,uniform=6079;sir=6217,93.02615427970886,ef0bfa4
var_low,5,737280,264,0.03409090909090909,200.0,-758.7497976897339,1000,0.0,200.0,-1039.311849985017,1000,0.0,200.0,-1041.122255744156,12288,0,0,uniform=6079;sir=6217,93.02615427970886,ef0bfa4
var_low,5,983040,264,0.42424242424242425,200.0,-648.5706279016041,1000,0.022,200.0,-1097.9660223025867,1000,0.021,200.0,-1099.8515869728335,12288,0,0,uniform=6079;sir=6217,93.02615427970886,ef0bfa4
var_low,5,1228800,264,0.0,200.0,-1071.7148614587552,1000,0.0,200.0,-1018.9864487033503,1000,0.0,200.0,-1017.6951555666676,12288,0,0,uniform=6079;sir=6217,93.02615427970886,ef0bfa4
var_low,5,1474560,264,0.4318181818181818,200.0,-569.9830289253573,1000,0.04,200.0,-1004.9364804538413,1000,0.035,200.0,-1014.361056102607,12288,0,0,uniform=6079;sir=6217,93.02615427970886,ef0bfa4
var_low,5,1720320,264,0.45454545454545453,200.0,-614.4259157393566,1000,0.044,200.0,-961.0005827554236,1000,0.044,200.0,-967.566983373249,12288,0,0,uniform=6079;sir=6217,93.02615427970886,ef0bfa4
var_low,5,1966080,264,0.8409090909090909,200.0,-261.7423018859372,1000,0.183,200.0,-848.9463685143564,1000,0.19,200.0,-849.715130578364,12288,0,0,uniform=6079;sir=6217,93.02615427970886,ef0bfa4
var_low,5,2211840,264,0.821969696969697,200.0,-286.4217155938544,1000,0.226,200.0,-817.4704314169467,1000,0.239,200.0,-825.1578979887619,12288,0,0,uniform=6079;sir=6217,93.02615427970886,ef0bfa4
var_low,5,2457600,264,0.8371212121212122,200.0,-274.4689925844475,1000,0.267,200.0,-794.5789574430618,1000,0.272,200.0,-800.7110539115162,12288,0,0,uniform=6079;sir=6217,93.02615427970886,ef0bfa4
var_low16,4,0,264,0.0,200.0,-1002.9977270977014,1000,0.0,200.0,-995.9713239174766,1000,0.0,200.0,-997.6534502636954,12288,0,0,uniform=6101;sir=6195,102.2835099697113,ef0bfa4
var_low16,4,245760,264,0.15151515151515152,200.0,-956.0104916072148,1000,0.006,200.0,-1186.072389908686,1000,0.01,200.0,-1191.382118714373,12288,0,0,uniform=6101;sir=6195,102.2835099697113,ef0bfa4
var_low16,4,491520,264,0.25757575757575757,200.0,-796.5861004522407,1000,0.012,200.0,-1108.7801206841311,1000,0.011,200.0,-1113.9735886692824,12288,0,0,uniform=6101;sir=6195,102.2835099697113,ef0bfa4
var_low16,4,737280,264,0.0,200.0,-1106.1650209998813,1000,0.0,200.0,-1047.100625269875,1000,0.0,200.0,-1052.9830821187425,12288,0,0,uniform=6101;sir=6195,102.2835099697113,ef0bfa4
var_low16,4,983040,264,0.14772727272727273,200.0,-734.3275449720204,1000,0.005,200.0,-1073.419624499016,1000,0.005,200.0,-1080.0952366689348,12288,0,0,uniform=6101;sir=6195,102.2835099697113,ef0bfa4
var_low16,4,1228800,264,0.23484848484848486,200.0,-777.1510162086545,1000,0.002,200.0,-1119.8776374704594,1000,0.005,200.0,-1119.8992391832587,12288,0,0,uniform=6101;sir=6195,102.2835099697113,ef0bfa4
var_low16,4,1474560,264,0.0,200.0,-1020.8138117183848,1000,0.0,200.0,-996.9281766699669,1000,0.0,200.0,-1001.2456851642572,12288,0,0,uniform=6101;sir=6195,102.2835099697113,ef0bfa4
var_low16,4,1720320,264,0.07575757575757576,200.0,-1022.3989655699559,1000,0.001,200.0,-1016.1422743442117,1000,0.003,200.0,-1018.5335400692959,12288,0,0,uniform=6101;sir=6195,102.2835099697113,ef0bfa4
var_low16,4,1966080,264,0.5037878787878788,200.0,-526.2634261945067,1000,0.027,200.0,-1002.8443229371984,1000,0.033,200.0,-999.072008303948,12288,0,0,uniform=6101;sir=6195,102.2835099697113,ef0bfa4
var_low16,4,2211840,264,0.678030303030303,200.0,-392.5365827281353,1000,0.171,200.0,-923.767205205305,1000,0.19,200.0,-912.7079313785333,12288,0,0,uniform=6101;sir=6195,102.2835099697113,ef0bfa4
var_low16,4,2457600,264,0.7159090909090909,200.0,-379.89318607325407,1000,0.194,200.0,-909.7720424083511,1000,0.191,200.0,-910.3879755274784,12288,0,0,uniform=6101;sir=6195,102.2835099697113,ef0bfa4
var_low,6,0,264,0.0,200.0,-1303.160141342506,1000,0.0,200.0,-1105.5210190508471,1000,0.0,200.0,-1111.2722444411804,12288,0,0,uniform=6210;sir=6086,93.28322291374207,ef0bfa4
var_low,6,245760,264,0.23484848484848486,200.0,-812.3441368616244,1000,0.005,200.0,-1149.0119733481072,1000,0.012,200.0,-1149.6834845321275,12288,0,0,uniform=6210;sir=6086,93.28322291374207,ef0bfa4
var_low,6,491520,264,0.007575757575757576,200.0,-908.9272197835329,1000,0.0,200.0,-1129.4082762986982,1000,0.0,200.0,-1134.8988092099644,12288,0,0,uniform=6210;sir=6086,93.28322291374207,ef0bfa4
var_low,6,737280,264,0.0,200.0,-862.6818081800128,1000,0.0,200.0,-1032.8263195970308,1000,0.0,200.0,-1039.432613565255,12288,0,0,uniform=6210;sir=6086,93.28322291374207,ef0bfa4
var_low,6,983040,264,0.03409090909090909,200.0,-952.3363449499561,1000,0.001,200.0,-1010.8970228977911,1000,0.0,200.0,-1020.405874203993,12288,0,0,uniform=6210;sir=6086,93.28322291374207,ef0bfa4
var_low,6,1228800,264,0.3522727272727273,200.0,-583.771568474078,1000,0.025,200.0,-970.3276319277312,1000,0.026,200.0,-972.6590475368891,12288,0,0,uniform=6210;sir=6086,93.28322291374207,ef0bfa4
var_low,6,1474560,264,0.5,200.0,-500.26042950455206,1000,0.07,200.0,-894.0515804293298,1000,0.066,200.0,-908.7157499133301,12288,0,0,uniform=6210;sir=6086,93.28322291374207,ef0bfa4
var_low,6,1720320,264,0.8143939393939394,200.0,-288.0952773154696,1000,0.229,200.0,-788.1968164718917,1000,0.245,200.0,-783.4153886812501,12288,0,0,uniform=6210;sir=6086,93.28322291374207,ef0bfa4
var_low,6,1966080,264,0.8560606060606061,200.0,-238.3920060659965,1000,0.326,200.0,-704.1656946669531,1000,0.33,200.0,-711.4298150026582,12288,0,0,uniform=6210;sir=6086,93.28322291374207,ef0bfa4
var_low,6,2211840,264,0.9318181818181818,200.0,-192.85896691818888,1000,0.368,200.0,-699.3721043799865,1000,0.396,200.0,-688.6224525312008,12288,0,0,uniform=6210;sir=6086,93.28322291374207,ef0bfa4
var_low,6,2457600,264,0.8598484848484849,200.0,-260.0295753231571,1000,0.391,200.0,-702.9597788031525,1000,0.39,200.0,-713.0442659674925,12288,0,0,uniform=6210;sir=6086,93.28322291374207,ef0bfa4
var_low16,5,0,264,0.0,200.0,-1549.4052478198128,1000,0.0,200.0,-1302.8645852649138,1000,0.0,200.0,-1308.7810177627434,12288,0,0,uniform=6101;sir=6195,102.1313202381134,ef0bfa4
var_low16,5,245760,264,0.0,200.0,-940.5879659094583,1000,0.0,200.0,-1059.2420531811426,1000,0.0,200.0,-1071.1414564239335,12288,0,0,uniform=6101;sir=6195,102.1313202381134,ef0bfa4
var_low16,5,491520,264,0.0,200.0,-969.0389217175026,1000,0.0,200.0,-1035.7164864446115,1000,0.0,200.0,-1043.3648208033692,12288,0,0,uniform=6101;sir=6195,102.1313202381134,ef0bfa4
var_low16,5,737280,264,0.0,200.0,-967.9268833469624,1000,0.0,200.0,-971.5520439591019,1000,0.0,200.0,-973.9723092874125,12288,0,0,uniform=6101;sir=6195,102.1313202381134,ef0bfa4
var_low16,5,983040,264,0.0,200.0,-1049.4913735514015,1000,0.0,200.0,-1031.1471609984887,1000,0.0,200.0,-1040.3056613236224,12288,0,0,uniform=6101;sir=6195,102.1313202381134,ef0bfa4
var_low16,5,1228800,264,0.4015151515151515,200.0,-602.685128382423,1000,0.027,200.0,-1017.1368024146595,1000,0.034,200.0,-1021.2399866204613,12288,0,0,uniform=6101;sir=6195,102.1313202381134,ef0bfa4
var_low16,5,1474560,264,0.22727272727272727,200.0,-886.6951328550228,1000,0.008,200.0,-1041.2118273662584,1000,0.007,200.0,-1048.098119867814,12288,0,0,uniform=6101;sir=6195,102.1313202381134,ef0bfa4
var_low16,5,1720320,264,0.4734848484848485,200.0,-574.3526394501188,1000,0.039,200.0,-996.521881558025,1000,0.03,200.0,-1015.1118877104235,12288,0,0,uniform=6101;sir=6195,102.1313202381134,ef0bfa4
var_low16,5,1966080,264,0.4356060606060606,200.0,-710.3855313966833,1000,0.052,200.0,-1016.733313779731,1000,0.034,200.0,-1030.3665677055983,12288,0,0,uniform=6101;sir=6195,102.1313202381134,ef0bfa4
var_low16,5,2211840,264,0.571969696969697,200.0,-553.1407322333703,1000,0.136,200.0,-948.9717745203922,1000,0.133,200.0,-953.1950992893264,12288,0,0,uniform=6101;sir=6195,102.1313202381134,ef0bfa4
var_low16,5,2457600,264,0.6212121212121212,200.0,-496.74280070861676,1000,0.146,200.0,-987.6641246414795,1000,0.132,200.0,-1003.0684425666335,12288,0,0,uniform=6101;sir=6195,102.1313202381134,ef0bfa4
var_low16,6,0,264,0.0,200.0,-1180.457407851476,1000,0.0,200.0,-1119.2572175330715,1000,0.0,200.0,-1124.1122342685128,12288,0,0,uniform=6179;sir=6117,102.55451703071594,ef0bfa4
var_low16,6,245760,264,0.05303030303030303,200.0,-917.2090973133724,1000,0.012,200.0,-1082.4243181949844,1000,0.007,200.0,-1094.7071628873414,12288,0,0,uniform=6179;sir=6117,102.55451703071594,ef0bfa4
var_low16,6,491520,264,0.17424242424242425,200.0,-1005.7767457426442,1000,0.001,200.0,-1257.6676757289501,1000,0.002,200.0,-1263.6683221955136,12288,0,0,uniform=6179;sir=6117,102.55451703071594,ef0bfa4
var_low16,6,737280,264,0.0,200.0,-887.712937370317,1000,0.0,200.0,-1055.4550300068686,1000,0.0,200.0,-1060.3515792128871,12288,0,0,uniform=6179;sir=6117,102.55451703071594,ef0bfa4
var_low16,6,983040,264,0.0,200.0,-865.325986879082,1000,0.0,200.0,-1082.3338057385147,1000,0.0,200.0,-1086.0629532558817,12288,0,0,uniform=6179;sir=6117,102.55451703071594,ef0bfa4
var_low16,6,1228800,264,0.007575757575757576,200.0,-802.4175184873499,1000,0.0,200.0,-1059.3627139587472,1000,0.0,200.0,-1068.547651562307,12288,0,0,uniform=6179;sir=6117,102.55451703071594,ef0bfa4
var_low16,6,1474560,264,0.0,200.0,-1082.021115522434,1000,0.0,200.0,-1057.1424333644945,1000,0.0,200.0,-1064.9733663309228,12288,0,0,uniform=6179;sir=6117,102.55451703071594,ef0bfa4
var_low16,6,1720320,264,0.10606060606060606,200.0,-987.9291251087382,1000,0.001,200.0,-983.9136192440985,1000,0.001,200.0,-991.7594820758834,12288,0,0,uniform=6179;sir=6117,102.55451703071594,ef0bfa4
var_low16,6,1966080,264,0.5151515151515151,200.0,-495.75535881613484,1000,0.054,200.0,-921.1750044258646,1000,0.065,200.0,-920.5651577258343,12288,0,0,uniform=6179;sir=6117,102.55451703071594,ef0bfa4
var_low16,6,2211840,264,0.6818181818181818,200.0,-381.1376862723041,1000,0.17,200.0,-824.7766777415678,1000,0.164,200.0,-836.3682351121728,12288,0,0,uniform=6179;sir=6117,102.55451703071594,ef0bfa4
var_low16,6,2457600,264,0.8333333333333334,200.0,-247.5856247651527,1000,0.305,200.0,-737.6867363731977,1000,0.318,200.0,-735.971156067747,12288,0,0,uniform=6179;sir=6117,102.55451703071594,ef0bfa4
var_low,7,0,264,0.0,200.0,-1368.4531037572629,1000,0.0,200.0,-1155.2484728276145,1000,0.0,200.0,-1161.438055676911,12288,0,0,uniform=6207;sir=6089,74.47050380706787,ef0bfa4
var_low,7,245760,264,0.125,200.0,-612.8918715303852,1000,0.012,200.0,-957.630247921803,1000,0.012,200.0,-960.9140523307293,12288,0,0,uniform=6207;sir=6089,74.47050380706787,ef0bfa4
var_low,7,491520,264,0.20454545454545456,200.0,-735.1861401414466,1000,0.013,200.0,-995.6587710369832,1000,0.007,200.0,-999.7007914633602,12288,0,0,uniform=6207;sir=6089,74.47050380706787,ef0bfa4
var_low,7,737280,264,0.0,200.0,-892.4336139488946,1000,0.0,200.0,-1052.4777221159097,1000,0.0,200.0,-1053.7657792673754,12288,0,0,uniform=6207;sir=6089,74.47050380706787,ef0bfa4
var_low,7,983040,264,0.25757575757575757,200.0,-706.4574240405598,1000,0.022,200.0,-1027.4502881060241,1000,0.022,200.0,-1029.2527017805185,12288,0,0,uniform=6207;sir=6089,74.47050380706787,ef0bfa4
var_low,7,1228800,264,0.11363636363636363,200.0,-924.9671956757613,1000,0.009,200.0,-983.5505502262328,1000,0.005,200.0,-998.8079269005733,12288,0,0,uniform=6207;sir=6089,74.47050380706787,ef0bfa4
var_low,7,1474560,264,0.38636363636363635,200.0,-584.0772449802894,1000,0.047,200.0,-929.866260531553,1000,0.045,200.0,-932.9172380895121,12288,0,0,uniform=6207;sir=6089,74.47050380706787,ef0bfa4
var_low,7,1720320,264,0.1856060606060606,200.0,-900.4281530614506,1000,0.014,200.0,-996.9926351638069,1000,0.016,200.0,-1008.6036418945873,12288,0,0,uniform=6207;sir=6089,74.47050380706787,ef0bfa4
var_low,7,1966080,264,0.8522727272727273,200.0,-240.08546617733887,1000,0.186,200.0,-808.1251950812936,1000,0.197,200.0,-814.2986921089082,12288,0,0,uniform=6207;sir=6089,74.47050380706787,ef0bfa4
var_low,7,2211840,264,0.8939393939393939,200.0,-223.65215406753052,1000,0.295,200.0,-736.1476574439232,1000,0.313,200.0,-735.7169963446489,12288,0,0,uniform=6207;sir=6089,74.47050380706787,ef0bfa4
var_low,7,2457600,264,0.821969696969697,200.0,-276.561473134182,1000,0.318,200.0,-743.7056031028033,1000,0.326,200.0,-748.8390984951853,12288,0,0,uniform=6207;sir=6089,74.47050380706787,ef0bfa4
var_low,8,0,264,0.0,200.0,-1511.8316592691658,1000,0.0,200.0,-1384.004670249567,1000,0.0,200.0,-1393.491908809499,12288,0,0,uniform=6157;sir=6139,71.26515507698059,ef0bfa4
var_low,8,245760,264,0.0,200.0,-943.7772347197345,1000,0.0,200.0,-957.0886148493476,1000,0.0,200.0,-959.885879628898,12288,0,0,uniform=6157;sir=6139,71.26515507698059,ef0bfa4
var_low,8,491520,264,0.0,200.0,-1111.7774622581983,1000,0.0,200.0,-1026.6094923837745,1000,0.0,200.0,-1024.829365104919,12288,0,0,uniform=6157;sir=6139,71.26515507698059,ef0bfa4
var_low,8,737280,264,0.0,200.0,-816.0889610646987,1000,0.0,200.0,-957.5746074195457,1000,0.0,200.0,-964.1907904463859,12288,0,0,uniform=6157;sir=6139,71.26515507698059,ef0bfa4
var_low,8,983040,264,0.07196969696969698,200.0,-795.9079621260455,1000,0.001,200.0,-1072.0861892681048,1000,0.005,200.0,-1073.8879115555724,12288,0,0,uniform=6157;sir=6139,71.26515507698059,ef0bfa4
var_low,8,1228800,264,0.08333333333333333,200.0,-786.9590835077154,1000,0.001,200.0,-1036.7995679459393,1000,0.0,200.0,-1048.2590702416785,12288,0,0,uniform=6157;sir=6139,71.26515507698059,ef0bfa4
var_low,8,1474560,264,0.0,200.0,-1169.6816759260378,1000,0.0,200.0,-1032.3712619151372,1000,0.0,200.0,-1036.5388730640423,12288,0,0,uniform=6157;sir=6139,71.26515507698059,ef0bfa4
var_low,8,1720320,264,0.4734848484848485,200.0,-553.4074810194962,1000,0.035,200.0,-999.1808435511488,1000,0.024,200.0,-1014.6051645590884,12288,0,0,uniform=6157;sir=6139,71.26515507698059,ef0bfa4
var_low,8,1966080,264,0.7537878787878788,200.0,-314.1287543464735,1000,0.176,200.0,-817.6775243847923,1000,0.179,200.0,-820.4511490386603,12288,0,0,uniform=6157;sir=6139,71.26515507698059,ef0bfa4
var_low,8,2211840,264,0.8181818181818182,200.0,-284.53840629116553,1000,0.282,200.0,-771.4394721356568,1000,0.28,200.0,-772.5643198130442,12288,0,0,uniform=6157;sir=6139,71.26515507698059,ef0bfa4
var_low,8,2457600,264,0.8712121212121212,200.0,-240.6829693238111,1000,0.402,200.0,-696.2779952579158,1000,0.418,200.0,-693.0206336652316,12288,0,0,uniform=6157;sir=6139,71.26515507698059,ef0bfa4
var_low16,7,0,264,0.0,200.0,-1539.6763764855466,1000,0.0,200.0,-1420.6742856613332,1000,0.0,200.0,-1431.2814155309345,12288,0,0,uniform=6187;sir=6109,80.74129009246826,ef0bfa4
var_low16,7,245760,264,0.0,200.0,-1172.5447326526066,1000,0.0,200.0,-1050.43599672555,1000,0.0,200.0,-1055.019759938576,12288,0,0,uniform=6187;sir=6109,80.74129009246826,ef0bfa4
var_low16,7,491520,264,0.30303030303030304,200.0,-813.9215209676927,1000,0.004,200.0,-1178.7474034418324,1000,0.008,200.0,-1181.9707989352355,12288,0,0,uniform=6187;sir=6109,80.74129009246826,ef0bfa4
var_low16,7,737280,264,0.0,200.0,-834.1533199033365,1000,0.0,200.0,-974.6400896377512,1000,0.0,200.0,-984.5142987234286,12288,0,0,uniform=6187;sir=6109,80.74129009246826,ef0bfa4
var_low16,7,983040,264,0.0,200.0,-1093.321051832349,1000,0.0,200.0,-990.9414841589747,1000,0.0,200.0,-996.954425591395,12288,0,0,uniform=6187;sir=6109,80.74129009246826,ef0bfa4
var_low16,7,1228800,264,0.12121212121212122,200.0,-634.5414677098504,1000,0.005,200.0,-956.1718178988026,1000,0.006,200.0,-961.2099282285974,12288,0,0,uniform=6187;sir=6109,80.74129009246826,ef0bfa4
var_low16,7,1474560,264,0.3712121212121212,200.0,-570.992921750913,1000,0.03,200.0,-961.6351706877341,1000,0.027,200.0,-968.8760864837368,12288,0,0,uniform=6187;sir=6109,80.74129009246826,ef0bfa4
var_low16,7,1720320,264,0.7045454545454546,200.0,-364.8457350046771,1000,0.184,200.0,-882.0256426340707,1000,0.19,200.0,-879.0547262640491,12288,0,0,uniform=6187;sir=6109,80.74129009246826,ef0bfa4
var_low16,7,1966080,264,0.8106060606060606,200.0,-283.09572844519334,1000,0.188,200.0,-837.4861739590277,1000,0.172,200.0,-841.624137924749,12288,0,0,uniform=6187;sir=6109,80.74129009246826,ef0bfa4
var_low16,7,2211840,264,0.7803030303030303,200.0,-309.4348932559149,1000,0.245,200.0,-809.8924120995788,1000,0.236,200.0,-820.1377974002785,12288,0,0,uniform=6187;sir=6109,80.74129009246826,ef0bfa4
var_low16,7,2457600,264,0.8295454545454546,200.0,-281.8931398955927,1000,0.298,200.0,-769.2798653023698,1000,0.306,200.0,-764.316661496595,12288,0,0,uniform=6187;sir=6109,80.74129009246826,ef0bfa4
var_low16,8,0,264,0.05303030303030303,200.0,-1011.3378132083612,1000,0.0,200.0,-1119.7537133963513,1000,0.0,200.0,-1126.0126952518933,12288,0,0,uniform=6103;sir=6193,75.64307713508606,ef0bfa4
var_low16,8,245760,264,0.0,200.0,-1016.704275140569,1000,0.0,200.0,-1122.2593323558117,1000,0.0,200.0,-1122.6858569080503,12288,0,0,uniform=6103;sir=6193,75.64307713508606,ef0bfa4
var_low16,8,491520,264,0.0,200.0,-1321.6405563903224,1000,0.0,200.0,-1154.29754709016,1000,0.0,200.0,-1164.549558831525,12288,0,0,uniform=6103;sir=6193,75.64307713508606,ef0bfa4
var_low16,8,737280,264,0.0,200.0,-1265.0697745414222,1000,0.0,200.0,-1072.0318648123043,1000,0.0,200.0,-1078.846031563732,12288,0,0,uniform=6103;sir=6193,75.64307713508606,ef0bfa4
var_low16,8,983040,264,0.0,200.0,-1234.631252877215,1000,0.0,200.0,-1059.778830181479,1000,0.0,200.0,-1062.337685948368,12288,0,0,uniform=6103;sir=6193,75.64307713508606,ef0bfa4
var_low16,8,1228800,264,0.0,200.0,-951.1041862138222,1000,0.0,200.0,-977.1517139392137,1000,0.0,200.0,-981.1243974962644,12288,0,0,uniform=6103;sir=6193,75.64307713508606,ef0bfa4
var_low16,8,1474560,264,0.003787878787878788,200.0,-783.5545432972749,1000,0.0,200.0,-1007.7931193331781,1000,0.0,200.0,-1019.3842968266868,12288,0,0,uniform=6103;sir=6193,75.64307713508606,ef0bfa4
var_low16,8,1720320,264,0.14393939393939395,200.0,-713.4040600439665,1000,0.015,200.0,-973.8267911673025,1000,0.004,200.0,-984.6151717635486,12288,0,0,uniform=6103;sir=6193,75.64307713508606,ef0bfa4
var_low16,8,1966080,264,0.5643939393939394,200.0,-450.0742681304624,1000,0.067,200.0,-959.2352060186772,1000,0.056,200.0,-968.5064950171642,12288,0,0,uniform=6103;sir=6193,75.64307713508606,ef0bfa4
var_low16,8,2211840,264,0.6098484848484849,200.0,-429.5969324126994,1000,0.091,200.0,-915.1448960164333,1000,0.081,200.0,-924.3975753056815,12288,0,0,uniform=6103;sir=6193,75.64307713508606,ef0bfa4
var_low16,8,2457600,264,0.8295454545454546,200.0,-289.0587069966331,1000,0.275,200.0,-781.2636610377613,1000,0.273,200.0,-782.0400665944705,12288,0,0,uniform=6103;sir=6193,75.64307713508606,ef0bfa4
var_low,1005,0,264,0.0,200.0,-1109.4014688981324,1000,0.0,200.0,-1189.1734061533673,1000,0.0,200.0,-1198.3539743277247,12288,0,0,uniform=6197;sir=6099,94.09619402885437,11c2a8b
var_low,1005,245760,264,0.0,200.0,-1182.60487959909,1000,0.0,200.0,-1021.7765368286732,1000,0.0,200.0,-1024.2992542719046,12288,0,0,uniform=6197;sir=6099,94.09619402885437,11c2a8b
var_low,1005,491520,264,0.3181818181818182,200.0,-721.7313035012925,1000,0.008,200.0,-1085.8842941121388,1000,0.008,200.0,-1088.910305894913,12288,0,0,uniform=6197;sir=6099,94.09619402885437,11c2a8b
var_low,1005,737280,264,0.39015151515151514,200.0,-708.8772499853347,1000,0.048,200.0,-1103.2206994098894,1000,0.051,200.0,-1101.0447111540502,12288,0,0,uniform=6197;sir=6099,94.09619402885437,11c2a8b
var_low,1005,983040,264,0.5833333333333334,200.0,-440.3560804724484,1000,0.108,200.0,-890.2306810039586,1000,0.114,200.0,-884.0615396199429,12288,0,0,uniform=6197;sir=6099,94.09619402885437,11c2a8b
var_low,1005,1228800,264,0.5,200.0,-533.3386631713399,1000,0.055,200.0,-965.4262935976036,1000,0.054,200.0,-956.8890634183141,12288,0,0,uniform=6197;sir=6099,94.09619402885437,11c2a8b
var_low,1005,1474560,264,0.8409090909090909,200.0,-273.90458559470795,1000,0.267,200.0,-780.5805949498974,1000,0.268,200.0,-787.3890838580231,12288,0,0,uniform=6197;sir=6099,94.09619402885437,11c2a8b
var_low,1005,1720320,264,0.8787878787878788,200.0,-232.28386245876794,1000,0.312,200.0,-734.8504706636568,1000,0.307,200.0,-735.4803774827814,12288,0,0,uniform=6197;sir=6099,94.09619402885437,11c2a8b
var_low,1005,1966080,264,0.9015151515151515,200.0,-222.34155427607044,1000,0.372,200.0,-714.3795654694298,1000,0.378,200.0,-712.9861920645906,12288,0,0,uniform=6197;sir=6099,94.09619402885437,11c2a8b
var_low,1005,2211840,264,0.8446969696969697,200.0,-266.29099849569593,1000,0.326,200.0,-739.392657317774,1000,0.326,200.0,-745.7846832685195,12288,0,0,uniform=6197;sir=6099,94.09619402885437,11c2a8b
var_low,1005,2457600,264,0.9242424242424242,200.0,-196.3938099276417,1000,0.408,200.0,-682.6452825004866,1000,0.419,200.0,-674.0303578438693,12288,0,0,uniform=6197;sir=6099,94.09619402885437,11c2a8b
var_low,1001,0,264,0.19696969696969696,200.0,-1070.36465128522,1000,0.001,200.0,-1432.6605240244767,1000,0.002,200.0,-1436.5454987419964,12288,0,0,uniform=6137;sir=6159,94.35564184188843,11c2a8b
var_low,1001,245760,264,0.23106060606060605,200.0,-784.1953379689179,1000,0.008,200.0,-1051.3733285999988,1000,0.011,200.0,-1052.3298827888345,12288,0,0,uniform=6137;sir=6159,94.35564184188843,11c2a8b
var_low,1001,491520,264,0.3371212121212121,200.0,-733.4914321097584,1000,0.009,200.0,-1117.1471103593715,1000,0.007,200.0,-1124.645787626043,12288,0,0,uniform=6137;sir=6159,94.35564184188843,11c2a8b
var_low,1001,737280,264,0.03409090909090909,200.0,-781.4798345255748,1000,0.0,200.0,-1042.0046622278123,1000,0.0,200.0,-1046.104202825029,12288,0,0,uniform=6137;sir=6159,94.35564184188843,11c2a8b
var_low,1001,983040,264,0.056818181818181816,200.0,-864.8212504121963,1000,0.0,200.0,-1012.0397421442015,1000,0.0,200.0,-1012.3247967525315,12288,0,0,uniform=6137;sir=6159,94.35564184188843,11c2a8b
var_low,1001,1228800,264,0.42803030303030304,200.0,-590.66076072826,1000,0.031,200.0,-1039.8304017639189,1000,0.034,200.0,-1039.275304387677,12288,0,0,uniform=6137;sir=6159,94.35564184188843,11c2a8b
var_low,1001,1474560,264,0.2878787878787879,200.0,-850.4473236263472,1000,0.009,200.0,-1055.132751909122,1000,0.017,200.0,-1051.4412465984965,12288,0,0,uniform=6137;sir=6159,94.35564184188843,11c2a8b
var_low,1001,1720320,264,0.5303030303030303,200.0,-548.205805112315,1000,0.05,200.0,-1038.338562312295,1000,0.055,200.0,-1042.1231036265392,12288,0,0,uniform=6137;sir=6159,94.35564184188843,11c2a8b
var_low,1001,1966080,264,0.6060606060606061,200.0,-502.6617592301823,1000,0.15,200.0,-994.0781687969848,1000,0.163,200.0,-988.7748441513812,12288,0,0,uniform=6137;sir=6159,94.35564184188843,11c2a8b
var_low,1001,2211840,264,0.4962121212121212,200.0,-673.1564033902775,1000,0.086,200.0,-1065.3867766235242,1000,0.091,200.0,-1069.7066050681804,12288,0,0,uniform=6137;sir=6159,94.35564184188843,11c2a8b
var_low,1001,2457600,264,0.6022727272727273,200.0,-513.6554322035145,1000,0.132,200.0,-984.8892481163371,1000,0.126,200.0,-990.1656404505837,12288,0,0,uniform=6137;sir=6159,94.35564184188843,11c2a8b
var_low,1002,0,264,0.0,200.0,-1198.6684574753983,1000,0.0,200.0,-1132.33400944002,1000,0.0,200.0,-1141.3448325256884,12288,0,0,uniform=6119;sir=6177,94.22377705574036,11c2a8b
var_low,1002,245760,264,0.0,200.0,-1046.3792968794446,1000,0.006,200.0,-1091.041324287834,1000,0.005,200.0,-1099.2957719387484,12288,0,0,uniform=6119;sir=6177,94.22377705574036,11c2a8b
var_low,1002,491520,264,0.06060606060606061,200.0,-759.012761976383,1000,0.002,200.0,-1048.2207066846697,1000,0.002,200.0,-1053.7865626436892,12288,0,0,uniform=6119;sir=6177,94.22377705574036,11c2a8b
var_low,1002,737280,264,0.3522727272727273,200.0,-641.954573249382,1000,0.024,200.0,-1029.7630765947174,1000,0.021,200.0,-1037.73471171657,12288,0,0,uniform=6119;sir=6177,94.22377705574036,11c2a8b
var_low,1002,983040,264,0.015151515151515152,200.0,-735.420947755482,1000,0.001,200.0,-977.2914195221618,1000,0.002,200.0,-983.3876895440403,12288,0,0,uniform=6119;sir=6177,94.22377705574036,11c2a8b
var_low,1002,1228800,264,0.0,200.0,-1032.3525554764626,1000,0.001,200.0,-987.2114536897573,1000,0.0,200.0,-994.8143441410135,12288,0,0,uniform=6119;sir=6177,94.22377705574036,11c2a8b
var_low,1002,1474560,264,0.4772727272727273,200.0,-541.180486580011,1000,0.067,200.0,-999.2919868416953,1000,0.066,200.0,-1003.3833243671821,12288,0,0,uniform=6119;sir=6177,94.22377705574036,11c2a8b
var_low,1002,1720320,264,0.3939393939393939,200.0,-654.1153740937023,1000,0.019,200.0,-989.4308368042095,1000,0.019,200.0,-999.9920135544685,12288,0,0,uniform=6119;sir=6177,94.22377705574036,11c2a8b
var_low,1002,1966080,264,0.625,200.0,-428.5800796398572,1000,0.047,200.0,-994.0914367549074,1000,0.061,200.0,-994.297679877391,12288,0,0,uniform=6119;sir=6177,94.22377705574036,11c2a8b
var_low,1002,2211840,264,0.6856060606060606,200.0,-411.87173147743835,1000,0.121,200.0,-956.8146430829277,1000,0.118,200.0,-960.4275856564572,12288,0,0,uniform=6119;sir=6177,94.22377705574036,11c2a8b
var_low,1002,2457600,264,0.7272727272727273,200.0,-374.6391412376616,1000,0.163,200.0,-928.5694249740789,1000,0.199,200.0,-924.5950298566333,12288,0,0,uniform=6119;sir=6177,94.22377705574036,11c2a8b
var_low,1003,0,264,0.0,200.0,-1403.082988855178,1000,0.0,200.0,-1195.38068309305,1000,0.0,200.0,-1202.3787170750043,12288,0,0,uniform=6146;sir=6150,94.14533305168152,11c2a8b
var_low,1003,245760,264,0.0,200.0,-1251.164679506343,1000,0.0,200.0,-1084.505966961406,1000,0.0,200.0,-1092.0827929529253,12288,0,0,uniform=6146;sir=6150,94.14533305168152,11c2a8b
var_low,1003,491520,264,0.0,200.0,-1278.3605807443678,1000,0.0,200.0,-1066.612467998369,1000,0.0,200.0,-1073.1860329761744,12288,0,0,uniform=6146;sir=6150,94.14533305168152,11c2a8b
var_low,1003,737280,264,0.42803030303030304,200.0,-706.3153115764127,1000,0.045,200.0,-1118.7682662046827,1000,0.061,200.0,-1113.548116508111,12288,0,0,uniform=6146;sir=6150,94.14533305168152,11c2a8b
var_low,1003,983040,264,0.16666666666666666,200.0,-671.0871418616999,1000,0.008,200.0,-1011.1193460128948,1000,0.013,200.0,-1014.0736864020927,12288,0,0,uniform=6146;sir=6150,94.14533305168152,11c2a8b
var_low,1003,1228800,264,0.003787878787878788,200.0,-830.2640255141524,1000,0.0,200.0,-1016.2091015100815,1000,0.0,200.0,-1025.9115321222553,12288,0,0,uniform=6146;sir=6150,94.14533305168152,11c2a8b
var_low,1003,1474560,264,0.0,200.0,-882.0318643210362,1000,0.0,200.0,-988.7184881097998,1000,0.002,200.0,-1000.0144044731421,12288,0,0,uniform=6146;sir=6150,94.14533305168152,11c2a8b
var_low,1003,1720320,264,0.24621212121212122,200.0,-684.6782198771872,1000,0.011,200.0,-989.0093570991601,1000,0.004,200.0,-995.3616372958845,12288,0,0,uniform=6146;sir=6150,94.14533305168152,11c2a8b
var_low,1003,1966080,264,0.5833333333333334,200.0,-440.4532670599271,1000,0.063,200.0,-973.2937076146889,1000,0.057,200.0,-978.9555699753331,12288,0,0,uniform=6146;sir=6150,94.14533305168152,11c2a8b
var_low,1003,2211840,264,0.5795454545454546,200.0,-486.7302074842994,1000,0.057,200.0,-995.3483016082578,1000,0.069,200.0,-994.7904166451144,12288,0,0,uniform=6146;sir=6150,94.14533305168152,11c2a8b
var_low,1003,2457600,264,0.8409090909090909,200.0,-259.20689110355386,1000,0.309,200.0,-771.3045618362664,1000,0.32,200.0,-774.6909058038865,12288,0,0,uniform=6146;sir=6150,94.14533305168152,11c2a8b
var_low,1004,0,264,0.0,200.0,-1490.0640721406864,1000,0.0,200.0,-1470.2791619402558,1000,0.0,200.0,-1478.842298718329,12288,0,0,uniform=6139;sir=6157,94.26961207389832,11c2a8b
var_low,1004,245760,264,0.0,200.0,-1180.1044910374894,1000,0.0,200.0,-1019.687672358496,1000,0.0,200.0,-1026.9375079316753,12288,0,0,uniform=6139;sir=6157,94.26961207389832,11c2a8b
var_low,1004,491520,264,0.0,200.0,-876.7572850956216,1000,0.0,200.0,-1022.3621004095883,1000,0.0,200.0,-1031.2882309602896,12288,0,0,uniform=6139;sir=6157,94.26961207389832,11c2a8b
var_low,1004,737280,264,0.003787878787878788,200.0,-1001.0974850579036,1000,0.0,200.0,-1048.3518107445645,1000,0.0,200.0,-1059.7979874013854,12288,0,0,uniform=6139;sir=6157,94.26961207389832,11c2a8b
var_low,1004,983040,264,0.38636363636363635,200.0,-693.7236673219206,1000,0.052,200.0,-1055.404537238245,1000,0.05,200.0,-1063.6174400199884,12288,0,0,uniform=6139;sir=6157,94.26961207389832,11c2a8b
var_low,1004,1228800,264,0.5681818181818182,200.0,-444.61744486928217,1000,0.117,200.0,-883.7168355794605,1000,0.123,200.0,-892.1117391694423,12288,0,0,uniform=6139;sir=6157,94.26961207389832,11c2a8b
var_low,1004,1474560,264,0.6553030303030303,200.0,-382.7761485307948,1000,0.103,200.0,-898.7333463612043,1000,0.11,200.0,-897.1667140435075,12288,0,0,uniform=6139;sir=6157,94.26961207389832,11c2a8b
var_low,1004,1720320,264,0.571969696969697,200.0,-465.90254548198226,1000,0.11,200.0,-882.3765149004073,1000,0.11,200.0,-887.6969136881439,12288,0,0,uniform=6139;sir=6157,94.26961207389832,11c2a8b
var_low,1004,1966080,264,0.8712121212121212,200.0,-244.71112665750985,1000,0.339,200.0,-718.6599436814819,1000,0.361,200.0,-711.523929591767,12288,0,0,uniform=6139;sir=6157,94.26961207389832,11c2a8b
var_low,1004,2211840,264,0.7727272727272727,200.0,-294.39538390653354,1000,0.288,200.0,-765.3762242984184,1000,0.28,200.0,-773.4243596005346,12288,0,0,uniform=6139;sir=6157,94.26961207389832,11c2a8b
var_low,1004,2457600,264,0.9090909090909091,200.0,-204.92459239229717,1000,0.405,200.0,-675.399677738877,1000,0.4,200.0,-680.698269454683,12288,0,0,uniform=6139;sir=6157,94.26961207389832,11c2a8b
var_low,1006,0,264,0.07196969696969698,200.0,-1117.590925340412,1000,0.004,200.0,-1142.276858433131,1000,0.001,200.0,-1150.6051275813588,12288,0,0,uniform=6084;sir=6212,94.11665606498718,11c2a8b
var_low,1006,245760,264,0.0,200.0,-974.5221835455776,1000,0.0,200.0,-1035.1989687019275,1000,0.0,200.0,-1034.2469180123585,12288,0,0,uniform=6084;sir=6212,94.11665606498718,11c2a8b
var_low,1006,491520,264,0.16287878787878787,200.0,-853.771614868343,1000,0.012,200.0,-1018.6527075055592,1000,0.006,200.0,-1024.1061658305841,12288,0,0,uniform=6084;sir=6212,94.11665606498718,11c2a8b
var_low,1006,737280,264,0.19696969696969696,200.0,-671.4729247700828,1000,0.008,200.0,-1010.2104934731555,1000,0.01,200.0,-1015.0651817021602,12288,0,0,uniform=6084;sir=6212,94.11665606498718,11c2a8b
var_low,1006,983040,264,0.38257575757575757,200.0,-559.9931755191374,1000,0.056,200.0,-931.6303030989679,1000,0.063,200.0,-930.4438742173012,12288,0,0,uniform=6084;sir=6212,94.11665606498718,11c2a8b
var_low,1006,1228800,264,0.5227272727272727,200.0,-507.4058242880879,1000,0.121,200.0,-939.5645296568018,1000,0.114,200.0,-941.0165632222004,12288,0,0,uniform=6084;sir=6212,94.11665606498718,11c2a8b
var_low,1006,1474560,264,0.3787878787878788,200.0,-586.225793513634,1000,0.034,200.0,-968.2367751980368,1000,0.035,200.0,-967.9488016995653,12288,0,0,uniform=6084;sir=6212,94.11665606498718,11c2a8b
var_low,1006,1720320,264,0.3371212121212121,200.0,-722.6772348452974,1000,0.029,200.0,-1006.8633527764093,1000,0.025,200.0,-1016.0190637388868,12288,0,0,uniform=6084;sir=6212,94.11665606498718,11c2a8b
var_low,1006,1966080,264,0.5075757575757576,200.0,-560.5335207951538,1000,0.068,200.0,-964.3996592480605,1000,0.059,200.0,-974.6427190354475,12288,0,0,uniform=6084;sir=6212,94.11665606498718,11c2a8b
var_low,1006,2211840,264,0.6931818181818182,200.0,-356.33753506270705,1000,0.079,200.0,-929.3879138364689,1000,0.083,200.0,-925.4177361025359,12288,0,0,uniform=6084;sir=6212,94.11665606498718,11c2a8b
var_low,1006,2457600,264,0.6401515151515151,200.0,-404.95565596507134,1000,0.09,200.0,-953.9273954565338,1000,0.099,200.0,-949.2671019765663,12288,0,0,uniform=6084;sir=6212,94.11665606498718,11c2a8b
var_low,1007,0,264,0.0,200.0,-1189.1199059102134,1000,0.0,200.0,-1252.5857616043393,1000,0.0,200.0,-1257.7275886776779,12288,0,0,uniform=6046;sir=6250,93.31494569778442,11c2a8b
var_low,1007,245760,264,0.36742424242424243,200.0,-659.0914638938046,1000,0.037,200.0,-1003.6964436008353,1000,0.036,200.0,-1010.9341666311078,12288,0,0,uniform=6046;sir=6250,93.31494569778442,11c2a8b
var_low,1007,491520,264,0.05303030303030303,200.0,-934.9085430854863,1000,0.0,200.0,-1010.3398598228869,1000,0.0,200.0,-1017.5496751955734,12288,0,0,uniform=6046;sir=6250,93.31494569778442,11c2a8b
var_low,1007,737280,264,0.2840909090909091,200.0,-683.3389247987864,1000,0.016,200.0,-996.2127643716261,1000,0.012,200.0,-1007.5219271351206,12288,0,0,uniform=6046;sir=6250,93.31494569778442,11c2a8b
var_low,1007,983040,264,0.2537878787878788,200.0,-892.614006129458,1000,0.013,200.0,-1170.2057161774826,1000,0.013,200.0,-1178.372890314694,12288,0,0,uniform=6046;sir=6250,93.31494569778442,11c2a8b
var_low,1007,1228800,264,0.3560606060606061,200.0,-851.3243329551556,1000,0.008,200.0,-1259.0844952918542,1000,0.008,200.0,-1263.4170698620119,12288,0,0,uniform=6046;sir=6250,93.31494569778442,11c2a8b
var_low,1007,1474560,264,0.0,200.0,-908.8530418360319,1000,0.0,200.0,-993.214258046929,1000,0.0,200.0,-1000.8754151200408,12288,0,0,uniform=6046;sir=6250,93.31494569778442,11c2a8b
var_low,1007,1720320,264,0.3522727272727273,200.0,-624.7424847604584,1000,0.017,200.0,-1011.5666825767213,1000,0.018,200.0,-1014.4233606544004,12288,0,0,uniform=6046;sir=6250,93.31494569778442,11c2a8b
var_low,1007,1966080,264,0.4128787878787879,200.0,-620.107038396781,1000,0.054,200.0,-956.366021607825,1000,0.042,200.0,-971.1567575241675,12288,0,0,uniform=6046;sir=6250,93.31494569778442,11c2a8b
var_low,1007,2211840,264,0.6590909090909091,200.0,-415.35161043861586,1000,0.156,200.0,-884.0688235504158,1000,0.151,200.0,-897.4401015539801,12288,0,0,uniform=6046;sir=6250,93.31494569778442,11c2a8b
var_low,1007,2457600,264,0.8674242424242424,200.0,-246.5723839197423,1000,0.321,200.0,-754.6567337693756,1000,0.325,200.0,-759.5826920752723,12288,0,0,uniform=6046;sir=6250,93.31494569778442,11c2a8b
var_low,1008,0,264,0.0,200.0,-1316.74911285614,1000,0.0,200.0,-1149.0828447818017,1000,0.0,200.0,-1154.7576863646636,12288,0,0,uniform=6155;sir=6141,93.40104699134827,11c2a8b
var_low,1008,245760,264,0.2689393939393939,200.0,-682.7147547806843,1000,0.05,200.0,-923.0796692518636,1000,0.067,200.0,-913.5931880624006,12288,0,0,uniform=6155;sir=6141,93.40104699134827,11c2a8b
var_low,1008,491520,264,0.0,200.0,-841.9817368669756,1000,0.0,200.0,-1022.5409805767996,1000,0.0,200.0,-1030.5185243708313,12288,0,0,uniform=6155;sir=6141,93.40104699134827,11c2a8b
var_low,1008,737280,264,0.0,200.0,-972.6224347995297,1000,0.0,200.0,-1055.069191917689,1000,0.0,200.0,-1065.0475957694284,12288,0,0,uniform=6155;sir=6141,93.40104699134827,11c2a8b
var_low,1008,983040,264,0.0,200.0,-902.6363342916637,1000,0.0,200.0,-1007.597293442476,1000,0.0,200.0,-1015.9148618012828,12288,0,0,uniform=6155;sir=6141,93.40104699134827,11c2a8b
var_low,1008,1228800,264,0.0,200.0,-789.7917144758767,1000,0.0,200.0,-1006.561314772053,1000,0.0,200.0,-1013.9906291243783,12288,0,0,uniform=6155;sir=6141,93.40104699134827,11c2a8b
var_low,1008,1474560,264,0.07196969696969698,200.0,-728.0660657080281,1000,0.001,200.0,-978.8688578948073,1000,0.003,200.0,-989.754701290077,12288,0,0,uniform=6155;sir=6141,93.40104699134827,11c2a8b
var_low,1008,1720320,264,0.44696969696969696,200.0,-582.7389836282814,1000,0.039,200.0,-999.1204700809008,1000,0.028,200.0,-1014.7338503474432,12288,0,0,uniform=6155;sir=6141,93.40104699134827,11c2a8b
var_low,1008,1966080,264,0.7840909090909091,200.0,-315.31415980951806,1000,0.15,200.0,-870.5159173806068,1000,0.174,200.0,-860.10222990117,12288,0,0,uniform=6155;sir=6141,93.40104699134827,11c2a8b
var_low,1008,2211840,264,0.7121212121212122,200.0,-349.0209540208882,1000,0.182,200.0,-853.8357303064819,1000,0.171,200.0,-864.1215711239099,12288,0,0,uniform=6155;sir=6141,93.40104699134827,11c2a8b
var_low,1008,2457600,264,0.8333333333333334,200.0,-274.84389602385085,1000,0.305,200.0,-750.8215569788357,1000,0.324,200.0,-756.9240330136926,12288,0,0,uniform=6155;sir=6141,93.40104699134827,11c2a8b
var_low,1009,0,264,0.0,200.0,-1034.8358062531531,1000,0.0,200.0,-1084.595243060431,1000,0.0,200.0,-1088.9436993418396,12288,0,0,uniform=6182;sir=6114,93.40782594680786,11c2a8b
var_low,1009,245760,264,0.0,200.0,-893.572354853096,1000,0.0,200.0,-953.1047521812549,1000,0.001,200.0,-953.1892125543748,12288,0,0,uniform=6182;sir=6114,93.40782594680786,11c2a8b
var_low,1009,491520,264,0.0,200.0,-871.9293588266784,1000,0.0,200.0,-1044.706320245468,1000,0.0,200.0,-1053.5396558348505,12288,0,0,uniform=6182;sir=6114,93.40782594680786,11c2a8b
var_low,1009,737280,264,0.0,200.0,-1153.4935541762013,1000,0.0,200.0,-1028.6299624876997,1000,0.0,200.0,-1027.0071589975696,12288,0,0,uniform=6182;sir=6114,93.40782594680786,11c2a8b
var_low,1009,983040,264,0.2765151515151515,200.0,-811.3399092178238,1000,0.003,200.0,-1142.2462796919071,1000,0.009,200.0,-1146.10517891094,12288,0,0,uniform=6182;sir=6114,93.40782594680786,11c2a8b
var_low,1009,1228800,264,0.0,200.0,-786.1149962515709,1000,0.0,200.0,-1022.5263258454639,1000,0.0,200.0,-1034.8879979471737,12288,0,0,uniform=6182;sir=6114,93.40782594680786,11c2a8b
var_low,1009,1474560,264,0.0,200.0,-959.6353534317461,1000,0.0,200.0,-1047.6851599334975,1000,0.0,200.0,-1057.9206441479055,12288,0,0,uniform=6182;sir=6114,93.40782594680786,11c2a8b
var_low,1009,1720320,264,0.06818181818181818,200.0,-926.4030070531674,1000,0.005,200.0,-1038.4757715190362,1000,0.001,200.0,-1053.881361218775,12288,0,0,uniform=6182;sir=6114,93.40782594680786,11c2a8b
var_low,1009,1966080,264,0.5227272727272727,200.0,-483.72266615624164,1000,0.048,200.0,-952.631448714702,1000,0.057,200.0,-954.0690972022535,12288,0,0,uniform=6182;sir=6114,93.40782594680786,11c2a8b
var_low,1009,2211840,264,0.553030303030303,200.0,-501.10447402272564,1000,0.067,200.0,-962.9157113058733,1000,0.064,200.0,-981.0267263992711,12288,0,0,uniform=6182;sir=6114,93.40782594680786,11c2a8b
var_low,1009,2457600,264,0.7727272727272727,200.0,-310.7744697663659,1000,0.185,200.0,-871.427973002664,1000,0.19,200.0,-875.3295182634465,12288,0,0,uniform=6182;sir=6114,93.40782594680786,11c2a8b
var_low,1010,0,264,0.0,200.0,-1277.1822412297342,1000,0.0,200.0,-1272.2452965568625,1000,0.0,200.0,-1279.024045991505,12288,0,0,uniform=6177;sir=6119,93.62193322181702,11c2a8b
var_low,1010,245760,264,0.06818181818181818,200.0,-749.4675117744341,1000,0.0,200.0,-1044.969056093049,1000,0.001,200.0,-1052.4992491507676,12288,0,0,uniform=6177;sir=6119,93.62193322181702,11c2a8b
var_low,1010,491520,264,0.0,200.0,-1203.7414339778484,1000,0.0,200.0,-1023.2341394604884,1000,0.0,200.0,-1028.575795254451,12288,0,0,uniform=6177;sir=6119,93.62193322181702,11c2a8b
var_low,1010,737280,264,0.16666666666666666,200.0,-723.1621211671132,1000,0.013,200.0,-1031.0232758889058,1000,0.006,200.0,-1043.8712519221278,12288,0,0,uniform=6177;sir=6119,93.62193322181702,11c2a8b
var_low,1010,983040,264,0.0,200.0,-953.056460414826,1000,0.0,200.0,-1001.5039806968209,1000,0.0,200.0,-1012.7902994803704,12288,0,0,uniform=6177;sir=6119,93.62193322181702,11c2a8b
var_low,1010,1228800,264,0.2159090909090909,200.0,-661.9472294244497,1000,0.01,200.0,-988.933106905695,1000,0.007,200.0,-1001.5939712689786,12288,0,0,uniform=6177;sir=6119,93.62193322181702,11c2a8b
var_low,1010,1474560,264,0.4431818181818182,200.0,-579.1625334404462,1000,0.038,200.0,-957.8913880969938,1000,0.042,200.0,-967.1024543069882,12288,0,0,uniform=6177;sir=6119,93.62193322181702,11c2a8b
var_low,1010,1720320,264,0.75,200.0,-317.1464116599505,1000,0.159,200.0,-875.8857607664451,1000,0.14,200.0,-891.6764934199707,12288,0,0,uniform=6177;sir=6119,93.62193322181702,11c2a8b
var_low,1010,1966080,264,0.7083333333333334,200.0,-371.08174296467973,1000,0.222,200.0,-836.0760866710714,1000,0.218,200.0,-839.236716046899,12288,0,0,uniform=6177;sir=6119,93.62193322181702,11c2a8b
var_low,1010,2211840,264,0.8674242424242424,200.0,-231.3445467449493,1000,0.34,200.0,-732.7116711532867,1000,0.352,200.0,-736.4825037229608,12288,0,0,uniform=6177;sir=6119,93.62193322181702,11c2a8b
var_low,1010,2457600,264,0.7954545454545454,200.0,-286.0186797435434,1000,0.278,200.0,-778.98052538797,1000,0.292,200.0,-770.4886771125718,12288,0,0,uniform=6177;sir=6119,93.62193322181702,11c2a8b
var_low,1011,0,264,0.0,200.0,-1250.931137170943,1000,0.0,200.0,-1100.6709968109756,1000,0.0,200.0,-1113.084503689565,12288,0,0,uniform=6132;sir=6164,93.72309970855713,11c2a8b
var_low,1011,245760,264,0.1590909090909091,200.0,-735.5659421237654,1000,0.003,200.0,-1020.31780707489,1000,0.002,200.0,-1027.7213521886067,12288,0,0,uniform=6132;sir=6164,93.72309970855713,11c2a8b
var_low,1011,491520,264,0.29924242424242425,200.0,-718.2715343909015,1000,0.018,200.0,-1059.2191383142624,1000,0.023,200.0,-1067.5978851540578,12288,0,0,uniform=6132;sir=6164,93.72309970855713,11c2a8b
var_low,1011,737280,264,0.17803030303030304,200.0,-656.4026832474684,1000,0.005,200.0,-1005.4087964551229,1000,0.006,200.0,-1009.2943059897218,12288,0,0,uniform=6132;sir=6164,93.72309970855713,11c2a8b
var_low,1011,983040,264,0.125,200.0,-817.929710647899,1000,0.012,200.0,-1068.8865765430787,1000,0.012,200.0,-1076.8238394064283,12288,0,0,uniform=6132;sir=6164,93.72309970855713,11c2a8b
var_low,1011,1228800,264,0.2159090909090909,200.0,-656.8426776650361,1000,0.004,200.0,-997.3287939072687,1000,0.002,200.0,-1010.1297403102449,12288,0,0,uniform=6132;sir=6164,93.72309970855713,11c2a8b
var_low,1011,1474560,264,0.42045454545454547,200.0,-536.8207731272297,1000,0.023,200.0,-951.1028363632979,1000,0.024,200.0,-958.1057720753677,12288,0,0,uniform=6132;sir=6164,93.72309970855713,11c2a8b
var_low,1011,1720320,264,0.6401515151515151,200.0,-417.16820541694784,1000,0.08,200.0,-910.7368021342452,1000,0.086,200.0,-905.5473612515922,12288,0,0,uniform=6132;sir=6164,93.72309970855713,11c2a8b
var_low,1011,1966080,264,0.8598484848484849,200.0,-236.61755710222678,1000,0.236,200.0,-796.9415589081443,1000,0.247,200.0,-799.9145629656364,12288,0,0,uniform=6132;sir=6164,93.72309970855713,11c2a8b
var_low,1011,2211840,264,0.8181818181818182,200.0,-277.9527490899835,1000,0.288,200.0,-786.7154420742797,1000,0.292,200.0,-788.0555295360726,12288,0,0,uniform=6132;sir=6164,93.72309970855713,11c2a8b
var_low,1011,2457600,264,0.8674242424242424,200.0,-236.01979226154648,1000,0.33,200.0,-761.938313273577,1000,0.343,200.0,-765.0705267183862,12288,0,0,uniform=6132;sir=6164,93.72309970855713,11c2a8b
var_low,1012,0,264,0.0,200.0,-1319.7319475531185,1000,0.0,200.0,-1141.4281934522135,1000,0.0,200.0,-1147.0215380851655,12288,0,0,uniform=6183;sir=6113,93.80283784866333,11c2a8b
var_low,1012,245760,264,0.0,200.0,-1237.2498322500132,1000,0.0,200.0,-1108.5885492962395,1000,0.0,200.0,-1105.1196687319086,12288,0,0,uniform=6183;sir=6113,93.80283784866333,11c2a8b
var_low,1012,491520,264,0.0,200.0,-933.9646706789856,1000,0.0,200.0,-1025.298670903214,1000,0.0,200.0,-1029.5174344353848,12288,0,0,uniform=6183;sir=6113,93.80283784866333,11c2a8b
var_low,1012,737280,264,0.0,200.0,-1037.8805732698086,1000,0.0,200.0,-1013.1477997518926,1000,0.0,200.0,-1017.1023001258623,12288,0,0,uniform=6183;sir=6113,93.80283784866333,11c2a8b
var_low,1012,983040,264,0.0,200.0,-1019.5991040825813,1000,0.0,200.0,-1038.4498625825315,1000,0.0,200.0,-1046.1530092616126,12288,0,0,uniform=6183;sir=6113,93.80283784866333,11c2a8b
var_low,1012,1228800,264,0.11363636363636363,200.0,-705.4537344839468,1000,0.005,200.0,-971.9094606422633,1000,0.003,200.0,-978.0027163194118,12288,0,0,uniform=6183;sir=6113,93.80283784866333,11c2a8b
var_low,1012,1474560,264,0.0,200.0,-1133.3329526804107,1000,0.0,200.0,-1005.3835974820008,1000,0.0,200.0,-1014.405743063537,12288,0,0,uniform=6183;sir=6113,93.80283784866333,11c2a8b
var_low,1012,1720320,264,0.38257575757575757,200.0,-624.2396508850903,1000,0.022,200.0,-952.0125462757484,1000,0.026,200.0,-960.1162521739119,12288,0,0,uniform=6183;sir=6113,93.80283784866333,11c2a8b
var_low,1012,1966080,264,0.5340909090909091,200.0,-504.4437480750219,1000,0.085,200.0,-902.2720501932965,1000,0.08,200.0,-918.8521043421689,12288,0,0,uniform=6183;sir=6113,93.80283784866333,11c2a8b
var_low,1012,2211840,264,0.7613636363636364,200.0,-328.67608757949967,1000,0.244,200.0,-770.6761341636302,1000,0.225,200.0,-795.0073839804891,12288,0,0,uniform=6183;sir=6113,93.80283784866333,11c2a8b
var_low,1012,2457600,264,0.7121212121212122,200.0,-361.3282145547475,1000,0.283,200.0,-781.0962752471413,1000,0.27,200.0,-793.9187857896756,12288,0,0,uniform=6183;sir=6113,93.80283784866333,11c2a8b
var_low,1013,0,264,0.0,200.0,-1267.8914633443164,1000,0.0,200.0,-1165.0218660101418,1000,0.0,200.0,-1172.327979526821,12288,0,0,uniform=6104;sir=6192,94.16462826728821,11c2a8b
var_low,1013,245760,264,0.0,200.0,-1058.8263183017139,1000,0.0,200.0,-1184.9831386508845,1000,0.0,200.0,-1191.138501381239,12288,0,0,uniform=6104;sir=6192,94.16462826728821,11c2a8b
var_low,1013,491520,264,0.007575757575757576,200.0,-818.3883797880359,1000,0.003,200.0,-1022.7065308563931,1000,0.003,200.0,-1028.796084546447,12288,0,0,uniform=6104;sir=6192,94.16462826728821,11c2a8b
var_low,1013,737280,264,0.13257575757575757,200.0,-833.5659227494697,1000,0.013,200.0,-1086.1306519328843,1000,0.013,200.0,-1093.996338942681,12288,0,0,uniform=6104;sir=6192,94.16462826728821,11c2a8b
var_low,1013,983040,264,0.056818181818181816,200.0,-760.4780956499777,1000,0.003,200.0,-1023.5059996431171,1000,0.001,200.0,-1026.1354869791792,12288,0,0,uniform=6104;sir=6192,94.16462826728821,11c2a8b
var_low,1013,1228800,264,0.022727272727272728,200.0,-713.8789916507328,1000,0.0,200.0,-999.0541569874241,1000,0.005,200.0,-994.8841268408838,12288,0,0,uniform=6104;sir=6192,94.16462826728821,11c2a8b
var_low,1013,1474560,264,0.026515151515151516,200.0,-725.0486370512602,1000,0.0,200.0,-996.4716586130402,1000,0.0,200.0,-998.3621379051554,12288,0,0,uniform=6104;sir=6192,94.16462826728821,11c2a8b
var_low,1013,1720320,264,0.3484848484848485,200.0,-733.7928627744261,1000,0.009,200.0,-1120.7220305841322,1000,0.01,200.0,-1123.9065300387942,12288,0,0,uniform=6104;sir=6192,94.16462826728821,11c2a8b
var_low,1013,1966080,264,0.5303030303030303,200.0,-457.7745698182128,1000,0.044,200.0,-962.5355855746773,1000,0.036,200.0,-970.6693940162768,12288,0,0,uniform=6104;sir=6192,94.16462826728821,11c2a8b
var_low,1013,2211840,264,0.6401515151515151,200.0,-386.06991187022106,1000,0.053,200.0,-938.5145344452485,1000,0.044,200.0,-943.8855763059497,12288,0,0,uniform=6104;sir=6192,94.16462826728821,11c2a8b
var_low,1013,2457600,264,0.7916666666666666,200.0,-297.24715571231064,1000,0.29,200.0,-771.066934331946,1000,0.28,200.0,-777.2353490803556,12288,0,0,uniform=6104;sir=6192,94.16462826728821,11c2a8b
var_low,1014,0,264,0.0,200.0,-1476.1607713569472,1000,0.0,200.0,-1234.9336548258743,1000,0.0,200.0,-1240.553321339246,12288,0,0,uniform=6252;sir=6044,93.84483814239502,11c2a8b
var_low,1014,245760,264,0.003787878787878788,200.0,-918.8648960543286,1000,0.0,200.0,-1060.1071001662124,1000,0.0,200.0,-1055.296454918461,12288,0,0,uniform=6252;sir=6044,93.84483814239502,11c2a8b
var_low,1014,491520,264,0.26136363636363635,200.0,-772.8669778510042,1000,0.019,200.0,-1072.0032233267987,1000,0.013,200.0,-1077.20310148412,12288,0,0,uniform=6252;sir=6044,93.84483814239502,11c2a8b
var_low,1014,737280,264,0.24242424242424243,200.0,-720.7475058613859,1000,0.031,200.0,-1037.157113792803,1000,0.03,200.0,-1035.976899379435,12288,0,0,uniform=6252;sir=6044,93.84483814239502,11c2a8b
var_low,1014,983040,264,0.38636363636363635,200.0,-775.5766956256806,1000,0.025,200.0,-1191.7261238824865,1000,0.023,200.0,-1200.006689410122,12288,0,0,uniform=6252;sir=6044,93.84483814239502,11c2a8b
var_low,1014,1228800,264,0.0,200.0,-837.7891831214421,1000,0.0,200.0,-1019.4952856891521,1000,0.001,200.0,-1018.7258691102692,12288,0,0,uniform=6252;sir=6044,93.84483814239502,11c2a8b
var_low,1014,1474560,264,0.3787878787878788,200.0,-620.9747692279701,1000,0.03,200.0,-1004.3184946457139,1000,0.032,200.0,-1005.1643852752552,12288,0,0,uniform=6252;sir=6044,93.84483814239502,11c2a8b
var_low,1014,1720320,264,0.45075757575757575,200.0,-540.2861139278041,1000,0.04,200.0,-983.0270083069778,1000,0.037,200.0,-986.0849661412743,12288,0,0,uniform=6252;sir=6044,93.84483814239502,11c2a8b
var_low,1014,1966080,264,0.6893939393939394,200.0,-372.6127326170722,1000,0.134,200.0,-911.4454830327156,1000,0.138,200.0,-911.1157582436043,12288,0,0,uniform=6252;sir=6044,93.84483814239502,11c2a8b
var_low,1014,2211840,264,0.5681818181818182,200.0,-497.3568245933559,1000,0.127,200.0,-896.9932748375377,1000,0.129,200.0,-908.9548070576474,12288,0,0,uniform=6252;sir=6044,93.84483814239502,11c2a8b
var_low,1014,2457600,264,0.8068181818181818,200.0,-298.1289696378124,1000,0.258,200.0,-801.3982625192494,1000,0.24,200.0,-812.4188712322374,12288,0,0,uniform=6252;sir=6044,93.84483814239502,11c2a8b
var_low,1015,0,264,0.0,200.0,-1311.6174740250958,1000,0.0,200.0,-1127.489633113461,1000,0.0,200.0,-1135.5748854381773,12288,0,0,uniform=6149;sir=6147,94.06729197502136,11c2a8b
var_low,1015,245760,264,0.20075757575757575,200.0,-1004.4622424677298,1000,0.003,200.0,-1080.7083628183839,1000,0.002,200.0,-1088.8838472154769,12288,0,0,uniform=6149;sir=6147,94.06729197502136,11c2a8b
var_low,1015,491520,264,0.3977272727272727,200.0,-580.3930331075507,1000,0.04,200.0,-950.9773635454511,1000,0.028,200.0,-964.0773065969063,12288,0,0,uniform=6149;sir=6147,94.06729197502136,11c2a8b
var_low,1015,737280,264,0.42045454545454547,200.0,-593.4352382382168,1000,0.034,200.0,-1015.1752709544642,1000,0.044,200.0,-1015.9394002261113,12288,0,0,uniform=6149;sir=6147,94.06729197502136,11c2a8b
var_low,1015,983040,264,0.3106060606060606,200.0,-734.3881841086347,1000,0.014,200.0,-993.5632234349594,1000,0.012,200.0,-1001.7033722174733,12288,0,0,uniform=6149;sir=6147,94.06729197502136,11c2a8b
var_low,1015,1228800,264,0.42045454545454547,200.0,-583.3263000012214,1000,0.044,200.0,-949.0624704588485,1000,0.053,200.0,-941.3093810533269,12288,0,0,uniform=6149;sir=6147,94.06729197502136,11c2a8b
var_low,1015,1474560,264,0.5303030303030303,200.0,-470.16115546820834,1000,0.052,200.0,-947.3777903703793,1000,0.041,200.0,-952.4173093126362,12288,0,0,uniform=6149;sir=6147,94.06729197502136,11c2a8b
var_low,1015,1720320,264,0.4810606060606061,200.0,-516.8110173248826,1000,0.067,200.0,-911.1296105857151,1000,0.067,200.0,-909.0069847521556,12288,0,0,uniform=6149;sir=6147,94.06729197502136,11c2a8b
var_low,1015,1966080,264,0.5568181818181818,200.0,-505.8909508139864,1000,0.073,200.0,-935.0084538802101,1000,0.081,200.0,-943.5446079212428,12288,0,0,uniform=6149;sir=6147,94.06729197502136,11c2a8b
var_low,1015,2211840,264,0.5757575757575758,200.0,-500.98751930077844,1000,0.15,200.0,-862.2503622016081,1000,0.148,200.0,-869.8348191708872,12288,0,0,uniform=6149;sir=6147,94.06729197502136,11c2a8b
var_low,1015,2457600,264,0.6818181818181818,200.0,-389.75857226210746,1000,0.145,200.0,-851.14658909506,1000,0.129,200.0,-865.2092407306319,12288,0,0,uniform=6149;sir=6147,94.06729197502136,11c2a8b
var_low,1016,0,264,0.0,200.0,-1056.2468205922999,1000,0.0,200.0,-994.5391183056892,1000,0.0,200.0,-1009.6678769182571,12288,0,0,uniform=6201;sir=6095,94.07249212265015,11c2a8b
var_low,1016,245760,264,0.1856060606060606,200.0,-1018.5856781097197,1000,0.009,200.0,-1254.9507094208077,1000,0.009,200.0,-1262.2883318750746,12288,0,0,uniform=6201;sir=6095,94.07249212265015,11c2a8b
var_low,1016,491520,264,0.12121212121212122,200.0,-884.8861579970119,1000,0.008,200.0,-1032.0237045512818,1000,0.007,200.0,-1036.7810410806362,12288,0,0,uniform=6201;sir=6095,94.07249212265015,11c2a8b
var_low,1016,737280,264,0.026515151515151516,200.0,-865.7031710206173,1000,0.001,200.0,-1114.1319070320371,1000,0.001,200.0,-1117.0411333453144,12288,0,0,uniform=6201;sir=6095,94.07249212265015,11c2a8b
var_low,1016,983040,264,0.06818181818181818,200.0,-914.3419576495354,1000,0.002,200.0,-1116.3215312069199,1000,0.003,200.0,-1121.2029118113194,12288,0,0,uniform=6201;sir=6095,94.07249212265015,11c2a8b
var_low,1016,1228800,264,0.0,200.0,-928.7079725596367,1000,0.0,200.0,-979.3504311853303,1000,0.0,200.0,-978.8176950730523,12288,0,0,uniform=6201;sir=6095,94.07249212265015,11c2a8b
var_low,1016,1474560,264,0.3333333333333333,200.0,-733.2789533942689,1000,0.027,200.0,-1088.719654727371,1000,0.023,200.0,-1095.3319416428576,12288,0,0,uniform=6201;sir=6095,94.07249212265015,11c2a8b
var_low,1016,1720320,264,0.44696969696969696,200.0,-536.6949662671841,1000,0.043,200.0,-976.6595485929572,1000,0.05,200.0,-975.4303157625732,12288,0,0,uniform=6201;sir=6095,94.07249212265015,11c2a8b
var_low,1016,1966080,264,0.5568181818181818,200.0,-470.1195464006197,1000,0.052,200.0,-971.7801507853933,1000,0.058,200.0,-969.4605727981087,12288,0,0,uniform=6201;sir=6095,94.07249212265015,11c2a8b
var_low,1016,2211840,264,0.6590909090909091,200.0,-400.7175085320685,1000,0.125,200.0,-879.8853040932376,1000,0.103,200.0,-899.3093808509793,12288,0,0,uniform=6201;sir=6095,94.07249212265015,11c2a8b
var_low,1016,2457600,264,0.6893939393939394,200.0,-410.51119495221263,1000,0.212,200.0,-861.8673658509101,1000,0.194,200.0,-875.3098743078816,12288,0,0,uniform=6201;sir=6095,94.07249212265015,11c2a8b
var_low,1017,0,264,0.0,200.0,-1406.7447282386393,1000,0.0,200.0,-1215.0033024865286,1000,0.0,200.0,-1220.627938357266,12288,0,0,uniform=6240;sir=6056,94.1449921131134,11c2a8b
var_low,1017,245760,264,0.011363636363636364,200.0,-1287.7972549002266,1000,0.002,200.0,-1053.2664357497179,1000,0.003,200.0,-1055.8758593618625,12288,0,0,uniform=6240;sir=6056,94.1449921131134,11c2a8b
var_low,1017,491520,264,0.11363636363636363,200.0,-747.018082347343,1000,0.007,200.0,-975.7385803947423,1000,0.009,200.0,-982.8480329698197,12288,0,0,uniform=6240;sir=6056,94.1449921131134,11c2a8b
var_low,1017,737280,264,0.3522727272727273,200.0,-712.4605549906074,1000,0.026,200.0,-1080.4490786928784,1000,0.03,200.0,-1082.2254990993542,12288,0,0,uniform=6240;sir=6056,94.1449921131134,11c2a8b
var_low,1017,983040,264,0.003787878787878788,200.0,-796.3573750343979,1000,0.0,200.0,-1010.4753160642991,1000,0.0,200.0,-1022.848680462546,12288,0,0,uniform=6240;sir=6056,94.1449921131134,11c2a8b
var_low,1017,1228800,264,0.06439393939393939,200.0,-750.1782944852298,1000,0.0,200.0,-1000.1854775288197,1000,0.004,200.0,-1012.2361775922686,12288,0,0,uniform=6240;sir=6056,94.1449921131134,11c2a8b
var_low,1017,1474560,264,0.3977272727272727,200.0,-576.6226551729796,1000,0.012,200.0,-1001.5673989520529,1000,0.012,200.0,-1007.7585596617544,12288,0,0,uniform=6240;sir=6056,94.1449921131134,11c2a8b
var_low,1017,1720320,264,0.35984848484848486,200.0,-695.8852231605176,1000,0.013,200.0,-1011.7313967657091,1000,0.024,200.0,-1016.0680276593498,12288,0,0,uniform=6240;sir=6056,94.1449921131134,11c2a8b
var_low,1017,1966080,264,0.6666666666666666,200.0,-384.29728790154843,1000,0.092,200.0,-922.0081654902477,1000,0.099,200.0,-920.1959179958567,12288,0,0,uniform=6240;sir=6056,94.1449921131134,11c2a8b
var_low,1017,2211840,264,0.8068181818181818,200.0,-297.14314035003025,1000,0.22,200.0,-878.1463610720291,1000,0.248,200.0,-858.188631930508,12288,0,0,uniform=6240;sir=6056,94.1449921131134,11c2a8b
var_low,1017,2457600,264,0.7121212121212122,200.0,-376.4288380282549,1000,0.176,200.0,-898.974152671018,1000,0.174,200.0,-905.5823580641248,12288,0,0,uniform=6240;sir=6056,94.1449921131134,11c2a8b
var_low,1018,0,264,0.0,200.0,-1054.242165033207,1000,0.0,200.0,-997.3581943202767,1000,0.002,200.0,-1000.9703585354242,12288,0,0,uniform=6185;sir=6111,94.22427415847778,11c2a8b
var_low,1018,245760,264,0.0,200.0,-1029.8861658183982,1000,0.0,200.0,-999.3181609053152,1000,0.0,200.0,-1005.013266470842,12288,0,0,uniform=6185;sir=6111,94.22427415847778,11c2a8b
var_low,1018,491520,264,0.0,200.0,-885.4626174050221,1000,0.0,200.0,-977.8215641707092,1000,0.0,200.0,-983.0282347094432,12288,0,0,uniform=6185;sir=6111,94.22427415847778,11c2a8b
var_low,1018,737280,264,0.0,200.0,-1280.3595868380273,1000,0.0,200.0,-1034.4934565565875,1000,0.0,200.0,-1039.339610115593,12288,0,0,uniform=6185;sir=6111,94.22427415847778,11c2a8b
var_low,1018,983040,264,0.3333333333333333,200.0,-795.7343368743029,1000,0.015,200.0,-1169.835991981628,1000,0.021,200.0,-1171.5906178116095,12288,0,0,uniform=6185;sir=6111,94.22427415847778,11c2a8b
var_low,1018,1228800,264,0.0,200.0,-1054.0168395907817,1000,0.0,200.0,-1019.3861968452484,1000,0.0,200.0,-1023.6429115345599,12288,0,0,uniform=6185;sir=6111,94.22427415847778,11c2a8b
var_low,1018,1474560,264,0.026515151515151516,200.0,-757.0867585766331,1000,0.001,200.0,-1031.031174211973,1000,0.0,200.0,-1039.1234008552176,12288,0,0,uniform=6185;sir=6111,94.22427415847778,11c2a8b
var_low,1018,1720320,264,0.0,200.0,-991.1488793539619,1000,0.0,200.0,-986.3008894702149,1000,0.0,200.0,-992.3357150660026,12288,0,0,uniform=6185;sir=6111,94.22427415847778,11c2a8b
var_low,1018,1966080,264,0.0,200.0,-1097.0326492825347,1000,0.0,200.0,-999.7718917318946,1000,0.0,200.0,-1009.8975333278721,12288,0,0,uniform=6185;sir=6111,94.22427415847778,11c2a8b
var_low,1018,2211840,264,0.38257575757575757,200.0,-576.6901843318855,1000,0.022,200.0,-986.0767527800726,1000,0.017,200.0,-997.3303404995713,12288,0,0,uniform=6185;sir=6111,94.22427415847778,11c2a8b
var_low,1018,2457600,264,0.5378787878787878,200.0,-491.6062435867338,1000,0.041,200.0,-973.0863084452076,1000,0.036,200.0,-980.9412758494899,12288,0,0,uniform=6185;sir=6111,94.22427415847778,11c2a8b
var_low,1021,0,264,0.0,200.0,-1310.1772158951508,1000,0.0,200.0,-1260.4574726586459,1000,0.0,200.0,-1259.8349520568522,12288,0,0,uniform=6188;sir=6108,93.44519782066345,11c2a8b
var_low,1021,245760,264,0.0,200.0,-1092.7913812713728,1000,0.0,200.0,-1108.230050471019,1000,0.0,200.0,-1113.8266949704735,12288,0,0,uniform=6188;sir=6108,93.44519782066345,11c2a8b
var_low,1021,491520,264,0.03409090909090909,200.0,-987.3638193799001,1000,0.0,200.0,-1106.0096863941253,1000,0.0,200.0,-1108.0801882398482,12288,0,0,uniform=6188;sir=6108,93.44519782066345,11c2a8b
var_low,1021,737280,264,0.30303030303030304,200.0,-789.1886737553405,1000,0.008,200.0,-1142.4960636291144,1000,0.008,200.0,-1148.6017230864545,12288,0,0,uniform=6188;sir=6108,93.44519782066345,11c2a8b
var_low,1021,983040,264,0.0,200.0,-1223.8405542545531,1000,0.0,200.0,-1011.3642060181268,1000,0.0,200.0,-1022.7359603943702,12288,0,0,uniform=6188;sir=6108,93.44519782066345,11c2a8b
var_low,1021,1228800,264,0.0,200.0,-854.7620818395336,1000,0.0,200.0,-1064.3756530935857,1000,0.0,200.0,-1066.884373776554,12288,0,0,uniform=6188;sir=6108,93.44519782066345,11c2a8b
var_low,1021,1474560,264,0.0,200.0,-802.6439517051856,1000,0.0,200.0,-982.8451776085946,1000,0.0,200.0,-982.2022015468336,12288,0,0,uniform=6188;sir=6108,93.44519782066345,11c2a8b
var_low,1021,1720320,264,0.375,200.0,-736.3157866015484,1000,0.015,200.0,-1149.0256553928514,1000,0.016,200.0,-1152.6090982480052,12288,0,0,uniform=6188;sir=6108,93.44519782066345,11c2a8b
var_low,1021,1966080,264,0.4659090909090909,200.0,-531.8450039453037,1000,0.02,200.0,-1006.9055796172112,1000,0.019,200.0,-1011.6478728434157,12288,0,0,uniform=6188;sir=6108,93.44519782066345,11c2a8b
var_low,1021,2211840,264,0.6477272727272727,200.0,-441.110984499094,1000,0.072,200.0,-1007.4311499958762,1000,0.096,200.0,-1003.3925924680088,12288,0,0,uniform=6188;sir=6108,93.44519782066345,11c2a8b
var_low,1021,2457600,264,0.6022727272727273,200.0,-536.0868186163218,1000,0.096,200.0,-1045.1735159770133,1000,0.102,200.0,-1050.3772314765479,12288,0,0,uniform=6188;sir=6108,93.44519782066345,11c2a8b
var_low,1019,0,264,0.0,200.0,-1458.3718972268186,1000,0.0,200.0,-1228.3652098995499,1000,0.0,200.0,-1235.8124241590026,12288,0,0,uniform=6097;sir=6199,93.58632206916809,11c2a8b
var_low,1019,245760,264,0.14015151515151514,200.0,-753.9796174900347,1000,0.0,200.0,-1029.2003430757877,1000,0.004,200.0,-1035.613899972775,12288,0,0,uniform=6097;sir=6199,93.58632206916809,11c2a8b
var_low,1019,491520,264,0.041666666666666664,200.0,-745.8580198902823,1000,0.004,200.0,-986.3833657016537,1000,0.001,200.0,-994.9688290020246,12288,0,0,uniform=6097;sir=6199,93.58632206916809,11c2a8b
var_low,1019,737280,264,0.38257575757575757,200.0,-607.2600705158892,1000,0.023,200.0,-1015.2177959843225,1000,0.03,200.0,-1016.9274696202057,12288,0,0,uniform=6097;sir=6199,93.58632206916809,11c2a8b
var_low,1019,983040,264,0.10606060606060606,200.0,-680.276291521624,1000,0.003,200.0,-1006.7848085573426,1000,0.003,200.0,-1005.7318962401491,12288,0,0,uniform=6097;sir=6199,93.58632206916809,11c2a8b
var_low,1019,1228800,264,0.007575757575757576,200.0,-912.5675677826929,1000,0.001,200.0,-998.591880392717,1000,0.0,200.0,-1005.1097021990922,12288,0,0,uniform=6097;sir=6199,93.58632206916809,11c2a8b
var_low,1019,1474560,264,0.015151515151515152,200.0,-1050.9885021786179,1000,0.0,200.0,-1006.8446863161187,1000,0.001,200.0,-1016.9497631174254,12288,0,0,uniform=6097;sir=6199,93.58632206916809,11c2a8b
var_low,1019,1720320,264,0.3977272727272727,200.0,-583.5218866908887,1000,0.013,200.0,-992.4526649306365,1000,0.008,200.0,-997.5321384458045,12288,0,0,uniform=6097;sir=6199,93.58632206916809,11c2a8b
var_low,1019,1966080,264,0.5416666666666666,200.0,-546.2682626511601,1000,0.037,200.0,-989.2901991919458,1000,0.032,200.0,-1005.7399992607762,12288,0,0,uniform=6097;sir=6199,93.58632206916809,11c2a8b
var_low,1019,2211840,264,0.7537878787878788,200.0,-354.7609670900683,1000,0.168,200.0,-892.4778341852934,1000,0.191,200.0,-889.6944772736962,12288,0,0,uniform=6097;sir=6199,93.58632206916809,11c2a8b
var_low,1019,2457600,264,0.7424242424242424,200.0,-364.237615963355,1000,0.2,200.0,-899.7089724934315,1000,0.203,200.0,-903.624563456454,12288,0,0,uniform=6097;sir=6199,93.58632206916809,11c2a8b
var_low,1020,0,264,0.0,200.0,-1373.2371151036334,1000,0.0,200.0,-1301.8701283921846,1000,0.0,200.0,-1307.2149491494704,12288,0,0,uniform=6116;sir=6180,93.53124022483826,11c2a8b
var_low,1020,245760,264,0.0,200.0,-1057.4907827507761,1000,0.0,200.0,-1089.1765037899972,1000,0.0,200.0,-1086.7395087838443,12288,0,0,uniform=6116;sir=6180,93.53124022483826,11c2a8b
var_low,1020,491520,264,0.2689393939393939,200.0,-711.8430334186289,1000,0.013,200.0,-1048.390522049025,1000,0.014,200.0,-1052.536644668299,12288,0,0,uniform=6116;sir=6180,93.53124022483826,11c2a8b
var_low,1020,737280,264,0.0,200.0,-906.5294367608109,1000,0.0,200.0,-1003.5314809509135,1000,0.002,200.0,-1009.7294410467056,12288,0,0,uniform=6116;sir=6180,93.53124022483826,11c2a8b
var_low,1020,983040,264,0.0,200.0,-1058.4238992448936,1000,0.0,200.0,-1001.6452812959699,1000,0.0,200.0,-1006.2609186213266,12288,0,0,uniform=6116;sir=6180,93.53124022483826,11c2a8b
var_low,1020,1228800,264,0.38257575757575757,200.0,-761.2159224059338,1000,0.008,200.0,-1178.6026884258024,1000,0.009,200.0,-1181.2604451274128,12288,0,0,uniform=6116;sir=6180,93.53124022483826,11c2a8b
var_low,1020,1474560,264,0.42803030303030304,200.0,-571.9722915784771,1000,0.026,200.0,-1015.5984813616931,1000,0.025,200.0,-1020.4218215924418,12288,0,0,uniform=6116;sir=6180,93.53124022483826,11c2a8b
var_low,1020,1720320,264,0.4090909090909091,200.0,-567.0035746642133,1000,0.023,200.0,-960.3140707720046,1000,0.01,200.0,-972.6890426410575,12288,0,0,uniform=6116;sir=6180,93.53124022483826,11c2a8b
var_low,1020,1966080,264,0.6931818181818182,200.0,-352.4879265275207,1000,0.092,200.0,-920.3548908638244,1000,0.092,200.0,-925.9679566078684,12288,0,0,uniform=6116;sir=6180,93.53124022483826,11c2a8b
var_low,1020,2211840,264,0.8106060606060606,200.0,-312.6993340804891,1000,0.263,200.0,-798.0901028716454,1000,0.287,200.0,-796.6471069422261,12288,0,0,uniform=6116;sir=6180,93.53124022483826,11c2a8b
var_low,1020,2457600,264,0.8598484848484849,200.0,-272.2519332712982,1000,0.344,200.0,-741.4114003117509,1000,0.342,200.0,-749.1228353687785,12288,0,0,uniform=6116;sir=6180,93.53124022483826,11c2a8b
var_low,1022,0,264,0.0,200.0,-1495.5675925169858,1000,0.0,200.0,-1399.3286354562026,1000,0.0,200.0,-1407.7541104671293,12288,0,0,uniform=6191;sir=6105,93.59418606758118,11c2a8b
var_low,1022,245760,264,0.0,200.0,-1432.871651719948,1000,0.0,200.0,-1143.217623422927,1000,0.0,200.0,-1150.365577896908,12288,0,0,uniform=6191;sir=6105,93.59418606758118,11c2a8b
var_low,1022,491520,264,0.29924242424242425,200.0,-836.639878573834,1000,0.01,200.0,-1176.4527161404915,1000,0.011,200.0,-1182.4198229785393,12288,0,0,uniform=6191;sir=6105,93.59418606758118,11c2a8b
var_low,1022,737280,264,0.0,200.0,-1198.1141634428152,1000,0.0,200.0,-1015.6198338980508,1000,0.0,200.0,-1020.6098449576988,12288,0,0,uniform=6191;sir=6105,93.59418606758118,11c2a8b
var_low,1022,983040,264,0.0,200.0,-762.9538978597402,1000,0.0,200.0,-986.2592713526114,1000,0.0,200.0,-992.843021298931,12288,0,0,uniform=6191;sir=6105,93.59418606758118,11c2a8b
var_low,1022,1228800,264,0.0,200.0,-959.3929256863025,1000,0.0,200.0,-980.0242364966159,1000,0.0,200.0,-983.5189715998932,12288,0,0,uniform=6191;sir=6105,93.59418606758118,11c2a8b
var_low,1022,1474560,264,0.45454545454545453,200.0,-639.721727359259,1000,0.086,200.0,-1056.7902964588375,1000,0.084,200.0,-1065.7700677327646,12288,0,0,uniform=6191;sir=6105,93.59418606758118,11c2a8b
var_low,1022,1720320,264,0.003787878787878788,200.0,-1081.8257939352588,1000,0.0,200.0,-1083.636700262253,1000,0.0,200.0,-1084.391635319157,12288,0,0,uniform=6191;sir=6105,93.59418606758118,11c2a8b
var_low,1022,1966080,264,0.5340909090909091,200.0,-589.2125932776532,1000,0.13,200.0,-1030.3465025098203,1000,0.117,200.0,-1048.6069513421078,12288,0,0,uniform=6191;sir=6105,93.59418606758118,11c2a8b
var_low,1022,2211840,264,0.5643939393939394,200.0,-548.3820272340339,1000,0.117,200.0,-1026.4825373911476,1000,0.115,200.0,-1035.519614304315,12288,0,0,uniform=6191;sir=6105,93.59418606758118,11c2a8b
var_low,1022,2457600,264,0.5681818181818182,200.0,-474.419438547454,1000,0.081,200.0,-997.89859639693,1000,0.087,200.0,-1003.3199169983245,12288,0,0,uniform=6191;sir=6105,93.59418606758118,11c2a8b
var_low,1023,0,264,0.015151515151515152,200.0,-1336.019398274199,1000,0.0,200.0,-1342.2964431425498,1000,0.0,200.0,-1347.2172381633804,12288,0,0,uniform=6157;sir=6139,93.74014616012573,11c2a8b
var_low,1023,245760,264,0.0,200.0,-1044.8830753959326,1000,0.0,200.0,-1018.4895266491679,1000,0.0,200.0,-1024.3275934824305,12288,0,0,uniform=6157;sir=6139,93.74014616012573,11c2a8b
var_low,1023,491520,264,0.0,200.0,-1112.4992686063163,1000,0.0,200.0,-1091.8288451427543,1000,0.0,200.0,-1097.3670228622586,12288,0,0,uniform=6157;sir=6139,93.74014616012573,11c2a8b
var_low,1023,737280,264,0.22348484848484848,200.0,-689.2253825547673,1000,0.025,200.0,-954.1774901632699,1000,0.028,200.0,-960.2603515862434,12288,0,0,uniform=6157;sir=6139,93.74014616012573,11c2a8b
var_low,1023,983040,264,0.42424242424242425,200.0,-583.7528122258793,1000,0.053,200.0,-997.4864091120082,1000,0.054,200.0,-999.1911276980545,12288,0,0,uniform=6157;sir=6139,93.74014616012573,11c2a8b
var_low,1023,1228800,264,0.6931818181818182,200.0,-354.81833709702903,1000,0.153,200.0,-850.2487412332068,1000,0.14,200.0,-863.7677213136335,12288,0,0,uniform=6157;sir=6139,93.74014616012573,11c2a8b
var_low,1023,1474560,264,0.8106060606060606,200.0,-274.7816982547454,1000,0.233,200.0,-786.1136986228915,1000,0.235,200.0,-788.1902341591779,12288,0,0,uniform=6157;sir=6139,93.74014616012573,11c2a8b
var_low,1023,1720320,264,0.8636363636363636,200.0,-225.05972681642163,1000,0.224,200.0,-766.4121139052263,1000,0.244,200.0,-766.3200661604853,12288,0,0,uniform=6157;sir=6139,93.74014616012573,11c2a8b
var_low,1023,1966080,264,0.9053030303030303,200.0,-222.41881370977217,1000,0.427,200.0,-683.3083489187886,1000,0.425,200.0,-683.7779358900867,12288,0,0,uniform=6157;sir=6139,93.74014616012573,11c2a8b
var_low,1023,2211840,264,0.75,200.0,-311.945851545568,1000,0.268,200.0,-768.278447876521,1000,0.279,200.0,-771.0645460922847,12288,0,0,uniform=6157;sir=6139,93.74014616012573,11c2a8b
var_low,1023,2457600,264,0.9090909090909091,200.0,-202.93218057617136,1000,0.351,200.0,-699.7016665956846,1000,0.373,200.0,-693.5406223186741,12288,0,0,uniform=6157;sir=6139,93.74014616012573,11c2a8b
var_low,1024,0,264,0.0,200.0,-1511.4516995919337,1000,0.0,200.0,-1522.7491199721474,1000,0.0,200.0,-1530.2215818013149,12288,0,0,uniform=6103;sir=6193,93.7970838546753,11c2a8b
var_low,1024,245760,264,0.030303030303030304,200.0,-1048.7156081837757,1000,0.002,200.0,-1049.2481209260086,1000,0.0,200.0,-1051.722273448728,12288,0,0,uniform=6103;sir=6193,93.7970838546753,11c2a8b
var_low,1024,491520,264,0.38636363636363635,200.0,-675.9824597700513,1000,0.045,200.0,-1054.4407187477511,1000,0.049,200.0,-1058.1148046093567,12288,0,0,uniform=6103;sir=6193,93.7970838546753,11c2a8b
var_low,1024,737280,264,0.2537878787878788,200.0,-728.2355422602826,1000,0.013,200.0,-1040.0842275620917,1000,0.021,200.0,-1035.4839261595098,12288,0,0,uniform=6103;sir=6193,93.7970838546753,11c2a8b
var_low,1024,983040,264,0.42803030303030304,200.0,-608.8843983676175,1000,0.035,200.0,-1024.138070148076,1000,0.041,200.0,-1024.97077435872,12288,0,0,uniform=6103;sir=6193,93.7970838546753,11c2a8b
var_low,1024,1228800,264,0.4015151515151515,200.0,-691.4856361819019,1000,0.028,200.0,-1105.7346734016799,1000,0.037,200.0,-1103.0782896889377,12288,0,0,uniform=6103;sir=6193,93.7970838546753,11c2a8b
var_low,1024,1474560,264,0.4772727272727273,200.0,-540.9606536868866,1000,0.065,200.0,-1003.4633310948956,1000,0.063,200.0,-1007.1833237309947,12288,0,0,uniform=6103;sir=6193,93.7970838546753,11c2a8b
var_low,1024,1720320,264,0.5416666666666666,200.0,-511.8972408633428,1000,0.035,200.0,-1026.7551875212234,1000,0.033,200.0,-1031.6083004498153,12288,0,0,uniform=6103;sir=6193,93.7970838546753,11c2a8b
var_low,1024,1966080,264,0.5643939393939394,200.0,-525.1082251697001,1000,0.07,200.0,-1034.121091621069,1000,0.063,200.0,-1037.743038498446,12288,0,0,uniform=6103;sir=6193,93.7970838546753,11c2a8b
var_low,1024,2211840,264,0.5568181818181818,200.0,-546.137367222153,1000,0.097,200.0,-1038.9393630018487,1000,0.082,200.0,-1048.9603705713587,12288,0,0,uniform=6103;sir=6193,93.7970838546753,11c2a8b
var_low,1024,2457600,264,0.5681818181818182,200.0,-542.8931218754345,1000,0.098,200.0,-1042.2149220136766,1000,0.1,200.0,-1045.9659779176907,12288,0,0,uniform=6103;sir=6193,93.7970838546753,11c2a8b
var_low,1025,0,264,0.0,200.0,-1497.9340140709833,1000,0.0,200.0,-1446.4309872158306,1000,0.0,200.0,-1454.7612110149596,12288,0,0,uniform=6025;sir=6271,98.26864910125732,11c2a8b
var_low,1025,245760,264,0.0,200.0,-1278.193951974239,1000,0.0,200.0,-1039.8666385553986,1000,0.0,200.0,-1048.3238358239864,12288,0,0,uniform=6025;sir=6271,98.26864910125732,11c2a8b
var_low,1025,491520,264,0.0,200.0,-857.3037134906053,1000,0.0,200.0,-1002.9322001023593,1000,0.0,200.0,-1007.559905566462,12288,0,0,uniform=6025;sir=6271,98.26864910125732,11c2a8b
var_low,1025,737280,264,0.003787878787878788,200.0,-1046.5571096429344,1000,0.0,200.0,-1066.6672952537,1000,0.0,200.0,-1068.9150521409488,12288,0,0,uniform=6025;sir=6271,98.26864910125732,11c2a8b
var_low,1025,983040,264,0.0,200.0,-1121.4071824414648,1000,0.0,200.0,-1053.3302895131405,1000,0.0,200.0,-1065.8128540542748,12288,0,0,uniform=6025;sir=6271,98.26864910125732,11c2a8b
var_low,1025,1228800,264,0.09090909090909091,200.0,-804.5262971542256,1000,0.003,200.0,-990.9492463913978,1000,0.002,200.0,-997.9080706066853,12288,0,0,uniform=6025;sir=6271,98.26864910125732,11c2a8b
var_low,1025,1474560,264,0.18181818181818182,200.0,-676.6240861703692,1000,0.019,200.0,-971.0055501280174,1000,0.022,200.0,-978.2001004070013,12288,0,0,uniform=6025;sir=6271,98.26864910125732,11c2a8b
var_low,1025,1720320,264,0.4015151515151515,200.0,-549.9506514063246,1000,0.02,200.0,-983.2932991156263,1000,0.023,200.0,-989.3022487561655,12288,0,0,uniform=6025;sir=6271,98.26864910125732,11c2a8b
var_low,1025,1966080,264,0.26136363636363635,200.0,-731.9255938948086,1000,0.007,200.0,-1009.6580995206702,1000,0.005,200.0,-1019.6245701114475,12288,0,0,uniform=6025;sir=6271,98.26864910125732,11c2a8b
var_low,1025,2211840,264,0.5075757575757576,200.0,-533.95469356667,1000,0.033,200.0,-992.5103185937681,1000,0.028,200.0,-997.5524119035958,12288,0,0,uniform=6025;sir=6271,98.26864910125732,11c2a8b
var_low,1025,2457600,264,0.6704545454545454,200.0,-399.90267911304534,1000,0.098,200.0,-949.8043688805972,1000,0.127,200.0,-941.800557892995,12288,0,0,uniform=6025;sir=6271,98.26864910125732,11c2a8b
var_low,1026,0,264,0.003787878787878788,200.0,-1429.2698454999618,1000,0.0,200.0,-1447.896103144446,1000,0.0,200.0,-1454.8007389932084,12288,0,0,uniform=6221;sir=6075,98.37519693374634,11c2a8b
var_low,1026,245760,264,0.0,200.0,-915.1121418281521,1000,0.0,200.0,-1005.3861654766617,1000,0.001,200.0,-1009.8027394519346,12288,0,0,uniform=6221;sir=6075,98.37519693374634,11c2a8b
var_low,1026,491520,264,0.0,200.0,-772.3485988154225,1000,0.0,200.0,-979.0044619941134,1000,0.0,200.0,-984.1063886705691,12288,0,0,uniform=6221;sir=6075,98.37519693374634,11c2a8b
var_low,1026,737280,264,0.045454545454545456,200.0,-887.6350419937822,1000,0.0,200.0,-1005.5707569587777,1000,0.0,200.0,-1006.3659802638423,12288,0,0,uniform=6221;sir=6075,98.37519693374634,11c2a8b
var_low,1026,983040,264,0.3484848484848485,200.0,-669.3745671289344,1000,0.016,200.0,-1055.2131550119743,1000,0.016,200.0,-1061.0487217058403,12288,0,0,uniform=6221;sir=6075,98.37519693374634,11c2a8b
var_low,1026,1228800,264,0.48484848484848486,200.0,-531.1224538921538,1000,0.038,200.0,-1015.6924374799227,1000,0.047,200.0,-1014.5638427662025,12288,0,0,uniform=6221;sir=6075,98.37519693374634,11c2a8b
var_low,1026,1474560,264,0.5075757575757576,200.0,-531.2299035848147,1000,0.056,200.0,-981.7865883159205,1000,0.067,200.0,-974.1635704116126,12288,0,0,uniform=6221;sir=6075,98.37519693374634,11c2a8b
var_low,1026,1720320,264,0.45454545454545453,200.0,-584.1554564758189,1000,0.044,200.0,-1015.8543107329302,1000,0.044,200.0,-1019.7217021132342,12288,0,0,uniform=6221;sir=6075,98.37519693374634,11c2a8b
var_low,1026,1966080,264,0.5265151515151515,200.0,-586.5888601806795,1000,0.069,200.0,-1010.28123817651,1000,0.058,200.0,-1017.1983480104108,12288,0,0,uniform=6221;sir=6075,98.37519693374634,11c2a8b
var_low,1026,2211840,264,0.5303030303030303,200.0,-597.1264770163828,1000,0.111,200.0,-1014.6162790132953,1000,0.107,200.0,-1024.7459390570739,12288,0,0,uniform=6221;sir=6075,98.37519693374634,11c2a8b
var_low,1026,2457600,264,0.4810606060606061,200.0,-708.861086806384,1000,0.087,200.0,-1051.5714433408307,1000,0.089,200.0,-1052.7443925556454,12288,0,0,uniform=6221;sir=6075,98.37519693374634,11c2a8b
var_low,1027,0,264,0.0,200.0,-1308.541583100753,1000,0.0,200.0,-1121.3713118659166,1000,0.0,200.0,-1133.468098619904,12288,0,0,uniform=6104;sir=6192,98.50513005256653,11c2a8b
var_low,1027,245760,264,0.0,200.0,-1207.167008651853,1000,0.0,200.0,-1086.5709580024916,1000,0.0,200.0,-1084.7732626923334,12288,0,0,uniform=6104;sir=6192,98.50513005256653,11c2a8b
var_low,1027,491520,264,0.0,200.0,-952.021312539536,1000,0.0,200.0,-1165.538699702662,1000,0.0,200.0,-1170.424732457763,12288,0,0,uniform=6104;sir=6192,98.50513005256653,11c2a8b
var_low,1027,737280,264,0.03787878787878788,200.0,-730.6613089654343,1000,0.001,200.0,-993.8116681289638,1000,0.003,200.0,-1001.0117745664802,12288,0,0,uniform=6104;sir=6192,98.50513005256653,11c2a8b
var_low,1027,983040,264,0.0,200.0,-1176.1858443309993,1000,0.0,200.0,-1024.462598342359,1000,0.0,200.0,-1028.9630955530465,12288,0,0,uniform=6104;sir=6192,98.50513005256653,11c2a8b
var_low,1027,1228800,264,0.003787878787878788,200.0,-776.9999273566747,1000,0.001,200.0,-989.5984131697003,1000,0.0,200.0,-997.3564535398069,12288,0,0,uniform=6104;sir=6192,98.50513005256653,11c2a8b
var_low,1027,1474560,264,0.3371212121212121,200.0,-579.9252141998716,1000,0.011,200.0,-993.2071313622791,1000,0.011,200.0,-998.6262418059961,12288,0,0,uniform=6104;sir=6192,98.50513005256653,11c2a8b
var_low,1027,1720320,264,0.32575757575757575,200.0,-687.5055274196444,1000,0.006,200.0,-1019.2337759320166,1000,0.006,200.0,-1022.8690217526627,12288,0,0,uniform=6104;sir=6192,98.50513005256653,11c2a8b
var_low,1027,1966080,264,0.5340909090909091,200.0,-474.01693475471376,1000,0.046,200.0,-981.544455623958,1000,0.045,200.0,-983.5270153977604,12288,0,0,uniform=6104;sir=6192,98.50513005256653,11c2a8b
var_low,1027,2211840,264,0.6477272727272727,200.0,-415.8140239951078,1000,0.177,200.0,-937.0113159725684,1000,0.172,200.0,-938.5699666357053,12288,0,0,uniform=6104;sir=6192,98.50513005256653,11c2a8b
var_low,1027,2457600,264,0.5833333333333334,200.0,-518.1591391432798,1000,0.11,200.0,-988.7062575314726,1000,0.111,200.0,-984.0261711053946,12288,0,0,uniform=6104;sir=6192,98.50513005256653,11c2a8b
var_low,1028,0,264,0.0,200.0,-1546.0197320230902,1000,0.0,200.0,-1293.98000687039,1000,0.0,200.0,-1300.9714798319797,12288,0,0,uniform=6162;sir=6134,98.6874840259552,11c2a8b
var_low,1028,245760,264,0.0,200.0,-1145.1557824376212,1000,0.0,200.0,-1053.1518077585324,1000,0.0,200.0,-1055.4297294049352,12288,0,0,uniform=6162;sir=6134,98.6874840259552,11c2a8b
var_low,1028,491520,264,0.3787878787878788,200.0,-743.9222446381431,1000,0.02,200.0,-1136.1487640724342,1000,0.027,200.0,-1138.8597173754163,12288,0,0,uniform=6162;sir=6134,98.6874840259552,11c2a8b
var_low,1028,737280,264,0.026515151515151516,200.0,-993.0987360400283,1000,0.003,200.0,-1168.402987401558,1000,0.004,200.0,-1173.8890142414887,12288,0,0,uniform=6162;sir=6134,98.6874840259552,11c2a8b
var_low,1028,983040,264,0.0,200.0,-923.9138135862238,1000,0.0,200.0,-1034.186137029765,1000,0.0,200.0,-1040.2171675691743,12288,0,0,uniform=6162;sir=6134,98.6874840259552,11c2a8b
var_low,1028,1228800,264,0.0,200.0,-1118.0082717045082,1000,0.0,200.0,-1019.2210759717107,1000,0.0,200.0,-1028.4953516097028,12288,0,0,uniform=6162;sir=6134,98.6874840259552,11c2a8b
var_low,1028,1474560,264,0.45075757575757575,200.0,-540.4575290508537,1000,0.049,200.0,-981.6993115669064,1000,0.048,200.0,-987.1815452663222,12288,0,0,uniform=6162;sir=6134,98.6874840259552,11c2a8b
var_low,1028,1720320,264,0.23863636363636365,200.0,-749.0096412199049,1000,0.008,200.0,-976.2808305817515,1000,0.012,200.0,-982.2143336163256,12288,0,0,uniform=6162;sir=6134,98.6874840259552,11c2a8b
var_low,1028,1966080,264,0.6287878787878788,200.0,-410.2921581521189,1000,0.063,200.0,-945.885540101834,1000,0.056,200.0,-957.491212394883,12288,0,0,uniform=6162;sir=6134,98.6874840259552,11c2a8b
var_low,1028,2211840,264,0.6742424242424242,200.0,-433.0514831491987,1000,0.168,200.0,-890.3130037393678,1000,0.184,200.0,-884.3483411763492,12288,0,0,uniform=6162;sir=6134,98.6874840259552,11c2a8b
var_low,1028,2457600,264,0.7159090909090909,200.0,-369.3015218014401,1000,0.236,200.0,-827.6032620163637,1000,0.214,200.0,-842.2487038770191,12288,0,0,uniform=6162;sir=6134,98.6874840259552,11c2a8b
var_low,1029,0,264,0.0,200.0,-1227.9523041529333,1000,0.0,200.0,-1115.8168486574214,1000,0.0,200.0,-1121.9407752224129,12288,0,0,uniform=6230;sir=6066,98.88471007347107,11c2a8b
var_low,1029,245760,264,0.07575757575757576,200.0,-885.8186647480779,1000,0.007,200.0,-1148.6323532978088,1000,0.006,200.0,-1155.0998559821612,12288,0,0,uniform=6230;sir=6066,98.88471007347107,11c2a8b
var_low,1029,491520,264,0.022727272727272728,200.0,-692.9468073359075,1000,0.001,200.0,-995.0980851188402,1000,0.0,200.0,-1004.2263007637408,12288,0,0,uniform=6230;sir=6066,98.88471007347107,11c2a8b
var_low,1029,737280,264,0.0,200.0,-1091.52862433064,1000,0.0,200.0,-1031.6983166045236,1000,0.0,200.0,-1042.0516193465821,12288,0,0,uniform=6230;sir=6066,98.88471007347107,11c2a8b
var_low,1029,983040,264,0.0,200.0,-1128.3129233850477,1000,0.0,200.0,-1043.2534989322783,1000,0.0,200.0,-1055.756448257478,12288,0,0,uniform=6230;sir=6066,98.88471007347107,11c2a8b
var_low,1029,1228800,264,0.4015151515151515,200.0,-690.4892777657902,1000,0.029,200.0,-1099.8183783911402,1000,0.031,200.0,-1103.0409481455417,12288,0,0,uniform=6230;sir=6066,98.88471007347107,11c2a8b
var_low,1029,1474560,264,0.39015151515151514,200.0,-580.9236986254263,1000,0.023,200.0,-1010.5755914656535,1000,0.019,200.0,-1018.8644108403571,12288,0,0,uniform=6230;sir=6066,98.88471007347107,11c2a8b
var_low,1029,1720320,264,0.4810606060606061,200.0,-548.043119355963,1000,0.016,200.0,-1008.7405636321295,1000,0.013,200.0,-1014.9498182724102,12288,0,0,uniform=6230;sir=6066,98.88471007347107,11c2a8b
var_low,1029,1966080,264,0.5227272727272727,200.0,-531.2303273071444,1000,0.028,200.0,-1037.9421862280835,1000,0.028,200.0,-1043.953707767214,12288,0,0,uniform=6230;sir=6066,98.88471007347107,11c2a8b
var_low,1029,2211840,264,0.6136363636363636,200.0,-463.5477158102704,1000,0.068,200.0,-1025.5414573855865,1000,0.08,200.0,-1026.2896033612394,12288,0,0,uniform=6230;sir=6066,98.88471007347107,11c2a8b
var_low,1029,2457600,264,0.4356060606060606,200.0,-746.858320831773,1000,0.074,200.0,-1052.1091689214543,1000,0.073,200.0,-1057.5184369420579,12288,0,0,uniform=6230;sir=6066,98.88471007347107,11c2a8b
var_low,1030,0,264,0.0,200.0,-1479.2595293393088,1000,0.0,200.0,-1336.8179664494985,1000,0.0,200.0,-1344.4356275947305,12288,0,0,uniform=6133;sir=6163,98.88209509849548,11c2a8b
var_low,1030,245760,264,0.015151515151515152,200.0,-841.5516580399993,1000,0.0,200.0,-976.1629389254715,1000,0.001,200.0,-983.0174112440292,12288,0,0,uniform=6133;sir=6163,98.88209509849548,11c2a8b
var_low,1030,491520,264,0.011363636363636364,200.0,-799.1157797715315,1000,0.0,200.0,-1058.953673055561,1000,0.0,200.0,-1063.9640869188813,12288,0,0,uniform=6133;sir=6163,98.88209509849548,11c2a8b
var_low,1030,737280,264,0.38257575757575757,200.0,-743.8217879440067,1000,0.026,200.0,-1153.193678871402,1000,0.019,200.0,-1160.2384778487678,12288,0,0,uniform=6133;sir=6163,98.88209509849548,11c2a8b
var_low,1030,983040,264,0.5,200.0,-569.5456525673651,1000,0.058,200.0,-1045.9512264524546,1000,0.074,200.0,-1039.9456879774752,12288,0,0,uniform=6133;sir=6163,98.88209509849548,11c2a8b
var_low,1030,1228800,264,0.4962121212121212,200.0,-526.026130835353,1000,0.079,200.0,-987.780564571255,1000,0.081,200.0,-984.0801787934273,12288,0,0,uniform=6133;sir=6163,98.88209509849548,11c2a8b
var_low,1030,1474560,264,0.6931818181818182,200.0,-336.21022743760005,1000,0.139,200.0,-852.0588254514411,1000,0.152,200.0,-847.160492568818,12288,0,0,uniform=6133;sir=6163,98.88209509849548,11c2a8b
var_low,1030,1720320,264,0.7159090909090909,200.0,-334.4201040954131,1000,0.17,200.0,-832.8545142268807,1000,0.147,200.0,-846.3048134287532,12288,0,0,uniform=6133;sir=6163,98.88209509849548,11c2a8b
var_low,1030,1966080,264,0.7575757575757576,200.0,-326.09654587025227,1000,0.263,200.0,-777.5984876900753,1000,0.263,200.0,-778.3171747512962,12288,0,0,uniform=6133;sir=6163,98.88209509849548,11c2a8b
var_low,1030,2211840,264,0.7803030303030303,200.0,-290.8325888203613,1000,0.32,200.0,-744.6712733955853,1000,0.325,200.0,-746.2064912354004,12288,0,0,uniform=6133;sir=6163,98.88209509849548,11c2a8b
var_low,1030,2457600,264,0.9204545454545454,200.0,-195.56687395224583,1000,0.419,200.0,-671.934006905971,1000,0.456,200.0,-656.7533021195676,12288,0,0,uniform=6133;sir=6163,98.88209509849548,11c2a8b
var_low,1031,0,264,0.0,200.0,-1463.2447769137273,1000,0.0,200.0,-1411.272615834074,1000,0.0,200.0,-1419.016167531325,12288,0,0,uniform=6143;sir=6153,100.2791199684143,11c2a8b
var_low,1031,245760,264,0.1590909090909091,200.0,-824.4324072033851,1000,0.011,200.0,-1100.922235748007,1000,0.014,200.0,-1106.1389525871816,12288,0,0,uniform=6143;sir=6153,100.2791199684143,11c2a8b
var_low,1031,491520,264,0.15151515151515152,200.0,-784.9251758411818,1000,0.008,200.0,-995.3488158821503,1000,0.008,200.0,-1003.655471075338,12288,0,0,uniform=6143;sir=6153,100.2791199684143,11c2a8b
var_low,1031,737280,264,0.003787878787878788,200.0,-835.7941591203677,1000,0.001,200.0,-1002.0581213648494,1000,0.001,200.0,-1007.1213049088462,12288,0,0,uniform=6143;sir=6153,100.2791199684143,11c2a8b
var_low,1031,983040,264,0.08712121212121213,200.0,-844.1158143998783,1000,0.017,200.0,-1009.5846729209154,1000,0.013,200.0,-1014.1867129657631,12288,0,0,uniform=6143;sir=6153,100.2791199684143,11c2a8b
var_low,1031,1228800,264,0.0,200.0,-1046.1770331038742,1000,0.0,200.0,-980.4794608106786,1000,0.0,200.0,-988.255637085768,12288,0,0,uniform=6143;sir=6153,100.2791199684143,11c2a8b
var_low,1031,1474560,264,0.0,200.0,-1194.7833144854715,1000,0.0,200.0,-1036.1641729360283,1000,0.0,200.0,-1046.5197040639302,12288,0,0,uniform=6143;sir=6153,100.2791199684143,11c2a8b
var_low,1031,1720320,264,0.3143939393939394,200.0,-613.9940302795449,1000,0.019,200.0,-1011.2465725134036,1000,0.017,200.0,-1017.0270635220636,12288,0,0,uniform=6143;sir=6153,100.2791199684143,11c2a8b
var_low,1031,1966080,264,0.4318181818181818,200.0,-656.3608108147228,1000,0.028,200.0,-1003.4549624618005,1000,0.027,200.0,-1010.3271942476181,12288,0,0,uniform=6143;sir=6153,100.2791199684143,11c2a8b
var_low,1031,2211840,264,0.5,200.0,-578.7871484344773,1000,0.043,200.0,-1006.3555573452858,1000,0.043,200.0,-1008.7872824548924,12288,0,0,uniform=6143;sir=6153,100.2791199684143,11c2a8b
var_low,1031,2457600,264,0.6553030303030303,200.0,-431.0833832469971,1000,0.091,200.0,-980.8934706638961,1000,0.093,200.0,-981.001019278675,12288,0,0,uniform=6143;sir=6153,100.2791199684143,11c2a8b
var_low,1032,0,264,0.0,200.0,-1210.311178131638,1000,0.0,200.0,-1200.8523679393386,1000,0.0,200.0,-1207.30481000253,12288,0,0,uniform=6128;sir=6168,100.1946632862091,11c2a8b
var_low,1032,245760,264,0.09848484848484848,200.0,-781.5856762109042,1000,0.0,200.0,-998.071583378254,1000,0.002,200.0,-1001.9801110621295,12288,0,0,uniform=6128;sir=6168,100.1946632862091,11c2a8b
var_low,1032,491520,264,0.2196969696969697,200.0,-700.7720426471355,1000,0.012,200.0,-997.2322211460568,1000,0.014,200.0,-999.1746993627478,12288,0,0,uniform=6128;sir=6168,100.1946632862091,11c2a8b
var_low,1032,737280,264,0.0,200.0,-1056.0503855224583,1000,0.0,200.0,-1181.5822496516496,1000,0.0,200.0,-1187.772298487877,12288,0,0,uniform=6128;sir=6168,100.1946632862091,11c2a8b
var_low,1032,983040,264,0.0,200.0,-1074.0691151448455,1000,0.0,200.0,-1031.4301835776864,1000,0.0,200.0,-1039.4537844243137,12288,0,0,uniform=6128;sir=6168,100.1946632862091,11c2a8b
var_low,1032,1228800,264,0.0,200.0,-1096.5038641122617,1000,0.0,200.0,-1001.217715243946,1000,0.0,200.0,-1002.4400896435626,12288,0,0,uniform=6128;sir=6168,100.1946632862091,11c2a8b
var_low,1032,1474560,264,0.0,200.0,-1164.7612134794554,1000,0.0,200.0,-1013.3204178982663,1000,0.0,200.0,-1020.0635907833617,12288,0,0,uniform=6128;sir=6168,100.1946632862091,11c2a8b
var_low,1032,1720320,264,0.06818181818181818,200.0,-883.2001314373258,1000,0.001,200.0,-1005.9238861258489,1000,0.0,200.0,-1010.7032545625453,12288,0,0,uniform=6128;sir=6168,100.1946632862091,11c2a8b
var_low,1032,1966080,264,0.38636363636363635,200.0,-596.9183009953825,1000,0.031,200.0,-965.0785103082134,1000,0.034,200.0,-964.4594456978983,12288,0,0,uniform=6128;sir=6168,100.1946632862091,11c2a8b
var_low,1032,2211840,264,0.0,200.0,-1165.9833754032045,1000,0.0,200.0,-1051.3104455306018,1000,0.0,200.0,-1060.9337028510756,12288,0,0,uniform=6128;sir=6168,100.1946632862091,11c2a8b
var_low,1032,2457600,264,0.48863636363636365,200.0,-645.9844996080383,1000,0.104,200.0,-946.2372427429482,1000,0.111,200.0,-946.7691684376645,12288,0,0,uniform=6128;sir=6168,100.1946632862091,11c2a8b
var_low,1033,0,264,0.0,200.0,-1363.8292951127346,1000,0.0,200.0,-1188.2186735224425,1000,0.0,200.0,-1194.625065913041,12288,0,0,uniform=6050;sir=6246,100.37478804588318,11c2a8b
var_low,1033,245760,264,0.007575757575757576,200.0,-951.5752440236937,1000,0.0,200.0,-1036.1123408692797,1000,0.0,200.0,-1039.0767726882577,12288,0,0,uniform=6050;sir=6246,100.37478804588318,11c2a8b
var_low,1033,491520,264,0.2803030303030303,200.0,-629.9621075495626,1000,0.007,200.0,-999.4650947730155,1000,0.008,200.0,-1008.6105957883858,12288,0,0,uniform=6050;sir=6246,100.37478804588318,11c2a8b
var_low,1033,737280,264,0.23863636363636365,200.0,-742.929825186829,1000,0.038,200.0,-1057.3025466080503,1000,0.036,200.0,-1067.6558683722747,12288,0,0,uniform=6050;sir=6246,100.37478804588318,11c2a8b
var_low,1033,983040,264,0.42045454545454547,200.0,-514.6265523331808,1000,0.051,200.0,-904.2554052366621,1000,0.044,200.0,-914.040025575567,12288,0,0,uniform=6050;sir=6246,100.37478804588318,11c2a8b
var_low,1033,1228800,264,0.4734848484848485,200.0,-488.33355890548125,1000,0.037,200.0,-943.2285219589332,1000,0.033,200.0,-956.2079905263428,12288,0,0,uniform=6050;sir=6246,100.37478804588318,11c2a8b
var_low,1033,1474560,264,0.5795454545454546,200.0,-412.99075738932373,1000,0.056,200.0,-912.9152936592219,1000,0.071,200.0,-905.9461032800134,12288,0,0,uniform=6050;sir=6246,100.37478804588318,11c2a8b
var_low,1033,1720320,264,0.5946969696969697,200.0,-416.14772102498546,1000,0.119,200.0,-867.2253430935884,1000,0.115,200.0,-868.274686569942,12288,0,0,uniform=6050;sir=6246,100.37478804588318,11c2a8b
var_low,1033,1966080,264,0.7575757575757576,200.0,-307.6167863445138,1000,0.245,200.0,-769.632458223301,1000,0.245,200.0,-774.2212683036655,12288,0,0,uniform=6050;sir=6246,100.37478804588318,11c2a8b
var_low,1033,2211840,264,0.9318181818181818,200.0,-206.46333900074413,1000,0.469,200.0,-657.6749086830376,1000,0.459,200.0,-663.0110951486658,12288,0,0,uniform=6050;sir=6246,100.37478804588318,11c2a8b
var_low,1033,2457600,264,0.8863636363636364,200.0,-226.26953196748875,1000,0.394,200.0,-687.0997061945386,1000,0.392,200.0,-685.4191496870814,12288,0,0,uniform=6050;sir=6246,100.37478804588318,11c2a8b
var_low,1034,0,264,0.0,200.0,-1288.62075280034,1000,0.0,200.0,-1131.826530175632,1000,0.0,200.0,-1137.7995473522228,12288,0,0,uniform=6128;sir=6168,100.39076495170593,11c2a8b
var_low,1034,245760,264,0.01893939393939394,200.0,-878.5186386577798,1000,0.0,200.0,-1041.2994194773814,1000,0.0,200.0,-1046.669064773813,12288,0,0,uniform=6128;sir=6168,100.39076495170593,11c2a8b
var_low,1034,491520,264,0.0,200.0,-874.8821756880978,1000,0.0,200.0,-1003.7506335846408,1000,0.0,200.0,-1011.4396364850479,12288,0,0,uniform=6128;sir=6168,100.39076495170593,11c2a8b
var_low,1034,737280,264,0.0,200.0,-917.7705864628432,1000,0.0,200.0,-1042.8467483777747,1000,0.0,200.0,-1045.1121877945498,12288,0,0,uniform=6128;sir=6168,100.39076495170593,11c2a8b
var_low,1034,983040,264,0.0,200.0,-812.9572616409599,1000,0.0,200.0,-993.1726720626646,1000,0.0,200.0,-993.8296421731566,12288,0,0,uniform=6128;sir=6168,100.39076495170593,11c2a8b
var_low,1034,1228800,264,0.0,200.0,-989.690344250402,1000,0.0,200.0,-1012.221972053512,1000,0.0,200.0,-1025.6427858481013,12288,0,0,uniform=6128;sir=6168,100.39076495170593,11c2a8b
var_low,1034,1474560,264,0.0,200.0,-955.2367282767294,1000,0.0,200.0,-1001.0425635982517,1000,0.0,200.0,-1010.0028637435985,12288,0,0,uniform=6128;sir=6168,100.39076495170593,11c2a8b
var_low,1034,1720320,264,0.0,200.0,-977.3389209159175,1000,0.0,200.0,-1023.2158252430817,1000,0.0,200.0,-1032.4120626707504,12288,0,0,uniform=6128;sir=6168,100.39076495170593,11c2a8b
var_low,1034,1966080,264,0.5643939393939394,200.0,-449.7855505445267,1000,0.096,200.0,-913.7982246376498,1000,0.097,200.0,-918.6028682741694,12288,0,0,uniform=6128;sir=6168,100.39076495170593,11c2a8b
var_low,1034,2211840,264,0.6856060606060606,200.0,-373.00011631643474,1000,0.176,200.0,-845.7957862388033,1000,0.17,200.0,-846.7364718569131,12288,0,0,uniform=6128;sir=6168,100.39076495170593,11c2a8b
var_low,1034,2457600,264,0.875,200.0,-241.98872918534633,1000,0.326,200.0,-758.3399847133877,1000,0.349,200.0,-749.4415063185907,12288,0,0,uniform=6128;sir=6168,100.39076495170593,11c2a8b
var_low,1035,0,264,0.0,200.0,-1474.4704212355207,1000,0.0,200.0,-1536.3211839287146,1000,0.0,200.0,-1541.7529536701236,12288,0,0,uniform=6152;sir=6144,100.39152312278748,11c2a8b
var_low,1035,245760,264,0.125,200.0,-1010.3862901970433,1000,0.002,200.0,-1207.7501284589996,1000,0.001,200.0,-1215.5341437057825,12288,0,0,uniform=6152;sir=6144,100.39152312278748,11c2a8b
var_low,1035,491520,264,0.3143939393939394,200.0,-778.7821923535322,1000,0.035,200.0,-1094.6339429092818,1000,0.025,200.0,-1108.8044471926555,12288,0,0,uniform=6152;sir=6144,100.39152312278748,11c2a8b
var_low,1035,737280,264,0.3143939393939394,200.0,-750.013676981258,1000,0.012,200.0,-1110.1896220486851,1000,0.014,200.0,-1115.6026102495753,12288,0,0,uniform=6152;sir=6144,100.39152312278748,11c2a8b
var_low,1035,983040,264,0.0,200.0,-884.7952616896997,1000,0.0,200.0,-1000.3369963178837,1000,0.0,200.0,-1004.2871325731891,12288,0,0,uniform=6152;sir=6144,100.39152312278748,11c2a8b
var_low,1035,1228800,264,0.07575757575757576,200.0,-791.5679182406104,1000,0.001,200.0,-989.3354792645681,1000,0.002,200.0,-1003.7373418785667,12288,0,0,uniform=6152;sir=6144,100.39152312278748,11c2a8b
var_low,1035,1474560,264,0.06439393939393939,200.0,-1247.6774255369796,1000,0.001,200.0,-1090.780130946119,1000,0.002,200.0,-1097.998535757656,12288,0,0,uniform=6152;sir=6144,100.39152312278748,11c2a8b
var_low,1035,1720320,264,0.39015151515151514,200.0,-745.9599988318988,1000,0.017,200.0,-1168.2972619868099,1000,0.025,200.0,-1166.3531880665948,12288,0,0,uniform=6152;sir=6144,100.39152312278748,11c2a8b
var_low,1035,1966080,264,0.32954545454545453,200.0,-863.7643781736666,1000,0.022,200.0,-1070.3198045490503,1000,0.021,200.0,-1089.1455228214772,12288,0,0,uniform=6152;sir=6144,100.39152312278748,11c2a8b
var_low,1035,2211840,264,0.553030303030303,200.0,-557.6151221391276,1000,0.068,200.0,-1047.128630825479,1000,0.065,200.0,-1051.3624549485528,12288,0,0,uniform=6152;sir=6144,100.39152312278748,11c2a8b
var_low,1035,2457600,264,0.5151515151515151,200.0,-647.6128544564604,1000,0.103,200.0,-1044.0035396996084,1000,0.084,200.0,-1063.9543771444228,12288,0,0,uniform=6152;sir=6144,100.39152312278748,11c2a8b
var_low,1036,0,264,0.0,200.0,-1373.7992510953766,1000,0.0,200.0,-1203.4885316931732,1000,0.0,200.0,-1208.920360624139,12288,0,0,uniform=6060;sir=6236,100.41663479804993,11c2a8b
var_low,1036,245760,264,0.35984848484848486,200.0,-836.6076715865116,1000,0.008,200.0,-1250.0350866138247,1000,0.008,200.0,-1253.12791203277,12288,0,0,uniform=6060;sir=6236,100.41663479804993,11c2a8b
var_low,1036,491520,264,0.007575757575757576,200.0,-736.1631187753213,1000,0.0,200.0,-993.8125296501019,1000,0.0,200.0,-994.7975044263874,12288,0,0,uniform=6060;sir=6236,100.41663479804993,11c2a8b
var_low,1036,737280,264,0.3409090909090909,200.0,-760.226910576679,1000,0.011,200.0,-1136.3463703383263,1000,0.016,200.0,-1138.3848310117094,12288,0,0,uniform=6060;sir=6236,100.41663479804993,11c2a8b
var_low,1036,983040,264,0.36742424242424243,200.0,-749.156181963386,1000,0.012,200.0,-1155.967309158864,1000,0.009,200.0,-1161.2282032246194,12288,0,0,uniform=6060;sir=6236,100.41663479804993,11c2a8b
var_low,1036,1228800,264,0.1590909090909091,200.0,-755.2079189490453,1000,0.01,200.0,-1008.7362577273774,1000,0.009,200.0,-1008.7186907020476,12288,0,0,uniform=6060;sir=6236,100.41663479804993,11c2a8b
var_low,1036,1474560,264,0.42803030303030304,200.0,-575.0890535424917,1000,0.052,200.0,-994.7062396730455,1000,0.048,200.0,-1005.8112910394301,12288,0,0,uniform=6060;sir=6236,100.41663479804993,11c2a8b
var_low,1036,1720320,264,0.7386363636363636,200.0,-327.2385826187996,1000,0.114,200.0,-892.7633178188036,1000,0.109,200.0,-898.3390049569658,12288,0,0,uniform=6060;sir=6236,100.41663479804993,11c2a8b
var_low,1036,1966080,264,0.7689393939393939,200.0,-307.7707176666688,1000,0.194,200.0,-848.2334123399603,1000,0.179,200.0,-863.3827437293581,12288,0,0,uniform=6060;sir=6236,100.41663479804993,11c2a8b
var_low,1036,2211840,264,0.8181818181818182,200.0,-279.9945977946472,1000,0.264,200.0,-797.5078742878712,1000,0.261,200.0,-808.5749609148688,12288,0,0,uniform=6060;sir=6236,100.41663479804993,11c2a8b
var_low,1036,2457600,264,0.8560606060606061,200.0,-263.99562849964224,1000,0.294,200.0,-777.8368582359008,1000,0.279,200.0,-793.76641452849,12288,0,0,uniform=6060;sir=6236,100.41663479804993,11c2a8b
var_low,1037,0,264,0.0,200.0,-1107.673597853957,1000,0.0,200.0,-1080.8580294209182,1000,0.0,200.0,-1092.0066337451474,12288,0,0,uniform=6112;sir=6184,93.30760407447815,11c2a8b
var_low,1037,245760,264,0.0,200.0,-1021.3479605259799,1000,0.0,200.0,-1006.7648830251519,1000,0.0,200.0,-1005.4375315015169,12288,0,0,uniform=6112;sir=6184,93.30760407447815,11c2a8b
var_low,1037,491520,264,0.3409090909090909,200.0,-701.9569017472038,1000,0.028,200.0,-1086.4367495384809,1000,0.027,200.0,-1099.8256525446016,12288,0,0,uniform=6112;sir=6184,93.30760407447815,11c2a8b
var_low,1037,737280,264,0.35984848484848486,200.0,-775.4935327806942,1000,0.009,200.0,-1178.8291214340886,1000,0.009,200.0,-1184.6242105170884,12288,0,0,uniform=6112;sir=6184,93.30760407447815,11c2a8b
var_low,1037,983040,264,0.16287878787878787,200.0,-745.8469567841305,1000,0.013,200.0,-998.9382636883518,1000,0.02,200.0,-1005.0160334331332,12288,0,0,uniform=6112;sir=6184,93.30760407447815,11c2a8b
var_low,1037,1228800,264,0.38257575757575757,200.0,-625.6971196462891,1000,0.055,200.0,-1006.8426650835925,1000,0.054,200.0,-1004.4343687360489,12288,0,0,uniform=6112;sir=6184,93.30760407447815,11c2a8b
var_low,1037,1474560,264,0.007575757575757576,200.0,-1037.8030848323428,1000,0.0,200.0,-1056.019809009676,1000,0.0,200.0,-1052.787633502025,12288,0,0,uniform=6112;sir=6184,93.30760407447815,11c2a8b
var_low,1037,1720320,264,0.35984848484848486,200.0,-594.4075249869394,1000,0.024,200.0,-1002.5386320999415,1000,0.026,200.0,-1000.3725295351247,12288,0,0,uniform=6112;sir=6184,93.30760407447815,11c2a8b
var_low,1037,1966080,264,0.5984848484848485,200.0,-432.5142663694122,1000,0.099,200.0,-961.160898487275,1000,0.096,200.0,-962.0433986068853,12288,0,0,uniform=6112;sir=6184,93.30760407447815,11c2a8b
var_low,1037,2211840,264,0.6363636363636364,200.0,-415.97981322478614,1000,0.061,200.0,-964.7596965391813,1000,0.051,200.0,-970.7469594067857,12288,0,0,uniform=6112;sir=6184,93.30760407447815,11c2a8b
var_low,1037,2457600,264,0.7083333333333334,200.0,-367.1182354244693,1000,0.149,200.0,-917.6210789457188,1000,0.128,200.0,-939.1002407525922,12288,0,0,uniform=6112;sir=6184,93.30760407447815,11c2a8b
var_low,1038,0,264,0.0,200.0,-1477.4912898335356,1000,0.0,200.0,-1380.8315038836436,1000,0.0,200.0,-1389.7029268131387,12288,0,0,uniform=6164;sir=6132,93.26055002212524,11c2a8b
var_low,1038,245760,264,0.0,200.0,-914.3556697165376,1000,0.0,200.0,-964.1215992578968,1000,0.0,200.0,-969.6528191401743,12288,0,0,uniform=6164;sir=6132,93.26055002212524,11c2a8b
var_low,1038,491520,264,0.14772727272727273,200.0,-937.7813792679973,1000,0.001,200.0,-1122.3712314714314,1000,0.0,200.0,-1130.8058623359602,12288,0,0,uniform=6164;sir=6132,93.26055002212524,11c2a8b
var_low,1038,737280,264,0.10984848484848485,200.0,-665.3017165568583,1000,0.003,200.0,-989.9176713770344,1000,0.002,200.0,-992.6153699045622,12288,0,0,uniform=6164;sir=6132,93.26055002212524,11c2a8b
var_low,1038,983040,264,0.022727272727272728,200.0,-722.3087249707389,1000,0.0,200.0,-970.085531277253,1000,0.001,200.0,-970.1823530281471,12288,0,0,uniform=6164;sir=6132,93.26055002212524,11c2a8b
var_low,1038,1228800,264,0.3181818181818182,200.0,-571.4665030893843,1000,0.014,200.0,-979.9436605081088,1000,0.012,200.0,-985.2948557956328,12288,0,0,uniform=6164;sir=6132,93.26055002212524,11c2a8b
var_low,1038,1474560,264,0.45075757575757575,200.0,-513.015347425325,1000,0.043,200.0,-974.1289187375712,1000,0.064,200.0,-967.1350359586056,12288,0,0,uniform=6164;sir=6132,93.26055002212524,11c2a8b
var_low,1038,1720320,264,0.4696969696969697,200.0,-547.3978627185812,1000,0.016,200.0,-1008.2343253894971,1000,0.013,200.0,-1013.137339169066,12288,0,0,uniform=6164;sir=6132,93.26055002212524,11c2a8b
var_low,1038,1966080,264,0.6666666666666666,200.0,-421.748209696372,1000,0.076,200.0,-977.4696429947969,1000,0.071,200.0,-984.2673030840949,12288,0,0,uniform=6164;sir=6132,93.26055002212524,11c2a8b
var_low,1038,2211840,264,0.7462121212121212,200.0,-363.37125913546237,1000,0.195,200.0,-911.0678158317571,1000,0.168,200.0,-923.2111800429955,12288,0,0,uniform=6164;sir=6132,93.26055002212524,11c2a8b
var_low,1038,2457600,264,0.6590909090909091,200.0,-439.15145263473096,1000,0.222,200.0,-876.0024868704293,1000,0.211,200.0,-887.9279043973323,12288,0,0,uniform=6164;sir=6132,93.26055002212524,11c2a8b
var_low,1039,0,264,0.0,200.0,-1041.78076506932,1000,0.0,200.0,-1094.1475701335376,1000,0.0,200.0,-1105.5776822322432,12288,0,0,uniform=6087;sir=6209,93.48200869560242,11c2a8b
var_low,1039,245760,264,0.026515151515151516,200.0,-1220.058991516619,1000,0.002,200.0,-1094.8096659392004,1000,0.009,200.0,-1092.2973043400134,12288,0,0,uniform=6087;sir=6209,93.48200869560242,11c2a8b
var_low,1039,491520,264,0.022727272727272728,200.0,-795.6675899331857,1000,0.0,200.0,-1055.577457092267,1000,0.0,200.0,-1056.3078293545293,12288,0,0,uniform=6087;sir=6209,93.48200869560242,11c2a8b
var_low,1039,737280,264,0.0,200.0,-917.9987068173223,1000,0.0,200.0,-1055.2653470340977,1000,0.0,200.0,-1056.0314966052001,12288,0,0,uniform=6087;sir=6209,93.48200869560242,11c2a8b
var_low,1039,983040,264,0.39015151515151514,200.0,-745.2519983443527,1000,0.036,200.0,-1168.0719505052255,1000,0.028,200.0,-1175.2851044326562,12288,0,0,uniform=6087;sir=6209,93.48200869560242,11c2a8b
var_low,1039,1228800,264,0.0,200.0,-940.6852759911715,1000,0.0,200.0,-1017.4950885101345,1000,0.0,200.0,-1016.4073874657204,12288,0,0,uniform=6087;sir=6209,93.48200869560242,11c2a8b
var_low,1039,1474560,264,0.5265151515151515,200.0,-498.92644566990646,1000,0.082,200.0,-961.0569315811156,1000,0.089,200.0,-960.7913400165967,12288,0,0,uniform=6087;sir=6209,93.48200869560242,11c2a8b
var_low,1039,1720320,264,0.678030303030303,200.0,-398.4329375289125,1000,0.105,200.0,-881.4553079881987,1000,0.106,200.0,-883.1840649008288,12288,0,0,uniform=6087;sir=6209,93.48200869560242,11c2a8b
var_low,1039,1966080,264,0.8446969696969697,200.0,-262.17365472383017,1000,0.247,200.0,-790.1839508672066,1000,0.258,200.0,-784.6334186043761,12288,0,0,uniform=6087;sir=6209,93.48200869560242,11c2a8b
var_low,1039,2211840,264,0.8598484848484849,200.0,-249.07342501687393,1000,0.252,200.0,-778.6115875649323,1000,0.264,200.0,-783.7565211531332,12288,0,0,uniform=6087;sir=6209,93.48200869560242,11c2a8b
var_low,1039,2457600,264,0.7537878787878788,200.0,-332.66068277799496,1000,0.296,200.0,-768.8227529654831,1000,0.286,200.0,-781.1370606821505,12288,0,0,uniform=6087;sir=6209,93.48200869560242,11c2a8b
var_low,1040,0,264,0.0,200.0,-1315.7638529126664,1000,0.0,200.0,-1378.979995562322,1000,0.0,200.0,-1382.1394387475887,12288,0,0,uniform=6038;sir=6258,93.51717805862427,11c2a8b
var_low,1040,245760,264,0.0,200.0,-1074.063465723289,1000,0.0,200.0,-1082.6752061380882,1000,0.0,200.0,-1090.3410508507795,12288,0,0,uniform=6038;sir=6258,93.51717805862427,11c2a8b
var_low,1040,491520,264,0.0,200.0,-1064.353047447887,1000,0.0,200.0,-1096.991532609374,1000,0.0,200.0,-1103.8164342892278,12288,0,0,uniform=6038;sir=6258,93.51717805862427,11c2a8b
var_low,1040,737280,264,0.0,200.0,-931.8645862455916,1000,0.0,200.0,-1006.7902926746649,1000,0.0,200.0,-1011.1995104940171,12288,0,0,uniform=6038;sir=6258,93.51717805862427,11c2a8b
var_low,1040,983040,264,0.0,200.0,-1058.4233115259296,1000,0.0,200.0,-993.2762419272834,1000,0.0,200.0,-996.8408898449557,12288,0,0,uniform=6038;sir=6258,93.51717805862427,11c2a8b
var_low,1040,1228800,264,0.04924242424242424,200.0,-709.4635143026215,1000,0.003,200.0,-961.822707573873,1000,0.002,200.0,-969.822735382633,12288,0,0,uniform=6038;sir=6258,93.51717805862427,11c2a8b
var_low,1040,1474560,264,0.23106060606060605,200.0,-771.7120377891945,1000,0.009,200.0,-984.3850417169767,1000,0.008,200.0,-992.7381801138464,12288,0,0,uniform=6038;sir=6258,93.51717805862427,11c2a8b
var_low,1040,1720320,264,0.5340909090909091,200.0,-476.16675129104704,1000,0.028,200.0,-968.3071520353968,1000,0.028,200.0,-972.4661027326325,12288,0,0,uniform=6038;sir=6258,93.51717805862427,11c2a8b
var_low,1040,1966080,264,0.5075757575757576,200.0,-606.7722897782803,1000,0.059,200.0,-1013.186835917189,1000,0.04,200.0,-1037.5582750826204,12288,0,0,uniform=6038;sir=6258,93.51717805862427,11c2a8b
var_low,1040,2211840,264,0.7575757575757576,200.0,-348.97458425467045,1000,0.202,200.0,-888.4168066240117,1000,0.233,200.0,-877.3834711248029,12288,0,0,uniform=6038;sir=6258,93.51717805862427,11c2a8b
var_low,1040,2457600,264,0.5492424242424242,200.0,-599.5750472690801,1000,0.176,200.0,-943.5256566021533,1000,0.167,200.0,-960.4233086282471,12288,0,0,uniform=6038;sir=6258,93.51717805862427,11c2a8b
var_low,1041,0,264,0.0,200.0,-1294.5922350469389,1000,0.0,200.0,-1222.3682761577131,1000,0.0,200.0,-1230.1497609012804,12288,0,0,uniform=6212;sir=6084,93.59002757072449,11c2a8b
var_low,1041,245760,264,0.22348484848484848,200.0,-954.3579826253394,1000,0.008,200.0,-1218.9772612186568,1000,0.014,200.0,-1220.841279979999,12288,0,0,uniform=6212;sir=6084,93.59002757072449,11c2a8b
var_low,1041,491520,264,0.10984848484848485,200.0,-822.1840804024783,1000,0.001,200.0,-1150.701766040289,1000,0.001,200.0,-1156.52418834363,12288,0,0,uniform=6212;sir=6084,93.59002757072449,11c2a8b
var_low,1041,737280,264,0.0,200.0,-1219.4055988666948,1000,0.0,200.0,-1032.1360517603139,1000,0.0,200.0,-1032.0930025322727,12288,0,0,uniform=6212;sir=6084,93.59002757072449,11c2a8b
var_low,1041,983040,264,0.0,200.0,-1015.9885068365578,1000,0.0,200.0,-1019.6589217569856,1000,0.0,200.0,-1027.7797555341367,12288,0,0,uniform=6212;sir=6084,93.59002757072449,11c2a8b
var_low,1041,1228800,264,0.0,200.0,-744.3281126097343,1000,0.0,200.0,-1011.1782769448854,1000,0.0,200.0,-1016.0328305962388,12288,0,0,uniform=6212;sir=6084,93.59002757072449,11c2a8b
var_low,1041,1474560,264,0.36363636363636365,200.0,-646.8262291518816,1000,0.014,200.0,-1048.9040681720903,1000,0.017,200.0,-1049.9672725040803,12288,0,0,uniform=6212;sir=6084,93.59002757072449,11c2a8b
var_low,1041,1720320,264,0.5075757575757576,200.0,-492.8884058764712,1000,0.08,200.0,-967.8179611949075,1000,0.093,200.0,-962.39238921748,12288,0,0,uniform=6212;sir=6084,93.59002757072449,11c2a8b
var_low,1041,1966080,264,0.17424242424242425,200.0,-1007.0360738597219,1000,0.008,200.0,-1033.4513929195919,1000,0.012,200.0,-1032.1451567698346,12288,0,0,uniform=6212;sir=6084,93.59002757072449,11c2a8b
var_low,1041,2211840,264,0.5189393939393939,200.0,-560.9793245952419,1000,0.075,200.0,-952.8553064107423,1000,0.062,200.0,-964.3515018892914,12288,0,0,uniform=6212;sir=6084,93.59002757072449,11c2a8b
var_low,1041,2457600,264,0.7234848484848485,200.0,-368.7933737796894,1000,0.131,200.0,-910.73147109559,1000,0.153,200.0,-903.5436446631064,12288,0,0,uniform=6212;sir=6084,93.59002757072449,11c2a8b
var_low,1042,0,264,0.0,200.0,-1252.8911534989047,1000,0.0,200.0,-1091.189175694709,1000,0.0,200.0,-1104.741486017653,12288,0,0,uniform=6075;sir=6221,93.68597412109375,11c2a8b
var_low,1042,245760,264,0.0,200.0,-1333.9661899810649,1000,0.0,200.0,-1091.599897120426,1000,0.0,200.0,-1096.8700016169676,12288,0,0,uniform=6075;sir=6221,93.68597412109375,11c2a8b
var_low,1042,491520,264,0.3522727272727273,200.0,-771.8349347482111,1000,0.009,200.0,-1163.600414744169,1000,0.009,200.0,-1168.227107395061,12288,0,0,uniform=6075;sir=6221,93.68597412109375,11c2a8b
var_low,1042,737280,264,0.2537878787878788,200.0,-778.9068298264181,1000,0.02,200.0,-1083.3380131823437,1000,0.018,200.0,-1090.3189053710987,12288,0,0,uniform=6075;sir=6221,93.68597412109375,11c2a8b
var_low,1042,983040,264,0.045454545454545456,200.0,-759.8622609497717,1000,0.0,200.0,-1018.4745328347115,1000,0.001,200.0,-1016.2282635519658,12288,0,0,uniform=6075;sir=6221,93.68597412109375,11c2a8b
var_low,1042,1228800,264,0.0,200.0,-1190.3390038644452,1000,0.0,200.0,-1026.8791245472125,1000,0.0,200.0,-1032.9256733380546,12288,0,0,uniform=6075;sir=6221,93.68597412109375,11c2a8b
var_low,1042,1474560,264,0.2803030303030303,200.0,-648.1880320775914,1000,0.003,200.0,-1006.8066015355776,1000,0.007,200.0,-1011.2040755710267,12288,0,0,uniform=6075;sir=6221,93.68597412109375,11c2a8b
var_low,1042,1720320,264,0.2878787878787879,200.0,-727.7882466951256,1000,0.003,200.0,-1023.5697361072714,1000,0.005,200.0,-1032.5224273030515,12288,0,0,uniform=6075;sir=6221,93.68597412109375,11c2a8b
var_low,1042,1966080,264,0.6022727272727273,200.0,-431.91189126253767,1000,0.028,200.0,-1000.2886319833938,1000,0.036,200.0,-997.9360188122831,12288,0,0,uniform=6075;sir=6221,93.68597412109375,11c2a8b
var_low,1042,2211840,264,0.5909090909090909,200.0,-471.23671556465445,1000,0.035,200.0,-1018.6023974147179,1000,0.049,200.0,-1020.8394832005692,12288,0,0,uniform=6075;sir=6221,93.68597412109375,11c2a8b
var_low,1042,2457600,264,0.5833333333333334,200.0,-539.8339785370824,1000,0.058,200.0,-1018.0723366265851,1000,0.091,200.0,-1015.7577057214683,12288,0,0,uniform=6075;sir=6221,93.68597412109375,11c2a8b
var_low,1043,0,264,0.18181818181818182,200.0,-853.4199237304683,1000,0.002,200.0,-1161.489483519958,1000,0.002,200.0,-1163.7908077488248,12288,0,0,uniform=6131;sir=6165,93.40353107452393,11c2a8b
var_low,1043,245760,264,0.3371212121212121,200.0,-678.1165304755011,1000,0.059,200.0,-1008.6503950824412,1000,0.07,200.0,-1007.4256329784463,12288,0,0,uniform=6131;sir=6165,93.40353107452393,11c2a8b
var_low,1043,491520,264,0.06439393939393939,200.0,-764.7045957234259,1000,0.002,200.0,-1068.8171305715605,1000,0.004,200.0,-1072.3652876266385,12288,0,0,uniform=6131;sir=6165,93.40353107452393,11c2a8b
var_low,1043,737280,264,0.4393939393939394,200.0,-578.8447266948056,1000,0.04,200.0,-1005.371316021373,1000,0.049,200.0,-1001.6166646397742,12288,0,0,uniform=6131;sir=6165,93.40353107452393,11c2a8b
var_low,1043,983040,264,0.3712121212121212,200.0,-698.2808018848627,1000,0.024,200.0,-1099.1911317360261,1000,0.019,200.0,-1105.8087689076567,12288,0,0,uniform=6131;sir=6165,93.40353107452393,11c2a8b
var_low,1043,1228800,264,0.553030303030303,200.0,-469.8893404177231,1000,0.094,200.0,-880.2210270812346,1000,0.101,200.0,-898.5027772858998,12288,0,0,uniform=6131;sir=6165,93.40353107452393,11c2a8b
var_low,1043,1474560,264,0.7575757575757576,200.0,-312.4200686734263,1000,0.226,200.0,-788.8877078163416,1000,0.227,200.0,-809.0109325087875,12288,0,0,uniform=6131;sir=6165,93.40353107452393,11c2a8b
var_low,1043,1720320,264,0.8674242424242424,200.0,-226.68476726777504,1000,0.348,200.0,-709.3291736071992,1000,0.345,200.0,-719.734997345566,12288,0,0,uniform=6131;sir=6165,93.40353107452393,11c2a8b
var_low,1043,1966080,264,0.928030303030303,200.0,-186.1036591225197,1000,0.399,200.0,-665.8867311324833,1000,0.424,200.0,-656.2699854070244,12288,0,0,uniform=6131;sir=6165,93.40353107452393,11c2a8b
var_low,1043,2211840,264,0.7272727272727273,200.0,-356.58934318537047,1000,0.291,200.0,-770.9440521085521,1000,0.265,200.0,-800.9719653267373,12288,0,0,uniform=6131;sir=6165,93.40353107452393,11c2a8b
var_low,1043,2457600,264,0.9128787878787878,200.0,-185.441530604529,1000,0.383,200.0,-679.1362448427775,1000,0.397,200.0,-674.5708932355346,12288,0,0,uniform=6131;sir=6165,93.40353107452393,11c2a8b
var_low,1044,0,264,0.0,200.0,-1456.1545326624157,1000,0.0,200.0,-1229.8869771415937,1000,0.0,200.0,-1236.7146827827514,12288,0,0,uniform=6173;sir=6123,93.54205393791199,11c2a8b
var_low,1044,245760,264,0.011363636363636364,200.0,-1044.5939919794444,1000,0.0,200.0,-1030.5858958379092,1000,0.0,200.0,-1041.0297319807328,12288,0,0,uniform=6173;sir=6123,93.54205393791199,11c2a8b
var_low,1044,491520,264,0.030303030303030304,200.0,-852.3072550895462,1000,0.001,200.0,-1007.4709140272558,1000,0.003,200.0,-1012.7174392605135,12288,0,0,uniform=6173;sir=6123,93.54205393791199,11c2a8b
var_low,1044,737280,264,0.0,200.0,-937.7160308074377,1000,0.0,200.0,-1122.4035977395,1000,0.0,200.0,-1124.8185664465577,12288,0,0,uniform=6173;sir=6123,93.54205393791199,11c2a8b
var_low,1044,983040,264,0.015151515151515152,200.0,-850.2186179430909,1000,0.001,200.0,-1059.0093037455051,1000,0.001,200.0,-1058.2803922097175,12288,0,0,uniform=6173;sir=6123,93.54205393791199,11c2a8b
var_low,1044,1228800,264,0.3106060606060606,200.0,-747.6046897687569,1000,0.031,200.0,-1084.7993754972097,1000,0.042,200.0,-1081.9695519660788,12288,0,0,uniform=6173;sir=6123,93.54205393791199,11c2a8b
var_low,1044,1474560,264,0.01893939393939394,200.0,-869.2819357592464,1000,0.002,200.0,-962.7508490252429,1000,0.0,200.0,-963.6259974261028,12288,0,0,uniform=6173;sir=6123,93.54205393791199,11c2a8b
var_low,1044,1720320,264,0.056818181818181816,200.0,-955.3703517918512,1000,0.001,200.0,-976.8902914815405,1000,0.001,200.0,-983.3321409251014,12288,0,0,uniform=6173;sir=6123,93.54205393791199,11c2a8b
var_low,1044,1966080,264,0.7651515151515151,200.0,-314.873733150263,1000,0.162,200.0,-843.9578178061703,1000,0.179,200.0,-833.3146687124246,12288,0,0,uniform=6173;sir=6123,93.54205393791199,11c2a8b
var_low,1044,2211840,264,0.8257575757575758,200.0,-271.84996794359637,1000,0.274,200.0,-759.600484796743,1000,0.293,200.0,-753.3522640459674,12288,0,0,uniform=6173;sir=6123,93.54205393791199,11c2a8b
var_low,1044,2457600,264,0.9166666666666666,200.0,-202.9441174666163,1000,0.405,200.0,-680.5936140149618,1000,0.426,200.0,-674.9453775007045,12288,0,0,uniform=6173;sir=6123,93.54205393791199,11c2a8b
var_low,1045,0,264,0.0,200.0,-1338.68644702581,1000,0.0,200.0,-1257.968164839494,1000,0.0,200.0,-1269.7627092217328,12288,0,0,uniform=6197;sir=6099,93.53505802154541,11c2a8b
var_low,1045,245760,264,0.0,200.0,-1176.5190653420548,1000,0.0,200.0,-1029.9833472025873,1000,0.0,200.0,-1030.128725067619,12288,0,0,uniform=6197;sir=6099,93.53505802154541,11c2a8b
var_low,1045,491520,264,0.0,200.0,-1022.3589308066404,1000,0.0,200.0,-1013.845150356598,1000,0.001,200.0,-1018.519239018401,12288,0,0,uniform=6197;sir=6099,93.53505802154541,11c2a8b
var_low,1045,737280,264,0.26136363636363635,200.0,-724.1673138450627,1000,0.005,200.0,-1005.9358575306242,1000,0.005,200.0,-1009.9239557071901,12288,0,0,uniform=6197;sir=6099,93.53505802154541,11c2a8b
var_low,1045,983040,264,0.3106060606060606,200.0,-687.86038250155,1000,0.007,200.0,-1031.1064616973256,1000,0.014,200.0,-1037.2392291551832,12288,0,0,uniform=6197;sir=6099,93.53505802154541,11c2a8b
var_low,1045,1228800,264,0.23484848484848486,200.0,-712.5277144853262,1000,0.01,200.0,-988.7307736803753,1000,0.005,200.0,-1004.0152949350488,12288,0,0,uniform=6197;sir=6099,93.53505802154541,11c2a8b
var_low,1045,1474560,264,0.38636363636363635,200.0,-585.6344654415267,1000,0.038,200.0,-996.8017137617311,1000,0.04,200.0,-995.8584581700721,12288,0,0,uniform=6197;sir=6099,93.53505802154541,11c2a8b
var_low,1045,1720320,264,0.45454545454545453,200.0,-560.4272507965821,1000,0.103,200.0,-973.3008110412843,1000,0.094,200.0,-979.9200135660084,12288,0,0,uniform=6197;sir=6099,93.53505802154541,11c2a8b
var_low,1045,1966080,264,0.696969696969697,200.0,-385.4902366140189,1000,0.141,200.0,-904.8934644456766,1000,0.13,200.0,-916.6970721764618,12288,0,0,uniform=6197;sir=6099,93.53505802154541,11c2a8b
var_low,1045,2211840,264,0.8446969696969697,200.0,-278.78503529736827,1000,0.244,200.0,-821.35825240181,1000,0.242,200.0,-823.1068673283305,12288,0,0,uniform=6197;sir=6099,93.53505802154541,11c2a8b
var_low,1045,2457600,264,0.7234848484848485,200.0,-382.12665477091264,1000,0.25,200.0,-824.1483684986069,1000,0.244,200.0,-829.4650668840396,12288,0,0,uniform=6197;sir=6099,93.53505802154541,11c2a8b
var_low,1046,0,264,0.0,200.0,-1407.4449305937399,1000,0.0,200.0,-1313.0982692500954,1000,0.0,200.0,-1320.9774813670986,12288,0,0,uniform=6154;sir=6142,93.61617708206177,11c2a8b
var_low,1046,245760,264,0.07954545454545454,200.0,-854.7591721990124,1000,0.005,200.0,-1085.1064667274975,1000,0.005,200.0,-1089.7012768956438,12288,0,0,uniform=6154;sir=6142,93.61617708206177,11c2a8b
var_low,1046,491520,264,0.0,200.0,-1313.1170520914345,1000,0.001,200.0,-1064.5590709403857,1000,0.0,200.0,-1072.5516519012265,12288,0,0,uniform=6154;sir=6142,93.61617708206177,11c2a8b
var_low,1046,737280,264,0.25757575757575757,200.0,-699.3442157477872,1000,0.004,200.0,-1061.360605440411,1000,0.006,200.0,-1063.974729527095,12288,0,0,uniform=6154;sir=6142,93.61617708206177,11c2a8b
var_low,1046,983040,264,0.22348484848484848,200.0,-663.0523576477814,1000,0.017,200.0,-972.6920026456105,1000,0.023,200.0,-969.2675752892185,12288,0,0,uniform=6154;sir=6142,93.61617708206177,11c2a8b
var_low,1046,1228800,264,0.07575757575757576,200.0,-941.6147002841778,1000,0.0,200.0,-1009.6098504077175,1000,0.003,200.0,-1010.6521094869449,12288,0,0,uniform=6154;sir=6142,93.61617708206177,11c2a8b
var_low,1046,1474560,264,0.13636363636363635,200.0,-851.5508219048818,1000,0.006,200.0,-1008.5941011000094,1000,0.003,200.0,-1011.9995734821434,12288,0,0,uniform=6154;sir=6142,93.61617708206177,11c2a8b
var_low,1046,1720320,264,0.4015151515151515,200.0,-585.6928038875603,1000,0.032,200.0,-969.9855897927351,1000,0.036,200.0,-967.0987998433615,12288,0,0,uniform=6154;sir=6142,93.61617708206177,11c2a8b
var_low,1046,1966080,264,0.3977272727272727,200.0,-705.2740406547692,1000,0.03,200.0,-1014.0829750588316,1000,0.026,200.0,-1026.8521308736806,12288,0,0,uniform=6154;sir=6142,93.61617708206177,11c2a8b
var_low,1046,2211840,264,0.4696969696969697,200.0,-540.8507997749131,1000,0.033,200.0,-971.1724078664245,1000,0.033,200.0,-980.6862449027695,12288,0,0,uniform=6154;sir=6142,93.61617708206177,11c2a8b
var_low,1046,2457600,264,0.36742424242424243,200.0,-778.6755255816723,1000,0.025,200.0,-1053.5900480176335,1000,0.02,200.0,-1062.5068901296731,12288,0,0,uniform=6154;sir=6142,93.61617708206177,11c2a8b
var_low,1047,0,264,0.0,200.0,-1303.1603938884998,1000,0.0,200.0,-1165.6340541613702,1000,0.0,200.0,-1174.9464414999932,12288,0,0,uniform=6117;sir=6179,93.61641693115234,11c2a8b
var_low,1047,245760,264,0.0,200.0,-808.3655019067413,1000,0.0,200.0,-968.6207021896515,1000,0.0,200.0,-977.1589128532152,12288,0,0,uniform=6117;sir=6179,93.61641693115234,11c2a8b
var_low,1047,491520,264,0.0,200.0,-1079.2366144947239,1000,0.0,200.0,-1018.1508197122683,1000,0.0,200.0,-1021.8108898492603,12288,0,0,uniform=6117;sir=6179,93.61641693115234,11c2a8b
var_low,1047,737280,264,0.22727272727272727,200.0,-783.754919564512,1000,0.02,200.0,-1014.3831800262211,1000,0.025,200.0,-1002.6268454035028,12288,0,0,uniform=6117;sir=6179,93.61641693115234,11c2a8b
var_low,1047,983040,264,0.2803030303030303,200.0,-618.7467664812567,1000,0.026,200.0,-925.7779840434918,1000,0.02,200.0,-925.1013702476232,12288,0,0,uniform=6117;sir=6179,93.61641693115234,11c2a8b
var_low,1047,1228800,264,0.24621212121212122,200.0,-721.1461497681929,1000,0.025,200.0,-949.9677202079471,1000,0.015,200.0,-968.0351580351783,12288,0,0,uniform=6117;sir=6179,93.61641693115234,11c2a8b
var_low,1047,1474560,264,0.2727272727272727,200.0,-806.1064819200147,1000,0.018,200.0,-1017.2022726243315,1000,0.023,200.0,-1013.4125743427039,12288,0,0,uniform=6117;sir=6179,93.61641693115234,11c2a8b
var_low,1047,1720320,264,0.5265151515151515,200.0,-502.04246239351954,1000,0.095,200.0,-875.7830752633449,1000,0.101,200.0,-867.8847114250759,12288,0,0,uniform=6117;sir=6179,93.61641693115234,11c2a8b
var_low,1047,1966080,264,0.6212121212121212,200.0,-421.8254580338541,1000,0.143,200.0,-845.7635743862616,1000,0.148,200.0,-844.9391473083975,12288,0,0,uniform=6117;sir=6179,93.61641693115234,11c2a8b
var_low,1047,2211840,264,0.6818181818181818,200.0,-368.24004107367915,1000,0.207,200.0,-817.8788191164322,1000,0.209,200.0,-821.8359066046479,12288,0,0,uniform=6117;sir=6179,93.61641693115234,11c2a8b
var_low,1047,2457600,264,0.5416666666666666,200.0,-561.1615660197969,1000,0.112,200.0,-912.9893465115156,1000,0.11,200.0,-916.8282652313724,12288,0,0,uniform=6117;sir=6179,93.61641693115234,11c2a8b
var_low,1048,0,264,0.0,200.0,-1316.1911685199684,1000,0.0,200.0,-1336.3423013905458,1000,0.0,200.0,-1342.4696128096682,12288,0,0,uniform=6077;sir=6219,93.62459802627563,11c2a8b
var_low,1048,245760,264,0.12121212121212122,200.0,-919.5286437778765,1000,0.004,200.0,-1161.3980836946255,1000,0.001,200.0,-1166.6682543570985,12288,0,0,uniform=6077;sir=6219,93.62459802627563,11c2a8b
var_low,1048,491520,264,0.2689393939393939,200.0,-864.6895927400582,1000,0.01,200.0,-1173.6839861468793,1000,0.01,200.0,-1177.3425551416726,12288,0,0,uniform=6077;sir=6219,93.62459802627563,11c2a8b
var_low,1048,737280,264,0.0,200.0,-998.3379141532553,1000,0.0,200.0,-1084.6398439122456,1000,0.0,200.0,-1087.0733790446488,12288,0,0,uniform=6077;sir=6219,93.62459802627563,11c2a8b
var_low,1048,983040,264,0.2878787878787879,200.0,-635.3895514738364,1000,0.016,200.0,-1003.4157819704704,1000,0.016,200.0,-1009.3538320852739,12288,0,0,uniform=6077;sir=6219,93.62459802627563,11c2a8b
var_low,1048,1228800,264,0.24621212121212122,200.0,-720.6176042486742,1000,0.008,200.0,-1048.5928663087552,1000,0.009,200.0,-1050.4931488373907,12288,0,0,uniform=6077;sir=6219,93.62459802627563,11c2a8b
var_low,1048,1474560,264,0.0,200.0,-1130.529296639565,1000,0.0,200.0,-1020.6091528206557,1000,0.0,200.0,-1023.4694778826847,12288,0,0,uniform=6077;sir=6219,93.62459802627563,11c2a8b
var_low,1048,1720320,264,0.3522727272727273,200.0,-552.9016735557602,1000,0.018,200.0,-981.4146408347632,1000,0.018,200.0,-981.6461646391214,12288,0,0,uniform=6077;sir=6219,93.62459802627563,11c2a8b
var_low,1048,1966080,264,0.42045454545454547,200.0,-568.8733455931696,1000,0.027,200.0,-1016.0617231718512,1000,0.031,200.0,-1018.2121252730142,12288,0,0,uniform=6077;sir=6219,93.62459802627563,11c2a8b
var_low,1048,2211840,264,0.553030303030303,200.0,-495.3277990172339,1000,0.046,200.0,-1027.985979253351,1000,0.051,200.0,-1030.2152251352277,12288,0,0,uniform=6077;sir=6219,93.62459802627563,11c2a8b
var_low,1048,2457600,264,0.6363636363636364,200.0,-442.69264975717164,1000,0.143,200.0,-967.8728307834713,1000,0.144,200.0,-975.7455038812843,12288,0,0,uniform=6077;sir=6219,93.62459802627563,11c2a8b
var_low,1049,0,264,0.0,200.0,-1299.7861420333022,1000,0.0,200.0,-1275.7454581607572,1000,0.0,200.0,-1284.1137713724988,12288,0,0,uniform=6202;sir=6094,92.83745408058167,11c2a8b
var_low,1049,245760,264,0.0,200.0,-990.6329653796573,1000,0.0,200.0,-1218.7259644351925,1000,0.0,200.0,-1221.6012369435728,12288,0,0,uniform=6202;sir=6094,92.83745408058167,11c2a8b
var_low,1049,491520,264,0.0,200.0,-846.1419187667034,1000,0.0,200.0,-1026.945284024336,1000,0.0,200.0,-1038.0844986212996,12288,0,0,uniform=6202;sir=6094,92.83745408058167,11c2a8b
var_low,1049,737280,264,0.0,200.0,-1057.1008268760586,1000,0.0,200.0,-1079.1011209529163,1000,0.0,200.0,-1086.2428135267946,12288,0,0,uniform=6202;sir=6094,92.83745408058167,11c2a8b
var_low,1049,983040,264,0.0,200.0,-1050.9745146610005,1000,0.0,200.0,-1007.1185291782961,1000,0.0,200.0,-1009.6314991556885,12288,0,0,uniform=6202;sir=6094,92.83745408058167,11c2a8b
var_low,1049,1228800,264,0.0,200.0,-942.3492683338923,1000,0.0,200.0,-1103.756360530269,1000,0.0,200.0,-1110.9989463136685,12288,0,0,uniform=6202;sir=6094,92.83745408058167,11c2a8b
var_low,1049,1474560,264,0.003787878787878788,200.0,-1078.2658259742275,1000,0.0,200.0,-1008.9325762033868,1000,0.0,200.0,-1014.7310133593606,12288,0,0,uniform=6202;sir=6094,92.83745408058167,11c2a8b
var_low,1049,1720320,264,0.4393939393939394,200.0,-600.9133986103818,1000,0.052,200.0,-1029.356312890153,1000,0.048,200.0,-1037.6945572662753,12288,0,0,uniform=6202;sir=6094,92.83745408058167,11c2a8b
var_low,1049,1966080,264,0.7765151515151515,200.0,-312.8837381852414,1000,0.191,200.0,-824.7841700242392,1000,0.186,200.0,-832.2342007060203,12288,0,0,uniform=6202;sir=6094,92.83745408058167,11c2a8b
var_low,1049,2211840,264,0.8901515151515151,200.0,-235.41626761987854,1000,0.391,200.0,-713.2871630237582,1000,0.376,200.0,-724.4219125994513,12288,0,0,uniform=6202;sir=6094,92.83745408058167,11c2a8b
var_low,1049,2457600,264,0.8712121212121212,200.0,-228.7950889563605,1000,0.325,200.0,-747.4814034722025,1000,0.334,200.0,-749.3137158999991,12288,0,0,uniform=6202;sir=6094,92.83745408058167,11c2a8b
var_low,1051,0,264,0.0,200.0,-1457.752424699622,1000,0.0,200.0,-1227.407137560153,1000,0.0,200.0,-1240.552837991062,12288,0,0,uniform=6130;sir=6166,92.92170286178589,11c2a8b
var_low,1051,245760,264,0.0,200.0,-985.4239441396364,1000,0.0,200.0,-1010.797453541166,1000,0.0,200.0,-1025.6167145222119,12288,0,0,uniform=6130;sir=6166,92.92170286178589,11c2a8b
var_low,1051,491520,264,0.0,200.0,-950.4940754387565,1000,0.0,200.0,-1130.7774727620777,1000,0.0,200.0,-1139.5014561230014,12288,0,0,uniform=6130;sir=6166,92.92170286178589,11c2a8b
var_low,1051,737280,264,0.0,200.0,-873.0857141734106,1000,0.0,200.0,-972.7298618469358,1000,0.0,200.0,-976.0346411628775,12288,0,0,uniform=6130;sir=6166,92.92170286178589,11c2a8b
var_low,1051,983040,264,0.0,200.0,-948.3116104215247,1000,0.0,200.0,-1006.2758953185435,1000,0.001,200.0,-1015.1664131534473,12288,0,0,uniform=6130;sir=6166,92.92170286178589,11c2a8b
var_low,1051,1228800,264,0.0,200.0,-1295.1617727699218,1000,0.0,200.0,-1053.9782729994113,1000,0.0,200.0,-1060.9422119720589,12288,0,0,uniform=6130;sir=6166,92.92170286178589,11c2a8b
var_low,1051,1474560,264,0.3712121212121212,200.0,-583.5267448404716,1000,0.021,200.0,-993.4000290592154,1000,0.017,200.0,-1005.237448917862,12288,0,0,uniform=6130;sir=6166,92.92170286178589,11c2a8b
var_low,1051,1720320,264,0.1590909090909091,200.0,-818.6801203853696,1000,0.001,200.0,-1006.1339027023052,1000,0.0,200.0,-1013.9317458089757,12288,0,0,uniform=6130;sir=6166,92.92170286178589,11c2a8b
var_low,1051,1966080,264,0.39015151515151514,200.0,-594.327555509524,1000,0.011,200.0,-1010.845615940906,1000,0.011,200.0,-1017.0820075407248,12288,0,0,uniform=6130;sir=6166,92.92170286178589,11c2a8b
var_low,1051,2211840,264,0.4621212121212121,200.0,-572.6869957612803,1000,0.01,200.0,-1015.5841697180266,1000,0.012,200.0,-1021.085574782966,12288,0,0,uniform=6130;sir=6166,92.92170286178589,11c2a8b
var_low,1051,2457600,264,0.5946969696969697,200.0,-456.48818025322214,1000,0.037,200.0,-1016.2440817005148,1000,0.045,200.0,-1022.1033755463584,12288,0,0,uniform=6130;sir=6166,92.92170286178589,11c2a8b
var_low,1050,0,264,0.0,200.0,-1534.2799927289334,1000,0.0,200.0,-1287.3956760812903,1000,0.0,200.0,-1293.2577566019268,12288,0,0,uniform=6219;sir=6077,93.1041648387909,11c2a8b
var_low,1050,245760,264,0.0,200.0,-1240.9235807719533,1000,0.0,200.0,-1128.2484909214977,1000,0.0,200.0,-1130.9243005573276,12288,0,0,uniform=6219;sir=6077,93.1041648387909,11c2a8b
var_low,1050,491520,264,0.003787878787878788,200.0,-851.7820929451688,1000,0.001,200.0,-1083.7366038330015,1000,0.0,200.0,-1089.5718892786763,12288,0,0,uniform=6219;sir=6077,93.1041648387909,11c2a8b
var_low,1050,737280,264,0.0,200.0,-1112.425291847095,1000,0.0,200.0,-1027.5781656084825,1000,0.0,200.0,-1042.6016759541492,12288,0,0,uniform=6219;sir=6077,93.1041648387909,11c2a8b
var_low,1050,983040,264,0.3106060606060606,200.0,-662.5262159016924,1000,0.02,200.0,-1033.3385441200426,1000,0.015,200.0,-1042.7579902139985,12288,0,0,uniform=6219;sir=6077,93.1041648387909,11c2a8b
var_low,1050,1228800,264,0.0,200.0,-683.2670703389324,1000,0.0,200.0,-936.6571546053705,1000,0.0,200.0,-940.2590041402434,12288,0,0,uniform=6219;sir=6077,93.1041648387909,11c2a8b
var_low,1050,1474560,264,0.0,200.0,-943.3252821431678,1000,0.0,200.0,-988.7657865602721,1000,0.0,200.0,-993.1691404207797,12288,0,0,uniform=6219;sir=6077,93.1041648387909,11c2a8b
var_low,1050,1720320,264,0.0,200.0,-1167.4771946136063,1000,0.0,200.0,-1018.7298853703686,1000,0.0,200.0,-1027.46722240454,12288,0,0,uniform=6219;sir=6077,93.1041648387909,11c2a8b
var_low,1050,1966080,264,0.4696969696969697,200.0,-498.08246161827583,1000,0.067,200.0,-907.5119671288596,1000,0.069,200.0,-913.3396716269874,12288,0,0,uniform=6219;sir=6077,93.1041648387909,11c2a8b
var_low,1050,2211840,264,0.9053030303030303,200.0,-201.81439214007867,1000,0.279,200.0,-747.2696436468959,1000,0.304,200.0,-738.5862853266071,12288,0,0,uniform=6219;sir=6077,93.1041648387909,11c2a8b
var_low,1050,2457600,264,0.9166666666666666,200.0,-202.3638941675558,1000,0.34,200.0,-715.9990148832488,1000,0.35,200.0,-720.8757285814434,12288,0,0,uniform=6219;sir=6077,93.1041648387909,11c2a8b
var_low,1052,0,264,0.0,200.0,-1466.033486576158,1000,0.0,200.0,-1217.7950673438543,1000,0.0,200.0,-1228.2248688183993,12288,0,0,uniform=6191;sir=6105,93.24624395370483,11c2a8b
var_low,1052,245760,264,0.0,200.0,-831.7743879199077,1000,0.0,200.0,-1000.6225823356788,1000,0.0,200.0,-1003.0733431949902,12288,0,0,uniform=6191;sir=6105,93.24624395370483,11c2a8b
var_low,1052,491520,264,0.19318181818181818,200.0,-773.7718285238623,1000,0.0,200.0,-1116.7430955806426,1000,0.001,200.0,-1120.266608912369,12288,0,0,uniform=6191;sir=6105,93.24624395370483,11c2a8b
var_low,1052,737280,264,0.32196969696969696,200.0,-780.830304906689,1000,0.023,200.0,-1123.1938432585514,1000,0.026,200.0,-1124.6520919555112,12288,0,0,uniform=6191;sir=6105,93.24624395370483,11c2a8b
var_low,1052,983040,264,0.0,200.0,-805.4503561315909,1000,0.0,200.0,-996.7406117518365,1000,0.0,200.0,-998.218388317817,12288,0,0,uniform=6191;sir=6105,93.24624395370483,11c2a8b
var_low,1052,1228800,264,0.2840909090909091,200.0,-624.6441463716169,1000,0.01,200.0,-1003.0683596284343,1000,0.007,200.0,-1005.1536754887211,12288,0,0,uniform=6191;sir=6105,93.24624395370483,11c2a8b
var_low,1052,1474560,264,0.125,200.0,-826.9700623619715,1000,0.002,200.0,-1017.8293558098383,1000,0.001,200.0,-1022.1060956747162,12288,0,0,uniform=6191;sir=6105,93.24624395370483,11c2a8b
var_low,1052,1720320,264,0.5227272727272727,200.0,-510.9980219167531,1000,0.115,200.0,-983.5514562531127,1000,0.127,200.0,-978.7223088179558,12288,0,0,uniform=6191;sir=6105,93.24624395370483,11c2a8b
var_low,1052,1966080,264,0.5265151515151515,200.0,-534.4685066943754,1000,0.034,200.0,-1031.1464564125529,1000,0.048,200.0,-1033.7550420498203,12288,0,0,uniform=6191;sir=6105,93.24624395370483,11c2a8b
var_low,1052,2211840,264,0.5643939393939394,200.0,-527.4832361541836,1000,0.049,200.0,-1033.5396035874885,1000,0.047,200.0,-1038.8646835461416,12288,0,0,uniform=6191;sir=6105,93.24624395370483,11c2a8b
var_low,1052,2457600,264,0.6818181818181818,200.0,-410.24724805185576,1000,0.106,200.0,-986.0328553042497,1000,0.099,200.0,-990.810274069977,12288,0,0,uniform=6191;sir=6105,93.24624395370483,11c2a8b
var_low,1053,0,264,0.0,200.0,-1521.1427676441808,1000,0.0,200.0,-1389.3835231052392,1000,0.0,200.0,-1397.5243491340057,12288,0,0,uniform=6103;sir=6193,93.32958912849426,11c2a8b
var_low,1053,245760,264,0.0,200.0,-802.0806350889039,1000,0.0,200.0,-996.5305956408386,1000,0.0,200.0,-1000.724614103428,12288,0,0,uniform=6103;sir=6193,93.32958912849426,11c2a8b
var_low,1053,491520,264,0.0,200.0,-1077.4381222815773,1000,0.0,200.0,-1020.0159448537044,1000,0.0,200.0,-1028.565134790248,12288,0,0,uniform=6103;sir=6193,93.32958912849426,11c2a8b
var_low,1053,737280,264,0.0,200.0,-1162.1637154249981,1000,0.0,200.0,-1085.4978136745542,1000,0.0,200.0,-1087.3496102676918,12288,0,0,uniform=6103;sir=6193,93.32958912849426,11c2a8b
var_low,1053,983040,264,0.2689393939393939,200.0,-877.7081504606849,1000,0.006,200.0,-1185.7851034544726,1000,0.008,200.0,-1193.3918229552135,12288,0,0,uniform=6103;sir=6193,93.32958912849426,11c2a8b
var_low,1053,1228800,264,0.3560606060606061,200.0,-721.888300810926,1000,0.021,200.0,-1114.8741819722243,1000,0.018,200.0,-1118.4856261036844,12288,0,0,uniform=6103;sir=6193,93.32958912849426,11c2a8b
var_low,1053,1474560,264,0.35984848484848486,200.0,-659.7423040197131,1000,0.028,200.0,-1032.76587012349,1000,0.029,200.0,-1034.909002439008,12288,0,0,uniform=6103;sir=6193,93.32958912849426,11c2a8b
var_low,1053,1720320,264,0.4583333333333333,200.0,-535.548075110925,1000,0.041,200.0,-938.0915008720018,1000,0.033,200.0,-943.0924655689373,12288,0,0,uniform=6103;sir=6193,93.32958912849426,11c2a8b
var_low,1053,1966080,264,0.5871212121212122,200.0,-472.5893069613039,1000,0.097,200.0,-893.5495697663869,1000,0.107,200.0,-890.9122957760912,12288,0,0,uniform=6103;sir=6193,93.32958912849426,11c2a8b
var_low,1053,2211840,264,0.7196969696969697,200.0,-348.55886670920773,1000,0.223,200.0,-817.0890073495149,1000,0.209,200.0,-815.3787543766194,12288,0,0,uniform=6103;sir=6193,93.32958912849426,11c2a8b
var_low,1053,2457600,264,0.8863636363636364,200.0,-225.19864710797282,1000,0.332,200.0,-727.4357076113351,1000,0.346,200.0,-723.3679243200577,12288,0,0,uniform=6103;sir=6193,93.32958912849426,11c2a8b
var_low,1054,0,264,0.0,200.0,-1444.8736396365166,1000,0.0,200.0,-1221.659403217247,1000,0.0,200.0,-1228.7827495117085,12288,0,0,uniform=6210;sir=6086,93.37641787528992,11c2a8b
var_low,1054,245760,264,0.04924242424242424,200.0,-1046.6068963141752,1000,0.004,200.0,-1055.4658854682064,1000,0.001,200.0,-1068.802735437877,12288,0,0,uniform=6210;sir=6086,93.37641787528992,11c2a8b
var_low,1054,491520,264,0.015151515151515152,200.0,-845.386087509153,1000,0.0,200.0,-1105.7058968766016,1000,0.0,200.0,-1111.8977071956645,12288,0,0,uniform=6210;sir=6086,93.37641787528992,11c2a8b
var_low,1054,737280,264,0.011363636363636364,200.0,-954.2502431079345,1000,0.002,200.0,-982.5282356128743,1000,0.003,200.0,-984.7673012205071,12288,0,0,uniform=6210;sir=6086,93.37641787528992,11c2a8b
var_low,1054,983040,264,0.003787878787878788,200.0,-840.2422925139408,1000,0.0,200.0,-1021.5235081135287,1000,0.0,200.0,-1021.8917778417709,12288,0,0,uniform=6210;sir=6086,93.37641787528992,11c2a8b
var_low,1054,1228800,264,0.0,200.0,-851.0009168921175,1000,0.0,200.0,-1015.2877396536729,1000,0.0,200.0,-1020.9526799976244,12288,0,0,uniform=6210;sir=6086,93.37641787528992,11c2a8b
var_low,1054,1474560,264,0.3106060606060606,200.0,-773.2877924640467,1000,0.008,200.0,-1135.022932932307,1000,0.009,200.0,-1137.9792081416072,12288,0,0,uniform=6210;sir=6086,93.37641787528992,11c2a8b
var_low,1054,1720320,264,0.0,200.0,-871.4297047680066,1000,0.0,200.0,-986.135620318282,1000,0.0,200.0,-991.6749776511912,12288,0,0,uniform=6210;sir=6086,93.37641787528992,11c2a8b
var_low,1054,1966080,264,0.026515151515151516,200.0,-1058.515748306818,1000,0.0,200.0,-1023.5005437614668,1000,0.0,200.0,-1026.8794333844094,12288,0,0,uniform=6210;sir=6086,93.37641787528992,11c2a8b
var_low,1054,2211840,264,0.45075757575757575,200.0,-622.3504364042147,1000,0.04,200.0,-974.3587883778802,1000,0.041,200.0,-983.0750233436995,12288,0,0,uniform=6210;sir=6086,93.37641787528992,11c2a8b
var_low,1054,2457600,264,0.5568181818181818,200.0,-530.1773298225065,1000,0.075,200.0,-985.1340472556205,1000,0.065,200.0,-990.8574888690115,12288,0,0,uniform=6210;sir=6086,93.37641787528992,11c2a8b
var_low,1055,0,264,0.007575757575757576,200.0,-1486.5795790339457,1000,0.0,200.0,-1390.3155043404274,1000,0.0,200.0,-1393.7700989457862,12288,0,0,uniform=6103;sir=6193,93.49476504325867,11c2a8b
var_low,1055,245760,264,0.0,200.0,-1199.0259551177508,1000,0.0,200.0,-1035.1553270817092,1000,0.0,200.0,-1043.0366814241045,12288,0,0,uniform=6103;sir=6193,93.49476504325867,11c2a8b
var_low,1055,491520,264,0.0,200.0,-768.1717152965925,1000,0.0,200.0,-1021.0437703128282,1000,0.0,200.0,-1031.2328016687513,12288,0,0,uniform=6103;sir=6193,93.49476504325867,11c2a8b
var_low,1055,737280,264,0.3181818181818182,200.0,-663.5307550954328,1000,0.041,200.0,-993.0422320147645,1000,0.032,200.0,-1007.8790865741971,12288,0,0,uniform=6103;sir=6193,93.49476504325867,11c2a8b
var_low,1055,983040,264,0.0,200.0,-1026.6276475825277,1000,0.0,200.0,-1008.3022641232631,1000,0.0,200.0,-1016.5706613408073,12288,0,0,uniform=6103;sir=6193,93.49476504325867,11c2a8b
var_low,1055,1228800,264,0.4696969696969697,200.0,-633.7817789374465,1000,0.089,200.0,-1062.9202286583554,1000,0.092,200.0,-1069.1889527987223,12288,0,0,uniform=6103;sir=6193,93.49476504325867,11c2a8b
var_low,1055,1474560,264,0.4734848484848485,200.0,-546.1192641579239,1000,0.031,200.0,-993.8967641817967,1000,0.025,200.0,-1006.5443119386116,12288,0,0,uniform=6103;sir=6193,93.49476504325867,11c2a8b
var_low,1055,1720320,264,0.4659090909090909,200.0,-602.0658416393521,1000,0.081,200.0,-960.1784183823588,1000,0.059,200.0,-990.3386967271493,12288,0,0,uniform=6103;sir=6193,93.49476504325867,11c2a8b
var_low,1055,1966080,264,0.8295454545454546,200.0,-261.04531478033147,1000,0.222,200.0,-814.924742356329,1000,0.212,200.0,-817.2121625330867,12288,0,0,uniform=6103;sir=6193,93.49476504325867,11c2a8b
var_low,1055,2211840,264,0.8143939393939394,200.0,-281.26325182932817,1000,0.285,200.0,-782.8604780013992,1000,0.279,200.0,-784.8152797975785,12288,0,0,uniform=6103;sir=6193,93.49476504325867,11c2a8b
var_low,1055,2457600,264,0.8257575757575758,200.0,-273.93329148987596,1000,0.269,200.0,-782.7289424837445,1000,0.265,200.0,-782.7248517131744,12288,0,0,uniform=6103;sir=6193,93.49476504325867,11c2a8b
var_low,1056,0,264,0.0,200.0,-1384.60094408293,1000,0.0,200.0,-1324.4209948178932,1000,0.0,200.0,-1331.4496770110968,12288,0,0,uniform=6152;sir=6144,93.40935564041138,11c2a8b
var_low,1056,245760,264,0.14772727272727273,200.0,-805.7622254030707,1000,0.008,200.0,-1064.0140570963133,1000,0.007,200.0,-1072.5924010036258,12288,0,0,uniform=6152;sir=6144,93.40935564041138,11c2a8b
var_low,1056,491520,264,0.06439393939393939,200.0,-997.4411389146593,1000,0.002,200.0,-1053.3542969490138,1000,0.0,200.0,-1061.8608756734477,12288,0,0,uniform=6152;sir=6144,93.40935564041138,11c2a8b
var_low,1056,737280,264,0.32575757575757575,200.0,-747.2434444016817,1000,0.021,200.0,-1108.6670796426708,1000,0.022,200.0,-1114.5975112757603,12288,0,0,uniform=6152;sir=6144,93.40935564041138,11c2a8b
var_low,1056,983040,264,0.0946969696969697,200.0,-927.5993944854993,1000,0.0,200.0,-1008.4644172645808,1000,0.001,200.0,-1009.7840937636114,12288,0,0,uniform=6152;sir=6144,93.40935564041138,11c2a8b
var_low,1056,1228800,264,0.0,200.0,-1159.893317755553,1000,0.0,200.0,-1020.6427085921989,1000,0.0,200.0,-1023.8966756740087,12288,0,0,uniform=6152;sir=6144,93.40935564041138,11c2a8b
var_low,1056,1474560,264,0.0,200.0,-1437.6516961494822,1000,0.0,200.0,-1156.6854393508079,1000,0.0,200.0,-1170.109440279603,12288,0,0,uniform=6152;sir=6144,93.40935564041138,11c2a8b
var_low,1056,1720320,264,0.36742424242424243,200.0,-631.3587881135444,1000,0.037,200.0,-995.5792245761903,1000,0.04,200.0,-998.7503135309868,12288,0,0,uniform=6152;sir=6144,93.40935564041138,11c2a8b
var_low,1056,1966080,264,0.375,200.0,-629.3820605722534,1000,0.022,200.0,-1021.8827079630508,1000,0.017,200.0,-1026.2119271935373,12288,0,0,uniform=6152;sir=6144,93.40935564041138,11c2a8b
var_low,1056,2211840,264,0.5340909090909091,200.0,-492.99423002330025,1000,0.041,200.0,-1007.1548233356634,1000,0.051,200.0,-1006.0567198862655,12288,0,0,uniform=6152;sir=6144,93.40935564041138,11c2a8b
var_low,1056,2457600,264,0.5303030303030303,200.0,-584.449167405318,1000,0.054,200.0,-1052.7740022642856,1000,0.051,200.0,-1060.715797088749,12288,0,0,uniform=6152;sir=6144,93.40935564041138,11c2a8b
var_low,1057,0,264,0.0,200.0,-1519.0570461255509,1000,0.0,200.0,-1279.8003935741422,1000,0.0,200.0,-1287.1550747620793,12288,0,0,uniform=6232;sir=6064,93.52934098243713,11c2a8b
var_low,1057,245760,264,0.0,200.0,-750.318515892701,1000,0.01,200.0,-924.3117948764351,1000,0.008,200.0,-924.662166184348,12288,0,0,uniform=6232;sir=6064,93.52934098243713,11c2a8b
var_low,1057,491520,264,0.022727272727272728,200.0,-782.8130887525783,1000,0.001,200.0,-952.5483690174576,1000,0.0,200.0,-954.9203038466221,12288,0,0,uniform=6232;sir=6064,93.52934098243713,11c2a8b
var_low,1057,737280,264,0.25,200.0,-830.5913517991831,1000,0.008,200.0,-1105.574364637046,1000,0.006,200.0,-1111.3384567779976,12288,0,0,uniform=6232;sir=6064,93.52934098243713,11c2a8b
var_low,1057,983040,264,0.3787878787878788,200.0,-733.3495035808322,1000,0.033,200.0,-1128.8075785174894,1000,0.032,200.0,-1136.915713283432,12288,0,0,uniform=6232;sir=6064,93.52934098243713,11c2a8b
var_low,1057,1228800,264,0.2196969696969697,200.0,-736.831198554323,1000,0.005,200.0,-1042.1386228150552,1000,0.01,200.0,-1046.9665964421868,12288,0,0,uniform=6232;sir=6064,93.52934098243713,11c2a8b
var_low,1057,1474560,264,0.16287878787878787,200.0,-1039.5194372856129,1000,0.003,200.0,-1028.5096721447565,1000,0.005,200.0,-1038.5406033267134,12288,0,0,uniform=6232;sir=6064,93.52934098243713,11c2a8b
var_low,1057,1720320,264,0.4090909090909091,200.0,-681.503884184557,1000,0.033,200.0,-967.1482631863026,1000,0.032,200.0,-975.0699580560131,12288,0,0,uniform=6232;sir=6064,93.52934098243713,11c2a8b
var_low,1057,1966080,264,0.5303030303030303,200.0,-518.5160252752203,1000,0.097,200.0,-906.8349602344283,1000,0.098,200.0,-913.9411320908742,12288,0,0,uniform=6232;sir=6064,93.52934098243713,11c2a8b
var_low,1057,2211840,264,0.6401515151515151,200.0,-407.2105977252825,1000,0.098,200.0,-931.0296022040754,1000,0.101,200.0,-933.4742778838888,12288,0,0,uniform=6232;sir=6064,93.52934098243713,11c2a8b
var_low,1057,2457600,264,0.6325757575757576,200.0,-471.20490699129823,1000,0.187,200.0,-868.8383202491704,1000,0.19,200.0,-863.5180043392375,12288,0,0,uniform=6232;sir=6064,93.52934098243713,11c2a8b
var_low,1058,0,264,0.0,200.0,-1363.0598887299245,1000,0.0,200.0,-1413.0879278598563,1000,0.0,200.0,-1417.9866304708612,12288,0,0,uniform=6158;sir=6138,93.8923659324646,11c2a8b
var_low,1058,245760,264,0.25757575757575757,200.0,-728.9633144583809,1000,0.02,200.0,-1046.1249633826594,1000,0.015,200.0,-1052.6668674508505,12288,0,0,uniform=6158;sir=6138,93.8923659324646,11c2a8b
var_low,1058,491520,264,0.42045454545454547,200.0,-620.3938955133358,1000,0.052,200.0,-984.4836291683059,1000,0.049,200.0,-991.1374180028018,12288,0,0,uniform=6158;sir=6138,93.8923659324646,11c2a8b
var_low,1058,737280,264,0.2916666666666667,200.0,-724.6324473862965,1000,0.016,200.0,-1050.8096287241297,1000,0.01,200.0,-1061.5906604069523,12288,0,0,uniform=6158;sir=6138,93.8923659324646,11c2a8b
var_low,1058,983040,264,0.1856060606060606,200.0,-739.4792856154152,1000,0.006,200.0,-1044.7567464396432,1000,0.004,200.0,-1050.3612210483245,12288,0,0,uniform=6158;sir=6138,93.8923659324646,11c2a8b
var_low,1058,1228800,264,0.25757575757575757,200.0,-648.20657680697,1000,0.016,200.0,-973.6480054279929,1000,0.018,200.0,-976.2307364993228,12288,0,0,uniform=6158;sir=6138,93.8923659324646,11c2a8b
var_low,1058,1474560,264,0.3181818181818182,200.0,-645.4652918512841,1000,0.021,200.0,-1000.0639953710373,1000,0.022,200.0,-1008.431563673539,12288,0,0,uniform=6158;sir=6138,93.8923659324646,11c2a8b
var_low,1058,1720320,264,0.3787878787878788,200.0,-660.7062409176832,1000,0.02,200.0,-1070.592768627209,1000,0.019,200.0,-1078.689392797373,12288,0,0,uniform=6158;sir=6138,93.8923659324646,11c2a8b
var_low,1058,1966080,264,0.4431818181818182,200.0,-545.2795542043822,1000,0.021,200.0,-981.1740333210984,1000,0.011,200.0,-995.3524611349382,12288,0,0,uniform=6158;sir=6138,93.8923659324646,11c2a8b
var_low,1058,2211840,264,0.5378787878787878,200.0,-509.2513708573147,1000,0.046,200.0,-996.8377222157493,1000,0.042,200.0,-1006.0744111679738,12288,0,0,uniform=6158;sir=6138,93.8923659324646,11c2a8b
var_low,1058,2457600,264,0.6212121212121212,200.0,-485.511071627662,1000,0.085,200.0,-1008.934547463835,1000,0.094,200.0,-1012.2657528653555,12288,0,0,uniform=6158;sir=6138,93.8923659324646,11c2a8b
var_low,1059,0,264,0.0,200.0,-1302.1097722618067,1000,0.0,200.0,-1280.5136087094806,1000,0.0,200.0,-1278.2382403918741,12288,0,0,uniform=6196;sir=6100,93.9807460308075,11c2a8b
var_low,1059,245760,264,0.26136363636363635,200.0,-782.8135346713924,1000,0.004,200.0,-1108.901538814672,1000,0.006,200.0,-1112.1125392872664,12288,0,0,uniform=6196;sir=6100,93.9807460308075,11c2a8b
var_low,1059,491520,264,0.0,200.0,-1081.6267215915173,1000,0.001,200.0,-1016.671921324994,1000,0.0,200.0,-1018.1231324564446,12288,0,0,uniform=6196;sir=6100,93.9807460308075,11c2a8b
var_low,1059,737280,264,0.06060606060606061,200.0,-1169.2115557120744,1000,0.006,200.0,-1046.0583938945608,1000,0.002,200.0,-1060.4264186196822,12288,0,0,uniform=6196;sir=6100,93.9807460308075,11c2a8b
var_low,1059,983040,264,0.2765151515151515,200.0,-706.7353973486872,1000,0.02,200.0,-1055.197631947455,1000,0.012,200.0,-1062.141744367263,12288,0,0,uniform=6196;sir=6100,93.9807460308075,11c2a8b
var_low,1059,1228800,264,0.15151515151515152,200.0,-847.7882748043609,1000,0.002,200.0,-1006.7989264042978,1000,0.004,200.0,-1005.6960504016301,12288,0,0,uniform=6196;sir=6100,93.9807460308075,11c2a8b
var_low,1059,1474560,264,0.3446969696969697,200.0,-639.8157353430075,1000,0.021,200.0,-976.8963478262032,1000,0.016,200.0,-984.069010808615,12288,0,0,uniform=6196;sir=6100,93.9807460308075,11c2a8b
var_low,1059,1720320,264,0.6515151515151515,200.0,-371.11683110748777,1000,0.107,200.0,-895.5453333297695,1000,0.109,200.0,-900.15618888265,12288,0,0,uniform=6196;sir=6100,93.9807460308075,11c2a8b
var_low,1059,1966080,264,0.5151515151515151,200.0,-528.4992309268385,1000,0.056,200.0,-974.3853588711527,1000,0.044,200.0,-987.4575069556735,12288,0,0,uniform=6196;sir=6100,93.9807460308075,11c2a8b
var_low,1059,2211840,264,0.5909090909090909,200.0,-466.370431221531,1000,0.138,200.0,-870.0230321849028,1000,0.13,200.0,-884.3404871564857,12288,0,0,uniform=6196;sir=6100,93.9807460308075,11c2a8b
var_low,1059,2457600,264,0.7234848484848485,200.0,-340.9343669526561,1000,0.269,200.0,-774.348536329262,1000,0.253,200.0,-787.8534605736052,12288,0,0,uniform=6196;sir=6100,93.9807460308075,11c2a8b
var_low,1060,0,264,0.0,200.0,-1356.7561039436096,1000,0.0,200.0,-1406.8949915627986,1000,0.0,200.0,-1409.8653002632118,12288,0,0,uniform=6054;sir=6242,93.84305167198181,11c2a8b
var_low,1060,245760,264,0.003787878787878788,200.0,-979.8614740714753,1000,0.002,200.0,-1073.6984864848923,1000,0.004,200.0,-1073.9268342620953,12288,0,0,uniform=6054;sir=6242,93.84305167198181,11c2a8b
var_low,1060,491520,264,0.030303030303030304,200.0,-774.7039637194185,1000,0.002,200.0,-1008.0876707356799,1000,0.0,200.0,-1013.0986788087232,12288,0,0,uniform=6054;sir=6242,93.84305167198181,11c2a8b
var_low,1060,737280,264,0.15151515151515152,200.0,-973.0839611994616,1000,0.0,200.0,-1169.6321533913735,1000,0.0,200.0,-1174.707426928216,12288,0,0,uniform=6054;sir=6242,93.84305167198181,11c2a8b
var_low,1060,983040,264,0.4772727272727273,200.0,-529.9175766401769,1000,0.066,200.0,-970.4038834788437,1000,0.071,200.0,-965.4099742544872,12288,0,0,uniform=6054;sir=6242,93.84305167198181,11c2a8b
var_low,1060,1228800,264,0.26515151515151514,200.0,-624.453783127441,1000,0.026,200.0,-919.7317138989163,1000,0.028,200.0,-927.456091149235,12288,0,0,uniform=6054;sir=6242,93.84305167198181,11c2a8b
var_low,1060,1474560,264,0.3106060606060606,200.0,-639.1242269270567,1000,0.019,200.0,-953.0882465973266,1000,0.015,200.0,-959.8490954464955,12288,0,0,uniform=6054;sir=6242,93.84305167198181,11c2a8b
var_low,1060,1720320,264,0.5909090909090909,200.0,-412.64215377068246,1000,0.067,200.0,-902.0089925220032,1000,0.059,200.0,-914.4590171362187,12288,0,0,uniform=6054;sir=6242,93.84305167198181,11c2a8b
var_low,1060,1966080,264,0.6893939393939394,200.0,-360.60308411886297,1000,0.131,200.0,-849.8128025075728,1000,0.147,200.0,-850.7116692241382,12288,0,0,uniform=6054;sir=6242,93.84305167198181,11c2a8b
var_low,1060,2211840,264,0.8977272727272727,200.0,-226.7205043677357,1000,0.272,200.0,-765.1650336362997,1000,0.277,200.0,-772.188336644816,12288,0,0,uniform=6054;sir=6242,93.84305167198181,11c2a8b
var_low,1060,2457600,264,0.803030303030303,200.0,-284.22919409257617,1000,0.314,200.0,-748.6156707123223,1000,0.314,200.0,-764.3250673557606,12288,0,0,uniform=6054;sir=6242,93.84305167198181,11c2a8b
var_low,1061,0,264,0.0,200.0,-1468.4130852605185,1000,0.0,200.0,-1230.9011152527437,1000,0.0,200.0,-1235.9961206364458,12288,0,0,uniform=6088;sir=6208,93.52126216888428,11c2a8b
var_low,1061,245760,264,0.0,200.0,-968.8284298554812,1000,0.0,200.0,-1014.9997020790227,1000,0.0,200.0,-1028.8209690969793,12288,0,0,uniform=6088;sir=6208,93.52126216888428,11c2a8b
var_low,1061,491520,264,0.25,200.0,-674.0703672792818,1000,0.022,200.0,-993.7050803703912,1000,0.022,200.0,-998.8460287378753,12288,0,0,uniform=6088;sir=6208,93.52126216888428,11c2a8b
var_low,1061,737280,264,0.08333333333333333,200.0,-726.6356927221028,1000,0.006,200.0,-1030.5659635959344,1000,0.004,200.0,-1035.5852626864746,12288,0,0,uniform=6088;sir=6208,93.52126216888428,11c2a8b
var_low,1061,983040,264,0.0,200.0,-1020.6946444740879,1000,0.0,200.0,-1044.192089281052,1000,0.0,200.0,-1049.0118587402724,12288,0,0,uniform=6088;sir=6208,93.52126216888428,11c2a8b
var_low,1061,1228800,264,0.45454545454545453,200.0,-560.8873261876859,1000,0.042,200.0,-1009.448619428086,1000,0.041,200.0,-1017.4088523581056,12288,0,0,uniform=6088;sir=6208,93.52126216888428,11c2a8b
var_low,1061,1474560,264,0.42424242424242425,200.0,-652.0673430180588,1000,0.025,200.0,-1014.4101781650448,1000,0.029,200.0,-1018.9416120956649,12288,0,0,uniform=6088;sir=6208,93.52126216888428,11c2a8b
var_low,1061,1720320,264,0.7348484848484849,200.0,-327.13718115729614,1000,0.172,200.0,-823.3432787847767,1000,0.16,200.0,-833.5655579253798,12288,0,0,uniform=6088;sir=6208,93.52126216888428,11c2a8b
var_low,1061,1966080,264,0.7727272727272727,200.0,-320.30912163671434,1000,0.286,200.0,-756.6930675361593,1000,0.303,200.0,-751.7349757872075,12288,0,0,uniform=6088;sir=6208,93.52126216888428,11c2a8b
var_low,1061,2211840,264,0.8446969696969697,200.0,-261.6185138453902,1000,0.434,200.0,-678.2303715249207,1000,0.438,200.0,-674.1608692239423,12288,0,0,uniform=6088;sir=6208,93.52126216888428,11c2a8b
var_low,1061,2457600,264,0.8409090909090909,200.0,-259.0541799379071,1000,0.424,200.0,-679.4318882472753,1000,0.42,200.0,-682.175597269513,12288,0,0,uniform=6088;sir=6208,93.52126216888428,11c2a8b
var_low,1062,0,264,0.0,200.0,-1297.8556225654668,1000,0.0,200.0,-1350.2389547083383,1000,0.0,200.0,-1358.9913613117933,12288,0,0,uniform=6065;sir=6231,93.42567491531372,11c2a8b
var_low,1062,245760,264,0.2159090909090909,200.0,-828.2331074570208,1000,0.003,200.0,-1108.947497472953,1000,0.007,200.0,-1112.161137225797,12288,0,0,uniform=6065;sir=6231,93.42567491531372,11c2a8b
var_low,1062,491520,264,0.0,200.0,-1174.3203725244125,1000,0.0,200.0,-1039.15021025811,1000,0.0,200.0,-1048.2731877152505,12288,0,0,uniform=6065;sir=6231,93.42567491531372,11c2a8b
var_low,1062,737280,264,0.0,200.0,-883.9088698977141,1000,0.0,200.0,-1107.0848296489776,1000,0.001,200.0,-1111.2369049119413,12288,0,0,uniform=6065;sir=6231,93.42567491531372,11c2a8b
var_low,1062,983040,264,0.0,200.0,-865.1303816983495,1000,0.0,200.0,-1013.846721878012,1000,0.0,200.0,-1021.94237716907,12288,0,0,uniform=6065;sir=6231,93.42567491531372,11c2a8b
var_low,1062,1228800,264,0.4053030303030303,200.0,-616.3381469084387,1000,0.05,200.0,-1014.4433869396391,1000,0.048,200.0,-1020.9202709018191,12288,0,0,uniform=6065;sir=6231,93.42567491531372,11c2a8b
var_low,1062,1474560,264,0.0,200.0,-1342.7006430243996,1000,0.001,200.0,-1071.2489283272373,1000,0.0,200.0,-1079.6452951885285,12288,0,0,uniform=6065;sir=6231,93.42567491531372,11c2a8b
var_low,1062,1720320,264,0.4734848484848485,200.0,-520.620142727596,1000,0.022,200.0,-999.7658204318255,1000,0.033,200.0,-1004.051288209074,12288,0,0,uniform=6065;sir=6231,93.42567491531372,11c2a8b
var_low,1062,1966080,264,0.5265151515151515,200.0,-529.5830648808465,1000,0.022,200.0,-1026.246058947156,1000,0.033,200.0,-1026.8667549396298,12288,0,0,uniform=6065;sir=6231,93.42567491531372,11c2a8b
var_low,1062,2211840,264,0.5833333333333334,200.0,-506.7081251095036,1000,0.09,200.0,-968.193634265533,1000,0.084,200.0,-970.7155090748381,12288,0,0,uniform=6065;sir=6231,93.42567491531372,11c2a8b
var_low,1062,2457600,264,0.6325757575757576,200.0,-509.07017461364046,1000,0.175,200.0,-920.1976041019499,1000,0.176,200.0,-925.1077619327007,12288,0,0,uniform=6065;sir=6231,93.42567491531372,11c2a8b
var_low,1063,0,264,0.0,200.0,-1463.6731551969306,1000,0.0,200.0,-1332.1144924994605,1000,0.0,200.0,-1342.9141653912457,12288,0,0,uniform=6082;sir=6214,93.45795702934265,11c2a8b
var_low,1063,245760,264,0.0,200.0,-961.483967639439,1000,0.001,200.0,-984.9082878431902,1000,0.0,200.0,-988.2365591632578,12288,0,0,uniform=6082;sir=6214,93.45795702934265,11c2a8b
var_low,1063,491520,264,0.0,200.0,-834.5736423422534,1000,0.0,200.0,-1042.9426475158439,1000,0.0,200.0,-1046.3626125869323,12288,0,0,uniform=6082;sir=6214,93.45795702934265,11c2a8b
var_low,1063,737280,264,0.003787878787878788,200.0,-879.6204645296693,1000,0.0,200.0,-995.0845749834839,1000,0.0,200.0,-997.1182104748233,12288,0,0,uniform=6082;sir=6214,93.45795702934265,11c2a8b
var_low,1063,983040,264,0.5037878787878788,200.0,-465.1342101500567,1000,0.069,200.0,-890.0808732218921,1000,0.078,200.0,-889.1260626640301,12288,0,0,uniform=6082;sir=6214,93.45795702934265,11c2a8b
var_low,1063,1228800,264,0.5833333333333334,200.0,-411.5190941708174,1000,0.088,200.0,-912.7303665389154,1000,0.115,200.0,-900.4773712025614,12288,0,0,uniform=6082;sir=6214,93.45795702934265,11c2a8b
var_low,1063,1474560,264,0.7121212121212122,200.0,-329.6340577256826,1000,0.14,200.0,-839.776526160667,1000,0.138,200.0,-854.8354589796809,12288,0,0,uniform=6082;sir=6214,93.45795702934265,11c2a8b
var_low,1063,1720320,264,0.9053030303030303,200.0,-209.11665812323307,1000,0.285,200.0,-744.8020765017674,1000,0.292,200.0,-755.4099853840163,12288,0,0,uniform=6082;sir=6214,93.45795702934265,11c2a8b
var_low,1063,1966080,264,0.9356060606060606,200.0,-202.17997575573116,1000,0.434,200.0,-673.5970502100135,1000,0.429,200.0,-689.1140790375315,12288,0,0,uniform=6082;sir=6214,93.45795702934265,11c2a8b
var_low,1063,2211840,264,0.8939393939393939,200.0,-215.68768040049963,1000,0.394,200.0,-692.7632811515365,1000,0.402,200.0,-702.4137248396275,12288,0,0,uniform=6082;sir=6214,93.45795702934265,11c2a8b
var_low,1063,2457600,264,0.8636363636363636,200.0,-230.85685331629148,1000,0.361,200.0,-717.3407659617066,1000,0.342,200.0,-741.2136446789888,12288,0,0,uniform=6082;sir=6214,93.45795702934265,11c2a8b
var_low,1064,0,264,0.0,200.0,-1147.3493207961376,1000,0.0,200.0,-1133.3739101573174,1000,0.0,200.0,-1141.2199071940324,12288,0,0,uniform=6120;sir=6176,93.55020904541016,11c2a8b
var_low,1064,245760,264,0.003787878787878788,200.0,-1141.365860291929,1000,0.0,200.0,-1106.6413276111648,1000,0.0,200.0,-1111.5983996244981,12288,0,0,uniform=6120;sir=6176,93.55020904541016,11c2a8b
var_low,1064,491520,264,0.3787878787878788,200.0,-737.6644236378386,1000,0.019,200.0,-1133.8306835705707,1000,0.022,200.0,-1138.6725245137466,12288,0,0,uniform=6120;sir=6176,93.55020904541016,11c2a8b
var_low,1064,737280,264,0.0,200.0,-865.2377698015845,1000,0.0,200.0,-1048.7452718996658,1000,0.0,200.0,-1055.9558562817608,12288,0,0,uniform=6120;sir=6176,93.55020904541016,11c2a8b
var_low,1064,983040,264,0.0,200.0,-1056.6380070044625,1000,0.0,200.0,-1035.3251131662025,1000,0.0,200.0,-1041.003890774701,12288,0,0,uniform=6120;sir=6176,93.55020904541016,11c2a8b
var_low,1064,1228800,264,0.0,200.0,-1086.4661648262015,1000,0.0,200.0,-1013.4225109043228,1000,0.0,200.0,-1018.6580169990426,12288,0,0,uniform=6120;sir=6176,93.55020904541016,11c2a8b
var_low,1064,1474560,264,0.0,200.0,-847.1641017745366,1000,0.0,200.0,-967.8121200741772,1000,0.0,200.0,-971.2217798851675,12288,0,0,uniform=6120;sir=6176,93.55020904541016,11c2a8b
var_low,1064,1720320,264,0.0,200.0,-1278.2210096159654,1000,0.001,200.0,-1056.952119436679,1000,0.0,200.0,-1062.9062778711252,12288,0,0,uniform=6120;sir=6176,93.55020904541016,11c2a8b
var_low,1064,1966080,264,0.5075757575757576,200.0,-484.568761208066,1000,0.057,200.0,-975.0763426207207,1000,0.062,200.0,-975.3688181974064,12288,0,0,uniform=6120;sir=6176,93.55020904541016,11c2a8b
var_low,1064,2211840,264,0.5378787878787878,200.0,-482.45915195734153,1000,0.016,200.0,-1025.0898288022247,1000,0.014,200.0,-1027.365499866118,12288,0,0,uniform=6120;sir=6176,93.55020904541016,11c2a8b
var_low,1064,2457600,264,0.4962121212121212,200.0,-621.0504966196139,1000,0.035,200.0,-1047.6020607799323,1000,0.047,200.0,-1046.5715340948766,12288,0,0,uniform=6120;sir=6176,93.55020904541016,11c2a8b
var_low,1065,0,264,0.0,200.0,-1232.695437427455,1000,0.0,200.0,-1149.333587835094,1000,0.001,200.0,-1160.9356657745946,12288,0,0,uniform=6181;sir=6115,93.59932017326355,11c2a8b
var_low,1065,245760,264,0.0,200.0,-866.5148244253148,1000,0.0,200.0,-1056.202896511001,1000,0.0,200.0,-1057.6166994304301,12288,0,0,uniform=6181;sir=6115,93.59932017326355,11c2a8b
var_low,1065,491520,264,0.20075757575757575,200.0,-802.9545868067163,1000,0.01,200.0,-1101.418689904634,1000,0.008,200.0,-1104.3102191146381,12288,0,0,uniform=6181;sir=6115,93.59932017326355,11c2a8b
var_low,1065,737280,264,0.0,200.0,-843.0421009238203,1000,0.0,200.0,-1051.8015793850668,1000,0.0,200.0,-1057.613084450839,12288,0,0,uniform=6181;sir=6115,93.59932017326355,11c2a8b
var_low,1065,983040,264,0.0,200.0,-810.8857509580916,1000,0.0,200.0,-989.6963967232874,1000,0.0,200.0,-995.1743421882834,12288,0,0,uniform=6181;sir=6115,93.59932017326355,11c2a8b
var_low,1065,1228800,264,0.003787878787878788,200.0,-1038.4301956502968,1000,0.001,200.0,-1008.3894682425795,1000,0.0,200.0,-1012.460996998967,12288,0,0,uniform=6181;sir=6115,93.59932017326355,11c2a8b
var_low,1065,1474560,264,0.0,200.0,-1164.1473879570788,1000,0.0,200.0,-1020.5654627538731,1000,0.0,200.0,-1025.0665314815924,12288,0,0,uniform=6181;sir=6115,93.59932017326355,11c2a8b
var_low,1065,1720320,264,0.24621212121212122,200.0,-683.6432900679716,1000,0.006,200.0,-1004.461950857518,1000,0.002,200.0,-1015.7703521036015,12288,0,0,uniform=6181;sir=6115,93.59932017326355,11c2a8b
var_low,1065,1966080,264,0.5568181818181818,200.0,-471.61933707099377,1000,0.089,200.0,-972.0405822118844,1000,0.111,200.0,-963.5457905987272,12288,0,0,uniform=6181;sir=6115,93.59932017326355,11c2a8b
var_low,1065,2211840,264,0.6363636363636364,200.0,-455.65599019544106,1000,0.064,200.0,-988.7615519773769,1000,0.073,200.0,-984.8510108729099,12288,0,0,uniform=6181;sir=6115,93.59932017326355,11c2a8b
var_low,1065,2457600,264,0.6022727272727273,200.0,-531.5600008483208,1000,0.138,200.0,-958.5472005238149,1000,0.128,200.0,-966.431392402545,12288,0,0,uniform=6181;sir=6115,93.59932017326355,11c2a8b
var_low,1066,0,264,0.0,200.0,-1477.0154137703516,1000,0.0,200.0,-1247.469056472588,1000,0.0,200.0,-1258.4356640105918,12288,0,0,uniform=6259;sir=6037,93.64299821853638,11c2a8b
var_low,1066,245760,264,0.030303030303030304,200.0,-1021.1736313502741,1000,0.0,200.0,-1016.833892569747,1000,0.0,200.0,-1011.4331800206047,12288,0,0,uniform=6259;sir=6037,93.64299821853638,11c2a8b
var_low,1066,491520,264,0.003787878787878788,200.0,-835.5716385263052,1000,0.0,200.0,-944.7296926307013,1000,0.0,200.0,-946.6159670710435,12288,0,0,uniform=6259;sir=6037,93.64299821853638,11c2a8b
var_low,1066,737280,264,0.25,200.0,-804.3069094504257,1000,0.008,200.0,-1111.6271733466303,1000,0.008,200.0,-1113.7977962549035,12288,0,0,uniform=6259;sir=6037,93.64299821853638,11c2a8b
var_low,1066,983040,264,0.003787878787878788,200.0,-894.0651483856768,1000,0.0,200.0,-979.5800387332582,1000,0.0,200.0,-971.746312697887,12288,0,0,uniform=6259;sir=6037,93.64299821853638,11c2a8b
var_low,1066,1228800,264,0.0,200.0,-1185.4186340055833,1000,0.001,200.0,-1020.5071911370889,1000,0.0,200.0,-1018.3381331076149,12288,0,0,uniform=6259;sir=6037,93.64299821853638,11c2a8b
var_low,1066,1474560,264,0.24242424242424243,200.0,-630.985531053675,1000,0.004,200.0,-993.3457351028999,1000,0.007,200.0,-1000.1025235261397,12288,0,0,uniform=6259;sir=6037,93.64299821853638,11c2a8b
var_low,1066,1720320,264,0.3106060606060606,200.0,-710.192742560517,1000,0.013,200.0,-1026.706589802132,1000,0.016,200.0,-1037.204970542115,12288,0,0,uniform=6259;sir=6037,93.64299821853638,11c2a8b
var_low,1066,1966080,264,0.5037878787878788,200.0,-516.9278955942875,1000,0.043,200.0,-1009.6953479107441,1000,0.033,200.0,-1017.1195142422318,12288,0,0,uniform=6259;sir=6037,93.64299821853638,11c2a8b
var_low,1066,2211840,264,0.7121212121212122,200.0,-362.74983347207205,1000,0.092,200.0,-973.7895713100796,1000,0.106,200.0,-969.4650184734019,12288,0,0,uniform=6259;sir=6037,93.64299821853638,11c2a8b
var_low,1066,2457600,264,0.6174242424242424,200.0,-471.17113695698185,1000,0.108,200.0,-968.0936883127678,1000,0.105,200.0,-974.0562018947558,12288,0,0,uniform=6259;sir=6037,93.64299821853638,11c2a8b
var_low,1067,0,264,0.0,200.0,-1164.543785554364,1000,0.0,200.0,-1170.6212721702498,1000,0.0,200.0,-1179.7479190686622,12288,0,0,uniform=6147;sir=6149,93.02611207962036,11c2a8b
var_low,1067,245760,264,0.01893939393939394,200.0,-962.5576600706547,1000,0.001,200.0,-1191.1898225047064,1000,0.0,200.0,-1196.4438687253623,12288,0,0,uniform=6147;sir=6149,93.02611207962036,11c2a8b
var_low,1067,491520,264,0.007575757575757576,200.0,-880.0066352206771,1000,0.004,200.0,-1030.1154090335554,1000,0.002,200.0,-1038.4245134537264,12288,0,0,uniform=6147;sir=6149,93.02611207962036,11c2a8b
var_low,1067,737280,264,0.21212121212121213,200.0,-813.2518035862917,1000,0.004,200.0,-1056.216345803046,1000,0.004,200.0,-1064.6757163194404,12288,0,0,uniform=6147;sir=6149,93.02611207962036,11c2a8b
var_low,1067,983040,264,0.17803030303030304,200.0,-860.6968398891207,1000,0.002,200.0,-1058.288387576377,1000,0.001,200.0,-1066.4701062248778,12288,0,0,uniform=6147;sir=6149,93.02611207962036,11c2a8b
var_low,1067,1228800,264,0.11363636363636363,200.0,-986.4965510144514,1000,0.005,200.0,-1023.5202229702272,1000,0.003,200.0,-1029.6182078331792,12288,0,0,uniform=6147;sir=6149,93.02611207962036,11c2a8b
var_low,1067,1474560,264,0.026515151515151516,200.0,-1308.8948415750353,1000,0.0,200.0,-1091.684927549238,1000,0.001,200.0,-1098.754307350751,12288,0,0,uniform=6147;sir=6149,93.02611207962036,11c2a8b
var_low,1067,1720320,264,0.29545454545454547,200.0,-738.172334554232,1000,0.007,200.0,-1027.1053679215026,1000,0.009,200.0,-1027.9357032813648,12288,0,0,uniform=6147;sir=6149,93.02611207962036,11c2a8b
var_low,1067,1966080,264,0.4015151515151515,200.0,-677.0770886116097,1000,0.019,200.0,-1031.4782116700242,1000,0.026,200.0,-1031.0992045036874,12288,0,0,uniform=6147;sir=6149,93.02611207962036,11c2a8b
var_low,1067,2211840,264,0.5833333333333334,200.0,-462.44452132391166,1000,0.085,200.0,-967.5365011328504,1000,0.082,200.0,-970.8891104604025,12288,0,0,uniform=6147;sir=6149,93.02611207962036,11c2a8b
var_low,1067,2457600,264,0.4128787878787879,200.0,-785.9087894786642,1000,0.041,200.0,-1082.6369937338811,1000,0.047,200.0,-1085.1777014295687,12288,0,0,uniform=6147;sir=6149,93.02611207962036,11c2a8b
var_low,1068,0,264,0.0,200.0,-1484.1256427906028,1000,0.0,200.0,-1270.7251861129453,1000,0.0,200.0,-1275.4368953097755,12288,0,0,uniform=6189;sir=6107,92.92905402183533,11c2a8b
var_low,1068,245760,264,0.12878787878787878,200.0,-901.9325601634765,1000,0.008,200.0,-1058.9843247102283,1000,0.007,200.0,-1067.9259702723461,12288,0,0,uniform=6189;sir=6107,92.92905402183533,11c2a8b
var_low,1068,491520,264,0.26515151515151514,200.0,-756.8588721039947,1000,0.003,200.0,-1099.510638960993,1000,0.007,200.0,-1103.941348038022,12288,0,0,uniform=6189;sir=6107,92.92905402183533,11c2a8b
var_low,1068,737280,264,0.015151515151515152,200.0,-813.1879588267318,1000,0.0,200.0,-998.2465906503003,1000,0.001,200.0,-1001.976469826047,12288,0,0,uniform=6189;sir=6107,92.92905402183533,11c2a8b
var_low,1068,983040,264,0.0,200.0,-1158.1427099903976,1000,0.0,200.0,-1018.4162809825464,1000,0.0,200.0,-1021.1102792464447,12288,0,0,uniform=6189;sir=6107,92.92905402183533,11c2a8b
var_low,1068,1228800,264,0.4166666666666667,200.0,-563.0150764525732,1000,0.035,200.0,-999.1192359026204,1000,0.035,200.0,-998.9031487384187,12288,0,0,uniform=6189;sir=6107,92.92905402183533,11c2a8b
var_low,1068,1474560,264,0.4128787878787879,200.0,-626.8832988564081,1000,0.037,200.0,-1045.5590815883552,1000,0.038,200.0,-1047.9150162635167,12288,0,0,uniform=6189;sir=6107,92.92905402183533,11c2a8b
var_low,1068,1720320,264,0.2803030303030303,200.0,-784.8922798641192,1000,0.006,200.0,-1021.0251951231686,1000,0.005,200.0,-1023.4877976455952,12288,0,0,uniform=6189;sir=6107,92.92905402183533,11c2a8b
var_low,1068,1966080,264,0.5757575757575758,200.0,-456.05589462237225,1000,0.026,200.0,-1005.950871102625,1000,0.039,200.0,-1004.5064863877869,12288,0,0,uniform=6189;sir=6107,92.92905402183533,11c2a8b
var_low,1068,2211840,264,0.5606060606060606,200.0,-527.5938502985077,1000,0.032,200.0,-1029.4442597848388,1000,0.036,200.0,-1036.0142983810633,12288,0,0,uniform=6189;sir=6107,92.92905402183533,11c2a8b
var_low,1068,2457600,264,0.5909090909090909,200.0,-502.34876803247255,1000,0.083,200.0,-1005.1614624379833,1000,0.079,200.0,-1014.2284619103223,12288,0,0,uniform=6189;sir=6107,92.92905402183533,11c2a8b
var_low,1069,0,264,0.0,200.0,-1370.5320601454493,1000,0.0,200.0,-1340.1711443815739,1000,0.0,200.0,-1348.381922863782,12288,0,0,uniform=6138;sir=6158,92.90537309646606,11c2a8b
var_low,1069,245760,264,0.0,200.0,-1086.2326329763982,1000,0.0,200.0,-1040.2947695728594,1000,0.0,200.0,-1046.3452875899147,12288,0,0,uniform=6138;sir=6158,92.90537309646606,11c2a8b
var_low,1069,491520,264,0.22727272727272727,200.0,-725.4950345573166,1000,0.01,200.0,-1016.7087887036868,1000,0.004,200.0,-1027.5455991024705,12288,0,0,uniform=6138;sir=6158,92.90537309646606,11c2a8b
var_low,1069,737280,264,0.0,200.0,-775.4554406078636,1000,0.0,200.0,-1022.8630424973345,1000,0.001,200.0,-1024.5315938541187,12288,0,0,uniform=6138;sir=6158,92.90537309646606,11c2a8b
var_low,1069,983040,264,0.0,200.0,-1021.3381710551339,1000,0.0,200.0,-1019.9006227130471,1000,0.0,200.0,-1020.2307980171905,12288,0,0,uniform=6138;sir=6158,92.90537309646606,11c2a8b
var_low,1069,1228800,264,0.0,200.0,-1213.8144097724482,1000,0.0,200.0,-1036.0194812187751,1000,0.0,200.0,-1037.6806766228965,12288,0,0,uniform=6138;sir=6158,92.90537309646606,11c2a8b
var_low,1069,1474560,264,0.0,200.0,-990.5039202371757,1000,0.0,200.0,-1001.7269301979952,1000,0.0,200.0,-1002.9832079513858,12288,0,0,uniform=6138;sir=6158,92.90537309646606,11c2a8b
var_low,1069,1720320,264,0.3939393939393939,200.0,-556.6968157484348,1000,0.014,200.0,-987.6756082705895,1000,0.023,200.0,-987.041999913569,12288,0,0,uniform=6138;sir=6158,92.90537309646606,11c2a8b
var_low,1069,1966080,264,0.5303030303030303,200.0,-490.03068925855905,1000,0.026,200.0,-1016.6065921906813,1000,0.029,200.0,-1016.6259257517639,12288,0,0,uniform=6138;sir=6158,92.90537309646606,11c2a8b
var_low,1069,2211840,264,0.5568181818181818,200.0,-544.2008085772363,1000,0.05,200.0,-1035.8637142088116,1000,0.05,200.0,-1041.4114491229432,12288,0,0,uniform=6138;sir=6158,92.90537309646606,11c2a8b
var_low,1069,2457600,264,0.6515151515151515,200.0,-465.7087694472714,1000,0.111,200.0,-1013.2345120734209,1000,0.125,200.0,-1012.956328972487,12288,0,0,uniform=6138;sir=6158,92.90537309646606,11c2a8b
var_low,1070,0,264,0.0,200.0,-1351.8842561904473,1000,0.0,200.0,-1164.431838001098,1000,0.0,200.0,-1170.3990847924495,12288,0,0,uniform=6192;sir=6104,93.1004331111908,11c2a8b
var_low,1070,245760,264,0.003787878787878788,200.0,-1097.3009484638496,1000,0.0,200.0,-1067.9146717919311,1000,0.001,200.0,-1068.7877278126032,12288,0,0,uniform=6192;sir=6104,93.1004331111908,11c2a8b
var_low,1070,491520,264,0.0,200.0,-815.9476591564237,1000,0.0,200.0,-1003.8574300539815,1000,0.0,200.0,-1011.0164556350377,12288,0,0,uniform=6192;sir=6104,93.1004331111908,11c2a8b
var_low,1070,737280,264,0.10984848484848485,200.0,-834.660167041332,1000,0.008,200.0,-979.2292804868758,1000,0.006,200.0,-985.2324940927887,12288,0,0,uniform=6192;sir=6104,93.1004331111908,11c2a8b
var_low,1070,983040,264,0.0,200.0,-1083.470117812895,1000,0.0,200.0,-1049.2531691855331,1000,0.0,200.0,-1056.8257868323026,12288,0,0,uniform=6192;sir=6104,93.1004331111908,11c2a8b
var_low,1070,1228800,264,0.23484848484848486,200.0,-728.9473919836054,1000,0.015,200.0,-1039.1694921077444,1000,0.014,200.0,-1047.8521929612598,12288,0,0,uniform=6192;sir=6104,93.1004331111908,11c2a8b
var_low,1070,1474560,264,0.0,200.0,-1118.6076580096628,1000,0.0,200.0,-1048.98897125806,1000,0.0,200.0,-1055.4806708633662,12288,0,0,uniform=6192;sir=6104,93.1004331111908,11c2a8b
var_low,1070,1720320,264,0.11363636363636363,200.0,-887.9848738116679,1000,0.002,200.0,-1007.2106464749065,1000,0.002,200.0,-1014.6364083251611,12288,0,0,uniform=6192;sir=6104,93.1004331111908,11c2a8b
var_low,1070,1966080,264,0.4621212121212121,200.0,-630.830107579665,1000,0.043,200.0,-1000.8507835524642,1000,0.04,200.0,-1015.3458273218943,12288,0,0,uniform=6192;sir=6104,93.1004331111908,11c2a8b
var_low,1070,2211840,264,0.6893939393939394,200.0,-372.68093068912117,1000,0.107,200.0,-938.9163598343769,1000,0.116,200.0,-943.4608650104103,12288,0,0,uniform=6192;sir=6104,93.1004331111908,11c2a8b
var_low,1070,2457600,264,0.6818181818181818,200.0,-430.15411526689024,1000,0.203,200.0,-885.8961248174072,1000,0.216,200.0,-901.7410783131735,12288,0,0,uniform=6192;sir=6104,93.1004331111908,11c2a8b
var_low,1071,0,264,0.0,200.0,-1215.8286677221568,1000,0.0,200.0,-1246.2366919847746,1000,0.0,200.0,-1250.5155631953041,12288,0,0,uniform=6155;sir=6141,93.22850203514099,11c2a8b
var_low,1071,245760,264,0.03409090909090909,200.0,-1072.5351675692616,1000,0.0,200.0,-1010.4897101912189,1000,0.0,200.0,-1015.5732564508311,12288,0,0,uniform=6155;sir=6141,93.22850203514099,11c2a8b
var_low,1071,491520,264,0.0,200.0,-840.1136697389359,1000,0.0,200.0,-991.4201586466206,1000,0.0,200.0,-985.2726443142474,12288,0,0,uniform=6155;sir=6141,93.22850203514099,11c2a8b
var_low,1071,737280,264,0.375,200.0,-696.1250071168115,1000,0.016,200.0,-1102.4733200576195,1000,0.017,200.0,-1106.9875539355583,12288,0,0,uniform=6155;sir=6141,93.22850203514099,11c2a8b
var_low,1071,983040,264,0.375,200.0,-765.2778860987393,1000,0.012,200.0,-1175.9098911305716,1000,0.011,200.0,-1180.965538905758,12288,0,0,uniform=6155;sir=6141,93.22850203514099,11c2a8b
var_low,1071,1228800,264,0.0,200.0,-945.953799795306,1000,0.0,200.0,-983.1380556664286,1000,0.0,200.0,-988.6218047459402,12288,0,0,uniform=6155;sir=6141,93.22850203514099,11c2a8b
var_low,1071,1474560,264,0.4015151515151515,200.0,-640.7446987247088,1000,0.014,200.0,-1081.2008177055561,1000,0.022,200.0,-1078.6590177489422,12288,0,0,uniform=6155;sir=6141,93.22850203514099,11c2a8b
var_low,1071,1720320,264,0.3977272727272727,200.0,-592.8196903926893,1000,0.03,200.0,-966.5020287917889,1000,0.03,200.0,-969.4159896264825,12288,0,0,uniform=6155;sir=6141,93.22850203514099,11c2a8b
var_low,1071,1966080,264,0.7689393939393939,200.0,-320.5468913056108,1000,0.095,200.0,-888.8196056437416,1000,0.111,200.0,-891.7880790665138,12288,0,0,uniform=6155;sir=6141,93.22850203514099,11c2a8b
var_low,1071,2211840,264,0.7954545454545454,200.0,-280.68703438426314,1000,0.183,200.0,-832.543223983116,1000,0.195,200.0,-832.7678561642238,12288,0,0,uniform=6155;sir=6141,93.22850203514099,11c2a8b
var_low,1071,2457600,264,0.8560606060606061,200.0,-255.0159988313642,1000,0.326,200.0,-741.0894078549934,1000,0.341,200.0,-743.0976878580368,12288,0,0,uniform=6155;sir=6141,93.22850203514099,11c2a8b
var_low,1072,0,264,0.0,200.0,-1288.9299096338084,1000,0.0,200.0,-1196.69320423774,1000,0.0,200.0,-1199.6946169507444,12288,0,0,uniform=6162;sir=6134,93.28956389427185,11c2a8b
var_low,1072,245760,264,0.09090909090909091,200.0,-1107.9038763757576,1000,0.012,200.0,-1100.2449303206288,1000,0.016,200.0,-1109.3804096822512,12288,0,0,uniform=6162;sir=6134,93.28956389427185,11c2a8b
var_low,1072,491520,264,0.32196969696969696,200.0,-785.6045412569636,1000,0.025,200.0,-1124.2311977687636,1000,0.03,200.0,-1126.047373429928,12288,0,0,uniform=6162;sir=6134,93.28956389427185,11c2a8b
var_low,1072,737280,264,0.3484848484848485,200.0,-730.8373343479641,1000,0.026,200.0,-1109.106122018219,1000,0.025,200.0,-1118.3620784183167,12288,0,0,uniform=6162;sir=6134,93.28956389427185,11c2a8b
var_low,1072,983040,264,0.0,200.0,-935.4493420905897,1000,0.0,200.0,-1029.8674991331682,1000,0.0,200.0,-1036.8361647669028,12288,0,0,uniform=6162;sir=6134,93.28956389427185,11c2a8b
var_low,1072,1228800,264,0.0,200.0,-903.7523818705721,1000,0.0,200.0,-995.7979133609231,1000,0.0,200.0,-996.8999804223115,12288,0,0,uniform=6162;sir=6134,93.28956389427185,11c2a8b
var_low,1072,1474560,264,0.0,200.0,-1040.5756758097532,1000,0.0,200.0,-982.7100071417271,1000,0.0,200.0,-983.8190703040779,12288,0,0,uniform=6162;sir=6134,93.28956389427185,11c2a8b
var_low,1072,1720320,264,0.0,200.0,-789.9283031577646,1000,0.0,200.0,-993.8780009054335,1000,0.0,200.0,-997.1160886979683,12288,0,0,uniform=6162;sir=6134,93.28956389427185,11c2a8b
var_low,1072,1966080,264,0.4090909090909091,200.0,-636.0195189806216,1000,0.045,200.0,-1043.7793946744055,1000,0.036,200.0,-1054.072913690704,12288,0,0,uniform=6162;sir=6134,93.28956389427185,11c2a8b
var_low,1072,2211840,264,0.49242424242424243,200.0,-520.3068051104633,1000,0.037,200.0,-977.7194248444678,1000,0.03,200.0,-991.927296260148,12288,0,0,uniform=6162;sir=6134,93.28956389427185,11c2a8b
var_low,1072,2457600,264,0.6590909090909091,200.0,-416.108153155864,1000,0.139,200.0,-928.9832869499413,1000,0.147,200.0,-925.9856119978376,12288,0,0,uniform=6162;sir=6134,93.28956389427185,11c2a8b
var_low,1073,0,264,0.0,200.0,-1254.2281774620694,1000,0.0,200.0,-1197.0865706998711,1000,0.0,200.0,-1207.0078805980602,12288,0,0,uniform=6154;sir=6142,96.3625180721283,11c2a8b
var_low,1073,245760,264,0.0,200.0,-1019.9273559672905,1000,0.0,200.0,-1046.5316343942736,1000,0.0,200.0,-1047.8677361611847,12288,0,0,uniform=6154;sir=6142,96.3625180721283,11c2a8b
var_low,1073,491520,264,0.0,200.0,-844.5670370016644,1000,0.0,200.0,-967.4281719007322,1000,0.0,200.0,-974.0724157965905,12288,0,0,uniform=6154;sir=6142,96.3625180721283,11c2a8b
var_low,1073,737280,264,0.0,200.0,-1111.7134638760554,1000,0.0,200.0,-1011.5988672845075,1000,0.0,200.0,-1019.2034755062638,12288,0,0,uniform=6154;sir=6142,96.3625180721283,11c2a8b
var_low,1073,983040,264,0.011363636363636364,200.0,-817.5900750418716,1000,0.0,200.0,-1024.7439559176162,1000,0.0,200.0,-1033.0331448222823,12288,0,0,uniform=6154;sir=6142,96.3625180721283,11c2a8b
var_low,1073,1228800,264,0.0,200.0,-983.1517869887257,1000,0.0,200.0,-985.4788976551692,1000,0.0,200.0,-985.6649352469486,12288,0,0,uniform=6154;sir=6142,96.3625180721283,11c2a8b
var_low,1073,1474560,264,0.0,200.0,-800.6328659426971,1000,0.0,200.0,-966.2498958150954,1000,0.001,200.0,-963.1460452864108,12288,0,0,uniform=6154;sir=6142,96.3625180721283,11c2a8b
var_low,1073,1720320,264,0.36363636363636365,200.0,-608.8466972192163,1000,0.024,200.0,-1010.7349322590006,1000,0.028,200.0,-1007.113267056715,12288,0,0,uniform=6154;sir=6142,96.3625180721283,11c2a8b
var_low,1073,1966080,264,0.3977272727272727,200.0,-579.1897234000587,1000,0.015,200.0,-1015.8016882857937,1000,0.017,200.0,-1017.0033807790028,12288,0,0,uniform=6154;sir=6142,96.3625180721283,11c2a8b
var_low,1073,2211840,264,0.4962121212121212,200.0,-525.9693029873616,1000,0.024,200.0,-1003.4859474954268,1000,0.02,200.0,-1004.9900819179428,12288,0,0,uniform=6154;sir=6142,96.3625180721283,11c2a8b
var_low,1073,2457600,264,0.6515151515151515,200.0,-419.011522015629,1000,0.042,200.0,-988.1342257961072,1000,0.048,200.0,-986.4300816961787,12288,0,0,uniform=6154;sir=6142,96.3625180721283,11c2a8b
var_low,1074,0,264,0.0946969696969697,200.0,-1169.0371823397916,1000,0.0,200.0,-1206.342768576959,1000,0.002,200.0,-1206.4084868323491,12288,0,0,uniform=6184;sir=6112,96.1706109046936,11c2a8b
var_low,1074,245760,264,0.0,200.0,-1017.9234428475653,1000,0.0,200.0,-1057.5920035410145,1000,0.0,200.0,-1063.2688420086392,12288,0,0,uniform=6184;sir=6112,96.1706109046936,11c2a8b
var_low,1074,491520,264,0.003787878787878788,200.0,-1120.846422772638,1000,0.0,200.0,-1037.0828510622937,1000,0.0,200.0,-1036.7218709911165,12288,0,0,uniform=6184;sir=6112,96.1706109046936,11c2a8b
var_low,1074,737280,264,0.10984848484848485,200.0,-772.622884481161,1000,0.007,200.0,-1023.6746809439738,1000,0.007,200.0,-1027.1127163278472,12288,0,0,uniform=6184;sir=6112,96.1706109046936,11c2a8b
var_low,1074,983040,264,0.1893939393939394,200.0,-757.6087228022132,1000,0.005,200.0,-1009.903962962723,1000,0.006,200.0,-1013.9214569483498,12288,0,0,uniform=6184;sir=6112,96.1706109046936,11c2a8b
var_low,1074,1228800,264,0.3143939393939394,200.0,-670.2368691813728,1000,0.048,200.0,-966.5334459686197,1000,0.05,200.0,-968.4784142228407,12288,0,0,uniform=6184;sir=6112,96.1706109046936,11c2a8b
var_low,1074,1474560,264,0.3446969696969697,200.0,-665.530126262425,1000,0.026,200.0,-971.9719349581877,1000,0.028,200.0,-983.8856032784441,12288,0,0,uniform=6184;sir=6112,96.1706109046936,11c2a8b
var_low,1074,1720320,264,0.4810606060606061,200.0,-506.2951752888539,1000,0.043,200.0,-963.1555978679314,1000,0.034,200.0,-975.0261974705646,12288,0,0,uniform=6184;sir=6112,96.1706109046936,11c2a8b
var_low,1074,1966080,264,0.5568181818181818,200.0,-453.89357397098047,1000,0.09,200.0,-900.1772789549879,1000,0.072,200.0,-911.7622498575462,12288,0,0,uniform=6184;sir=6112,96.1706109046936,11c2a8b
var_low,1074,2211840,264,0.6325757575757576,200.0,-442.992578750214,1000,0.188,200.0,-826.3519631764783,1000,0.186,200.0,-827.1229602426522,12288,0,0,uniform=6184;sir=6112,96.1706109046936,11c2a8b
var_low,1074,2457600,264,0.7803030303030303,200.0,-291.57464111479635,1000,0.256,200.0,-762.2819490550905,1000,0.262,200.0,-765.5325698567319,12288,0,0,uniform=6184;sir=6112,96.1706109046936,11c2a8b
var_low,1075,0,264,0.0,200.0,-1281.7181905149152,1000,0.0,200.0,-1264.519136636233,1000,0.0,200.0,-1276.5891985836613,12288,0,0,uniform=6087;sir=6209,96.31962299346924,11c2a8b
var_low,1075,245760,264,0.0,200.0,-982.3023908965413,1000,0.0,200.0,-1127.7314330942631,1000,0.0,200.0,-1134.1931912859577,12288,0,0,uniform=6087;sir=6209,96.31962299346924,11c2a8b
var_low,1075,491520,264,0.0,200.0,-1021.4555327975221,1000,0.0,200.0,-1027.7592643298437,1000,0.0,200.0,-1030.0997374151316,12288,0,0,uniform=6087;sir=6209,96.31962299346924,11c2a8b
var_low,1075,737280,264,0.0,200.0,-933.1637939394418,1000,0.0,200.0,-1080.479677055051,1000,0.0,200.0,-1086.7537989509578,12288,0,0,uniform=6087;sir=6209,96.31962299346924,11c2a8b
var_low,1075,983040,264,0.0,200.0,-1039.0765744836642,1000,0.0,200.0,-1044.0954414883677,1000,0.0,200.0,-1049.4880569926702,12288,0,0,uniform=6087;sir=6209,96.31962299346924,11c2a8b
var_low,1075,1228800,264,0.0,200.0,-1122.7679441774249,1000,0.0,200.0,-1080.3838602548526,1000,0.0,200.0,-1088.6601518104396,12288,0,0,uniform=6087;sir=6209,96.31962299346924,11c2a8b
var_low,1075,1474560,264,0.14393939393939395,200.0,-730.1916535275565,1000,0.005,200.0,-1044.29850102827,1000,0.004,200.0,-1046.0707478257084,12288,0,0,uniform=6087;sir=6209,96.31962299346924,11c2a8b
var_low,1075,1720320,264,0.11363636363636363,200.0,-767.9654998369999,1000,0.006,200.0,-1007.2118218661004,1000,0.008,200.0,-1011.1651585974292,12288,0,0,uniform=6087;sir=6209,96.31962299346924,11c2a8b
var_low,1075,1966080,264,0.5833333333333334,200.0,-459.75914115488143,1000,0.118,200.0,-922.2310957785868,1000,0.114,200.0,-927.1612100652712,12288,0,0,uniform=6087;sir=6209,96.31962299346924,11c2a8b
var_low,1075,2211840,264,0.5984848484848485,200.0,-460.4453231944608,1000,0.119,200.0,-887.8248395292865,1000,0.118,200.0,-895.7126679641815,12288,0,0,uniform=6087;sir=6209,96.31962299346924,11c2a8b
var_low,1075,2457600,264,0.8484848484848485,200.0,-248.1079743310594,1000,0.294,200.0,-754.3939492132715,1000,0.315,200.0,-745.4673396306073,12288,0,0,uniform=6087;sir=6209,96.31962299346924,11c2a8b
var_low,1076,0,264,0.3106060606060606,200.0,-674.4941979882879,1000,0.056,200.0,-925.0345503605416,1000,0.06,200.0,-924.2857485970217,12288,0,0,uniform=6231;sir=6065,96.51197290420532,11c2a8b
var_low,1076,245760,264,0.0,200.0,-890.797610806025,1000,0.0,200.0,-998.5066360363982,1000,0.0,200.0,-998.29733918148,12288,0,0,uniform=6231;sir=6065,96.51197290420532,11c2a8b
var_low,1076,491520,264,0.3712121212121212,200.0,-623.4297774732353,1000,0.033,200.0,-1013.3924534998455,1000,0.031,200.0,-1015.4630540860563,12288,0,0,uniform=6231;sir=6065,96.51197290420532,11c2a8b
var_low,1076,737280,264,0.3068181818181818,200.0,-763.5533864648127,1000,0.033,200.0,-1115.3027608207656,1000,0.036,200.0,-1118.0476455524797,12288,0,0,uniform=6231;sir=6065,96.51197290420532,11c2a8b
var_low,1076,983040,264,0.0,200.0,-837.3111882123712,1000,0.0,200.0,-994.4526082221386,1000,0.0,200.0,-1002.2120211665232,12288,0,0,uniform=6231;sir=6065,96.51197290420532,11c2a8b
var_low,1076,1228800,264,0.0,200.0,-1123.8852201516702,1000,0.0,200.0,-1004.721526603208,1000,0.0,200.0,-1006.6613834471549,12288,0,0,uniform=6231;sir=6065,96.51197290420532,11c2a8b
var_low,1076,1474560,264,0.14772727272727273,200.0,-748.3315844938533,1000,0.004,200.0,-1001.2339096139647,1000,0.009,200.0,-997.1996669984227,12288,0,0,uniform=6231;sir=6065,96.51197290420532,11c2a8b
var_low,1076,1720320,264,0.4810606060606061,200.0,-542.1211695580661,1000,0.052,200.0,-917.8503678537969,1000,0.059,200.0,-919.8118637201273,12288,0,0,uniform=6231;sir=6065,96.51197290420532,11c2a8b
var_low,1076,1966080,264,0.7992424242424242,200.0,-338.50419234330116,1000,0.331,200.0,-749.2501711094934,1000,0.329,200.0,-769.5931458146822,12288,0,0,uniform=6231;sir=6065,96.51197290420532,11c2a8b
var_low,1076,2211840,264,0.7272727272727273,200.0,-349.5991001674794,1000,0.271,200.0,-767.8390374790152,1000,0.288,200.0,-770.211906142829,12288,0,0,uniform=6231;sir=6065,96.51197290420532,11c2a8b
var_low,1076,2457600,264,0.9393939393939394,200.0,-183.11722834076963,1000,0.405,200.0,-676.4000865612699,1000,0.43,200.0,-663.6065391914079,12288,0,0,uniform=6231;sir=6065,96.51197290420532,11c2a8b
var_low,1077,0,264,0.0,200.0,-1376.5736401332695,1000,0.0,200.0,-1389.8593554678214,1000,0.0,200.0,-1394.7359660420711,12288,0,0,uniform=6218;sir=6078,96.73372316360474,11c2a8b
var_low,1077,245760,264,0.007575757575757576,200.0,-869.1186970447214,1000,0.002,200.0,-1037.0709329160027,1000,0.001,200.0,-1051.1961609242821,12288,0,0,uniform=6218;sir=6078,96.73372316360474,11c2a8b
var_low,1077,491520,264,0.0,200.0,-970.2041160931573,1000,0.0,200.0,-1016.321920673609,1000,0.0,200.0,-1023.6480033928093,12288,0,0,uniform=6218;sir=6078,96.73372316360474,11c2a8b
var_low,1077,737280,264,0.22727272727272727,200.0,-844.9536536533652,1000,0.006,200.0,-1141.4900794828686,1000,0.009,200.0,-1144.7243707095681,12288,0,0,uniform=6218;sir=6078,96.73372316360474,11c2a8b
var_low,1077,983040,264,0.32196969696969696,200.0,-628.4966617427262,1000,0.011,200.0,-1006.385200238222,1000,0.011,200.0,-1011.7402475158085,12288,0,0,uniform=6218;sir=6078,96.73372316360474,11c2a8b
var_low,1077,1228800,264,0.0,200.0,-912.7222507869956,1000,0.0,200.0,-1011.2515320713594,1000,0.0,200.0,-1024.277816416755,12288,0,0,uniform=6218;sir=6078,96.73372316360474,11c2a8b
var_low,1077,1474560,264,0.4166666666666667,200.0,-577.8452060821777,1000,0.034,200.0,-964.8012437066923,1000,0.021,200.0,-981.8641775311658,12288,0,0,uniform=6218;sir=6078,96.73372316360474,11c2a8b
var_low,1077,1720320,264,0.6212121212121212,200.0,-400.6083624509141,1000,0.074,200.0,-895.539497369775,1000,0.071,200.0,-901.0278593773422,12288,0,0,uniform=6218;sir=6078,96.73372316360474,11c2a8b
var_low,1077,1966080,264,0.7613636363636364,200.0,-312.60889939503414,1000,0.187,200.0,-818.6458005916206,1000,0.166,200.0,-835.3051942135894,12288,0,0,uniform=6218;sir=6078,96.73372316360474,11c2a8b
var_low,1077,2211840,264,0.8484848484848485,200.0,-257.3431499881643,1000,0.276,200.0,-761.1778243134437,1000,0.278,200.0,-759.322165977455,12288,0,0,uniform=6218;sir=6078,96.73372316360474,11c2a8b
var_low,1077,2457600,264,0.8863636363636364,200.0,-214.35152418268638,1000,0.316,200.0,-734.5166748399489,1000,0.323,200.0,-729.65587979331,12288,0,0,uniform=6218;sir=6078,96.73372316360474,11c2a8b
var_low,1078,0,264,0.0,200.0,-1039.480302228916,1000,0.0,200.0,-1001.8415549457713,1000,0.0,200.0,-1004.4669225562461,12288,0,0,uniform=6118;sir=6178,96.85489296913147,11c2a8b
var_low,1078,245760,264,0.0,200.0,-933.4540577395206,1000,0.0,200.0,-962.8215476978756,1000,0.0,200.0,-967.2676676097831,12288,0,0,uniform=6118;sir=6178,96.85489296913147,11c2a8b
var_low,1078,491520,264,0.0,200.0,-905.3788816776087,1000,0.0,200.0,-990.7035393764241,1000,0.001,200.0,-995.7623264843612,12288,0,0,uniform=6118;sir=6178,96.85489296913147,11c2a8b
var_low,1078,737280,264,0.2196969696969697,200.0,-939.3624741395852,1000,0.017,200.0,-1185.7539571488462,1000,0.021,200.0,-1188.51983214933,12288,0,0,uniform=6118;sir=6178,96.85489296913147,11c2a8b
var_low,1078,983040,264,0.0,200.0,-1116.3602525106332,1000,0.0,200.0,-1051.7142361767744,1000,0.0,200.0,-1056.4103370747673,12288,0,0,uniform=6118;sir=6178,96.85489296913147,11c2a8b
var_low,1078,1228800,264,0.2840909090909091,200.0,-643.7688456098904,1000,0.026,200.0,-969.2634605967655,1000,0.027,200.0,-973.1739392973781,12288,0,0,uniform=6118;sir=6178,96.85489296913147,11c2a8b
var_low,1078,1474560,264,0.49242424242424243,200.0,-506.6003268816538,1000,0.093,200.0,-931.7754344068157,1000,0.1,200.0,-929.9811022811637,12288,0,0,uniform=6118;sir=6178,96.85489296913147,11c2a8b
var_low,1078,1720320,264,0.5492424242424242,200.0,-441.394494388786,1000,0.092,200.0,-863.1973137298143,1000,0.1,200.0,-865.6783608184617,12288,0,0,uniform=6118;sir=6178,96.85489296913147,11c2a8b
var_low,1078,1966080,264,0.8825757575757576,200.0,-224.41541403204025,1000,0.277,200.0,-745.8232852322031,1000,0.309,200.0,-742.7255332783707,12288,0,0,uniform=6118;sir=6178,96.85489296913147,11c2a8b
var_low,1078,2211840,264,0.8787878787878788,200.0,-218.54451793611747,1000,0.341,200.0,-714.3247741126308,1000,0.352,200.0,-715.4522542548445,12288,0,0,uniform=6118;sir=6178,96.85489296913147,11c2a8b
var_low,1078,2457600,264,0.9393939393939394,200.0,-178.01807938442096,1000,0.41,200.0,-675.6578639034287,1000,0.434,200.0,-667.5179455116997,12288,0,0,uniform=6118;sir=6178,96.85489296913147,11c2a8b
var_low,1079,0,264,0.0,200.0,-1473.9152525758668,1000,0.0,200.0,-1437.9713877878478,1000,0.0,200.0,-1449.8382894248018,12288,0,0,uniform=6074;sir=6222,99.56608414649963,11c2a8b
var_low,1079,245760,264,0.3106060606060606,200.0,-854.023761579473,1000,0.013,200.0,-1202.9436236414876,1000,0.015,200.0,-1206.2980180572542,12288,0,0,uniform=6074;sir=6222,99.56608414649963,11c2a8b
var_low,1079,491520,264,0.01893939393939394,200.0,-777.6155366621537,1000,0.001,200.0,-976.5263646859513,1000,0.004,200.0,-975.4416859666712,12288,0,0,uniform=6074;sir=6222,99.56608414649963,11c2a8b
var_low,1079,737280,264,0.0,200.0,-1146.7515795567656,1000,0.0,200.0,-1021.4659437299441,1000,0.0,200.0,-1022.5647141726222,12288,0,0,uniform=6074;sir=6222,99.56608414649963,11c2a8b
var_low,1079,983040,264,0.2916666666666667,200.0,-794.8044067636702,1000,0.014,200.0,-1135.2649503286536,1000,0.012,200.0,-1141.3617110178857,12288,0,0,uniform=6074;sir=6222,99.56608414649963,11c2a8b
var_low,1079,1228800,264,0.041666666666666664,200.0,-816.0989843426648,1000,0.001,200.0,-987.0007539784202,1000,0.0,200.0,-987.6137580124798,12288,0,0,uniform=6074;sir=6222,99.56608414649963,11c2a8b
var_low,1079,1474560,264,0.32196969696969696,200.0,-581.5128503484384,1000,0.022,200.0,-978.3209446381227,1000,0.018,200.0,-982.8267863078684,12288,0,0,uniform=6074;sir=6222,99.56608414649963,11c2a8b
var_low,1079,1720320,264,0.5151515151515151,200.0,-498.3085355791219,1000,0.073,200.0,-958.0382994703659,1000,0.079,200.0,-959.6173281499624,12288,0,0,uniform=6074;sir=6222,99.56608414649963,11c2a8b
var_low,1079,1966080,264,0.6704545454545454,200.0,-374.24055867835705,1000,0.095,200.0,-940.0308032926156,1000,0.113,200.0,-929.6953959975841,12288,0,0,uniform=6074;sir=6222,99.56608414649963,11c2a8b
var_low,1079,2211840,264,0.7121212121212122,200.0,-395.2927852330339,1000,0.148,200.0,-914.5557171841406,1000,0.157,200.0,-918.5073040752358,12288,0,0,uniform=6074;sir=6222,99.56608414649963,11c2a8b
var_low,1079,2457600,264,0.8371212121212122,200.0,-278.2837411797579,1000,0.272,200.0,-831.0718437389356,1000,0.28,200.0,-829.1126499013752,12288,0,0,uniform=6074;sir=6222,99.56608414649963,11c2a8b
var_low,1080,0,264,0.0,200.0,-1334.748744533086,1000,0.0,200.0,-1259.9425513843862,1000,0.0,200.0,-1256.7166108834306,12288,0,0,uniform=6186;sir=6110,99.63492202758789,11c2a8b
var_low,1080,245760,264,0.0,200.0,-1047.117092356198,1000,0.0,200.0,-1067.3474626028244,1000,0.001,200.0,-1068.2001768527248,12288,0,0,uniform=6186;sir=6110,99.63492202758789,11c2a8b
var_low,1080,491520,264,0.007575757575757576,200.0,-1025.4306219659838,1000,0.0,200.0,-984.3507345971562,1000,0.0,200.0,-993.3671965603954,12288,0,0,uniform=6186;sir=6110,99.63492202758789,11c2a8b
var_low,1080,737280,264,0.26515151515151514,200.0,-720.8090989612714,1000,0.024,200.0,-1045.026751031951,1000,0.029,200.0,-1043.7328076636122,12288,0,0,uniform=6186;sir=6110,99.63492202758789,11c2a8b
var_low,1080,983040,264,0.26136363636363635,200.0,-682.1652932693971,1000,0.016,200.0,-930.5851429005369,1000,0.016,200.0,-935.955431991983,12288,0,0,uniform=6186;sir=6110,99.63492202758789,11c2a8b
var_low,1080,1228800,264,0.6893939393939394,200.0,-358.17931802681323,1000,0.157,200.0,-832.5558101703593,1000,0.164,200.0,-828.9219717833114,12288,0,0,uniform=6186;sir=6110,99.63492202758789,11c2a8b
var_low,1080,1474560,264,0.6893939393939394,200.0,-343.44161658841796,1000,0.144,200.0,-836.4466387714365,1000,0.14,200.0,-836.0881061906001,12288,0,0,uniform=6186;sir=6110,99.63492202758789,11c2a8b
var_low,1080,1720320,264,0.8560606060606061,200.0,-257.04349326462386,1000,0.306,200.0,-732.2679959804885,1000,0.306,200.0,-733.2315287037121,12288,0,0,uniform=6186;sir=6110,99.63492202758789,11c2a8b
var_low,1080,1966080,264,0.9356060606060606,200.0,-193.5149264294464,1000,0.454,200.0,-655.1653712852521,1000,0.443,200.0,-655.1606065092168,12288,0,0,uniform=6186;sir=6110,99.63492202758789,11c2a8b
var_low,1080,2211840,264,0.8787878787878788,200.0,-228.74442722820254,1000,0.431,200.0,-672.3155202627233,1000,0.413,200.0,-674.9780614382408,12288,0,0,uniform=6186;sir=6110,99.63492202758789,11c2a8b
var_low,1080,2457600,264,0.9242424242424242,200.0,-197.0033637918888,1000,0.431,200.0,-667.029053502101,1000,0.442,200.0,-668.0756752307101,12288,0,0,uniform=6186;sir=6110,99.63492202758789,11c2a8b
var_low,1081,0,264,0.0,200.0,-1100.3905540887909,1000,0.0,200.0,-1119.7423757514791,1000,0.0,200.0,-1125.5514264411424,12288,0,0,uniform=6108;sir=6188,99.83590388298035,11c2a8b
var_low,1081,245760,264,0.0,200.0,-1342.8116864872666,1000,0.0,200.0,-1123.5000911878562,1000,0.0,200.0,-1133.250196416975,12288,0,0,uniform=6108;sir=6188,99.83590388298035,11c2a8b
var_low,1081,491520,264,0.3560606060606061,200.0,-736.8681719929488,1000,0.035,200.0,-1111.3557693401542,1000,0.029,200.0,-1119.2756220669328,12288,0,0,uniform=6108;sir=6188,99.83590388298035,11c2a8b
var_low,1081,737280,264,0.14772727272727273,200.0,-728.0422916457524,1000,0.008,200.0,-1028.5048639991671,1000,0.007,200.0,-1031.9410491589947,12288,0,0,uniform=6108;sir=6188,99.83590388298035,11c2a8b
var_low,1081,983040,264,0.125,200.0,-709.9151209470363,1000,0.005,200.0,-1010.4668758439493,1000,0.005,200.0,-1013.0457860959323,12288,0,0,uniform=6108;sir=6188,99.83590388298035,11c2a8b
var_low,1081,1228800,264,0.09090909090909091,200.0,-859.8601747252121,1000,0.001,200.0,-984.8022303517183,1000,0.003,200.0,-986.0245633613451,12288,0,0,uniform=6108;sir=6188,99.83590388298035,11c2a8b
var_low,1081,1474560,264,0.23863636363636365,200.0,-757.6117957638843,1000,0.011,200.0,-1010.8378877648823,1000,0.008,200.0,-1018.5937064313747,12288,0,0,uniform=6108;sir=6188,99.83590388298035,11c2a8b
var_low,1081,1720320,264,0.18181818181818182,200.0,-672.2925097798257,1000,0.0,200.0,-985.839055073557,1000,0.007,200.0,-991.9340356216188,12288,0,0,uniform=6108;sir=6188,99.83590388298035,11c2a8b
var_low,1081,1966080,264,0.20833333333333334,200.0,-719.9030588088272,1000,0.006,200.0,-993.9075576949915,1000,0.003,200.0,-1000.5458643267566,12288,0,0,uniform=6108;sir=6188,99.83590388298035,11c2a8b
var_low,1081,2211840,264,0.6022727272727273,200.0,-442.21198578977913,1000,0.049,200.0,-962.5070456607729,1000,0.062,200.0,-954.9868591067986,12288,0,0,uniform=6108;sir=6188,99.83590388298035,11c2a8b
var_low,1081,2457600,264,0.6325757575757576,200.0,-423.2035870252482,1000,0.08,200.0,-993.0824810943136,1000,0.102,200.0,-985.7743994432288,12288,0,0,uniform=6108;sir=6188,99.83590388298035,11c2a8b
var_low,1082,0,264,0.0,200.0,-1437.6038158610409,1000,0.0,200.0,-1316.8668405721937,1000,0.0,200.0,-1321.3069276366252,12288,0,0,uniform=6126;sir=6170,99.91654515266418,11c2a8b
var_low,1082,245760,264,0.23863636363636365,200.0,-692.6254481415557,1000,0.024,200.0,-1022.6113608858891,1000,0.024,200.0,-1026.6924270052605,12288,0,0,uniform=6126;sir=6170,99.91654515266418,11c2a8b
var_low,1082,491520,264,0.2878787878787879,200.0,-640.1014270971662,1000,0.011,200.0,-1017.9262344775121,1000,0.012,200.0,-1022.2772050345177,12288,0,0,uniform=6126;sir=6170,99.91654515266418,11c2a8b
var_low,1082,737280,264,0.07954545454545454,200.0,-1034.6782436604428,1000,0.001,200.0,-1059.0575386754251,1000,0.0,200.0,-1064.0294144650657,12288,0,0,uniform=6126;sir=6170,99.91654515266418,11c2a8b
var_low,1082,983040,264,0.38636363636363635,200.0,-624.0278456958021,1000,0.04,200.0,-1019.4958891420698,1000,0.04,200.0,-1023.7635550668505,12288,0,0,uniform=6126;sir=6170,99.91654515266418,11c2a8b
var_low,1082,1228800,264,0.3446969696969697,200.0,-614.7220099366425,1000,0.014,200.0,-1005.296626062076,1000,0.016,200.0,-1016.8420778940203,12288,0,0,uniform=6126;sir=6170,99.91654515266418,11c2a8b
var_low,1082,1474560,264,0.030303030303030304,200.0,-1130.092851360564,1000,0.002,200.0,-1028.462648222529,1000,0.0,200.0,-1037.666467928913,12288,0,0,uniform=6126;sir=6170,99.91654515266418,11c2a8b
var_low,1082,1720320,264,0.48484848484848486,200.0,-567.3512824929677,1000,0.044,200.0,-966.9947073717357,1000,0.039,200.0,-972.4397710103393,12288,0,0,uniform=6126;sir=6170,99.91654515266418,11c2a8b
var_low,1082,1966080,264,0.7045454545454546,200.0,-360.41531529971274,1000,0.102,200.0,-913.7841654372882,1000,0.099,200.0,-922.1435675433673,12288,0,0,uniform=6126;sir=6170,99.91654515266418,11c2a8b
var_low,1082,2211840,264,0.7272727272727273,200.0,-351.33683404993553,1000,0.177,200.0,-875.891637614081,1000,0.175,200.0,-878.2324635067067,12288,0,0,uniform=6126;sir=6170,99.91654515266418,11c2a8b
var_low,1082,2457600,264,0.7954545454545454,200.0,-290.3330872235786,1000,0.288,200.0,-793.638781251909,1000,0.278,200.0,-805.6604969994389,12288,0,0,uniform=6126;sir=6170,99.91654515266418,11c2a8b
var_low,1083,0,264,0.0,200.0,-1320.864945557614,1000,0.0,200.0,-1147.9946627033387,1000,0.0,200.0,-1150.3405728850564,12288,0,0,uniform=6109;sir=6187,100.65876412391663,11c2a8b
var_low,1083,245760,264,0.0,200.0,-1172.03391940943,1000,0.0,200.0,-1207.6986818423582,1000,0.0,200.0,-1210.0158551411175,12288,0,0,uniform=6109;sir=6187,100.65876412391663,11c2a8b
var_low,1083,491520,264,0.0,200.0,-1211.9596843464476,1000,0.0,200.0,-1021.4017674370938,1000,0.0,200.0,-1026.3134692041729,12288,0,0,uniform=6109;sir=6187,100.65876412391663,11c2a8b
var_low,1083,737280,264,0.0,200.0,-922.3014782338172,1000,0.0,200.0,-1095.061058818737,1000,0.0,200.0,-1101.5513599509222,12288,0,0,uniform=6109;sir=6187,100.65876412391663,11c2a8b
var_low,1083,983040,264,0.14393939393939395,200.0,-753.4096076925161,1000,0.001,200.0,-1069.7075613281586,1000,0.0,200.0,-1071.8919693936075,12288,0,0,uniform=6109;sir=6187,100.65876412391663,11c2a8b
var_low,1083,1228800,264,0.0,200.0,-816.7363090047419,1000,0.0,200.0,-984.9327125767952,1000,0.0,200.0,-989.4950577413009,12288,0,0,uniform=6109;sir=6187,100.65876412391663,11c2a8b
var_low,1083,1474560,264,0.026515151515151516,200.0,-722.590535094237,1000,0.001,200.0,-947.4909949566805,1000,0.003,200.0,-953.2083449061173,12288,0,0,uniform=6109;sir=6187,100.65876412391663,11c2a8b
var_low,1083,1720320,264,0.6060606060606061,200.0,-407.667540933595,1000,0.115,200.0,-867.9727875488661,1000,0.115,200.0,-866.9051190547342,12288,0,0,uniform=6109;sir=6187,100.65876412391663,11c2a8b
var_low,1083,1966080,264,0.7878787878787878,200.0,-290.9771986956969,1000,0.176,200.0,-811.8000877191708,1000,0.185,200.0,-810.6221370604684,12288,0,0,uniform=6109;sir=6187,100.65876412391663,11c2a8b
var_low,1083,2211840,264,0.8181818181818182,200.0,-266.0175870637925,1000,0.264,200.0,-758.4947283073511,1000,0.271,200.0,-755.6341805188359,12288,0,0,uniform=6109;sir=6187,100.65876412391663,11c2a8b
var_low,1083,2457600,264,0.928030303030303,200.0,-198.85600455546694,1000,0.44,200.0,-659.5678179218171,1000,0.454,200.0,-654.7484142427098,12288,0,0,uniform=6109;sir=6187,100.65876412391663,11c2a8b
var_low,1084,0,264,0.0,200.0,-1344.4334077040735,1000,0.0,200.0,-1284.4898650653283,1000,0.0,200.0,-1293.4394628295568,12288,0,0,uniform=6227;sir=6069,100.90405583381653,11c2a8b
var_low,1084,245760,264,0.0,200.0,-1134.0309381415384,1000,0.0,200.0,-996.0327113719771,1000,0.0,200.0,-1002.9052809144326,12288,0,0,uniform=6227;sir=6069,100.90405583381653,11c2a8b
var_low,1084,491520,264,0.0,200.0,-1221.4710865978282,1000,0.0,200.0,-1010.5394091510747,1000,0.0,200.0,-1010.0749854247019,12288,0,0,uniform=6227;sir=6069,100.90405583381653,11c2a8b
var_low,1084,737280,264,0.4015151515151515,200.0,-692.1513641446755,1000,0.037,200.0,-1104.947798883988,1000,0.036,200.0,-1111.7478288592006,12288,0,0,uniform=6227;sir=6069,100.90405583381653,11c2a8b
var_low,1084,983040,264,0.48484848484848486,200.0,-523.4791460694714,1000,0.093,200.0,-942.099600045776,1000,0.072,200.0,-959.8740140848516,12288,0,0,uniform=6227;sir=6069,100.90405583381653,11c2a8b
var_low,1084,1228800,264,0.5037878787878788,200.0,-581.5331004516954,1000,0.106,200.0,-1013.8889981050851,1000,0.113,200.0,-1016.6413363090631,12288,0,0,uniform=6227;sir=6069,100.90405583381653,11c2a8b
var_low,1084,1474560,264,0.06818181818181818,200.0,-940.6917260108612,1000,0.004,200.0,-993.8147716687472,1000,0.004,200.0,-1009.5383267465138,12288,0,0,uniform=6227;sir=6069,100.90405583381653,11c2a8b
var_low,1084,1720320,264,0.7121212121212122,200.0,-353.8315640318266,1000,0.156,200.0,-886.8527321288863,1000,0.156,200.0,-888.5362944464732,12288,0,0,uniform=6227;sir=6069,100.90405583381653,11c2a8b
var_low,1084,1966080,264,0.7234848484848485,200.0,-326.91943070480374,1000,0.175,200.0,-838.543148110586,1000,0.172,200.0,-836.5044378016614,12288,0,0,uniform=6227;sir=6069,100.90405583381653,11c2a8b
var_low,1084,2211840,264,0.8674242424242424,200.0,-243.8314848602672,1000,0.336,200.0,-729.2811082241607,1000,0.351,200.0,-722.5390093953572,12288,0,0,uniform=6227;sir=6069,100.90405583381653,11c2a8b
var_low,1084,2457600,264,0.8295454545454546,200.0,-277.2200486737339,1000,0.337,200.0,-728.9851088662865,1000,0.334,200.0,-733.1972986371518,12288,0,0,uniform=6227;sir=6069,100.90405583381653,11c2a8b
var_low,1085,0,264,0.0,200.0,-1407.8198843617593,1000,0.0,200.0,-1342.5212816399894,1000,0.0,200.0,-1350.109533568615,12288,0,0,uniform=6163;sir=6133,108.01386404037476,11c2a8b
var_low,1085,245760,264,0.026515151515151516,200.0,-869.9140683011818,1000,0.004,200.0,-1061.074449752151,1000,0.003,200.0,-1071.9251892824097,12288,0,0,uniform=6163;sir=6133,108.01386404037476,11c2a8b
var_low,1085,491520,264,0.0,200.0,-1287.4402860286511,1000,0.0,200.0,-1040.8688660998466,1000,0.0,200.0,-1047.119450322234,12288,0,0,uniform=6163;sir=6133,108.01386404037476,11c2a8b
var_low,1085,737280,264,0.2765151515151515,200.0,-898.9770942625473,1000,0.011,200.0,-1213.0773985167166,1000,0.014,200.0,-1216.7301307831317,12288,0,0,uniform=6163;sir=6133,108.01386404037476,11c2a8b
var_low,1085,983040,264,0.38257575757575757,200.0,-789.1876430648256,1000,0.008,200.0,-1227.3847842777993,1000,0.009,200.0,-1232.2466634047144,12288,0,0,uniform=6163;sir=6133,108.01386404037476,11c2a8b
var_low,1085,1228800,264,0.0,200.0,-886.5939799307449,1000,0.0,200.0,-978.0094369230997,1000,0.001,200.0,-983.4833070471846,12288,0,0,uniform=6163;sir=6133,108.01386404037476,11c2a8b
var_low,1085,1474560,264,0.17424242424242425,200.0,-681.8140554411582,1000,0.004,200.0,-998.115733546108,1000,0.003,200.0,-1004.8635405054937,12288,0,0,uniform=6163;sir=6133,108.01386404037476,11c2a8b
var_low,1085,1720320,264,0.4356060606060606,200.0,-592.0427284574213,1000,0.073,200.0,-948.686749830669,1000,0.076,200.0,-949.9574460940158,12288,0,0,uniform=6163;sir=6133,108.01386404037476,11c2a8b
var_low,1085,1966080,264,0.44696969696969696,200.0,-578.3831825207761,1000,0.039,200.0,-969.2287701279943,1000,0.037,200.0,-973.5155630109798,12288,0,0,uniform=6163;sir=6133,108.01386404037476,11c2a8b
var_low,1085,2211840,264,0.48863636363636365,200.0,-531.7459684384635,1000,0.046,200.0,-975.9926369595561,1000,0.047,200.0,-981.1450756916207,12288,0,0,uniform=6163;sir=6133,108.01386404037476,11c2a8b
var_low,1085,2457600,264,0.5340909090909091,200.0,-539.4005380142122,1000,0.041,200.0,-996.2319884534014,1000,0.063,200.0,-985.0948356979343,12288,0,0,uniform=6163;sir=6133,108.01386404037476,11c2a8b
var_low,1086,0,264,0.0,200.0,-1376.32430887229,1000,0.0,200.0,-1304.196862255692,1000,0.0,200.0,-1314.4212953172232,12288,0,0,uniform=6073;sir=6223,107.99752497673035,11c2a8b
var_low,1086,245760,264,0.0,200.0,-1097.085186454589,1000,0.0,200.0,-1123.9707090919228,1000,0.0,200.0,-1131.5533398485159,12288,0,0,uniform=6073;sir=6223,107.99752497673035,11c2a8b
var_low,1086,491520,264,0.0,200.0,-928.6914254199481,1000,0.0,200.0,-996.8025949770098,1000,0.0,200.0,-995.1956743858794,12288,0,0,uniform=6073;sir=6223,107.99752497673035,11c2a8b
var_low,1086,737280,264,0.3181818181818182,200.0,-777.4005763254954,1000,0.008,200.0,-1146.7146615028605,1000,0.008,200.0,-1152.1947481823427,12288,0,0,uniform=6073;sir=6223,107.99752497673035,11c2a8b
var_low,1086,983040,264,0.003787878787878788,200.0,-856.1155899577625,1000,0.0,200.0,-1115.3528000049369,1000,0.0,200.0,-1120.5912807065151,12288,0,0,uniform=6073;sir=6223,107.99752497673035,11c2a8b
var_low,1086,1228800,264,0.0,200.0,-1300.9925561255623,1000,0.0,200.0,-1038.551051986271,1000,0.0,200.0,-1047.7300200680083,12288,0,0,uniform=6073;sir=6223,107.99752497673035,11c2a8b
var_low,1086,1474560,264,0.0,200.0,-1078.32590243294,1000,0.0,200.0,-1004.4717584428147,1000,0.0,200.0,-1012.0085330939554,12288,0,0,uniform=6073;sir=6223,107.99752497673035,11c2a8b
var_low,1086,1720320,264,0.4090909090909091,200.0,-528.3103194443192,1000,0.023,200.0,-970.3872711370082,1000,0.02,200.0,-977.9389756767624,12288,0,0,uniform=6073;sir=6223,107.99752497673035,11c2a8b
var_low,1086,1966080,264,0.5984848484848485,200.0,-453.50715063184833,1000,0.098,200.0,-960.7232682802061,1000,0.094,200.0,-969.0470029272909,12288,0,0,uniform=6073;sir=6223,107.99752497673035,11c2a8b
var_low,1086,2211840,264,0.6818181818181818,200.0,-411.45132381770964,1000,0.094,200.0,-973.1019482943215,1000,0.102,200.0,-972.6451545689741,12288,0,0,uniform=6073;sir=6223,107.99752497673035,11c2a8b
var_low,1086,2457600,264,0.7121212121212122,200.0,-385.69572716160195,1000,0.209,200.0,-933.866670067674,1000,0.171,200.0,-955.4154469338646,12288,0,0,uniform=6073;sir=6223,107.99752497673035,11c2a8b
var_low,1087,0,264,0.0,200.0,-1293.3121582380845,1000,0.0,200.0,-1130.7752552264437,1000,0.0,200.0,-1134.7008434497802,12288,0,0,uniform=6099;sir=6197,108.04919195175171,11c2a8b
var_low,1087,245760,264,0.026515151515151516,200.0,-1144.6465442215012,1000,0.0,200.0,-1133.8174544462365,1000,0.0,200.0,-1141.7486797815748,12288,0,0,uniform=6099;sir=6197,108.04919195175171,11c2a8b
var_low,1087,491520,264,0.36363636363636365,200.0,-713.067786828884,1000,0.021,200.0,-1098.0734701652327,1000,0.023,200.0,-1102.3458890928882,12288,0,0,uniform=6099;sir=6197,108.04919195175171,11c2a8b
var_low,1087,737280,264,0.17424242424242425,200.0,-669.946790314517,1000,0.005,200.0,-1008.1557845805094,1000,0.002,200.0,-1012.5126697963286,12288,0,0,uniform=6099;sir=6197,108.04919195175171,11c2a8b
var_low,1087,983040,264,0.39015151515151514,200.0,-710.9873598533637,1000,0.028,200.0,-1118.6385777679789,1000,0.033,200.0,-1119.638359545827,12288,0,0,uniform=6099;sir=6197,108.04919195175171,11c2a8b
var_low,1087,1228800,264,0.4621212121212121,200.0,-536.386356463692,1000,0.06,200.0,-962.5517309284193,1000,0.046,200.0,-981.3071710537037,12288,0,0,uniform=6099;sir=6197,108.04919195175171,11c2a8b
var_low,1087,1474560,264,0.0,200.0,-1186.037593001256,1000,0.0,200.0,-1047.406618608984,1000,0.0,200.0,-1055.631044632201,12288,0,0,uniform=6099;sir=6197,108.04919195175171,11c2a8b
var_low,1087,1720320,264,0.48863636363636365,200.0,-627.8925221807459,1000,0.106,200.0,-1055.8499963840782,1000,0.104,200.0,-1067.4322968400209,12288,0,0,uniform=6099;sir=6197,108.04919195175171,11c2a8b
var_low,1087,1966080,264,0.30303030303030304,200.0,-845.6071616497534,1000,0.016,200.0,-1048.974162535764,1000,0.021,200.0,-1058.0462760097478,12288,0,0,uniform=6099;sir=6197,108.04919195175171,11c2a8b
var_low,1087,2211840,264,0.5606060606060606,200.0,-553.9070047962152,1000,0.088,200.0,-978.5432668239386,1000,0.089,200.0,-997.0395809854172,12288,0,0,uniform=6099;sir=6197,108.04919195175171,11c2a8b
var_low,1087,2457600,264,0.5795454545454546,200.0,-549.5147708003606,1000,0.144,200.0,-969.5030585312543,1000,0.135,200.0,-993.2962300213171,12288,0,0,uniform=6099;sir=6197,108.04919195175171,11c2a8b
var_low,1088,0,264,0.0,200.0,-1317.821639077923,1000,0.0,200.0,-1321.9413249669988,1000,0.0,200.0,-1327.3224372405643,12288,0,0,uniform=6153;sir=6143,108.12336802482605,11c2a8b
var_low,1088,245760,264,0.44696969696969696,200.0,-534.1009305970699,1000,0.068,200.0,-943.9014943262388,1000,0.067,200.0,-944.3075111608429,12288,0,0,uniform=6153;sir=6143,108.12336802482605,11c2a8b
var_low,1088,491520,264,0.26136363636363635,200.0,-736.9734782073334,1000,0.012,200.0,-1051.903959377295,1000,0.011,200.0,-1052.907435630486,12288,0,0,uniform=6153;sir=6143,108.12336802482605,11c2a8b
var_low,1088,737280,264,0.0,200.0,-870.6153092724571,1000,0.0,200.0,-992.0707471341899,1000,0.001,200.0,-990.0141439701433,12288,0,0,uniform=6153;sir=6143,108.12336802482605,11c2a8b
var_low,1088,983040,264,0.24621212121212122,200.0,-770.1961945498059,1000,0.029,200.0,-1087.7004121256357,1000,0.029,200.0,-1089.3174162742366,12288,0,0,uniform=6153;sir=6143,108.12336802482605,11c2a8b
var_low,1088,1228800,264,0.3106060606060606,200.0,-726.0484389863207,1000,0.036,200.0,-1048.2279348226512,1000,0.044,200.0,-1044.6030636388293,12288,0,0,uniform=6153;sir=6143,108.12336802482605,11c2a8b
var_low,1088,1474560,264,0.3181818181818182,200.0,-735.9913327269605,1000,0.038,200.0,-1059.8842669300088,1000,0.046,200.0,-1055.9330561142078,12288,0,0,uniform=6153;sir=6143,108.12336802482605,11c2a8b
var_low,1088,1720320,264,0.0,200.0,-1204.6055285368002,1000,0.0,200.0,-1058.7916747732831,1000,0.0,200.0,-1067.2570125580037,12288,0,0,uniform=6153;sir=6143,108.12336802482605,11c2a8b
var_low,1088,1966080,264,0.4318181818181818,200.0,-626.3550454618833,1000,0.032,200.0,-991.7136840824016,1000,0.026,200.0,-993.1424824482393,12288,0,0,uniform=6153;sir=6143,108.12336802482605,11c2a8b
var_low,1088,2211840,264,0.7462121212121212,200.0,-367.56418876395225,1000,0.187,200.0,-865.5659483744756,1000,0.203,200.0,-856.9939159346006,12288,0,0,uniform=6153;sir=6143,108.12336802482605,11c2a8b
var_low,1088,2457600,264,0.8484848484848485,200.0,-264.0675993677738,1000,0.34,200.0,-771.174555949801,1000,0.334,200.0,-773.4902614465288,12288,0,0,uniform=6153;sir=6143,108.12336802482605,11c2a8b
var_low,1089,0,264,0.0,200.0,-1255.6368532850686,1000,0.0,200.0,-1083.2624622111234,1000,0.0,200.0,-1089.7571507829275,12288,0,0,uniform=6201;sir=6095,107.56903123855591,11c2a8b
var_low,1089,245760,264,0.10227272727272728,200.0,-1103.8697882180738,1000,0.007,200.0,-1052.8505349114046,1000,0.008,200.0,-1064.8613179219467,12288,0,0,uniform=6201;sir=6095,107.56903123855591,11c2a8b
var_low,1089,491520,264,0.36742424242424243,200.0,-716.6905488815025,1000,0.012,200.0,-1119.1221897933344,1000,0.012,200.0,-1123.8733035792322,12288,0,0,uniform=6201;sir=6095,107.56903123855591,11c2a8b
var_low,1089,737280,264,0.0,200.0,-1114.0575334763587,1000,0.0,200.0,-1011.0247229026908,1000,0.0,200.0,-1018.8391949795702,12288,0,0,uniform=6201;sir=6095,107.56903123855591,11c2a8b
var_low,1089,983040,264,0.0,200.0,-1274.6340915585974,1000,0.0,200.0,-1047.019863517828,1000,0.001,200.0,-1052.818333847997,12288,0,0,uniform=6201;sir=6095,107.56903123855591,11c2a8b
var_low,1089,1228800,264,0.0,200.0,-1178.004110710743,1000,0.0,200.0,-1019.9900708081746,1000,0.0,200.0,-1026.4099852063869,12288,0,0,uniform=6201;sir=6095,107.56903123855591,11c2a8b
var_low,1089,1474560,264,0.4015151515151515,200.0,-562.1211671258407,1000,0.03,200.0,-979.7914135526727,1000,0.026,200.0,-986.9337490282852,12288,0,0,uniform=6201;sir=6095,107.56903123855591,11c2a8b
var_low,1089,1720320,264,0.5113636363636364,200.0,-488.86562633553683,1000,0.07,200.0,-964.7665102014435,1000,0.06,200.0,-972.9273316216386,12288,0,0,uniform=6201;sir=6095,107.56903123855591,11c2a8b
var_low,1089,1966080,264,0.5303030303030303,200.0,-483.84501341346885,1000,0.029,200.0,-965.1192349929796,1000,0.026,200.0,-970.723443521847,12288,0,0,uniform=6201;sir=6095,107.56903123855591,11c2a8b
var_low,1089,2211840,264,0.6098484848484849,200.0,-422.6199393487899,1000,0.075,200.0,-933.91900996357,1000,0.075,200.0,-935.2681087585803,12288,0,0,uniform=6201;sir=6095,107.56903123855591,11c2a8b
var_low,1089,2457600,264,0.7121212121212122,200.0,-364.47007105661936,1000,0.136,200.0,-888.5292375806756,1000,0.127,200.0,-898.331547506166,12288,0,0,uniform=6201;sir=6095,107.56903123855591,11c2a8b
var_low,1090,0,264,0.0,200.0,-1363.0025606633235,1000,0.0,200.0,-1185.9351906469267,1000,0.0,200.0,-1190.8192517266516,12288,0,0,uniform=6007;sir=6289,107.62688207626343,11c2a8b
var_low,1090,245760,264,0.06060606060606061,200.0,-965.7920323327966,1000,0.001,200.0,-1043.4456275487896,1000,0.0,200.0,-1050.1745452210148,12288,0,0,uniform=6007;sir=6289,107.62688207626343,11c2a8b
var_low,1090,491520,264,0.08712121212121213,200.0,-979.9374719220127,1000,0.01,200.0,-989.4009317394305,1000,0.003,200.0,-994.0977851771326,12288,0,0,uniform=6007;sir=6289,107.62688207626343,11c2a8b
var_low,1090,737280,264,0.3106060606060606,200.0,-637.2457184741398,1000,0.017,200.0,-1010.9524586341545,1000,0.015,200.0,-1014.8870589428733,12288,0,0,uniform=6007;sir=6289,107.62688207626343,11c2a8b
var_low,1090,983040,264,0.32196969696969696,200.0,-677.558054716487,1000,0.008,200.0,-1065.4837840418797,1000,0.008,200.0,-1068.4774246538934,12288,0,0,uniform=6007;sir=6289,107.62688207626343,11c2a8b
var_low,1090,1228800,264,0.4734848484848485,200.0,-563.7329185936262,1000,0.032,200.0,-1023.093258192653,1000,0.04,200.0,-1021.318291409528,12288,0,0,uniform=6007;sir=6289,107.62688207626343,11c2a8b
var_low,1090,1474560,264,0.44696969696969696,200.0,-646.3042501030893,1000,0.077,200.0,-1071.1432527912987,1000,0.072,200.0,-1075.9021071252807,12288,0,0,uniform=6007;sir=6289,107.62688207626343,11c2a8b
var_low,1090,1720320,264,0.5340909090909091,200.0,-503.9890046379824,1000,0.05,200.0,-1014.778832745503,1000,0.058,200.0,-1017.017791482719,12288,0,0,uniform=6007;sir=6289,107.62688207626343,11c2a8b
var_low,1090,1966080,264,0.5757575757575758,200.0,-489.71924007764727,1000,0.073,200.0,-1019.107000207666,1000,0.079,200.0,-1025.0213917960682,12288,0,0,uniform=6007;sir=6289,107.62688207626343,11c2a8b
var_low,1090,2211840,264,0.5151515151515151,200.0,-604.384865148668,1000,0.064,200.0,-1061.701834995067,1000,0.071,200.0,-1062.6003318187786,12288,0,0,uniform=6007;sir=6289,107.62688207626343,11c2a8b
var_low,1090,2457600,264,0.7386363636363636,200.0,-354.2422252163143,1000,0.23,200.0,-911.0922878895958,1000,0.219,200.0,-915.3138127943796,12288,0,0,uniform=6007;sir=6289,107.62688207626343,11c2a8b
var_low,1092,0,264,0.0,200.0,-1322.6458428741284,1000,0.0,200.0,-1126.7526359917988,1000,0.0,200.0,-1133.6233755616158,12288,0,0,uniform=6096;sir=6200,96.945072889328,11c2a8b
var_low,1092,245760,264,0.0,200.0,-870.1336786918455,1000,0.0,200.0,-1104.2120980613577,1000,0.0,200.0,-1112.1276803272774,12288,0,0,uniform=6096;sir=6200,96.945072889328,11c2a8b
var_low,1092,491520,264,0.29545454545454547,200.0,-724.290508186908,1000,0.012,200.0,-1070.2212663498658,1000,0.011,200.0,-1073.022878159275,12288,0,0,uniform=6096;sir=6200,96.945072889328,11c2a8b
var_low,1092,737280,264,0.24242424242424243,200.0,-795.3686937150322,1000,0.011,200.0,-1106.331090439978,1000,0.009,200.0,-1114.5599008696295,12288,0,0,uniform=6096;sir=6200,96.945072889328,11c2a8b
var_low,1092,983040,264,0.11742424242424243,200.0,-764.2311005243046,1000,0.001,200.0,-1058.1963348743686,1000,0.001,200.0,-1059.6421762828986,12288,0,0,uniform=6096;sir=6200,96.945072889328,11c2a8b
var_low,1092,1228800,264,0.23863636363636365,200.0,-682.8291044581654,1000,0.025,200.0,-990.293730755653,1000,0.012,200.0,-1005.455568834669,12288,0,0,uniform=6096;sir=6200,96.945072889328,11c2a8b
var_low,1092,1474560,264,0.36742424242424243,200.0,-624.4798936376932,1000,0.038,200.0,-975.6249078808659,1000,0.028,200.0,-991.9785130286122,12288,0,0,uniform=6096;sir=6200,96.945072889328,11c2a8b
var_low,1092,1720320,264,0.08333333333333333,200.0,-919.8755031814667,1000,0.012,200.0,-976.6924581538241,1000,0.01,200.0,-975.1213905555843,12288,0,0,uniform=6096;sir=6200,96.945072889328,11c2a8b
var_low,1092,1966080,264,0.6363636363636364,200.0,-388.1539652235878,1000,0.079,200.0,-930.7632753719839,1000,0.082,200.0,-936.2723668346656,12288,0,0,uniform=6096;sir=6200,96.945072889328,11c2a8b
var_low,1092,2211840,264,0.6742424242424242,200.0,-367.2346644731656,1000,0.067,200.0,-916.6477666785736,1000,0.07,200.0,-919.4444614321936,12288,0,0,uniform=6096;sir=6200,96.945072889328,11c2a8b
var_low,1092,2457600,264,0.8522727272727273,200.0,-248.15784147070792,1000,0.325,200.0,-760.9529684122349,1000,0.328,200.0,-760.7844854704449,12288,0,0,uniform=6096;sir=6200,96.945072889328,11c2a8b
var_low,1091,0,264,0.0,200.0,-1381.6613360606827,1000,0.0,200.0,-1407.947463670143,1000,0.0,200.0,-1412.366349237181,12288,0,0,uniform=6133;sir=6163,97.02640008926392,11c2a8b
var_low,1091,245760,264,0.022727272727272728,200.0,-930.4898356049886,1000,0.0,200.0,-1073.1993305376511,1000,0.0,200.0,-1080.6585071354095,12288,0,0,uniform=6133;sir=6163,97.02640008926392,11c2a8b
var_low,1091,491520,264,0.1553030303030303,200.0,-742.5118820364705,1000,0.006,200.0,-1003.8822513163892,1000,0.007,200.0,-1010.2864593846009,12288,0,0,uniform=6133;sir=6163,97.02640008926392,11c2a8b
var_low,1091,737280,264,0.003787878787878788,200.0,-744.0998914850868,1000,0.0,200.0,-1002.1295004572216,1000,0.0,200.0,-1012.1832977444905,12288,0,0,uniform=6133;sir=6163,97.02640008926392,11c2a8b
var_low,1091,983040,264,0.36363636363636365,200.0,-715.7459730481291,1000,0.054,200.0,-1050.9662714516428,1000,0.042,200.0,-1064.7361266569808,12288,0,0,uniform=6133;sir=6163,97.02640008926392,11c2a8b
var_low,1091,1228800,264,0.3446969696969697,200.0,-701.8545473504661,1000,0.011,200.0,-1080.1906974384733,1000,0.016,200.0,-1088.0289305417064,12288,0,0,uniform=6133;sir=6163,97.02640008926392,11c2a8b
var_low,1091,1474560,264,0.45454545454545453,200.0,-550.7137059617451,1000,0.051,200.0,-963.6307200687311,1000,0.054,200.0,-969.6562426789432,12288,0,0,uniform=6133;sir=6163,97.02640008926392,11c2a8b
var_low,1091,1720320,264,0.6174242424242424,200.0,-422.1763337490617,1000,0.081,200.0,-947.2731896182822,1000,0.068,200.0,-965.52294645463,12288,0,0,uniform=6133;sir=6163,97.02640008926392,11c2a8b
var_low,1091,1966080,264,0.5946969696969697,200.0,-478.31230999183174,1000,0.065,200.0,-994.9782623360136,1000,0.062,200.0,-1000.2881620921193,12288,0,0,uniform=6133;sir=6163,97.02640008926392,11c2a8b
var_low,1091,2211840,264,0.6590909090909091,200.0,-456.40132885855536,1000,0.16,200.0,-939.3610084385714,1000,0.188,200.0,-924.7831193345331,12288,0,0,uniform=6133;sir=6163,97.02640008926392,11c2a8b
var_low,1091,2457600,264,0.6477272727272727,200.0,-475.3935546815734,1000,0.141,200.0,-986.8131692904916,1000,0.13,200.0,-996.9000182224421,12288,0,0,uniform=6133;sir=6163,97.02640008926392,11c2a8b
var_low,1093,0,264,0.0,200.0,-1533.8128677906607,1000,0.0,200.0,-1275.8487423767801,1000,0.0,200.0,-1279.8235441273523,12288,0,0,uniform=6127;sir=6169,97.1486029624939,11c2a8b
var_low,1093,245760,264,0.0,200.0,-1220.0031867902974,1000,0.0,200.0,-1189.5259521523644,1000,0.0,200.0,-1199.7756239725375,12288,0,0,uniform=6127;sir=6169,97.1486029624939,11c2a8b
var_low,1093,491520,264,0.0,200.0,-1075.6072296775176,1000,0.0,200.0,-1004.6123109518953,1000,0.0,200.0,-1006.6199507451981,12288,0,0,uniform=6127;sir=6169,97.1486029624939,11c2a8b
var_low,1093,737280,264,0.0,200.0,-836.2538236053474,1000,0.0,200.0,-1098.6767097786703,1000,0.0,200.0,-1105.8178472862578,12288,0,0,uniform=6127;sir=6169,97.1486029624939,11c2a8b
var_low,1093,983040,264,0.01893939393939394,200.0,-824.321747409198,1000,0.003,200.0,-1086.6149166499888,1000,0.003,200.0,-1090.9346700129424,12288,0,0,uniform=6127;sir=6169,97.1486029624939,11c2a8b
var_low,1093,1228800,264,0.26136363636363635,200.0,-663.2507587805537,1000,0.013,200.0,-1016.5063117789166,1000,0.015,200.0,-1024.7165361169818,12288,0,0,uniform=6127;sir=6169,97.1486029624939,11c2a8b
var_low,1093,1474560,264,0.022727272727272728,200.0,-704.6774235938537,1000,0.002,200.0,-973.1910591123756,1000,0.004,200.0,-974.9343661782137,12288,0,0,uniform=6127;sir=6169,97.1486029624939,11c2a8b
var_low,1093,1720320,264,0.3939393939393939,200.0,-768.1357743642675,1000,0.012,200.0,-1202.587148505311,1000,0.014,200.0,-1206.97338916301,12288,0,0,uniform=6127;sir=6169,97.1486029624939,11c2a8b
var_low,1093,1966080,264,0.5,200.0,-528.2107355021268,1000,0.055,200.0,-1025.636176053275,1000,0.055,200.0,-1025.4547335990928,12288,0,0,uniform=6127;sir=6169,97.1486029624939,11c2a8b
var_low,1093,2211840,264,0.6136363636363636,200.0,-468.2391310408492,1000,0.09,200.0,-1001.5618987304883,1000,0.096,200.0,-998.6442599066639,12288,0,0,uniform=6127;sir=6169,97.1486029624939,11c2a8b
var_low,1093,2457600,264,0.6060606060606061,200.0,-502.0505029194793,1000,0.098,200.0,-1030.8535641421036,1000,0.107,200.0,-1033.0436481744823,12288,0,0,uniform=6127;sir=6169,97.1486029624939,11c2a8b
var_low,1094,0,264,0.0,200.0,-1418.660924168499,1000,0.0,200.0,-1200.88443951681,1000,0.0,200.0,-1208.6114468621672,12288,0,0,uniform=6160;sir=6136,97.14926481246948,11c2a8b
var_low,1094,245760,264,0.0,200.0,-931.1843840891114,1000,0.0,200.0,-963.4218298834109,1000,0.0,200.0,-974.4936219324238,12288,0,0,uniform=6160;sir=6136,97.14926481246948,11c2a8b
var_low,1094,491520,264,0.0,200.0,-926.1002380454465,1000,0.0,200.0,-1039.8845808928447,1000,0.0,200.0,-1043.7119546505412,12288,0,0,uniform=6160;sir=6136,97.14926481246948,11c2a8b
var_low,1094,737280,264,0.23106060606060605,200.0,-792.2049095919118,1000,0.01,200.0,-1082.8696454911003,1000,0.008,200.0,-1089.8680693977676,12288,0,0,uniform=6160;sir=6136,97.14926481246948,11c2a8b
var_low,1094,983040,264,0.2878787878787879,200.0,-621.4410323602347,1000,0.006,200.0,-1023.9423931184856,1000,0.009,200.0,-1028.225663305229,12288,0,0,uniform=6160;sir=6136,97.14926481246948,11c2a8b
var_low,1094,1228800,264,0.4772727272727273,200.0,-584.6163966956943,1000,0.02,200.0,-1079.304629780972,1000,0.02,200.0,-1083.7346718045328,12288,0,0,uniform=6160;sir=6136,97.14926481246948,11c2a8b
var_low,1094,1474560,264,0.17803030303030304,200.0,-995.5861849188452,1000,0.011,200.0,-1045.1977733168815,1000,0.006,200.0,-1048.6453681734208,12288,0,0,uniform=6160;sir=6136,97.14926481246948,11c2a8b
var_low,1094,1720320,264,0.3522727272727273,200.0,-837.1247350583087,1000,0.022,200.0,-1075.1601419994286,1000,0.028,200.0,-1075.958808362013,12288,0,0,uniform=6160;sir=6136,97.14926481246948,11c2a8b
var_low,1094,1966080,264,0.6136363636363636,200.0,-512.9615467174958,1000,0.107,200.0,-1003.6329656605712,1000,0.079,200.0,-1018.9292566088366,12288,0,0,uniform=6160;sir=6136,97.14926481246948,11c2a8b
var_low,1094,2211840,264,0.678030303030303,200.0,-435.0612704377143,1000,0.216,200.0,-921.2033174508495,1000,0.21,200.0,-925.1983990136246,12288,0,0,uniform=6160;sir=6136,97.14926481246948,11c2a8b
var_low,1094,2457600,264,0.6022727272727273,200.0,-509.6261613718029,1000,0.124,200.0,-993.9507982135927,1000,0.117,200.0,-999.7800410524762,12288,0,0,uniform=6160;sir=6136,97.14926481246948,11c2a8b
var_low,1095,0,264,0.0,200.0,-1484.096106469068,1000,0.0,200.0,-1227.9080753430724,1000,0.0,200.0,-1231.7937468305952,12288,0,0,uniform=6161;sir=6135,97.17647314071655,11c2a8b
var_low,1095,245760,264,0.0,200.0,-1076.4626293779293,1000,0.0,200.0,-1162.5781603246382,1000,0.0,200.0,-1165.5888796435713,12288,0,0,uniform=6161;sir=6135,97.17647314071655,11c2a8b
var_low,1095,491520,264,0.14393939393939395,200.0,-973.2021494268059,1000,0.002,200.0,-1196.139566772268,1000,0.007,200.0,-1197.5874370011888,12288,0,0,uniform=6161;sir=6135,97.17647314071655,11c2a8b
var_low,1095,737280,264,0.0,200.0,-1019.2731038763609,1000,0.0,200.0,-1108.514611112494,1000,0.0,200.0,-1114.4626853927973,12288,0,0,uniform=6161;sir=6135,97.17647314071655,11c2a8b
var_low,1095,983040,264,0.0,200.0,-877.0372499752656,1000,0.0,200.0,-1086.2723943978547,1000,0.0,200.0,-1087.5131283217822,12288,0,0,uniform=6161;sir=6135,97.17647314071655,11c2a8b
var_low,1095,1228800,264,0.24621212121212122,200.0,-632.7463108072607,1000,0.015,200.0,-968.7203581336203,1000,0.014,200.0,-977.2703802293868,12288,0,0,uniform=6161;sir=6135,97.17647314071655,11c2a8b
var_low,1095,1474560,264,0.5378787878787878,200.0,-460.55656426408046,1000,0.082,200.0,-928.8110061553896,1000,0.085,200.0,-921.649771880205,12288,0,0,uniform=6161;sir=6135,97.17647314071655,11c2a8b
var_low,1095,1720320,264,0.6022727272727273,200.0,-411.93227301133834,1000,0.109,200.0,-861.6879920108183,1000,0.11,200.0,-861.5117620420372,12288,0,0,uniform=6161;sir=6135,97.17647314071655,11c2a8b
var_low,1095,1966080,264,0.9090909090909091,200.0,-200.53574945112373,1000,0.352,200.0,-709.4749794685151,1000,0.369,200.0,-704.4738267347303,12288,0,0,uniform=6161;sir=6135,97.17647314071655,11c2a8b
var_low,1095,2211840,264,0.8560606060606061,200.0,-240.0307778143142,1000,0.374,200.0,-687.4022875193222,1000,0.374,200.0,-701.8382640801836,12288,0,0,uniform=6161;sir=6135,97.17647314071655,11c2a8b
var_low,1095,2457600,264,0.7840909090909091,200.0,-285.1186979252646,1000,0.304,200.0,-738.4130525255063,1000,0.312,200.0,-743.4200496838589,12288,0,0,uniform=6161;sir=6135,97.17647314071655,11c2a8b
var_low,1096,0,264,0.0,200.0,-1331.5301252949441,1000,0.0,200.0,-1122.238652507204,1000,0.0,200.0,-1127.4367084867922,12288,0,0,uniform=6208;sir=6088,97.08686518669128,11c2a8b
var_low,1096,245760,264,0.0,200.0,-1368.39336415902,1000,0.0,200.0,-1159.366376524072,1000,0.0,200.0,-1166.7248913362446,12288,0,0,uniform=6208;sir=6088,97.08686518669128,11c2a8b
var_low,1096,491520,264,0.0,200.0,-818.8615654437236,1000,0.0,200.0,-997.0322179289232,1000,0.0,200.0,-1000.7422987943155,12288,0,0,uniform=6208;sir=6088,97.08686518669128,11c2a8b
var_low,1096,737280,264,0.0,200.0,-1014.2281914384143,1000,0.0,200.0,-1011.3784339682387,1000,0.0,200.0,-1019.8127757546831,12288,0,0,uniform=6208;sir=6088,97.08686518669128,11c2a8b
var_low,1096,983040,264,0.0,200.0,-890.7355931683546,1000,0.0,200.0,-1035.144576066781,1000,0.0,200.0,-1046.8322679857235,12288,0,0,uniform=6208;sir=6088,97.08686518669128,11c2a8b
var_low,1096,1228800,264,0.0,200.0,-931.2140524669918,1000,0.0,200.0,-1010.2455276381207,1000,0.0,200.0,-1016.1330079401299,12288,0,0,uniform=6208;sir=6088,97.08686518669128,11c2a8b
var_low,1096,1474560,264,0.06439393939393939,200.0,-1133.4201615619197,1000,0.003,200.0,-1026.1076178666538,1000,0.001,200.0,-1033.5001692825472,12288,0,0,uniform=6208;sir=6088,97.08686518669128,11c2a8b
var_low,1096,1720320,264,0.022727272727272728,200.0,-1205.7626211571048,1000,0.001,200.0,-1057.9962996150841,1000,0.001,200.0,-1064.6137135583217,12288,0,0,uniform=6208;sir=6088,97.08686518669128,11c2a8b
var_low,1096,1966080,264,0.5227272727272727,200.0,-489.03561433179914,1000,0.022,200.0,-994.8208181035496,1000,0.027,200.0,-990.10451174216,12288,0,0,uniform=6208;sir=6088,97.08686518669128,11c2a8b
var_low,1096,2211840,264,0.5265151515151515,200.0,-564.275860561556,1000,0.056,200.0,-1006.6807884437802,1000,0.066,200.0,-1004.2938090270552,12288,0,0,uniform=6208;sir=6088,97.08686518669128,11c2a8b
var_low,1096,2457600,264,0.696969696969697,200.0,-397.1739110644033,1000,0.268,200.0,-891.9448338016991,1000,0.275,200.0,-884.7253210672443,12288,0,0,uniform=6208;sir=6088,97.08686518669128,11c2a8b
var_low,1097,0,264,0.0,200.0,-1488.0000146406026,1000,0.0,200.0,-1238.6206837729283,1000,0.0,200.0,-1248.7345631947612,12288,0,0,uniform=6177;sir=6119,73.00537395477295,11c2a8b
var_low,1097,245760,264,0.2765151515151515,200.0,-840.0130538569742,1000,0.012,200.0,-1158.4599371576494,1000,0.01,200.0,-1167.2248127280814,12288,0,0,uniform=6177;sir=6119,73.00537395477295,11c2a8b
var_low,1097,491520,264,0.04924242424242424,200.0,-850.2735285051945,1000,0.0,200.0,-1001.6017895787195,1000,0.0,200.0,-1005.0631870655232,12288,0,0,uniform=6177;sir=6119,73.00537395477295,11c2a8b
var_low,1097,737280,264,0.3977272727272727,200.0,-624.1526067043277,1000,0.041,200.0,-1033.2923864489685,1000,0.047,200.0,-1035.3874173576999,12288,0,0,uniform=6177;sir=6119,73.00537395477295,11c2a8b
var_low,1097,983040,264,0.3560606060606061,200.0,-742.141430915913,1000,0.016,200.0,-1135.3662678344062,1000,0.018,200.0,-1140.8673441931528,12288,0,0,uniform=6177;sir=6119,73.00537395477295,11c2a8b
var_low,1097,1228800,264,0.0,200.0,-955.9601345580933,1000,0.0,200.0,-1006.5281248522808,1000,0.0,200.0,-1014.289115206222,12288,0,0,uniform=6177;sir=6119,73.00537395477295,11c2a8b
var_low,1097,1474560,264,0.0,200.0,-928.6440129361531,1000,0.0,200.0,-986.6748738456741,1000,0.0,200.0,-996.0692622922254,12288,0,0,uniform=6177;sir=6119,73.00537395477295,11c2a8b
var_low,1097,1720320,264,0.2803030303030303,200.0,-638.9692653566883,1000,0.014,200.0,-971.954831380203,1000,0.01,200.0,-974.883074968727,12288,0,0,uniform=6177;sir=6119,73.00537395477295,11c2a8b
var_low,1097,1966080,264,0.4659090909090909,200.0,-536.0190263814359,1000,0.01,200.0,-1005.2312006602657,1000,0.012,200.0,-1007.1061138440475,12288,0,0,uniform=6177;sir=6119,73.00537395477295,11c2a8b
var_low,1097,2211840,264,0.6174242424242424,200.0,-473.3028602320652,1000,0.094,200.0,-993.4745009838861,1000,0.105,200.0,-995.4227275706409,12288,0,0,uniform=6177;sir=6119,73.00537395477295,11c2a8b
var_low,1097,2457600,264,0.6742424242424242,200.0,-443.2711975667479,1000,0.176,200.0,-954.1747015863317,1000,0.205,200.0,-947.103301233012,12288,0,0,uniform=6177;sir=6119,73.00537395477295,11c2a8b
var_low,1098,0,264,0.0,200.0,-1037.2554467174325,1000,0.0,200.0,-1118.3104181608055,1000,0.0,200.0,-1128.8535122747141,12288,0,0,uniform=6051;sir=6245,72.84049010276794,11c2a8b
var_low,1098,245760,264,0.06818181818181818,200.0,-1004.8072436517926,1000,0.006,200.0,-1003.3534325296056,1000,0.006,200.0,-1005.6999191737419,12288,0,0,uniform=6051;sir=6245,72.84049010276794,11c2a8b
var_low,1098,491520,264,0.3371212121212121,200.0,-540.2839006427286,1000,0.05,200.0,-938.4990586260357,1000,0.049,200.0,-945.7730749387308,12288,0,0,uniform=6051;sir=6245,72.84049010276794,11c2a8b
var_low,1098,737280,264,0.056818181818181816,200.0,-959.0277889724815,1000,0.066,200.0,-1093.3597303281924,1000,0.063,200.0,-1097.6937646715417,12288,0,0,uniform=6051;sir=6245,72.84049010276794,11c2a8b
var_low,1098,983040,264,0.08712121212121213,200.0,-1031.4770490335613,1000,0.011,200.0,-1023.1832797292914,1000,0.008,200.0,-1030.1184377034838,12288,0,0,uniform=6051;sir=6245,72.84049010276794,11c2a8b
var_low,1098,1228800,264,0.15151515151515152,200.0,-697.4947037913953,1000,0.011,200.0,-1027.5288880213336,1000,0.012,200.0,-1031.863383187525,12288,0,0,uniform=6051;sir=6245,72.84049010276794,11c2a8b
var_low,1098,1474560,264,0.2727272727272727,200.0,-877.171875043127,1000,0.006,200.0,-1083.046151629531,1000,0.005,200.0,-1083.5214179945583,12288,0,0,uniform=6051;sir=6245,72.84049010276794,11c2a8b
var_low,1098,1720320,264,0.4393939393939394,200.0,-657.9853968079058,1000,0.055,200.0,-1086.0256707327426,1000,0.061,200.0,-1080.5989062918318,12288,0,0,uniform=6051;sir=6245,72.84049010276794,11c2a8b
var_low,1098,1966080,264,0.5075757575757576,200.0,-602.1323970791506,1000,0.047,200.0,-1058.0537883800519,1000,0.045,200.0,-1065.2275937760353,12288,0,0,uniform=6051;sir=6245,72.84049010276794,11c2a8b
var_low,1098,2211840,264,0.5303030303030303,200.0,-628.7585045254823,1000,0.096,200.0,-1035.3222874820356,1000,0.087,200.0,-1042.508997290606,12288,0,0,uniform=6051;sir=6245,72.84049010276794,11c2a8b
var_low,1098,2457600,264,0.6666666666666666,200.0,-471.5170467718673,1000,0.169,200.0,-944.7672466275463,1000,0.183,200.0,-940.1814343836204,12288,0,0,uniform=6051;sir=6245,72.84049010276794,11c2a8b
var_low,1099,0,264,0.0,200.0,-1389.355439356982,1000,0.0,200.0,-1170.1324149474106,1000,0.0,200.0,-1174.061113718288,12288,0,0,uniform=6197;sir=6099,72.63114309310913,11c2a8b
var_low,1099,245760,264,0.35984848484848486,200.0,-771.0923544867993,1000,0.015,200.0,-1157.4179213535315,1000,0.009,200.0,-1166.1396887799874,12288,0,0,uniform=6197;sir=6099,72.63114309310913,11c2a8b
var_low,1099,491520,264,0.3484848484848485,200.0,-727.5643650094677,1000,0.018,200.0,-1111.8528448914237,1000,0.016,200.0,-1119.451329403315,12288,0,0,uniform=6197;sir=6099,72.63114309310913,11c2a8b
var_low,1099,737280,264,0.19318181818181818,200.0,-630.4628799237001,1000,0.008,200.0,-964.0108544863032,1000,0.007,200.0,-967.1498881888352,12288,0,0,uniform=6197;sir=6099,72.63114309310913,11c2a8b
var_low,1099,983040,264,0.38636363636363635,200.0,-557.9550294144949,1000,0.036,200.0,-981.3287875119642,1000,0.032,200.0,-985.6692802456479,12288,0,0,uniform=6197;sir=6099,72.63114309310913,11c2a8b
var_low,1099,1228800,264,0.45075757575757575,200.0,-511.44791848816254,1000,0.025,200.0,-981.0063253312537,1000,0.025,200.0,-984.0916420390263,12288,0,0,uniform=6197;sir=6099,72.63114309310913,11c2a8b
var_low,1099,1474560,264,0.5189393939393939,200.0,-482.7834926378082,1000,0.035,200.0,-999.566335191693,1000,0.04,200.0,-1003.6802994045607,12288,0,0,uniform=6197;sir=6099,72.63114309310913,11c2a8b
var_low,1099,1720320,264,0.5,200.0,-563.4323753071503,1000,0.026,200.0,-1038.6362312485203,1000,0.023,200.0,-1044.144633377773,12288,0,0,uniform=6197;sir=6099,72.63114309310913,11c2a8b
var_low,1099,1966080,264,0.6553030303030303,200.0,-420.74357324770773,1000,0.107,200.0,-968.8707195842375,1000,0.097,200.0,-976.5057887299338,12288,0,0,uniform=6197;sir=6099,72.63114309310913,11c2a8b
var_low,1099,2211840,264,0.6060606060606061,200.0,-499.0759819885599,1000,0.086,200.0,-1031.1313252238635,1000,0.087,200.0,-1032.4119856046627,12288,0,0,uniform=6197;sir=6099,72.63114309310913,11c2a8b
var_low,1099,2457600,264,0.7386363636363636,200.0,-374.6561486993005,1000,0.161,200.0,-928.500131400418,1000,0.144,200.0,-942.935427086072,12288,0,0,uniform=6197;sir=6099,72.63114309310913,11c2a8b
var_low,1100,0,264,0.06818181818181818,200.0,-1364.255195157494,1000,0.0,200.0,-1229.121149865292,1000,0.0,200.0,-1235.166517926645,12288,0,0,uniform=6232;sir=6064,72.17468810081482,11c2a8b
var_low,1100,245760,264,0.0,200.0,-914.4373980487297,1000,0.0,200.0,-1054.9032789654264,1000,0.0,200.0,-1063.9371604171224,12288,0,0,uniform=6232;sir=6064,72.17468810081482,11c2a8b
var_low,1100,491520,264,0.0,200.0,-961.4077134776793,1000,0.0,200.0,-983.7990548878549,1000,0.0,200.0,-992.4789367623158,12288,0,0,uniform=6232;sir=6064,72.17468810081482,11c2a8b
var_low,1100,737280,264,0.0,200.0,-1081.4287156141233,1000,0.0,200.0,-1001.3138292042444,1000,0.0,200.0,-1007.5371386709551,12288,0,0,uniform=6232;sir=6064,72.17468810081482,11c2a8b
var_low,1100,983040,264,0.007575757575757576,200.0,-967.3249401679341,1000,0.0,200.0,-981.1914184147598,1000,0.0,200.0,-985.0486173861071,12288,0,0,uniform=6232;sir=6064,72.17468810081482,11c2a8b
var_low,1100,1228800,264,0.0,200.0,-998.0029912356086,1000,0.0,200.0,-983.3016328675304,1000,0.0,200.0,-984.4579214946265,12288,0,0,uniform=6232;sir=6064,72.17468810081482,11c2a8b
var_low,1100,1474560,264,0.015151515151515152,200.0,-951.8994344539315,1000,0.001,200.0,-990.3910294684563,1000,0.0,200.0,-993.7619043202102,12288,0,0,uniform=6232;sir=6064,72.17468810081482,11c2a8b
var_low,1100,1720320,264,0.26136363636363635,200.0,-647.3296116298745,1000,0.02,200.0,-973.9128731968786,1000,0.012,200.0,-975.3660052671819,12288,0,0,uniform=6232;sir=6064,72.17468810081482,11c2a8b
var_low,1100,1966080,264,0.39015151515151514,200.0,-595.1570532673092,1000,0.041,200.0,-954.3009254773634,1000,0.027,200.0,-964.3417164976344,12288,0,0,uniform=6232;sir=6064,72.17468810081482,11c2a8b
var_low,1100,2211840,264,0.5757575757575758,200.0,-451.0807461405824,1000,0.168,200.0,-830.9789282400128,1000,0.178,200.0,-833.5239527586405,12288,0,0,uniform=6232;sir=6064,72.17468810081482,11c2a8b
var_low,1100,2457600,264,0.7310606060606061,200.0,-341.987380313176,1000,0.224,200.0,-749.434808779929,1000,0.212,200.0,-768.3717581695383,12288,0,0,uniform=6232;sir=6064,72.17468810081482,11c2a8b
var_low,1103,0,264,0.0,200.0,-1378.3930236381068,1000,0.0,200.0,-1328.3193940468427,1000,0.0,200.0,-1336.6374824039606,12288,0,0,uniform=6171;sir=6125,102.0796492099762,7e99f75
var_low,1103,245760,264,0.0,200.0,-898.5049306330532,1000,0.0,200.0,-1001.4838600386618,1000,0.0,200.0,-1005.8496511622488,12288,0,0,uniform=6171;sir=6125,102.0796492099762,7e99f75
var_low,1103,491520,264,0.0,200.0,-1232.3580298944921,1000,0.0,200.0,-1054.7135545910667,1000,0.0,200.0,-1060.4855631016706,12288,0,0,uniform=6171;sir=6125,102.0796492099762,7e99f75
var_low,1103,737280,264,0.23863636363636365,200.0,-791.5237515177433,1000,0.001,200.0,-1132.4409844359593,1000,0.001,200.0,-1137.9742550627516,12288,0,0,uniform=6171;sir=6125,102.0796492099762,7e99f75
var_low,1103,983040,264,0.36742424242424243,200.0,-698.4709223966161,1000,0.019,200.0,-1105.208751459335,1000,0.017,200.0,-1112.9078765752247,12288,0,0,uniform=6171;sir=6125,102.0796492099762,7e99f75
var_low,1103,1228800,264,0.045454545454545456,200.0,-860.8047213525393,1000,0.003,200.0,-968.5753479197092,1000,0.001,200.0,-977.230863111432,12288,0,0,uniform=6171;sir=6125,102.0796492099762,7e99f75
var_low,1103,1474560,264,0.3333333333333333,200.0,-644.5116876525733,1000,0.012,200.0,-979.1212295049454,1000,0.016,200.0,-985.7397095776807,12288,0,0,uniform=6171;sir=6125,102.0796492099762,7e99f75
var_low,1103,1720320,264,0.625,200.0,-398.0863499472148,1000,0.11,200.0,-875.8217960698372,1000,0.093,200.0,-887.6109540989999,12288,0,0,uniform=6171;sir=6125,102.0796492099762,7e99f75
var_low,1103,1966080,264,0.7765151515151515,200.0,-300.5075912482323,1000,0.153,200.0,-848.414119532598,1000,0.166,200.0,-841.7995280662954,12288,0,0,uniform=6171;sir=6125,102.0796492099762,7e99f75
var_low,1103,2211840,264,0.7878787878787878,200.0,-315.1176029608099,1000,0.269,200.0,-769.4080009900582,1000,0.257,200.0,-777.3904048151797,12288,0,0,uniform=6171;sir=6125,102.0796492099762,7e99f75
var_low,1103,2457600,264,0.7840909090909091,200.0,-313.9783634176179,1000,0.247,200.0,-817.1757212086565,1000,0.25,200.0,-811.9330950546968,12288,0,0,uniform=6171;sir=6125,102.0796492099762,7e99f75
var_low,1106,0,264,0.0,200.0,-1487.9020020834066,1000,0.0,200.0,-1338.8393238655876,1000,0.0,200.0,-1349.1080445781272,12288,0,0,uniform=6130;sir=6166,101.80509495735168,7e99f75
var_low,1106,245760,264,0.03787878787878788,200.0,-1204.5899397274554,1000,0.0,200.0,-1064.9163759650773,1000,0.0,200.0,-1071.1143312276397,12288,0,0,uniform=6130;sir=6166,101.80509495735168,7e99f75
var_low,1106,491520,264,0.003787878787878788,200.0,-1091.4398300830144,1000,0.0,200.0,-1004.0211954531222,1000,0.0,200.0,-1010.0948763184126,12288,0,0,uniform=6130;sir=6166,101.80509495735168,7e99f75
var_low,1106,737280,264,0.026515151515151516,200.0,-934.3353701523963,1000,0.0,200.0,-1088.0940314611287,1000,0.0,200.0,-1092.982460515667,12288,0,0,uniform=6130;sir=6166,101.80509495735168,7e99f75
var_low,1106,983040,264,0.011363636363636364,200.0,-857.8176107910468,1000,0.0,200.0,-1050.445757511893,1000,0.0,200.0,-1054.9396215988822,12288,0,0,uniform=6130;sir=6166,101.80509495735168,7e99f75
var_low,1106,1228800,264,0.0,200.0,-1103.1634906631691,1000,0.0,200.0,-1002.45011223186,1000,0.0,200.0,-1009.0452174066637,12288,0,0,uniform=6130;sir=6166,101.80509495735168,7e99f75
var_low,1106,1474560,264,0.4090909090909091,200.0,-616.6039812780904,1000,0.077,200.0,-1001.2782563815006,1000,0.089,200.0,-1000.4150279315159,12288,0,0,uniform=6130;sir=6166,101.80509495735168,7e99f75
var_low,1106,1720320,264,0.48484848484848486,200.0,-480.8004765296377,1000,0.029,200.0,-980.6704939800201,1000,0.04,200.0,-978.0285681094553,12288,0,0,uniform=6130;sir=6166,101.80509495735168,7e99f75
var_low,1106,1966080,264,0.6666666666666666,200.0,-380.38029328438176,1000,0.104,200.0,-928.0663062034957,1000,0.111,200.0,-925.80938251209,12288,0,0,uniform=6130;sir=6166,101.80509495735168,7e99f75
var_low,1106,2211840,264,0.7083333333333334,200.0,-336.67132059792493,1000,0.079,200.0,-930.2559337962284,1000,0.08,200.0,-929.2805730825264,12288,0,0,uniform=6130;sir=6166,101.80509495735168,7e99f75
var_low,1106,2457600,264,0.6477272727272727,200.0,-420.25879873343933,1000,0.228,200.0,-848.5923481526836,1000,0.215,200.0,-855.4125811268701,12288,0,0,uniform=6130;sir=6166,101.80509495735168,7e99f75
var_low,1101,0,264,0.07196969696969698,200.0,-1194.6312160271455,1000,0.0,200.0,-1337.354752416367,1000,0.001,200.0,-1339.3103840639587,12288,0,0,uniform=6129;sir=6167,102.93595695495605,7e99f75
var_low,1101,245760,264,0.04924242424242424,200.0,-982.5048644560505,1000,0.002,200.0,-1176.804109391687,1000,0.0,200.0,-1185.473425686055,12288,0,0,uniform=6129;sir=6167,102.93595695495605,7e99f75
var_low,1101,491520,264,0.0,200.0,-1253.431571150159,1000,0.0,200.0,-1049.995993693613,1000,0.0,200.0,-1055.9588270607546,12288,0,0,uniform=6129;sir=6167,102.93595695495605,7e99f75
var_low,1101,737280,264,0.10606060606060606,200.0,-874.5397877561007,1000,0.012,200.0,-1128.2913361351666,1000,0.008,200.0,-1132.980871655982,12288,0,0,uniform=6129;sir=6167,102.93595695495605,7e99f75
var_low,1101,983040,264,0.0,200.0,-1018.2149623108734,1000,0.0,200.0,-978.5707482193143,1000,0.0,200.0,-977.6269793392712,12288,0,0,uniform=6129;sir=6167,102.93595695495605,7e99f75
var_low,1101,1228800,264,0.0,200.0,-927.0012947800005,1000,0.0,200.0,-983.9379550007561,1000,0.0,200.0,-981.2594361755631,12288,0,0,uniform=6129;sir=6167,102.93595695495605,7e99f75
var_low,1101,1474560,264,0.0,200.0,-1050.049886039894,1000,0.0,200.0,-993.4227548612004,1000,0.0,200.0,-1001.613742502534,12288,0,0,uniform=6129;sir=6167,102.93595695495605,7e99f75
var_low,1101,1720320,264,0.13636363636363635,200.0,-886.9090454673916,1000,0.004,200.0,-1003.3923881748673,1000,0.001,200.0,-1010.9523442686482,12288,0,0,uniform=6129;sir=6167,102.93595695495605,7e99f75
var_low,1101,1966080,264,0.625,200.0,-415.60690202281177,1000,0.091,200.0,-946.086702857162,1000,0.099,200.0,-943.161791243306,12288,0,0,uniform=6129;sir=6167,102.93595695495605,7e99f75
var_low,1101,2211840,264,0.5871212121212122,200.0,-480.1652162961942,1000,0.051,200.0,-1016.2178478011554,1000,0.046,200.0,-1026.085261304756,12288,0,0,uniform=6129;sir=6167,102.93595695495605,7e99f75
var_low,1101,2457600,264,0.7727272727272727,200.0,-326.06907616812526,1000,0.256,200.0,-840.0372439869128,1000,0.257,200.0,-843.1653902805537,12288,0,0,uniform=6129;sir=6167,102.93595695495605,7e99f75
var_low,1102,0,264,0.0,200.0,-1142.5200294185634,1000,0.0,200.0,-1074.527317262475,1000,0.0,200.0,-1082.4132152127397,12288,0,0,uniform=6067;sir=6229,103.00835299491882,7e99f75
var_low,1102,245760,264,0.0,200.0,-1078.905514035484,1000,0.0,200.0,-1196.6107036887254,1000,0.0,200.0,-1201.5637498006556,12288,0,0,uniform=6067;sir=6229,103.00835299491882,7e99f75
var_low,1102,491520,264,0.3371212121212121,200.0,-635.6502761453155,1000,0.037,200.0,-984.2355401986747,1000,0.027,200.0,-991.3584574306382,12288,0,0,uniform=6067;sir=6229,103.00835299491882,7e99f75
var_low,1102,737280,264,0.3712121212121212,200.0,-724.1533555358169,1000,0.011,200.0,-1134.8206213761653,1000,0.013,200.0,-1136.8523665650496,12288,0,0,uniform=6067;sir=6229,103.00835299491882,7e99f75
var_low,1102,983040,264,0.0,200.0,-802.5139974754821,1000,0.0,200.0,-971.3588681481423,1000,0.001,200.0,-970.6840439356682,12288,0,0,uniform=6067;sir=6229,103.00835299491882,7e99f75
var_low,1102,1228800,264,0.0,200.0,-923.0176365285844,1000,0.0,200.0,-995.6359065915583,1000,0.0,200.0,-998.9268786596269,12288,0,0,uniform=6067;sir=6229,103.00835299491882,7e99f75
var_low,1102,1474560,264,0.23106060606060605,200.0,-635.8952363431652,1000,0.005,200.0,-978.052168412038,1000,0.011,200.0,-976.3876004604823,12288,0,0,uniform=6067;sir=6229,103.00835299491882,7e99f75
var_low,1102,1720320,264,0.1553030303030303,200.0,-886.013965697648,1000,0.007,200.0,-999.3230342967317,1000,0.002,200.0,-1006.3895526886124,12288,0,0,uniform=6067;sir=6229,103.00835299491882,7e99f75
var_low,1102,1966080,264,0.5,200.0,-504.5021888574007,1000,0.023,200.0,-992.224267613464,1000,0.028,200.0,-991.5204263116486,12288,0,0,uniform=6067;sir=6229,103.00835299491882,7e99f75
var_low,1102,2211840,264,0.6174242424242424,200.0,-439.65391437297114,1000,0.055,200.0,-988.2343088118488,1000,0.041,200.0,-995.1831209171642,12288,0,0,uniform=6067;sir=6229,103.00835299491882,7e99f75
var_low,1102,2457600,264,0.6553030303030303,200.0,-455.71051021444805,1000,0.14,200.0,-936.3430980651,1000,0.135,200.0,-941.9404876778952,12288,0,0,uniform=6067;sir=6229,103.00835299491882,7e99f75
var_low,1104,0,264,0.0,200.0,-1458.031751960531,1000,0.0,200.0,-1199.627990143344,1000,0.0,200.0,-1205.6563633088044,12288,0,0,uniform=6104;sir=6192,103.09569573402405,7e99f75
var_low,1104,245760,264,0.0,200.0,-1037.5652358652915,1000,0.0,200.0,-977.2380558740974,1000,0.0,200.0,-980.506918127449,12288,0,0,uniform=6104;sir=6192,103.09569573402405,7e99f75
var_low,1104,491520,264,0.20075757575757575,200.0,-700.2316905167513,1000,0.014,200.0,-1046.0080979940337,1000,0.007,200.0,-1051.6376248092358,12288,0,0,uniform=6104;sir=6192,103.09569573402405,7e99f75
var_low,1104,737280,264,0.38636363636363635,200.0,-776.5147798768015,1000,0.01,200.0,-1208.086233847723,1000,0.01,200.0,-1213.3445314939413,12288,0,0,uniform=6104;sir=6192,103.09569573402405,7e99f75
var_low,1104,983040,264,0.2840909090909091,200.0,-621.1306250730202,1000,0.038,200.0,-999.9787932259687,1000,0.046,200.0,-1005.2620438566767,12288,0,0,uniform=6104;sir=6192,103.09569573402405,7e99f75
var_low,1104,1228800,264,0.36363636363636365,200.0,-654.3440091394845,1000,0.024,200.0,-1043.8129273271668,1000,0.023,200.0,-1054.7543720725805,12288,0,0,uniform=6104;sir=6192,103.09569573402405,7e99f75
var_low,1104,1474560,264,0.35984848484848486,200.0,-604.9089065405182,1000,0.016,200.0,-987.2799154523005,1000,0.009,200.0,-1002.9449809678299,12288,0,0,uniform=6104;sir=6192,103.09569573402405,7e99f75
var_low,1104,1720320,264,0.5984848484848485,200.0,-422.079100969761,1000,0.09,200.0,-908.8818937933892,1000,0.083,200.0,-915.4767492908433,12288,0,0,uniform=6104;sir=6192,103.09569573402405,7e99f75
var_low,1104,1966080,264,0.5037878787878788,200.0,-551.1711399366421,1000,0.075,200.0,-910.3516052470214,1000,0.069,200.0,-927.8136796464399,12288,0,0,uniform=6104;sir=6192,103.09569573402405,7e99f75
var_low,1104,2211840,264,0.7272727272727273,200.0,-322.26834897485475,1000,0.172,200.0,-828.1723324838865,1000,0.173,200.0,-833.7401047124124,12288,0,0,uniform=6104;sir=6192,103.09569573402405,7e99f75
var_low,1104,2457600,264,0.7803030303030303,200.0,-294.3078562851035,1000,0.331,200.0,-730.8877570530921,1000,0.311,200.0,-748.8843381588086,12288,0,0,uniform=6104;sir=6192,103.09569573402405,7e99f75
var_low,1105,0,264,0.0,200.0,-1589.3231293007236,1000,0.0,200.0,-1529.4617374568709,1000,0.0,200.0,-1535.671886421741,12288,0,0,uniform=6102;sir=6194,102.80424499511719,7e99f75
var_low,1105,245760,264,0.003787878787878788,200.0,-869.6423511402776,1000,0.0,200.0,-1052.9869320109135,1000,0.0,200.0,-1049.038446759922,12288,0,0,uniform=6102;sir=6194,102.80424499511719,7e99f75
var_low,1105,491520,264,0.0,200.0,-811.9655303713472,1000,0.0,200.0,-1018.9565059376193,1000,0.0,200.0,-1029.645404757002,12288,0,0,uniform=6102;sir=6194,102.80424499511719,7e99f75
var_low,1105,737280,264,0.0,200.0,-1241.526016263033,1000,0.0,200.0,-1052.0888294236915,1000,0.0,200.0,-1054.7460377778214,12288,0,0,uniform=6102;sir=6194,102.80424499511719,7e99f75
var_low,1105,983040,264,0.0,200.0,-1029.271027299669,1000,0.0,200.0,-1004.3607770488778,1000,0.0,200.0,-1009.8688727034333,12288,0,0,uniform=6102;sir=6194,102.80424499511719,7e99f75
var_low,1105,1228800,264,0.007575757575757576,200.0,-963.6007197410989,1000,0.0,200.0,-1032.5019903248694,1000,0.0,200.0,-1040.6208142358466,12288,0,0,uniform=6102;sir=6194,102.80424499511719,7e99f75
var_low,1105,1474560,264,0.0,200.0,-885.7121174166552,1000,0.0,200.0,-1024.3521244716908,1000,0.0,200.0,-1033.7626875544688,12288,0,0,uniform=6102;sir=6194,102.80424499511719,7e99f75
var_low,1105,1720320,264,0.10227272727272728,200.0,-665.2672053320019,1000,0.005,200.0,-992.0853681634085,1000,0.001,200.0,-996.4208916599015,12288,0,0,uniform=6102;sir=6194,102.80424499511719,7e99f75
var_low,1105,1966080,264,0.10984848484848485,200.0,-657.3299878497,1000,0.004,200.0,-988.6596314990455,1000,0.005,200.0,-993.241571361847,12288,0,0,uniform=6102;sir=6194,102.80424499511719,7e99f75
var_low,1105,2211840,264,0.4772727272727273,200.0,-556.7234404289204,1000,0.075,200.0,-996.8609061067677,1000,0.084,200.0,-996.7149300536611,12288,0,0,uniform=6102;sir=6194,102.80424499511719,7e99f75
var_low,1105,2457600,264,0.6553030303030303,200.0,-394.60235153852824,1000,0.08,200.0,-949.978838877224,1000,0.099,200.0,-939.7153528222218,12288,0,0,uniform=6102;sir=6194,102.80424499511719,7e99f75
var_low,1107,0,264,0.14772727272727273,200.0,-1225.1500912693216,1000,0.0,200.0,-1441.040194302031,1000,0.0,200.0,-1449.6811141764601,12288,0,0,uniform=6218;sir=6078,103.90112495422363,7e99f75
var_low,1107,245760,264,0.13636363636363635,200.0,-770.321504586119,1000,0.018,200.0,-1046.8719100778824,1000,0.018,200.0,-1052.706863863512,12288,0,0,uniform=6218;sir=6078,103.90112495422363,7e99f75
var_low,1107,491520,264,0.0,200.0,-879.6195610266379,1000,0.0,200.0,-1067.2115136174482,1000,0.0,200.0,-1071.0577429314421,12288,0,0,uniform=6218;sir=6078,103.90112495422363,7e99f75
var_low,1107,737280,264,0.11742424242424243,200.0,-735.9314873208743,1000,0.005,200.0,-1041.0045296034114,1000,0.005,200.0,-1046.030269157958,12288,0,0,uniform=6218;sir=6078,103.90112495422363,7e99f75
var_low,1107,983040,264,0.0,200.0,-943.1859135932212,1000,0.0,200.0,-1009.5655043922344,1000,0.0,200.0,-1016.0036858560185,12288,0,0,uniform=6218;sir=6078,103.90112495422363,7e99f75
var_low,1107,1228800,264,0.0,200.0,-1029.9871322173099,1000,0.0,200.0,-993.4172653098602,1000,0.0,200.0,-995.5075270168819,12288,0,0,uniform=6218;sir=6078,103.90112495422363,7e99f75
var_low,1107,1474560,264,0.2689393939393939,200.0,-644.0172129232611,1000,0.011,200.0,-989.2683335815481,1000,0.01,200.0,-992.460300742812,12288,0,0,uniform=6218;sir=6078,103.90112495422363,7e99f75
var_low,1107,1720320,264,0.48484848484848486,200.0,-517.9885743186284,1000,0.025,200.0,-977.9705554226557,1000,0.02,200.0,-980.830134033167,12288,0,0,uniform=6218;sir=6078,103.90112495422363,7e99f75
var_low,1107,1966080,264,0.6401515151515151,200.0,-391.8346260436738,1000,0.128,200.0,-924.5285802590258,1000,0.144,200.0,-922.0960530047929,12288,0,0,uniform=6218;sir=6078,103.90112495422363,7e99f75
var_low,1107,2211840,264,0.7159090909090909,200.0,-355.2646291438871,1000,0.111,200.0,-936.11352028432,1000,0.096,200.0,-947.6694332201884,12288,0,0,uniform=6218;sir=6078,103.90112495422363,7e99f75
var_low,1107,2457600,264,0.8257575757575758,200.0,-279.9426929120573,1000,0.312,200.0,-796.5794946923115,1000,0.321,200.0,-787.4352490183642,12288,0,0,uniform=6218;sir=6078,103.90112495422363,7e99f75
var_low,1108,0,264,0.0,200.0,-1371.109026689103,1000,0.0,200.0,-1338.9865092244693,1000,0.0,200.0,-1343.5654325783053,12288,0,0,uniform=6177;sir=6119,104.08436679840088,7e99f75
var_low,1108,245760,264,0.0,200.0,-930.912745005852,1000,0.002,200.0,-999.2791164561434,1000,0.002,200.0,-1006.0469684833187,12288,0,0,uniform=6177;sir=6119,104.08436679840088,7e99f75
var_low,1108,491520,264,0.0,200.0,-1133.9753993729546,1000,0.0,200.0,-1036.99253186271,1000,0.0,200.0,-1049.3216522983498,12288,0,0,uniform=6177;sir=6119,104.08436679840088,7e99f75
var_low,1108,737280,264,0.42045454545454547,200.0,-725.3691100973954,1000,0.047,200.0,-1154.2344282246495,1000,0.037,200.0,-1171.3133117123755,12288,0,0,uniform=6177;sir=6119,104.08436679840088,7e99f75
var_low,1108,983040,264,0.007575757575757576,200.0,-946.1261064300517,1000,0.001,200.0,-974.1588848922365,1000,0.002,200.0,-975.8788746990701,12288,0,0,uniform=6177;sir=6119,104.08436679840088,7e99f75
var_low,1108,1228800,264,0.0,200.0,-1043.2326475151574,1000,0.0,200.0,-999.5142983485554,1000,0.0,200.0,-1006.9111435400778,12288,0,0,uniform=6177;sir=6119,104.08436679840088,7e99f75
var_low,1108,1474560,264,0.0,200.0,-902.765313715573,1000,0.0,200.0,-994.0397032613333,1000,0.0,200.0,-1001.5920534607898,12288,0,0,uniform=6177;sir=6119,104.08436679840088,7e99f75
var_low,1108,1720320,264,0.6287878787878788,200.0,-420.281651833835,1000,0.131,200.0,-927.2645094126566,1000,0.119,200.0,-941.6257747631678,12288,0,0,uniform=6177;sir=6119,104.08436679840088,7e99f75
var_low,1108,1966080,264,0.6628787878787878,200.0,-383.72745197427537,1000,0.088,200.0,-927.4439855408785,1000,0.082,200.0,-933.665640476239,12288,0,0,uniform=6177;sir=6119,104.08436679840088,7e99f75
var_low,1108,2211840,264,0.6212121212121212,200.0,-472.0361683867444,1000,0.081,200.0,-964.6725301132062,1000,0.069,200.0,-972.9497050324596,12288,0,0,uniform=6177;sir=6119,104.08436679840088,7e99f75
var_low,1108,2457600,264,0.6515151515151515,200.0,-472.0264945271229,1000,0.167,200.0,-925.2044772368521,1000,0.146,200.0,-940.7023928546436,12288,0,0,uniform=6177;sir=6119,104.08436679840088,7e99f75
var_low,1109,0,264,0.0,200.0,-1488.8073631749246,1000,0.0,200.0,-1367.2221123367879,1000,0.0,200.0,-1375.8140804757625,12288,0,0,uniform=6110;sir=6186,105.27292013168335,7e99f75
var_low,1109,245760,264,0.10606060606060606,200.0,-949.0294954466647,1000,0.006,200.0,-1015.6146125662394,1000,0.022,200.0,-1012.9795256006307,12288,0,0,uniform=6110;sir=6186,105.27292013168335,7e99f75
var_low,1109,491520,264,0.0,200.0,-1170.5768894035682,1000,0.0,200.0,-1030.8874415812493,1000,0.0,200.0,-1032.8034176781696,12288,0,0,uniform=6110;sir=6186,105.27292013168335,7e99f75
var_low,1109,737280,264,0.0,200.0,-1435.3196561502523,1000,0.0,200.0,-1139.7104087220953,1000,0.0,200.0,-1142.1176884674,12288,0,0,uniform=6110;sir=6186,105.27292013168335,7e99f75
var_low,1109,983040,264,0.35984848484848486,200.0,-680.437778981743,1000,0.039,200.0,-1061.045818274124,1000,0.028,200.0,-1071.2731363927196,12288,0,0,uniform=6110;sir=6186,105.27292013168335,7e99f75
var_low,1109,1228800,264,0.30303030303030304,200.0,-630.9003332914888,1000,0.022,200.0,-991.4871211402225,1000,0.026,200.0,-989.8412453446335,12288,0,0,uniform=6110;sir=6186,105.27292013168335,7e99f75
var_low,1109,1474560,264,0.30303030303030304,200.0,-669.2375511119611,1000,0.012,200.0,-984.8328617418604,1000,0.01,200.0,-983.8752301479365,12288,0,0,uniform=6110;sir=6186,105.27292013168335,7e99f75
var_low,1109,1720320,264,0.4393939393939394,200.0,-571.8177636271259,1000,0.048,200.0,-970.622321848987,1000,0.062,200.0,-973.525504151279,12288,0,0,uniform=6110;sir=6186,105.27292013168335,7e99f75
var_low,1109,1966080,264,0.38257575757575757,200.0,-656.2494877739704,1000,0.02,200.0,-1021.4286167695403,1000,0.015,200.0,-1025.5091482086705,12288,0,0,uniform=6110;sir=6186,105.27292013168335,7e99f75
var_low,1109,2211840,264,0.4621212121212121,200.0,-596.0962842607544,1000,0.038,200.0,-1018.0567658261871,1000,0.034,200.0,-1029.2279461827472,12288,0,0,uniform=6110;sir=6186,105.27292013168335,7e99f75
var_low,1109,2457600,264,0.5909090909090909,200.0,-482.68375217879674,1000,0.062,200.0,-1026.63244719242,1000,0.072,200.0,-1025.8269238319153,12288,0,0,uniform=6110;sir=6186,105.27292013168335,7e99f75
var_low,1112,0,264,0.0,200.0,-1451.3769015677863,1000,0.0,200.0,-1224.592206857142,1000,0.0,200.0,-1236.2394234247915,12288,0,0,uniform=6215;sir=6081,105.39616513252258,7e99f75
var_low,1112,245760,264,0.0,200.0,-1334.6255027606435,1000,0.0,200.0,-1082.4257178548808,1000,0.0,200.0,-1090.4428998433568,12288,0,0,uniform=6215;sir=6081,105.39616513252258,7e99f75
var_low,1112,491520,264,0.3068181818181818,200.0,-789.1513952866682,1000,0.008,200.0,-1139.506571907796,1000,0.008,200.0,-1145.0675073584034,12288,0,0,uniform=6215;sir=6081,105.39616513252258,7e99f75
var_low,1112,737280,264,0.13257575757575757,200.0,-734.4497205405364,1000,0.002,200.0,-1074.1948773926874,1000,0.001,200.0,-1081.1873856557943,12288,0,0,uniform=6215;sir=6081,105.39616513252258,7e99f75
var_low,1112,983040,264,0.0,200.0,-1163.7270432439236,1000,0.0,200.0,-1029.2820850843814,1000,0.0,200.0,-1031.8586472148588,12288,0,0,uniform=6215;sir=6081,105.39616513252258,7e99f75
var_low,1112,1228800,264,0.4166666666666667,200.0,-752.7841122297355,1000,0.021,200.0,-1212.0779166305524,1000,0.026,200.0,-1212.5843275721,12288,0,0,uniform=6215;sir=6081,105.39616513252258,7e99f75
var_low,1112,1474560,264,0.4583333333333333,200.0,-605.6364220165223,1000,0.069,200.0,-1030.5286230602708,1000,0.062,200.0,-1043.596675359474,12288,0,0,uniform=6215;sir=6081,105.39616513252258,7e99f75
var_low,1112,1720320,264,0.36742424242424243,200.0,-671.7643216606917,1000,0.016,200.0,-987.5020503001332,1000,0.013,200.0,-996.3482147053938,12288,0,0,uniform=6215;sir=6081,105.39616513252258,7e99f75
var_low,1112,1966080,264,0.6060606060606061,200.0,-472.3408818461331,1000,0.076,200.0,-983.0118017180331,1000,0.069,200.0,-989.150077002324,12288,0,0,uniform=6215;sir=6081,105.39616513252258,7e99f75
var_low,1112,2211840,264,0.696969696969697,200.0,-423.4306299401085,1000,0.119,200.0,-981.2384564580952,1000,0.099,200.0,-995.3082599166413,12288,0,0,uniform=6215;sir=6081,105.39616513252258,7e99f75
var_low,1112,2457600,264,0.7386363636363636,200.0,-353.5033468298964,1000,0.249,200.0,-894.5383793179262,1000,0.273,200.0,-884.5288390240402,12288,0,0,uniform=6215;sir=6081,105.39616513252258,7e99f75
var_low,1110,0,264,0.0,200.0,-1232.0485082185633,1000,0.0,200.0,-1270.645276348786,1000,0.0,200.0,-1277.2467969415038,12288,0,0,uniform=6251;sir=6045,105.77806615829468,7e99f75
var_low,1110,245760,264,0.0,200.0,-1143.6507460347416,1000,0.001,200.0,-995.6223104709352,1000,0.001,200.0,-999.3757292088721,12288,0,0,uniform=6251;sir=6045,105.77806615829468,7e99f75
var_low,1110,491520,264,0.0,200.0,-1285.5502160270487,1000,0.0,200.0,-1068.9775495809004,1000,0.0,200.0,-1070.7680227130638,12288,0,0,uniform=6251;sir=6045,105.77806615829468,7e99f75
var_low,1110,737280,264,0.0,200.0,-941.6196061567504,1000,0.0,200.0,-1003.4384004377893,1000,0.0,200.0,-1012.0786044418609,12288,0,0,uniform=6251;sir=6045,105.77806615829468,7e99f75
var_low,1110,983040,264,0.0,200.0,-920.2047452445104,1000,0.0,200.0,-993.038310909854,1000,0.0,200.0,-1000.2086851732896,12288,0,0,uniform=6251;sir=6045,105.77806615829468,7e99f75
var_low,1110,1228800,264,0.0,200.0,-1237.9708791897538,1000,0.0,200.0,-1040.8981562377896,1000,0.0,200.0,-1049.0591089054235,12288,0,0,uniform=6251;sir=6045,105.77806615829468,7e99f75
var_low,1110,1474560,264,0.5303030303030303,200.0,-463.55172072667074,1000,0.042,200.0,-974.1919983700208,1000,0.036,200.0,-980.9028658304871,12288,0,0,uniform=6251;sir=6045,105.77806615829468,7e99f75
var_low,1110,1720320,264,0.6325757575757576,200.0,-446.04647212625275,1000,0.112,200.0,-899.5535462797546,1000,0.119,200.0,-898.5408037638224,12288,0,0,uniform=6251;sir=6045,105.77806615829468,7e99f75
var_low,1110,1966080,264,0.7916666666666666,200.0,-321.05636714644635,1000,0.263,200.0,-812.2964887581176,1000,0.253,200.0,-832.1183377026268,12288,0,0,uniform=6251;sir=6045,105.77806615829468,7e99f75
var_low,1110,2211840,264,0.821969696969697,200.0,-281.1203036416402,1000,0.317,200.0,-767.4948105689992,1000,0.33,200.0,-776.4170234210959,12288,0,0,uniform=6251;sir=6045,105.77806615829468,7e99f75
var_low,1110,2457600,264,0.8560606060606061,200.0,-264.78238380456196,1000,0.275,200.0,-782.753259744558,1000,0.3,200.0,-784.9448437966189,12288,0,0,uniform=6251;sir=6045,105.77806615829468,7e99f75
var_low,1111,0,264,0.0,200.0,-1262.8456519655265,1000,0.0,200.0,-1077.3680846520792,1000,0.0,200.0,-1079.8630091368761,12288,0,0,uniform=6158;sir=6138,105.66955590248108,7e99f75
var_low,1111,245760,264,0.29545454545454547,200.0,-891.2384963400834,1000,0.08,200.0,-957.8058605449058,1000,0.091,200.0,-950.9200335368463,12288,0,0,uniform=6158;sir=6138,105.66955590248108,7e99f75
var_low,1111,491520,264,0.015151515151515152,200.0,-972.8709048660578,1000,0.0,200.0,-1027.4459171129415,1000,0.0,200.0,-1020.740213764261,12288,0,0,uniform=6158;sir=6138,105.66955590248108,7e99f75
var_low,1111,737280,264,0.0,200.0,-817.6658137872503,1000,0.0,200.0,-1006.0207351745311,1000,0.0,200.0,-1005.6464586000575,12288,0,0,uniform=6158;sir=6138,105.66955590248108,7e99f75
var_low,1111,983040,264,0.4621212121212121,200.0,-596.7030636449651,1000,0.066,200.0,-1038.2774133980606,1000,0.057,200.0,-1045.852238732555,12288,0,0,uniform=6158;sir=6138,105.66955590248108,7e99f75
var_low,1111,1228800,264,0.6401515151515151,200.0,-411.6295494327396,1000,0.106,200.0,-934.1089421767041,1000,0.102,200.0,-934.3088750287794,12288,0,0,uniform=6158;sir=6138,105.66955590248108,7e99f75
var_low,1111,1474560,264,0.4810606060606061,200.0,-548.1542904927998,1000,0.051,200.0,-950.798929908937,1000,0.043,200.0,-964.6547442923832,12288,0,0,uniform=6158;sir=6138,105.66955590248108,7e99f75
var_low,1111,1720320,264,0.6666666666666666,200.0,-385.0685271216149,1000,0.164,200.0,-864.6607185276407,1000,0.152,200.0,-873.142031405037,12288,0,0,uniform=6158;sir=6138,105.66955590248108,7e99f75
var_low,1111,1966080,264,0.8143939393939394,200.0,-288.40331255153785,1000,0.246,200.0,-811.0366544912001,1000,0.257,200.0,-814.0930374078516,12288,0,0,uniform=6158;sir=6138,105.66955590248108,7e99f75
var_low,1111,2211840,264,0.678030303030303,200.0,-412.3066377977028,1000,0.238,200.0,-828.1022276559459,1000,0.23,200.0,-834.2538148653887,12288,0,0,uniform=6158;sir=6138,105.66955590248108,7e99f75
var_low,1111,2457600,264,0.9053030303030303,200.0,-230.1039718851644,1000,0.317,200.0,-756.2389894616904,1000,0.327,200.0,-762.7399172386824,12288,0,0,uniform=6158;sir=6138,105.66955590248108,7e99f75
var_low,1113,0,264,0.0,200.0,-1210.1083645721808,1000,0.0,200.0,-1288.3906095469154,1000,0.0,200.0,-1292.086422100272,12288,0,0,uniform=6028;sir=6268,103.53913187980652,7e99f75
var_low,1113,245760,264,0.0,200.0,-1324.6117957624206,1000,0.0,200.0,-1067.1640254966674,1000,0.0,200.0,-1073.649715719768,12288,0,0,uniform=6028;sir=6268,103.53913187980652,7e99f75
var_low,1113,491520,264,0.0,200.0,-1002.6061666518336,1000,0.0,200.0,-1016.4596276144053,1000,0.0,200.0,-1016.7847134816838,12288,0,0,uniform=6028;sir=6268,103.53913187980652,7e99f75
var_low,1113,737280,264,0.0,200.0,-1057.5660935353117,1000,0.0,200.0,-1004.3192009850133,1000,0.0,200.0,-1004.101439636769,12288,0,0,uniform=6028;sir=6268,103.53913187980652,7e99f75
var_low,1113,983040,264,0.0,200.0,-1073.790947668159,1000,0.001,200.0,-1012.47106067319,1000,0.0,200.0,-1015.7156813133271,12288,0,0,uniform=6028;sir=6268,103.53913187980652,7e99f75
var_low,1113,1228800,264,0.007575757575757576,200.0,-1099.5731651155868,1000,0.0,200.0,-1024.6641361341924,1000,0.0,200.0,-1029.9063044376906,12288,0,0,uniform=6028;sir=6268,103.53913187980652,7e99f75
var_low,1113,1474560,264,0.09090909090909091,200.0,-895.3139158847208,1000,0.0,200.0,-1005.4030149575776,1000,0.001,200.0,-1008.8208475024558,12288,0,0,uniform=6028;sir=6268,103.53913187980652,7e99f75
var_low,1113,1720320,264,0.14393939393939395,200.0,-874.201321768081,1000,0.002,200.0,-1008.2427793544603,1000,0.004,200.0,-1010.8096192640531,12288,0,0,uniform=6028;sir=6268,103.53913187980652,7e99f75
var_low,1113,1966080,264,0.375,200.0,-615.9188092704969,1000,0.031,200.0,-1025.096414650118,1000,0.04,200.0,-1022.3422840499038,12288,0,0,uniform=6028;sir=6268,103.53913187980652,7e99f75
var_low,1113,2211840,264,0.4015151515151515,200.0,-629.6395973279899,1000,0.032,200.0,-997.0894797049879,1000,0.03,200.0,-1007.3955743485584,12288,0,0,uniform=6028;sir=6268,103.53913187980652,7e99f75
var_low,1113,2457600,264,0.5871212121212122,200.0,-470.7181899884406,1000,0.046,200.0,-981.2211590833093,1000,0.052,200.0,-984.9578219910577,12288,0,0,uniform=6028;sir=6268,103.53913187980652,7e99f75
var_low,1114,0,264,0.0,200.0,-1513.891132587904,1000,0.0,200.0,-1265.531586952782,1000,0.0,200.0,-1273.9108348403254,12288,0,0,uniform=6204;sir=6092,103.51081705093384,7e99f75
var_low,1114,245760,264,0.0,200.0,-972.3527160381914,1000,0.0,200.0,-1030.4553916652221,1000,0.0,200.0,-1027.6315409184856,12288,0,0,uniform=6204;sir=6092,103.51081705093384,7e99f75
var_low,1114,491520,264,0.26136363636363635,200.0,-795.0307642307331,1000,0.018,200.0,-1100.4274448347105,1000,0.011,200.0,-1111.0862827683966,12288,0,0,uniform=6204;sir=6092,103.51081705093384,7e99f75
var_low,1114,737280,264,0.10606060606060606,200.0,-946.6426053277348,1000,0.0,200.0,-1137.4579196619643,1000,0.001,200.0,-1140.065620064558,12288,0,0,uniform=6204;sir=6092,103.51081705093384,7e99f75
var_low,1114,983040,264,0.0,200.0,-1003.0675689445021,1000,0.0,200.0,-1055.1769415066947,1000,0.0,200.0,-1062.5437749158127,12288,0,0,uniform=6204;sir=6092,103.51081705093384,7e99f75
var_low,1114,1228800,264,0.0,200.0,-899.6373100036939,1000,0.0,200.0,-978.2051446934996,1000,0.0,200.0,-982.8540175049221,12288,0,0,uniform=6204;sir=6092,103.51081705093384,7e99f75
var_low,1114,1474560,264,0.0,200.0,-922.1244777737054,1000,0.0,200.0,-1012.83441029485,1000,0.001,200.0,-1013.3894449229091,12288,0,0,uniform=6204;sir=6092,103.51081705093384,7e99f75
var_low,1114,1720320,264,0.0,200.0,-831.4001137104384,1000,0.0,200.0,-1003.065281541144,1000,0.0,200.0,-1009.1565265955722,12288,0,0,uniform=6204;sir=6092,103.51081705093384,7e99f75
var_low,1114,1966080,264,0.0,200.0,-869.933826772291,1000,0.0,200.0,-1040.3901164257052,1000,0.0,200.0,-1046.7774840238142,12288,0,0,uniform=6204;sir=6092,103.51081705093384,7e99f75
var_low,1114,2211840,264,0.3787878787878788,200.0,-629.0374964826467,1000,0.024,200.0,-1040.6100107414225,1000,0.038,200.0,-1032.3017177574313,12288,0,0,uniform=6204;sir=6092,103.51081705093384,7e99f75
var_low,1114,2457600,264,0.45454545454545453,200.0,-536.1612022124917,1000,0.018,200.0,-973.7241711130487,1000,0.023,200.0,-976.7857314423134,12288,0,0,uniform=6204;sir=6092,103.51081705093384,7e99f75
var_low,1115,0,264,0.0,200.0,-1438.7505304378467,1000,0.0,200.0,-1229.8067862352932,1000,0.0,200.0,-1236.3300326120711,12288,0,0,uniform=6154;sir=6142,104.37479209899902,7e99f75
var_low,1115,245760,264,0.0,200.0,-1422.5424869611502,1000,0.0,200.0,-1143.613557695935,1000,0.0,200.0,-1158.8484742017733,12288,0,0,uniform=6154;sir=6142,104.37479209899902,7e99f75
var_low,1115,491520,264,0.25757575757575757,200.0,-720.1279272790583,1000,0.017,200.0,-1024.2854832662435,1000,0.017,200.0,-1031.4498908782418,12288,0,0,uniform=6154;sir=6142,104.37479209899902,7e99f75
var_low,1115,737280,264,0.0,200.0,-1050.2801472087222,1000,0.0,200.0,-990.4296421886221,1000,0.0,200.0,-994.7075444004902,12288,0,0,uniform=6154;sir=6142,104.37479209899902,7e99f75
var_low,1115,983040,264,0.36363636363636365,200.0,-612.0302024878035,1000,0.015,200.0,-1005.6887503127348,1000,0.019,200.0,-1006.9366025189892,12288,0,0,uniform=6154;sir=6142,104.37479209899902,7e99f75
var_low,1115,1228800,264,0.0,200.0,-929.3868563233556,1000,0.0,200.0,-971.3756550741148,1000,0.0,200.0,-973.1304763465333,12288,0,0,uniform=6154;sir=6142,104.37479209899902,7e99f75
var_low,1115,1474560,264,0.03787878787878788,200.0,-819.8550477397049,1000,0.001,200.0,-977.9565258519515,1000,0.001,200.0,-983.8293825159548,12288,0,0,uniform=6154;sir=6142,104.37479209899902,7e99f75
var_low,1115,1720320,264,0.3560606060606061,200.0,-555.1575481286201,1000,0.021,200.0,-950.9403214378452,1000,0.012,200.0,-961.9471265054432,12288,0,0,uniform=6154;sir=6142,104.37479209899902,7e99f75
var_low,1115,1966080,264,0.49242424242424243,200.0,-502.09350851988603,1000,0.036,200.0,-967.4611534579752,1000,0.027,200.0,-976.7854674261971,12288,0,0,uniform=6154;sir=6142,104.37479209899902,7e99f75
var_low,1115,2211840,264,0.6666666666666666,200.0,-384.0125537813229,1000,0.073,200.0,-938.4261295637813,1000,0.072,200.0,-943.5488773248103,12288,0,0,uniform=6154;sir=6142,104.37479209899902,7e99f75
var_low,1115,2457600,264,0.8106060606060606,200.0,-288.3209966892052,1000,0.191,200.0,-850.963149139672,1000,0.208,200.0,-852.0486882347227,12288,0,0,uniform=6154;sir=6142,104.37479209899902,7e99f75
var_low,1116,0,264,0.0,200.0,-1437.1994702066797,1000,0.0,200.0,-1468.222431328429,1000,0.0,200.0,-1474.154855333824,12288,0,0,uniform=6231;sir=6065,104.48978304862976,7e99f75
var_low,1116,245760,264,0.026515151515151516,200.0,-917.2712747306368,1000,0.0,200.0,-984.814336358357,1000,0.0,200.0,-986.8820231842121,12288,0,0,uniform=6231;sir=6065,104.48978304862976,7e99f75
var_low,1116,491520,264,0.0,200.0,-1046.839922381863,1000,0.0,200.0,-1174.516599388569,1000,0.0,200.0,-1180.1560261596696,12288,0,0,uniform=6231;sir=6065,104.48978304862976,7e99f75
var_low,1116,737280,264,0.0,200.0,-973.1667570440144,1000,0.0,200.0,-1215.8289708708735,1000,0.0,200.0,-1223.092425927726,12288,0,0,uniform=6231;sir=6065,104.48978304862976,7e99f75
var_low,1116,983040,264,0.3143939393939394,200.0,-783.1738105396113,1000,0.009,200.0,-1147.7633458120793,1000,0.01,200.0,-1151.6351702172353,12288,0,0,uniform=6231;sir=6065,104.48978304862976,7e99f75
var_low,1116,1228800,264,0.08712121212121213,200.0,-822.4682800938925,1000,0.0,200.0,-991.9283189856453,1000,0.002,200.0,-1002.3933879122112,12288,0,0,uniform=6231;sir=6065,104.48978304862976,7e99f75
var_low,1116,1474560,264,0.1590909090909091,200.0,-738.9625516846033,1000,0.005,200.0,-1010.5369966652139,1000,0.004,200.0,-1020.3421927563546,12288,0,0,uniform=6231;sir=6065,104.48978304862976,7e99f75
var_low,1116,1720320,264,0.01893939393939394,200.0,-1031.7742612697032,1000,0.0,200.0,-1020.4803601939087,1000,0.001,200.0,-1028.01725020874,12288,0,0,uniform=6231;sir=6065,104.48978304862976,7e99f75
var_low,1116,1966080,264,0.3484848484848485,200.0,-721.0658367695358,1000,0.016,200.0,-1015.6272743647007,1000,0.016,200.0,-1015.8577370229729,12288,0,0,uniform=6231;sir=6065,104.48978304862976,7e99f75
var_low,1116,2211840,264,0.6287878787878788,200.0,-388.12341805626727,1000,0.035,200.0,-979.7616143089118,1000,0.046,200.0,-972.9108431168146,12288,0,0,uniform=6231;sir=6065,104.48978304862976,7e99f75
var_low,1116,2457600,264,0.6893939393939394,200.0,-409.4208428029992,1000,0.098,200.0,-952.2140682899579,1000,0.111,200.0,-950.6777149544245,12288,0,0,uniform=6231;sir=6065,104.48978304862976,7e99f75
var_low,1117,0,264,0.0,200.0,-1420.1717591645051,1000,0.0,200.0,-1207.2601357209244,1000,0.0,200.0,-1214.0586887359939,12288,0,0,uniform=6101;sir=6195,104.573655128479,7e99f75
var_low,1117,245760,264,0.041666666666666664,200.0,-1091.6940234867097,1000,0.002,200.0,-1042.788266705081,1000,0.0,200.0,-1048.044074644665,12288,0,0,uniform=6101;sir=6195,104.573655128479,7e99f75
var_low,1117,491520,264,0.05303030303030303,200.0,-1001.7028670525928,1000,0.0,200.0,-994.2571782920322,1000,0.0,200.0,-999.2395154202208,12288,0,0,uniform=6101;sir=6195,104.573655128479,7e99f75
var_low,1117,737280,264,0.0,200.0,-906.2259165474529,1000,0.0,200.0,-1085.3543599178297,1000,0.0,200.0,-1096.1483855530157,12288,0,0,uniform=6101;sir=6195,104.573655128479,7e99f75
var_low,1117,983040,264,0.0,200.0,-889.0925333416224,1000,0.0,200.0,-1054.3125287008756,1000,0.0,200.0,-1063.4397112679198,12288,0,0,uniform=6101;sir=6195,104.573655128479,7e99f75
var_low,1117,1228800,264,0.003787878787878788,200.0,-1078.323803556491,1000,0.0,200.0,-1000.1975430522829,1000,0.0,200.0,-999.4628406753244,12288,0,0,uniform=6101;sir=6195,104.573655128479,7e99f75
var_low,1117,1474560,264,0.003787878787878788,200.0,-841.9481643886405,1000,0.001,200.0,-1005.159841196023,1000,0.001,200.0,-1005.4501575547321,12288,0,0,uniform=6101;sir=6195,104.573655128479,7e99f75
var_low,1117,1720320,264,0.49242424242424243,200.0,-512.5768733125485,1000,0.029,200.0,-1005.5929593280556,1000,0.027,200.0,-1013.456288747268,12288,0,0,uniform=6101;sir=6195,104.573655128479,7e99f75
var_low,1117,1966080,264,0.4734848484848485,200.0,-537.0781685893107,1000,0.02,200.0,-999.3951783170813,1000,0.014,200.0,-1006.222753157007,12288,0,0,uniform=6101;sir=6195,104.573655128479,7e99f75
var_low,1117,2211840,264,0.5492424242424242,200.0,-505.7598486271313,1000,0.038,200.0,-1034.4413189171155,1000,0.038,200.0,-1033.1652093225077,12288,0,0,uniform=6101;sir=6195,104.573655128479,7e99f75
var_low,1117,2457600,264,0.5378787878787878,200.0,-565.8213604973049,1000,0.104,200.0,-974.689606577391,1000,0.103,200.0,-986.352625503658,12288,0,0,uniform=6101;sir=6195,104.573655128479,7e99f75
var_low,1118,0,264,0.0,200.0,-1482.2948679248132,1000,0.0,200.0,-1217.1434731173865,1000,0.0,200.0,-1224.7848525331272,12288,0,0,uniform=6209;sir=6087,104.47992610931396,7e99f75
var_low,1118,245760,264,0.0,200.0,-982.3593776703608,1000,0.0,200.0,-1065.9733221419533,1000,0.0,200.0,-1069.5179325867427,12288,0,0,uniform=6209;sir=6087,104.47992610931396,7e99f75
var_low,1118,491520,264,0.03787878787878788,200.0,-857.1051757489463,1000,0.001,200.0,-1045.838093757301,1000,0.0,200.0,-1056.6321579943524,12288,0,0,uniform=6209;sir=6087,104.47992610931396,7e99f75
var_low,1118,737280,264,0.3522727272727273,200.0,-728.9624178537434,1000,0.012,200.0,-1114.9999415042903,1000,0.017,200.0,-1117.8470925734784,12288,0,0,uniform=6209;sir=6087,104.47992610931396,7e99f75
var_low,1118,983040,264,0.3371212121212121,200.0,-745.8949436598266,1000,0.017,200.0,-1112.369143662093,1000,0.017,200.0,-1117.5618526717446,12288,0,0,uniform=6209;sir=6087,104.47992610931396,7e99f75
var_low,1118,1228800,264,0.22348484848484848,200.0,-652.0449030311639,1000,0.005,200.0,-997.2876789807985,1000,0.004,200.0,-1008.9259344169803,12288,0,0,uniform=6209;sir=6087,104.47992610931396,7e99f75
var_low,1118,1474560,264,0.14015151515151514,200.0,-700.8331129189601,1000,0.001,200.0,-996.8165266420255,1000,0.0,200.0,-1007.5839764362743,12288,0,0,uniform=6209;sir=6087,104.47992610931396,7e99f75
var_low,1118,1720320,264,0.5795454545454546,200.0,-415.4771540032425,1000,0.091,200.0,-886.1652902189729,1000,0.096,200.0,-885.4794156256104,12288,0,0,uniform=6209;sir=6087,104.47992610931396,7e99f75
var_low,1118,1966080,264,0.8409090909090909,200.0,-256.9363680637197,1000,0.184,200.0,-803.253751802074,1000,0.202,200.0,-794.8079249985104,12288,0,0,uniform=6209;sir=6087,104.47992610931396,7e99f75
var_low,1118,2211840,264,0.8901515151515151,200.0,-221.6420406029094,1000,0.269,200.0,-748.4350540698799,1000,0.284,200.0,-739.0929641164844,12288,0,0,uniform=6209;sir=6087,104.47992610931396,7e99f75
var_low,1118,2457600,264,0.8674242424242424,200.0,-239.45992513100342,1000,0.311,200.0,-729.7464267867888,1000,0.31,200.0,-731.5590391417114,12288,0,0,uniform=6209;sir=6087,104.47992610931396,7e99f75
var_low,1119,0,264,0.0,200.0,-1636.471663592309,1000,0.0,200.0,-1568.5423615966658,1000,0.0,200.0,-1575.9336652320987,12288,0,0,uniform=6142;sir=6154,110.23823404312134,7e99f75
var_low,1119,245760,264,0.06439393939393939,200.0,-971.4411800749467,1000,0.014,200.0,-1108.3837986287444,1000,0.009,200.0,-1117.626213501301,12288,0,0,uniform=6142;sir=6154,110.23823404312134,7e99f75
var_low,1119,491520,264,0.18181818181818182,200.0,-732.5224349723956,1000,0.004,200.0,-1057.6623172798772,1000,0.004,200.0,-1061.40833000697,12288,0,0,uniform=6142;sir=6154,110.23823404312134,7e99f75
var_low,1119,737280,264,0.015151515151515152,200.0,-947.9972510211227,1000,0.008,200.0,-1047.1867419230261,1000,0.009,200.0,-1051.5385016824127,12288,0,0,uniform=6142;sir=6154,110.23823404312134,7e99f75
var_low,1119,983040,264,0.3068181818181818,200.0,-718.6554462471148,1000,0.018,200.0,-1069.1945837966275,1000,0.019,200.0,-1074.9690305578608,12288,0,0,uniform=6142;sir=6154,110.23823404312134,7e99f75
var_low,1119,1228800,264,0.007575757575757576,200.0,-1194.1099233069806,1000,0.0,200.0,-1061.7592350014495,1000,0.0,200.0,-1068.4730879979381,12288,0,0,uniform=6142;sir=6154,110.23823404312134,7e99f75
var_low,1119,1474560,264,0.44696969696969696,200.0,-625.4982826480115,1000,0.028,200.0,-1023.9912097422203,1000,0.03,200.0,-1031.875057570403,12288,0,0,uniform=6142;sir=6154,110.23823404312134,7e99f75
var_low,1119,1720320,264,0.625,200.0,-448.5983439394126,1000,0.047,200.0,-1011.6399447326577,1000,0.047,200.0,-1017.3545388063809,12288,0,0,uniform=6142;sir=6154,110.23823404312134,7e99f75
var_low,1119,1966080,264,0.6553030303030303,200.0,-441.2517652617139,1000,0.08,200.0,-1009.4171750397808,1000,0.069,200.0,-1016.2993965878827,12288,0,0,uniform=6142;sir=6154,110.23823404312134,7e99f75
var_low,1119,2211840,264,0.6060606060606061,200.0,-487.66465882242875,1000,0.086,200.0,-1017.1410596675321,1000,0.093,200.0,-1017.5179830744981,12288,0,0,uniform=6142;sir=6154,110.23823404312134,7e99f75
var_low,1119,2457600,264,0.6098484848484849,200.0,-506.0662385556751,1000,0.108,200.0,-1013.9895027338282,1000,0.108,200.0,-1021.0389519173672,12288,0,0,uniform=6142;sir=6154,110.23823404312134,7e99f75
var_low,1120,0,264,0.0,200.0,-1439.691430618924,1000,0.0,200.0,-1213.4731452643582,1000,0.0,200.0,-1224.992159353483,12288,0,0,uniform=6084;sir=6212,110.60105204582214,7e99f75
var_low,1120,245760,264,0.36363636363636365,200.0,-788.1215788095765,1000,0.009,200.0,-1178.4464776787981,1000,0.009,200.0,-1185.796407292304,12288,0,0,uniform=6084;sir=6212,110.60105204582214,7e99f75
var_low,1120,491520,264,0.17045454545454544,200.0,-821.0118929425108,1000,0.003,200.0,-1110.0189908010964,1000,0.005,200.0,-1116.3912711765263,12288,0,0,uniform=6084;sir=6212,110.60105204582214,7e99f75
var_low,1120,737280,264,0.0,200.0,-1333.7967326028668,1000,0.0,200.0,-1088.6100459493719,1000,0.0,200.0,-1096.333300420702,12288,0,0,uniform=6084;sir=6212,110.60105204582214,7e99f75
var_low,1120,983040,264,0.0,200.0,-793.5650467411476,1000,0.0,200.0,-1010.1275741205935,1000,0.0,200.0,-1010.038185514794,12288,0,0,uniform=6084;sir=6212,110.60105204582214,7e99f75
var_low,1120,1228800,264,0.0,200.0,-920.1555509986076,1000,0.0,200.0,-1010.058037476525,1000,0.0,200.0,-1016.8940444648508,12288,0,0,uniform=6084;sir=6212,110.60105204582214,7e99f75
var_low,1120,1474560,264,0.09090909090909091,200.0,-801.4666720073117,1000,0.002,200.0,-1022.904808677906,1000,0.003,200.0,-1025.8644470321844,12288,0,0,uniform=6084;sir=6212,110.60105204582214,7e99f75
var_low,1120,1720320,264,0.3712121212121212,200.0,-607.7200861210896,1000,0.017,200.0,-1035.5956725372312,1000,0.017,200.0,-1039.6099225365688,12288,0,0,uniform=6084;sir=6212,110.60105204582214,7e99f75
var_low,1120,1966080,264,0.5303030303030303,200.0,-490.43203660682144,1000,0.047,200.0,-1005.0516177700157,1000,0.037,200.0,-1014.6795072708193,12288,0,0,uniform=6084;sir=6212,110.60105204582214,7e99f75
var_low,1120,2211840,264,0.5606060606060606,200.0,-499.1188404657567,1000,0.057,200.0,-1019.9293947155217,1000,0.067,200.0,-1021.2581725551188,12288,0,0,uniform=6084;sir=6212,110.60105204582214,7e99f75
var_low,1120,2457600,264,0.6628787878787878,200.0,-444.4147416675397,1000,0.209,200.0,-941.3682291408028,1000,0.217,200.0,-937.9139273297038,12288,0,0,uniform=6084;sir=6212,110.60105204582214,7e99f75
var_low,1121,0,264,0.0,200.0,-1451.0351835335534,1000,0.0,200.0,-1211.7153054540365,1000,0.0,200.0,-1214.8784662192788,12288,0,0,uniform=6142;sir=6154,111.51884603500366,7e99f75
var_low,1121,245760,264,0.0,200.0,-849.1537714390718,1000,0.0,200.0,-1051.5937492857374,1000,0.0,200.0,-1055.010256481274,12288,0,0,uniform=6142;sir=6154,111.51884603500366,7e99f75
var_low,1121,491520,264,0.16287878787878787,200.0,-891.9864844781732,1000,0.005,200.0,-1135.2077443208082,1000,0.007,200.0,-1139.3809793313874,12288,0,0,uniform=6142;sir=6154,111.51884603500366,7e99f75
var_low,1121,737280,264,0.0,200.0,-1026.0675927249808,1000,0.0,200.0,-995.5973179904736,1000,0.0,200.0,-1002.4109266367105,12288,0,0,uniform=6142;sir=6154,111.51884603500366,7e99f75
var_low,1121,983040,264,0.003787878787878788,200.0,-836.6277495450795,1000,0.0,200.0,-1005.980279649141,1000,0.0,200.0,-1013.6482732434927,12288,0,0,uniform=6142;sir=6154,111.51884603500366,7e99f75
var_low,1121,1228800,264,0.0,200.0,-973.7546718144713,1000,0.0,200.0,-1061.6636786509064,1000,0.0,200.0,-1058.779039784256,12288,0,0,uniform=6142;sir=6154,111.51884603500366,7e99f75
var_low,1121,1474560,264,0.0,200.0,-1232.1770822587416,1000,0.0,200.0,-1067.1536508894335,1000,0.0,200.0,-1070.2352352676135,12288,0,0,uniform=6142;sir=6154,111.51884603500366,7e99f75
var_low,1121,1720320,264,0.3712121212121212,200.0,-719.1198991358216,1000,0.032,200.0,-1047.5811511353368,1000,0.024,200.0,-1050.1734498314624,12288,0,0,uniform=6142;sir=6154,111.51884603500366,7e99f75
var_low,1121,1966080,264,0.5,200.0,-580.8343698710827,1000,0.104,200.0,-940.5969738594117,1000,0.087,200.0,-944.8117966593256,12288,0,0,uniform=6142;sir=6154,111.51884603500366,7e99f75
var_low,1121,2211840,264,0.6136363636363636,200.0,-499.13390787072353,1000,0.156,200.0,-942.6654659850178,1000,0.149,200.0,-949.6565650238915,12288,0,0,uniform=6142;sir=6154,111.51884603500366,7e99f75
var_low,1121,2457600,264,0.5265151515151515,200.0,-605.9913883263101,1000,0.155,200.0,-988.5690478191756,1000,0.15,200.0,-989.2550498338313,12288,0,0,uniform=6142;sir=6154,111.51884603500366,7e99f75
var_low,1122,0,264,0.0,200.0,-1465.0451081956164,1000,0.0,200.0,-1247.8835961890827,1000,0.0,200.0,-1256.2764733598622,12288,0,0,uniform=6174;sir=6122,111.82221627235413,7e99f75
var_low,1122,245760,264,0.375,200.0,-713.2769826704216,1000,0.046,200.0,-1010.9136281838121,1000,0.045,200.0,-1013.7977654686775,12288,0,0,uniform=6174;sir=6122,111.82221627235413,7e99f75
var_low,1122,491520,264,0.3333333333333333,200.0,-700.9696843354429,1000,0.048,200.0,-1027.9729459237594,1000,0.047,200.0,-1037.2170457550337,12288,0,0,uniform=6174;sir=6122,111.82221627235413,7e99f75
var_low,1122,737280,264,0.4015151515151515,200.0,-616.8642660090193,1000,0.033,200.0,-996.6003425568715,1000,0.042,200.0,-996.8764733772258,12288,0,0,uniform=6174;sir=6122,111.82221627235413,7e99f75
var_low,1122,983040,264,0.05303030303030303,200.0,-1028.2142046546942,1000,0.001,200.0,-1031.899680439439,1000,0.0,200.0,-1039.883953602636,12288,0,0,uniform=6174;sir=6122,111.82221627235413,7e99f75
var_low,1122,1228800,264,0.12878787878787878,200.0,-863.3975595790229,1000,0.008,200.0,-993.1552686098488,1000,0.006,200.0,-996.1970440144044,12288,0,0,uniform=6174;sir=6122,111.82221627235413,7e99f75
var_low,1122,1474560,264,0.20454545454545456,200.0,-762.7539720408847,1000,0.009,200.0,-989.2858128547986,1000,0.012,200.0,-990.9088450574461,12288,0,0,uniform=6174;sir=6122,111.82221627235413,7e99f75
var_low,1122,1720320,264,0.25,200.0,-861.9245476992803,1000,0.006,200.0,-1033.0835934471368,1000,0.008,200.0,-1039.0478142032935,12288,0,0,uniform=6174;sir=6122,111.82221627235413,7e99f75
var_low,1122,1966080,264,0.3181818181818182,200.0,-781.4679754965193,1000,0.018,200.0,-1018.1258765633413,1000,0.022,200.0,-1019.6257293375554,12288,0,0,uniform=6174;sir=6122,111.82221627235413,7e99f75
var_low,1122,2211840,264,0.5303030303030303,200.0,-497.11040896129623,1000,0.034,200.0,-984.9420717273326,1000,0.029,200.0,-991.3041466574715,12288,0,0,uniform=6174;sir=6122,111.82221627235413,7e99f75
var_low,1122,2457600,264,0.6401515151515151,200.0,-395.08966213391005,1000,0.105,200.0,-923.0489683448432,1000,0.112,200.0,-930.9967385825778,12288,0,0,uniform=6174;sir=6122,111.82221627235413,7e99f75
var_low,1123,0,264,0.0,200.0,-1501.977775673881,1000,0.0,200.0,-1244.9972217220484,1000,0.0,200.0,-1256.883324489625,12288,0,0,uniform=6169;sir=6127,111.79248285293579,7e99f75
var_low,1123,245760,264,0.015151515151515152,200.0,-1076.4877805601384,1000,0.0,200.0,-1053.6769307682962,1000,0.001,200.0,-1066.5336788506283,12288,0,0,uniform=6169;sir=6127,111.79248285293579,7e99f75
var_low,1123,491520,264,0.007575757575757576,200.0,-888.8271588748808,1000,0.002,200.0,-1054.619954102647,1000,0.002,200.0,-1056.8787368053695,12288,0,0,uniform=6169;sir=6127,111.79248285293579,7e99f75
var_low,1123,737280,264,0.015151515151515152,200.0,-1097.7402138472096,1000,0.001,200.0,-1082.0200393332336,1000,0.0,200.0,-1092.9952675712339,12288,0,0,uniform=6169;sir=6127,111.79248285293579,7e99f75
var_low,1123,983040,264,0.0,200.0,-1142.573044576878,1000,0.0,200.0,-1081.4193687013055,1000,0.0,200.0,-1087.7723246551045,12288,0,0,uniform=6169;sir=6127,111.79248285293579,7e99f75
var_low,1123,1228800,264,0.007575757575757576,200.0,-797.1146676360652,1000,0.001,200.0,-1029.8719427241595,1000,0.0,200.0,-1037.0268622152082,12288,0,0,uniform=6169;sir=6127,111.79248285293579,7e99f75
var_low,1123,1474560,264,0.041666666666666664,200.0,-697.3806691730234,1000,0.0,200.0,-959.663418494356,1000,0.0,200.0,-963.1049492531891,12288,0,0,uniform=6169;sir=6127,111.79248285293579,7e99f75
var_low,1123,1720320,264,0.45454545454545453,200.0,-487.8174033246498,1000,0.026,200.0,-953.473585577388,1000,0.026,200.0,-956.6615697427827,12288,0,0,uniform=6169;sir=6127,111.79248285293579,7e99f75
var_low,1123,1966080,264,0.6553030303030303,200.0,-394.9211740121487,1000,0.044,200.0,-978.0312880398765,1000,0.039,200.0,-980.5921760038177,12288,0,0,uniform=6169;sir=6127,111.79248285293579,7e99f75
var_low,1123,2211840,264,0.7310606060606061,200.0,-338.0940149720896,1000,0.105,200.0,-891.1634605801611,1000,0.115,200.0,-893.5781218154193,12288,0,0,uniform=6169;sir=6127,111.79248285293579,7e99f75
var_low,1123,2457600,264,0.7954545454545454,200.0,-299.19915225200407,1000,0.21,200.0,-869.8163368574218,1000,0.222,200.0,-862.4649931862051,12288,0,0,uniform=6169;sir=6127,111.79248285293579,7e99f75
var_low,1124,0,264,0.0,200.0,-1243.65144622236,1000,0.0,200.0,-1206.6895127631226,1000,0.0,200.0,-1210.5400736630268,12288,0,0,uniform=6132;sir=6164,112.03950595855713,7e99f75
var_low,1124,245760,264,0.0,200.0,-1182.3057579476617,1000,0.0,200.0,-1059.3072576068266,1000,0.0,200.0,-1063.6001547848462,12288,0,0,uniform=6132;sir=6164,112.03950595855713,7e99f75
var_low,1124,491520,264,0.20833333333333334,200.0,-735.5594665436591,1000,0.011,200.0,-986.7625967798296,1000,0.01,200.0,-992.0826730947508,12288,0,0,uniform=6132;sir=6164,112.03950595855713,7e99f75
var_low,1124,737280,264,0.2196969696969697,200.0,-1031.5910474357709,1000,0.006,200.0,-1273.6308432009866,1000,0.008,200.0,-1276.1863720176366,12288,0,0,uniform=6132;sir=6164,112.03950595855713,7e99f75
var_low,1124,983040,264,0.0,200.0,-839.666177100022,1000,0.0,200.0,-1028.4834826844196,1000,0.0,200.0,-1029.2723769133781,12288,0,0,uniform=6132;sir=6164,112.03950595855713,7e99f75
var_low,1124,1228800,264,0.011363636363636364,200.0,-788.4484439291476,1000,0.0,200.0,-989.9893310444356,1000,0.0,200.0,-993.729419353962,12288,0,0,uniform=6132;sir=6164,112.03950595855713,7e99f75
var_low,1124,1474560,264,0.38257575757575757,200.0,-716.8384697305911,1000,0.034,200.0,-1110.7352189531214,1000,0.028,200.0,-1115.3771346739836,12288,0,0,uniform=6132;sir=6164,112.03950595855713,7e99f75
var_low,1124,1720320,264,0.3939393939393939,200.0,-629.7828323711663,1000,0.023,200.0,-1047.3020904257646,1000,0.037,200.0,-1041.5265813628366,12288,0,0,uniform=6132;sir=6164,112.03950595855713,7e99f75
var_low,1124,1966080,264,0.42045454545454547,200.0,-608.0194605355047,1000,0.022,200.0,-993.3839719207323,1000,0.024,200.0,-992.0292178020561,12288,0,0,uniform=6132;sir=6164,112.03950595855713,7e99f75
var_low,1124,2211840,264,0.6893939393939394,200.0,-396.8648311489001,1000,0.147,200.0,-888.7329895465158,1000,0.134,200.0,-896.3548145600779,12288,0,0,uniform=6132;sir=6164,112.03950595855713,7e99f75
var_low,1124,2457600,264,0.7840909090909091,200.0,-310.11502555663645,1000,0.238,200.0,-826.3668394505731,1000,0.227,200.0,-838.4400223091757,12288,0,0,uniform=6132;sir=6164,112.03950595855713,7e99f75
var_low,1125,0,264,0.0,200.0,-1294.211764100586,1000,0.0,200.0,-1262.7415171538355,1000,0.0,200.0,-1265.269872190377,12288,0,0,uniform=6185;sir=6111,110.28249979019165,7e99f75
var_low,1125,245760,264,0.0,200.0,-1177.7849813627222,1000,0.0,200.0,-1165.9577028379613,1000,0.0,200.0,-1169.0349961749823,12288,0,0,uniform=6185;sir=6111,110.28249979019165,7e99f75
var_low,1125,491520,264,0.04924242424242424,200.0,-1067.7649015665745,1000,0.001,200.0,-1083.9484182980773,1000,0.002,200.0,-1091.8639146706234,12288,0,0,uniform=6185;sir=6111,110.28249979019165,7e99f75
var_low,1125,737280,264,0.015151515151515152,200.0,-1044.8675428629103,1000,0.0,200.0,-1059.948608430285,1000,0.0,200.0,-1065.9094759217278,12288,0,0,uniform=6185;sir=6111,110.28249979019165,7e99f75
var_low,1125,983040,264,0.0,200.0,-1026.9076858073092,1000,0.0,200.0,-997.5667351830725,1000,0.0,200.0,-1003.0215221144691,12288,0,0,uniform=6185;sir=6111,110.28249979019165,7e99f75
var_low,1125,1228800,264,0.1893939393939394,200.0,-741.2722385085673,1000,0.008,200.0,-1041.022728704431,1000,0.006,200.0,-1044.9438615657004,12288,0,0,uniform=6185;sir=6111,110.28249979019165,7e99f75
var_low,1125,1474560,264,0.3409090909090909,200.0,-613.3924743662848,1000,0.037,200.0,-978.4179916286511,1000,0.026,200.0,-983.8494447183327,12288,0,0,uniform=6185;sir=6111,110.28249979019165,7e99f75
var_low,1125,1720320,264,0.3143939393939394,200.0,-579.9694387213705,1000,0.017,200.0,-967.0067733056557,1000,0.019,200.0,-965.3511924885837,12288,0,0,uniform=6185;sir=6111,110.28249979019165,7e99f75
var_low,1125,1966080,264,0.3560606060606061,200.0,-665.5361046764478,1000,0.017,200.0,-985.6813792655893,1000,0.018,200.0,-990.7402113044301,12288,0,0,uniform=6185;sir=6111,110.28249979019165,7e99f75
var_low,1125,2211840,264,0.6401515151515151,200.0,-413.57727607931474,1000,0.114,200.0,-896.6454203231893,1000,0.097,200.0,-912.6072537929433,12288,0,0,uniform=6185;sir=6111,110.28249979019165,7e99f75
var_low,1125,2457600,264,0.6666666666666666,200.0,-430.27823532057863,1000,0.192,200.0,-863.2146079672524,1000,0.186,200.0,-873.8629986857287,12288,0,0,uniform=6185;sir=6111,110.28249979019165,7e99f75
var_low,1126,0,264,0.0,200.0,-1241.1445337680784,1000,0.0,200.0,-1102.0548230320776,1000,0.0,200.0,-1104.830150522491,12288,0,0,uniform=6149;sir=6147,110.62860822677612,7e99f75
var_low,1126,245760,264,0.2765151515151515,200.0,-738.8276116486655,1000,0.015,200.0,-1053.926651256654,1000,0.011,200.0,-1059.6717157414691,12288,0,0,uniform=6149;sir=6147,110.62860822677612,7e99f75
var_low,1126,491520,264,0.4128787878787879,200.0,-569.7651092281282,1000,0.032,200.0,-1004.0386732057985,1000,0.027,200.0,-1011.0082077422992,12288,0,0,uniform=6149;sir=6147,110.62860822677612,7e99f75
var_low,1126,737280,264,0.003787878787878788,200.0,-1010.3971555741049,1000,0.0,200.0,-1079.3453374267986,1000,0.0,200.0,-1083.1131522285318,12288,0,0,uniform=6149;sir=6147,110.62860822677612,7e99f75
var_low,1126,983040,264,0.0,200.0,-1153.6568575053652,1000,0.0,200.0,-1025.95561731967,1000,0.0,200.0,-1033.0937529842342,12288,0,0,uniform=6149;sir=6147,110.62860822677612,7e99f75
var_low,1126,1228800,264,0.29545454545454547,200.0,-643.521250425955,1000,0.025,200.0,-992.4250399853735,1000,0.02,200.0,-1001.8337416534473,12288,0,0,uniform=6149;sir=6147,110.62860822677612,7e99f75
var_low,1126,1474560,264,0.48863636363636365,200.0,-489.30735548628155,1000,0.055,200.0,-933.6925635369704,1000,0.054,200.0,-938.3224996622744,12288,0,0,uniform=6149;sir=6147,110.62860822677612,7e99f75
var_low,1126,1720320,264,0.5757575757575758,200.0,-436.52223272371043,1000,0.073,200.0,-929.0988941782657,1000,0.064,200.0,-938.4102968084135,12288,0,0,uniform=6149;sir=6147,110.62860822677612,7e99f75
var_low,1126,1966080,264,0.4583333333333333,200.0,-607.0378415316144,1000,0.074,200.0,-961.9461996712054,1000,0.07,200.0,-971.6381070411701,12288,0,0,uniform=6149;sir=6147,110.62860822677612,7e99f75
var_low,1126,2211840,264,0.6818181818181818,200.0,-361.65029577168906,1000,0.155,200.0,-862.1875617926389,1000,0.143,200.0,-872.6700257014338,12288,0,0,uniform=6149;sir=6147,110.62860822677612,7e99f75
var_low,1126,2457600,264,0.8106060606060606,200.0,-279.9055389550052,1000,0.34,200.0,-737.025791075351,1000,0.334,200.0,-741.1189844699923,12288,0,0,uniform=6149;sir=6147,110.62860822677612,7e99f75
var_low,1127,0,264,0.0,200.0,-1391.2019812349834,1000,0.0,200.0,-1347.1162367882996,1000,0.0,200.0,-1354.1210959607201,12288,0,0,uniform=6249;sir=6047,112.2909939289093,7e99f75
var_low,1127,245760,264,0.01893939393939394,200.0,-1026.3799663521272,1000,0.005,200.0,-1060.0390697103453,1000,0.004,200.0,-1066.9114733244069,12288,0,0,uniform=6249;sir=6047,112.2909939289093,7e99f75
var_low,1127,491520,264,0.3409090909090909,200.0,-832.5484526723338,1000,0.008,200.0,-1221.177074651831,1000,0.008,200.0,-1227.2576714064508,12288,0,0,uniform=6249;sir=6047,112.2909939289093,7e99f75
var_low,1127,737280,264,0.29545454545454547,200.0,-864.6709594461382,1000,0.008,200.0,-1198.60663681679,1000,0.008,200.0,-1205.1421977072637,12288,0,0,uniform=6249;sir=6047,112.2909939289093,7e99f75
var_low,1127,983040,264,0.0,200.0,-773.5316738283551,1000,0.0,200.0,-1003.3849216757693,1000,0.0,200.0,-1010.2968059544132,12288,0,0,uniform=6249;sir=6047,112.2909939289093,7e99f75
var_low,1127,1228800,264,0.38636363636363635,200.0,-643.9693006322198,1000,0.022,200.0,-1057.2743798829752,1000,0.021,200.0,-1062.0641025030168,12288,0,0,uniform=6249;sir=6047,112.2909939289093,7e99f75
var_low,1127,1474560,264,0.3560606060606061,200.0,-664.1043401279074,1000,0.018,200.0,-1056.0397561858842,1000,0.019,200.0,-1062.0593812097059,12288,0,0,uniform=6249;sir=6047,112.2909939289093,7e99f75
var_low,1127,1720320,264,0.4090909090909091,200.0,-642.3324167349632,1000,0.028,200.0,-984.7891131739556,1000,0.02,200.0,-993.9666158125966,12288,0,0,uniform=6249;sir=6047,112.2909939289093,7e99f75
var_low,1127,1966080,264,0.6893939393939394,200.0,-356.4032927114748,1000,0.058,200.0,-946.559535680773,1000,0.052,200.0,-954.3099916474492,12288,0,0,uniform=6249;sir=6047,112.2909939289093,7e99f75
var_low,1127,2211840,264,0.7121212121212122,200.0,-389.2074021952466,1000,0.174,200.0,-900.7258447984157,1000,0.17,200.0,-907.5531789664693,12288,0,0,uniform=6249;sir=6047,112.2909939289093,7e99f75
var_low,1127,2457600,264,0.7916666666666666,200.0,-302.78344968254623,1000,0.22,200.0,-859.8112554749034,1000,0.222,200.0,-855.2809589515194,12288,0,0,uniform=6249;sir=6047,112.2909939289093,7e99f75
var_low,1128,0,264,0.007575757575757576,200.0,-964.1172985645595,1000,0.002,200.0,-1070.9325597365744,1000,0.003,200.0,-1076.9446216708586,12288,0,0,uniform=6133;sir=6163,112.24427008628845,7e99f75
var_low,1128,245760,264,0.007575757575757576,200.0,-1028.027077199918,1000,0.0,200.0,-1102.6073087509185,1000,0.001,200.0,-1106.954381287996,12288,0,0,uniform=6133;sir=6163,112.24427008628845,7e99f75
var_low,1128,491520,264,0.3181818181818182,200.0,-751.2081001045951,1000,0.017,200.0,-1117.0439326859678,1000,0.014,200.0,-1122.6716089461786,12288,0,0,uniform=6133;sir=6163,112.24427008628845,7e99f75
var_low,1128,737280,264,0.0,200.0,-813.9097320527247,1000,0.0,200.0,-1015.5814053842845,1000,0.0,200.0,-1019.6881103573068,12288,0,0,uniform=6133;sir=6163,112.24427008628845,7e99f75
var_low,1128,983040,264,0.3106060606060606,200.0,-789.036548423232,1000,0.01,200.0,-1133.0096547279977,1000,0.01,200.0,-1138.4292373072983,12288,0,0,uniform=6133;sir=6163,112.24427008628845,7e99f75
var_low,1128,1228800,264,0.16287878787878787,200.0,-658.9684292452831,1000,0.003,200.0,-1001.4302673640886,1000,0.007,200.0,-1010.9059713956557,12288,0,0,uniform=6133;sir=6163,112.24427008628845,7e99f75
var_low,1128,1474560,264,0.4090909090909091,200.0,-583.1998308844724,1000,0.033,200.0,-1001.019679859032,1000,0.037,200.0,-1006.322951987277,12288,0,0,uniform=6133;sir=6163,112.24427008628845,7e99f75
var_low,1128,1720320,264,0.42045454545454547,200.0,-602.448528785718,1000,0.008,200.0,-994.7763572944683,1000,0.014,200.0,-1000.1103585198514,12288,0,0,uniform=6133;sir=6163,112.24427008628845,7e99f75
var_low,1128,1966080,264,0.7537878787878788,200.0,-342.6175377260673,1000,0.151,200.0,-851.9058403114714,1000,0.177,200.0,-842.8255612611549,12288,0,0,uniform=6133;sir=6163,112.24427008628845,7e99f75
var_low,1128,2211840,264,0.7954545454545454,200.0,-317.5154067136402,1000,0.293,200.0,-785.1400865529558,1000,0.294,200.0,-777.207502200629,12288,0,0,uniform=6133;sir=6163,112.24427008628845,7e99f75
var_low,1128,2457600,264,0.8409090909090909,200.0,-278.3680941976083,1000,0.271,200.0,-788.5861539193467,1000,0.274,200.0,-791.2904313109459,12288,0,0,uniform=6133;sir=6163,112.24427008628845,7e99f75
var_low,1129,0,264,0.0,200.0,-1395.2687757686056,1000,0.0,200.0,-1333.0982456541692,1000,0.0,200.0,-1330.0288159766123,12288,0,0,uniform=6088;sir=6208,112.46194291114807,7e99f75
var_low,1129,245760,264,0.0,200.0,-1065.327857446139,1000,0.0,200.0,-1036.3194309300134,1000,0.0,200.0,-1038.1550992509212,12288,0,0,uniform=6088;sir=6208,112.46194291114807,7e99f75
var_low,1129,491520,264,0.0,200.0,-928.2376053450753,1000,0.0,200.0,-984.8933235182823,1000,0.0,200.0,-987.0533780136183,12288,0,0,uniform=6088;sir=6208,112.46194291114807,7e99f75
var_low,1129,737280,264,0.4053030303030303,200.0,-731.5671929582326,1000,0.046,200.0,-1153.6302157200269,1000,0.045,200.0,-1155.9482099135244,12288,0,0,uniform=6088;sir=6208,112.46194291114807,7e99f75
var_low,1129,983040,264,0.25,200.0,-803.7282551430513,1000,0.015,200.0,-1093.7552441535624,1000,0.018,200.0,-1098.6636524992944,12288,0,0,uniform=6088;sir=6208,112.46194291114807,7e99f75
var_low,1129,1228800,264,0.4696969696969697,200.0,-560.8892869154562,1000,0.045,200.0,-1022.2644813446676,1000,0.047,200.0,-1020.4184109092291,12288,0,0,uniform=6088;sir=6208,112.46194291114807,7e99f75
var_low,1129,1474560,264,0.2840909090909091,200.0,-761.2607916276828,1000,0.011,200.0,-1051.0349480091418,1000,0.015,200.0,-1056.9889288480285,12288,0,0,uniform=6088;sir=6208,112.46194291114807,7e99f75
var_low,1129,1720320,264,0.4772727272727273,200.0,-559.8195107168656,1000,0.033,200.0,-1035.6227215389356,1000,0.026,200.0,-1041.259770659755,12288,0,0,uniform=6088;sir=6208,112.46194291114807,7e99f75
var_low,1129,1966080,264,0.5909090909090909,200.0,-484.9655427409297,1000,0.089,200.0,-960.0880267175513,1000,0.07,200.0,-973.6214241905137,12288,0,0,uniform=6088;sir=6208,112.46194291114807,7e99f75
var_low,1129,2211840,264,0.7121212121212122,200.0,-393.1440027127525,1000,0.151,200.0,-938.4137100848482,1000,0.141,200.0,-939.5613034827013,12288,0,0,uniform=6088;sir=6208,112.46194291114807,7e99f75
var_low,1129,2457600,264,0.6742424242424242,200.0,-458.69024761960696,1000,0.216,200.0,-880.1529669311437,1000,0.223,200.0,-881.2655478406879,12288,0,0,uniform=6088;sir=6208,112.46194291114807,7e99f75
var_low,1130,0,264,0.0,200.0,-1318.621933461609,1000,0.0,200.0,-1262.525165143121,1000,0.0,200.0,-1268.6685492508038,12288,0,0,uniform=6121;sir=6175,112.61960291862488,7e99f75
var_low,1130,245760,264,0.13257575757575757,200.0,-808.7824418235743,1000,0.048,200.0,-1029.0226098479345,1000,0.042,200.0,-1038.9873271299425,12288,0,0,uniform=6121;sir=6175,112.61960291862488,7e99f75
var_low,1130,491520,264,0.0,200.0,-914.0476110333464,1000,0.0,200.0,-1016.1970365950506,1000,0.0,200.0,-1020.4651054676668,12288,0,0,uniform=6121;sir=6175,112.61960291862488,7e99f75
var_low,1130,737280,264,0.2196969696969697,200.0,-774.0977894197938,1000,0.001,200.0,-1128.7009341736223,1000,0.0,200.0,-1133.331609240714,12288,0,0,uniform=6121;sir=6175,112.61960291862488,7e99f75
var_low,1130,983040,264,0.0,200.0,-791.504745067077,1000,0.0,200.0,-1008.5658370689481,1000,0.0,200.0,-1012.0478605368438,12288,0,0,uniform=6121;sir=6175,112.61960291862488,7e99f75
var_low,1130,1228800,264,0.0,200.0,-881.5697964517863,1000,0.0,200.0,-1025.6494733601492,1000,0.0,200.0,-1029.2665130717107,12288,0,0,uniform=6121;sir=6175,112.61960291862488,7e99f75
var_low,1130,1474560,264,0.007575757575757576,200.0,-814.5602248098128,1000,0.0,200.0,-1036.9115193642087,1000,0.002,200.0,-1040.781777521896,12288,0,0,uniform=6121;sir=6175,112.61960291862488,7e99f75
var_low,1130,1720320,264,0.3939393939393939,200.0,-594.7164493653021,1000,0.052,200.0,-987.9237034927118,1000,0.05,200.0,-995.0667450907778,12288,0,0,uniform=6121;sir=6175,112.61960291862488,7e99f75
var_low,1130,1966080,264,0.20454545454545456,200.0,-746.2471670411886,1000,0.005,200.0,-1000.3622428698183,1000,0.006,200.0,-1006.2156817127527,12288,0,0,uniform=6121;sir=6175,112.61960291862488,7e99f75
var_low,1130,2211840,264,0.4090909090909091,200.0,-565.0138604434914,1000,0.013,200.0,-994.8623619089396,1000,0.016,200.0,-996.5365113915797,12288,0,0,uniform=6121;sir=6175,112.61960291862488,7e99f75
var_low,1130,2457600,264,0.678030303030303,200.0,-374.7775677469848,1000,0.083,200.0,-923.9668193715765,1000,0.106,200.0,-911.1878295737305,12288,0,0,uniform=6121;sir=6175,112.61960291862488,7e99f75
var_low,1131,0,264,0.0,200.0,-1327.7931269835676,1000,0.0,200.0,-1410.915866081858,1000,0.0,200.0,-1414.772710891883,12288,0,0,uniform=6096;sir=6200,109.46172213554382,7e99f75
var_low,1131,245760,264,0.0,200.0,-1290.8753841072373,1000,0.0,200.0,-1060.752577601505,1000,0.0,200.0,-1068.7084492810334,12288,0,0,uniform=6096;sir=6200,109.46172213554382,7e99f75
var_low,1131,491520,264,0.0,200.0,-1143.6922884493458,1000,0.0,200.0,-1028.760478385192,1000,0.0,200.0,-1029.1505605374548,12288,0,0,uniform=6096;sir=6200,109.46172213554382,7e99f75
var_low,1131,737280,264,0.25,200.0,-650.9804344261244,1000,0.025,200.0,-984.3228081106691,1000,0.027,200.0,-983.5232582440087,12288,0,0,uniform=6096;sir=6200,109.46172213554382,7e99f75
var_low,1131,983040,264,0.3977272727272727,200.0,-601.005019059763,1000,0.036,200.0,-944.4816411573519,1000,0.058,200.0,-937.2603882231144,12288,0,0,uniform=6096;sir=6200,109.46172213554382,7e99f75
var_low,1131,1228800,264,0.4015151515151515,200.0,-548.5804706615772,1000,0.031,200.0,-973.6390486289947,1000,0.03,200.0,-976.9983285639472,12288,0,0,uniform=6096;sir=6200,109.46172213554382,7e99f75
var_low,1131,1474560,264,0.4015151515151515,200.0,-566.5946407148308,1000,0.025,200.0,-969.4978076943622,1000,0.03,200.0,-970.9480953394183,12288,0,0,uniform=6096;sir=6200,109.46172213554382,7e99f75
var_low,1131,1720320,264,0.5568181818181818,200.0,-434.4871410872159,1000,0.02,200.0,-975.1890395123819,1000,0.043,200.0,-963.3747645986119,12288,0,0,uniform=6096;sir=6200,109.46172213554382,7e99f75
var_low,1131,1966080,264,0.5643939393939394,200.0,-476.9212823382529,1000,0.044,200.0,-975.2812961331575,1000,0.046,200.0,-985.3701755892383,12288,0,0,uniform=6096;sir=6200,109.46172213554382,7e99f75
var_low,1131,2211840,264,0.6666666666666666,200.0,-379.4203127581317,1000,0.071,200.0,-956.1389364712867,1000,0.067,200.0,-954.4294491124024,12288,0,0,uniform=6096;sir=6200,109.46172213554382,7e99f75
var_low,1131,2457600,264,0.6174242424242424,200.0,-448.9638058540445,1000,0.109,200.0,-948.2972006771832,1000,0.108,200.0,-949.9625516585296,12288,0,0,uniform=6096;sir=6200,109.46172213554382,7e99f75
var_low,1132,0,264,0.015151515151515152,200.0,-1195.5812483524583,1000,0.0,200.0,-1209.9300075022613,1000,0.0,200.0,-1218.5778560937647,12288,0,0,uniform=6233;sir=6063,109.57697701454163,7e99f75
var_low,1132,245760,264,0.07196969696969698,200.0,-904.2623246459881,1000,0.002,200.0,-974.4566281296485,1000,0.006,200.0,-970.5048524352702,12288,0,0,uniform=6233;sir=6063,109.57697701454163,7e99f75
var_low,1132,491520,264,0.0,200.0,-899.2738720589192,1000,0.0,200.0,-977.6399361892315,1000,0.0,200.0,-978.7875010353514,12288,0,0,uniform=6233;sir=6063,109.57697701454163,7e99f75
var_low,1132,737280,264,0.36363636363636365,200.0,-745.0221891016791,1000,0.008,200.0,-1149.5943370742098,1000,0.007,200.0,-1149.751854700506,12288,0,0,uniform=6233;sir=6063,109.57697701454163,7e99f75
var_low,1132,983040,264,0.3977272727272727,200.0,-533.768893773288,1000,0.055,200.0,-911.8887973540164,1000,0.059,200.0,-915.6323607615291,12288,0,0,uniform=6233;sir=6063,109.57697701454163,7e99f75
var_low,1132,1228800,264,0.7310606060606061,200.0,-316.93373318597315,1000,0.157,200.0,-850.3393319740526,1000,0.165,200.0,-849.2933032942419,12288,0,0,uniform=6233;sir=6063,109.57697701454163,7e99f75
var_low,1132,1474560,264,0.6439393939393939,200.0,-379.9308295450109,1000,0.128,200.0,-854.0495291009634,1000,0.149,200.0,-856.5650202498979,12288,0,0,uniform=6233;sir=6063,109.57697701454163,7e99f75
var_low,1132,1720320,264,0.9128787878787878,200.0,-210.50106809231858,1000,0.301,200.0,-742.8105049837718,1000,0.3,200.0,-747.9746769876867,12288,0,0,uniform=6233;sir=6063,109.57697701454163,7e99f75
var_low,1132,1966080,264,0.9242424242424242,200.0,-190.71756886926192,1000,0.369,200.0,-706.5077430340749,1000,0.402,200.0,-698.1271751088294,12288,0,0,uniform=6233;sir=6063,109.57697701454163,7e99f75
var_low,1132,2211840,264,0.9431818181818182,200.0,-183.67588058323736,1000,0.448,200.0,-660.3493074090305,1000,0.476,200.0,-650.0425985252338,12288,0,0,uniform=6233;sir=6063,109.57697701454163,7e99f75
var_low,1132,2457600,264,0.9166666666666666,200.0,-201.68334844493378,1000,0.389,200.0,-691.1911182916863,1000,0.416,200.0,-685.8538796717527,12288,0,0,uniform=6233;sir=6063,109.57697701454163,7e99f75
var_low,1133,0,264,0.0,200.0,-1481.696001176552,1000,0.001,200.0,-1235.2483859913102,1000,0.0,200.0,-1242.353452592482,12288,0,0,uniform=6266;sir=6030,110.05186772346497,7e99f75
var_low,1133,245760,264,0.23863636363636365,200.0,-844.6591636978465,1000,0.004,200.0,-1138.6055460111677,1000,0.005,200.0,-1141.9258013227848,12288,0,0,uniform=6266;sir=6030,110.05186772346497,7e99f75
var_low,1133,491520,264,0.0,200.0,-1143.600926352954,1000,0.0,200.0,-1002.9978685187687,1000,0.0,200.0,-1010.908682089403,12288,0,0,uniform=6266;sir=6030,110.05186772346497,7e99f75
var_low,1133,737280,264,0.35984848484848486,200.0,-778.5891686440331,1000,0.006,200.0,-1171.3410437046937,1000,0.006,200.0,-1177.8809467412948,12288,0,0,uniform=6266;sir=6030,110.05186772346497,7e99f75
var_low,1133,983040,264,0.011363636363636364,200.0,-703.6980315317164,1000,0.0,200.0,-968.1248703530937,1000,0.0,200.0,-976.5014024442929,12288,0,0,uniform=6266;sir=6030,110.05186772346497,7e99f75
var_low,1133,1228800,264,0.5833333333333334,200.0,-405.93666318893406,1000,0.066,200.0,-914.0239336923995,1000,0.079,200.0,-911.2315024374574,12288,0,0,uniform=6266;sir=6030,110.05186772346497,7e99f75
var_low,1133,1474560,264,0.6477272727272727,200.0,-381.8524338953748,1000,0.103,200.0,-879.3220875514439,1000,0.11,200.0,-889.2745156217628,12288,0,0,uniform=6266;sir=6030,110.05186772346497,7e99f75
var_low,1133,1720320,264,0.7651515151515151,200.0,-305.5569542938631,1000,0.227,200.0,-814.6971935469187,1000,0.243,200.0,-818.1533125995882,12288,0,0,uniform=6266;sir=6030,110.05186772346497,7e99f75
var_low,1133,1966080,264,0.7651515151515151,200.0,-313.7607458649105,1000,0.297,200.0,-773.2112097523201,1000,0.275,200.0,-796.630633887455,12288,0,0,uniform=6266;sir=6030,110.05186772346497,7e99f75
var_low,1133,2211840,264,0.8068181818181818,200.0,-271.3799231495179,1000,0.274,200.0,-796.8593915265329,1000,0.258,200.0,-812.3643869529888,12288,0,0,uniform=6266;sir=6030,110.05186772346497,7e99f75
var_low,1133,2457600,264,0.9053030303030303,200.0,-209.73807823074986,1000,0.381,200.0,-708.4464701790594,1000,0.363,200.0,-725.5355210342011,12288,0,0,uniform=6266;sir=6030,110.05186772346497,7e99f75
var_low,1134,0,264,0.0,200.0,-1011.9083919557698,1000,0.0,200.0,-1106.8527562606198,1000,0.0,200.0,-1112.2512675051182,12288,0,0,uniform=6149;sir=6147,109.97876906394958,7e99f75
var_low,1134,245760,264,0.030303030303030304,200.0,-971.7798664037035,1000,0.0,200.0,-1031.1617295202204,1000,0.0,200.0,-1036.9415919730948,12288,0,0,uniform=6149;sir=6147,109.97876906394958,7e99f75
var_low,1134,491520,264,0.045454545454545456,200.0,-899.1234671378825,1000,0.0,200.0,-1118.2406195002175,1000,0.001,200.0,-1121.5535657680095,12288,0,0,uniform=6149;sir=6147,109.97876906394958,7e99f75
var_low,1134,737280,264,0.0,200.0,-941.1208504940925,1000,0.0,200.0,-1054.839314054934,1000,0.0,200.0,-1059.1255594153038,12288,0,0,uniform=6149;sir=6147,109.97876906394958,7e99f75
var_low,1134,983040,264,0.4015151515151515,200.0,-670.9235306775438,1000,0.091,200.0,-1013.6128299377568,1000,0.094,200.0,-1013.5204746020223,12288,0,0,uniform=6149;sir=6147,109.97876906394958,7e99f75
var_low,1134,1228800,264,0.3068181818181818,200.0,-715.6200728188558,1000,0.026,200.0,-955.9214849205329,1000,0.03,200.0,-963.7107054572324,12288,0,0,uniform=6149;sir=6147,109.97876906394958,7e99f75
var_low,1134,1474560,264,0.7121212121212122,200.0,-408.92809502899064,1000,0.159,200.0,-857.859826907833,1000,0.161,200.0,-868.4473010424306,12288,0,0,uniform=6149;sir=6147,109.97876906394958,7e99f75
var_low,1134,1720320,264,0.8522727272727273,200.0,-273.74953732900144,1000,0.312,200.0,-758.2122963005286,1000,0.324,200.0,-765.1066360976821,12288,0,0,uniform=6149;sir=6147,109.97876906394958,7e99f75
var_low,1134,1966080,264,0.8598484848484849,200.0,-245.6456236505093,1000,0.363,200.0,-727.6354068816706,1000,0.358,200.0,-732.7915246951403,12288,0,0,uniform=6149;sir=6147,109.97876906394958,7e99f75
var_low,1134,2211840,264,0.8446969696969697,200.0,-270.3384724288465,1000,0.365,200.0,-721.929890167241,1000,0.374,200.0,-721.5064349702043,12288,0,0,uniform=6149;sir=6147,109.97876906394958,7e99f75
var_low,1134,2457600,264,0.8712121212121212,200.0,-238.44727625880955,1000,0.373,200.0,-717.8507203192462,1000,0.361,200.0,-730.8578370266085,12288,0,0,uniform=6149;sir=6147,109.97876906394958,7e99f75
var_low,1135,0,264,0.0,200.0,-1353.5184891318606,1000,0.0,200.0,-1392.2229204162643,1000,0.0,200.0,-1396.7344436504538,12288,0,0,uniform=6239;sir=6057,110.01454401016235,7e99f75
var_low,1135,245760,264,0.0,200.0,-1178.4039969125874,1000,0.0,200.0,-1022.8550085237331,1000,0.0,200.0,-1024.7969383467657,12288,0,0,uniform=6239;sir=6057,110.01454401016235,7e99f75
var_low,1135,491520,264,0.0,200.0,-1091.2466888043482,1000,0.0,200.0,-1000.3697005196401,1000,0.0,200.0,-1005.1351387614643,12288,0,0,uniform=6239;sir=6057,110.01454401016235,7e99f75
var_low,1135,737280,264,0.3409090909090909,200.0,-802.0244608537953,1000,0.023,200.0,-1159.0183595986005,1000,0.02,200.0,-1167.041507907397,12288,0,0,uniform=6239;sir=6057,110.01454401016235,7e99f75
var_low,1135,983040,264,0.0,200.0,-1212.270707588552,1000,0.0,200.0,-1091.1181010883213,1000,0.0,200.0,-1093.5098080357957,12288,0,0,uniform=6239;sir=6057,110.01454401016235,7e99f75
var_low,1135,1228800,264,0.0,200.0,-792.5277816694842,1000,0.0,200.0,-1010.8648899494019,1000,0.0,200.0,-1011.4109893328625,12288,0,0,uniform=6239;sir=6057,110.01454401016235,7e99f75
var_low,1135,1474560,264,0.04924242424242424,200.0,-860.1567706901529,1000,0.001,200.0,-963.2096581330873,1000,0.001,200.0,-967.2045235438432,12288,0,0,uniform=6239;sir=6057,110.01454401016235,7e99f75
var_low,1135,1720320,264,0.5909090909090909,200.0,-396.61604898125347,1000,0.089,200.0,-890.1294988079791,1000,0.09,200.0,-889.0717000436135,12288,0,0,uniform=6239;sir=6057,110.01454401016235,7e99f75
var_low,1135,1966080,264,0.7916666666666666,200.0,-307.99708884996676,1000,0.164,200.0,-837.6812431932434,1000,0.164,200.0,-848.3900402928568,12288,0,0,uniform=6239;sir=6057,110.01454401016235,7e99f75
var_low,1135,2211840,264,0.8939393939393939,200.0,-231.12229846373128,1000,0.245,200.0,-780.0233093874577,1000,0.257,200.0,-790.7263162968743,12288,0,0,uniform=6239;sir=6057,110.01454401016235,7e99f75
var_low,1135,2457600,264,0.7992424242424242,200.0,-310.80582781628107,1000,0.316,200.0,-758.2614246136451,1000,0.308,200.0,-770.0496038752117,12288,0,0,uniform=6239;sir=6057,110.01454401016235,7e99f75
var_low,1136,0,264,0.0,200.0,-1214.714257058408,1000,0.0,200.0,-1108.7640803428346,1000,0.0,200.0,-1111.1715240397305,12288,0,0,uniform=6212;sir=6084,110.11875700950623,7e99f75
var_low,1136,245760,264,0.0,200.0,-1066.716537986828,1000,0.0,200.0,-1045.32139881331,1000,0.0,200.0,-1058.053951225788,12288,0,0,uniform=6212;sir=6084,110.11875700950623,7e99f75
var_low,1136,491520,264,0.003787878787878788,200.0,-955.4039972001667,1000,0.0,200.0,-1021.4962561201726,1000,0.0,200.0,-1021.8770767115128,12288,0,0,uniform=6212;sir=6084,110.11875700950623,7e99f75
var_low,1136,737280,264,0.0,200.0,-967.6276241043441,1000,0.0,200.0,-1022.3184899155724,1000,0.0,200.0,-1030.8424029360458,12288,0,0,uniform=6212;sir=6084,110.11875700950623,7e99f75
var_low,1136,983040,264,0.0,200.0,-834.4174632907152,1000,0.0,200.0,-1055.4767809061045,1000,0.0,200.0,-1058.5429458347185,12288,0,0,uniform=6212;sir=6084,110.11875700950623,7e99f75
var_low,1136,1228800,264,0.0,200.0,-1170.0353977625264,1000,0.0,200.0,-1043.5584993762154,1000,0.0,200.0,-1051.3937619660812,12288,0,0,uniform=6212;sir=6084,110.11875700950623,7e99f75
var_low,1136,1474560,264,0.0,200.0,-1129.5554942854928,1000,0.0,200.0,-1031.0227620690666,1000,0.0,200.0,-1031.5214109830201,12288,0,0,uniform=6212;sir=6084,110.11875700950623,7e99f75
var_low,1136,1720320,264,0.42045454545454547,200.0,-589.4532652120265,1000,0.045,200.0,-1017.4363005497079,1000,0.049,200.0,-1015.3305026150812,12288,0,0,uniform=6212;sir=6084,110.11875700950623,7e99f75
var_low,1136,1966080,264,0.42424242424242425,200.0,-637.7578057434924,1000,0.044,200.0,-992.7651944861711,1000,0.041,200.0,-993.0893336976923,12288,0,0,uniform=6212;sir=6084,110.11875700950623,7e99f75
var_low,1136,2211840,264,0.5946969696969697,200.0,-480.35706928065196,1000,0.067,200.0,-995.1682130729414,1000,0.057,200.0,-1005.5584083109735,12288,0,0,uniform=6212;sir=6084,110.11875700950623,7e99f75
var_low,1136,2457600,264,0.4659090909090909,200.0,-683.543237394525,1000,0.099,200.0,-1029.020802705414,1000,0.087,200.0,-1036.9011327287278,12288,0,0,uniform=6212;sir=6084,110.11875700950623,7e99f75
var_low,1137,0,264,0.0,200.0,-1309.462413561249,1000,0.0,200.0,-1212.4469394022258,1000,0.0,200.0,-1213.9548706649593,12288,0,0,uniform=6076;sir=6220,101.94729590415955,7e99f75
var_low,1137,245760,264,0.03787878787878788,200.0,-801.2400994018153,1000,0.003,200.0,-1041.9107203896885,1000,0.004,200.0,-1045.3487697090432,12288,0,0,uniform=6076;sir=6220,101.94729590415955,7e99f75
var_low,1137,491520,264,0.1893939393939394,200.0,-753.8581954251463,1000,0.011,200.0,-1020.6185012248538,1000,0.01,200.0,-1030.676393323976,12288,0,0,uniform=6076;sir=6220,101.94729590415955,7e99f75
var_low,1137,737280,264,0.15151515151515152,200.0,-741.5933971052158,1000,0.005,200.0,-1033.3876550913978,1000,0.006,200.0,-1035.367947821785,12288,0,0,uniform=6076;sir=6220,101.94729590415955,7e99f75
var_low,1137,983040,264,0.0,200.0,-851.6665713630499,1000,0.0,200.0,-1031.0940280530313,1000,0.0,200.0,-1029.3286669538631,12288,0,0,uniform=6076;sir=6220,101.94729590415955,7e99f75
var_low,1137,1228800,264,0.44696969696969696,200.0,-596.5960736557128,1000,0.042,200.0,-1050.2431662509773,1000,0.035,200.0,-1059.9846386565798,12288,0,0,uniform=6076;sir=6220,101.94729590415955,7e99f75
var_low,1137,1474560,264,0.4962121212121212,200.0,-603.8023910468215,1000,0.09,200.0,-1054.142069854611,1000,0.085,200.0,-1061.3946744532498,12288,0,0,uniform=6076;sir=6220,101.94729590415955,7e99f75
var_low,1137,1720320,264,0.5909090909090909,200.0,-436.18936135073346,1000,0.088,200.0,-929.5869426795208,1000,0.088,200.0,-936.1932656339455,12288,0,0,uniform=6076;sir=6220,101.94729590415955,7e99f75
var_low,1137,1966080,264,0.7007575757575758,200.0,-369.9732017943961,1000,0.12,200.0,-889.7571847627569,1000,0.124,200.0,-893.7235807720756,12288,0,0,uniform=6076;sir=6220,101.94729590415955,7e99f75
var_low,1137,2211840,264,0.8106060606060606,200.0,-286.5221434913091,1000,0.231,200.0,-819.907685939956,1000,0.235,200.0,-826.0421060299077,12288,0,0,uniform=6076;sir=6220,101.94729590415955,7e99f75
var_low,1137,2457600,264,0.8522727272727273,200.0,-246.99158575559528,1000,0.267,200.0,-790.778381416528,1000,0.262,200.0,-812.0733974876865,12288,0,0,uniform=6076;sir=6220,101.94729590415955,7e99f75
var_low,1138,0,264,0.0,200.0,-1195.7932378651303,1000,0.0,200.0,-1077.024895135164,1000,0.0,200.0,-1081.868843511546,12288,0,0,uniform=6061;sir=6235,102.21447396278381,7e99f75
var_low,1138,245760,264,0.0,200.0,-806.6049349475776,1000,0.0,200.0,-985.239722380188,1000,0.0,200.0,-991.8546073988524,12288,0,0,uniform=6061;sir=6235,102.21447396278381,7e99f75
var_low,1138,491520,264,0.3522727272727273,200.0,-663.8400056210774,1000,0.023,200.0,-1057.608472206117,1000,0.02,200.0,-1060.587468492447,12288,0,0,uniform=6061;sir=6235,102.21447396278381,7e99f75
var_low,1138,737280,264,0.1590909090909091,200.0,-748.8744141751542,1000,0.017,200.0,-1022.7451251319542,1000,0.02,200.0,-1025.9517111958362,12288,0,0,uniform=6061;sir=6235,102.21447396278381,7e99f75
var_low,1138,983040,264,0.2196969696969697,200.0,-781.3255251313204,1000,0.023,200.0,-1097.6573502868305,1000,0.018,200.0,-1113.8454398172562,12288,0,0,uniform=6061;sir=6235,102.21447396278381,7e99f75
var_low,1138,1228800,264,0.0,200.0,-893.6535057629728,1000,0.0,200.0,-991.4130667081262,1000,0.0,200.0,-995.3836271500935,12288,0,0,uniform=6061;sir=6235,102.21447396278381,7e99f75
var_low,1138,1474560,264,0.3977272727272727,200.0,-620.3823273976798,1000,0.02,200.0,-1043.2528237536637,1000,0.021,200.0,-1053.7613649838538,12288,0,0,uniform=6061;sir=6235,102.21447396278381,7e99f75
var_low,1138,1720320,264,0.49242424242424243,200.0,-509.69447067589766,1000,0.042,200.0,-963.1944384791162,1000,0.046,200.0,-964.0089126311454,12288,0,0,uniform=6061;sir=6235,102.21447396278381,7e99f75
var_low,1138,1966080,264,0.571969696969697,200.0,-450.12824503569215,1000,0.094,200.0,-918.704706029027,1000,0.094,200.0,-924.3961927900655,12288,0,0,uniform=6061;sir=6235,102.21447396278381,7e99f75
var_low,1138,2211840,264,0.6931818181818182,200.0,-365.5510930577165,1000,0.128,200.0,-852.3724802960033,1000,0.138,200.0,-849.3735721568478,12288,0,0,uniform=6061;sir=6235,102.21447396278381,7e99f75
var_low,1138,2457600,264,0.9015151515151515,200.0,-212.62234486632832,1000,0.393,200.0,-679.814206685282,1000,0.4,200.0,-676.3912393065195,12288,0,0,uniform=6061;sir=6235,102.21447396278381,7e99f75
var_low,1139,0,264,0.003787878787878788,200.0,-1146.19820955979,1000,0.001,200.0,-1274.411057682533,1000,0.0,200.0,-1281.2357873156684,12288,0,0,uniform=6177;sir=6119,103.49866890907288,7e99f75
var_low,1139,245760,264,0.3712121212121212,200.0,-756.7631991093638,1000,0.013,200.0,-1163.557578702881,1000,0.012,200.0,-1168.1039521554,12288,0,0,uniform=6177;sir=6119,103.49866890907288,7e99f75
var_low,1139,491520,264,0.0,200.0,-1277.152475553693,1000,0.0,200.0,-1051.7909636766203,1000,0.001,200.0,-1061.3347874058932,12288,0,0,uniform=6177;sir=6119,103.49866890907288,7e99f75
var_low,1139,737280,264,0.01893939393939394,200.0,-1021.2262352159798,1000,0.02,200.0,-1044.4169452836918,1000,0.018,200.0,-1054.8624231556053,12288,0,0,uniform=6177;sir=6119,103.49866890907288,7e99f75
var_low,1139,983040,264,0.0,200.0,-902.9854642094795,1000,0.0,200.0,-1008.0686673615942,1000,0.0,200.0,-1018.310205020182,12288,0,0,uniform=6177;sir=6119,103.49866890907288,7e99f75
var_low,1139,1228800,264,0.0,200.0,-856.6039168843215,1000,0.0,200.0,-1033.7237204960977,1000,0.0,200.0,-1046.2894530636115,12288,0,0,uniform=6177;sir=6119,103.49866890907288,7e99f75
var_low,1139,1474560,264,0.0,200.0,-943.4506672051548,1000,0.0,200.0,-987.1783173981955,1000,0.0,200.0,-989.0790561066677,12288,0,0,uniform=6177;sir=6119,103.49866890907288,7e99f75
var_low,1139,1720320,264,0.4734848484848485,200.0,-546.8844953581241,1000,0.038,200.0,-965.5267428941298,1000,0.035,200.0,-971.3269726716425,12288,0,0,uniform=6177;sir=6119,103.49866890907288,7e99f75
var_low,1139,1966080,264,0.5681818181818182,200.0,-460.43860174363994,1000,0.078,200.0,-912.8564225851765,1000,0.072,200.0,-916.4815566765435,12288,0,0,uniform=6177;sir=6119,103.49866890907288,7e99f75
var_low,1139,2211840,264,0.7272727272727273,200.0,-346.8352962998622,1000,0.166,200.0,-859.5298340554651,1000,0.168,200.0,-858.284160551166,12288,0,0,uniform=6177;sir=6119,103.49866890907288,7e99f75
var_low,1139,2457600,264,0.8598484848484849,200.0,-264.0083760885993,1000,0.347,200.0,-749.4681420668361,1000,0.357,200.0,-738.1108716222071,12288,0,0,uniform=6177;sir=6119,103.49866890907288,7e99f75
var_low,1140,0,264,0.0,200.0,-1310.4713928437957,1000,0.0,200.0,-1124.938112375278,1000,0.0,200.0,-1135.8417774096251,12288,0,0,uniform=6224;sir=6072,103.48184180259705,7e99f75
var_low,1140,245760,264,0.0,200.0,-1269.4175512036977,1000,0.0,200.0,-1102.6286027025542,1000,0.0,200.0,-1094.1111605513101,12288,0,0,uniform=6224;sir=6072,103.48184180259705,7e99f75
var_low,1140,491520,264,0.003787878787878788,200.0,-968.2322190240781,1000,0.001,200.0,-1200.4032518123338,1000,0.001,200.0,-1207.2916294621186,12288,0,0,uniform=6224;sir=6072,103.48184180259705,7e99f75
var_low,1140,737280,264,0.19318181818181818,200.0,-819.9535791718771,1000,0.002,200.0,-1107.5090196803733,1000,0.003,200.0,-1111.4498895552488,12288,0,0,uniform=6224;sir=6072,103.48184180259705,7e99f75
var_low,1140,983040,264,0.0,200.0,-834.7098925774465,1000,0.0,200.0,-1016.4008796666449,1000,0.0,200.0,-1018.6362923536976,12288,0,0,uniform=6224;sir=6072,103.48184180259705,7e99f75
var_low,1140,1228800,264,0.0,200.0,-991.2189367118648,1000,0.0,200.0,-997.5054208952158,1000,0.0,200.0,-1000.4982195350112,12288,0,0,uniform=6224;sir=6072,103.48184180259705,7e99f75
var_low,1140,1474560,264,0.39015151515151514,200.0,-652.505096665685,1000,0.022,200.0,-1066.5595271979678,1000,0.02,200.0,-1074.5278310660444,12288,0,0,uniform=6224;sir=6072,103.48184180259705,7e99f75
var_low,1140,1720320,264,0.0,200.0,-1215.0029341544896,1000,0.0,200.0,-1034.7248250725345,1000,0.001,200.0,-1039.0233958867111,12288,0,0,uniform=6224;sir=6072,103.48184180259705,7e99f75
var_low,1140,1966080,264,0.375,200.0,-666.8352217464881,1000,0.018,200.0,-1031.512114286852,1000,0.019,200.0,-1034.2338639296167,12288,0,0,uniform=6224;sir=6072,103.48184180259705,7e99f75
var_low,1140,2211840,264,0.4053030303030303,200.0,-702.3007310011292,1000,0.031,200.0,-1044.9473961018894,1000,0.024,200.0,-1054.7070392510088,12288,0,0,uniform=6224;sir=6072,103.48184180259705,7e99f75
var_low,1140,2457600,264,0.571969696969697,200.0,-500.269937271084,1000,0.083,200.0,-1023.5384550028313,1000,0.067,200.0,-1036.1940016198703,12288,0,0,uniform=6224;sir=6072,103.48184180259705,7e99f75
var_low,1141,0,264,0.0,200.0,-1443.541902978022,1000,0.0,200.0,-1380.9929462838113,1000,0.0,200.0,-1389.316783977798,12288,0,0,uniform=6123;sir=6173,103.5762939453125,7e99f75
var_low,1141,245760,264,0.0,200.0,-955.1341730187421,1000,0.0,200.0,-1125.2645622737164,1000,0.0,200.0,-1131.9537736666687,12288,0,0,uniform=6123;sir=6173,103.5762939453125,7e99f75
var_low,1141,491520,264,0.19318181818181818,200.0,-967.4755739459409,1000,0.01,200.0,-1207.8703908336647,1000,0.007,200.0,-1216.3731108993081,12288,0,0,uniform=6123;sir=6173,103.5762939453125,7e99f75
var_low,1141,737280,264,0.05303030303030303,200.0,-791.9503889192116,1000,0.0,200.0,-1050.3890587934256,1000,0.0,200.0,-1055.1970288551302,12288,0,0,uniform=6123;sir=6173,103.5762939453125,7e99f75
var_low,1141,983040,264,0.0,200.0,-910.6348747378445,1000,0.0,200.0,-1020.6399512537552,1000,0.0,200.0,-1027.08397097864,12288,0,0,uniform=6123;sir=6173,103.5762939453125,7e99f75
var_low,1141,1228800,264,0.35984848484848486,200.0,-701.5842372019772,1000,0.008,200.0,-1102.8797427758018,1000,0.009,200.0,-1106.1300561846929,12288,0,0,uniform=6123;sir=6173,103.5762939453125,7e99f75
var_low,1141,1474560,264,0.5340909090909091,200.0,-488.74097635751764,1000,0.051,200.0,-992.7766590483483,1000,0.074,200.0,-988.6913541056769,12288,0,0,uniform=6123;sir=6173,103.5762939453125,7e99f75
var_low,1141,1720320,264,0.42045454545454547,200.0,-647.1722797009447,1000,0.016,200.0,-1036.3954227897896,1000,0.023,200.0,-1039.4123117141294,12288,0,0,uniform=6123;sir=6173,103.5762939453125,7e99f75
var_low,1141,1966080,264,0.6325757575757576,200.0,-449.1730585280775,1000,0.114,200.0,-988.4072608265054,1000,0.121,200.0,-987.8076118373104,12288,0,0,uniform=6123;sir=6173,103.5762939453125,7e99f75
var_low,1141,2211840,264,0.6742424242424242,200.0,-420.10948313843545,1000,0.101,200.0,-995.1167881838024,1000,0.111,200.0,-996.0548956484693,12288,0,0,uniform=6123;sir=6173,103.5762939453125,7e99f75
var_low,1141,2457600,264,0.625,200.0,-511.6055033080542,1000,0.126,200.0,-1006.7481650399352,1000,0.142,200.0,-1005.1460505885399,12288,0,0,uniform=6123;sir=6173,103.5762939453125,7e99f75
var_low,1142,0,264,0.0,200.0,-1478.9743574713116,1000,0.0,200.0,-1226.2254889461294,1000,0.0,200.0,-1234.9149963395034,12288,0,0,uniform=6149;sir=6147,103.65612196922302,7e99f75
var_low,1142,245760,264,0.0,200.0,-1229.6813689531625,1000,0.0,200.0,-1041.6669087499833,1000,0.0,200.0,-1046.5667151039206,12288,0,0,uniform=6149;sir=6147,103.65612196922302,7e99f75
var_low,1142,491520,264,0.20833333333333334,200.0,-822.4587708077797,1000,0.003,200.0,-1125.5020193271687,1000,0.004,200.0,-1130.8645733181493,12288,0,0,uniform=6149;sir=6147,103.65612196922302,7e99f75
var_low,1142,737280,264,0.2878787878787879,200.0,-756.2042690430687,1000,0.008,200.0,-1096.0228868999786,1000,0.008,200.0,-1102.285216733879,12288,0,0,uniform=6149;sir=6147,103.65612196922302,7e99f75
var_low,1142,983040,264,0.0,200.0,-1085.6993682331836,1000,0.001,200.0,-1014.0594009345376,1000,0.0,200.0,-1020.5242022216515,12288,0,0,uniform=6149;sir=6147,103.65612196922302,7e99f75
var_low,1142,1228800,264,0.38636363636363635,200.0,-663.6778895939842,1000,0.043,200.0,-1042.3800016435869,1000,0.04,200.0,-1046.590224412177,12288,0,0,uniform=6149;sir=6147,103.65612196922302,7e99f75
var_low,1142,1474560,264,0.42803030303030304,200.0,-560.4502267970314,1000,0.027,200.0,-999.4613750526781,1000,0.027,200.0,-1002.5947555259847,12288,0,0,uniform=6149;sir=6147,103.65612196922302,7e99f75
var_low,1142,1720320,264,0.14015151515151514,200.0,-919.9356393061511,1000,0.005,200.0,-1012.1664521003707,1000,0.002,200.0,-1024.9873439933588,12288,0,0,uniform=6149;sir=6147,103.65612196922302,7e99f75
var_low,1142,1966080,264,0.5,200.0,-515.6590727727961,1000,0.024,200.0,-990.362332552136,1000,0.017,200.0,-997.0315899424004,12288,0,0,uniform=6149;sir=6147,103.65612196922302,7e99f75
var_low,1142,2211840,264,0.7234848484848485,200.0,-349.05285595986015,1000,0.1,200.0,-918.7518545781209,1000,0.094,200.0,-917.9026217520035,12288,0,0,uniform=6149;sir=6147,103.65612196922302,7e99f75
var_low,1142,2457600,264,0.7651515151515151,200.0,-335.591090590324,1000,0.194,200.0,-871.3241582565779,1000,0.203,200.0,-866.2212773668523,12288,0,0,uniform=6149;sir=6147,103.65612196922302,7e99f75
var_low,1143,0,264,0.0,200.0,-1400.6855768191426,1000,0.0,200.0,-1202.40615495791,1000,0.0,200.0,-1209.823050968105,12288,0,0,uniform=6149;sir=6147,103.06035590171814,7e99f75
var_low,1143,245760,264,0.13257575757575757,200.0,-1005.3371731618439,1000,0.006,200.0,-1155.3356376457562,1000,0.002,200.0,-1163.298678505498,12288,0,0,uniform=6149;sir=6147,103.06035590171814,7e99f75
var_low,1143,491520,264,0.17803030303030304,200.0,-700.3697227631048,1000,0.007,200.0,-1021.288832675769,1000,0.007,200.0,-1027.2823920600051,12288,0,0,uniform=6149;sir=6147,103.06035590171814,7e99f75
var_low,1143,737280,264,0.3409090909090909,200.0,-663.9029087330965,1000,0.027,200.0,-1045.2706381572943,1000,0.023,200.0,-1053.27315741115,12288,0,0,uniform=6149;sir=6147,103.06035590171814,7e99f75
var_low,1143,983040,264,0.4053030303030303,200.0,-568.4245547144451,1000,0.043,200.0,-961.3085009628045,1000,0.046,200.0,-959.8602484852318,12288,0,0,uniform=6149;sir=6147,103.06035590171814,7e99f75
var_low,1143,1228800,264,0.23484848484848486,200.0,-806.9136835305586,1000,0.021,200.0,-990.7878672982073,1000,0.027,200.0,-987.8339939872227,12288,0,0,uniform=6149;sir=6147,103.06035590171814,7e99f75
var_low,1143,1474560,264,0.19696969696969696,200.0,-793.8370333855077,1000,0.009,200.0,-1008.9133105564483,1000,0.008,200.0,-1016.1219069658441,12288,0,0,uniform=6149;sir=6147,103.06035590171814,7e99f75
var_low,1143,1720320,264,0.5075757575757576,200.0,-552.8490740111953,1000,0.056,200.0,-973.1916587688363,1000,0.063,200.0,-970.2681688626793,12288,0,0,uniform=6149;sir=6147,103.06035590171814,7e99f75
var_low,1143,1966080,264,0.5416666666666666,200.0,-512.7896604969392,1000,0.123,200.0,-895.7266726024517,1000,0.111,200.0,-909.683939670798,12288,0,0,uniform=6149;sir=6147,103.06035590171814,7e99f75
var_low,1143,2211840,264,0.4393939393939394,200.0,-512.8743317023597,1000,0.067,200.0,-918.8064868001426,1000,0.059,200.0,-928.5373131824654,12288,0,0,uniform=6149;sir=6147,103.06035590171814,7e99f75
var_low,1143,2457600,264,0.678030303030303,200.0,-354.9693264870042,1000,0.086,200.0,-892.4376507250422,1000,0.08,200.0,-899.5195381843076,12288,0,0,uniform=6149;sir=6147,103.06035590171814,7e99f75
var_low,1144,0,264,0.0,200.0,-1462.0996516024184,1000,0.0,200.0,-1419.0323535468592,1000,0.0,200.0,-1426.3263542284587,12288,0,0,uniform=6106;sir=6190,103.28297185897827,7e99f75
var_low,1144,245760,264,0.0,200.0,-1207.8215726970623,1000,0.0,200.0,-1120.514701061612,1000,0.0,200.0,-1127.2305018072109,12288,0,0,uniform=6106;sir=6190,103.28297185897827,7e99f75
var_low,1144,491520,264,0.3484848484848485,200.0,-809.3814988220056,1000,0.008,200.0,-1204.3193447140818,1000,0.009,200.0,-1209.5896320278287,12288,0,0,uniform=6106;sir=6190,103.28297185897827,7e99f75
var_low,1144,737280,264,0.056818181818181816,200.0,-744.0756787905342,1000,0.003,200.0,-1036.2012789670007,1000,0.003,200.0,-1044.1564292189307,12288,0,0,uniform=6106;sir=6190,103.28297185897827,7e99f75
var_low,1144,983040,264,0.007575757575757576,200.0,-757.2364080309027,1000,0.0,200.0,-1004.547345815169,1000,0.0,200.0,-1009.9337759265335,12288,0,0,uniform=6106;sir=6190,103.28297185897827,7e99f75
var_low,1144,1228800,264,0.0,200.0,-1106.1564229881624,1000,0.0,200.0,-1004.7347128088297,1000,0.001,200.0,-1009.0494224160498,12288,0,0,uniform=6106;sir=6190,103.28297185897827,7e99f75
var_low,1144,1474560,264,0.003787878787878788,200.0,-696.9470149785071,1000,0.0,200.0,-974.7342575201269,1000,0.0,200.0,-974.8127456319118,12288,0,0,uniform=6106;sir=6190,103.28297185897827,7e99f75
var_low,1144,1720320,264,0.06818181818181818,200.0,-823.205716974543,1000,0.0,200.0,-1002.1296380231437,1000,0.001,200.0,-1002.4755128933084,12288,0,0,uniform=6106;sir=6190,103.28297185897827,7e99f75
var_low,1144,1966080,264,0.3522727272727273,200.0,-636.7269733564526,1000,0.011,200.0,-987.822938758978,1000,0.012,200.0,-991.8088819328293,12288,0,0,uniform=6106;sir=6190,103.28297185897827,7e99f75
var_low,1144,2211840,264,0.5113636363636364,200.0,-495.05592328438115,1000,0.027,200.0,-999.2925946085701,1000,0.025,200.0,-999.7369355210699,12288,0,0,uniform=6106;sir=6190,103.28297185897827,7e99f75
var_low,1144,2457600,264,0.5833333333333334,200.0,-471.5406001608369,1000,0.048,200.0,-1002.77510503995,1000,0.036,200.0,-1011.8852103483964,12288,0,0,uniform=6106;sir=6190,103.28297185897827,7e99f75
var_low,1145,0,264,0.0,200.0,-1325.421907563828,1000,0.0,200.0,-1323.910743115086,1000,0.0,200.0,-1333.2272147117935,12288,0,0,uniform=6110;sir=6186,104.29645895957947,7e99f75
var_low,1145,245760,264,0.0,200.0,-1310.259853544421,1000,0.0,200.0,-1079.7916195883065,1000,0.0,200.0,-1084.1529206367793,12288,0,0,uniform=6110;sir=6186,104.29645895957947,7e99f75
var_low,1145,491520,264,0.29545454545454547,200.0,-839.8175955976379,1000,0.012,200.0,-1169.2818595898445,1000,0.017,200.0,-1171.227231512182,12288,0,0,uniform=6110;sir=6186,104.29645895957947,7e99f75
var_low,1145,737280,264,0.0,200.0,-820.3566769756618,1000,0.0,200.0,-1035.1391776778298,1000,0.0,200.0,-1043.2140861569087,12288,0,0,uniform=6110;sir=6186,104.29645895957947,7e99f75
var_low,1145,983040,264,0.0,200.0,-946.5896388640002,1000,0.0,200.0,-1050.0046667859424,1000,0.0,200.0,-1055.0480946832533,12288,0,0,uniform=6110;sir=6186,104.29645895957947,7e99f75
var_low,1145,1228800,264,0.0,200.0,-1025.4799577958338,1000,0.0,200.0,-1014.0384810109587,1000,0.0,200.0,-1020.0110487461782,12288,0,0,uniform=6110;sir=6186,104.29645895957947,7e99f75
var_low,1145,1474560,264,0.003787878787878788,200.0,-989.5378427565095,1000,0.0,200.0,-1002.9941814928278,1000,0.0,200.0,-1007.3851529884865,12288,0,0,uniform=6110;sir=6186,104.29645895957947,7e99f75
var_low,1145,1720320,264,0.4053030303030303,200.0,-520.1970136904854,1000,0.026,200.0,-970.3260516999859,1000,0.021,200.0,-977.3351314400715,12288,0,0,uniform=6110;sir=6186,104.29645895957947,7e99f75
var_low,1145,1966080,264,0.4166666666666667,200.0,-668.7847855465685,1000,0.026,200.0,-1008.5215052936952,1000,0.024,200.0,-1017.1671829773276,12288,0,0,uniform=6110;sir=6186,104.29645895957947,7e99f75
var_low,1145,2211840,264,0.4166666666666667,200.0,-679.8527880155132,1000,0.022,200.0,-1031.7516392677194,1000,0.026,200.0,-1035.1631941494115,12288,0,0,uniform=6110;sir=6186,104.29645895957947,7e99f75
var_low,1145,2457600,264,0.7916666666666666,200.0,-299.9729914122041,1000,0.17,200.0,-869.5072542291512,1000,0.174,200.0,-870.0471933912457,12288,0,0,uniform=6110;sir=6186,104.29645895957947,7e99f75
var_low,1146,0,264,0.0,200.0,-1463.1338236153017,1000,0.0,200.0,-1223.787369872851,1000,0.0,200.0,-1231.8162397426177,12288,0,0,uniform=6175;sir=6121,104.36330389976501,7e99f75
var_low,1146,245760,264,0.32954545454545453,200.0,-701.4827818532115,1000,0.012,200.0,-1058.8899922093133,1000,0.012,200.0,-1065.688097812342,12288,0,0,uniform=6175;sir=6121,104.36330389976501,7e99f75
var_low,1146,491520,264,0.007575757575757576,200.0,-1025.1174447623125,1000,0.0,200.0,-1004.6555445236861,1000,0.0,200.0,-1012.8463385726371,12288,0,0,uniform=6175;sir=6121,104.36330389976501,7e99f75
var_low,1146,737280,264,0.2537878787878788,200.0,-654.7052209005896,1000,0.014,200.0,-1007.187511161674,1000,0.009,200.0,-1012.0778044641712,12288,0,0,uniform=6175;sir=6121,104.36330389976501,7e99f75
var_low,1146,983040,264,0.20833333333333334,200.0,-648.0180640852138,1000,0.009,200.0,-994.7544764241852,1000,0.01,200.0,-990.1815154433901,12288,0,0,uniform=6175;sir=6121,104.36330389976501,7e99f75
var_low,1146,1228800,264,0.4128787878787879,200.0,-569.5194427701025,1000,0.03,200.0,-1008.3111591474333,1000,0.029,200.0,-1007.0708907548038,12288,0,0,uniform=6175;sir=6121,104.36330389976501,7e99f75
var_low,1146,1474560,264,0.48484848484848486,200.0,-485.7870714567999,1000,0.053,200.0,-946.5953157304341,1000,0.056,200.0,-952.7269341861596,12288,0,0,uniform=6175;sir=6121,104.36330389976501,7e99f75
var_low,1146,1720320,264,0.38257575757575757,200.0,-625.2535424145202,1000,0.02,200.0,-997.4572525293779,1000,0.015,200.0,-1002.0542151712854,12288,0,0,uniform=6175;sir=6121,104.36330389976501,7e99f75
var_low,1146,1966080,264,0.6704545454545454,200.0,-376.6114337194347,1000,0.076,200.0,-954.8774725188135,1000,0.068,200.0,-956.1196706127502,12288,0,0,uniform=6175;sir=6121,104.36330389976501,7e99f75
var_low,1146,2211840,264,0.7159090909090909,200.0,-356.2748876603839,1000,0.064,200.0,-978.5969614426209,1000,0.062,200.0,-981.1302733544097,12288,0,0,uniform=6175;sir=6121,104.36330389976501,7e99f75
var_low,1146,2457600,264,0.6818181818181818,200.0,-394.7854771043798,1000,0.092,200.0,-977.8759705221145,1000,0.106,200.0,-978.367731194271,12288,0,0,uniform=6175;sir=6121,104.36330389976501,7e99f75
var_low,1147,0,264,0.0,200.0,-1347.5941487060575,1000,0.0,200.0,-1147.3598815298787,1000,0.0,200.0,-1153.7784157350936,12288,0,0,uniform=6177;sir=6119,104.44446802139282,7e99f75
var_low,1147,245760,264,0.0,200.0,-1024.1320886422795,1000,0.0,200.0,-1065.4681549208117,1000,0.0,200.0,-1073.6408116702912,12288,0,0,uniform=6177;sir=6119,104.44446802139282,7e99f75
var_low,1147,491520,264,0.2727272727272727,200.0,-912.3632618231176,1000,0.008,200.0,-1216.743764041169,1000,0.008,200.0,-1223.5357186306533,12288,0,0,uniform=6177;sir=6119,104.44446802139282,7e99f75
var_low,1147,737280,264,0.29545454545454547,200.0,-711.7642644240126,1000,0.007,200.0,-1077.3102687323812,1000,0.008,200.0,-1082.6439760628705,12288,0,0,uniform=6177;sir=6119,104.44446802139282,7e99f75
var_low,1147,983040,264,0.21212121212121213,200.0,-665.2965018696864,1000,0.01,200.0,-1013.5982701477108,1000,0.02,200.0,-1011.8227460825519,12288,0,0,uniform=6177;sir=6119,104.44446802139282,7e99f75
var_low,1147,1228800,264,0.045454545454545456,200.0,-677.1436840406642,1000,0.001,200.0,-976.2207782823821,1000,0.0,200.0,-981.3442596091996,12288,0,0,uniform=6177;sir=6119,104.44446802139282,7e99f75
var_low,1147,1474560,264,0.003787878787878788,200.0,-755.2915217713448,1000,0.0,200.0,-1002.9064828390776,1000,0.0,200.0,-1007.4075332877505,12288,0,0,uniform=6177;sir=6119,104.44446802139282,7e99f75
var_low,1147,1720320,264,0.36742424242424243,200.0,-747.1185018958988,1000,0.009,200.0,-1157.5947977819903,1000,0.009,200.0,-1161.7762602529717,12288,0,0,uniform=6177;sir=6119,104.44446802139282,7e99f75
var_low,1147,1966080,264,0.3939393939393939,200.0,-539.2875485050857,1000,0.039,200.0,-983.6946916433072,1000,0.042,200.0,-986.9934776011897,12288,0,0,uniform=6177;sir=6119,104.44446802139282,7e99f75
var_low,1147,2211840,264,0.6022727272727273,200.0,-433.0371207473425,1000,0.065,200.0,-978.3468646700015,1000,0.06,200.0,-982.9164295899039,12288,0,0,uniform=6177;sir=6119,104.44446802139282,7e99f75
var_low,1147,2457600,264,0.6893939393939394,200.0,-399.7932637648434,1000,0.09,200.0,-984.3950424452646,1000,0.071,200.0,-996.1969255240579,12288,0,0,uniform=6177;sir=6119,104.44446802139282,7e99f75
var_low,1148,0,264,0.0,200.0,-1328.8863036746045,1000,0.0,200.0,-1280.7036848828438,1000,0.0,200.0,-1282.038817538537,12288,0,0,uniform=6124;sir=6172,104.29619002342224,7e99f75
var_low,1148,245760,264,0.11363636363636363,200.0,-843.5818454193264,1000,0.0,200.0,-1094.5656291490852,1000,0.0,200.0,-1100.8891665144133,12288,0,0,uniform=6124;sir=6172,104.29619002342224,7e99f75
var_low,1148,491520,264,0.0,200.0,-1181.5826928224153,1000,0.0,200.0,-1021.5151487403042,1000,0.0,200.0,-1026.140881559848,12288,0,0,uniform=6124;sir=6172,104.29619002342224,7e99f75
var_low,1148,737280,264,0.3712121212121212,200.0,-714.2236930803349,1000,0.018,200.0,-1117.9696015239342,1000,0.012,200.0,-1126.0403787839846,12288,0,0,uniform=6124;sir=6172,104.29619002342224,7e99f75
var_low,1148,983040,264,0.29545454545454547,200.0,-590.9207244696506,1000,0.004,200.0,-988.8253743218872,1000,0.004,200.0,-993.7080693049431,12288,0,0,uniform=6124;sir=6172,104.29619002342224,7e99f75
var_low,1148,1228800,264,0.39015151515151514,200.0,-660.9088100059112,1000,0.017,200.0,-1076.134131162051,1000,0.018,200.0,-1080.813258915744,12288,0,0,uniform=6124;sir=6172,104.29619002342224,7e99f75
var_low,1148,1474560,264,0.42424242424242425,200.0,-546.6498078012964,1000,0.009,200.0,-1014.3192730065003,1000,0.019,200.0,-1012.8849711354417,12288,0,0,uniform=6124;sir=6172,104.29619002342224,7e99f75
var_low,1148,1720320,264,0.4621212121212121,200.0,-531.4315815826654,1000,0.049,200.0,-1001.3856809264643,1000,0.049,200.0,-1006.3936136080185,12288,0,0,uniform=6124;sir=6172,104.29619002342224,7e99f75
var_low,1148,1966080,264,0.42803030303030304,200.0,-628.2132937197548,1000,0.012,200.0,-1044.674619511838,1000,0.015,200.0,-1050.2847412480721,12288,0,0,uniform=6124;sir=6172,104.29619002342224,7e99f75
var_low,1148,2211840,264,0.5416666666666666,200.0,-546.4799808545555,1000,0.029,200.0,-1051.4263601589078,1000,0.023,200.0,-1061.1567427317993,12288,0,0,uniform=6124;sir=6172,104.29619002342224,7e99f75
var_low,1148,2457600,264,0.5795454545454546,200.0,-513.4762979535222,1000,0.07,200.0,-1035.4860340399148,1000,0.06,200.0,-1048.4275454446274,12288,0,0,uniform=6124;sir=6172,104.29619002342224,7e99f75
var_low,1149,0,264,0.0,200.0,-1318.0723940277878,1000,0.0,200.0,-1213.2440508574311,1000,0.0,200.0,-1225.6952521340997,12288,0,0,uniform=6162;sir=6134,101.88533306121826,7e99f75
var_low,1149,245760,264,0.0,200.0,-1079.0317132396806,1000,0.002,200.0,-1064.0390681377771,1000,0.0,200.0,-1060.932709863186,12288,0,0,uniform=6162;sir=6134,101.88533306121826,7e99f75
var_low,1149,491520,264,0.0,200.0,-933.443404696635,1000,0.0,200.0,-1003.9008339438217,1000,0.0,200.0,-1007.4627048539677,12288,0,0,uniform=6162;sir=6134,101.88533306121826,7e99f75
var_low,1149,737280,264,0.19318181818181818,200.0,-770.1824744362415,1000,0.003,200.0,-1104.057327674352,1000,0.004,200.0,-1109.669457649565,12288,0,0,uniform=6162;sir=6134,101.88533306121826,7e99f75
var_low,1149,983040,264,0.0,200.0,-786.4252632252346,1000,0.0,200.0,-1028.2544437190068,1000,0.0,200.0,-1032.7553192783387,12288,0,0,uniform=6162;sir=6134,101.88533306121826,7e99f75
var_low,1149,1228800,264,0.38636363636363635,200.0,-646.6873465071894,1000,0.044,200.0,-987.4009192345379,1000,0.041,200.0,-993.4231873041633,12288,0,0,uniform=6162;sir=6134,101.88533306121826,7e99f75
var_low,1149,1474560,264,0.12878787878787878,200.0,-980.4403511855216,1000,0.007,200.0,-990.1419895081983,1000,0.009,200.0,-994.435531411549,12288,0,0,uniform=6162;sir=6134,101.88533306121826,7e99f75
var_low,1149,1720320,264,0.6325757575757576,200.0,-373.1558601172788,1000,0.116,200.0,-865.4632736533899,1000,0.112,200.0,-866.8626458657382,12288,0,0,uniform=6162;sir=6134,101.88533306121826,7e99f75
var_low,1149,1966080,264,0.6666666666666666,200.0,-358.4756045517021,1000,0.135,200.0,-863.7841325379906,1000,0.125,200.0,-870.5391276155908,12288,0,0,uniform=6162;sir=6134,101.88533306121826,7e99f75
var_low,1149,2211840,264,0.7878787878787878,200.0,-295.87624520839546,1000,0.206,200.0,-821.8448659322678,1000,0.218,200.0,-818.2831752279469,12288,0,0,uniform=6162;sir=6134,101.88533306121826,7e99f75
var_low,1149,2457600,264,0.9166666666666666,200.0,-201.15963111994836,1000,0.329,200.0,-735.0048975327891,1000,0.328,200.0,-734.8928658972668,12288,0,0,uniform=6162;sir=6134,101.88533306121826,7e99f75
var_low,1150,0,264,0.0,200.0,-1457.250021500452,1000,0.0,200.0,-1449.0324209762193,1000,0.0,200.0,-1454.4345599245516,12288,0,0,uniform=6216;sir=6080,102.28236961364746,7e99f75
var_low,1150,245760,264,0.0,200.0,-1100.5664936433038,1000,0.0,200.0,-1020.3123072382987,1000,0.0,200.0,-1022.4849208392014,12288,0,0,uniform=6216;sir=6080,102.28236961364746,7e99f75
var_low,1150,491520,264,0.0,200.0,-1210.9960692486793,1000,0.0,200.0,-1017.7391843206441,1000,0.0,200.0,-1026.3496411035735,12288,0,0,uniform=6216;sir=6080,102.28236961364746,7e99f75
var_low,1150,737280,264,0.10606060606060606,200.0,-912.8372602374626,1000,0.0,200.0,-1175.3629755113727,1000,0.003,200.0,-1180.8501380769674,12288,0,0,uniform=6216;sir=6080,102.28236961364746,7e99f75
var_low,1150,983040,264,0.3409090909090909,200.0,-760.486151068898,1000,0.012,200.0,-1155.342289356566,1000,0.006,200.0,-1164.7519340692315,12288,0,0,uniform=6216;sir=6080,102.28236961364746,7e99f75
var_low,1150,1228800,264,0.0,200.0,-1033.7239804555581,1000,0.0,200.0,-991.8800939869172,1000,0.0,200.0,-993.9433604625104,12288,0,0,uniform=6216;sir=6080,102.28236961364746,7e99f75
var_low,1150,1474560,264,0.3977272727272727,200.0,-665.0717155454895,1000,0.028,200.0,-1082.180293977752,1000,0.026,200.0,-1084.4138261298156,12288,0,0,uniform=6216;sir=6080,102.28236961364746,7e99f75
var_low,1150,1720320,264,0.0,200.0,-1016.0531118017395,1000,0.0,200.0,-1032.1385193503172,1000,0.0,200.0,-1032.2701533021718,12288,0,0,uniform=6216;sir=6080,102.28236961364746,7e99f75
var_low,1150,1966080,264,0.36742424242424243,200.0,-576.3746568732324,1000,0.018,200.0,-971.0684362255696,1000,0.014,200.0,-977.3368019594842,12288,0,0,uniform=6216;sir=6080,102.28236961364746,7e99f75
var_low,1150,2211840,264,0.6174242424242424,200.0,-439.0215713725167,1000,0.175,200.0,-933.6639388761157,1000,0.182,200.0,-932.5697101260441,12288,0,0,uniform=6216;sir=6080,102.28236961364746,7e99f75
var_low,1150,2457600,264,0.7840909090909091,200.0,-310.844316068071,1000,0.124,200.0,-896.8848854173868,1000,0.142,200.0,-895.7567223374468,12288,0,0,uniform=6216;sir=6080,102.28236961364746,7e99f75
var_low,1151,0,264,0.0,200.0,-1593.960645245042,1000,0.0,200.0,-1475.8850182630192,1000,0.0,200.0,-1483.282519521939,12288,0,0,uniform=6036;sir=6260,103.23849439620972,7e99f75
var_low,1151,245760,264,0.0,200.0,-1211.2444438077323,1000,0.0,200.0,-1037.7023300466194,1000,0.0,200.0,-1045.7680029529731,12288,0,0,uniform=6036;sir=6260,103.23849439620972,7e99f75
var_low,1151,491520,264,0.0,200.0,-904.3513773717524,1000,0.0,200.0,-1088.4198179509444,1000,0.0,200.0,-1095.0038711618035,12288,0,0,uniform=6036;sir=6260,103.23849439620972,7e99f75
var_low,1151,737280,264,0.22727272727272727,200.0,-658.4426430395666,1000,0.008,200.0,-1005.2553028933073,1000,0.011,200.0,-1010.9205079747139,12288,0,0,uniform=6036;sir=6260,103.23849439620972,7e99f75
var_low,1151,983040,264,0.0,200.0,-918.512772290509,1000,0.0,200.0,-970.6402626445423,1000,0.0,200.0,-972.3479130895529,12288,0,0,uniform=6036;sir=6260,103.23849439620972,7e99f75
var_low,1151,1228800,264,0.35984848484848486,200.0,-698.7055664208566,1000,0.016,200.0,-1097.6885101837038,1000,0.016,200.0,-1101.251314905512,12288,0,0,uniform=6036;sir=6260,103.23849439620972,7e99f75
var_low,1151,1474560,264,0.1893939393939394,200.0,-799.1191848500107,1000,0.009,200.0,-981.2044010075604,1000,0.002,200.0,-995.4478150852414,12288,0,0,uniform=6036;sir=6260,103.23849439620972,7e99f75
var_low,1151,1720320,264,0.625,200.0,-403.6074886874419,1000,0.084,200.0,-917.0295347002664,1000,0.072,200.0,-927.7231864116578,12288,0,0,uniform=6036;sir=6260,103.23849439620972,7e99f75
var_low,1151,1966080,264,0.8106060606060606,200.0,-273.6650638728712,1000,0.174,200.0,-828.0099559542007,1000,0.166,200.0,-831.1828344147323,12288,0,0,uniform=6036;sir=6260,103.23849439620972,7e99f75
var_low,1151,2211840,264,0.7840909090909091,200.0,-285.78479064070297,1000,0.192,200.0,-825.9196383017758,1000,0.193,200.0,-831.7835789012767,12288,0,0,uniform=6036;sir=6260,103.23849439620972,7e99f75
var_low,1151,2457600,264,0.8787878787878788,200.0,-235.0259412948574,1000,0.4,200.0,-709.8617160239479,1000,0.41,200.0,-707.4152644727791,12288,0,0,uniform=6036;sir=6260,103.23849439620972,7e99f75
var_low,1152,0,264,0.0,200.0,-1300.7077644844217,1000,0.0,200.0,-1108.4704073085527,1000,0.0,200.0,-1115.5763437542505,12288,0,0,uniform=6198;sir=6098,103.40846514701843,7e99f75
var_low,1152,245760,264,0.0,200.0,-1257.9900618726047,1000,0.0,200.0,-1050.979025591021,1000,0.0,200.0,-1052.6870735907244,12288,0,0,uniform=6198;sir=6098,103.40846514701843,7e99f75
var_low,1152,491520,264,0.0,200.0,-999.4078033123894,1000,0.0,200.0,-976.563109032409,1000,0.0,200.0,-978.7716845796692,12288,0,0,uniform=6198;sir=6098,103.40846514701843,7e99f75
var_low,1152,737280,264,0.0,200.0,-903.3685764925915,1000,0.0,200.0,-1071.6127796416233,1000,0.0,200.0,-1080.1798193958318,12288,0,0,uniform=6198;sir=6098,103.40846514701843,7e99f75
var_low,1152,983040,264,0.0,200.0,-804.0071825885856,1000,0.0,200.0,-1067.4190256399522,1000,0.0,200.0,-1071.2495304982983,12288,0,0,uniform=6198;sir=6098,103.40846514701843,7e99f75
var_low,1152,1228800,264,0.0,200.0,-918.1119342297856,1000,0.0,200.0,-1027.746489434484,1000,0.0,200.0,-1034.6886478119638,12288,0,0,uniform=6198;sir=6098,103.40846514701843,7e99f75
var_low,1152,1474560,264,0.0,200.0,-762.3754132699554,1000,0.0,200.0,-988.2040007832768,1000,0.0,200.0,-998.8309300288776,12288,0,0,uniform=6198;sir=6098,103.40846514701843,7e99f75
var_low,1152,1720320,264,0.045454545454545456,200.0,-806.9422601139393,1000,0.004,200.0,-1026.8136964452292,1000,0.0,200.0,-1031.9509084173153,12288,0,0,uniform=6198;sir=6098,103.40846514701843,7e99f75
var_low,1152,1966080,264,0.06818181818181818,200.0,-956.9255218253891,1000,0.0,200.0,-1026.8327163234076,1000,0.003,200.0,-1036.609451386047,12288,0,0,uniform=6198;sir=6098,103.40846514701843,7e99f75
var_low,1152,2211840,264,0.45075757575757575,200.0,-623.9832929210564,1000,0.051,200.0,-976.2102012342879,1000,0.036,200.0,-999.9387421115747,12288,0,0,uniform=6198;sir=6098,103.40846514701843,7e99f75
var_low,1152,2457600,264,0.6325757575757576,200.0,-433.7603000048697,1000,0.118,200.0,-966.7461869411907,1000,0.11,200.0,-975.9674615382752,12288,0,0,uniform=6198;sir=6098,103.40846514701843,7e99f75
var_low,1153,0,264,0.0,200.0,-1352.2533143396436,1000,0.0,200.0,-1266.737050804956,1000,0.0,200.0,-1274.7064185066,12288,0,0,uniform=6070;sir=6226,103.3934907913208,7e99f75
var_low,1153,245760,264,0.0,200.0,-1141.4195634237656,1000,0.0,200.0,-1063.5632947176723,1000,0.0,200.0,-1063.546996983623,12288,0,0,uniform=6070;sir=6226,103.3934907913208,7e99f75
var_low,1153,491520,264,0.3712121212121212,200.0,-777.9984279549295,1000,0.009,200.0,-1188.2607269949629,1000,0.009,200.0,-1192.8961532121116,12288,0,0,uniform=6070;sir=6226,103.3934907913208,7e99f75
var_low,1153,737280,264,0.32954545454545453,200.0,-721.1097863096193,1000,0.008,200.0,-1094.2962735306423,1000,0.008,200.0,-1099.0908857599054,12288,0,0,uniform=6070;sir=6226,103.3934907913208,7e99f75
var_low,1153,983040,264,0.12121212121212122,200.0,-660.4711791988349,1000,0.011,200.0,-984.6042964558133,1000,0.013,200.0,-982.9641540744668,12288,0,0,uniform=6070;sir=6226,103.3934907913208,7e99f75
var_low,1153,1228800,264,0.4166666666666667,200.0,-554.4105764792243,1000,0.036,200.0,-982.5366836500755,1000,0.042,200.0,-981.5587089334065,12288,0,0,uniform=6070;sir=6226,103.3934907913208,7e99f75
var_low,1153,1474560,264,0.5113636363636364,200.0,-491.90458243159173,1000,0.053,200.0,-992.1803927412238,1000,0.05,200.0,-996.2585458402565,12288,0,0,uniform=6070;sir=6226,103.3934907913208,7e99f75
var_low,1153,1720320,264,0.5303030303030303,200.0,-538.3552963133317,1000,0.069,200.0,-967.0889840061445,1000,0.068,200.0,-971.6464165363778,12288,0,0,uniform=6070;sir=6226,103.3934907913208,7e99f75
var_low,1153,1966080,264,0.7386363636363636,200.0,-357.7553506546739,1000,0.251,200.0,-884.4948495692036,1000,0.245,200.0,-886.4040285053613,12288,0,0,uniform=6070;sir=6226,103.3934907913208,7e99f75
var_low,1153,2211840,264,0.7462121212121212,200.0,-358.63102723379626,1000,0.217,200.0,-881.5967690118079,1000,0.213,200.0,-880.0083967174655,12288,0,0,uniform=6070;sir=6226,103.3934907913208,7e99f75
var_low,1153,2457600,264,0.8181818181818182,200.0,-279.80092023174683,1000,0.252,200.0,-835.2630862570413,1000,0.273,200.0,-827.1575852246931,12288,0,0,uniform=6070;sir=6226,103.3934907913208,7e99f75
var_low,1154,0,264,0.045454545454545456,200.0,-1376.2149089943832,1000,0.004,200.0,-1198.8380984133248,1000,0.002,200.0,-1203.3529103190867,12288,0,0,uniform=6091;sir=6205,103.49257493019104,7e99f75
var_low,1154,245760,264,0.0,200.0,-1040.245920601767,1000,0.0,200.0,-993.8770965797609,1000,0.0,200.0,-994.3703032792944,12288,0,0,uniform=6091;sir=6205,103.49257493019104,7e99f75
var_low,1154,491520,264,0.0,200.0,-1083.7038833891227,1000,0.0,200.0,-995.873213926248,1000,0.0,200.0,-998.188705056678,12288,0,0,uniform=6091;sir=6205,103.49257493019104,7e99f75
var_low,1154,737280,264,0.0,200.0,-939.4525900761203,1000,0.0,200.0,-1037.2138451398246,1000,0.0,200.0,-1037.842545470694,12288,0,0,uniform=6091;sir=6205,103.49257493019104,7e99f75
var_low,1154,983040,264,0.0,200.0,-805.5970190346715,1000,0.0,200.0,-972.158578976118,1000,0.0,200.0,-979.281027368588,12288,0,0,uniform=6091;sir=6205,103.49257493019104,7e99f75
var_low,1154,1228800,264,0.0,200.0,-859.6606950092737,1000,0.0,200.0,-959.3029565601056,1000,0.0,200.0,-968.8425194757469,12288,0,0,uniform=6091;sir=6205,103.49257493019104,7e99f75
var_low,1154,1474560,264,0.003787878787878788,200.0,-1031.4898801328065,1000,0.0,200.0,-991.271856952121,1000,0.001,200.0,-993.1431015412619,12288,0,0,uniform=6091;sir=6205,103.49257493019104,7e99f75
var_low,1154,1720320,264,0.35984848484848486,200.0,-693.5500442225818,1000,0.044,200.0,-957.7570693402735,1000,0.043,200.0,-964.8622061948673,12288,0,0,uniform=6091;sir=6205,103.49257493019104,7e99f75
var_low,1154,1966080,264,0.75,200.0,-312.00603037205116,1000,0.225,200.0,-799.9519785638655,1000,0.206,200.0,-809.9406557509375,12288,0,0,uniform=6091;sir=6205,103.49257493019104,7e99f75
var_low,1154,2211840,264,0.8446969696969697,200.0,-255.6581132464779,1000,0.285,200.0,-768.0067713161325,1000,0.27,200.0,-778.0600446082162,12288,0,0,uniform=6091;sir=6205,103.49257493019104,7e99f75
var_low,1154,2457600,264,0.8371212121212122,200.0,-253.3546996376874,1000,0.259,200.0,-783.4485714369617,1000,0.268,200.0,-789.9040265618108,12288,0,0,uniform=6091;sir=6205,103.49257493019104,7e99f75
var_low,1155,0,264,0.0,200.0,-1492.4669713316134,1000,0.0,200.0,-1215.4586948491988,1000,0.0,200.0,-1221.1045239651994,12288,0,0,uniform=6255;sir=6041,102.58887505531311,7e99f75
var_low,1155,245760,264,0.0,200.0,-901.1348750303816,1000,0.0,200.0,-1064.2202742607806,1000,0.0,200.0,-1064.0018556301397,12288,0,0,uniform=6255;sir=6041,102.58887505531311,7e99f75
var_low,1155,491520,264,0.0,200.0,-1363.7451196939078,1000,0.0,200.0,-1089.345098152602,1000,0.0,200.0,-1094.3173463124372,12288,0,0,uniform=6255;sir=6041,102.58887505531311,7e99f75
var_low,1155,737280,264,0.21212121212121213,200.0,-791.0652942837936,1000,0.037,200.0,-1070.5859990780702,1000,0.033,200.0,-1073.4990546880929,12288,0,0,uniform=6255;sir=6041,102.58887505531311,7e99f75
var_low,1155,983040,264,0.0,200.0,-835.2927373640474,1000,0.0,200.0,-1010.7695136498739,1000,0.0,200.0,-1008.0862737644834,12288,0,0,uniform=6255;sir=6041,102.58887505531311,7e99f75
var_low,1155,1228800,264,0.3106060606060606,200.0,-718.1518330019386,1000,0.015,200.0,-973.6929568743567,1000,0.014,200.0,-985.1427168708279,12288,0,0,uniform=6255;sir=6041,102.58887505531311,7e99f75
var_low,1155,1474560,264,0.0,200.0,-1082.2387074607007,1000,0.0,200.0,-990.497225486001,1000,0.0,200.0,-997.0576840383588,12288,0,0,uniform=6255;sir=6041,102.58887505531311,7e99f75
var_low,1155,1720320,264,0.42803030303030304,200.0,-552.589549426562,1000,0.042,200.0,-946.9527087225094,1000,0.028,200.0,-955.7032976256245,12288,0,0,uniform=6255;sir=6041,102.58887505531311,7e99f75
var_low,1155,1966080,264,0.4659090909090909,200.0,-608.2858425025676,1000,0.091,200.0,-951.4115371711861,1000,0.086,200.0,-960.9944971167038,12288,0,0,uniform=6255;sir=6041,102.58887505531311,7e99f75
var_low,1155,2211840,264,0.5189393939393939,200.0,-550.6947147362412,1000,0.074,200.0,-974.0410341330834,1000,0.071,200.0,-981.5370254778256,12288,0,0,uniform=6255;sir=6041,102.58887505531311,7e99f75
var_low,1155,2457600,264,0.5227272727272727,200.0,-598.6144030284537,1000,0.137,200.0,-950.3254490182633,1000,0.14,200.0,-957.3477768918083,12288,0,0,uniform=6255;sir=6041,102.58887505531311,7e99f75
var_low,1156,0,264,0.0,200.0,-1510.1847033650579,1000,0.0,200.0,-1242.5253771409173,1000,0.0,200.0,-1251.0857865610699,12288,0,0,uniform=6152;sir=6144,102.73333072662354,7e99f75
var_low,1156,245760,264,0.0,200.0,-1389.723442027558,1000,0.0,200.0,-1112.9203145819238,1000,0.0,200.0,-1122.4043646449297,12288,0,0,uniform=6152;sir=6144,102.73333072662354,7e99f75
var_low,1156,491520,264,0.0,200.0,-857.1028462992017,1000,0.0,200.0,-998.2543390192558,1000,0.0,200.0,-1005.1752226371696,12288,0,0,uniform=6152;sir=6144,102.73333072662354,7e99f75
var_low,1156,737280,264,0.0,200.0,-1054.284272198707,1000,0.001,200.0,-1014.8988093188175,1000,0.002,200.0,-1019.0590213338021,12288,0,0,uniform=6152;sir=6144,102.73333072662354,7e99f75
var_low,1156,983040,264,0.36363636363636365,200.0,-683.3939077641803,1000,0.017,200.0,-1087.4638202563156,1000,0.018,200.0,-1092.458385237268,12288,0,0,uniform=6152;sir=6144,102.73333072662354,7e99f75
var_low,1156,1228800,264,0.4621212121212121,200.0,-640.2107710534509,1000,0.043,200.0,-1106.7331375957688,1000,0.045,200.0,-1109.3481738963262,12288,0,0,uniform=6152;sir=6144,102.73333072662354,7e99f75
var_low,1156,1474560,264,0.04924242424242424,200.0,-966.5448376267518,1000,0.001,200.0,-1036.8562625465638,1000,0.003,200.0,-1029.860246828852,12288,0,0,uniform=6152;sir=6144,102.73333072662354,7e99f75
var_low,1156,1720320,264,0.1590909090909091,200.0,-970.6957418782824,1000,0.007,200.0,-1046.096148387429,1000,0.011,200.0,-1038.0431257520156,12288,0,0,uniform=6152;sir=6144,102.73333072662354,7e99f75
var_low,1156,1966080,264,0.5340909090909091,200.0,-562.7989612279296,1000,0.06,200.0,-992.1326665320942,1000,0.073,200.0,-988.515789640823,12288,0,0,uniform=6152;sir=6144,102.73333072662354,7e99f75
var_low,1156,2211840,264,0.42803030303030304,200.0,-779.414482246066,1000,0.073,200.0,-1055.441801599199,1000,0.08,200.0,-1049.0093930585424,12288,0,0,uniform=6152;sir=6144,102.73333072662354,7e99f75
var_low,1156,2457600,264,0.5416666666666666,200.0,-607.7059170927997,1000,0.144,200.0,-979.1916085277177,1000,0.134,200.0,-985.6363995546648,12288,0,0,uniform=6152;sir=6144,102.73333072662354,7e99f75
var_low,1157,0,264,0.07954545454545454,200.0,-1058.2733906684255,1000,0.0,200.0,-1243.429461479363,1000,0.0,200.0,-1246.6375753341679,12288,0,0,uniform=6172;sir=6124,104.19637393951416,7e99f75
var_low,1157,245760,264,0.011363636363636364,200.0,-961.4164213789791,1000,0.001,200.0,-1038.6616365647533,1000,0.0,200.0,-1047.1330203932964,12288,0,0,uniform=6172;sir=6124,104.19637393951416,7e99f75
var_low,1157,491520,264,0.16666666666666666,200.0,-753.441536682024,1000,0.007,200.0,-1060.3977610787726,1000,0.014,200.0,-1058.1573710537727,12288,0,0,uniform=6172;sir=6124,104.19637393951416,7e99f75
var_low,1157,737280,264,0.3409090909090909,200.0,-703.9121796086623,1000,0.008,200.0,-1089.0075812668563,1000,0.008,200.0,-1093.0529091169324,12288,0,0,uniform=6172;sir=6124,104.19637393951416,7e99f75
var_low,1157,983040,264,0.0,200.0,-730.3720555106289,1000,0.0,200.0,-985.79914299939,1000,0.0,200.0,-990.1979633656734,12288,0,0,uniform=6172;sir=6124,104.19637393951416,7e99f75
var_low,1157,1228800,264,0.0,200.0,-1050.2429165401497,1000,0.0,200.0,-1029.7999514815253,1000,0.0,200.0,-1039.1839858378878,12288,0,0,uniform=6172;sir=6124,104.19637393951416,7e99f75
var_low,1157,1474560,264,0.4053030303030303,200.0,-792.678995806221,1000,0.017,200.0,-1242.3579121160112,1000,0.027,200.0,-1241.0491116264473,12288,0,0,uniform=6172;sir=6124,104.19637393951416,7e99f75
var_low,1157,1720320,264,0.4431818181818182,200.0,-613.2198677662825,1000,0.043,200.0,-1062.5539249330866,1000,0.033,200.0,-1075.717369795089,12288,0,0,uniform=6172;sir=6124,104.19637393951416,7e99f75
var_low,1157,1966080,264,0.4431818181818182,200.0,-648.9474005595423,1000,0.07,200.0,-1068.8214342782728,1000,0.073,200.0,-1068.0108828065556,12288,0,0,uniform=6172;sir=6124,104.19637393951416,7e99f75
var_low,1157,2211840,264,0.4431818181818182,200.0,-659.5131598200087,1000,0.05,200.0,-1044.4905251243251,1000,0.047,200.0,-1057.2016263122437,12288,0,0,uniform=6172;sir=6124,104.19637393951416,7e99f75
var_low,1157,2457600,264,0.5227272727272727,200.0,-622.5961675538803,1000,0.085,200.0,-1040.2245063320115,1000,0.081,200.0,-1053.7334573887406,12288,0,0,uniform=6172;sir=6124,104.19637393951416,7e99f75
var_low,1158,0,264,0.003787878787878788,200.0,-1207.6711565474216,1000,0.0,200.0,-1226.3713132082592,1000,0.0,200.0,-1229.5144634956919,12288,0,0,uniform=6143;sir=6153,104.16585493087769,7e99f75
var_low,1158,245760,264,0.10984848484848485,200.0,-794.1728714795285,1000,0.007,200.0,-1081.3709927777722,1000,0.008,200.0,-1085.3388400671722,12288,0,0,uniform=6143;sir=6153,104.16585493087769,7e99f75
var_low,1158,491520,264,0.0,200.0,-821.5639086442916,1000,0.0,200.0,-1041.110115157813,1000,0.0,200.0,-1047.864494409844,12288,0,0,uniform=6143;sir=6153,104.16585493087769,7e99f75
var_low,1158,737280,264,0.0,200.0,-1069.6576441272125,1000,0.0,200.0,-993.233830816153,1000,0.0,200.0,-998.7188421814001,12288,0,0,uniform=6143;sir=6153,104.16585493087769,7e99f75
var_low,1158,983040,264,0.0,200.0,-807.6903820365475,1000,0.0,200.0,-972.347302291533,1000,0.0,200.0,-973.2864092774552,12288,0,0,uniform=6143;sir=6153,104.16585493087769,7e99f75
var_low,1158,1228800,264,0.0,200.0,-964.5919068531128,1000,0.001,200.0,-1016.9597757757213,1000,0.002,200.0,-1018.2109253520056,12288,0,0,uniform=6143;sir=6153,104.16585493087769,7e99f75
var_low,1158,1474560,264,0.0,200.0,-817.838037280898,1000,0.0,200.0,-994.7345854814196,1000,0.0,200.0,-997.3140653401337,12288,0,0,uniform=6143;sir=6153,104.16585493087769,7e99f75
var_low,1158,1720320,264,0.39015151515151514,200.0,-774.3493021204732,1000,0.009,200.0,-1209.9778046380327,1000,0.013,200.0,-1213.2244488596439,12288,0,0,uniform=6143;sir=6153,104.16585493087769,7e99f75
var_low,1158,1966080,264,0.375,200.0,-638.9091297963499,1000,0.025,200.0,-1036.2249012200916,1000,0.018,200.0,-1052.1335458666124,12288,0,0,uniform=6143;sir=6153,104.16585493087769,7e99f75
var_low,1158,2211840,264,0.3712121212121212,200.0,-642.4006267502929,1000,0.017,200.0,-1010.6003575703163,1000,0.018,200.0,-1023.5525348114231,12288,0,0,uniform=6143;sir=6153,104.16585493087769,7e99f75
var_low,1158,2457600,264,0.4772727272727273,200.0,-579.614315341306,1000,0.04,200.0,-1012.9992398672408,1000,0.031,200.0,-1032.2229059026251,12288,0,0,uniform=6143;sir=6153,104.16585493087769,7e99f75
var_low,1159,0,264,0.0,200.0,-1248.8487299398969,1000,0.0,200.0,-1252.9169932842497,1000,0.0,200.0,-1260.7088989620545,12288,0,0,uniform=6182;sir=6114,104.15201091766357,7e99f75
var_low,1159,245760,264,0.18181818181818182,200.0,-943.907524193937,1000,0.018,200.0,-999.8745501530761,1000,0.023,200.0,-992.675763648277,12288,0,0,uniform=6182;sir=6114,104.15201091766357,7e99f75
var_low,1159,491520,264,0.08712121212121213,200.0,-823.770521925304,1000,0.001,200.0,-1101.4419683272429,1000,0.002,200.0,-1104.4948624002116,12288,0,0,uniform=6182;sir=6114,104.15201091766357,7e99f75
var_low,1159,737280,264,0.30303030303030304,200.0,-765.8159031976776,1000,0.015,200.0,-1106.6002951774105,1000,0.019,200.0,-1108.6995956058277,12288,0,0,uniform=6182;sir=6114,104.15201091766357,7e99f75
var_low,1159,983040,264,0.0,200.0,-892.9897987204944,1000,0.0,200.0,-1005.4506716206047,1000,0.0,200.0,-1015.5392189284208,12288,0,0,uniform=6182;sir=6114,104.15201091766357,7e99f75
var_low,1159,1228800,264,0.0,200.0,-852.7836560996476,1000,0.0,200.0,-1001.7473851865767,1000,0.0,200.0,-1006.7258861048641,12288,0,0,uniform=6182;sir=6114,104.15201091766357,7e99f75
var_low,1159,1474560,264,0.3409090909090909,200.0,-708.6431594700632,1000,0.003,200.0,-1101.8556329556322,1000,0.007,200.0,-1102.9634034489206,12288,0,0,uniform=6182;sir=6114,104.15201091766357,7e99f75
var_low,1159,1720320,264,0.5757575757575758,200.0,-464.7994511618988,1000,0.079,200.0,-991.1995033315318,1000,0.081,200.0,-996.9041814928808,12288,0,0,uniform=6182;sir=6114,104.15201091766357,7e99f75
var_low,1159,1966080,264,0.6553030303030303,200.0,-415.09790965185186,1000,0.13,200.0,-963.7095291433701,1000,0.147,200.0,-952.2891269390278,12288,0,0,uniform=6182;sir=6114,104.15201091766357,7e99f75
var_low,1159,2211840,264,0.7045454545454546,200.0,-374.90720703784325,1000,0.172,200.0,-935.3806281401535,1000,0.191,200.0,-932.7680606661575,12288,0,0,uniform=6182;sir=6114,104.15201091766357,7e99f75
var_low,1159,2457600,264,0.7045454545454546,200.0,-424.01961811792285,1000,0.124,200.0,-984.2156512286955,1000,0.132,200.0,-986.4956280025107,12288,0,0,uniform=6182;sir=6114,104.15201091766357,7e99f75
var_low,1160,0,264,0.0,200.0,-1382.8953013832634,1000,0.0,200.0,-1449.9546667953364,1000,0.0,200.0,-1453.2733575448128,12288,0,0,uniform=6202;sir=6094,104.31919384002686,7e99f75
var_low,1160,245760,264,0.2159090909090909,200.0,-685.7520922449147,1000,0.037,200.0,-989.1598276296079,1000,0.019,200.0,-1003.323420988423,12288,0,0,uniform=6202;sir=6094,104.31919384002686,7e99f75
var_low,1160,491520,264,0.003787878787878788,200.0,-769.8151449876318,1000,0.0,200.0,-997.9072452584376,1000,0.0,200.0,-1006.9331615163024,12288,0,0,uniform=6202;sir=6094,104.31919384002686,7e99f75
var_low,1160,737280,264,0.4318181818181818,200.0,-626.8069230932224,1000,0.044,200.0,-1072.7478642401227,1000,0.036,200.0,-1079.2802729661405,12288,0,0,uniform=6202;sir=6094,104.31919384002686,7e99f75
var_low,1160,983040,264,0.4734848484848485,200.0,-479.1403490657272,1000,0.034,200.0,-966.2617050131496,1000,0.043,200.0,-959.4394430318202,12288,0,0,uniform=6202;sir=6094,104.31919384002686,7e99f75
var_low,1160,1228800,264,0.4128787878787879,200.0,-561.1220539491189,1000,0.014,200.0,-993.2682464079298,1000,0.011,200.0,-998.8330112507036,12288,0,0,uniform=6202;sir=6094,104.31919384002686,7e99f75
var_low,1160,1474560,264,0.5416666666666666,200.0,-457.10461286389767,1000,0.095,200.0,-952.2819237322934,1000,0.094,200.0,-952.3132436955941,12288,0,0,uniform=6202;sir=6094,104.31919384002686,7e99f75
var_low,1160,1720320,264,0.39015151515151514,200.0,-665.3504316355386,1000,0.008,200.0,-1027.726814034713,1000,0.011,200.0,-1034.221406893424,12288,0,0,uniform=6202;sir=6094,104.31919384002686,7e99f75
var_low,1160,1966080,264,0.5340909090909091,200.0,-496.6027107761276,1000,0.031,200.0,-1010.4395717303238,1000,0.033,200.0,-1016.2467899396535,12288,0,0,uniform=6202;sir=6094,104.31919384002686,7e99f75
var_low,1160,2211840,264,0.678030303030303,200.0,-404.92873059358726,1000,0.087,200.0,-984.3455566487322,1000,0.118,200.0,-972.3546466897666,12288,0,0,uniform=6202;sir=6094,104.31919384002686,7e99f75
var_low,1160,2457600,264,0.6363636363636364,200.0,-446.65572782045757,1000,0.093,200.0,-1007.0690871368851,1000,0.111,200.0,-1003.7652456599784,12288,0,0,uniform=6202;sir=6094,104.31919384002686,7e99f75
var_low,1161,0,264,0.0,200.0,-1385.9433551286206,1000,0.0,200.0,-1150.8959115100956,1000,0.0,200.0,-1159.1635497351713,12288,0,0,uniform=6118;sir=6178,105.63258290290833,7e99f75
var_low,1161,245760,264,0.18181818181818182,200.0,-679.2327886309201,1000,0.014,200.0,-940.4044760464118,1000,0.012,200.0,-944.8921420710892,12288,0,0,uniform=6118;sir=6178,105.63258290290833,7e99f75
var_low,1161,491520,264,0.2840909090909091,200.0,-640.7495525674302,1000,0.021,200.0,-972.7798737964232,1000,0.023,200.0,-974.458225177347,12288,0,0,uniform=6118;sir=6178,105.63258290290833,7e99f75
var_low,1161,737280,264,0.0,200.0,-1022.2356895672938,1000,0.0,200.0,-1069.7041543140365,1000,0.0,200.0,-1069.082719635019,12288,0,0,uniform=6118;sir=6178,105.63258290290833,7e99f75
var_low,1161,983040,264,0.0,200.0,-1103.079342740206,1000,0.0,200.0,-1011.7916932588039,1000,0.0,200.0,-1010.5361800839861,12288,0,0,uniform=6118;sir=6178,105.63258290290833,7e99f75
var_low,1161,1228800,264,0.2878787878787879,200.0,-628.6127812021917,1000,0.015,200.0,-993.7738146536564,1000,0.017,200.0,-1002.1537871455671,12288,0,0,uniform=6118;sir=6178,105.63258290290833,7e99f75
var_low,1161,1474560,264,0.4128787878787879,200.0,-671.8686740812361,1000,0.019,200.0,-1105.6433875142307,1000,0.023,200.0,-1109.8856407557746,12288,0,0,uniform=6118;sir=6178,105.63258290290833,7e99f75
var_low,1161,1720320,264,0.18181818181818182,200.0,-932.2837217739952,1000,0.002,200.0,-1035.9319874441094,1000,0.003,200.0,-1046.197623319473,12288,0,0,uniform=6118;sir=6178,105.63258290290833,7e99f75
var_low,1161,1966080,264,0.48484848484848486,200.0,-554.1255337488335,1000,0.062,200.0,-955.1631668600378,1000,0.051,200.0,-975.1200431767364,12288,0,0,uniform=6118;sir=6178,105.63258290290833,7e99f75
var_low,1161,2211840,264,0.44696969696969696,200.0,-500.2521334758225,1000,0.082,200.0,-863.2727025102729,1000,0.083,200.0,-862.109319372134,12288,0,0,uniform=6118;sir=6178,105.63258290290833,7e99f75
var_low,1161,2457600,264,0.5189393939393939,200.0,-548.8992647106309,1000,0.08,200.0,-962.6610474576013,1000,0.097,200.0,-961.08949821988,12288,0,0,uniform=6118;sir=6178,105.63258290290833,7e99f75
var_low,1162,0,264,0.0,200.0,-1194.389186326035,1000,0.0,200.0,-1175.7020529639492,1000,0.0,200.0,-1181.564131232213,12288,0,0,uniform=6246;sir=6050,106.1408019065857,7e99f75
var_low,1162,245760,264,0.0,200.0,-831.0920255412484,1000,0.0,200.0,-1022.242684702825,1000,0.0,200.0,-1026.9491932496078,12288,0,0,uniform=6246;sir=6050,106.1408019065857,7e99f75
var_low,1162,491520,264,0.23863636363636365,200.0,-794.7115730381927,1000,0.018,200.0,-1093.8508143859026,1000,0.016,200.0,-1101.6780808942838,12288,0,0,uniform=6246;sir=6050,106.1408019065857,7e99f75
var_low,1162,737280,264,0.0,200.0,-958.8681761718678,1000,0.001,200.0,-991.6087368498049,1000,0.0,200.0,-1000.8328378357983,12288,0,0,uniform=6246;sir=6050,106.1408019065857,7e99f75
var_low,1162,983040,264,0.0,200.0,-1059.8323450527962,1000,0.0,200.0,-987.1081920566686,1000,0.0,200.0,-994.130127172489,12288,0,0,uniform=6246;sir=6050,106.1408019065857,7e99f75
var_low,1162,1228800,264,0.0,200.0,-1098.9637674257185,1000,0.0,200.0,-1023.0397312516276,1000,0.0,200.0,-1032.4081455925868,12288,0,0,uniform=6246;sir=6050,106.1408019065857,7e99f75
var_low,1162,1474560,264,0.0,200.0,-792.739159586547,1000,0.0,200.0,-999.015771788165,1000,0.0,200.0,-999.1127285188135,12288,0,0,uniform=6246;sir=6050,106.1408019065857,7e99f75
var_low,1162,1720320,264,0.0,200.0,-1116.886768921445,1000,0.0,200.0,-1007.3505477035784,1000,0.0,200.0,-1006.271210271673,12288,0,0,uniform=6246;sir=6050,106.1408019065857,7e99f75
var_low,1162,1966080,264,0.3484848484848485,200.0,-575.9883112168342,1000,0.016,200.0,-977.4937981208777,1000,0.022,200.0,-974.2377120289701,12288,0,0,uniform=6246;sir=6050,106.1408019065857,7e99f75
var_low,1162,2211840,264,0.11363636363636363,200.0,-1125.1764911664177,1000,0.0,200.0,-1071.0708909697153,1000,0.001,200.0,-1080.9925973865418,12288,0,0,uniform=6246;sir=6050,106.1408019065857,7e99f75
var_low,1162,2457600,264,0.5189393939393939,200.0,-515.350853139581,1000,0.083,200.0,-953.9743644431792,1000,0.085,200.0,-948.7144187396467,12288,0,0,uniform=6246;sir=6050,106.1408019065857,7e99f75
var_low,1163,0,264,0.0,200.0,-1388.4759094980695,1000,0.0,200.0,-1336.9457309178179,1000,0.0,200.0,-1340.83681037105,12288,0,0,uniform=6114;sir=6182,108.3088870048523,7e99f75
var_low,1163,245760,264,0.0,200.0,-775.9339237994504,1000,0.0,200.0,-970.0839657855878,1000,0.0,200.0,-976.6248694667318,12288,0,0,uniform=6114;sir=6182,108.3088870048523,7e99f75
var_low,1163,491520,264,0.14015151515151514,200.0,-837.3729198167766,1000,0.01,200.0,-1062.5392341091842,1000,0.011,200.0,-1070.9179239131604,12288,0,0,uniform=6114;sir=6182,108.3088870048523,7e99f75
var_low,1163,737280,264,0.030303030303030304,200.0,-1049.41282005221,1000,0.001,200.0,-1048.988916875483,1000,0.0,200.0,-1054.0187495895811,12288,0,0,uniform=6114;sir=6182,108.3088870048523,7e99f75
var_low,1163,983040,264,0.030303030303030304,200.0,-936.8053907730555,1000,0.001,200.0,-1013.669830151729,1000,0.001,200.0,-1024.3103229455164,12288,0,0,uniform=6114;sir=6182,108.3088870048523,7e99f75
var_low,1163,1228800,264,0.0,200.0,-1246.664568264656,1000,0.0,200.0,-1026.0485004198827,1000,0.0,200.0,-1036.8685749999286,12288,0,0,uniform=6114;sir=6182,108.3088870048523,7e99f75
var_low,1163,1474560,264,0.0,200.0,-887.1731877411091,1000,0.0,200.0,-1014.8034964599156,1000,0.0,200.0,-1018.2450203875219,12288,0,0,uniform=6114;sir=6182,108.3088870048523,7e99f75
var_low,1163,1720320,264,0.42045454545454547,200.0,-578.9138887141258,1000,0.044,200.0,-983.293029987494,1000,0.046,200.0,-979.883383035932,12288,0,0,uniform=6114;sir=6182,108.3088870048523,7e99f75
var_low,1163,1966080,264,0.06818181818181818,200.0,-939.7865886986243,1000,0.0,200.0,-999.9351706209901,1000,0.001,200.0,-1006.5314639708788,12288,0,0,uniform=6114;sir=6182,108.3088870048523,7e99f75
var_low,1163,2211840,264,0.45075757575757575,200.0,-538.8472451425846,1000,0.04,200.0,-946.852315570424,1000,0.032,200.0,-958.8744508517952,12288,0,0,uniform=6114;sir=6182,108.3088870048523,7e99f75
var_low,1163,2457600,264,0.5227272727272727,200.0,-533.6812437400398,1000,0.074,200.0,-941.5616772360586,1000,0.073,200.0,-949.2846811073294,12288,0,0,uniform=6114;sir=6182,108.3088870048523,7e99f75
var_low,1164,0,264,0.0,200.0,-1284.251982800041,1000,0.0,200.0,-1287.1224919265642,1000,0.0,200.0,-1288.94222593487,12288,0,0,uniform=6136;sir=6160,108.36443376541138,7e99f75
var_low,1164,245760,264,0.01893939393939394,200.0,-889.4645060180704,1000,0.0,200.0,-990.8587651479525,1000,0.0,200.0,-999.2891261804281,12288,0,0,uniform=6136;sir=6160,108.36443376541138,7e99f75
var_low,1164,491520,264,0.0,200.0,-871.4718083721705,1000,0.0,200.0,-1092.8695892639807,1000,0.0,200.0,-1098.3342293322428,12288,0,0,uniform=6136;sir=6160,108.36443376541138,7e99f75
var_low,1164,737280,264,0.17424242424242425,200.0,-715.0652115757401,1000,0.006,200.0,-994.2700947113524,1000,0.005,200.0,-995.2440688638192,12288,0,0,uniform=6136;sir=6160,108.36443376541138,7e99f75
var_low,1164,983040,264,0.022727272727272728,200.0,-1055.7982083329098,1000,0.0,200.0,-1017.8946110523763,1000,0.0,200.0,-1025.7725866986505,12288,0,0,uniform=6136;sir=6160,108.36443376541138,7e99f75
var_low,1164,1228800,264,0.3484848484848485,200.0,-552.0520724519147,1000,0.012,200.0,-965.3908085617064,1000,0.009,200.0,-971.9731201588274,12288,0,0,uniform=6136;sir=6160,108.36443376541138,7e99f75
var_low,1164,1474560,264,0.056818181818181816,200.0,-1040.2451557467623,1000,0.001,200.0,-1024.9940645788145,1000,0.0,200.0,-1030.7689440618542,12288,0,0,uniform=6136;sir=6160,108.36443376541138,7e99f75
var_low,1164,1720320,264,0.25,200.0,-804.1633417339979,1000,0.007,200.0,-1020.7901399415223,1000,0.009,200.0,-1027.2659233015675,12288,0,0,uniform=6136;sir=6160,108.36443376541138,7e99f75
var_low,1164,1966080,264,0.571969696969697,200.0,-466.15219459469927,1000,0.086,200.0,-987.0000584401726,1000,0.093,200.0,-988.9895320483533,12288,0,0,uniform=6136;sir=6160,108.36443376541138,7e99f75
var_low,1164,2211840,264,0.4734848484848485,200.0,-602.5448360713384,1000,0.022,200.0,-1045.1481130049776,1000,0.019,200.0,-1052.5549981988363,12288,0,0,uniform=6136;sir=6160,108.36443376541138,7e99f75
var_low,1164,2457600,264,0.5757575757575758,200.0,-497.09743736638484,1000,0.101,200.0,-987.7849474822154,1000,0.104,200.0,-994.0276734233178,12288,0,0,uniform=6136;sir=6160,108.36443376541138,7e99f75
var_low,1165,0,264,0.0,200.0,-1237.0780521719585,1000,0.0,200.0,-1220.6101155624963,1000,0.0,200.0,-1227.407307617912,12288,0,0,uniform=6217;sir=6079,108.63036918640137,7e99f75
var_low,1165,245760,264,0.16666666666666666,200.0,-863.820377779378,1000,0.005,200.0,-1079.7199332086786,1000,0.005,200.0,-1088.2788427340956,12288,0,0,uniform=6217;sir=6079,108.63036918640137,7e99f75
var_low,1165,491520,264,0.39015151515151514,200.0,-767.1696172618375,1000,0.01,200.0,-1196.687075230053,1000,0.009,200.0,-1204.1573493397418,12288,0,0,uniform=6217;sir=6079,108.63036918640137,7e99f75
var_low,1165,737280,264,0.0946969696969697,200.0,-749.0510473698091,1000,0.005,200.0,-1035.4366641657293,1000,0.003,200.0,-1042.3310006848303,12288,0,0,uniform=6217;sir=6079,108.63036918640137,7e99f75
var_low,1165,983040,264,0.3333333333333333,200.0,-755.4886540599489,1000,0.028,200.0,-1095.4517033589602,1000,0.033,200.0,-1095.041008003835,12288,0,0,uniform=6217;sir=6079,108.63036918640137,7e99f75
var_low,1165,1228800,264,0.1856060606060606,200.0,-663.333014650851,1000,0.004,200.0,-1015.2266021393347,1000,0.006,200.0,-1026.0874111988028,12288,0,0,uniform=6217;sir=6079,108.63036918640137,7e99f75
var_low,1165,1474560,264,0.44696969696969696,200.0,-563.7154618733705,1000,0.042,200.0,-1008.4065018770837,1000,0.046,200.0,-1013.9069914114597,12288,0,0,uniform=6217;sir=6079,108.63036918640137,7e99f75
var_low,1165,1720320,264,0.5568181818181818,200.0,-479.9384779620592,1000,0.052,200.0,-996.1693575307653,1000,0.053,200.0,-1001.6516979613345,12288,0,0,uniform=6217;sir=6079,108.63036918640137,7e99f75
var_low,1165,1966080,264,0.553030303030303,200.0,-546.5451053077489,1000,0.055,200.0,-1032.219152786311,1000,0.069,200.0,-1030.3807726006858,12288,0,0,uniform=6217;sir=6079,108.63036918640137,7e99f75
var_low,1165,2211840,264,0.6666666666666666,200.0,-473.6077225807441,1000,0.142,200.0,-993.3059549157276,1000,0.14,200.0,-994.4529957889189,12288,0,0,uniform=6217;sir=6079,108.63036918640137,7e99f75
var_low,1165,2457600,264,0.625,200.0,-506.58899102574156,1000,0.147,200.0,-997.7382526666047,1000,0.145,200.0,-999.1338941876488,12288,0,0,uniform=6217;sir=6079,108.63036918640137,7e99f75
var_low,1166,0,264,0.0,200.0,-1234.4743248179495,1000,0.0,200.0,-1209.7343456706135,1000,0.0,200.0,-1214.0863905467775,12288,0,0,uniform=6117;sir=6179,108.79858088493347,7e99f75
var_low,1166,245760,264,0.0,200.0,-1261.3582681154217,1000,0.0,200.0,-1034.9488424203887,1000,0.0,200.0,-1048.8655618510065,12288,0,0,uniform=6117;sir=6179,108.79858088493347,7e99f75
var_low,1166,491520,264,0.0,200.0,-1060.629524950025,1000,0.0,200.0,-1007.8229049544778,1000,0.001,200.0,-1010.2539007069438,12288,0,0,uniform=6117;sir=6179,108.79858088493347,7e99f75
var_low,1166,737280,264,0.42045454545454547,200.0,-562.9563172870403,1000,0.028,200.0,-995.2143497264409,1000,0.028,200.0,-1002.1031595407113,12288,0,0,uniform=6117;sir=6179,108.79858088493347,7e99f75
var_low,1166,983040,264,0.3977272727272727,200.0,-637.9148801219067,1000,0.016,200.0,-1082.4427226017144,1000,0.016,200.0,-1085.6270270356274,12288,0,0,uniform=6117;sir=6179,108.79858088493347,7e99f75
var_low,1166,1228800,264,0.3712121212121212,200.0,-639.0546021043688,1000,0.013,200.0,-1043.850007988569,1000,0.023,200.0,-1038.0444821349095,12288,0,0,uniform=6117;sir=6179,108.79858088493347,7e99f75
var_low,1166,1474560,264,0.32575757575757575,200.0,-676.3714379300094,1000,0.009,200.0,-1014.8401859976517,1000,0.009,200.0,-1020.8685700993866,12288,0,0,uniform=6117;sir=6179,108.79858088493347,7e99f75
var_low,1166,1720320,264,0.4621212121212121,200.0,-672.9524024999363,1000,0.037,200.0,-1057.8302100091537,1000,0.037,200.0,-1062.6451780760408,12288,0,0,uniform=6117;sir=6179,108.79858088493347,7e99f75
var_low,1166,1966080,264,0.5871212121212122,200.0,-537.9016377428766,1000,0.106,200.0,-1032.4601686390458,1000,0.096,200.0,-1040.1234152539005,12288,0,0,uniform=6117;sir=6179,108.79858088493347,7e99f75
var_low,1166,2211840,264,0.49242424242424243,200.0,-652.5956787336377,1000,0.085,200.0,-1049.1192735551451,1000,0.082,200.0,-1054.1866442978587,12288,0,0,uniform=6117;sir=6179,108.79858088493347,7e99f75
var_low,1166,2457600,264,0.5606060606060606,200.0,-583.038868832222,1000,0.109,200.0,-1044.8835922030266,1000,0.115,200.0,-1050.565723183316,12288,0,0,uniform=6117;sir=6179,108.79858088493347,7e99f75
var_low,1167,0,264,0.0,200.0,-1538.5440171527214,1000,0.0,200.0,-1283.9212260672098,1000,0.0,200.0,-1290.4315744025223,12288,0,0,uniform=6100;sir=6196,109.76865696907043,7e99f75
var_low,1167,245760,264,0.3787878787878788,200.0,-668.4217536765261,1000,0.028,200.0,-1057.6331927641234,1000,0.026,200.0,-1061.0697167407857,12288,0,0,uniform=6100;sir=6196,109.76865696907043,7e99f75
var_low,1167,491520,264,0.38257575757575757,200.0,-803.4170138512965,1000,0.009,200.0,-1227.4216883257654,1000,0.009,200.0,-1231.8719875141533,12288,0,0,uniform=6100;sir=6196,109.76865696907043,7e99f75
var_low,1167,737280,264,0.0,200.0,-1266.8252159607885,1000,0.0,200.0,-1062.2945976267663,1000,0.0,200.0,-1064.5936819222802,12288,0,0,uniform=6100;sir=6196,109.76865696907043,7e99f75
var_low,1167,983040,264,0.3522727272727273,200.0,-619.5973679293066,1000,0.022,200.0,-1025.029303932232,1000,0.015,200.0,-1030.88073211566,12288,0,0,uniform=6100;sir=6196,109.76865696907043,7e99f75
var_low,1167,1228800,264,0.14015151515151514,200.0,-857.292958527954,1000,0.003,200.0,-1050.6599394531306,1000,0.004,200.0,-1057.0163301750852,12288,0,0,uniform=6100;sir=6196,109.76865696907043,7e99f75
var_low,1167,1474560,264,0.4393939393939394,200.0,-556.6109387781202,1000,0.032,200.0,-1018.0046168877948,1000,0.025,200.0,-1028.2313464087918,12288,0,0,uniform=6100;sir=6196,109.76865696907043,7e99f75
var_low,1167,1720320,264,0.5265151515151515,200.0,-496.89017850381697,1000,0.074,200.0,-941.6231750005295,1000,0.053,200.0,-960.9967755495567,12288,0,0,uniform=6100;sir=6196,109.76865696907043,7e99f75
var_low,1167,1966080,264,0.7651515151515151,200.0,-314.8014795360352,1000,0.154,200.0,-887.4901658947963,1000,0.151,200.0,-882.7661126246219,12288,0,0,uniform=6100;sir=6196,109.76865696907043,7e99f75
var_low,1167,2211840,264,0.7878787878787878,200.0,-306.62363757367785,1000,0.214,200.0,-837.5169014476617,1000,0.232,200.0,-837.0053699889439,12288,0,0,uniform=6100;sir=6196,109.76865696907043,7e99f75
var_low,1167,2457600,264,0.8295454545454546,200.0,-278.51410038472886,1000,0.235,200.0,-816.4852172574023,1000,0.225,200.0,-826.8907734781405,12288,0,0,uniform=6100;sir=6196,109.76865696907043,7e99f75
var_low,1168,0,264,0.0,200.0,-1381.63192492099,1000,0.0,200.0,-1335.7572027462752,1000,0.0,200.0,-1339.8288522666487,12288,0,0,uniform=6178;sir=6118,109.9725730419159,7e99f75
var_low,1168,245760,264,0.0,200.0,-961.7960793577897,1000,0.0,200.0,-1118.0533175641526,1000,0.0,200.0,-1121.0018942994323,12288,0,0,uniform=6178;sir=6118,109.9725730419159,7e99f75
var_low,1168,491520,264,0.0,200.0,-995.4790856689233,1000,0.0,200.0,-1047.3416319219143,1000,0.0,200.0,-1050.1458696603227,12288,0,0,uniform=6178;sir=6118,109.9725730419159,7e99f75
var_low,1168,737280,264,0.0,200.0,-848.5747787361726,1000,0.0,200.0,-997.8576062595807,1000,0.0,200.0,-1006.7132978233718,12288,0,0,uniform=6178;sir=6118,109.9725730419159,7e99f75
var_low,1168,983040,264,0.03409090909090909,200.0,-961.5278248935467,1000,0.006,200.0,-1020.7966209718953,1000,0.006,200.0,-1027.171873747065,12288,0,0,uniform=6178;sir=6118,109.9725730419159,7e99f75
var_low,1168,1228800,264,0.3068181818181818,200.0,-689.4590043292769,1000,0.01,200.0,-1054.4835210612978,1000,0.012,200.0,-1056.5844923944514,12288,0,0,uniform=6178;sir=6118,109.9725730419159,7e99f75
var_low,1168,1474560,264,0.10606060606060606,200.0,-931.2470349588117,1000,0.001,200.0,-1031.8113767888763,1000,0.0,200.0,-1040.769115199613,12288,0,0,uniform=6178;sir=6118,109.9725730419159,7e99f75
var_low,1168,1720320,264,0.026515151515151516,200.0,-1066.926517231531,1000,0.002,200.0,-1042.2619949956686,1000,0.0,200.0,-1053.429387877072,12288,0,0,uniform=6178;sir=6118,109.9725730419159,7e99f75
var_low,1168,1966080,264,0.36742424242424243,200.0,-698.814203503644,1000,0.015,200.0,-1028.6984588283235,1000,0.01,200.0,-1037.4102047613005,12288,0,0,uniform=6178;sir=6118,109.9725730419159,7e99f75
var_low,1168,2211840,264,0.4696969696969697,200.0,-642.4579328514517,1000,0.046,200.0,-1004.6955788232316,1000,0.044,200.0,-1021.002529956712,12288,0,0,uniform=6178;sir=6118,109.9725730419159,7e99f75
var_low,1168,2457600,264,0.7234848484848485,200.0,-375.38237937172744,1000,0.093,200.0,-967.3153276339947,1000,0.115,200.0,-959.1070792824452,12288,0,0,uniform=6178;sir=6118,109.9725730419159,7e99f75
var_low,1169,0,264,0.0,200.0,-1424.8373399636848,1000,0.0,200.0,-1371.7923803875549,1000,0.0,200.0,-1379.0272711104856,12288,0,0,uniform=6063;sir=6233,111.27952694892883,7e99f75
var_low,1169,245760,264,0.0,200.0,-838.1487177889596,1000,0.0,200.0,-1007.8499349753816,1000,0.001,200.0,-1011.120505756893,12288,0,0,uniform=6063;sir=6233,111.27952694892883,7e99f75
var_low,1169,491520,264,0.29924242424242425,200.0,-843.0156926876115,1000,0.007,200.0,-1177.4132836780473,1000,0.011,200.0,-1180.0895116092672,12288,0,0,uniform=6063;sir=6233,111.27952694892883,7e99f75
var_low,1169,737280,264,0.0,200.0,-916.7638889228657,1000,0.0,200.0,-1085.6144421057627,1000,0.0,200.0,-1092.8428903613715,12288,0,0,uniform=6063;sir=6233,111.27952694892883,7e99f75
var_low,1169,983040,264,0.2840909090909091,200.0,-792.1356871014202,1000,0.0,200.0,-1141.2470408853246,1000,0.0,200.0,-1148.1793611147882,12288,0,0,uniform=6063;sir=6233,111.27952694892883,7e99f75
var_low,1169,1228800,264,0.003787878787878788,200.0,-814.8244167901845,1000,0.0,200.0,-999.4816437708538,1000,0.0,200.0,-996.9493115013821,12288,0,0,uniform=6063;sir=6233,111.27952694892883,7e99f75
var_low,1169,1474560,264,0.3409090909090909,200.0,-616.7760076815154,1000,0.021,200.0,-1000.979140600051,1000,0.022,200.0,-1002.4984730701167,12288,0,0,uniform=6063;sir=6233,111.27952694892883,7e99f75
var_low,1169,1720320,264,0.4810606060606061,200.0,-524.69917689023,1000,0.022,200.0,-1016.4433410137822,1000,0.021,200.0,-1017.0578115016434,12288,0,0,uniform=6063;sir=6233,111.27952694892883,7e99f75
var_low,1169,1966080,264,0.571969696969697,200.0,-493.7978663285334,1000,0.116,200.0,-991.1257756767274,1000,0.138,200.0,-985.2166330054198,12288,0,0,uniform=6063;sir=6233,111.27952694892883,7e99f75
var_low,1169,2211840,264,0.5227272727272727,200.0,-613.670245261941,1000,0.09,200.0,-999.1091539562458,1000,0.084,200.0,-1005.721035582909,12288,0,0,uniform=6063;sir=6233,111.27952694892883,7e99f75
var_low,1169,2457600,264,0.7234848484848485,200.0,-378.08619178570814,1000,0.191,200.0,-905.2805409088659,1000,0.172,200.0,-916.0480465773256,12288,0,0,uniform=6063;sir=6233,111.27952694892883,7e99f75
var_low,1170,0,264,0.20075757575757575,200.0,-1039.6728160236016,1000,0.021,200.0,-1275.0262144447559,1000,0.023,200.0,-1276.7538619449804,12288,0,0,uniform=6263;sir=6033,111.24940705299377,7e99f75
var_low,1170,245760,264,0.25,200.0,-820.6892589013174,1000,0.014,200.0,-1130.7294569966386,1000,0.016,200.0,-1138.792867730895,12288,0,0,uniform=6263;sir=6033,111.24940705299377,7e99f75
var_low,1170,491520,264,0.030303030303030304,200.0,-759.5361050482011,1000,0.001,200.0,-1049.0181664089603,1000,0.001,200.0,-1059.808393098092,12288,0,0,uniform=6263;sir=6033,111.24940705299377,7e99f75
var_low,1170,737280,264,0.0,200.0,-983.499758980229,1000,0.0,200.0,-996.941904522813,1000,0.0,200.0,-1005.2301555128618,12288,0,0,uniform=6263;sir=6033,111.24940705299377,7e99f75
var_low,1170,983040,264,0.0,200.0,-1170.9661240504468,1000,0.0,200.0,-1026.4342798341272,1000,0.0,200.0,-1033.2492336928221,12288,0,0,uniform=6263;sir=6033,111.24940705299377,7e99f75
var_low,1170,1228800,264,0.003787878787878788,200.0,-1042.8267765367877,1000,0.0,200.0,-1007.0433124275835,1000,0.0,200.0,-1014.9132814261059,12288,0,0,uniform=6263;sir=6033,111.24940705299377,7e99f75
var_low,1170,1474560,264,0.4166666666666667,200.0,-547.6834655532535,1000,0.032,200.0,-957.2852894262654,1000,0.028,200.0,-963.6370521694824,12288,0,0,uniform=6263;sir=6033,111.24940705299377,7e99f75
var_low,1170,1720320,264,0.3522727272727273,200.0,-714.4195214420803,1000,0.023,200.0,-1003.1703238709498,1000,0.018,200.0,-1012.5497410893806,12288,0,0,uniform=6263;sir=6033,111.24940705299377,7e99f75
var_low,1170,1966080,264,0.49242424242424243,200.0,-548.1715568996651,1000,0.047,200.0,-995.3175656054369,1000,0.044,200.0,-1004.5509341154916,12288,0,0,uniform=6263;sir=6033,111.24940705299377,7e99f75
var_low,1170,2211840,264,0.5303030303030303,200.0,-569.673612170246,1000,0.052,200.0,-1000.8236916266752,1000,0.061,200.0,-1009.1113887302811,12288,0,0,uniform=6263;sir=6033,111.24940705299377,7e99f75
var_low,1170,2457600,264,0.625,200.0,-471.3031728004495,1000,0.114,200.0,-951.279497060388,1000,0.108,200.0,-957.8752525928111,12288,0,0,uniform=6263;sir=6033,111.24940705299377,7e99f75
var_low,1171,0,264,0.0,200.0,-1471.1175346645402,1000,0.0,200.0,-1451.484060144718,1000,0.0,200.0,-1456.2234588350655,12288,0,0,uniform=6130;sir=6166,111.34350800514221,7e99f75
var_low,1171,245760,264,0.08712121212121213,200.0,-984.8661507685965,1000,0.001,200.0,-1185.9369039674825,1000,0.002,200.0,-1189.9515321945655,12288,0,0,uniform=6130;sir=6166,111.34350800514221,7e99f75
var_low,1171,491520,264,0.07954545454545454,200.0,-950.5109677620042,1000,0.003,200.0,-1177.0642906025028,1000,0.003,200.0,-1181.2489652777692,12288,0,0,uniform=6130;sir=6166,111.34350800514221,7e99f75
var_low,1171,737280,264,0.0,200.0,-1314.4594515535018,1000,0.0,200.0,-1062.0118931019394,1000,0.0,200.0,-1071.8697861378469,12288,0,0,uniform=6130;sir=6166,111.34350800514221,7e99f75
var_low,1171,983040,264,0.2159090909090909,200.0,-718.3047717714387,1000,0.008,200.0,-1005.0576820650505,1000,0.004,200.0,-1012.9591534936928,12288,0,0,uniform=6130;sir=6166,111.34350800514221,7e99f75
var_low,1171,1228800,264,0.3484848484848485,200.0,-627.368738449755,1000,0.042,200.0,-967.3447024855989,1000,0.037,200.0,-969.715073615889,12288,0,0,uniform=6130;sir=6166,111.34350800514221,7e99f75
var_low,1171,1474560,264,0.1856060606060606,200.0,-897.6296575244262,1000,0.005,200.0,-1028.6739581512002,1000,0.005,200.0,-1037.1493387859637,12288,0,0,uniform=6130;sir=6166,111.34350800514221,7e99f75
var_low,1171,1720320,264,0.36363636363636365,200.0,-659.3035452538827,1000,0.006,200.0,-1036.7191619023806,1000,0.01,200.0,-1041.6287378048416,12288,0,0,uniform=6130;sir=6166,111.34350800514221,7e99f75
var_low,1171,1966080,264,0.375,200.0,-731.8860366166407,1000,0.021,200.0,-1043.7287019513421,1000,0.022,200.0,-1053.6101538652451,12288,0,0,uniform=6130;sir=6166,111.34350800514221,7e99f75
var_low,1171,2211840,264,0.5606060606060606,200.0,-535.6573796554104,1000,0.074,200.0,-993.9921145216352,1000,0.059,200.0,-1003.8769407073833,12288,0,0,uniform=6130;sir=6166,111.34350800514221,7e99f75
var_low,1171,2457600,264,0.49242424242424243,200.0,-641.9182069824359,1000,0.062,200.0,-1075.8231918326874,1000,0.069,200.0,-1082.423008303057,12288,0,0,uniform=6130;sir=6166,111.34350800514221,7e99f75
var_low,1172,0,264,0.0,200.0,-1428.958485951676,1000,0.0,200.0,-1213.1944799898954,1000,0.0,200.0,-1219.1148752122142,12288,0,0,uniform=6182;sir=6114,111.62814402580261,7e99f75
var_low,1172,245760,264,0.0,200.0,-1222.1322061395244,1000,0.001,200.0,-1097.0524572829124,1000,0.0,200.0,-1105.2435068399357,12288,0,0,uniform=6182;sir=6114,111.62814402580261,7e99f75
var_low,1172,491520,264,0.09090909090909091,200.0,-856.6147248338349,1000,0.0,200.0,-1113.9289411055763,1000,0.002,200.0,-1119.7342367162923,12288,0,0,uniform=6182;sir=6114,111.62814402580261,7e99f75
var_low,1172,737280,264,0.24242424242424243,200.0,-729.8701655171662,1000,0.002,200.0,-1065.35580772752,1000,0.002,200.0,-1072.3273541678157,12288,0,0,uniform=6182;sir=6114,111.62814402580261,7e99f75
var_low,1172,983040,264,0.0,200.0,-768.3980900926675,1000,0.0,200.0,-974.8751301863748,1000,0.0,200.0,-980.6077991827617,12288,0,0,uniform=6182;sir=6114,111.62814402580261,7e99f75
var_low,1172,1228800,264,0.0,200.0,-1060.8979177313945,1000,0.001,200.0,-1002.8423141162993,1000,0.0,200.0,-1010.0695539660926,12288,0,0,uniform=6182;sir=6114,111.62814402580261,7e99f75
var_low,1172,1474560,264,0.0,200.0,-980.9321176063496,1000,0.0,200.0,-987.5257384455244,1000,0.001,200.0,-996.5022596207245,12288,0,0,uniform=6182;sir=6114,111.62814402580261,7e99f75
var_low,1172,1720320,264,0.2537878787878788,200.0,-798.2394868821549,1000,0.005,200.0,-1019.635798253105,1000,0.007,200.0,-1025.144225398081,12288,0,0,uniform=6182;sir=6114,111.62814402580261,7e99f75
var_low,1172,1966080,264,0.5227272727272727,200.0,-533.5067492609214,1000,0.019,200.0,-1034.162438831158,1000,0.018,200.0,-1040.8239890506975,12288,0,0,uniform=6182;sir=6114,111.62814402580261,7e99f75
var_low,1172,2211840,264,0.5416666666666666,200.0,-580.2282029160328,1000,0.065,200.0,-1031.6156100946766,1000,0.077,200.0,-1032.8505953539295,12288,0,0,uniform=6182;sir=6114,111.62814402580261,7e99f75
var_low,1172,2457600,264,0.6325757575757576,200.0,-475.3166399694548,1000,0.114,200.0,-1001.6802743166222,1000,0.128,200.0,-1003.7645682881467,12288,0,0,uniform=6182;sir=6114,111.62814402580261,7e99f75
var_low,1173,0,264,0.0,200.0,-1406.5707205016013,1000,0.0,200.0,-1181.9531060436418,1000,0.0,200.0,-1195.0870339143676,12288,0,0,uniform=6176;sir=6120,114.23451113700867,7e99f75
var_low,1173,245760,264,0.0,200.0,-1302.8718416842607,1000,0.0,200.0,-1082.5302679406213,1000,0.0,200.0,-1091.4231228123385,12288,0,0,uniform=6176;sir=6120,114.23451113700867,7e99f75
var_low,1173,491520,264,0.0,200.0,-1260.5549531079453,1000,0.0,200.0,-1048.234953188713,1000,0.0,200.0,-1055.7775793571234,12288,0,0,uniform=6176;sir=6120,114.23451113700867,7e99f75
var_low,1173,737280,264,0.20075757575757575,200.0,-721.5034640142115,1000,0.03,200.0,-1037.5039365816685,1000,0.031,200.0,-1046.617480710051,12288,0,0,uniform=6176;sir=6120,114.23451113700867,7e99f75
var_low,1173,983040,264,0.10606060606060606,200.0,-749.4674449728619,1000,0.002,200.0,-996.0644880724964,1000,0.0,200.0,-1004.3531179774247,12288,0,0,uniform=6176;sir=6120,114.23451113700867,7e99f75
var_low,1173,1228800,264,0.11363636363636363,200.0,-812.7222439072593,1000,0.0,200.0,-993.6917830615587,1000,0.0,200.0,-999.481128342872,12288,0,0,uniform=6176;sir=6120,114.23451113700867,7e99f75
var_low,1173,1474560,264,0.10227272727272728,200.0,-917.7057856299853,1000,0.005,200.0,-997.1617813790224,1000,0.004,200.0,-994.3980051242029,12288,0,0,uniform=6176;sir=6120,114.23451113700867,7e99f75
var_low,1173,1720320,264,0.0,200.0,-1141.0993845077792,1000,0.0,200.0,-1022.4503862325854,1000,0.0,200.0,-1023.342922653392,12288,0,0,uniform=6176;sir=6120,114.23451113700867,7e99f75
var_low,1173,1966080,264,0.3939393939393939,200.0,-576.3160295610768,1000,0.015,200.0,-988.4067380165646,1000,0.013,200.0,-995.5951181003512,12288,0,0,uniform=6176;sir=6120,114.23451113700867,7e99f75
var_low,1173,2211840,264,0.45075757575757575,200.0,-511.33854851728603,1000,0.036,200.0,-956.7854120462505,1000,0.023,200.0,-965.667938257508,12288,0,0,uniform=6176;sir=6120,114.23451113700867,7e99f75
var_low,1173,2457600,264,0.6136363636363636,200.0,-429.86782190446706,1000,0.048,200.0,-956.5218730669677,1000,0.046,200.0,-964.3100021654113,12288,0,0,uniform=6176;sir=6120,114.23451113700867,7e99f75
var_low,1174,0,264,0.0,200.0,-1390.2043499537813,1000,0.0,200.0,-1291.4123663773044,1000,0.0,200.0,-1298.8432107661017,12288,0,0,uniform=6126;sir=6170,114.56518983840942,7e99f75
var_low,1174,245760,264,0.0,200.0,-884.2062212532745,1000,0.0,200.0,-1054.617976140712,1000,0.0,200.0,-1063.5719729180557,12288,0,0,uniform=6126;sir=6170,114.56518983840942,7e99f75
var_low,1174,491520,264,0.2689393939393939,200.0,-889.4496216348746,1000,0.015,200.0,-1184.5249390173183,1000,0.019,200.0,-1187.9313947632231,12288,0,0,uniform=6126;sir=6170,114.56518983840942,7e99f75
var_low,1174,737280,264,0.0,200.0,-1032.9473751816245,1000,0.0,200.0,-1029.708508440023,1000,0.0,200.0,-1038.9890159061827,12288,0,0,uniform=6126;sir=6170,114.56518983840942,7e99f75
var_low,1174,983040,264,0.3560606060606061,200.0,-750.816108699051,1000,0.025,200.0,-1124.9069233722594,1000,0.026,200.0,-1132.0236440112842,12288,0,0,uniform=6126;sir=6170,114.56518983840942,7e99f75
var_low,1174,1228800,264,0.14015151515151514,200.0,-715.0906024501054,1000,0.005,200.0,-1040.868043477624,1000,0.001,200.0,-1051.1263684739465,12288,0,0,uniform=6126;sir=6170,114.56518983840942,7e99f75
var_low,1174,1474560,264,0.3371212121212121,200.0,-637.1733213265468,1000,0.01,200.0,-1030.4768794927095,1000,0.015,200.0,-1036.1180631191967,12288,0,0,uniform=6126;sir=6170,114.56518983840942,7e99f75
var_low,1174,1720320,264,0.4621212121212121,200.0,-584.4879871236739,1000,0.041,200.0,-1049.0691969231552,1000,0.043,200.0,-1058.976081659405,12288,0,0,uniform=6126;sir=6170,114.56518983840942,7e99f75
var_low,1174,1966080,264,0.5681818181818182,200.0,-516.9576677356986,1000,0.086,200.0,-1025.1497374301314,1000,0.067,200.0,-1038.8299994264723,12288,0,0,uniform=6126;sir=6170,114.56518983840942,7e99f75
var_low,1174,2211840,264,0.7424242424242424,200.0,-359.0137826189075,1000,0.209,200.0,-921.7844103063964,1000,0.2,200.0,-920.1146678752979,12288,0,0,uniform=6126;sir=6170,114.56518983840942,7e99f75
var_low,1174,2457600,264,0.6212121212121212,200.0,-517.0088923392632,1000,0.138,200.0,-1009.1543540112594,1000,0.14,200.0,-1014.1185086435289,12288,0,0,uniform=6126;sir=6170,114.56518983840942,7e99f75
var_low,1175,0,264,0.0,200.0,-1473.1330954786924,1000,0.0,200.0,-1240.9072329790072,1000,0.0,200.0,-1244.3969021371863,12288,0,0,uniform=6056;sir=6240,115.9085488319397,7e99f75
var_low,1175,245760,264,0.0,200.0,-1046.3751540451228,1000,0.001,200.0,-1033.0288573406137,1000,0.001,200.0,-1036.2739909674485,12288,0,0,uniform=6056;sir=6240,115.9085488319397,7e99f75
var_low,1175,491520,264,0.0,200.0,-1203.918535616318,1000,0.0,200.0,-1131.9052769543976,1000,0.0,200.0,-1133.259846259866,12288,0,0,uniform=6056;sir=6240,115.9085488319397,7e99f75
var_low,1175,737280,264,0.17045454545454544,200.0,-811.65813022398,1000,0.02,200.0,-1017.1166237437828,1000,0.023,200.0,-1023.1892687051214,12288,0,0,uniform=6056;sir=6240,115.9085488319397,7e99f75
var_low,1175,983040,264,0.06060606060606061,200.0,-661.2564436591219,1000,0.002,200.0,-959.4139070232636,1000,0.0,200.0,-966.7113096199231,12288,0,0,uniform=6056;sir=6240,115.9085488319397,7e99f75
var_low,1175,1228800,264,0.10606060606060606,200.0,-723.1272588891148,1000,0.003,200.0,-1041.2599277388972,1000,0.002,200.0,-1053.0292453980253,12288,0,0,uniform=6056;sir=6240,115.9085488319397,7e99f75
var_low,1175,1474560,264,0.4015151515151515,200.0,-608.0830293686544,1000,0.036,200.0,-1026.551057899392,1000,0.043,200.0,-1029.857888139818,12288,0,0,uniform=6056;sir=6240,115.9085488319397,7e99f75
var_low,1175,1720320,264,0.5340909090909091,200.0,-490.20772869911957,1000,0.072,200.0,-949.3416256501156,1000,0.064,200.0,-963.1376085821504,12288,0,0,uniform=6056;sir=6240,115.9085488319397,7e99f75
var_low,1175,1966080,264,0.7045454545454546,200.0,-370.4240391119769,1000,0.154,200.0,-942.6646318921107,1000,0.153,200.0,-942.3939357706475,12288,0,0,uniform=6056;sir=6240,115.9085488319397,7e99f75
var_low,1175,2211840,264,0.696969696969697,200.0,-390.5275990433687,1000,0.218,200.0,-856.3184612149091,1000,0.234,200.0,-852.8806853167448,12288,0,0,uniform=6056;sir=6240,115.9085488319397,7e99f75
var_low,1175,2457600,264,0.75,200.0,-352.59778208057844,1000,0.275,200.0,-812.2980899105623,1000,0.255,200.0,-823.12811869723,12288,0,0,uniform=6056;sir=6240,115.9085488319397,7e99f75
var_low,1176,0,264,0.0,200.0,-1537.566483351238,1000,0.0,200.0,-1294.3500665013619,1000,0.0,200.0,-1300.9641888202862,12288,0,0,uniform=6069;sir=6227,115.91411805152893,7e99f75
var_low,1176,245760,264,0.2537878787878788,200.0,-881.391823352778,1000,0.051,200.0,-1008.6477081373997,1000,0.056,200.0,-999.1918840765321,12288,0,0,uniform=6069;sir=6227,115.91411805152893,7e99f75
var_low,1176,491520,264,0.0,200.0,-844.9525735238237,1000,0.0,200.0,-989.8158736274574,1000,0.0,200.0,-997.6081461611976,12288,0,0,uniform=6069;sir=6227,115.91411805152893,7e99f75
var_low,1176,737280,264,0.0,200.0,-866.9250014983019,1000,0.0,200.0,-1065.4623313223303,1000,0.0,200.0,-1067.458274288232,12288,0,0,uniform=6069;sir=6227,115.91411805152893,7e99f75
var_low,1176,983040,264,0.0,200.0,-961.3208370135974,1000,0.0,200.0,-966.2605561776118,1000,0.0,200.0,-969.5555562176146,12288,0,0,uniform=6069;sir=6227,115.91411805152893,7e99f75
var_low,1176,1228800,264,0.0,200.0,-1340.8400361432277,1000,0.0,200.0,-1082.679793876248,1000,0.0,200.0,-1086.3516080985255,12288,0,0,uniform=6069;sir=6227,115.91411805152893,7e99f75
var_low,1176,1474560,264,0.25,200.0,-666.1361800263264,1000,0.008,200.0,-985.8018264624347,1000,0.006,200.0,-995.9277739167088,12288,0,0,uniform=6069;sir=6227,115.91411805152893,7e99f75
var_low,1176,1720320,264,0.45075757575757575,200.0,-563.8259326126699,1000,0.026,200.0,-1036.7141792932578,1000,0.027,200.0,-1034.7572118602877,12288,0,0,uniform=6069;sir=6227,115.91411805152893,7e99f75
var_low,1176,1966080,264,0.6401515151515151,200.0,-387.1653062718933,1000,0.049,200.0,-944.8707089928803,1000,0.04,200.0,-956.0715074816482,12288,0,0,uniform=6069;sir=6227,115.91411805152893,7e99f75
var_low,1176,2211840,264,0.7954545454545454,200.0,-288.0818896819735,1000,0.145,200.0,-856.9985823207663,1000,0.145,200.0,-869.0598761213898,12288,0,0,uniform=6069;sir=6227,115.91411805152893,7e99f75
var_low,1176,2457600,264,0.6060606060606061,200.0,-472.5482497337574,1000,0.173,200.0,-878.1553022160625,1000,0.145,200.0,-900.4684094820626,12288,0,0,uniform=6069;sir=6227,115.91411805152893,7e99f75
var_low,1177,0,264,0.0,200.0,-1438.8306399295582,1000,0.0,200.0,-1210.6745644591256,1000,0.0,200.0,-1221.3322920836617,12288,0,0,uniform=6140;sir=6156,115.95783019065857,7e99f75
var_low,1177,245760,264,0.0,200.0,-1275.1084723698084,1000,0.0,200.0,-1095.2435561035052,1000,0.0,200.0,-1101.571071223293,12288,0,0,uniform=6140;sir=6156,115.95783019065857,7e99f75
var_low,1177,491520,264,0.0,200.0,-1038.944832374668,1000,0.0,200.0,-986.4902243081631,1000,0.001,200.0,-988.3033477737446,12288,0,0,uniform=6140;sir=6156,115.95783019065857,7e99f75
var_low,1177,737280,264,0.32575757575757575,200.0,-699.5373225676489,1000,0.015,200.0,-1075.5570468409667,1000,0.013,200.0,-1077.9991093718647,12288,0,0,uniform=6140;sir=6156,115.95783019065857,7e99f75
var_low,1177,983040,264,0.3106060606060606,200.0,-608.5253049346506,1000,0.015,200.0,-994.5846506693018,1000,0.017,200.0,-996.8242134147678,12288,0,0,uniform=6140;sir=6156,115.95783019065857,7e99f75
var_low,1177,1228800,264,0.022727272727272728,200.0,-895.7573758772841,1000,0.001,200.0,-1010.0602145037983,1000,0.0,200.0,-1020.4620380348609,12288,0,0,uniform=6140;sir=6156,115.95783019065857,7e99f75
var_low,1177,1474560,264,0.45075757575757575,200.0,-547.9633311722686,1000,0.039,200.0,-1006.4396910499969,1000,0.046,200.0,-1002.0756287079321,12288,0,0,uniform=6140;sir=6156,115.95783019065857,7e99f75
var_low,1177,1720320,264,0.4772727272727273,200.0,-566.2605975325635,1000,0.037,200.0,-1031.4754268382876,1000,0.025,200.0,-1051.1141067183128,12288,0,0,uniform=6140;sir=6156,115.95783019065857,7e99f75
var_low,1177,1966080,264,0.6439393939393939,200.0,-421.23712986509145,1000,0.073,200.0,-994.1616290544779,1000,0.058,200.0,-1012.7787648387686,12288,0,0,uniform=6140;sir=6156,115.95783019065857,7e99f75
var_low,1177,2211840,264,0.7878787878787878,200.0,-321.3441088850643,1000,0.209,200.0,-869.5129115182234,1000,0.216,200.0,-870.7688614891001,12288,0,0,uniform=6140;sir=6156,115.95783019065857,7e99f75
var_low,1177,2457600,264,0.6325757575757576,200.0,-475.8893970459286,1000,0.207,200.0,-883.552359676742,1000,0.213,200.0,-892.9597359360407,12288,0,0,uniform=6140;sir=6156,115.95783019065857,7e99f75
var_low,1178,0,264,0.0,200.0,-1470.659355486014,1000,0.0,200.0,-1212.3750094210027,1000,0.0,200.0,-1221.051775556894,12288,0,0,uniform=6119;sir=6177,116.09104990959167,7e99f75
var_low,1178,245760,264,0.0,200.0,-1059.7773315836723,1000,0.0,200.0,-1073.144757920191,1000,0.0,200.0,-1089.5866132011088,12288,0,0,uniform=6119;sir=6177,116.09104990959167,7e99f75
var_low,1178,491520,264,0.0,200.0,-877.3540504431077,1000,0.0,200.0,-1020.9112780905775,1000,0.0,200.0,-1029.764413682746,12288,0,0,uniform=6119;sir=6177,116.09104990959167,7e99f75
var_low,1178,737280,264,0.21212121212121213,200.0,-754.9813029595531,1000,0.013,200.0,-1061.5193327331688,1000,0.014,200.0,-1067.771508432933,12288,0,0,uniform=6119;sir=6177,116.09104990959167,7e99f75
var_low,1178,983040,264,0.01893939393939394,200.0,-937.1426465585832,1000,0.0,200.0,-1029.6182834676213,1000,0.0,200.0,-1034.8038037893407,12288,0,0,uniform=6119;sir=6177,116.09104990959167,7e99f75
var_low,1178,1228800,264,0.1553030303030303,200.0,-854.1724362057771,1000,0.006,200.0,-1023.073524354252,1000,0.001,200.0,-1029.1887976299474,12288,0,0,uniform=6119;sir=6177,116.09104990959167,7e99f75
var_low,1178,1474560,264,0.2537878787878788,200.0,-794.9806919025657,1000,0.015,200.0,-1017.4234584746275,1000,0.018,200.0,-1016.8991657734769,12288,0,0,uniform=6119;sir=6177,116.09104990959167,7e99f75
var_low,1178,1720320,264,0.2840909090909091,200.0,-897.6877542517102,1000,0.017,200.0,-1063.3866365912347,1000,0.018,200.0,-1066.6298241655174,12288,0,0,uniform=6119;sir=6177,116.09104990959167,7e99f75
var_low,1178,1966080,264,0.5757575757575758,200.0,-469.91017601252247,1000,0.033,200.0,-1025.0387878364093,1000,0.024,200.0,-1038.8175239031623,12288,0,0,uniform=6119;sir=6177,116.09104990959167,7e99f75
var_low,1178,2211840,264,0.5946969696969697,200.0,-520.1483035238284,1000,0.096,200.0,-1042.6510905724517,1000,0.091,200.0,-1046.2904447706921,12288,0,0,uniform=6119;sir=6177,116.09104990959167,7e99f75
var_low,1178,2457600,264,0.6060606060606061,200.0,-502.9843017849822,1000,0.101,200.0,-1040.850060471236,1000,0.102,200.0,-1043.1321176307742,12288,0,0,uniform=6119;sir=6177,116.09104990959167,7e99f75
var_low,1179,0,264,0.0,200.0,-1425.5027834626226,1000,0.0,200.0,-1242.1408896466512,1000,0.0,200.0,-1249.5085415558397,12288,0,0,uniform=6051;sir=6245,115.03894829750061,7e99f75
var_low,1179,245760,264,0.0,200.0,-984.1099649552851,1000,0.0,200.0,-1119.0214717654287,1000,0.0,200.0,-1126.0369886202063,12288,0,0,uniform=6051;sir=6245,115.03894829750061,7e99f75
var_low,1179,491520,264,0.18181818181818182,200.0,-800.3948028397854,1000,0.015,200.0,-1070.4701404779255,1000,0.009,200.0,-1081.1623097658248,12288,0,0,uniform=6051;sir=6245,115.03894829750061,7e99f75
var_low,1179,737280,264,0.0,200.0,-1121.9295750428414,1000,0.0,200.0,-1019.8499306299062,1000,0.0,200.0,-1031.2372131244558,12288,0,0,uniform=6051;sir=6245,115.03894829750061,7e99f75
var_low,1179,983040,264,0.007575757575757576,200.0,-1148.0583562544516,1000,0.0,200.0,-1038.3353939268047,1000,0.001,200.0,-1039.3033677720096,12288,0,0,uniform=6051;sir=6245,115.03894829750061,7e99f75
var_low,1179,1228800,264,0.0,200.0,-898.7430514947531,1000,0.0,200.0,-987.6675221160899,1000,0.0,200.0,-993.2097795167513,12288,0,0,uniform=6051;sir=6245,115.03894829750061,7e99f75
var_low,1179,1474560,264,0.08333333333333333,200.0,-840.1318846420369,1000,0.0,200.0,-1003.0959305095968,1000,0.001,200.0,-1013.044699678777,12288,0,0,uniform=6051;sir=6245,115.03894829750061,7e99f75
var_low,1179,1720320,264,0.3181818181818182,200.0,-667.4641248113255,1000,0.011,200.0,-1008.1987845466421,1000,0.009,200.0,-1021.4759453421037,12288,0,0,uniform=6051;sir=6245,115.03894829750061,7e99f75
var_low,1179,1966080,264,0.38257575757575757,200.0,-689.9869793550088,1000,0.02,200.0,-1025.586803857557,1000,0.016,200.0,-1031.5933849104445,12288,0,0,uniform=6051;sir=6245,115.03894829750061,7e99f75
var_low,1179,2211840,264,0.4356060606060606,200.0,-667.9644185747773,1000,0.029,200.0,-1037.3401110140137,1000,0.031,200.0,-1050.6419940756616,12288,0,0,uniform=6051;sir=6245,115.03894829750061,7e99f75
var_low,1179,2457600,264,0.625,200.0,-453.0398570043292,1000,0.061,200.0,-990.6018459165892,1000,0.071,200.0,-989.75799867357,12288,0,0,uniform=6051;sir=6245,115.03894829750061,7e99f75
var_low,1180,0,264,0.0,200.0,-1470.7045816676691,1000,0.0,200.0,-1482.4085991701495,1000,0.0,200.0,-1488.6761284604063,12288,0,0,uniform=6090;sir=6206,115.2621898651123,7e99f75
var_low,1180,245760,264,0.0,200.0,-980.8699406307478,1000,0.0,200.0,-1006.090668522036,1000,0.0,200.0,-1012.1795036919068,12288,0,0,uniform=6090;sir=6206,115.2621898651123,7e99f75
var_low,1180,491520,264,0.0,200.0,-832.4697072041143,1000,0.0,200.0,-1064.7584586592884,1000,0.0,200.0,-1070.041980837293,12288,0,0,uniform=6090;sir=6206,115.2621898651123,7e99f75
var_low,1180,737280,264,0.17424242424242425,200.0,-712.8750370354865,1000,0.006,200.0,-997.9575791077174,1000,0.003,200.0,-1007.1311036481641,12288,0,0,uniform=6090;sir=6206,115.2621898651123,7e99f75
var_low,1180,983040,264,0.0,200.0,-811.5285314954621,1000,0.0,200.0,-953.8577700520374,1000,0.0,200.0,-961.6705630752737,12288,0,0,uniform=6090;sir=6206,115.2621898651123,7e99f75
var_low,1180,1228800,264,0.2878787878787879,200.0,-582.3751858949871,1000,0.019,200.0,-945.5827177033466,1000,0.015,200.0,-954.1139814879855,12288,0,0,uniform=6090;sir=6206,115.2621898651123,7e99f75
var_low,1180,1474560,264,0.13636363636363635,200.0,-762.3038679728659,1000,0.004,200.0,-966.7757864598951,1000,0.003,200.0,-978.4253803087191,12288,0,0,uniform=6090;sir=6206,115.2621898651123,7e99f75
var_low,1180,1720320,264,0.23863636363636365,200.0,-771.7208429824389,1000,0.007,200.0,-996.0111057208499,1000,0.012,200.0,-999.6451820147225,12288,0,0,uniform=6090;sir=6206,115.2621898651123,7e99f75
var_low,1180,1966080,264,0.4621212121212121,200.0,-619.3989797558962,1000,0.05,200.0,-1007.9075870065233,1000,0.048,200.0,-1015.4329758486145,12288,0,0,uniform=6090;sir=6206,115.2621898651123,7e99f75
var_low,1180,2211840,264,0.5757575757575758,200.0,-533.4001906289752,1000,0.08,200.0,-1032.8445105809087,1000,0.096,200.0,-1025.5471250785577,12288,0,0,uniform=6090;sir=6206,115.2621898651123,7e99f75
var_low,1180,2457600,264,0.6742424242424242,200.0,-443.804974296765,1000,0.171,200.0,-973.4857686517832,1000,0.19,200.0,-977.4279857795848,12288,0,0,uniform=6090;sir=6206,115.2621898651123,7e99f75
var_low,1181,0,264,0.0,200.0,-1225.0213944919014,1000,0.0,200.0,-1201.5413899060777,1000,0.0,200.0,-1212.2693231425606,12288,0,0,uniform=6179;sir=6117,116.69895887374878,7e99f75
var_low,1181,245760,264,0.0,200.0,-1144.9689127226416,1000,0.0,200.0,-1025.6936338614146,1000,0.0,200.0,-1024.185738505842,12288,0,0,uniform=6179;sir=6117,116.69895887374878,7e99f75
var_low,1181,491520,264,0.0,200.0,-1081.673114687685,1000,0.0,200.0,-1059.1588475156818,1000,0.0,200.0,-1060.025486995062,12288,0,0,uniform=6179;sir=6117,116.69895887374878,7e99f75
var_low,1181,737280,264,0.2689393939393939,200.0,-836.3135966308107,1000,0.019,200.0,-1128.6663837373196,1000,0.021,200.0,-1130.1602721752934,12288,0,0,uniform=6179;sir=6117,116.69895887374878,7e99f75
var_low,1181,983040,264,0.38636363636363635,200.0,-634.1013124512665,1000,0.02,200.0,-1046.3044909689604,1000,0.016,200.0,-1054.9134316781488,12288,0,0,uniform=6179;sir=6117,116.69895887374878,7e99f75
var_low,1181,1228800,264,0.0,200.0,-1044.4303136304854,1000,0.0,200.0,-1000.2360748125417,1000,0.0,200.0,-1011.993716455883,12288,0,0,uniform=6179;sir=6117,116.69895887374878,7e99f75
var_low,1181,1474560,264,0.375,200.0,-599.5523806777109,1000,0.017,200.0,-1022.956836019454,1000,0.017,200.0,-1026.4554735898444,12288,0,0,uniform=6179;sir=6117,116.69895887374878,7e99f75
var_low,1181,1720320,264,0.4659090909090909,200.0,-535.6047218847882,1000,0.039,200.0,-1007.0088753597764,1000,0.034,200.0,-1018.4464744083011,12288,0,0,uniform=6179;sir=6117,116.69895887374878,7e99f75
var_low,1181,1966080,264,0.6590909090909091,200.0,-400.5917088083789,1000,0.078,200.0,-998.7958351887337,1000,0.093,200.0,-991.8598572870831,12288,0,0,uniform=6179;sir=6117,116.69895887374878,7e99f75
var_low,1181,2211840,264,0.7424242424242424,200.0,-364.1800435091603,1000,0.183,200.0,-926.6687644111595,1000,0.201,200.0,-922.0819386401332,12288,0,0,uniform=6179;sir=6117,116.69895887374878,7e99f75
var_low,1181,2457600,264,0.7954545454545454,200.0,-316.9316093706632,1000,0.212,200.0,-887.1649441452518,1000,0.209,200.0,-883.6844772185348,12288,0,0,uniform=6179;sir=6117,116.69895887374878,7e99f75
var_low,1182,0,264,0.0,200.0,-1264.8647431388792,1000,0.0,200.0,-1245.7841157298792,1000,0.0,200.0,-1245.7687989550298,12288,0,0,uniform=6116;sir=6180,116.44540309906006,7e99f75
var_low,1182,245760,264,0.0,200.0,-980.8715597511896,1000,0.0,200.0,-1025.5313408224517,1000,0.0,200.0,-1041.308986050756,12288,0,0,uniform=6116;sir=6180,116.44540309906006,7e99f75
var_low,1182,491520,264,0.2537878787878788,200.0,-728.3027348967115,1000,0.04,200.0,-1056.4847687642034,1000,0.032,200.0,-1068.4571164282975,12288,0,0,uniform=6116;sir=6180,116.44540309906006,7e99f75
var_low,1182,737280,264,0.0,200.0,-810.3661928300218,1000,0.001,200.0,-1059.7883779709307,1000,0.0,200.0,-1066.193135779638,12288,0,0,uniform=6116;sir=6180,116.44540309906006,7e99f75
var_low,1182,983040,264,0.375,200.0,-787.2147160755461,1000,0.009,200.0,-1218.8690033620005,1000,0.009,200.0,-1224.416598229749,12288,0,0,uniform=6116;sir=6180,116.44540309906006,7e99f75
var_low,1182,1228800,264,0.3484848484848485,200.0,-799.2773557463461,1000,0.008,200.0,-1201.0014295495987,1000,0.01,200.0,-1206.8599137632582,12288,0,0,uniform=6116;sir=6180,116.44540309906006,7e99f75
var_low,1182,1474560,264,0.026515151515151516,200.0,-722.8702982434814,1000,0.003,200.0,-1028.4153531787636,1000,0.002,200.0,-1034.1646622918402,12288,0,0,uniform=6116;sir=6180,116.44540309906006,7e99f75
var_low,1182,1720320,264,0.09848484848484848,200.0,-890.3155051702704,1000,0.002,200.0,-996.6889459917611,1000,0.002,200.0,-999.3810821822659,12288,0,0,uniform=6116;sir=6180,116.44540309906006,7e99f75
var_low,1182,1966080,264,0.20454545454545456,200.0,-800.6167682994849,1000,0.002,200.0,-1007.6872930533706,1000,0.002,200.0,-1007.8219246773947,12288,0,0,uniform=6116;sir=6180,116.44540309906006,7e99f75
var_low,1182,2211840,264,0.42803030303030304,200.0,-609.7111546150533,1000,0.025,200.0,-997.6669602601812,1000,0.016,200.0,-1008.0357146953161,12288,0,0,uniform=6116;sir=6180,116.44540309906006,7e99f75
var_low,1182,2457600,264,0.42424242424242425,200.0,-654.8956673686226,1000,0.034,200.0,-1013.5188460323244,1000,0.035,200.0,-1027.2312415542872,12288,0,0,uniform=6116;sir=6180,116.44540309906006,7e99f75
var_low,1183,0,264,0.0,200.0,-1482.940013770721,1000,0.0,200.0,-1250.3177624325656,1000,0.0,200.0,-1252.07811546938,12288,0,0,uniform=6164;sir=6132,116.31224703788757,7e99f75
var_low,1183,245760,264,0.0,200.0,-1080.5780012722257,1000,0.0,200.0,-1134.4549412269296,1000,0.0,200.0,-1139.4277667368738,12288,0,0,uniform=6164;sir=6132,116.31224703788757,7e99f75
var_low,1183,491520,264,0.3181818181818182,200.0,-722.8103536203965,1000,0.039,200.0,-1072.2514581314576,1000,0.031,200.0,-1080.2956741015093,12288,0,0,uniform=6164;sir=6132,116.31224703788757,7e99f75
var_low,1183,737280,264,0.0,200.0,-1092.4733361427295,1000,0.0,200.0,-1316.339717918886,1000,0.0,200.0,-1322.2223904594348,12288,0,0,uniform=6164;sir=6132,116.31224703788757,7e99f75
var_low,1183,983040,264,0.0,200.0,-1054.9609637843998,1000,0.0,200.0,-1035.7363453093012,1000,0.0,200.0,-1042.4767313208363,12288,0,0,uniform=6164;sir=6132,116.31224703788757,7e99f75
var_low,1183,1228800,264,0.03409090909090909,200.0,-961.3864590583781,1000,0.0,200.0,-998.5434002576399,1000,0.002,200.0,-1002.3831500839274,12288,0,0,uniform=6164;sir=6132,116.31224703788757,7e99f75
var_low,1183,1474560,264,0.11742424242424243,200.0,-1011.8815635599296,1000,0.004,200.0,-1031.5260139657291,1000,0.003,200.0,-1041.184415288325,12288,0,0,uniform=6164;sir=6132,116.31224703788757,7e99f75
var_low,1183,1720320,264,0.32196969696969696,200.0,-606.4792829587487,1000,0.003,200.0,-996.7671968629954,1000,0.009,200.0,-998.3550985466728,12288,0,0,uniform=6164;sir=6132,116.31224703788757,7e99f75
var_low,1183,1966080,264,0.04924242424242424,200.0,-1174.242625184057,1000,0.0,200.0,-1070.819274660456,1000,0.0,200.0,-1078.7156324973582,12288,0,0,uniform=6164;sir=6132,116.31224703788757,7e99f75
var_low,1183,2211840,264,0.5454545454545454,200.0,-482.09779122698484,1000,0.041,200.0,-1023.280430986952,1000,0.048,200.0,-1023.168864447589,12288,0,0,uniform=6164;sir=6132,116.31224703788757,7e99f75
var_low,1183,2457600,264,0.5568181818181818,200.0,-517.9950532834879,1000,0.04,200.0,-1029.0151970189638,1000,0.055,200.0,-1023.7200931636546,12288,0,0,uniform=6164;sir=6132,116.31224703788757,7e99f75
var_low,1184,0,264,0.0,200.0,-1418.9319949550625,1000,0.0,200.0,-1209.8419762949868,1000,0.0,200.0,-1217.0752679996215,12288,0,0,uniform=6132;sir=6164,116.68165707588196,7e99f75
var_low,1184,245760,264,0.09848484848484848,200.0,-1034.5808146186494,1000,0.0,200.0,-1095.3133049961025,1000,0.0,200.0,-1096.747815199506,12288,0,0,uniform=6132;sir=6164,116.68165707588196,7e99f75
var_low,1184,491520,264,0.375,200.0,-805.8695929720982,1000,0.009,200.0,-1207.9834440284758,1000,0.009,200.0,-1215.105884121526,12288,0,0,uniform=6132;sir=6164,116.68165707588196,7e99f75
var_low,1184,737280,264,0.3106060606060606,200.0,-780.3640699446032,1000,0.009,200.0,-1126.2669272492897,1000,0.008,200.0,-1133.8925361989625,12288,0,0,uniform=6132;sir=6164,116.68165707588196,7e99f75
var_low,1184,983040,264,0.3522727272727273,200.0,-563.5829171322239,1000,0.019,200.0,-993.5391781355421,1000,0.016,200.0,-991.7904469953208,12288,0,0,uniform=6132;sir=6164,116.68165707588196,7e99f75
var_low,1184,1228800,264,0.0,200.0,-957.7941386726209,1000,0.001,200.0,-1021.9447419123803,1000,0.0,200.0,-1026.5843599944487,12288,0,0,uniform=6132;sir=6164,116.68165707588196,7e99f75
var_low,1184,1474560,264,0.42803030303030304,200.0,-606.1633601355721,1000,0.094,200.0,-1009.0960121305362,1000,0.088,200.0,-1015.1269406020114,12288,0,0,uniform=6132;sir=6164,116.68165707588196,7e99f75
var_low,1184,1720320,264,0.35984848484848486,200.0,-737.7052755790525,1000,0.014,200.0,-1042.1282752868706,1000,0.013,200.0,-1047.066936280667,12288,0,0,uniform=6132;sir=6164,116.68165707588196,7e99f75
var_low,1184,1966080,264,0.48484848484848486,200.0,-589.4205386525433,1000,0.034,200.0,-1029.398156997734,1000,0.044,200.0,-1030.9011972152457,12288,0,0,uniform=6132;sir=6164,116.68165707588196,7e99f75
var_low,1184,2211840,264,0.6931818181818182,200.0,-400.5781313711634,1000,0.193,200.0,-920.6628922980813,1000,0.181,200.0,-931.74885361163,12288,0,0,uniform=6132;sir=6164,116.68165707588196,7e99f75
var_low,1184,2457600,264,0.571969696969697,200.0,-584.851743227856,1000,0.096,200.0,-1035.1066550825258,1000,0.108,200.0,-1038.7653961338374,12288,0,0,uniform=6132;sir=6164,116.68165707588196,7e99f75
var_low,1185,0,264,0.09090909090909091,200.0,-1267.272291389931,1000,0.0,200.0,-1391.1963879357813,1000,0.001,200.0,-1393.6742316359769,12288,0,0,uniform=6174;sir=6122,115.47581601142883,7e99f75
var_low,1185,245760,264,0.29924242424242425,200.0,-691.4696025947198,1000,0.054,200.0,-992.4750769682969,1000,0.054,200.0,-992.3847133049998,12288,0,0,uniform=6174;sir=6122,115.47581601142883,7e99f75
var_low,1185,491520,264,0.32196969696969696,200.0,-818.9319019829614,1000,0.031,200.0,-1158.3412953588856,1000,0.033,200.0,-1160.1187320232493,12288,0,0,uniform=6174;sir=6122,115.47581601142883,7e99f75
var_low,1185,737280,264,0.0,200.0,-891.1924924955275,1000,0.0,200.0,-1010.8100163343826,1000,0.0,200.0,-1014.6819983810997,12288,0,0,uniform=6174;sir=6122,115.47581601142883,7e99f75
var_low,1185,983040,264,0.29924242424242425,200.0,-579.0238938542252,1000,0.011,200.0,-960.8649217707665,1000,0.016,200.0,-967.0759132542647,12288,0,0,uniform=6174;sir=6122,115.47581601142883,7e99f75
var_low,1185,1228800,264,0.38636363636363635,200.0,-563.112833387912,1000,0.028,200.0,-977.819245388848,1000,0.024,200.0,-981.49502457698,12288,0,0,uniform=6174;sir=6122,115.47581601142883,7e99f75
var_low,1185,1474560,264,0.4621212121212121,200.0,-544.0832334724123,1000,0.041,200.0,-956.476272243938,1000,0.052,200.0,-951.0353264410265,12288,0,0,uniform=6174;sir=6122,115.47581601142883,7e99f75
var_low,1185,1720320,264,0.49242424242424243,200.0,-538.2565251329735,1000,0.081,200.0,-958.3955844639952,1000,0.078,200.0,-965.0837406664356,12288,0,0,uniform=6174;sir=6122,115.47581601142883,7e99f75
var_low,1185,1966080,264,0.7310606060606061,200.0,-350.5215773814976,1000,0.174,200.0,-862.2302817624018,1000,0.171,200.0,-861.0741054034818,12288,0,0,uniform=6174;sir=6122,115.47581601142883,7e99f75
var_low,1185,2211840,264,0.7196969696969697,200.0,-376.9630638728959,1000,0.26,200.0,-821.5388869372341,1000,0.234,200.0,-835.1581259800244,12288,0,0,uniform=6174;sir=6122,115.47581601142883,7e99f75
var_low,1185,2457600,264,0.7386363636363636,200.0,-356.81101705544387,1000,0.234,200.0,-820.7071740414331,1000,0.221,200.0,-832.0780142057242,12288,0,0,uniform=6174;sir=6122,115.47581601142883,7e99f75
var_low,1186,0,264,0.0,200.0,-1284.6353291409705,1000,0.0,200.0,-1231.2381632743827,1000,0.0,200.0,-1225.6470663714285,12288,0,0,uniform=6092;sir=6204,115.72890877723694,7e99f75
var_low,1186,245760,264,0.0,200.0,-1250.5732530236771,1000,0.0,200.0,-1037.250678194055,1000,0.0,200.0,-1046.4931525138713,12288,0,0,uniform=6092;sir=6204,115.72890877723694,7e99f75
var_low,1186,491520,264,0.0,200.0,-902.3391562792549,1000,0.0,200.0,-1001.0456938834676,1000,0.0,200.0,-1011.8375688045376,12288,0,0,uniform=6092;sir=6204,115.72890877723694,7e99f75
var_low,1186,737280,264,0.0,200.0,-886.3247029807117,1000,0.0,200.0,-1079.803082895971,1000,0.0,200.0,-1084.9149571220707,12288,0,0,uniform=6092;sir=6204,115.72890877723694,7e99f75
var_low,1186,983040,264,0.0,200.0,-797.9435810154976,1000,0.0,200.0,-1015.0395506522257,1000,0.0,200.0,-1017.5936203461279,12288,0,0,uniform=6092;sir=6204,115.72890877723694,7e99f75
var_low,1186,1228800,264,0.3977272727272727,200.0,-636.3640318825045,1000,0.056,200.0,-1018.742171165193,1000,0.041,200.0,-1036.8896453771729,12288,0,0,uniform=6092;sir=6204,115.72890877723694,7e99f75
var_low,1186,1474560,264,0.4696969696969697,200.0,-627.0868660593238,1000,0.078,200.0,-1047.880946681431,1000,0.081,200.0,-1053.008280971291,12288,0,0,uniform=6092;sir=6204,115.72890877723694,7e99f75
var_low,1186,1720320,264,0.5303030303030303,200.0,-469.8950959134456,1000,0.049,200.0,-961.5654066036174,1000,0.054,200.0,-961.817116643262,12288,0,0,uniform=6092;sir=6204,115.72890877723694,7e99f75
var_low,1186,1966080,264,0.5416666666666666,200.0,-472.0466082828151,1000,0.078,200.0,-964.4660954934101,1000,0.056,200.0,-980.5436707449591,12288,0,0,uniform=6092;sir=6204,115.72890877723694,7e99f75
var_low,1186,2211840,264,0.6060606060606061,200.0,-449.88317588021744,1000,0.096,200.0,-983.3875429143417,1000,0.097,200.0,-989.1928667327913,12288,0,0,uniform=6092;sir=6204,115.72890877723694,7e99f75
var_low,1186,2457600,264,0.75,200.0,-350.75776126597003,1000,0.126,200.0,-900.906338155733,1000,0.149,200.0,-892.451879049626,12288,0,0,uniform=6092;sir=6204,115.72890877723694,7e99f75
var_low,1187,0,264,0.0,200.0,-1490.8252991049708,1000,0.0,200.0,-1356.6878396837274,1000,0.0,200.0,-1364.9482044557892,12288,0,0,uniform=6150;sir=6146,117.05450391769409,7e99f75
var_low,1187,245760,264,0.0,200.0,-1235.3985499143564,1000,0.0,200.0,-1025.0368331048355,1000,0.0,200.0,-1025.8297018204964,12288,0,0,uniform=6150;sir=6146,117.05450391769409,7e99f75
var_low,1187,491520,264,0.23106060606060605,200.0,-779.0532692244394,1000,0.007,200.0,-1069.437696132547,1000,0.011,200.0,-1068.152969610994,12288,0,0,uniform=6150;sir=6146,117.05450391769409,7e99f75
var_low,1187,737280,264,0.3787878787878788,200.0,-602.8201222275627,1000,0.02,200.0,-1020.2674836660101,1000,0.015,200.0,-1023.339756681259,12288,0,0,uniform=6150;sir=6146,117.05450391769409,7e99f75
var_low,1187,983040,264,0.022727272727272728,200.0,-968.8560257867651,1000,0.001,200.0,-1012.6884055516515,1000,0.0,200.0,-1011.1515396871561,12288,0,0,uniform=6150;sir=6146,117.05450391769409,7e99f75
var_low,1187,1228800,264,0.2765151515151515,200.0,-771.7138067678029,1000,0.006,200.0,-1003.7979618760683,1000,0.006,200.0,-1011.2938112763136,12288,0,0,uniform=6150;sir=6146,117.05450391769409,7e99f75
var_low,1187,1474560,264,0.4053030303030303,200.0,-607.3793671556923,1000,0.026,200.0,-1005.2590735708668,1000,0.029,200.0,-1005.0300706197005,12288,0,0,uniform=6150;sir=6146,117.05450391769409,7e99f75
var_low,1187,1720320,264,0.5568181818181818,200.0,-450.59097542683804,1000,0.032,200.0,-974.6176777262912,1000,0.029,200.0,-975.8928681938362,12288,0,0,uniform=6150;sir=6146,117.05450391769409,7e99f75
var_low,1187,1966080,264,0.5606060606060606,200.0,-482.4713551117726,1000,0.111,200.0,-926.5638605304913,1000,0.1,200.0,-928.4647982562814,12288,0,0,uniform=6150;sir=6146,117.05450391769409,7e99f75
var_low,1187,2211840,264,0.6704545454545454,200.0,-399.0106740040555,1000,0.159,200.0,-923.46742889188,1000,0.174,200.0,-922.4135739705605,12288,0,0,uniform=6150;sir=6146,117.05450391769409,7e99f75
var_low,1187,2457600,264,0.6666666666666666,200.0,-445.7218498862486,1000,0.13,200.0,-956.9489109815169,1000,0.13,200.0,-957.3752701365207,12288,0,0,uniform=6150;sir=6146,117.05450391769409,7e99f75
var_low,1188,0,264,0.0,200.0,-1415.6574747264972,1000,0.0,200.0,-1180.2445659671214,1000,0.0,200.0,-1191.7405135474364,12288,0,0,uniform=6162;sir=6134,117.14330291748047,7e99f75
var_low,1188,245760,264,0.0,200.0,-902.5070436671688,1000,0.0,200.0,-1017.4570381056718,1000,0.0,200.0,-1026.065219646152,12288,0,0,uniform=6162;sir=6134,117.14330291748047,7e99f75
var_low,1188,491520,264,0.0,200.0,-995.2611117140409,1000,0.0,200.0,-1111.8790210391637,1000,0.0,200.0,-1118.5859287291164,12288,0,0,uniform=6162;sir=6134,117.14330291748047,7e99f75
var_low,1188,737280,264,0.19696969696969696,200.0,-726.0450627954962,1000,0.01,200.0,-1017.4485874838808,1000,0.009,200.0,-1019.171463153915,12288,0,0,uniform=6162;sir=6134,117.14330291748047,7e99f75
var_low,1188,983040,264,0.2689393939393939,200.0,-725.5891913661467,1000,0.006,200.0,-1053.2745854136247,1000,0.006,200.0,-1058.0809125537135,12288,0,0,uniform=6162;sir=6134,117.14330291748047,7e99f75
var_low,1188,1228800,264,0.4166666666666667,200.0,-611.2584517592004,1000,0.033,200.0,-1027.8980107061946,1000,0.025,200.0,-1041.1299541242863,12288,0,0,uniform=6162;sir=6134,117.14330291748047,7e99f75
var_low,1188,1474560,264,0.6477272727272727,200.0,-402.97089807311755,1000,0.058,200.0,-943.0521343424888,1000,0.06,200.0,-938.442894872677,12288,0,0,uniform=6162;sir=6134,117.14330291748047,7e99f75
var_low,1188,1720320,264,0.6818181818181818,200.0,-366.01011307230965,1000,0.143,200.0,-896.569383432174,1000,0.127,200.0,-899.4143742761904,12288,0,0,uniform=6162;sir=6134,117.14330291748047,7e99f75
var_low,1188,1966080,264,0.7803030303030303,200.0,-311.40938932216886,1000,0.207,200.0,-860.3968834438915,1000,0.205,200.0,-861.4113840922323,12288,0,0,uniform=6162;sir=6134,117.14330291748047,7e99f75
var_low,1188,2211840,264,0.8484848484848485,200.0,-247.9377767830394,1000,0.301,200.0,-771.603722175571,1000,0.299,200.0,-778.5208493608612,12288,0,0,uniform=6162;sir=6134,117.14330291748047,7e99f75
var_low,1188,2457600,264,0.8636363636363636,200.0,-242.28299845347468,1000,0.319,200.0,-763.9664248869749,1000,0.314,200.0,-765.1374679401154,12288,0,0,uniform=6162;sir=6134,117.14330291748047,7e99f75
var_low,1189,0,264,0.0,200.0,-989.0755244681102,1000,0.0,200.0,-1073.425124868657,1000,0.0,200.0,-1078.1947736413051,12288,0,0,uniform=6216;sir=6080,117.1700689792633,7e99f75
var_low,1189,245760,264,0.12121212121212122,200.0,-1101.811661554717,1000,0.019,200.0,-1038.0694298138806,1000,0.021,200.0,-1042.5242874092442,12288,0,0,uniform=6216;sir=6080,117.1700689792633,7e99f75
var_low,1189,491520,264,0.06818181818181818,200.0,-942.5532419301253,1000,0.004,200.0,-1166.9897015320191,1000,0.006,200.0,-1168.714618379631,12288,0,0,uniform=6216;sir=6080,117.1700689792633,7e99f75
var_low,1189,737280,264,0.0,200.0,-1347.3764435849396,1000,0.0,200.0,-1079.6844909320791,1000,0.0,200.0,-1084.5320080936426,12288,0,0,uniform=6216;sir=6080,117.1700689792633,7e99f75
var_low,1189,983040,264,0.0,200.0,-1044.3480959577132,1000,0.0,200.0,-1032.5779359407218,1000,0.0,200.0,-1041.644532999266,12288,0,0,uniform=6216;sir=6080,117.1700689792633,7e99f75
var_low,1189,1228800,264,0.2196969696969697,200.0,-696.2835736408879,1000,0.006,200.0,-1026.071446138015,1000,0.005,200.0,-1036.5062503047059,12288,0,0,uniform=6216;sir=6080,117.1700689792633,7e99f75
var_low,1189,1474560,264,0.0,200.0,-874.2710321164425,1000,0.0,200.0,-995.5255530869046,1000,0.001,200.0,-1003.2794752504625,12288,0,0,uniform=6216;sir=6080,117.1700689792633,7e99f75
var_low,1189,1720320,264,0.003787878787878788,200.0,-760.2669922321268,1000,0.0,200.0,-959.2849606965667,1000,0.001,200.0,-962.0717253577864,12288,0,0,uniform=6216;sir=6080,117.1700689792633,7e99f75
var_low,1189,1966080,264,0.24621212121212122,200.0,-680.8212982432673,1000,0.008,200.0,-969.4912454052237,1000,0.007,200.0,-980.4880513348429,12288,0,0,uniform=6216;sir=6080,117.1700689792633,7e99f75
var_low,1189,2211840,264,0.5151515151515151,200.0,-473.83375733989396,1000,0.087,200.0,-935.3681130094968,1000,0.082,200.0,-945.0880874623228,12288,0,0,uniform=6216;sir=6080,117.1700689792633,7e99f75
var_low,1189,2457600,264,0.6212121212121212,200.0,-413.7262742142254,1000,0.09,200.0,-919.4938312799437,1000,0.075,200.0,-925.0162647211332,12288,0,0,uniform=6216;sir=6080,117.1700689792633,7e99f75
var_low,1190,0,264,0.0,200.0,-1475.2667170721402,1000,0.0,200.0,-1229.1800151621846,1000,0.0,200.0,-1234.4665358178233,12288,0,0,uniform=5984;sir=6312,117.41980719566345,7e99f75
var_low,1190,245760,264,0.14393939393939395,200.0,-862.9725527821781,1000,0.01,200.0,-1137.5165605284305,1000,0.011,200.0,-1142.285876166501,12288,0,0,uniform=5984;sir=6312,117.41980719566345,7e99f75
var_low,1190,491520,264,0.2537878787878788,200.0,-821.6013773009437,1000,0.027,200.0,-1028.8522907962965,1000,0.028,200.0,-1035.9331334021338,12288,0,0,uniform=5984;sir=6312,117.41980719566345,7e99f75
var_low,1190,737280,264,0.0,200.0,-978.206960770356,1000,0.0,200.0,-1007.3612805515986,1000,0.0,200.0,-1012.7906143906358,12288,0,0,uniform=5984;sir=6312,117.41980719566345,7e99f75
var_low,1190,983040,264,0.0,200.0,-1072.1886657770096,1000,0.0,200.0,-1029.3789245679827,1000,0.0,200.0,-1028.0116630890784,12288,0,0,uniform=5984;sir=6312,117.41980719566345,7e99f75
var_low,1190,1228800,264,0.011363636363636364,200.0,-1023.4313152794672,1000,0.0,200.0,-1030.0532744985892,1000,0.0,200.0,-1032.2383537768249,12288,0,0,uniform=5984;sir=6312,117.41980719566345,7e99f75
var_low,1190,1474560,264,0.15151515151515152,200.0,-945.9291269455086,1000,0.002,200.0,-1024.4045856430503,1000,0.002,200.0,-1029.337300196555,12288,0,0,uniform=5984;sir=6312,117.41980719566345,7e99f75
var_low,1190,1720320,264,0.3333333333333333,200.0,-635.8308438030028,1000,0.017,200.0,-963.1841569735457,1000,0.022,200.0,-960.9419061784821,12288,0,0,uniform=5984;sir=6312,117.41980719566345,7e99f75
var_low,1190,1966080,264,0.4659090909090909,200.0,-504.5956675402677,1000,0.041,200.0,-945.639551143583,1000,0.058,200.0,-939.3238301281356,12288,0,0,uniform=5984;sir=6312,117.41980719566345,7e99f75
var_low,1190,2211840,264,0.6439393939393939,200.0,-412.56952383359646,1000,0.111,200.0,-897.9104488931598,1000,0.132,200.0,-888.6555291382358,12288,0,0,uniform=5984;sir=6312,117.41980719566345,7e99f75
var_low,1190,2457600,264,0.48484848484848486,200.0,-572.117760094533,1000,0.052,200.0,-949.9329766128326,1000,0.057,200.0,-949.5006419649983,12288,0,0,uniform=5984;sir=6312,117.41980719566345,7e99f75
var_low,1191,0,264,0.0,200.0,-1199.2486276949353,1000,0.0,200.0,-1135.9047036756947,1000,0.0,200.0,-1145.3099649584801,12288,0,0,uniform=6124;sir=6172,109.37579798698425,7e99f75
var_low,1191,245760,264,0.0,200.0,-867.911012701735,1000,0.0,200.0,-1003.1542264529602,1000,0.0,200.0,-1009.2130815149001,12288,0,0,uniform=6124;sir=6172,109.37579798698425,7e99f75
var_low,1191,491520,264,0.041666666666666664,200.0,-872.3278113369553,1000,0.0,200.0,-1077.0360157110738,1000,0.001,200.0,-1080.0353130907672,12288,0,0,uniform=6124;sir=6172,109.37579798698425,7e99f75
var_low,1191,737280,264,0.10984848484848485,200.0,-695.9844928989372,1000,0.007,200.0,-971.4232188642595,1000,0.009,200.0,-975.3628892184591,12288,0,0,uniform=6124;sir=6172,109.37579798698425,7e99f75
var_low,1191,983040,264,0.17803030303030304,200.0,-770.0773038397585,1000,0.001,200.0,-985.0223818386886,1000,0.003,200.0,-989.4063437622332,12288,0,0,uniform=6124;sir=6172,109.37579798698425,7e99f75
var_low,1191,1228800,264,0.5037878787878788,200.0,-475.01934401495316,1000,0.059,200.0,-939.5861498802919,1000,0.056,200.0,-949.1234542008913,12288,0,0,uniform=6124;sir=6172,109.37579798698425,7e99f75
var_low,1191,1474560,264,0.625,200.0,-394.7648493046403,1000,0.048,200.0,-940.6423303092646,1000,0.057,200.0,-934.1902194520721,12288,0,0,uniform=6124;sir=6172,109.37579798698425,7e99f75
var_low,1191,1720320,264,0.7878787878787878,200.0,-290.33494628431225,1000,0.131,200.0,-881.1391359441286,1000,0.128,200.0,-874.5778295082949,12288,0,0,uniform=6124;sir=6172,109.37579798698425,7e99f75
var_low,1191,1966080,264,0.8106060606060606,200.0,-274.08275712416867,1000,0.233,200.0,-801.7808886102702,1000,0.23,200.0,-805.0287457671968,12288,0,0,uniform=6124;sir=6172,109.37579798698425,7e99f75
var_low,1191,2211840,264,0.9053030303030303,200.0,-223.53546678626265,1000,0.393,200.0,-709.0506208313138,1000,0.398,200.0,-707.2976314528906,12288,0,0,uniform=6124;sir=6172,109.37579798698425,7e99f75
var_low,1191,2457600,264,0.8333333333333334,200.0,-275.02041354243914,1000,0.381,200.0,-716.4166669844601,1000,0.368,200.0,-713.8454616658084,12288,0,0,uniform=6124;sir=6172,109.37579798698425,7e99f75
var_low,1192,0,264,0.0,200.0,-1189.62843467551,1000,0.0,200.0,-1236.9973339080852,1000,0.0,200.0,-1241.4030868405105,12288,0,0,uniform=6130;sir=6166,109.31774687767029,7e99f75
var_low,1192,245760,264,0.056818181818181816,200.0,-1021.1329331055185,1000,0.002,200.0,-1021.7829117825914,1000,0.002,200.0,-1028.0411557544267,12288,0,0,uniform=6130;sir=6166,109.31774687767029,7e99f75
var_low,1192,491520,264,0.007575757575757576,200.0,-866.5945517332242,1000,0.0,200.0,-1049.1060383795825,1000,0.0,200.0,-1051.6082365037123,12288,0,0,uniform=6130;sir=6166,109.31774687767029,7e99f75
var_low,1192,737280,264,0.2537878787878788,200.0,-677.4672193911615,1000,0.009,200.0,-1038.896906430025,1000,0.015,200.0,-1035.7000683534352,12288,0,0,uniform=6130;sir=6166,109.31774687767029,7e99f75
var_low,1192,983040,264,0.2803030303030303,200.0,-631.1967460889589,1000,0.009,200.0,-1010.2330038275113,1000,0.009,200.0,-1013.6411210200703,12288,0,0,uniform=6130;sir=6166,109.31774687767029,7e99f75
var_low,1192,1228800,264,0.0,200.0,-880.9268009211535,1000,0.0,200.0,-1005.4115699844106,1000,0.0,200.0,-1021.0528670724074,12288,0,0,uniform=6130;sir=6166,109.31774687767029,7e99f75
var_low,1192,1474560,264,0.2803030303030303,200.0,-628.6912504560295,1000,0.015,200.0,-989.5230383087716,1000,0.021,200.0,-988.6683102750665,12288,0,0,uniform=6130;sir=6166,109.31774687767029,7e99f75
var_low,1192,1720320,264,0.4659090909090909,200.0,-518.2836865037959,1000,0.027,200.0,-979.5680188870665,1000,0.03,200.0,-987.4842885322604,12288,0,0,uniform=6130;sir=6166,109.31774687767029,7e99f75
var_low,1192,1966080,264,0.4128787878787879,200.0,-625.0855127201788,1000,0.023,200.0,-1022.2264059982783,1000,0.019,200.0,-1029.9134489353999,12288,0,0,uniform=6130;sir=6166,109.31774687767029,7e99f75
var_low,1192,2211840,264,0.4583333333333333,200.0,-638.7921401891222,1000,0.031,200.0,-1043.3356285467687,1000,0.044,200.0,-1046.110544890997,12288,0,0,uniform=6130;sir=6166,109.31774687767029,7e99f75
var_low,1192,2457600,264,0.5984848484848485,200.0,-518.8202807147918,1000,0.056,200.0,-1025.0431793557475,1000,0.051,200.0,-1035.7692490270492,12288,0,0,uniform=6130;sir=6166,109.31774687767029,7e99f75
var_low,1193,0,264,0.0,200.0,-1205.2199009435753,1000,0.0,200.0,-1169.3288669323724,1000,0.0,200.0,-1173.5592807632368,12288,0,0,uniform=6150;sir=6146,108.91689610481262,7e99f75
var_low,1193,245760,264,0.20454545454545456,200.0,-940.0101396402866,1000,0.029,200.0,-1034.0601149199535,1000,0.041,200.0,-1035.9168076559245,12288,0,0,uniform=6150;sir=6146,108.91689610481262,7e99f75
var_low,1193,491520,264,0.3333333333333333,200.0,-753.7962413216753,1000,0.001,200.0,-1148.8465238239883,1000,0.003,200.0,-1149.8345398840577,12288,0,0,uniform=6150;sir=6146,108.91689610481262,7e99f75
var_low,1193,737280,264,0.0,200.0,-802.115067034163,1000,0.0,200.0,-1016.4219594147287,1000,0.0,200.0,-1023.0740827820864,12288,0,0,uniform=6150;sir=6146,108.91689610481262,7e99f75
var_low,1193,983040,264,0.0,200.0,-785.7816592738245,1000,0.0,200.0,-1034.8195175678013,1000,0.0,200.0,-1042.0883824421458,12288,0,0,uniform=6150;sir=6146,108.91689610481262,7e99f75
var_low,1193,1228800,264,0.08333333333333333,200.0,-784.7930859345736,1000,0.001,200.0,-980.7068669805043,1000,0.004,200.0,-982.8470892677595,12288,0,0,uniform=6150;sir=6146,108.91689610481262,7e99f75
var_low,1193,1474560,264,0.3939393939393939,200.0,-626.844398921061,1000,0.024,200.0,-1046.2590791708153,1000,0.024,200.0,-1050.8927503703717,12288,0,0,uniform=6150;sir=6146,108.91689610481262,7e99f75
var_low,1193,1720320,264,0.48484848484848486,200.0,-502.10642312710866,1000,0.043,200.0,-973.0211455628784,1000,0.051,200.0,-969.8605102674613,12288,0,0,uniform=6150;sir=6146,108.91689610481262,7e99f75
var_low,1193,1966080,264,0.6060606060606061,200.0,-459.3389963503896,1000,0.078,200.0,-1003.6476854625821,1000,0.085,200.0,-1007.6636144126887,12288,0,0,uniform=6150;sir=6146,108.91689610481262,7e99f75
var_low,1193,2211840,264,0.6628787878787878,200.0,-425.1746936932616,1000,0.109,200.0,-945.4642392905648,1000,0.12,200.0,-942.7847256626217,12288,0,0,uniform=6150;sir=6146,108.91689610481262,7e99f75
var_low,1193,2457600,264,0.6742424242424242,200.0,-442.980348809662,1000,0.16,200.0,-936.9869697607046,1000,0.18,200.0,-933.9682868769515,12288,0,0,uniform=6150;sir=6146,108.91689610481262,7e99f75
var_low,1194,0,264,0.0,200.0,-1335.0980395560725,1000,0.0,200.0,-1346.304456325513,1000,0.0,200.0,-1351.9506542979275,12288,0,0,uniform=6190;sir=6106,108.81870007514954,7e99f75
var_low,1194,245760,264,0.0,200.0,-906.9999367748333,1000,0.0,200.0,-1097.8578481946568,1000,0.0,200.0,-1108.7982106878608,12288,0,0,uniform=6190;sir=6106,108.81870007514954,7e99f75
var_low,1194,491520,264,0.0,200.0,-967.513413025296,1000,0.0,200.0,-1006.7695353354109,1000,0.0,200.0,-1011.1038994983733,12288,0,0,uniform=6190;sir=6106,108.81870007514954,7e99f75
var_low,1194,737280,264,0.045454545454545456,200.0,-991.6111332634292,1000,0.0,200.0,-1049.9263534622046,1000,0.0,200.0,-1051.9405218244979,12288,0,0,uniform=6190;sir=6106,108.81870007514954,7e99f75
var_low,1194,983040,264,0.3333333333333333,200.0,-624.0004439617163,1000,0.014,200.0,-998.3986931670831,1000,0.011,200.0,-1007.7464504141111,12288,0,0,uniform=6190;sir=6106,108.81870007514954,7e99f75
var_low,1194,1228800,264,0.23484848484848486,200.0,-706.0790755541483,1000,0.019,200.0,-960.690129580206,1000,0.017,200.0,-965.0059056360312,12288,0,0,uniform=6190;sir=6106,108.81870007514954,7e99f75
var_low,1194,1474560,264,0.0,200.0,-981.0974728244315,1000,0.0,200.0,-1028.0341201623828,1000,0.0,200.0,-1036.0833186583632,12288,0,0,uniform=6190;sir=6106,108.81870007514954,7e99f75
var_low,1194,1720320,264,0.17045454545454544,200.0,-782.7244249850103,1000,0.002,200.0,-1011.3561799054265,1000,0.0,200.0,-1023.115103505525,12288,0,0,uniform=6190;sir=6106,108.81870007514954,7e99f75
var_low,1194,1966080,264,0.5,200.0,-523.7394987060725,1000,0.13,200.0,-957.1473239931045,1000,0.143,200.0,-954.8967361787284,12288,0,0,uniform=6190;sir=6106,108.81870007514954,7e99f75
var_low,1194,2211840,264,0.6515151515151515,200.0,-389.6343977179248,1000,0.042,200.0,-979.0491170848785,1000,0.036,200.0,-981.3367327447163,12288,0,0,uniform=6190;sir=6106,108.81870007514954,7e99f75
var_low,1194,2457600,264,0.7310606060606061,200.0,-371.634737556897,1000,0.158,200.0,-897.2881346909055,1000,0.159,200.0,-900.3535382012994,12288,0,0,uniform=6190;sir=6106,108.81870007514954,7e99f75
var_low,1195,0,264,0.0,200.0,-1514.063952542352,1000,0.0,200.0,-1497.3238809830666,1000,0.0,200.0,-1501.6007372043068,12288,0,0,uniform=6140;sir=6156,108.68658995628357,7e99f75
var_low,1195,245760,264,0.0,200.0,-993.6177173509549,1000,0.0,200.0,-1127.5096744494103,1000,0.0,200.0,-1131.5488867397742,12288,0,0,uniform=6140;sir=6156,108.68658995628357,7e99f75
var_low,1195,491520,264,0.03787878787878788,200.0,-901.7537674115172,1000,0.013,200.0,-993.7130589421492,1000,0.008,200.0,-995.5129094508646,12288,0,0,uniform=6140;sir=6156,108.68658995628357,7e99f75
var_low,1195,737280,264,0.0,200.0,-836.3335000093026,1000,0.0,200.0,-987.1371294789537,1000,0.0,200.0,-992.6958703120719,12288,0,0,uniform=6140;sir=6156,108.68658995628357,7e99f75
var_low,1195,983040,264,0.0,200.0,-1009.3574000197113,1000,0.0,200.0,-999.3334898569652,1000,0.0,200.0,-1008.0409504092942,12288,0,0,uniform=6140;sir=6156,108.68658995628357,7e99f75
var_low,1195,1228800,264,0.0,200.0,-874.0155038621443,1000,0.0,200.0,-1052.1081810494177,1000,0.0,200.0,-1059.2582889257924,12288,0,0,uniform=6140;sir=6156,108.68658995628357,7e99f75
var_low,1195,1474560,264,0.011363636363636364,200.0,-719.8082433772089,1000,0.0,200.0,-1019.840199956778,1000,0.0,200.0,-1024.829438693781,12288,0,0,uniform=6140;sir=6156,108.68658995628357,7e99f75
var_low,1195,1720320,264,0.14393939393939395,200.0,-906.344240337237,1000,0.001,200.0,-1016.7883829770535,1000,0.004,200.0,-1019.2920311767571,12288,0,0,uniform=6140;sir=6156,108.68658995628357,7e99f75
var_low,1195,1966080,264,0.4166666666666667,200.0,-652.9791196688847,1000,0.041,200.0,-1033.8350487819046,1000,0.039,200.0,-1031.3624526875446,12288,0,0,uniform=6140;sir=6156,108.68658995628357,7e99f75
var_low,1195,2211840,264,0.4583333333333333,200.0,-633.9916754458327,1000,0.066,200.0,-1035.2269987168047,1000,0.06,200.0,-1042.5621038523188,12288,0,0,uniform=6140;sir=6156,108.68658995628357,7e99f75
var_low,1195,2457600,264,0.4810606060606061,200.0,-656.3079048525273,1000,0.064,200.0,-1053.1599264985216,1000,0.074,200.0,-1055.9884676817837,12288,0,0,uniform=6140;sir=6156,108.68658995628357,7e99f75
var_low,1196,0,264,0.0,200.0,-1191.443607479125,1000,0.0,200.0,-1245.295329231902,1000,0.001,200.0,-1259.702071863203,12288,0,0,uniform=6290;sir=6006,108.41653180122375,7e99f75
var_low,1196,245760,264,0.030303030303030304,200.0,-1000.6810501921352,1000,0.002,200.0,-1031.922773153164,1000,0.0,200.0,-1039.0793911835783,12288,0,0,uniform=6290;sir=6006,108.41653180122375,7e99f75
var_low,1196,491520,264,0.09848484848484848,200.0,-794.7473384844984,1000,0.002,200.0,-980.2963314140508,1000,0.005,200.0,-983.2390653138843,12288,0,0,uniform=6290;sir=6006,108.41653180122375,7e99f75
var_low,1196,737280,264,0.29924242424242425,200.0,-875.0917836515064,1000,0.009,200.0,-1225.114789887834,1000,0.008,200.0,-1232.358612121047,12288,0,0,uniform=6290;sir=6006,108.41653180122375,7e99f75
var_low,1196,983040,264,0.1856060606060606,200.0,-674.2289170310623,1000,0.003,200.0,-979.3322411840988,1000,0.004,200.0,-987.3519817996917,12288,0,0,uniform=6290;sir=6006,108.41653180122375,7e99f75
var_low,1196,1228800,264,0.0,200.0,-1200.806380557065,1000,0.0,200.0,-1020.6217769014319,1000,0.0,200.0,-1029.069110729569,12288,0,0,uniform=6290;sir=6006,108.41653180122375,7e99f75
var_low,1196,1474560,264,0.0,200.0,-922.5258606578822,1000,0.0,200.0,-988.4503185492554,1000,0.0,200.0,-994.9958618484304,12288,0,0,uniform=6290;sir=6006,108.41653180122375,7e99f75
var_low,1196,1720320,264,0.22727272727272727,200.0,-757.1195428012297,1000,0.003,200.0,-995.1245624465012,1000,0.013,200.0,-996.8914213778861,12288,0,0,uniform=6290;sir=6006,108.41653180122375,7e99f75
var_low,1196,1966080,264,0.4696969696969697,200.0,-530.3820111433121,1000,0.071,200.0,-925.9074307321863,1000,0.072,200.0,-931.81253793007,12288,0,0,uniform=6290;sir=6006,108.41653180122375,7e99f75
var_low,1196,2211840,264,0.6931818181818182,200.0,-366.50681683027375,1000,0.177,200.0,-870.3707908478885,1000,0.178,200.0,-876.3853773342852,12288,0,0,uniform=6290;sir=6006,108.41653180122375,7e99f75
var_low,1196,2457600,264,0.7575757575757576,200.0,-320.3223159368879,1000,0.195,200.0,-856.9755916057333,1000,0.217,200.0,-849.9286097143788,12288,0,0,uniform=6290;sir=6006,108.41653180122375,7e99f75
var_low,1197,0,264,0.0,200.0,-1207.6495829467676,1000,0.0,200.0,-1169.7185782254624,1000,0.0,200.0,-1177.8698304440406,12288,0,0,uniform=6144;sir=6152,84.33272504806519,7e99f75
var_low,1197,245760,264,0.0,200.0,-905.9037388509967,1000,0.0,200.0,-1061.9692683552096,1000,0.0,200.0,-1071.2472236535514,12288,0,0,uniform=6144;sir=6152,84.33272504806519,7e99f75
var_low,1197,491520,264,0.3560606060606061,200.0,-633.0861831062073,1000,0.043,200.0,-978.4472138601975,1000,0.045,200.0,-982.0907820801614,12288,0,0,uniform=6144;sir=6152,84.33272504806519,7e99f75
var_low,1197,737280,264,0.026515151515151516,200.0,-979.6393155247415,1000,0.001,200.0,-1125.409154683703,1000,0.0,200.0,-1132.9442516792565,12288,0,0,uniform=6144;sir=6152,84.33272504806519,7e99f75
var_low,1197,983040,264,0.0,200.0,-973.4679056800322,1000,0.0,200.0,-1023.698564963757,1000,0.001,200.0,-1028.1033684752344,12288,0,0,uniform=6144;sir=6152,84.33272504806519,7e99f75
var_low,1197,1228800,264,0.011363636363636364,200.0,-762.8795969303237,1000,0.0,200.0,-998.7745156318284,1000,0.0,200.0,-1002.6531399611572,12288,0,0,uniform=6144;sir=6152,84.33272504806519,7e99f75
var_low,1197,1474560,264,0.26515151515151514,200.0,-610.0055785091216,1000,0.021,200.0,-956.6382153326626,1000,0.019,200.0,-962.8955111558738,12288,0,0,uniform=6144;sir=6152,84.33272504806519,7e99f75
var_low,1197,1720320,264,0.23106060606060605,200.0,-802.7251451689502,1000,0.01,200.0,-1028.203367444912,1000,0.012,200.0,-1027.635522501146,12288,0,0,uniform=6144;sir=6152,84.33272504806519,7e99f75
var_low,1197,1966080,264,0.5,200.0,-565.6368130227067,1000,0.081,200.0,-930.876428059929,1000,0.069,200.0,-937.4232935461677,12288,0,0,uniform=6144;sir=6152,84.33272504806519,7e99f75
var_low,1197,2211840,264,0.8106060606060606,200.0,-276.11571553955486,1000,0.23,200.0,-814.9892226710075,1000,0.222,200.0,-820.947547354174,12288,0,0,uniform=6144;sir=6152,84.33272504806519,7e99f75
var_low,1197,2457600,264,0.821969696969697,200.0,-283.52169674281754,1000,0.315,200.0,-756.845097160385,1000,0.316,200.0,-759.9506689307309,12288,0,0,uniform=6144;sir=6152,84.33272504806519,7e99f75
var_low,1198,0,264,0.0,200.0,-1281.7567584160697,1000,0.0,200.0,-1153.3410982115604,1000,0.0,200.0,-1158.4277417799008,12288,0,0,uniform=6116;sir=6180,83.03490686416626,7e99f75
var_low,1198,245760,264,0.38636363636363635,200.0,-781.6347651452048,1000,0.042,200.0,-1045.9395686766627,1000,0.039,200.0,-1060.4092626473182,12288,0,0,uniform=6116;sir=6180,83.03490686416626,7e99f75
var_low,1198,491520,264,0.3560606060606061,200.0,-721.4771387361928,1000,0.019,200.0,-1108.3003951484848,1000,0.029,200.0,-1107.5733676819839,12288,0,0,uniform=6116;sir=6180,83.03490686416626,7e99f75
var_low,1198,737280,264,0.39015151515151514,200.0,-657.6535014319527,1000,0.031,200.0,-1064.088575672807,1000,0.034,200.0,-1067.3396129403716,12288,0,0,uniform=6116;sir=6180,83.03490686416626,7e99f75
var_low,1198,983040,264,0.4166666666666667,200.0,-601.1434048381732,1000,0.052,200.0,-1012.3361751377238,1000,0.046,200.0,-1025.0365532470419,12288,0,0,uniform=6116;sir=6180,83.03490686416626,7e99f75
var_low,1198,1228800,264,0.06439393939393939,200.0,-774.1786970226401,1000,0.001,200.0,-1013.1359213083575,1000,0.001,200.0,-1019.8471008329176,12288,0,0,uniform=6116;sir=6180,83.03490686416626,7e99f75
var_low,1198,1474560,264,0.5227272727272727,200.0,-545.7535855444676,1000,0.089,200.0,-1009.4788972778084,1000,0.091,200.0,-1015.4891752462757,12288,0,0,uniform=6116;sir=6180,83.03490686416626,7e99f75
var_low,1198,1720320,264,0.38636363636363635,200.0,-666.7508649853814,1000,0.015,200.0,-1028.6115699308687,1000,0.01,200.0,-1041.162290823485,12288,0,0,uniform=6116;sir=6180,83.03490686416626,7e99f75
var_low,1198,1966080,264,0.49242424242424243,200.0,-569.2150136734945,1000,0.041,200.0,-1016.2031861916533,1000,0.037,200.0,-1031.943083784255,12288,0,0,uniform=6116;sir=6180,83.03490686416626,7e99f75
var_low,1198,2211840,264,0.5643939393939394,200.0,-555.6482736140026,1000,0.076,200.0,-1032.2191337759562,1000,0.072,200.0,-1038.9172056626176,12288,0,0,uniform=6116;sir=6180,83.03490686416626,7e99f75
var_low,1198,2457600,264,0.6287878787878788,200.0,-482.5527169482743,1000,0.146,200.0,-992.0889254246753,1000,0.132,200.0,-1003.7252369465305,12288,0,0,uniform=6116;sir=6180,83.03490686416626,7e99f75
var_low,1199,0,264,0.003787878787878788,200.0,-1341.016107792067,1000,0.0,200.0,-1383.3146102373116,1000,0.0,200.0,-1390.7440024785847,12288,0,0,uniform=6214;sir=6082,75.15882229804993,7e99f75
var_low,1199,245760,264,0.007575757575757576,200.0,-854.0415967825086,1000,0.0,200.0,-1089.2474323786291,1000,0.001,200.0,-1094.4661254731027,12288,0,0,uniform=6214;sir=6082,75.15882229804993,7e99f75
var_low,1199,491520,264,0.3522727272727273,200.0,-647.9960291843768,1000,0.027,200.0,-1022.855629620209,1000,0.028,200.0,-1030.1777145317528,12288,0,0,uniform=6214;sir=6082,75.15882229804993,7e99f75
var_low,1199,737280,264,0.2840909090909091,200.0,-691.6162807335203,1000,0.01,200.0,-1051.1286367657324,1000,0.009,200.0,-1054.5712343925181,12288,0,0,uniform=6214;sir=6082,75.15882229804993,7e99f75
var_low,1199,983040,264,0.10984848484848485,200.0,-684.0506668703114,1000,0.003,200.0,-1006.2343486016163,1000,0.001,200.0,-1014.0334976194312,12288,0,0,uniform=6214;sir=6082,75.15882229804993,7e99f75
var_low,1199,1228800,264,0.4090909090909091,200.0,-625.9178225299978,1000,0.025,200.0,-1048.5925918199443,1000,0.024,200.0,-1053.1227756458031,12288,0,0,uniform=6214;sir=6082,75.15882229804993,7e99f75
var_low,1199,1474560,264,0.3068181818181818,200.0,-674.4845781402578,1000,0.017,200.0,-988.9092877599593,1000,0.014,200.0,-991.5500915637989,12288,0,0,uniform=6214;sir=6082,75.15882229804993,7e99f75
var_low,1199,1720320,264,0.4393939393939394,200.0,-660.4602393840431,1000,0.045,200.0,-1019.2145058157446,1000,0.043,200.0,-1019.1494223740201,12288,0,0,uniform=6214;sir=6082,75.15882229804993,7e99f75
var_low,1199,1966080,264,0.4772727272727273,200.0,-681.4447381800139,1000,0.074,200.0,-1051.053470715411,1000,0.059,200.0,-1063.5147179660103,12288,0,0,uniform=6214;sir=6082,75.15882229804993,7e99f75
var_low,1199,2211840,264,0.7083333333333334,200.0,-416.42692695610964,1000,0.095,200.0,-996.3356441163728,1000,0.115,200.0,-994.0881238796651,12288,0,0,uniform=6214;sir=6082,75.15882229804993,7e99f75
var_low,1199,2457600,264,0.6060606060606061,200.0,-528.6938305737104,1000,0.116,200.0,-1044.833522398863,1000,0.116,200.0,-1048.802393522174,12288,0,0,uniform=6214;sir=6082,75.15882229804993,7e99f75
var_low,1200,0,264,0.0,200.0,-1498.9951798307138,1000,0.0,200.0,-1345.8143051587936,1000,0.0,200.0,-1356.4284516563519,12288,0,0,uniform=6158;sir=6138,74.88611793518066,7e99f75
var_low,1200,245760,264,0.011363636363636364,200.0,-1070.4002929789553,1000,0.039,200.0,-1059.6754500945635,1000,0.042,200.0,-1059.9764951890795,12288,0,0,uniform=6158;sir=6138,74.88611793518066,7e99f75
var_low,1200,491520,264,0.0,200.0,-725.0990611263154,1000,0.001,200.0,-983.3841086691752,1000,0.0,200.0,-979.9661222903212,12288,0,0,uniform=6158;sir=6138,74.88611793518066,7e99f75
var_low,1200,737280,264,0.0,200.0,-1081.4544062784148,1000,0.0,200.0,-1021.3124783686607,1000,0.001,200.0,-1018.1869954228271,12288,0,0,uniform=6158;sir=6138,74.88611793518066,7e99f75
var_low,1200,983040,264,0.125,200.0,-817.5357828971277,1000,0.007,200.0,-997.5926627573326,1000,0.003,200.0,-1002.4086386250136,12288,0,0,uniform=6158;sir=6138,74.88611793518066,7e99f75
var_low,1200,1228800,264,0.16287878787878787,200.0,-688.9547450497848,1000,0.002,200.0,-994.0904168665281,1000,0.003,200.0,-993.8750320937345,12288,0,0,uniform=6158;sir=6138,74.88611793518066,7e99f75
var_low,1200,1474560,264,0.36363636363636365,200.0,-655.063548652524,1000,0.038,200.0,-1010.6503872533503,1000,0.03,200.0,-1018.3371727977383,12288,0,0,uniform=6158;sir=6138,74.88611793518066,7e99f75
var_low,1200,1720320,264,0.5303030303030303,200.0,-514.7645012244052,1000,0.057,200.0,-1026.9595407599343,1000,0.066,200.0,-1032.053807885926,12288,0,0,uniform=6158;sir=6138,74.88611793518066,7e99f75
var_low,1200,1966080,264,0.4090909090909091,200.0,-720.6874148075283,1000,0.018,200.0,-1077.2565817352063,1000,0.019,200.0,-1084.7390561499642,12288,0,0,uniform=6158;sir=6138,74.88611793518066,7e99f75
var_low,1200,2211840,264,0.48484848484848486,200.0,-677.782919161884,1000,0.041,200.0,-1073.7359173446414,1000,0.058,200.0,-1074.6667730227932,12288,0,0,uniform=6158;sir=6138,74.88611793518066,7e99f75
var_low,1200,2457600,264,0.553030303030303,200.0,-592.1316315901558,1000,0.085,200.0,-1046.307174084517,1000,0.099,200.0,-1041.4126085278465,12288,0,0,uniform=6158;sir=6138,74.88611793518066,7e99f75
