config,seed,step,random/n,random/success,random/mean_steps,verifai_dev/n,verifai_dev/success,verifai_dev/mean_steps,verifai_test/n,verifai_test/success,verifai_test/mean_steps,episodes,replays,scouted_steps,lib_counts,wall_time_sec,commit
sir_a4,1,0,282,0.0,52.8936170212766,891,0.0,22.75645342312009,891,0.0,22.48148148148148,2839,0,0,uniform=1419;sir=1428,108.9910249710083,20b20ac
sir_a4,1,61440,282,0.06382978723404255,223.79078014184398,891,0.0,111.0628507295174,891,0.0,110.56341189674524,2839,0,0,uniform=1419;sir=1428,108.9910249710083,20b20ac
sir_a4,1,122880,282,0.031914893617021274,201.9255319148936,891,0.0,112.89674523007857,891,0.0,112.14141414141415,2839,0,0,uniform=1419;sir=1428,108.9910249710083,20b20ac
sir_a4,1,184320,282,0.14184397163120568,303.3404255319149,891,0.0,129.21436588103253,891,0.0,127.9304152637486,2839,0,0,uniform=1419;sir=1428,108.9910249710083,20b20ac
sir_a4,1,245760,282,0.9609929078014184,491.68794326241135,891,0.6453423120089786,358.32996632996634,891,0.6363636363636364,354.645342312009,2839,0,0,uniform=1419;sir=1428,108.9910249710083,20b20ac
sir_a4,1,307200,282,0.031914893617021274,184.56028368794327,891,0.0,105.8080808080808,891,0.0,105.4702581369248,2839,0,0,uniform=1419;sir=1428,108.9910249710083,20b20ac
sir_a4,1,368640,282,0.9787234042553191,495.98936170212767,891,0.813692480359147,425.8024691358025,891,0.7957351290684624,418.6868686868687,2839,0,0,uniform=1419;sir=1428,108.9910249710083,20b20ac
sir_a4,1,430080,282,0.7978723404255319,475.85460992907804,891,0.007856341189674524,123.62065095398428,891,0.019079685746352413,132.22783389450055,2839,0,0,uniform=1419;sir=1428,108.9910249710083,20b20ac
sir_a4,1,491520,282,0.9822695035460993,493.0851063829787,891,0.0,57.03030303030303,891,0.0,56.79236812570146,2839,0,0,uniform=1419;sir=1428,108.9910249710083,20b20ac
sir_a4,1,552960,282,0.8475177304964538,480.4929078014184,891,0.0,59.81481481481482,891,0.0,59.73625140291807,2839,0,0,uniform=1419;sir=1428,108.9910249710083,20b20ac
sir_a4,1,614400,282,0.9858156028368794,494.98581560283685,891,0.17620650953984288,142.15937149270482,891,0.18855218855218855,146.65656565656565,2839,0,0,uniform=1419;sir=1428,108.9910249710083,20b20ac
sir_is,1,0,282,0.0,10.429078014184396,891,0.0,11.934904601571269,891,0.0,11.729517396184063,2446,0,0,uniform=600;sir=1854,111.40867471694946,20b20ac
sir_is,1,61440,282,0.07446808510638298,226.43262411347519,891,0.0,102.74298540965208,891,0.0,102.29854096520764,2446,0,0,uniform=600;sir=1854,111.40867471694946,20b20ac
sir_is,1,122880,282,0.43617021276595747,413.1737588652482,891,0.4062850729517396,284.5129068462402,891,0.3995510662177329,280.699214365881,2446,0,0,uniform=600;sir=1854,111.40867471694946,20b20ac
sir_is,1,184320,282,0.06382978723404255,249.32624113475177,891,0.0,115.71492704826038,891,0.0,115.07407407407408,2446,0,0,uniform=600;sir=1854,111.40867471694946,20b20ac
sir_is,1,245760,282,0.8226950354609929,481.70212765957444,891,0.7609427609427609,400.98092031425364,891,0.7485970819304153,396.25925925925924,2446,0,0,uniform=600;sir=1854,111.40867471694946,20b20ac
sir_is,1,307200,282,0.8794326241134752,477.28014184397165,891,0.4276094276094276,274.2368125701459,891,0.4163860830527497,269.16161616161617,2446,0,0,uniform=600;sir=1854,111.40867471694946,20b20ac
sir_is,1,368640,282,0.9858156028368794,496.6170212765957,891,0.867564534231201,446.52749719416386,891,0.8428731762065096,436.57126823793493,2446,0,0,uniform=600;sir=1854,111.40867471694946,20b20ac
sir_is,1,430080,282,0.9893617021276596,497.77659574468083,891,0.8686868686868687,449.2929292929293,891,0.8518518518518519,441.41750841750843,2446,0,0,uniform=600;sir=1854,111.40867471694946,20b20ac
sir_is,1,491520,282,0.9787234042553191,490.6914893617021,891,0.006734006734006734,61.29854096520763,891,0.003367003367003367,60.64646464646464,2446,0,0,uniform=600;sir=1854,111.40867471694946,20b20ac
sir_is,1,552960,282,0.9858156028368794,493.79787234042556,891,0.014590347923681257,67.96184062850729,891,0.016835016835016835,69.75196408529742,2446,0,0,uniform=600;sir=1854,111.40867471694946,20b20ac
sir_is,1,614400,282,0.9893617021276596,495.25531914893617,891,0.002244668911335578,57.55780022446689,891,0.001122334455667789,57.27384960718294,2446,0,0,uniform=600;sir=1854,111.40867471694946,20b20ac
sir_is05,1,0,282,0.0,14.914893617021276,891,0.0,12.12682379349046,891,0.0,11.941638608305276,2863,0,0,uniform=716;sir=2155,111.4981460571289,20b20ac
sir_is05,1,61440,282,0.07092198581560284,236.52836879432624,891,0.0,108.44219977553311,891,0.0,107.81705948372615,2863,0,0,uniform=716;sir=2155,111.4981460571289,20b20ac
sir_is05,1,122880,282,0.0673758865248227,242.25886524822695,891,0.0,130.32210998877665,891,0.0,129.58810325476992,2863,0,0,uniform=716;sir=2155,111.4981460571289,20b20ac
sir_is05,1,184320,282,0.02127659574468085,212.3581560283688,891,0.007856341189674524,151.66329966329965,891,0.007856341189674524,150.672278338945,2863,0,0,uniform=716;sir=2155,111.4981460571289,20b20ac
sir_is05,1,245760,282,0.32269503546099293,389.6595744680851,891,0.007856341189674524,151.1907968574635,891,0.008978675645342313,154.74074074074073,2863,0,0,uniform=716;sir=2155,111.4981460571289,20b20ac
sir_is05,1,307200,282,0.23049645390070922,342.1063829787234,891,0.001122334455667789,151.44668911335577,891,0.0,149.99775533108865,2863,0,0,uniform=716;sir=2155,111.4981460571289,20b20ac
sir_is05,1,368640,282,0.9184397163120568,492.5673758865248,891,0.48035914702581367,402.317620650954,891,0.47586980920314254,397.95286195286195,2863,0,0,uniform=716;sir=2155,111.4981460571289,20b20ac
sir_is05,1,430080,282,0.9326241134751773,490.8829787234043,891,0.8462401795735129,437.2783389450056,891,0.8395061728395061,434.1840628507295,2863,0,0,uniform=716;sir=2155,111.4981460571289,20b20ac
sir_is05,1,491520,282,0.8226950354609929,487.12056737588654,891,0.002244668911335578,85.56677890011224,891,0.004489337822671156,85.44107744107744,2863,0,0,uniform=716;sir=2155,111.4981460571289,20b20ac
sir_is05,1,552960,282,0.9858156028368794,493.63829787234044,891,0.001122334455667789,56.260381593714925,891,0.0,55.886644219977555,2863,0,0,uniform=716;sir=2155,111.4981460571289,20b20ac
sir_is05,1,614400,282,0.9929078014184397,497.07801418439715,891,0.5432098765432098,308.98092031425364,891,0.5454545454545454,311.0112233445567,2863,0,0,uniform=716;sir=2155,111.4981460571289,20b20ac
replay_post,1,0,282,0.0,26.95035460992908,891,0.0,14.316498316498317,891,0.0,14.27384960718294,2857,0,0,uniform=1409;replay=1456,112.04213094711304,20b20ac
replay_post,1,61440,282,0.03900709219858156,230.68794326241135,891,0.04601571268237935,193.6341189674523,891,0.050505050505050504,189.49382716049382,2857,0,0,uniform=1409;replay=1456,112.04213094711304,20b20ac
replay_post,1,122880,282,0.3971631205673759,409.06028368794324,891,0.0,77.0246913580247,891,0.0,76.55106621773288,2857,0,0,uniform=1409;replay=1456,112.04213094711304,20b20ac
replay_post,1,184320,282,0.574468085106383,427.82978723404256,891,0.002244668911335578,180.88103254769922,891,0.004489337822671156,178.84175084175084,2857,0,0,uniform=1409;replay=1456,112.04213094711304,20b20ac
replay_post,1,245760,282,0.23404255319148937,332.9574468085106,891,0.0718294051627385,157.88439955106622,891,0.06172839506172839,156.07744107744108,2857,0,0,uniform=1409;replay=1456,112.04213094711304,20b20ac
replay_post,1,307200,282,0.02127659574468085,171.24822695035462,891,0.008978675645342313,125.4006734006734,891,0.006734006734006734,122.61952861952862,2857,0,0,uniform=1409;replay=1456,112.04213094711304,20b20ac
replay_post,1,368640,282,0.9893617021276596,498.3262411347518,891,0.7070707070707071,377.969696969697,891,0.6902356902356902,370.7586980920314,2857,0,0,uniform=1409;replay=1456,112.04213094711304,20b20ac
replay_post,1,430080,282,0.9929078014184397,496.92198581560285,891,0.07856341189674523,102.42760942760943,891,0.06509539842873176,96.34904601571269,2857,0,0,uniform=1409;replay=1456,112.04213094711304,20b20ac
replay_post,1,491520,282,0.9893617021276596,496.4148936170213,891,0.007856341189674524,67.9685746352413,891,0.007856341189674524,67.95061728395062,2857,0,0,uniform=1409;replay=1456,112.04213094711304,20b20ac
replay_post,1,552960,282,0.9680851063829787,491.84397163120565,891,0.3939393939393939,241.04040404040404,891,0.37037037037037035,231.63524130190797,2857,0,0,uniform=1409;replay=1456,112.04213094711304,20b20ac
replay_post,1,614400,282,0.9929078014184397,497.4822695035461,891,0.3221099887766554,205.31762065095398,891,0.3063973063973064,199.4186307519641,2857,0,0,uniform=1409;replay=1456,112.04213094711304,20b20ac
sir_a1,1,0,282,0.014184397163120567,71.15248226950355,891,0.0,27.02020202020202,891,0.0,26.85746352413019,2641,0,0,uniform=1323;sir=1326,112.33067584037781,20b20ac
sir_a1,1,61440,282,0.18085106382978725,325.468085106383,891,0.051627384960718295,183.0347923681257,891,0.03367003367003367,180.01907968574636,2641,0,0,uniform=1323;sir=1326,112.33067584037781,20b20ac
sir_a1,1,122880,282,0.3546099290780142,363.92198581560285,891,0.001122334455667789,144.70145903479238,891,0.0,143.2861952861953,2641,0,0,uniform=1323;sir=1326,112.33067584037781,20b20ac
sir_a1,1,184320,282,0.024822695035460994,213.50709219858157,891,0.0,117.84511784511784,891,0.0,117.6374859708193,2641,0,0,uniform=1323;sir=1326,112.33067584037781,20b20ac
sir_a1,1,245760,282,0.2765957446808511,366.07801418439715,891,0.002244668911335578,147.8742985409652,891,0.0,145.74410774410774,2641,0,0,uniform=1323;sir=1326,112.33067584037781,20b20ac
sir_a1,1,307200,282,0.6205673758865248,455.0,891,0.001122334455667789,126.60157126823793,891,0.0,119.45791245791246,2641,0,0,uniform=1323;sir=1326,112.33067584037781,20b20ac
sir_a1,1,368640,282,0.0425531914893617,323.0567375886525,891,0.17957351290684623,232.73625140291807,891,0.1941638608305275,233.25813692480358,2641,0,0,uniform=1323;sir=1326,112.33067584037781,20b20ac
sir_a1,1,430080,282,0.8581560283687943,479.88652482269504,891,0.6127946127946128,347.8843995510662,891,0.5982042648709316,341.5353535353535,2641,0,0,uniform=1323;sir=1326,112.33067584037781,20b20ac
sir_a1,1,491520,282,0.9822695035460993,496.9822695035461,891,0.8035914702581369,423.9147025813692,891,0.8103254769921436,425.4489337822671,2641,0,0,uniform=1323;sir=1326,112.33067584037781,20b20ac
sir_a1,1,552960,282,0.8936170212765957,485.0390070921986,891,0.16161616161616163,140.91358024691357,891,0.1750841750841751,144.662177328844,2641,0,0,uniform=1323;sir=1326,112.33067584037781,20b20ac
sir_a1,1,614400,282,0.9893617021276596,495.25531914893617,891,0.002244668911335578,58.34904601571268,891,0.001122334455667789,57.82267115600449,2641,0,0,uniform=1323;sir=1326,112.33067584037781,20b20ac
mutate_post,1,0,282,0.0,12.304964539007091,891,0.0,23.689113355780023,891,0.0,23.029180695847362,2833,0,0,uniform=1433;replay=697;mutate=711,109.91268920898438,20b20ac
mutate_post,1,61440,282,0.6418439716312057,471.25531914893617,891,0.04713804713804714,229.341189674523,891,0.04040404040404041,221.8125701459035,2833,0,0,uniform=1433;replay=697;mutate=711,109.91268920898438,20b20ac
mutate_post,1,122880,282,0.6560283687943262,452.8900709219858,891,0.4590347923681257,326.66329966329965,891,0.43658810325476993,317.10662177328845,2833,0,0,uniform=1433;replay=697;mutate=711,109.91268920898438,20b20ac
mutate_post,1,184320,282,0.08865248226950355,268.71985815602835,891,0.001122334455667789,116.75196408529742,891,0.0,115.69921436588103,2833,0,0,uniform=1433;replay=697;mutate=711,109.91268920898438,20b20ac
mutate_post,1,245760,282,0.9929078014184397,496.9078014184397,891,0.04489337822671156,85.60157126823793,891,0.04826038159371493,87.5050505050505,2833,0,0,uniform=1433;replay=697;mutate=711,109.91268920898438,20b20ac
mutate_post,1,307200,282,0.07092198581560284,250.82978723404256,891,0.0,127.06509539842874,891,0.0,126.41863075196409,2833,0,0,uniform=1433;replay=697;mutate=711,109.91268920898438,20b20ac
mutate_post,1,368640,282,0.5638297872340425,428.60283687943263,891,0.025813692480359147,182.41077441077442,891,0.02132435465768799,180.11447811447812,2833,0,0,uniform=1433;replay=697;mutate=711,109.91268920898438,20b20ac
mutate_post,1,430080,282,0.9822695035460993,493.1099290780142,891,0.0,56.362514029180694,891,0.0,56.11223344556678,2833,0,0,uniform=1433;replay=697;mutate=711,109.91268920898438,20b20ac
mutate_post,1,491520,282,0.9645390070921985,493.2304964539007,891,0.6599326599326599,357.0965207631874,891,0.632996632996633,346.0527497194164,2833,0,0,uniform=1433;replay=697;mutate=711,109.91268920898438,20b20ac
mutate_post,1,552960,282,0.9858156028368794,493.63829787234044,891,0.002244668911335578,56.16273849607183,891,0.001122334455667789,55.83501683501684,2833,0,0,uniform=1433;replay=697;mutate=711,109.91268920898438,20b20ac
mutate_post,1,614400,282,0.0070921985815602835,189.93971631205673,891,0.0,167.74747474747474,891,0.0,166.50392817059483,2833,0,0,uniform=1433;replay=697;mutate=711,109.91268920898438,20b20ac
sir_a1,2,0,282,0.0,23.01063829787234,891,0.0,13.544332210998878,891,0.0,13.396184062850729,2703,0,0,uniform=1379;sir=1332,108.18069815635681,20b20ac
sir_a1,2,61440,282,0.1276595744680851,277.61347517730496,891,0.0,118.22783389450056,891,0.0,117.31313131313131,2703,0,0,uniform=1379;sir=1332,108.18069815635681,20b20ac
sir_a1,2,122880,282,0.9822695035460993,494.4609929078014,891,0.43658810325476993,262.04938271604937,891,0.42536475869809204,258.86307519640854,2703,0,0,uniform=1379;sir=1332,108.18069815635681,20b20ac
sir_a1,2,184320,282,0.9929078014184397,498.56028368794324,891,0.5162738496071829,295.1380471380471,891,0.49607182940516276,286.1930415263749,2703,0,0,uniform=1379;sir=1332,108.18069815635681,20b20ac
sir_a1,2,245760,282,0.9929078014184397,497.82978723404256,891,0.2760942760942761,187.0527497194164,891,0.2727272727272727,185.59595959595958,2703,0,0,uniform=1379;sir=1332,108.18069815635681,20b20ac
sir_a1,2,307200,282,0.9468085106382979,492.0886524822695,891,0.6778900112233446,424.645342312009,891,0.6711560044893379,420.67452300785635,2703,0,0,uniform=1379;sir=1332,108.18069815635681,20b20ac
sir_a1,2,368640,282,0.03546099290780142,315.59929078014187,891,0.06172839506172839,157.51739618406285,891,0.07856341189674523,168.6060606060606,2703,0,0,uniform=1379;sir=1332,108.18069815635681,20b20ac
sir_a1,2,430080,282,0.07446808510638298,247.90425531914894,891,0.0,108.05611672278339,891,0.0,107.49719416386083,2703,0,0,uniform=1379;sir=1332,108.18069815635681,20b20ac
sir_a1,2,491520,282,0.975177304964539,496.3510638297872,891,0.8653198653198653,445.625140291807,891,0.8619528619528619,444.45791245791247,2703,0,0,uniform=1379;sir=1332,108.18069815635681,20b20ac
sir_a1,2,552960,282,0.9787234042553191,496.86524822695037,891,0.22671156004489337,164.48597081930416,891,0.20089786756453423,152.0942760942761,2703,0,0,uniform=1379;sir=1332,108.18069815635681,20b20ac
sir_a1,2,614400,282,0.9929078014184397,497.8758865248227,891,0.3939393939393939,240.69921436588103,891,0.3961840628507295,241.3625140291807,2703,0,0,uniform=1379;sir=1332,108.18069815635681,20b20ac
sir_a4,2,0,282,0.0,12.826241134751774,891,0.0,26.773288439955106,891,0.0,26.38159371492705,2942,0,0,uniform=1485;sir=1465,107.1465699672699,20b20ac
sir_a4,2,61440,282,0.10283687943262411,266.26241134751774,891,0.0,122.62626262626263,891,0.0,121.64197530864197,2942,0,0,uniform=1485;sir=1465,107.1465699672699,20b20ac
sir_a4,2,122880,282,0.3900709219858156,397.54609929078015,891,0.0,166.47138047138048,891,0.0,165.0628507295174,2942,0,0,uniform=1485;sir=1465,107.1465699672699,20b20ac
sir_a4,2,184320,282,0.0425531914893617,203.0921985815603,891,0.001122334455667789,107.84848484848484,891,0.0,106.92143658810325,2942,0,0,uniform=1485;sir=1465,107.1465699672699,20b20ac
sir_a4,2,245760,282,0.12056737588652482,300.8014184397163,891,0.0,127.51851851851852,891,0.0,126.10213243546576,2942,0,0,uniform=1485;sir=1465,107.1465699672699,20b20ac
sir_a4,2,307200,282,0.01773049645390071,300.78014184397165,891,0.0,106.71268237934905,891,0.0,105.68574635241302,2942,0,0,uniform=1485;sir=1465,107.1465699672699,20b20ac
sir_a4,2,368640,282,0.8546099290780141,481.531914893617,891,0.09090909090909091,245.03703703703704,891,0.08866442199775533,242.4635241301908,2942,0,0,uniform=1485;sir=1465,107.1465699672699,20b20ac
sir_a4,2,430080,282,0.9716312056737588,496.6099290780142,891,0.7295173961840629,386.9405162738496,891,0.7272727272727273,385.78900112233447,2942,0,0,uniform=1485;sir=1465,107.1465699672699,20b20ac
sir_a4,2,491520,282,0.9893617021276596,495.25531914893617,891,0.001122334455667789,56.34567901234568,891,0.001122334455667789,56.111111111111114,2942,0,0,uniform=1485;sir=1465,107.1465699672699,20b20ac
sir_a4,2,552960,282,0.9929078014184397,496.97163120567376,891,0.04938271604938271,84.4736251402918,891,0.051627384960718295,85.04264870931537,2942,0,0,uniform=1485;sir=1465,107.1465699672699,20b20ac
sir_a4,2,614400,282,0.9964539007092199,498.5390070921986,891,0.6251402918069585,341.1324354657688,891,0.5881032547699214,325.5948372615039,2942,0,0,uniform=1485;sir=1465,107.1465699672699,20b20ac
sir_is,2,0,282,0.0,16.80851063829787,891,0.0,14.518518518518519,891,0.0,14.575757575757576,2764,0,0,uniform=699;sir=2073,108.26694917678833,20b20ac
sir_is,2,61440,282,0.028368794326241134,212.54609929078015,891,0.0,104.67676767676768,891,0.0,104.28956228956228,2764,0,0,uniform=699;sir=2073,108.26694917678833,20b20ac
sir_is,2,122880,282,0.010638297872340425,234.9290780141844,891,0.008978675645342313,155.73849607182942,891,0.013468013468013467,146.39281705948372,2764,0,0,uniform=699;sir=2073,108.26694917678833,20b20ac
sir_is,2,184320,282,0.03900709219858156,236.62765957446808,891,0.005611672278338945,227.74523007856342,891,0.010101010101010102,227.92704826038158,2764,0,0,uniform=699;sir=2073,108.26694917678833,20b20ac
sir_is,2,245760,282,0.1773049645390071,267.16312056737587,891,0.001122334455667789,100.41077441077441,891,0.0,99.70258136924804,2764,0,0,uniform=699;sir=2073,108.26694917678833,20b20ac
sir_is,2,307200,282,0.1879432624113475,255.06737588652481,891,0.0,96.64870931537598,891,0.0,96.14478114478115,2764,0,0,uniform=699;sir=2073,108.26694917678833,20b20ac
sir_is,2,368640,282,0.9858156028368794,495.02836879432624,891,0.0,58.0,891,0.001122334455667789,57.88103254769921,2764,0,0,uniform=699;sir=2073,108.26694917678833,20b20ac
sir_is,2,430080,282,0.9858156028368794,495.0496453900709,891,0.0,57.54769921436588,891,0.001122334455667789,57.49158249158249,2764,0,0,uniform=699;sir=2073,108.26694917678833,20b20ac
sir_is,2,491520,282,0.9893617021276596,496.99645390070924,891,0.8978675645342312,459.0392817059484,891,0.877665544332211,450.13916947250283,2764,0,0,uniform=699;sir=2073,108.26694917678833,20b20ac
sir_is,2,552960,282,0.9787234042553191,496.07092198581563,891,0.3164983164983165,222.2817059483726,891,0.2962962962962963,211.63636363636363,2764,0,0,uniform=699;sir=2073,108.26694917678833,20b20ac
sir_is,2,614400,282,0.9787234042553191,496.28723404255317,891,0.4478114478114478,356.9236812570146,891,0.45454545454545453,357.4949494949495,2764,0,0,uniform=699;sir=2073,108.26694917678833,20b20ac
verifai_surr,1,0,282,0.0,12.691489361702128,891,0.0,25.08193041526375,891,0.0,25.188552188552187,3109,0,0,uniform=1591;verifai=1526,111.51639580726624,20b20ac
verifai_surr,1,61440,282,0.19858156028368795,319.9326241134752,891,0.0,131.9405162738496,891,0.0,130.74074074074073,3109,0,0,uniform=1591;verifai=1526,111.51639580726624,20b20ac
verifai_surr,1,122880,282,0.04964539007092199,207.13829787234042,891,0.0,124.26936026936026,891,0.0,123.21099887766555,3109,0,0,uniform=1591;verifai=1526,111.51639580726624,20b20ac
verifai_surr,1,184320,282,0.03900709219858156,236.0921985815603,891,0.0,120.10437710437711,891,0.0,119.7351290684624,3109,0,0,uniform=1591;verifai=1526,111.51639580726624,20b20ac
verifai_surr,1,245760,282,0.04609929078014184,216.43262411347519,891,0.0,119.45903479236813,891,0.0,118.61503928170595,3109,0,0,uniform=1591;verifai=1526,111.51639580726624,20b20ac
verifai_surr,1,307200,282,0.11702127659574468,291.8156028368794,891,0.029180695847362513,178.00224466891135,891,0.03591470258136925,174.33557800224466,3109,0,0,uniform=1591;verifai=1526,111.51639580726624,20b20ac
verifai_surr,1,368640,282,0.24468085106382978,363.5,891,0.21212121212121213,231.20987654320987,891,0.20089786756453423,224.4736251402918,3109,0,0,uniform=1591;verifai=1526,111.51639580726624,20b20ac
verifai_surr,1,430080,282,0.6985815602836879,438.61347517730496,891,0.04826038159371493,210.23456790123456,891,0.05611672278338945,208.1010101010101,3109,0,0,uniform=1591;verifai=1526,111.51639580726624,20b20ac
verifai_surr,1,491520,282,0.2198581560283688,330.73758865248226,891,0.0,129.5218855218855,891,0.0,128.0841750841751,3109,0,0,uniform=1591;verifai=1526,111.51639580726624,20b20ac
verifai_surr,1,552960,282,0.851063829787234,483.5567375886525,891,0.6262626262626263,370.8316498316498,891,0.6015712682379349,362.4489337822671,3109,0,0,uniform=1591;verifai=1526,111.51639580726624,20b20ac
verifai_surr,1,614400,282,0.9822695035460993,492.9822695035461,891,0.0,56.72502805836139,891,0.0,56.41077441077441,3109,0,0,uniform=1591;verifai=1526,111.51639580726624,20b20ac
mutate_post,2,0,282,0.0,14.106382978723405,891,0.0,35.61391694725028,891,0.0,36.313131313131315,2493,0,0,uniform=1267;replay=623;mutate=611,92.00277018547058,20b20ac
mutate_post,2,61440,282,0.34397163120567376,387.2730496453901,891,0.4186307519640853,287.40852974186305,891,0.4152637485970819,285.68462401795733,2493,0,0,uniform=1267;replay=623;mutate=611,92.00277018547058,20b20ac
mutate_post,2,122880,282,0.20212765957446807,382.63120567375887,891,0.45454545454545453,321.86980920314255,891,0.4511784511784512,318.3939393939394,2493,0,0,uniform=1267;replay=623;mutate=611,92.00277018547058,20b20ac
mutate_post,2,184320,282,0.08865248226950355,281.98936170212767,891,0.0,128.3827160493827,891,0.0,127.22109988776656,2493,0,0,uniform=1267;replay=623;mutate=611,92.00277018547058,20b20ac
mutate_post,2,245760,282,0.9290780141843972,490.9645390070922,891,0.7901234567901234,415.19640852974186,891,0.7867564534231201,413.6947250280584,2493,0,0,uniform=1267;replay=623;mutate=611,92.00277018547058,20b20ac
mutate_post,2,307200,282,0.1595744680851064,296.8758865248227,891,0.0,120.21885521885523,891,0.0,119.17957351290684,2493,0,0,uniform=1267;replay=623;mutate=611,92.00277018547058,20b20ac
mutate_post,2,368640,282,0.9929078014184397,496.9148936170213,891,0.031425364758698095,78.2368125701459,891,0.024691358024691357,75.22558922558923,2493,0,0,uniform=1267;replay=623;mutate=611,92.00277018547058,20b20ac
mutate_post,2,430080,282,0.9858156028368794,495.3333333333333,891,0.675645342312009,376.85185185185185,891,0.6621773288439955,372.9169472502806,2493,0,0,uniform=1267;replay=623;mutate=611,92.00277018547058,20b20ac
mutate_post,2,491520,282,0.8439716312056738,477.2340425531915,891,0.002244668911335578,185.25140291806957,891,0.002244668911335578,181.4837261503928,2493,0,0,uniform=1267;replay=623;mutate=611,92.00277018547058,20b20ac
mutate_post,2,552960,282,0.9929078014184397,497.01418439716315,891,0.30303030303030304,202.06958473625141,891,0.28170594837261503,193.82828282828282,2493,0,0,uniform=1267;replay=623;mutate=611,92.00277018547058,20b20ac
mutate_post,2,614400,282,0.9716312056737588,494.790780141844,891,0.1739618406285073,141.44781144781146,891,0.15151515151515152,130.5364758698092,2493,0,0,uniform=1267;replay=623;mutate=611,92.00277018547058,20b20ac
sir_is05,2,0,282,0.0,46.173758865248224,891,0.0,21.438832772166105,891,0.0,21.32435465768799,2692,0,0,uniform=666;sir=2034,92.78061103820801,20b20ac
sir_is05,2,61440,282,0.07092198581560284,256.09929078014187,891,0.0,132.0516273849607,891,0.0,130.59259259259258,2692,0,0,uniform=666;sir=2034,92.78061103820801,20b20ac
sir_is05,2,122880,282,0.7127659574468085,450.9326241134752,891,0.345679012345679,314.1077441077441,891,0.3333333333333333,306.3591470258137,2692,0,0,uniform=666;sir=2034,92.78061103820801,20b20ac
sir_is05,2,184320,282,0.07801418439716312,258.90425531914894,891,0.0,116.1604938271605,891,0.0,115.61840628507295,2692,0,0,uniform=666;sir=2034,92.78061103820801,20b20ac
sir_is05,2,245760,282,0.028368794326241134,223.38652482269504,891,0.0,116.59708193041526,891,0.0,116.44556677890012,2692,0,0,uniform=666;sir=2034,92.78061103820801,20b20ac
sir_is05,2,307200,282,0.9964539007092199,498.5531914893617,891,0.5723905723905723,320.81032547699215,891,0.5364758698092031,305.71156004489336,2692,0,0,uniform=666;sir=2034,92.78061103820801,20b20ac
sir_is05,2,368640,282,0.9929078014184397,497.21985815602835,891,0.8866442199775533,454.0830527497194,891,0.8686868686868687,446.60381593714925,2692,0,0,uniform=666;sir=2034,92.78061103820801,20b20ac
sir_is05,2,430080,282,0.24113475177304963,387.50354609929076,891,0.468013468013468,309.010101010101,891,0.44668911335578004,300.25589225589226,2692,0,0,uniform=666;sir=2034,92.78061103820801,20b20ac
sir_is05,2,491520,282,0.0425531914893617,300.6276595744681,891,0.244668911335578,286.016835016835,891,0.23232323232323232,281.0830527497194,2692,0,0,uniform=666;sir=2034,92.78061103820801,20b20ac
sir_is05,2,552960,282,0.9929078014184397,496.9645390070922,891,0.20987654320987653,158.1492704826038,891,0.17059483726150393,141.36812570145904,2692,0,0,uniform=666;sir=2034,92.78061103820801,20b20ac
sir_is05,2,614400,282,0.9645390070921985,492.8936170212766,891,0.792368125701459,414.692480359147,891,0.7755331088664422,407.44781144781143,2692,0,0,uniform=666;sir=2034,92.78061103820801,20b20ac
replay_post,2,0,282,0.0,11.570921985815604,891,0.0,18.607182940516275,891,0.0,17.510662177328843,2560,0,0,uniform=1309;replay=1259,93.03004002571106,20b20ac
replay_post,2,61440,282,0.20921985815602837,308.63829787234044,891,0.0,138.72390572390572,891,0.0,136.99438832772165,2560,0,0,uniform=1309;replay=1259,93.03004002571106,20b20ac
replay_post,2,122880,282,0.6702127659574468,444.8936170212766,891,0.001122334455667789,184.92592592592592,891,0.001122334455667789,182.52749719416386,2560,0,0,uniform=1309;replay=1259,93.03004002571106,20b20ac
replay_post,2,184320,282,0.0851063829787234,307.92198581560285,891,0.21885521885521886,243.25252525252526,891,0.2166105499438833,242.60718294051628,2560,0,0,uniform=1309;replay=1259,93.03004002571106,20b20ac
replay_post,2,245760,282,0.5886524822695035,440.2163120567376,891,0.001122334455667789,157.78563411896747,891,0.0,155.56341189674524,2560,0,0,uniform=1309;replay=1259,93.03004002571106,20b20ac
replay_post,2,307200,282,0.07446808510638298,329.5567375886525,891,0.13468013468013468,188.10886644219977,891,0.15824915824915825,194.672278338945,2560,0,0,uniform=1309;replay=1259,93.03004002571106,20b20ac
replay_post,2,368640,282,0.9929078014184397,498.36170212765956,891,0.37149270482603813,233.91694725028057,891,0.36251402918069586,230.06846240179573,2560,0,0,uniform=1309;replay=1259,93.03004002571106,20b20ac
replay_post,2,430080,282,1.0,500.0,891,0.5768799102132436,321.19640852974186,891,0.5869809203142536,325.49607182940514,2560,0,0,uniform=1309;replay=1259,93.03004002571106,20b20ac
replay_post,2,491520,282,0.9929078014184397,497.06382978723406,891,0.10549943883277217,109.11560044893378,891,0.08866442199775533,101.80246913580247,2560,0,0,uniform=1309;replay=1259,93.03004002571106,20b20ac
replay_post,2,552960,282,0.9929078014184397,498.1241134751773,891,0.4725028058361392,277.17845117845116,891,0.4567901234567901,269.6644219977553,2560,0,0,uniform=1309;replay=1259,93.03004002571106,20b20ac
replay_post,2,614400,282,0.9893617021276596,495.3191489361702,891,0.003367003367003367,62.362514029180694,891,0.003367003367003367,62.195286195286194,2560,0,0,uniform=1309;replay=1259,93.03004002571106,20b20ac
sir_a1,3,0,282,0.0,16.322695035460992,891,0.0,49.0,891,0.0,49.87766554433221,3126,0,0,uniform=1555;sir=1579,92.99834132194519,20b20ac
sir_a1,3,61440,282,0.4929078014184397,416.6914893617021,891,0.003367003367003367,199.9551066217733,891,0.005611672278338945,197.08641975308643,3126,0,0,uniform=1555;sir=1579,92.99834132194519,20b20ac
sir_a1,3,122880,282,0.024822695035460994,226.2695035460993,891,0.0,113.31088664421998,891,0.0,112.64646464646465,3126,0,0,uniform=1555;sir=1579,92.99834132194519,20b20ac
sir_a1,3,184320,282,0.1453900709219858,284.81205673758865,891,0.0,113.1391694725028,891,0.0,112.48933782267116,3126,0,0,uniform=1555;sir=1579,92.99834132194519,20b20ac
sir_a1,3,245760,282,0.0673758865248227,241.61702127659575,891,0.0,131.59147025813692,891,0.0,130.21661054994388,3126,0,0,uniform=1555;sir=1579,92.99834132194519,20b20ac
sir_a1,3,307200,282,0.03546099290780142,180.01063829787233,891,0.0,113.2615039281706,891,0.002244668911335578,113.05723905723906,3126,0,0,uniform=1555;sir=1579,92.99834132194519,20b20ac
sir_a1,3,368640,282,0.031914893617021274,205.38652482269504,891,0.004489337822671156,146.4814814814815,891,0.013468013468013467,150.34343434343435,3126,0,0,uniform=1555;sir=1579,92.99834132194519,20b20ac
sir_a1,3,430080,282,0.04609929078014184,227.34397163120568,891,0.001122334455667789,129.9405162738496,891,0.002244668911335578,130.15824915824916,3126,0,0,uniform=1555;sir=1579,92.99834132194519,20b20ac
sir_a1,3,491520,282,0.02127659574468085,341.57801418439715,891,0.001122334455667789,111.41750841750842,891,0.002244668911335578,109.04826038159372,3126,0,0,uniform=1555;sir=1579,92.99834132194519,20b20ac
sir_a1,3,552960,282,0.4787234042553192,441.6063829787234,891,0.14927048260381592,192.37149270482604,891,0.13019079685746351,183.39955106621773,3126,0,0,uniform=1555;sir=1579,92.99834132194519,20b20ac
sir_a1,3,614400,282,0.9964539007092199,498.7517730496454,891,0.5420875420875421,309.1324354657688,891,0.5465768799102132,311.631874298541,3126,0,0,uniform=1555;sir=1579,92.99834132194519,20b20ac
verifai_surr,2,0,282,0.0070921985815602835,121.63475177304964,891,0.0,64.47138047138047,891,0.0,64.72951739618406,2787,0,0,uniform=1458;verifai=1337,97.75120782852173,20b20ac
verifai_surr,2,61440,282,0.12056737588652482,299.36524822695037,891,0.001122334455667789,146.8092031425365,891,0.0,145.5218855218855,2787,0,0,uniform=1458;verifai=1337,97.75120782852173,20b20ac
verifai_surr,2,122880,282,0.41134751773049644,397.1843971631206,891,0.001122334455667789,193.69023569023568,891,0.002244668911335578,192.2749719416386,2787,0,0,uniform=1458;verifai=1337,97.75120782852173,20b20ac
verifai_surr,2,184320,282,0.08156028368794327,251.354609929078,891,0.0,117.19977553310886,891,0.0,116.47811447811448,2787,0,0,uniform=1458;verifai=1337,97.75120782852173,20b20ac
verifai_surr,2,245760,282,0.9397163120567376,490.76241134751774,891,0.8080808080808081,423.02244668911334,891,0.7991021324354658,419.5881032547699,2787,0,0,uniform=1458;verifai=1337,97.75120782852173,20b20ac
verifai_surr,2,307200,282,0.9326241134751773,488.13829787234044,891,0.49607182940516276,282.89337822671155,891,0.5061728395061729,286.692480359147,2787,0,0,uniform=1458;verifai=1337,97.75120782852173,20b20ac
verifai_surr,2,368640,282,0.9893617021276596,495.25531914893617,891,0.001122334455667789,57.19191919191919,891,0.001122334455667789,56.96408529741863,2787,0,0,uniform=1458;verifai=1337,97.75120782852173,20b20ac
verifai_surr,2,430080,282,0.5141843971631206,454.7588652482269,891,0.028058361391694726,207.41526374859708,891,0.04713804713804714,207.8080808080808,2787,0,0,uniform=1458;verifai=1337,97.75120782852173,20b20ac
verifai_surr,2,491520,282,0.9858156028368794,495.5,891,0.6599326599326599,355.9450056116723,891,0.6150392817059483,336.53872053872055,2787,0,0,uniform=1458;verifai=1337,97.75120782852173,20b20ac
verifai_surr,2,552960,282,0.9893617021276596,496.71985815602835,891,0.4837261503928171,280.55218855218857,891,0.4725028058361392,275.5544332210999,2787,0,0,uniform=1458;verifai=1337,97.75120782852173,20b20ac
verifai_surr,2,614400,282,0.975177304964539,489.0567375886525,891,0.002244668911335578,59.158249158249156,891,0.002244668911335578,59.704826038159375,2787,0,0,uniform=1458;verifai=1337,97.75120782852173,20b20ac
sir_a4,3,0,282,0.0,88.00354609929079,891,0.0,43.2648709315376,891,0.0,42.44668911335578,2612,0,0,uniform=1337;sir=1283,95.24056720733643,20b20ac
sir_a4,3,61440,282,0.23049645390070922,328.8723404255319,891,0.001122334455667789,138.88103254769922,891,0.0,137.26936026936028,2612,0,0,uniform=1337;sir=1283,95.24056720733643,20b20ac
sir_a4,3,122880,282,0.0673758865248227,265.8404255319149,891,0.0,138.30415263748597,891,0.0,137.70482603815938,2612,0,0,uniform=1337;sir=1283,95.24056720733643,20b20ac
sir_a4,3,184320,282,0.9078014184397163,487.93617021276594,891,0.5016835016835017,378.4500561167228,891,0.4994388327721661,374.1402918069585,2612,0,0,uniform=1337;sir=1283,95.24056720733643,20b20ac
sir_a4,3,245760,282,0.06382978723404255,215.88652482269504,891,0.0,116.31986531986531,891,0.0,115.47138047138047,2612,0,0,uniform=1337;sir=1283,95.24056720733643,20b20ac
sir_a4,3,307200,282,0.9858156028368794,493.86170212765956,891,0.0,57.13916947250281,891,0.0,56.92368125701459,2612,0,0,uniform=1337;sir=1283,95.24056720733643,20b20ac
sir_a4,3,368640,282,0.9893617021276596,495.3723404255319,891,0.01122334455667789,69.20650953984287,891,0.016835016835016835,70.82716049382717,2612,0,0,uniform=1337;sir=1283,95.24056720733643,20b20ac
sir_a4,3,430080,282,0.9893617021276596,497.0744680851064,891,0.28170594837261503,190.84848484848484,891,0.25813692480359146,180.8013468013468,2612,0,0,uniform=1337;sir=1283,95.24056720733643,20b20ac
sir_a4,3,491520,282,0.9432624113475178,475.49645390070924,891,0.002244668911335578,55.906846240179576,891,0.0,55.45117845117845,2612,0,0,uniform=1337;sir=1283,95.24056720733643,20b20ac
sir_a4,3,552960,282,0.9858156028368794,493.71985815602835,891,0.06846240179573512,93.0314253647587,891,0.06397306397306397,90.06397306397307,2612,0,0,uniform=1337;sir=1283,95.24056720733643,20b20ac
sir_a4,3,614400,282,0.950354609929078,490.33687943262413,891,0.32996632996632996,249.17283950617283,891,0.31986531986531985,247.1874298540965,2612,0,0,uniform=1337;sir=1283,95.24056720733643,20b20ac
sir_is,3,0,282,0.0,14.085106382978724,891,0.0,39.7631874298541,891,0.0,40.123456790123456,2752,0,0,uniform=660;sir=2100,94.8367121219635,20b20ac
sir_is,3,61440,282,0.07092198581560284,251.8758865248227,891,0.0,121.48260381593715,891,0.0,120.38608305274973,2752,0,0,uniform=660;sir=2100,94.8367121219635,20b20ac
sir_is,3,122880,282,0.0851063829787234,262.5744680851064,891,0.0,113.76767676767676,891,0.0,113.0280583613917,2752,0,0,uniform=660;sir=2100,94.8367121219635,20b20ac
sir_is,3,184320,282,0.031914893617021274,207.2163120567376,891,0.06060606060606061,180.08305274971943,891,0.04601571268237935,175.89001122334454,2752,0,0,uniform=660;sir=2100,94.8367121219635,20b20ac
sir_is,3,245760,282,0.14184397163120568,308.45390070921985,891,0.0,134.48597081930416,891,0.0,133.61840628507295,2752,0,0,uniform=660;sir=2100,94.8367121219635,20b20ac
sir_is,3,307200,282,0.0851063829787234,270.8262411347518,891,0.0,122.15375982042649,891,0.0,122.21099887766555,2752,0,0,uniform=660;sir=2100,94.8367121219635,20b20ac
sir_is,3,368640,282,0.9858156028368794,498.13120567375887,891,0.5095398428731762,292.1818181818182,891,0.5050505050505051,290.6228956228956,2752,0,0,uniform=660;sir=2100,94.8367121219635,20b20ac
sir_is,3,430080,282,0.9787234042553191,495.4468085106383,891,0.7037037037037037,380.18742985409654,891,0.7070707070707071,381.4938271604938,2752,0,0,uniform=660;sir=2100,94.8367121219635,20b20ac
sir_is,3,491520,282,0.7021276595744681,469.66312056737587,891,0.5398428731762065,383.6509539842873,891,0.5308641975308642,381.645342312009,2752,0,0,uniform=660;sir=2100,94.8367121219635,20b20ac
sir_is,3,552960,282,0.9929078014184397,496.97872340425533,891,0.4152637485970819,251.98316498316498,891,0.38496071829405165,238.14141414141415,2752,0,0,uniform=660;sir=2100,94.8367121219635,20b20ac
sir_is,3,614400,282,0.6950354609929078,465.5248226950355,891,0.2839506172839506,320.4433221099888,891,0.2255892255892256,303.368125701459,2752,0,0,uniform=660;sir=2100,94.8367121219635,20b20ac
sir_is05,3,0,282,0.0,86.99290780141844,891,0.0,66.0246913580247,891,0.0,66.09876543209876,3076,0,0,uniform=816;sir=2268,96.31457281112671,20b20ac
sir_is05,3,61440,282,0.08865248226950355,254.5177304964539,891,0.0,117.80583613916947,891,0.0,116.91919191919192,3076,0,0,uniform=816;sir=2268,96.31457281112671,20b20ac
sir_is05,3,122880,282,0.2198581560283688,343.8510638297872,891,0.06734006734006734,180.96745230078562,891,0.051627384960718295,178.83501683501683,3076,0,0,uniform=816;sir=2268,96.31457281112671,20b20ac
sir_is05,3,184320,282,0.04964539007092199,243.5,891,0.001122334455667789,123.36363636363636,891,0.003367003367003367,124.3658810325477,3076,0,0,uniform=816;sir=2268,96.31457281112671,20b20ac
sir_is05,3,245760,282,0.13120567375886524,300.22340425531917,891,0.0,136.91021324354656,891,0.0,136.1604938271605,3076,0,0,uniform=816;sir=2268,96.31457281112671,20b20ac
sir_is05,3,307200,282,0.9539007092198581,493.11347517730496,891,0.44668911335578004,346.7957351290685,891,0.4208754208754209,335.6296296296296,3076,0,0,uniform=816;sir=2268,96.31457281112671,20b20ac
sir_is05,3,368640,282,0.5673758865248227,415.15602836879435,891,0.002244668911335578,141.9472502805836,891,0.0,140.20426487093152,3076,0,0,uniform=816;sir=2268,96.31457281112671,20b20ac
sir_is05,3,430080,282,0.010638297872340425,174.26241134751774,891,0.004489337822671156,118.55780022446689,891,0.003367003367003367,115.45679012345678,3076,0,0,uniform=816;sir=2268,96.31457281112671,20b20ac
sir_is05,3,491520,282,0.9042553191489362,473.60283687943263,891,0.29180695847362514,219.010101010101,891,0.2772166105499439,212.77553310886645,3076,0,0,uniform=816;sir=2268,96.31457281112671,20b20ac
sir_is05,3,552960,282,0.9858156028368794,493.8156028368794,891,0.001122334455667789,56.04040404040404,891,0.001122334455667789,55.83838383838384,3076,0,0,uniform=816;sir=2268,96.31457281112671,20b20ac
sir_is05,3,614400,282,0.9822695035460993,492.21985815602835,891,0.002244668911335578,55.46127946127946,891,0.001122334455667789,55.14141414141414,3076,0,0,uniform=816;sir=2268,96.31457281112671,20b20ac
replay_post,3,0,282,0.0,78.24468085106383,891,0.0,53.1324354657688,891,0.0,52.170594837261504,2692,0,0,uniform=1330;replay=1370,94.8013231754303,20b20ac
replay_post,3,61440,282,0.06028368794326241,246.1418439716312,891,0.0,117.77665544332211,891,0.0,117.10213243546576,2692,0,0,uniform=1330;replay=1370,94.8013231754303,20b20ac
replay_post,3,122880,282,0.09929078014184398,342.1063829787234,891,0.29180695847362514,250.53198653198652,891,0.3052749719416386,253.52861952861952,2692,0,0,uniform=1330;replay=1370,94.8013231754303,20b20ac
replay_post,3,184320,282,0.07446808510638298,279.22340425531917,891,0.0,97.34455667789001,891,0.0,98.10213243546576,2692,0,0,uniform=1330;replay=1370,94.8013231754303,20b20ac
replay_post,3,245760,282,0.3900709219858156,385.3014184397163,891,0.06172839506172839,173.55218855218854,891,0.04264870931537598,171.6374859708193,2692,0,0,uniform=1330;replay=1370,94.8013231754303,20b20ac
replay_post,3,307200,282,0.02127659574468085,200.89361702127658,891,0.0,117.63973063973064,891,0.0,116.94388327721661,2692,0,0,uniform=1330;replay=1370,94.8013231754303,20b20ac
replay_post,3,368640,282,0.9397163120567376,492.76241134751774,891,0.4657687991021324,332.46576879910214,891,0.44107744107744107,322.0796857463524,2692,0,0,uniform=1330;replay=1370,94.8013231754303,20b20ac
replay_post,3,430080,282,0.9858156028368794,494.8829787234043,891,0.12906846240179573,119.50729517396184,891,0.1447811447811448,125.20987654320987,2692,0,0,uniform=1330;replay=1370,94.8013231754303,20b20ac
replay_post,3,491520,282,0.9716312056737588,490.54609929078015,891,0.0,55.851851851851855,891,0.0,55.70145903479237,2692,0,0,uniform=1330;replay=1370,94.8013231754303,20b20ac
replay_post,3,552960,282,0.9822695035460993,494.1914893617021,891,0.052749719416386086,87.8327721661055,891,0.04377104377104377,83.87991021324355,2692,0,0,uniform=1330;replay=1370,94.8013231754303,20b20ac
replay_post,3,614400,282,0.9716312056737588,491.00354609929076,891,0.0,58.44107744107744,891,0.0,58.14702581369248,2692,0,0,uniform=1330;replay=1370,94.8013231754303,20b20ac
mutate_post,3,0,282,0.03900709219858156,89.44326241134752,891,0.0,32.65993265993266,891,0.0,32.668911335578,2469,0,0,uniform=1277;replay=575;mutate=625,98.26427102088928,20b20ac
mutate_post,3,61440,282,0.20212765957446807,311.18794326241135,891,0.0,132.69248035914703,891,0.0,131.39281705948372,2469,0,0,uniform=1277;replay=575;mutate=625,98.26427102088928,20b20ac
mutate_post,3,122880,282,0.05319148936170213,253.12056737588654,891,0.0707070707070707,191.08641975308643,891,0.06397306397306397,190.45230078563412,2469,0,0,uniform=1277;replay=575;mutate=625,98.26427102088928,20b20ac
mutate_post,3,184320,282,0.8617021276595744,482.3191489361702,891,0.1739618406285073,302.10662177328845,891,0.16722783389450055,299.8731762065095,2469,0,0,uniform=1277;replay=575;mutate=625,98.26427102088928,20b20ac
mutate_post,3,245760,282,0.9929078014184397,498.33687943262413,891,0.7317620650953984,388.43322109988776,891,0.7081930415263749,378.82042648709313,2469,0,0,uniform=1277;replay=575;mutate=625,98.26427102088928,20b20ac
mutate_post,3,307200,282,0.7021276595744681,471.29432624113474,891,0.0,96.16835016835017,891,0.0,94.04826038159372,2469,0,0,uniform=1277;replay=575;mutate=625,98.26427102088928,20b20ac
mutate_post,3,368640,282,0.9893617021276596,495.2588652482269,891,0.001122334455667789,59.44107744107744,891,0.003367003367003367,60.08417508417509,2469,0,0,uniform=1277;replay=575;mutate=625,98.26427102088928,20b20ac
mutate_post,3,430080,282,0.1950354609929078,389.2163120567376,891,0.4769921436588103,315.8507295173962,891,0.468013468013468,312.337822671156,2469,0,0,uniform=1277;replay=575;mutate=625,98.26427102088928,20b20ac
mutate_post,3,491520,282,0.9893617021276596,496.75531914893617,891,0.13804713804713806,124.33670033670033,891,0.12682379349046016,119.18518518518519,2469,0,0,uniform=1277;replay=575;mutate=625,98.26427102088928,20b20ac
mutate_post,3,552960,282,0.9964539007092199,498.65248226950354,891,0.7171717171717171,381.9472502805836,891,0.6857463524130191,368.93939393939394,2469,0,0,uniform=1277;replay=575;mutate=625,98.26427102088928,20b20ac
mutate_post,3,614400,282,0.9893617021276596,496.70212765957444,891,0.33221099887766553,213.30864197530863,891,0.2951739618406285,196.75420875420875,2469,0,0,uniform=1277;replay=575;mutate=625,98.26427102088928,20b20ac
sir_a4,4,0,282,0.0,11.25177304964539,891,0.0,23.263748597081932,891,0.0,24.216610549943884,2736,0,0,uniform=1403;sir=1341,105.17829775810242,20b20ac
sir_a4,4,61440,282,0.25177304964539005,377.92907801418437,891,0.12570145903479238,249.46801346801348,891,0.11447811447811448,247.21548821548822,2736,0,0,uniform=1403;sir=1341,105.17829775810242,20b20ac
sir_a4,4,122880,282,0.08156028368794327,244.09574468085106,891,0.0,109.23905723905725,891,0.0,108.59820426487093,2736,0,0,uniform=1403;sir=1341,105.17829775810242,20b20ac
sir_a4,4,184320,282,0.07092198581560284,283.02127659574467,891,0.0,120.25701459034792,891,0.0,120.03367003367003,2736,0,0,uniform=1403;sir=1341,105.17829775810242,20b20ac
sir_a4,4,245760,282,0.9574468085106383,495.01418439716315,891,0.510662177328844,395.0875420875421,891,0.5016835016835017,388.95286195286195,2736,0,0,uniform=1403;sir=1341,105.17829775810242,20b20ac
sir_a4,4,307200,282,0.8794326241134752,476.93971631205676,891,0.4983164983164983,315.09539842873176,891,0.4702581369248036,305.22895622895624,2736,0,0,uniform=1403;sir=1341,105.17829775810242,20b20ac
sir_a4,4,368640,282,0.08865248226950355,266.84397163120565,891,0.001122334455667789,115.92143658810325,891,0.0,114.93490460157126,2736,0,0,uniform=1403;sir=1341,105.17829775810242,20b20ac
sir_a4,4,430080,282,0.5673758865248227,414.38652482269504,891,0.18069584736251404,198.96071829405162,891,0.16161616161616163,191.95959595959596,2736,0,0,uniform=1403;sir=1341,105.17829775810242,20b20ac
sir_a4,4,491520,282,0.8971631205673759,484.709219858156,891,0.5263748597081931,354.32996632996634,891,0.5151515151515151,347.52076318742985,2736,0,0,uniform=1403;sir=1341,105.17829775810242,20b20ac
sir_a4,4,552960,282,0.7872340425531915,473.6063829787234,891,0.001122334455667789,229.02469135802468,891,0.0,228.19304152637486,2736,0,0,uniform=1403;sir=1341,105.17829775810242,20b20ac
sir_a4,4,614400,282,0.6524822695035462,452.7659574468085,891,0.2951739618406285,250.21099887766553,891,0.2962962962962963,247.4803591470258,2736,0,0,uniform=1403;sir=1341,105.17829775810242,20b20ac
sir_a1,4,0,282,0.0,10.648936170212766,891,0.0,16.47250280583614,891,0.0,16.772166105499437,2588,0,0,uniform=1287;sir=1309,107.6567952632904,20b20ac
sir_a1,4,61440,282,0.13120567375886524,278.0567375886525,891,0.003367003367003367,149.95286195286195,891,0.003367003367003367,147.91806958473626,2588,0,0,uniform=1287;sir=1309,107.6567952632904,20b20ac
sir_a1,4,122880,282,0.4078014184397163,414.9468085106383,891,0.0,98.99438832772167,891,0.0,98.37822671156005,2588,0,0,uniform=1287;sir=1309,107.6567952632904,20b20ac
sir_a1,4,184320,282,0.15602836879432624,382.59574468085106,891,0.4062850729517396,321.2749719416386,891,0.4074074074074074,320.76206509539844,2588,0,0,uniform=1287;sir=1309,107.6567952632904,20b20ac
sir_a1,4,245760,282,0.08865248226950355,256.3404255319149,891,0.001122334455667789,108.73288439955107,891,0.0,107.86644219977553,2588,0,0,uniform=1287;sir=1309,107.6567952632904,20b20ac
sir_a1,4,307200,282,0.975177304964539,496.2659574468085,891,0.9427609427609428,477.1245791245791,891,0.9326599326599326,473.4848484848485,2588,0,0,uniform=1287;sir=1309,107.6567952632904,20b20ac
sir_a1,4,368640,282,0.01773049645390071,285.4432624113475,891,0.15039281705948374,249.5084175084175,891,0.1425364758698092,247.34343434343435,2588,0,0,uniform=1287;sir=1309,107.6567952632904,20b20ac
sir_a1,4,430080,282,0.4397163120567376,449.8510638297872,891,0.028058361391694726,162.341189674523,891,0.024691358024691357,159.74186307519642,2588,0,0,uniform=1287;sir=1309,107.6567952632904,20b20ac
sir_a1,4,491520,282,0.9893617021276596,495.28014184397165,891,0.001122334455667789,57.55555555555556,891,0.0,57.13019079685746,2588,0,0,uniform=1287;sir=1309,107.6567952632904,20b20ac
sir_a1,4,552960,282,0.8617021276595744,471.7411347517731,891,0.7542087542087542,402.24691358024694,891,0.7542087542087542,402.17957351290687,2588,0,0,uniform=1287;sir=1309,107.6567952632904,20b20ac
sir_a1,4,614400,282,0.9893617021276596,496.7588652482269,891,0.8507295173961841,439.95510662177327,891,0.8406285072951739,436.06397306397304,2588,0,0,uniform=1287;sir=1309,107.6567952632904,20b20ac
sir_is,4,0,282,0.0,23.45390070921986,891,0.0,32.73737373737374,891,0.0,32.91245791245791,2746,0,0,uniform=693;sir=2061,107.16032004356384,20b20ac
sir_is,4,61440,282,0.19148936170212766,321.70212765957444,891,0.0,132.5611672278339,891,0.0,131.31649831649833,2746,0,0,uniform=693;sir=2061,107.16032004356384,20b20ac
sir_is,4,122880,282,0.1879432624113475,343.67021276595744,891,0.0,123.29180695847363,891,0.0,121.70931537598204,2746,0,0,uniform=693;sir=2061,107.16032004356384,20b20ac
sir_is,4,184320,282,0.4929078014184397,428.5531914893617,891,0.001122334455667789,174.0561167227834,891,0.0,171.16835016835017,2746,0,0,uniform=693;sir=2061,107.16032004356384,20b20ac
sir_is,4,245760,282,0.9361702127659575,485.10283687943263,891,0.6374859708193041,355.2166105499439,891,0.6262626262626263,349.8641975308642,2746,0,0,uniform=693;sir=2061,107.16032004356384,20b20ac
sir_is,4,307200,282,0.2801418439716312,346.86524822695037,891,0.0,127.65095398428731,891,0.0,126.81032547699215,2746,0,0,uniform=693;sir=2061,107.16032004356384,20b20ac
sir_is,4,368640,282,0.8191489361702128,481.35460992907804,891,0.3894500561167228,337.88664421997754,891,0.38047138047138046,328.13916947250283,2746,0,0,uniform=693;sir=2061,107.16032004356384,20b20ac
sir_is,4,430080,282,0.9361702127659575,492.88652482269504,891,0.1717171717171717,141.45566778900113,891,0.14702581369248036,129.39618406285072,2746,0,0,uniform=693;sir=2061,107.16032004356384,20b20ac
sir_is,4,491520,282,0.9787234042553191,496.59574468085106,891,0.6992143658810326,378.77890011223343,891,0.6958473625140292,376.83052749719417,2746,0,0,uniform=693;sir=2061,107.16032004356384,20b20ac
sir_is,4,552960,282,0.9893617021276596,496.790780141844,891,0.9113355780022446,464.33670033670035,891,0.8956228956228957,457.68799102132436,2746,0,0,uniform=693;sir=2061,107.16032004356384,20b20ac
sir_is,4,614400,282,0.9858156028368794,495.4078014184397,891,0.35353535353535354,218.6195286195286,891,0.3479236812570146,215.4601571268238,2746,0,0,uniform=693;sir=2061,107.16032004356384,20b20ac
verifai_surr,3,0,282,0.0,30.418439716312058,891,0.0,15.434343434343434,891,0.0,15.42648709315376,3151,0,0,uniform=1574;verifai=1585,111.89975500106812,20b20ac
verifai_surr,3,61440,282,0.4326241134751773,400.8829787234043,891,0.4062850729517396,280.78563411896744,891,0.4051627384960718,280.50392817059486,3151,0,0,uniform=1574;verifai=1585,111.89975500106812,20b20ac
verifai_surr,3,122880,282,0.09219858156028368,262.709219858156,891,0.001122334455667789,110.11111111111111,891,0.0,109.19977553310886,3151,0,0,uniform=1574;verifai=1585,111.89975500106812,20b20ac
verifai_surr,3,184320,282,0.07801418439716312,281.2588652482269,891,0.005611672278338945,162.37037037037038,891,0.008978675645342313,160.0875420875421,3151,0,0,uniform=1574;verifai=1585,111.89975500106812,20b20ac
verifai_surr,3,245760,282,0.3191489361702128,381.1666666666667,891,0.008978675645342313,163.5162738496072,891,0.014590347923681257,162.77890011223346,3151,0,0,uniform=1574;verifai=1585,111.89975500106812,20b20ac
verifai_surr,3,307200,282,0.3120567375886525,365.87943262411346,891,0.004489337822671156,170.33557800224466,891,0.008978675645342313,168.45342312008978,3151,0,0,uniform=1574;verifai=1585,111.89975500106812,20b20ac
verifai_surr,3,368640,282,0.031914893617021274,213.09929078014184,891,0.001122334455667789,112.29854096520764,891,0.0,111.36700336700336,3151,0,0,uniform=1574;verifai=1585,111.89975500106812,20b20ac
verifai_surr,3,430080,282,0.06382978723404255,257.88652482269504,891,0.0,122.90123456790124,891,0.0,122.61840628507295,3151,0,0,uniform=1574;verifai=1585,111.89975500106812,20b20ac
verifai_surr,3,491520,282,0.010638297872340425,210.86524822695034,891,0.0,92.27833894500561,891,0.003367003367003367,92.96408529741863,3151,0,0,uniform=1574;verifai=1585,111.89975500106812,20b20ac
verifai_surr,3,552960,282,0.9680851063829787,494.25531914893617,891,0.030303030303030304,77.13355780022447,891,0.02244668911335578,76.65656565656566,3151,0,0,uniform=1574;verifai=1585,111.89975500106812,20b20ac
verifai_surr,3,614400,282,0.9184397163120568,490.02836879432624,891,0.09876543209876543,110.38945005611673,891,0.11335578002244669,115.672278338945,3151,0,0,uniform=1574;verifai=1585,111.89975500106812,20b20ac
sir_is05,4,0,282,0.0,16.414893617021278,891,0.0,50.68911335578002,891,0.0,50.73288439955107,2969,0,0,uniform=743;sir=2234,108.19576287269592,20b20ac
sir_is05,4,61440,282,0.1347517730496454,291.26241134751774,891,0.0,131.31649831649833,891,0.0,130.62626262626262,2969,0,0,uniform=743;sir=2234,108.19576287269592,20b20ac
sir_is05,4,122880,282,0.0425531914893617,200.17021276595744,891,0.0,107.71043771043772,891,0.0,107.09652076318743,2969,0,0,uniform=743;sir=2234,108.19576287269592,20b20ac
sir_is05,4,184320,282,0.07446808510638298,274.1489361702128,891,0.02356902356902357,163.1571268237935,891,0.031425364758698095,159.7070707070707,2969,0,0,uniform=743;sir=2234,108.19576287269592,20b20ac
sir_is05,4,245760,282,0.2198581560283688,307.031914893617,891,0.0,117.22895622895624,891,0.001122334455667789,116.6341189674523,2969,0,0,uniform=743;sir=2234,108.19576287269592,20b20ac
sir_is05,4,307200,282,0.09574468085106383,304.5531914893617,891,0.15151515151515152,209.34343434343435,891,0.13580246913580246,202.67340067340066,2969,0,0,uniform=743;sir=2234,108.19576287269592,20b20ac
sir_is05,4,368640,282,0.450354609929078,393.16312056737587,891,0.001122334455667789,140.82491582491582,891,0.0,139.53872053872053,2969,0,0,uniform=743;sir=2234,108.19576287269592,20b20ac
sir_is05,4,430080,282,0.8439716312056738,466.2482269503546,891,0.1537598204264871,204.69023569023568,891,0.14590347923681257,199.59820426487093,2969,0,0,uniform=743;sir=2234,108.19576287269592,20b20ac
sir_is05,4,491520,282,0.9822695035460993,497.290780141844,891,0.5162738496071829,297.8742985409652,891,0.5375982042648709,306.25589225589226,2969,0,0,uniform=743;sir=2234,108.19576287269592,20b20ac
sir_is05,4,552960,282,0.04609929078014184,274.43617021276594,891,0.0,239.86868686868686,891,0.0,240.2300785634119,2969,0,0,uniform=743;sir=2234,108.19576287269592,20b20ac
sir_is05,4,614400,282,0.9432624113475178,486.79432624113474,891,0.002244668911335578,69.73737373737374,891,0.002244668911335578,69.89786756453424,2969,0,0,uniform=743;sir=2234,108.19576287269592,20b20ac
replay_post,4,0,282,0.0,14.21985815602837,891,0.0,36.84624017957351,891,0.0,35.95735129068463,2282,0,0,uniform=1183;replay=1107,118.70080995559692,20b20ac
replay_post,4,61440,282,0.24822695035460993,367.7340425531915,891,0.001122334455667789,120.43883277216611,891,0.004489337822671156,114.33221099887767,2282,0,0,uniform=1183;replay=1107,118.70080995559692,20b20ac
replay_post,4,122880,282,0.900709219858156,493.1595744680851,891,0.4399551066217733,393.84062850729515,891,0.4219977553310887,389.90011223344555,2282,0,0,uniform=1183;replay=1107,118.70080995559692,20b20ac
replay_post,4,184320,282,0.7943262411347518,478.0070921985816,891,0.037037037037037035,254.67003367003366,891,0.037037037037037035,250.26038159371492,2282,0,0,uniform=1183;replay=1107,118.70080995559692,20b20ac
replay_post,4,245760,282,0.9858156028368794,495.7659574468085,891,0.8945005611672279,457.4320987654321,891,0.8832772166105499,452.8956228956229,2282,0,0,uniform=1183;replay=1107,118.70080995559692,20b20ac
replay_post,4,307200,282,0.5390070921985816,449.6241134751773,891,0.6475869809203143,353.56004489337823,891,0.6150392817059483,339.4870931537598,2282,0,0,uniform=1183;replay=1107,118.70080995559692,20b20ac
replay_post,4,368640,282,0.9822695035460993,494.22340425531917,891,0.0,57.85970819304153,891,0.001122334455667789,57.53423120089787,2282,0,0,uniform=1183;replay=1107,118.70080995559692,20b20ac
replay_post,4,430080,282,0.028368794326241134,279.66312056737587,891,0.0,173.43097643097644,891,0.0,164.6969696969697,2282,0,0,uniform=1183;replay=1107,118.70080995559692,20b20ac
replay_post,4,491520,282,0.9858156028368794,494.790780141844,891,0.06846240179573512,91.00897867564534,891,0.06846240179573512,90.81481481481481,2282,0,0,uniform=1183;replay=1107,118.70080995559692,20b20ac
replay_post,4,552960,282,0.9858156028368794,494.50354609929076,891,0.1638608305274972,133.6060606060606,891,0.18069584736251404,139.8956228956229,2282,0,0,uniform=1183;replay=1107,118.70080995559692,20b20ac
replay_post,4,614400,282,0.6914893617021277,458.78014184397165,891,0.03254769921436588,169.70594837261504,891,0.04152637485970819,172.01683501683502,2282,0,0,uniform=1183;replay=1107,118.70080995559692,20b20ac
mutate_post,4,0,282,0.0,14.457446808510639,891,0.0,33.125701459034794,891,0.0,32.81257014590348,2635,0,0,uniform=1368;replay=633;mutate=642,119.81598711013794,20b20ac
mutate_post,4,61440,282,0.05673758865248227,238.06382978723406,891,0.0,114.11672278338945,891,0.0,113.45903479236813,2635,0,0,uniform=1368;replay=633;mutate=642,119.81598711013794,20b20ac
mutate_post,4,122880,282,0.37943262411347517,373.62056737588654,891,0.0,160.01571268237936,891,0.001122334455667789,158.05050505050505,2635,0,0,uniform=1368;replay=633;mutate=642,119.81598711013794,20b20ac
mutate_post,4,184320,282,0.0851063829787234,337.4326241134752,891,0.4511784511784512,305.2098765432099,891,0.44332210998877664,301.7283950617284,2635,0,0,uniform=1368;replay=633;mutate=642,119.81598711013794,20b20ac
mutate_post,4,245760,282,0.9858156028368794,496.75531914893617,891,0.9113355780022446,464.2188552188552,891,0.8933782267115601,457.5263748597082,2635,0,0,uniform=1368;replay=633;mutate=642,119.81598711013794,20b20ac
mutate_post,4,307200,282,0.9787234042553191,492.8829787234043,891,0.19865319865319866,160.341189674523,891,0.18069584736251404,152.4186307519641,2635,0,0,uniform=1368;replay=633;mutate=642,119.81598711013794,20b20ac
mutate_post,4,368640,282,0.9822695035460993,496.52836879432624,891,0.9326599326599326,472.9719416386083,891,0.9270482603815937,470.49943883277217,2635,0,0,uniform=1368;replay=633;mutate=642,119.81598711013794,20b20ac
mutate_post,4,430080,282,0.7730496453900709,449.76241134751774,891,0.06172839506172839,175.74523007856342,891,0.06285072951739619,177.1907968574635,2635,0,0,uniform=1368;replay=633;mutate=642,119.81598711013794,20b20ac
mutate_post,4,491520,282,0.9858156028368794,495.2588652482269,891,0.002244668911335578,58.686868686868685,891,0.0,58.28956228956229,2635,0,0,uniform=1368;replay=633;mutate=642,119.81598711013794,20b20ac
mutate_post,4,552960,282,0.9290780141843972,486.9255319148936,891,0.35241301907968575,286.4466891133558,891,0.3602693602693603,290.38720538720537,2635,0,0,uniform=1368;replay=633;mutate=642,119.81598711013794,20b20ac
mutate_post,4,614400,282,0.9822695035460993,495.17021276595744,891,0.7508417508417509,404.8552188552189,891,0.7429854096520763,401.28170594837263,2635,0,0,uniform=1368;replay=633;mutate=642,119.81598711013794,20b20ac
sir_a1,5,0,282,0.0,16.44326241134752,891,0.0,33.90909090909091,891,0.0,33.41975308641975,2613,0,0,uniform=1350;sir=1271,119.05044412612915,20b20ac
sir_a1,5,61440,282,0.1099290780141844,277.84751773049646,891,0.0,122.81257014590348,891,0.0,122.01683501683502,2613,0,0,uniform=1350;sir=1271,119.05044412612915,20b20ac
sir_a1,5,122880,282,0.30851063829787234,333.5496453900709,891,0.0,119.23793490460157,891,0.0,118.65207631874298,2613,0,0,uniform=1350;sir=1271,119.05044412612915,20b20ac
sir_a1,5,184320,282,0.9964539007092199,499.85460992907804,891,0.7227833894500562,388.672278338945,891,0.7149270482603816,385.2042648709315,2613,0,0,uniform=1350;sir=1271,119.05044412612915,20b20ac
sir_a1,5,245760,282,0.23404255319148937,337.4078014184397,891,0.002244668911335578,135.2962962962963,891,0.004489337822671156,133.98092031425364,2613,0,0,uniform=1350;sir=1271,119.05044412612915,20b20ac
sir_a1,5,307200,282,0.8865248226950354,484.70212765957444,891,0.40179573512906847,309.9450056116723,891,0.39730639730639733,308.2121212121212,2613,0,0,uniform=1350;sir=1271,119.05044412612915,20b20ac
sir_a1,5,368640,282,0.9787234042553191,496.15602836879435,891,0.6071829405162739,347.42873176206507,891,0.6307519640852974,355.9169472502806,2613,0,0,uniform=1350;sir=1271,119.05044412612915,20b20ac
sir_a1,5,430080,282,0.9929078014184397,497.29432624113474,891,0.6487093153759821,353.5398428731762,891,0.6105499438832772,338.7654320987654,2613,0,0,uniform=1350;sir=1271,119.05044412612915,20b20ac
sir_a1,5,491520,282,0.9858156028368794,495.0070921985816,891,0.13468013468013468,130.73400673400673,891,0.15488215488215487,140.3771043771044,2613,0,0,uniform=1350;sir=1271,119.05044412612915,20b20ac
sir_a1,5,552960,282,0.8014184397163121,468.9078014184397,891,0.1324354657687991,195.35016835016836,891,0.13468013468013468,195.10213243546576,2613,0,0,uniform=1350;sir=1271,119.05044412612915,20b20ac
sir_a1,5,614400,282,0.9858156028368794,493.86170212765956,891,0.002244668911335578,58.029180695847366,891,0.001122334455667789,57.668911335578,2613,0,0,uniform=1350;sir=1271,119.05044412612915,20b20ac
verifai_surr,4,0,282,0.0,13.25886524822695,891,0.0,36.7384960718294,891,0.0,35.94837261503928,2727,0,0,uniform=1381;verifai=1354,124.837477684021,20b20ac
verifai_surr,4,61440,282,0.06382978723404255,265.68794326241135,891,0.038159371492704826,178.62626262626262,891,0.020202020202020204,175.12345679012347,2727,0,0,uniform=1381;verifai=1354,124.837477684021,20b20ac
verifai_surr,4,122880,282,0.425531914893617,378.8758865248227,891,0.001122334455667789,127.3658810325477,891,0.001122334455667789,126.14478114478115,2727,0,0,uniform=1381;verifai=1354,124.837477684021,20b20ac
verifai_surr,4,184320,282,0.9893617021276596,497.86170212765956,891,0.7272727272727273,389.26599326599325,891,0.7261503928170595,388.6228956228956,2727,0,0,uniform=1381;verifai=1354,124.837477684021,20b20ac
verifai_surr,4,245760,282,0.9787234042553191,495.02127659574467,891,0.8148148148148148,425.26262626262627,891,0.8002244668911336,419.317620650954,2727,0,0,uniform=1381;verifai=1354,124.837477684021,20b20ac
verifai_surr,4,307200,282,0.03900709219858156,212.96453900709218,891,0.04938271604938271,153.21885521885523,891,0.038159371492704826,149.7317620650954,2727,0,0,uniform=1381;verifai=1354,124.837477684021,20b20ac
verifai_surr,4,368640,282,0.975177304964539,492.06028368794324,891,0.005611672278338945,64.95847362514029,891,0.008978675645342313,66.39057239057239,2727,0,0,uniform=1381;verifai=1354,124.837477684021,20b20ac
verifai_surr,4,430080,282,0.9893617021276596,495.26241134751774,891,0.0,59.47699214365881,891,0.002244668911335578,59.878787878787875,2727,0,0,uniform=1381;verifai=1354,124.837477684021,20b20ac
verifai_surr,4,491520,282,0.9787234042553191,494.36879432624113,891,0.6936026936026936,387.7429854096521,891,0.6947250280583613,388.388327721661,2727,0,0,uniform=1381;verifai=1354,124.837477684021,20b20ac
verifai_surr,4,552960,282,0.975177304964539,494.4468085106383,891,0.14029180695847362,129.21661054994388,891,0.1324354657687991,124.9719416386083,2727,0,0,uniform=1381;verifai=1354,124.837477684021,20b20ac
verifai_surr,4,614400,282,0.9893617021276596,497.32978723404256,891,0.4399551066217733,259.26262626262627,891,0.4264870931537598,253.46576879910214,2727,0,0,uniform=1381;verifai=1354,124.837477684021,20b20ac
sir_a4,5,0,282,0.0,29.588652482269502,891,0.0,14.88327721661055,891,0.0,14.710437710437711,3130,0,0,uniform=1573;sir=1565,119.19934511184692,20b20ac
sir_a4,5,61440,282,0.12411347517730496,320.5177304964539,891,0.04826038159371493,202.7564534231201,891,0.026936026936026935,197.50392817059483,3130,0,0,uniform=1573;sir=1565,119.19934511184692,20b20ac
sir_a4,5,122880,282,0.7304964539007093,476.4609929078014,891,0.19079685746352412,252.90460157126824,891,0.17845117845117844,246.17283950617283,3130,0,0,uniform=1573;sir=1565,119.19934511184692,20b20ac
sir_a4,5,184320,282,0.07092198581560284,285.5390070921986,891,0.0,115.01010101010101,891,0.0,111.74523007856341,3130,0,0,uniform=1573;sir=1565,119.19934511184692,20b20ac
sir_a4,5,245760,282,0.19858156028368795,402.28723404255317,891,0.3602693602693603,297.3973063973064,891,0.33557800224466894,288.19416386083054,3130,0,0,uniform=1573;sir=1565,119.19934511184692,20b20ac
sir_a4,5,307200,282,0.3191489361702128,376.71985815602835,891,0.0,147.1604938271605,891,0.0,146.99102132435465,3130,0,0,uniform=1573;sir=1565,119.19934511184692,20b20ac
sir_a4,5,368640,282,0.0673758865248227,240.69858156028369,891,0.020202020202020204,138.63973063973063,891,0.02132435465768799,136.7766554433221,3130,0,0,uniform=1573;sir=1565,119.19934511184692,20b20ac
sir_a4,5,430080,282,0.028368794326241134,208.89007092198582,891,0.15488215488215487,233.3838383838384,891,0.1335578002244669,225.74747474747474,3130,0,0,uniform=1573;sir=1565,119.19934511184692,20b20ac
sir_a4,5,491520,282,0.23049645390070922,345.2588652482269,891,0.0,144.73063973063972,891,0.002244668911335578,144.98877665544333,3130,0,0,uniform=1573;sir=1565,119.19934511184692,20b20ac
sir_a4,5,552960,282,0.9893617021276596,496.7163120567376,891,0.8484848484848485,439.60830527497194,891,0.856341189674523,442.5050505050505,3130,0,0,uniform=1573;sir=1565,119.19934511184692,20b20ac
sir_a4,5,614400,282,0.9468085106382979,488.6843971631206,891,0.0,59.73737373737374,891,0.0,60.21436588103255,3130,0,0,uniform=1573;sir=1565,119.19934511184692,20b20ac
sir_is,5,0,282,0.0,13.425531914893616,891,0.0,27.414141414141415,891,0.0,26.98989898989899,2496,0,0,uniform=670;sir=1834,110.86326313018799,20b20ac
sir_is,5,61440,282,0.1099290780141844,287.5673758865248,891,0.0,124.1986531986532,891,0.0,123.27946127946127,2496,0,0,uniform=670;sir=1834,110.86326313018799,20b20ac
sir_is,5,122880,282,0.8297872340425532,481.290780141844,891,0.005611672278338945,191.14814814814815,891,0.006734006734006734,188.4668911335578,2496,0,0,uniform=670;sir=1834,110.86326313018799,20b20ac
sir_is,5,184320,282,0.9964539007092199,498.89716312056737,891,0.5375982042648709,305.1324354657688,891,0.5196408529741863,297.6947250280584,2496,0,0,uniform=670;sir=1834,110.86326313018799,20b20ac
sir_is,5,245760,282,0.05319148936170213,235.7304964539007,891,0.0,121.5925925925926,891,0.0,120.45230078563412,2496,0,0,uniform=670;sir=1834,110.86326313018799,20b20ac
sir_is,5,307200,282,0.5106382978723404,430.0886524822695,891,0.013468013468013467,143.1077441077441,891,0.008978675645342313,146.0493827160494,2496,0,0,uniform=670;sir=1834,110.86326313018799,20b20ac
sir_is,5,368640,282,0.9929078014184397,497.71985815602835,891,0.250280583613917,179.34006734006735,891,0.22109988776655443,165.83052749719417,2496,0,0,uniform=670;sir=1834,110.86326313018799,20b20ac
sir_is,5,430080,282,0.9468085106382979,475.7163120567376,891,0.002244668911335578,55.76767676767677,891,0.0,55.2996632996633,2496,0,0,uniform=670;sir=1834,110.86326313018799,20b20ac
sir_is,5,491520,282,0.9787234042553191,494.9148936170213,891,0.6038159371492705,340.59371492704827,891,0.5791245791245792,330.679012345679,2496,0,0,uniform=670;sir=1834,110.86326313018799,20b20ac
sir_is,5,552960,282,0.9716312056737588,494.5886524822695,891,0.8462401795735129,438.6026936026936,891,0.8294051627384961,431.5398428731762,2496,0,0,uniform=670;sir=1834,110.86326313018799,20b20ac
sir_is,5,614400,282,0.9858156028368794,493.6418439716312,891,0.002244668911335578,56.32098765432099,891,0.001122334455667789,55.99551066217733,2496,0,0,uniform=670;sir=1834,110.86326313018799,20b20ac
replay_post,5,0,282,0.0,32.641843971631204,891,0.0,16.093153759820428,891,0.0,16.07631874298541,2607,0,0,uniform=1351;replay=1264,110.51787424087524,20b20ac
replay_post,5,61440,282,0.03900709219858156,203.52836879432624,891,0.0,104.50056116722783,891,0.0,103.91245791245791,2607,0,0,uniform=1351;replay=1264,110.51787424087524,20b20ac
replay_post,5,122880,282,0.9822695035460993,495.42907801418437,891,0.0931537598204265,110.78338945005612,891,0.08529741863075196,106.58136924803591,2607,0,0,uniform=1351;replay=1264,110.51787424087524,20b20ac
replay_post,5,184320,282,0.9893617021276596,498.09574468085106,891,0.9180695847362514,468.0482603815937,891,0.9102132435465768,464.0145903479237,2607,0,0,uniform=1351;replay=1264,110.51787424087524,20b20ac
replay_post,5,245760,282,0.39361702127659576,364.48581560283685,891,0.001122334455667789,139.46576879910214,891,0.002244668911335578,137.98540965207633,2607,0,0,uniform=1351;replay=1264,110.51787424087524,20b20ac
replay_post,5,307200,282,0.03546099290780142,182.80851063829786,891,0.0,104.8608305274972,891,0.0,104.45791245791246,2607,0,0,uniform=1351;replay=1264,110.51787424087524,20b20ac
replay_post,5,368640,282,0.9858156028368794,497.06028368794324,891,0.9169472502805837,466.3131313131313,891,0.9012345679012346,460.40965207631876,2607,0,0,uniform=1351;replay=1264,110.51787424087524,20b20ac
replay_post,5,430080,282,0.9858156028368794,497.13120567375887,891,0.7665544332210998,404.52300785634117,891,0.7586980920314254,401.66105499438834,2607,0,0,uniform=1351;replay=1264,110.51787424087524,20b20ac
replay_post,5,491520,282,0.9893617021276596,498.3049645390071,891,0.4612794612794613,273.74410774410774,891,0.4377104377104377,262.2929292929293,2607,0,0,uniform=1351;replay=1264,110.51787424087524,20b20ac
replay_post,5,552960,282,0.9822695035460993,494.3014184397163,891,0.006734006734006734,64.90123456790124,891,0.014590347923681257,68.23232323232324,2607,0,0,uniform=1351;replay=1264,110.51787424087524,20b20ac
replay_post,5,614400,282,0.9822695035460993,492.90425531914894,891,0.0,56.32884399551066,891,0.0,56.11784511784512,2607,0,0,uniform=1351;replay=1264,110.51787424087524,20b20ac
sir_is05,5,0,282,0.0,13.801418439716311,891,0.0,25.869809203142538,891,0.0,25.712682379349047,2639,0,0,uniform=675;sir=1972,112.71693110466003,20b20ac
sir_is05,5,61440,282,0.13829787234042554,289.4645390070922,891,0.0,119.9090909090909,891,0.0,119.05387205387206,2639,0,0,uniform=675;sir=1972,112.71693110466003,20b20ac
sir_is05,5,122880,282,0.36879432624113473,403.86170212765956,891,0.03928170594837262,203.72727272727272,891,0.031425364758698095,199.05050505050505,2639,0,0,uniform=675;sir=1972,112.71693110466003,20b20ac
sir_is05,5,184320,282,0.14184397163120568,326.0851063829787,891,0.0,119.58698092031425,891,0.0,120.44219977553311,2639,0,0,uniform=675;sir=1972,112.71693110466003,20b20ac
sir_is05,5,245760,282,0.09574468085106383,282.3014184397163,891,0.001122334455667789,142.75196408529743,891,0.003367003367003367,138.9405162738496,2639,0,0,uniform=675;sir=1972,112.71693110466003,20b20ac
sir_is05,5,307200,282,0.9822695035460993,497.2588652482269,891,0.26936026936026936,187.67340067340066,891,0.244668911335578,176.70258136924804,2639,0,0,uniform=675;sir=1972,112.71693110466003,20b20ac
sir_is05,5,368640,282,0.8687943262411347,475.10283687943263,891,0.7396184062850729,398.04938271604937,891,0.7149270482603816,387.42424242424244,2639,0,0,uniform=675;sir=1972,112.71693110466003,20b20ac
sir_is05,5,430080,282,0.9929078014184397,497.7411347517731,891,0.43658810325476993,258.69584736251403,891,0.4175084175084175,251.11672278338946,2639,0,0,uniform=675;sir=1972,112.71693110466003,20b20ac
sir_is05,5,491520,282,0.9539007092198581,492.20212765957444,891,0.17059483726150393,289.17845117845116,891,0.17957351290684623,289.2682379349046,2639,0,0,uniform=675;sir=1972,112.71693110466003,20b20ac
sir_is05,5,552960,282,0.9787234042553191,492.8758865248227,891,0.0,56.95847362514029,891,0.0,56.76767676767677,2639,0,0,uniform=675;sir=1972,112.71693110466003,20b20ac
sir_is05,5,614400,282,0.851063829787234,480.4468085106383,891,0.3961840628507295,236.98765432098764,891,0.3961840628507295,235.87205387205387,2639,0,0,uniform=675;sir=1972,112.71693110466003,20b20ac
mutate_post,5,0,282,0.0,29.106382978723403,891,0.0,15.282828282828282,891,0.0,15.218855218855218,2622,0,0,uniform=1344;replay=632;mutate=654,111.65681004524231,20b20ac
mutate_post,5,61440,282,0.24822695035460993,343.67021276595744,891,0.0,134.07856341189674,891,0.0,132.58810325476992,2622,0,0,uniform=1344;replay=632;mutate=654,111.65681004524231,20b20ac
mutate_post,5,122880,282,0.18085106382978725,322.16312056737587,891,0.001122334455667789,121.56677890011224,891,0.0,120.48709315375982,2622,0,0,uniform=1344;replay=632;mutate=654,111.65681004524231,20b20ac
mutate_post,5,184320,282,0.8936170212765957,484.0425531914894,891,0.051627384960718295,281.5297418630752,891,0.03479236812570146,277.23569023569024,2622,0,0,uniform=1344;replay=632;mutate=654,111.65681004524231,20b20ac
mutate_post,5,245760,282,0.14893617021276595,285.4751773049645,891,0.001122334455667789,107.59708193041526,891,0.0,106.82267115600449,2622,0,0,uniform=1344;replay=632;mutate=654,111.65681004524231,20b20ac
mutate_post,5,307200,282,0.9893617021276596,495.3191489361702,891,0.09764309764309764,108.95622895622895,891,0.10662177328843996,112.70819304152637,2622,0,0,uniform=1344;replay=632;mutate=654,111.65681004524231,20b20ac
mutate_post,5,368640,282,0.975177304964539,495.88652482269504,891,0.5241301907968574,296.6969696969697,891,0.5061728395061729,289.2648709315376,2622,0,0,uniform=1344;replay=632;mutate=654,111.65681004524231,20b20ac
mutate_post,5,430080,282,0.9929078014184397,496.9148936170213,891,0.029180695847362513,77.58249158249158,891,0.02244668911335578,74.4702581369248,2622,0,0,uniform=1344;replay=632;mutate=654,111.65681004524231,20b20ac
mutate_post,5,491520,282,0.975177304964539,488.78723404255317,891,0.002244668911335578,56.707070707070706,891,0.0,56.26262626262626,2622,0,0,uniform=1344;replay=632;mutate=654,111.65681004524231,20b20ac
mutate_post,5,552960,282,0.9893617021276596,498.01418439716315,891,0.26262626262626265,180.44893378226712,891,0.23905723905723905,170.23232323232324,2622,0,0,uniform=1344;replay=632;mutate=654,111.65681004524231,20b20ac
mutate_post,5,614400,282,0.9822695035460993,494.6170212765957,891,0.14590347923681257,128.53872053872053,891,0.15488215488215487,132.99438832772165,2622,0,0,uniform=1344;replay=632;mutate=654,111.65681004524231,20b20ac
verifai_surr,5,0,282,0.0,15.794326241134751,891,0.0,12.34006734006734,891,0.0,12.10662177328844,3024,0,0,uniform=1490;verifai=1542,116.78910899162292,20b20ac
verifai_surr,5,61440,282,0.4716312056737589,419.790780141844,891,0.010101010101010102,209.83726150392818,891,0.010101010101010102,205.01795735129068,3024,0,0,uniform=1490;verifai=1542,116.78910899162292,20b20ac
verifai_surr,5,122880,282,0.07092198581560284,260.8936170212766,891,0.0,126.79910213243546,891,0.0,125.90460157126824,3024,0,0,uniform=1490;verifai=1542,116.78910899162292,20b20ac
verifai_surr,5,184320,282,0.74822695035461,470.2163120567376,891,0.017957351290684626,225.72951739618406,891,0.02132435465768799,225.11447811447812,3024,0,0,uniform=1490;verifai=1542,116.78910899162292,20b20ac
verifai_surr,5,245760,282,0.9822695035460993,497.0248226950355,891,0.6610549943883277,357.712682379349,891,0.6296296296296297,344.962962962963,3024,0,0,uniform=1490;verifai=1542,116.78910899162292,20b20ac
verifai_surr,5,307200,282,0.0035460992907801418,226.4787234042553,891,0.0707070707070707,260.3097643097643,891,0.06734006734006734,256.84062850729515,3024,0,0,uniform=1490;verifai=1542,116.78910899162292,20b20ac
verifai_surr,5,368640,282,0.0,145.52836879432624,891,0.029180695847362513,158.9371492704826,891,0.02132435465768799,158.5050505050505,3024,0,0,uniform=1490;verifai=1542,116.78910899162292,20b20ac
verifai_surr,5,430080,282,0.9468085106382979,491.66312056737587,891,0.42536475869809204,325.25252525252523,891,0.4163860830527497,315.611672278339,3024,0,0,uniform=1490;verifai=1542,116.78910899162292,20b20ac
verifai_surr,5,491520,282,0.9893617021276596,495.27659574468083,891,0.002244668911335578,58.28956228956229,891,0.001122334455667789,57.88776655443322,3024,0,0,uniform=1490;verifai=1542,116.78910899162292,20b20ac
verifai_surr,5,552960,282,0.9397163120567376,473.1737588652482,891,0.002244668911335578,55.799102132435465,891,0.0,55.39057239057239,3024,0,0,uniform=1490;verifai=1542,116.78910899162292,20b20ac
verifai_surr,5,614400,282,1.0,500.0,891,0.41414141414141414,250.25925925925927,891,0.40852974186307517,248.01795735129068,3024,0,0,uniform=1490;verifai=1542,116.78910899162292,20b20ac
sir_a1,6,0,282,0.0,13.450354609929079,891,0.0,30.97418630751964,891,0.0,30.658810325476992,2551,0,0,uniform=1241;sir=1318,105.9191198348999,20b20ac
sir_a1,6,61440,282,0.22340425531914893,324.36170212765956,891,0.0,129.92704826038158,891,0.0,128.92592592592592,2551,0,0,uniform=1241;sir=1318,105.9191198348999,20b20ac
sir_a1,6,122880,282,0.0425531914893617,212.72340425531914,891,0.0,130.15488215488216,891,0.0,128.64870931537598,2551,0,0,uniform=1241;sir=1318,105.9191198348999,20b20ac
sir_a1,6,184320,282,0.22340425531914893,337.209219858156,891,0.001122334455667789,144.69472502805837,891,0.0,143.54994388327722,2551,0,0,uniform=1241;sir=1318,105.9191198348999,20b20ac
sir_a1,6,245760,282,0.06028368794326241,221.29432624113474,891,0.0,101.64197530864197,891,0.0,101.18518518518519,2551,0,0,uniform=1241;sir=1318,105.9191198348999,20b20ac
sir_a1,6,307200,282,0.9113475177304965,484.1241134751773,891,0.15151515151515152,174.76206509539844,891,0.14029180695847362,170.55892255892255,2551,0,0,uniform=1241;sir=1318,105.9191198348999,20b20ac
sir_a1,6,368640,282,0.9893617021276596,495.2730496453901,891,0.002244668911335578,57.554433221099885,891,0.0,57.14478114478114,2551,0,0,uniform=1241;sir=1318,105.9191198348999,20b20ac
sir_a1,6,430080,282,0.5283687943262412,457.709219858156,891,0.43658810325476993,402.645342312009,891,0.43209876543209874,398.3400673400673,2551,0,0,uniform=1241;sir=1318,105.9191198348999,20b20ac
sir_a1,6,491520,282,0.4148936170212766,401.58156028368796,891,0.4152637485970819,272.4500561167228,891,0.41414141414141414,270.83389450056114,2551,0,0,uniform=1241;sir=1318,105.9191198348999,20b20ac
sir_a1,6,552960,282,0.9822695035460993,493.14539007092196,891,0.0,56.57575757575758,891,0.001122334455667789,56.40628507295174,2551,0,0,uniform=1241;sir=1318,105.9191198348999,20b20ac
sir_a1,6,614400,282,0.9787234042553191,492.47163120567376,891,0.18069584736251404,144.78675645342312,891,0.19079685746352412,148.40291806958473,2551,0,0,uniform=1241;sir=1318,105.9191198348999,20b20ac
sir_a4,6,0,282,0.0,53.737588652482266,891,0.0,22.7979797979798,891,0.0,22.49270482603816,2684,0,0,uniform=1383;sir=1309,107.5225920677185,20b20ac
sir_a4,6,61440,282,0.0673758865248227,238.11702127659575,891,0.0,127.3591470258137,891,0.002244668911335578,126.08305274971941,2684,0,0,uniform=1383;sir=1309,107.5225920677185,20b20ac
sir_a4,6,122880,282,0.13120567375886524,290.65248226950354,891,0.0,123.14478114478115,891,0.0,122.50056116722783,2684,0,0,uniform=1383;sir=1309,107.5225920677185,20b20ac
sir_a4,6,184320,282,0.37943262411347517,357.63120567375887,891,0.001122334455667789,119.77553310886644,891,0.0,118.52861952861953,2684,0,0,uniform=1383;sir=1309,107.5225920677185,20b20ac
sir_a4,6,245760,282,0.41843971631205673,444.39716312056737,891,0.2850729517396184,278.26599326599325,891,0.2570145903479237,267.49719416386085,2684,0,0,uniform=1383;sir=1309,107.5225920677185,20b20ac
sir_a4,6,307200,282,0.014184397163120567,192.1418439716312,891,0.0,111.52413019079685,891,0.0,110.87542087542087,2684,0,0,uniform=1383;sir=1309,107.5225920677185,20b20ac
sir_a4,6,368640,282,0.42907801418439717,425.1063829787234,891,0.30190796857463525,253.0,891,0.3041526374859708,252.679012345679,2684,0,0,uniform=1383;sir=1309,107.5225920677185,20b20ac
sir_a4,6,430080,282,0.9787234042553191,493.3049645390071,891,0.19977553310886645,171.01683501683502,891,0.19304152637485972,166.91694725028057,2684,0,0,uniform=1383;sir=1309,107.5225920677185,20b20ac
sir_a4,6,491520,282,0.9716312056737588,494.36170212765956,891,0.49270482603815935,282.68462401795733,891,0.48148148148148145,278.0325476992144,2684,0,0,uniform=1383;sir=1309,107.5225920677185,20b20ac
sir_a4,6,552960,282,0.9822695035460993,494.3049645390071,891,0.7048260381593715,383.99438832772165,891,0.7014590347923682,383.28170594837263,2684,0,0,uniform=1383;sir=1309,107.5225920677185,20b20ac
sir_a4,6,614400,282,0.9680851063829787,494.4432624113475,891,0.7474747474747475,394.96632996632997,891,0.745230078563412,394.23120089786755,2684,0,0,uniform=1383;sir=1309,107.5225920677185,20b20ac
sir_is,6,0,282,0.0,18.24113475177305,891,0.0,16.198653198653197,891,0.0,15.879910213243546,2756,0,0,uniform=701;sir=2063,110.20332384109497,20b20ac
sir_is,6,61440,282,0.33687943262411346,346.0354609929078,891,0.0,117.21548821548822,891,0.0,116.17845117845118,2756,0,0,uniform=701;sir=2063,110.20332384109497,20b20ac
sir_is,6,122880,282,0.9893617021276596,496.5425531914894,891,0.21548821548821548,166.2300785634119,891,0.21773288439955107,166.51402918069584,2756,0,0,uniform=701;sir=2063,110.20332384109497,20b20ac
sir_is,6,184320,282,0.22340425531914893,346.2730496453901,891,0.003367003367003367,153.99438832772165,891,0.001122334455667789,152.9405162738496,2756,0,0,uniform=701;sir=2063,110.20332384109497,20b20ac
sir_is,6,245760,282,0.12411347517730496,302.33687943262413,891,0.004489337822671156,145.87317620650953,891,0.004489337822671156,141.4781144781145,2756,0,0,uniform=701;sir=2063,110.20332384109497,20b20ac
sir_is,6,307200,282,0.5957446808510638,427.1063829787234,891,0.001122334455667789,151.1436588103255,891,0.0,149.3838383838384,2756,0,0,uniform=701;sir=2063,110.20332384109497,20b20ac
sir_is,6,368640,282,0.8687943262411347,480.9255319148936,891,0.7609427609427609,404.8439955106622,891,0.7463524130190797,398.92817059483724,2756,0,0,uniform=701;sir=2063,110.20332384109497,20b20ac
sir_is,6,430080,282,0.9716312056737588,496.4326241134752,891,0.23681257014590348,173.7530864197531,891,0.22334455667789002,168.06734006734007,2756,0,0,uniform=701;sir=2063,110.20332384109497,20b20ac
sir_is,6,491520,282,0.9822695035460993,493.64539007092196,891,0.004489337822671156,63.4006734006734,891,0.01122334455667789,65.80583613916947,2756,0,0,uniform=701;sir=2063,110.20332384109497,20b20ac
sir_is,6,552960,282,0.9858156028368794,493.8333333333333,891,0.0,56.76543209876543,891,0.001122334455667789,56.59034792368126,2756,0,0,uniform=701;sir=2063,110.20332384109497,20b20ac
sir_is,6,614400,282,0.9893617021276596,495.29432624113474,891,0.09988776655443322,106.75533108866442,891,0.09652076318742986,104.88776655443323,2756,0,0,uniform=701;sir=2063,110.20332384109497,20b20ac
sir_is05,6,0,282,0.21631205673758866,277.08156028368796,891,0.0,52.435465768799105,891,0.0,52.62514029180696,2909,0,0,uniform=726;sir=2191,111.18842220306396,20b20ac
sir_is05,6,61440,282,0.9680851063829787,495.4432624113475,891,0.8877665544332211,456.2132435465769,891,0.8765432098765432,450.7250280583614,2909,0,0,uniform=726;sir=2191,111.18842220306396,20b20ac
sir_is05,6,122880,282,0.1099290780141844,305.38652482269504,891,0.0,135.34567901234567,891,0.0,132.84399551066218,2909,0,0,uniform=726;sir=2191,111.18842220306396,20b20ac
sir_is05,6,184320,282,0.20567375886524822,342.42907801418437,891,0.001122334455667789,144.38945005611671,891,0.0,141.33221099887766,2909,0,0,uniform=726;sir=2191,111.18842220306396,20b20ac
sir_is05,6,245760,282,0.06028368794326241,244.62056737588654,891,0.001122334455667789,113.9270482603816,891,0.0,112.95735129068463,2909,0,0,uniform=726;sir=2191,111.18842220306396,20b20ac
sir_is05,6,307200,282,0.9361702127659575,490.26241134751774,891,0.6026936026936027,420.0179573512907,891,0.6139169472502806,423.5768799102132,2909,0,0,uniform=726;sir=2191,111.18842220306396,20b20ac
sir_is05,6,368640,282,0.024822695035460994,178.12056737588654,891,0.0,100.8047138047138,891,0.001122334455667789,100.52861952861953,2909,0,0,uniform=726;sir=2191,111.18842220306396,20b20ac
sir_is05,6,430080,282,0.9609929078014184,494.86524822695037,891,0.9090909090909091,463.1144781144781,891,0.8843995510662177,453.18518518518516,2909,0,0,uniform=726;sir=2191,111.18842220306396,20b20ac
sir_is05,6,491520,282,0.9645390070921985,483.790780141844,891,0.0,55.63524130190797,891,0.0,55.333333333333336,2909,0,0,uniform=726;sir=2191,111.18842220306396,20b20ac
sir_is05,6,552960,282,0.9893617021276596,497.1595744680851,891,0.8978675645342312,458.7104377104377,891,0.8799102132435466,451.3658810325477,2909,0,0,uniform=726;sir=2191,111.18842220306396,20b20ac
sir_is05,6,614400,282,0.9893617021276596,496.42907801418437,891,0.6296296296296297,344.1863075196409,891,0.6015712682379349,331.9786756453423,2909,0,0,uniform=726;sir=2191,111.18842220306396,20b20ac
replay_post,6,0,282,0.0,16.97163120567376,891,0.0,34.8709315375982,891,0.0,34.544332210998874,2678,0,0,uniform=1330;replay=1356,108.49709296226501,20b20ac
replay_post,6,61440,282,0.03900709219858156,207.61702127659575,891,0.0,105.11784511784512,891,0.0,104.62065095398428,2678,0,0,uniform=1330;replay=1356,108.49709296226501,20b20ac
replay_post,6,122880,282,0.0425531914893617,230.78014184397162,891,0.0,108.27384960718294,891,0.0,107.74074074074075,2678,0,0,uniform=1330;replay=1356,108.49709296226501,20b20ac
replay_post,6,184320,282,0.11702127659574468,293.86879432624113,891,0.001122334455667789,125.8047138047138,891,0.002244668911335578,121.82042648709316,2678,0,0,uniform=1330;replay=1356,108.49709296226501,20b20ac
replay_post,6,245760,282,0.9716312056737588,496.0673758865248,891,0.48597081930415265,284.8316498316498,891,0.4657687991021324,275.34567901234567,2678,0,0,uniform=1330;replay=1356,108.49709296226501,20b20ac
replay_post,6,307200,282,0.6631205673758865,451.6950354609929,891,0.0718294051627385,227.4781144781145,891,0.06734006734006734,221.9685746352413,2678,0,0,uniform=1330;replay=1356,108.49709296226501,20b20ac
replay_post,6,368640,282,0.9858156028368794,494.21985815602835,891,0.07744107744107744,97.37037037037037,891,0.0819304152637486,98.41526374859708,2678,0,0,uniform=1330;replay=1356,108.49709296226501,20b20ac
replay_post,6,430080,282,0.9893617021276596,497.0673758865248,891,0.8933782267115601,456.7744107744108,891,0.8900112233445566,455.003367003367,2678,0,0,uniform=1330;replay=1356,108.49709296226501,20b20ac
replay_post,6,491520,282,0.9893617021276596,495.36524822695037,891,0.007856341189674524,62.484848484848484,891,0.007856341189674524,62.931537598204265,2678,0,0,uniform=1330;replay=1356,108.49709296226501,20b20ac
replay_post,6,552960,282,0.9893617021276596,495.31205673758865,891,0.002244668911335578,60.1672278338945,891,0.005611672278338945,60.81257014590348,2678,0,0,uniform=1330;replay=1356,108.49709296226501,20b20ac
replay_post,6,614400,282,0.9858156028368794,494.5921985815603,891,0.18069584736251404,143.74410774410774,891,0.1941638608305275,148.79236812570147,2678,0,0,uniform=1330;replay=1356,108.49709296226501,20b20ac
mutate_post,6,0,282,0.0,15.570921985815604,891,0.0,39.9652076318743,891,0.0,40.05948372615039,2505,0,0,uniform=1251;replay=601;mutate=661,115.15450096130371,20b20ac
mutate_post,6,61440,282,0.10638297872340426,223.1595744680851,891,0.0,99.22783389450056,891,0.0,98.88215488215488,2505,0,0,uniform=1251;replay=601;mutate=661,115.15450096130371,20b20ac
mutate_post,6,122880,282,0.9787234042553191,495.7695035460993,891,0.6576879910213244,358.9820426487093,891,0.6363636363636364,350.23120089786755,2505,0,0,uniform=1251;replay=601;mutate=661,115.15450096130371,20b20ac
mutate_post,6,184320,282,0.1773049645390071,344.45390070921985,891,0.0,100.37710437710437,891,0.0,99.29180695847363,2505,0,0,uniform=1251;replay=601;mutate=661,115.15450096130371,20b20ac
mutate_post,6,245760,282,0.07092198581560284,263.13829787234044,891,0.003367003367003367,142.41750841750843,891,0.003367003367003367,142.1492704826038,2505,0,0,uniform=1251;replay=601;mutate=661,115.15450096130371,20b20ac
mutate_post,6,307200,282,0.9858156028368794,496.31205673758865,891,0.27048260381593714,192.6094276094276,891,0.26823793490460157,189.76879910213245,2505,0,0,uniform=1251;replay=601;mutate=661,115.15450096130371,20b20ac
mutate_post,6,368640,282,0.9929078014184397,496.9326241134752,891,0.15151515151515152,136.06958473625141,891,0.16722783389450055,141.96408529741862,2505,0,0,uniform=1251;replay=601;mutate=661,115.15450096130371,20b20ac
mutate_post,6,430080,282,0.9893617021276596,496.2517730496454,891,0.5039281705948373,288.91358024691357,891,0.5061728395061729,290.1358024691358,2505,0,0,uniform=1251;replay=601;mutate=661,115.15450096130371,20b20ac
mutate_post,6,491520,282,0.9148936170212766,491.1170212765957,891,0.4163860830527497,250.21773288439954,891,0.4051627384960718,244.65095398428733,2505,0,0,uniform=1251;replay=601;mutate=661,115.15450096130371,20b20ac
mutate_post,6,552960,282,1.0,500.0,891,0.5802469135802469,324.5746352413019,891,0.5510662177328844,311.6644219977553,2505,0,0,uniform=1251;replay=601;mutate=661,115.15450096130371,20b20ac
mutate_post,6,614400,282,0.9858156028368794,494.5531914893617,891,0.019079685746352413,72.67901234567901,891,0.01122334455667789,68.82379349046016,2505,0,0,uniform=1251;replay=601;mutate=661,115.15450096130371,20b20ac
verifai_surr,6,0,282,0.0,12.918439716312056,891,0.0,12.342312008978675,891,0.0,12.248035914702582,3086,0,0,uniform=1540;verifai=1554,120.9016661643982,20b20ac
verifai_surr,6,61440,282,0.36524822695035464,382.0886524822695,891,0.0,181.00224466891135,891,0.0,178.8181818181818,3086,0,0,uniform=1540;verifai=1554,120.9016661643982,20b20ac
verifai_surr,6,122880,282,0.02127659574468085,216.1418439716312,891,0.015712682379349047,168.1571268237935,891,0.02356902356902357,169.59034792368126,3086,0,0,uniform=1540;verifai=1554,120.9016661643982,20b20ac
verifai_surr,6,184320,282,0.02127659574468085,198.31914893617022,891,0.0,105.71043771043772,891,0.0,105.29292929292929,3086,0,0,uniform=1540;verifai=1554,120.9016661643982,20b20ac
verifai_surr,6,245760,282,0.06382978723404255,260.0531914893617,891,0.01122334455667789,147.43995510662177,891,0.014590347923681257,144.22222222222223,3086,0,0,uniform=1540;verifai=1554,120.9016661643982,20b20ac
verifai_surr,6,307200,282,0.04609929078014184,213.09574468085106,891,0.0,131.32210998877665,891,0.001122334455667789,131.1885521885522,3086,0,0,uniform=1540;verifai=1554,120.9016661643982,20b20ac
verifai_surr,6,368640,282,0.024822695035460994,267.9645390070922,891,0.025813692480359147,169.68237934904602,891,0.029180695847362513,165.2850729517396,3086,0,0,uniform=1540;verifai=1554,120.9016661643982,20b20ac
verifai_surr,6,430080,282,0.9787234042553191,491.209219858156,891,0.0,55.70145903479237,891,0.0,55.45679012345679,3086,0,0,uniform=1540;verifai=1554,120.9016661643982,20b20ac
verifai_surr,6,491520,282,0.9929078014184397,497.07092198581563,891,0.34118967452300786,218.98428731762064,891,0.30864197530864196,204.66666666666666,3086,0,0,uniform=1540;verifai=1554,120.9016661643982,20b20ac
verifai_surr,6,552960,282,0.9893617021276596,497.51418439716315,891,0.9057239057239057,461.8428731762065,891,0.8911335578002245,456.1324354657688,3086,0,0,uniform=1540;verifai=1554,120.9016661643982,20b20ac
verifai_surr,6,614400,282,0.9609929078014184,490.63829787234044,891,0.44332210998877664,323.80808080808083,891,0.4287317620650954,319.2368125701459,3086,0,0,uniform=1540;verifai=1554,120.9016661643982,20b20ac
sir_a1,7,0,282,0.0,61.46808510638298,891,0.0,42.76094276094276,891,0.0,41.92480359147026,2725,0,0,uniform=1346;sir=1387,117.94699907302856,20b20ac
sir_a1,7,61440,282,0.16312056737588654,282.71276595744683,891,0.0,121.95510662177328,891,0.0,120.96184062850729,2725,0,0,uniform=1346;sir=1387,117.94699907302856,20b20ac
sir_a1,7,122880,282,0.03900709219858156,242.06382978723406,891,0.07856341189674523,212.7250280583614,891,0.07407407407407407,211.06509539842872,2725,0,0,uniform=1346;sir=1387,117.94699907302856,20b20ac
sir_a1,7,184320,282,0.6418439716312057,448.02127659574467,891,0.03591470258136925,241.50953984287318,891,0.04152637485970819,239.31200897867564,2725,0,0,uniform=1346;sir=1387,117.94699907302856,20b20ac
sir_a1,7,245760,282,0.024822695035460994,181.0531914893617,891,0.001122334455667789,126.63524130190797,891,0.001122334455667789,125.84287317620651,2725,0,0,uniform=1346;sir=1387,117.94699907302856,20b20ac
sir_a1,7,307200,282,0.975177304964539,494.06382978723406,891,0.008978675645342313,68.25925925925925,891,0.016835016835016835,71.62289562289563,2725,0,0,uniform=1346;sir=1387,117.94699907302856,20b20ac
sir_a1,7,368640,282,0.9822695035460993,497.41843971631204,891,0.7149270482603816,381.705948372615,891,0.6936026936026936,372.6801346801347,2725,0,0,uniform=1346;sir=1387,117.94699907302856,20b20ac
sir_a1,7,430080,282,0.9858156028368794,496.40425531914894,891,0.45454545454545453,262.6947250280584,891,0.4511784511784512,261.685746352413,2725,0,0,uniform=1346;sir=1387,117.94699907302856,20b20ac
sir_a1,7,491520,282,0.9929078014184397,499.22340425531917,891,0.8529741863075196,440.3490460157127,891,0.8316498316498316,431.1515151515151,2725,0,0,uniform=1346;sir=1387,117.94699907302856,20b20ac
sir_a1,7,552960,282,0.8297872340425532,423.7695035460993,891,0.002244668911335578,55.12457912457913,891,0.001122334455667789,54.82042648709315,2725,0,0,uniform=1346;sir=1387,117.94699907302856,20b20ac
sir_a1,7,614400,282,0.9609929078014184,492.1241134751773,891,0.29854096520763185,280.09315375982044,891,0.28619528619528617,275.003367003367,2725,0,0,uniform=1346;sir=1387,117.94699907302856,20b20ac
sir_a4,7,0,282,0.0,35.276595744680854,891,0.0,15.584736251402918,891,0.0,15.455667789001122,2583,0,0,uniform=1278;sir=1313,118.76040005683899,20b20ac
sir_a4,7,61440,282,0.9219858156028369,490.031914893617,891,0.5667789001122334,407.66778900112234,891,0.5723905723905723,404.75533108866443,2583,0,0,uniform=1278;sir=1313,118.76040005683899,20b20ac
sir_a4,7,122880,282,0.6276595744680851,454.531914893617,891,0.04938271604938271,199.57351290684625,891,0.05611672278338945,205.8428731762065,2583,0,0,uniform=1278;sir=1313,118.76040005683899,20b20ac
sir_a4,7,184320,282,0.8546099290780141,459.62056737588654,891,0.25813692480359146,205.30078563411897,891,0.26374859708193044,206.67676767676767,2583,0,0,uniform=1278;sir=1313,118.76040005683899,20b20ac
sir_a4,7,245760,282,0.9539007092198581,486.16312056737587,891,0.47586980920314254,288.8439955106622,891,0.46464646464646464,283.81257014590346,2583,0,0,uniform=1278;sir=1313,118.76040005683899,20b20ac
sir_a4,7,307200,282,0.0425531914893617,203.79432624113474,891,0.0,106.91919191919192,891,0.0,106.22222222222223,2583,0,0,uniform=1278;sir=1313,118.76040005683899,20b20ac
sir_a4,7,368640,282,0.3475177304964539,429.79432624113474,891,0.037037037037037035,146.3771043771044,891,0.037037037037037035,145.25701459034792,2583,0,0,uniform=1278;sir=1313,118.76040005683899,20b20ac
sir_a4,7,430080,282,0.950354609929078,491.89716312056737,891,0.47586980920314254,273.47699214365883,891,0.4725028058361392,272.47923681257015,2583,0,0,uniform=1278;sir=1313,118.76040005683899,20b20ac
sir_a4,7,491520,282,0.9893617021276596,496.2695035460993,891,0.7530864197530864,398.7901234567901,891,0.7396184062850729,392.5925925925926,2583,0,0,uniform=1278;sir=1313,118.76040005683899,20b20ac
sir_a4,7,552960,282,0.9893617021276596,495.3156028368794,891,0.002244668911335578,61.07631874298541,891,0.002244668911335578,60.64646464646464,2583,0,0,uniform=1278;sir=1313,118.76040005683899,20b20ac
sir_a4,7,614400,282,0.9929078014184397,497.84397163120565,891,0.6127946127946128,337.62177328843995,891,0.5847362514029181,325.47250280583614,2583,0,0,uniform=1278;sir=1313,118.76040005683899,20b20ac
sir_is,7,0,282,0.0,14.315602836879433,891,0.0,23.01571268237935,891,0.0,23.40516273849607,2726,0,0,uniform=668;sir=2066,118.429447889328,20b20ac
sir_is,7,61440,282,0.09929078014184398,259.9078014184397,891,0.0,116.57575757575758,891,0.0,115.82716049382717,2726,0,0,uniform=668;sir=2066,118.429447889328,20b20ac
sir_is,7,122880,282,0.1347517730496454,279.57092198581563,891,0.0,109.31762065095398,891,0.0,108.59371492704825,2726,0,0,uniform=668;sir=2066,118.429447889328,20b20ac
sir_is,7,184320,282,0.07446808510638298,264.6666666666667,891,0.0,138.675645342312,891,0.001122334455667789,138.03591470258138,2726,0,0,uniform=668;sir=2066,118.429447889328,20b20ac
sir_is,7,245760,282,0.35815602836879434,381.77659574468083,891,0.001122334455667789,152.33333333333334,891,0.0,150.8159371492705,2726,0,0,uniform=668;sir=2066,118.429447889328,20b20ac
sir_is,7,307200,282,0.05673758865248227,319.468085106383,891,0.04601571268237935,147.59371492704827,891,0.05723905723905724,153.1077441077441,2726,0,0,uniform=668;sir=2066,118.429447889328,20b20ac
sir_is,7,368640,282,0.9893617021276596,497.9255319148936,891,0.6307519640852974,344.5679012345679,891,0.6015712682379349,332.020202020202,2726,0,0,uniform=668;sir=2066,118.429447889328,20b20ac
sir_is,7,430080,282,0.9964539007092199,499.95390070921985,891,0.8114478114478114,422.2233445566779,891,0.7991021324354658,417.1099887766554,2726,0,0,uniform=668;sir=2066,118.429447889328,20b20ac
sir_is,7,491520,282,0.9893617021276596,497.3049645390071,891,0.3557800224466891,223.9158249158249,891,0.3490460157126824,221.1638608305275,2726,0,0,uniform=668;sir=2066,118.429447889328,20b20ac
sir_is,7,552960,282,0.9929078014184397,497.677304964539,891,0.13019079685746351,124.00897867564534,891,0.12906846240179573,121.9685746352413,2726,0,0,uniform=668;sir=2066,118.429447889328,20b20ac
sir_is,7,614400,282,0.975177304964539,488.8156028368794,891,0.002244668911335578,55.500561167227836,891,0.001122334455667789,55.17508417508417,2726,0,0,uniform=668;sir=2066,118.429447889328,20b20ac
sir_is05,7,0,282,0.0,27.890070921985817,891,0.0,13.901234567901234,891,0.0,13.83838383838384,2563,0,0,uniform=694;sir=1877,122.59786701202393,20b20ac
sir_is05,7,61440,282,0.05319148936170213,217.38652482269504,891,0.0,101.05050505050505,891,0.0,100.62850729517396,2563,0,0,uniform=694;sir=1877,122.59786701202393,20b20ac
sir_is05,7,122880,282,0.5531914893617021,432.31205673758865,891,0.006734006734006734,200.20987654320987,891,0.005611672278338945,197.27609427609428,2563,0,0,uniform=694;sir=1877,122.59786701202393,20b20ac
sir_is05,7,184320,282,0.07446808510638298,247.17375886524823,891,0.0,108.6936026936027,891,0.0,108.13131313131314,2563,0,0,uniform=694;sir=1877,122.59786701202393,20b20ac
sir_is05,7,245760,282,0.31560283687943264,408.5248226950355,891,0.016835016835016835,126.14029180695847,891,0.020202020202020204,125.65319865319866,2563,0,0,uniform=694;sir=1877,122.59786701202393,20b20ac
sir_is05,7,307200,282,0.9609929078014184,492.9574468085106,891,0.3984287317620651,241.40965207631874,891,0.4006734006734007,241.87542087542087,2563,0,0,uniform=694;sir=1877,122.59786701202393,20b20ac
sir_is05,7,368640,282,0.5177304964539007,410.4148936170213,891,0.1537598204264871,186.53759820426487,891,0.15151515151515152,185.3827160493827,2563,0,0,uniform=694;sir=1877,122.59786701202393,20b20ac
sir_is05,7,430080,282,0.9858156028368794,495.6950354609929,891,0.16947250280583614,147.93602693602693,891,0.18742985409652077,156.59259259259258,2563,0,0,uniform=694;sir=1877,122.59786701202393,20b20ac
sir_is05,7,491520,282,0.9964539007092199,498.41843971631204,891,0.4612794612794613,271.23569023569024,891,0.45342312008978675,267.6947250280584,2563,0,0,uniform=694;sir=1877,122.59786701202393,20b20ac
sir_is05,7,552960,282,0.7127659574468085,440.2517730496454,891,0.32098765432098764,278.43771043771045,891,0.3277216610549944,276.8855218855219,2563,0,0,uniform=694;sir=1877,122.59786701202393,20b20ac
sir_is05,7,614400,282,0.975177304964539,495.57801418439715,891,0.4904601571268238,292.58698092031426,891,0.48709315375982043,291.8092031425365,2563,0,0,uniform=694;sir=1877,122.59786701202393,20b20ac
replay_post,7,0,282,0.0,10.702127659574469,891,0.0,11.163860830527497,891,0.0,11.041526374859709,2513,0,0,uniform=1313;replay=1208,126.6891520023346,20b20ac
replay_post,7,61440,282,0.03900709219858156,204.3404255319149,891,0.0,98.993265993266,891,0.0,98.6408529741863,2513,0,0,uniform=1313;replay=1208,126.6891520023346,20b20ac
replay_post,7,122880,282,0.4397163120567376,398.88652482269504,891,0.0,164.20089786756452,891,0.0,161.73961840628508,2513,0,0,uniform=1313;replay=1208,126.6891520023346,20b20ac
replay_post,7,184320,282,0.04964539007092199,230.41843971631207,891,0.013468013468013467,144.6127946127946,891,0.013468013468013467,142.11447811447812,2513,0,0,uniform=1313;replay=1208,126.6891520023346,20b20ac
replay_post,7,245760,282,0.9893617021276596,496.9468085106383,891,0.13468013468013468,128.12008978675647,891,0.1335578002244669,126.3591470258137,2513,0,0,uniform=1313;replay=1208,126.6891520023346,20b20ac
replay_post,7,307200,282,0.9893617021276596,495.3333333333333,891,0.09427609427609428,106.17396184062851,891,0.10213243546576879,109.94949494949495,2513,0,0,uniform=1313;replay=1208,126.6891520023346,20b20ac
replay_post,7,368640,282,0.7021276595744681,423.1241134751773,891,0.19640852974186307,230.55892255892255,891,0.20089786756453423,230.68799102132436,2513,0,0,uniform=1313;replay=1208,126.6891520023346,20b20ac
replay_post,7,430080,282,0.9858156028368794,496.6985815602837,891,0.9090909090909091,463.16498316498314,891,0.8967452300785634,458.3198653198653,2513,0,0,uniform=1313;replay=1208,126.6891520023346,20b20ac
replay_post,7,491520,282,0.9929078014184397,497.39716312056737,891,0.7811447811447811,410.97081930415266,891,0.7800224466891134,410.38945005611674,2513,0,0,uniform=1313;replay=1208,126.6891520023346,20b20ac
replay_post,7,552960,282,0.9609929078014184,494.2411347517731,891,0.16049382716049382,304.26038159371495,891,0.1627384960718294,299.69135802469134,2513,0,0,uniform=1313;replay=1208,126.6891520023346,20b20ac
replay_post,7,614400,282,0.9858156028368794,493.7411347517731,891,0.006734006734006734,61.34006734006734,891,0.005611672278338945,61.215488215488215,2513,0,0,uniform=1313;replay=1208,126.6891520023346,20b20ac
mutate_post,7,0,282,0.0,17.134751773049647,891,0.0,13.982042648709315,891,0.0,14.204264870931537,2783,0,0,uniform=1404;replay=704;mutate=683,129.1928791999817,20b20ac
mutate_post,7,61440,282,0.03900709219858156,219.17375886524823,891,0.0,108.8080808080808,891,0.0,108.32659932659932,2783,0,0,uniform=1404;replay=704;mutate=683,129.1928791999817,20b20ac
mutate_post,7,122880,282,0.0673758865248227,309.14539007092196,891,0.18181818181818182,215.1851851851852,891,0.20875420875420875,219.668911335578,2783,0,0,uniform=1404;replay=704;mutate=683,129.1928791999817,20b20ac
mutate_post,7,184320,282,0.9148936170212766,483.5851063829787,891,0.6049382716049383,339.949494949495,891,0.5858585858585859,332.9079685746352,2783,0,0,uniform=1404;replay=704;mutate=683,129.1928791999817,20b20ac
mutate_post,7,245760,282,0.8865248226950354,487.0531914893617,891,0.3176206509539843,316.631874298541,891,0.3075196408529742,310.38496071829405,2783,0,0,uniform=1404;replay=704;mutate=683,129.1928791999817,20b20ac
mutate_post,7,307200,282,0.9787234042553191,495.4432624113475,891,0.7283950617283951,386.625140291807,891,0.7317620650953984,388.2199775533109,2783,0,0,uniform=1404;replay=704;mutate=683,129.1928791999817,20b20ac
mutate_post,7,368640,282,0.02127659574468085,173.7340425531915,891,0.04377104377104377,142.35353535353536,891,0.04040404040404041,139.1952861952862,2783,0,0,uniform=1404;replay=704;mutate=683,129.1928791999817,20b20ac
mutate_post,7,430080,282,1.0,500.0,891,0.8439955106621774,437.2502805836139,891,0.8338945005611672,432.5858585858586,2783,0,0,uniform=1404;replay=704;mutate=683,129.1928791999817,20b20ac
mutate_post,7,491520,282,0.9858156028368794,496.86879432624113,891,0.7542087542087542,400.2121212121212,891,0.7362514029180696,391.70482603815935,2783,0,0,uniform=1404;replay=704;mutate=683,129.1928791999817,20b20ac
mutate_post,7,552960,282,0.024822695035460994,208.65248226950354,891,0.0,192.006734006734,891,0.0,188.1290684624018,2783,0,0,uniform=1404;replay=704;mutate=683,129.1928791999817,20b20ac
mutate_post,7,614400,282,0.9964539007092199,499.27659574468083,891,0.8327721661054994,432.5297418630752,891,0.8282828282828283,429.26599326599325,2783,0,0,uniform=1404;replay=704;mutate=683,129.1928791999817,20b20ac
sir_a1,8,0,282,0.0,16.70567375886525,891,0.0,13.149270482603816,891,0.0,13.095398428731762,2869,0,0,uniform=1428;sir=1449,127.14393520355225,20b20ac
sir_a1,8,61440,282,0.12056737588652482,270.57092198581563,891,0.0,114.85072951739619,891,0.0,113.72839506172839,2869,0,0,uniform=1428;sir=1449,127.14393520355225,20b20ac
sir_a1,8,122880,282,0.07801418439716312,261.13829787234044,891,0.0,126.17957351290684,891,0.0,124.33221099887767,2869,0,0,uniform=1428;sir=1449,127.14393520355225,20b20ac
sir_a1,8,184320,282,0.03900709219858156,202.53546099290782,891,0.0,117.1672278338945,891,0.0,116.337822671156,2869,0,0,uniform=1428;sir=1449,127.14393520355225,20b20ac
sir_a1,8,245760,282,0.07446808510638298,246.29787234042553,891,0.001122334455667789,134.7070707070707,891,0.0,133.26711560044893,2869,0,0,uniform=1428;sir=1449,127.14393520355225,20b20ac
sir_a1,8,307200,282,0.9929078014184397,498.82978723404256,891,0.5185185185185185,298.9820426487093,891,0.5230078563411896,301.07744107744105,2869,0,0,uniform=1428;sir=1449,127.14393520355225,20b20ac
sir_a1,8,368640,282,0.9893617021276596,495.3936170212766,891,0.19640852974186307,152.40965207631874,891,0.21773288439955107,160.3625140291807,2869,0,0,uniform=1428;sir=1449,127.14393520355225,20b20ac
sir_a1,8,430080,282,0.9645390070921985,494.3085106382979,891,0.7227833894500562,383.45903479236813,891,0.7014590347923682,375.91358024691357,2869,0,0,uniform=1428;sir=1449,127.14393520355225,20b20ac
sir_a1,8,491520,282,0.9645390070921985,483.8936170212766,891,0.001122334455667789,55.09539842873176,891,0.001122334455667789,54.87991021324355,2869,0,0,uniform=1428;sir=1449,127.14393520355225,20b20ac
sir_a1,8,552960,282,0.9893617021276596,495.36879432624113,891,0.024691358024691357,71.8294051627385,891,0.02356902356902357,71.59371492704825,2869,0,0,uniform=1428;sir=1449,127.14393520355225,20b20ac
sir_a1,8,614400,282,0.9716312056737588,494.52127659574467,891,0.5432098765432098,306.7676767676768,891,0.5409652076318743,305.40628507295173,2869,0,0,uniform=1428;sir=1449,127.14393520355225,20b20ac
verifai_surr,7,0,282,0.0,35.304964539007095,891,0.0,15.267115600448934,891,0.0,15.069584736251404,2711,0,0,uniform=1338;verifai=1381,130.6614739894867,20b20ac
verifai_surr,7,61440,282,0.24822695035460993,326.3581560283688,891,0.0,117.25028058361391,891,0.0,116.42648709315375,2711,0,0,uniform=1338;verifai=1381,130.6614739894867,20b20ac
verifai_surr,7,122880,282,0.0851063829787234,249.63475177304966,891,0.0,108.06509539842874,891,0.0,107.41638608305276,2711,0,0,uniform=1338;verifai=1381,130.6614739894867,20b20ac
verifai_surr,7,184320,282,0.2695035460992908,360.91843971631204,891,0.001122334455667789,140.07856341189674,891,0.0,138.72615039281706,2711,0,0,uniform=1338;verifai=1381,130.6614739894867,20b20ac
verifai_surr,7,245760,282,0.04609929078014184,204.1241134751773,891,0.0,107.22558922558923,891,0.0,106.5993265993266,2711,0,0,uniform=1338;verifai=1381,130.6614739894867,20b20ac
verifai_surr,7,307200,282,0.8794326241134752,483.7836879432624,891,0.24017957351290684,307.4826038159371,891,0.24242424242424243,302.1750841750842,2711,0,0,uniform=1338;verifai=1381,130.6614739894867,20b20ac
verifai_surr,7,368640,282,1.0,500.0,891,0.6868686868686869,371.5510662177329,891,0.6891133557800224,371.9079685746352,2711,0,0,uniform=1338;verifai=1381,130.6614739894867,20b20ac
verifai_surr,7,430080,282,0.9858156028368794,496.26241134751774,891,0.6172839506172839,339.9955106621773,891,0.6083052749719416,336.2166105499439,2711,0,0,uniform=1338;verifai=1381,130.6614739894867,20b20ac
verifai_surr,7,491520,282,0.9929078014184397,497.0248226950355,891,0.5398428731762065,307.4736251402918,891,0.5331088664421998,302.91358024691357,2711,0,0,uniform=1338;verifai=1381,130.6614739894867,20b20ac
verifai_surr,7,552960,282,0.9858156028368794,496.5744680851064,891,0.25140291806958476,180.8563411896745,891,0.23681257014590348,173.2334455667789,2711,0,0,uniform=1338;verifai=1381,130.6614739894867,20b20ac
verifai_surr,7,614400,282,0.7127659574468085,457.4148936170213,891,0.12121212121212122,210.47138047138048,891,0.13019079685746351,209.13131313131314,2711,0,0,uniform=1338;verifai=1381,130.6614739894867,20b20ac
sir_a4,8,0,282,0.0,12.03191489361702,891,0.0,25.35016835016835,891,0.0,24.448933782267115,2497,0,0,uniform=1242;sir=1263,123.65301489830017,20b20ac
sir_a4,8,61440,282,0.08156028368794327,270.1737588652482,891,0.0,120.36700336700336,891,0.0,119.57351290684625,2497,0,0,uniform=1242;sir=1263,123.65301489830017,20b20ac
sir_a4,8,122880,282,0.07801418439716312,285.9574468085106,891,0.0,108.5331088664422,891,0.0,107.85409652076319,2497,0,0,uniform=1242;sir=1263,123.65301489830017,20b20ac
sir_a4,8,184320,282,0.9574468085106383,494.1099290780142,891,0.8496071829405163,438.6374859708193,891,0.8518518518518519,439.43771043771045,2497,0,0,uniform=1242;sir=1263,123.65301489830017,20b20ac
sir_a4,8,245760,282,0.875886524822695,472.28014184397165,891,0.11560044893378227,200.31986531986533,891,0.11447811447811448,199.3771043771044,2497,0,0,uniform=1242;sir=1263,123.65301489830017,20b20ac
sir_a4,8,307200,282,0.7446808510638298,457.15248226950354,891,0.38047138047138046,283.672278338945,891,0.38271604938271603,280.74074074074076,2497,0,0,uniform=1242;sir=1263,123.65301489830017,20b20ac
sir_a4,8,368640,282,0.8085106382978723,477.8404255319149,891,0.09988776655443322,276.61503928170595,891,0.0920314253647587,273.8294051627385,2497,0,0,uniform=1242;sir=1263,123.65301489830017,20b20ac
sir_a4,8,430080,282,0.9929078014184397,498.8900709219858,891,0.7519640852974186,397.46576879910214,891,0.7474747474747475,395.665544332211,2497,0,0,uniform=1242;sir=1263,123.65301489830017,20b20ac
sir_a4,8,491520,282,0.9645390070921985,485.1737588652482,891,0.001122334455667789,58.11560044893378,891,0.001122334455667789,57.866442199775534,2497,0,0,uniform=1242;sir=1263,123.65301489830017,20b20ac
sir_a4,8,552960,282,0.8156028368794326,476.4255319148936,891,0.8181818181818182,430.4646464646465,891,0.7946127946127947,420.6599326599327,2497,0,0,uniform=1242;sir=1263,123.65301489830017,20b20ac
sir_a4,8,614400,282,0.9858156028368794,495.39716312056737,891,0.8080808080808081,428.7766554433221,891,0.8092031425364759,427.1178451178451,2497,0,0,uniform=1242;sir=1263,123.65301489830017,20b20ac
sir_is,8,0,282,0.0,14.23758865248227,891,0.0,39.15039281705948,891,0.0,39.96296296296296,2755,0,0,uniform=683;sir=2080,122.68589401245117,20b20ac
sir_is,8,61440,282,0.06382978723404255,216.01418439716312,891,0.0,110.9270482603816,891,0.0,110.30527497194164,2755,0,0,uniform=683;sir=2080,122.68589401245117,20b20ac
sir_is,8,122880,282,0.4645390070921986,411.75531914893617,891,0.007856341189674524,220.14814814814815,891,0.010101010101010102,217.76543209876544,2755,0,0,uniform=683;sir=2080,122.68589401245117,20b20ac
sir_is,8,184320,282,0.0425531914893617,213.70921985815602,891,0.001122334455667789,134.42648709315375,891,0.004489337822671156,133.27721661054994,2755,0,0,uniform=683;sir=2080,122.68589401245117,20b20ac
sir_is,8,245760,282,0.20567375886524822,347.15248226950354,891,0.008978675645342313,166.59371492704827,891,0.014590347923681257,165.3939393939394,2755,0,0,uniform=683;sir=2080,122.68589401245117,20b20ac
sir_is,8,307200,282,0.9893617021276596,496.08156028368796,891,0.16498316498316498,144.14478114478115,891,0.1638608305274972,143.4702581369248,2755,0,0,uniform=683;sir=2080,122.68589401245117,20b20ac
sir_is,8,368640,282,0.9858156028368794,493.85460992907804,891,0.002244668911335578,56.34006734006734,891,0.001122334455667789,56.021324354657686,2755,0,0,uniform=683;sir=2080,122.68589401245117,20b20ac
sir_is,8,430080,282,0.9893617021276596,495.2730496453901,891,0.001122334455667789,57.637485970819306,891,0.001122334455667789,57.71829405162738,2755,0,0,uniform=683;sir=2080,122.68589401245117,20b20ac
sir_is,8,491520,282,0.9929078014184397,496.92198581560285,891,0.08529741863075196,102.94612794612794,891,0.06734006734006734,94.72615039281706,2755,0,0,uniform=683;sir=2080,122.68589401245117,20b20ac
sir_is,8,552960,282,0.9929078014184397,497.031914893617,891,0.569023569023569,319.76206509539844,891,0.5600448933782267,315.52076318742985,2755,0,0,uniform=683;sir=2080,122.68589401245117,20b20ac
sir_is,8,614400,282,0.9858156028368794,495.1914893617021,891,0.0,60.78675645342312,891,0.001122334455667789,60.988776655443324,2755,0,0,uniform=683;sir=2080,122.68589401245117,20b20ac
sir_is05,8,0,282,0.0,27.98936170212766,891,0.0,14.557800224466892,891,0.0,14.338945005611672,2696,0,0,uniform=647;sir=2057,122.0242211818695,20b20ac
sir_is05,8,61440,282,0.9822695035460993,497.9326241134752,891,0.8877665544332211,454.1907968574635,891,0.8686868686868687,445.996632996633,2696,0,0,uniform=647;sir=2057,122.0242211818695,20b20ac
sir_is05,8,122880,282,0.9893617021276596,495.2695035460993,891,0.002244668911335578,57.40852974186308,891,0.001122334455667789,57.270482603815935,2696,0,0,uniform=647;sir=2057,122.0242211818695,20b20ac
sir_is05,8,184320,282,0.05319148936170213,227.49290780141843,891,0.001122334455667789,105.89225589225589,891,0.0,105.01234567901234,2696,0,0,uniform=647;sir=2057,122.0242211818695,20b20ac
sir_is05,8,245760,282,0.03546099290780142,218.86170212765958,891,0.0,118.63524130190797,891,0.0,117.82379349046016,2696,0,0,uniform=647;sir=2057,122.0242211818695,20b20ac
sir_is05,8,307200,282,0.9822695035460993,496.12056737588654,891,0.8540965207631874,440.61952861952864,891,0.8305274971941639,430.969696969697,2696,0,0,uniform=647;sir=2057,122.0242211818695,20b20ac
sir_is05,8,368640,282,0.9822695035460993,493.63120567375887,891,0.002244668911335578,58.20763187429854,891,0.001122334455667789,57.866442199775534,2696,0,0,uniform=647;sir=2057,122.0242211818695,20b20ac
sir_is05,8,430080,282,0.9787234042553191,491.66312056737587,891,0.014590347923681257,64.77328843995511,891,0.007856341189674524,62.45679012345679,2696,0,0,uniform=647;sir=2057,122.0242211818695,20b20ac
sir_is05,8,491520,282,0.975177304964539,488.65248226950354,891,0.001122334455667789,55.34904601571268,891,0.001122334455667789,55.10549943883277,2696,0,0,uniform=647;sir=2057,122.0242211818695,20b20ac
sir_is05,8,552960,282,0.9468085106382979,475.6843971631206,891,0.002244668911335578,55.10662177328844,891,0.001122334455667789,54.809203142536475,2696,0,0,uniform=647;sir=2057,122.0242211818695,20b20ac
sir_is05,8,614400,282,0.9680851063829787,493.58156028368796,891,0.4332210998877666,253.07631874298542,891,0.43434343434343436,253.003367003367,2696,0,0,uniform=647;sir=2057,122.0242211818695,20b20ac
replay_post,8,0,282,0.0,43.90425531914894,891,0.0,19.443322109988777,891,0.0,19.234567901234566,2622,0,0,uniform=1334;replay=1296,119.7277319431305,20b20ac
replay_post,8,61440,282,0.014184397163120567,181.31205673758865,891,0.0,102.10437710437711,891,0.0,101.58585858585859,2622,0,0,uniform=1334;replay=1296,119.7277319431305,20b20ac
replay_post,8,122880,282,0.19148936170212766,329.2730496453901,891,0.001122334455667789,154.25925925925927,891,0.0,152.03367003367003,2622,0,0,uniform=1334;replay=1296,119.7277319431305,20b20ac
replay_post,8,184320,282,0.24468085106382978,330.17021276595744,891,0.0,124.91919191919192,891,0.0,123.73063973063974,2622,0,0,uniform=1334;replay=1296,119.7277319431305,20b20ac
replay_post,8,245760,282,0.8617021276595744,477.63829787234044,891,0.028058361391694726,199.00112233445566,891,0.02132435465768799,194.0314253647587,2622,0,0,uniform=1334;replay=1296,119.7277319431305,20b20ac
replay_post,8,307200,282,0.9539007092198581,496.2163120567376,891,0.3378226711560045,240.40291806958473,891,0.3176206509539843,233.0875420875421,2622,0,0,uniform=1334;replay=1296,119.7277319431305,20b20ac
replay_post,8,368640,282,0.4574468085106383,372.3085106382979,891,0.0,129.06846240179573,891,0.0,126.42648709315375,2622,0,0,uniform=1334;replay=1296,119.7277319431305,20b20ac
replay_post,8,430080,282,0.9361702127659575,491.5744680851064,891,0.7530864197530864,417.5173961840629,891,0.7328843995510662,412.5241301907969,2622,0,0,uniform=1334;replay=1296,119.7277319431305,20b20ac
replay_post,8,491520,282,0.9787234042553191,490.57801418439715,891,0.002244668911335578,55.953984287317624,891,0.001122334455667789,55.674523007856344,2622,0,0,uniform=1334;replay=1296,119.7277319431305,20b20ac
replay_post,8,552960,282,0.9822695035460993,494.86879432624113,891,0.4377104377104377,256.98428731762067,891,0.42312008978675647,251.4421997755331,2622,0,0,uniform=1334;replay=1296,119.7277319431305,20b20ac
replay_post,8,614400,282,0.12411347517730496,390.22340425531917,891,0.04489337822671156,132.93041526374859,891,0.051627384960718295,134.24915824915826,2622,0,0,uniform=1334;replay=1296,119.7277319431305,20b20ac
mutate_post,8,0,282,0.0,16.29787234042553,891,0.0,48.07070707070707,891,0.0,48.20314253647587,2473,0,0,uniform=1186;replay=629;mutate=666,120.41055274009705,20b20ac
mutate_post,8,61440,282,0.03546099290780142,206.80851063829786,891,0.0,103.91919191919192,891,0.0,103.44332210998877,2473,0,0,uniform=1186;replay=629;mutate=666,120.41055274009705,20b20ac
mutate_post,8,122880,282,0.0673758865248227,316.6808510638298,891,0.3557800224466891,273.6599326599327,891,0.34118967452300786,268.84736251402916,2473,0,0,uniform=1186;replay=629;mutate=666,120.41055274009705,20b20ac
mutate_post,8,184320,282,0.0673758865248227,311.2411347517731,891,0.4702581369248036,306.86083052749717,891,0.45791245791245794,302.6139169472503,2473,0,0,uniform=1186;replay=629;mutate=666,120.41055274009705,20b20ac
mutate_post,8,245760,282,0.2198581560283688,328.8404255319149,891,0.0,137.4702581369248,891,0.0,135.99551066217734,2473,0,0,uniform=1186;replay=629;mutate=666,120.41055274009705,20b20ac
mutate_post,8,307200,282,0.9397163120567376,490.6170212765957,891,0.8013468013468014,420.2098765432099,891,0.7901234567901234,415.75757575757575,2473,0,0,uniform=1186;replay=629;mutate=666,120.41055274009705,20b20ac
mutate_post,8,368640,282,0.8723404255319149,481.7411347517731,891,0.7721661054994389,409.09988776655445,891,0.7542087542087542,401.8675645342312,2473,0,0,uniform=1186;replay=629;mutate=666,120.41055274009705,20b20ac
mutate_post,8,430080,282,0.9893617021276596,495.2517730496454,891,0.003367003367003367,60.003367003367,891,0.005611672278338945,60.49607182940516,2473,0,0,uniform=1186;replay=629;mutate=666,120.41055274009705,20b20ac
mutate_post,8,491520,282,0.9822695035460993,494.8723404255319,891,0.6273849607182941,347.2154882154882,891,0.6026936026936027,336.40852974186305,2473,0,0,uniform=1186;replay=629;mutate=666,120.41055274009705,20b20ac
mutate_post,8,552960,282,0.9858156028368794,495.1418439716312,891,0.001122334455667789,61.19977553310887,891,0.006734006734006734,62.63524130190797,2473,0,0,uniform=1186;replay=629;mutate=666,120.41055274009705,20b20ac
mutate_post,8,614400,282,0.9858156028368794,493.73758865248226,891,0.004489337822671156,59.7384960718294,891,0.005611672278338945,60.54208754208754,2473,0,0,uniform=1186;replay=629;mutate=666,120.41055274009705,20b20ac
verifai_surr,8,0,282,0.0,36.773049645390074,891,0.0,17.774410774410775,891,0.0,17.626262626262626,2483,0,0,uniform=1230;verifai=1261,92.29456615447998,20b20ac
verifai_surr,8,61440,282,0.06028368794326241,240.82978723404256,891,0.0,116.65544332210999,891,0.0,115.84511784511784,2483,0,0,uniform=1230;verifai=1261,92.29456615447998,20b20ac
verifai_surr,8,122880,282,0.02127659574468085,260.8191489361702,891,0.026936026936026935,275.5331088664422,891,0.03367003367003367,275.9450056116723,2483,0,0,uniform=1230;verifai=1261,92.29456615447998,20b20ac
verifai_surr,8,184320,282,0.16312056737588654,313.5531914893617,891,0.001122334455667789,133.53198653198652,891,0.0,133.05723905723906,2483,0,0,uniform=1230;verifai=1261,92.29456615447998,20b20ac
verifai_surr,8,245760,282,0.21631205673758866,358.1489361702128,891,0.001122334455667789,82.2996632996633,891,0.0,83.31649831649831,2483,0,0,uniform=1230;verifai=1261,92.29456615447998,20b20ac
verifai_surr,8,307200,282,0.9716312056737588,495.3936170212766,891,0.7755331088664422,410.4410774410774,891,0.7564534231200898,403.7003367003367,2483,0,0,uniform=1230;verifai=1261,92.29456615447998,20b20ac
verifai_surr,8,368640,282,0.03900709219858156,281.5425531914894,891,0.0,273.6947250280584,891,0.0,270.0347923681257,2483,0,0,uniform=1230;verifai=1261,92.29456615447998,20b20ac
verifai_surr,8,430080,282,0.9539007092198581,492.4255319148936,891,0.9124579124579124,464.55555555555554,891,0.9135802469135802,465.5544332210999,2483,0,0,uniform=1230;verifai=1261,92.29456615447998,20b20ac
verifai_surr,8,491520,282,0.9822695035460993,494.06382978723406,891,0.1111111111111111,114.13019079685746,891,0.12794612794612795,121.76879910213243,2483,0,0,uniform=1230;verifai=1261,92.29456615447998,20b20ac
verifai_surr,8,552960,282,0.9787234042553191,490.5673758865248,891,0.002244668911335578,55.43097643097643,891,0.001122334455667789,55.11447811447812,2483,0,0,uniform=1230;verifai=1261,92.29456615447998,20b20ac
verifai_surr,8,614400,282,0.9822695035460993,497.4751773049645,891,0.9393939393939394,475.84062850729515,891,0.9371492704826038,474.84511784511784,2483,0,0,uniform=1230;verifai=1261,92.29456615447998,20b20ac
sir_a4,9,0,282,0.0,33.822695035460995,891,0.0,40.57912457912458,891,0.0,40.631874298540964,2894,0,0,uniform=1454;sir=1448,23.380752086639404,8b52eb1
sir_a4,9,61440,282,0.5354609929078015,414.1170212765957,891,0.001122334455667789,160.8193041526375,891,0.001122334455667789,158.03928170594838,2894,0,0,uniform=1454;sir=1448,23.380752086639404,8b52eb1
sir_a4,9,122880,282,0.851063829787234,485.8191489361702,891,0.29741863075196406,317.4466891133558,891,0.30078563411896747,317.83838383838383,2894,0,0,uniform=1454;sir=1448,23.380752086639404,8b52eb1
sir_a4,9,184320,282,0.07446808510638298,283.9645390070922,891,0.40291806958473625,272.037037037037,891,0.3939393939393939,270.1750841750842,2894,0,0,uniform=1454;sir=1448,23.380752086639404,8b52eb1
sir_a4,9,245760,282,0.0673758865248227,279.8723404255319,891,0.03479236812570146,148.2817059483726,891,0.028058361391694726,141.10213243546576,2894,0,0,uniform=1454;sir=1448,23.380752086639404,8b52eb1
sir_a4,9,307200,282,0.03900709219858156,239.67375886524823,891,0.013468013468013467,134.9405162738496,891,0.007856341189674524,128.81032547699215,2894,0,0,uniform=1454;sir=1448,23.380752086639404,8b52eb1
sir_a4,9,368640,282,0.18085106382978725,318.3333333333333,891,0.0,131.13468013468014,891,0.0,129.98765432098764,2894,0,0,uniform=1454;sir=1448,23.380752086639404,8b52eb1
sir_a4,9,430080,282,0.723404255319149,461.5,891,0.001122334455667789,194.16161616161617,891,0.0,191.12794612794613,2894,0,0,uniform=1454;sir=1448,23.380752086639404,8b52eb1
sir_a4,9,491520,282,0.08156028368794327,371.52836879432624,891,0.36363636363636365,289.983164983165,891,0.35241301907968575,287.7485970819304,2894,0,0,uniform=1454;sir=1448,23.380752086639404,8b52eb1
sir_a4,9,552960,282,0.03546099290780142,204.96453900709218,891,0.0,109.84736251402919,891,0.0,109.28395061728395,2894,0,0,uniform=1454;sir=1448,23.380752086639404,8b52eb1
sir_a4,9,614400,282,0.9929078014184397,497.09929078014187,891,0.5723905723905723,321.9887766554433,891,0.5701459034792368,320.3265993265993,2894,0,0,uniform=1454;sir=1448,23.380752086639404,8b52eb1
sir_is,9,0,282,0.0,10.787234042553191,891,0.0,14.942760942760943,891,0.0,14.151515151515152,3116,0,0,uniform=761;sir=2363,23.643880128860474,8b52eb1
sir_is,9,61440,282,0.06382978723404255,226.29432624113474,891,0.0,106.40291806958474,891,0.0,105.72839506172839,3116,0,0,uniform=761;sir=2363,23.643880128860474,8b52eb1
sir_is,9,122880,282,0.05319148936170213,255.17021276595744,891,0.012345679012345678,165.6228956228956,891,0.025813692480359147,164.4354657687991,3116,0,0,uniform=761;sir=2363,23.643880128860474,8b52eb1
sir_is,9,184320,282,0.3475177304964539,375.531914893617,891,0.0,155.1257014590348,891,0.001122334455667789,153.47923681257015,3116,0,0,uniform=761;sir=2363,23.643880128860474,8b52eb1
sir_is,9,245760,282,0.11702127659574468,285.51418439716315,891,0.07407407407407407,184.9405162738496,891,0.06621773288439955,180.45679012345678,3116,0,0,uniform=761;sir=2363,23.643880128860474,8b52eb1
sir_is,9,307200,282,0.05319148936170213,277.5390070921986,891,0.15600448933782268,222.57351290684625,891,0.1414141414141414,216.21324354657688,3116,0,0,uniform=761;sir=2363,23.643880128860474,8b52eb1
sir_is,9,368640,282,0.29432624113475175,350.87943262411346,891,0.0931537598204265,163.23120089786755,891,0.08754208754208755,159.70819304152639,3116,0,0,uniform=761;sir=2363,23.643880128860474,8b52eb1
sir_is,9,430080,282,0.5638297872340425,411.5851063829787,891,0.09539842873176206,162.92368125701458,891,0.09427609427609428,161.8989898989899,3116,0,0,uniform=761;sir=2363,23.643880128860474,8b52eb1
sir_is,9,491520,282,0.024822695035460994,174.0744680851064,891,0.001122334455667789,108.90684624017958,891,0.0,108.27833894500561,3116,0,0,uniform=761;sir=2363,23.643880128860474,8b52eb1
sir_is,9,552960,282,0.9858156028368794,498.0921985815603,891,0.5084175084175084,300.1840628507295,891,0.494949494949495,293.35016835016836,3116,0,0,uniform=761;sir=2363,23.643880128860474,8b52eb1
sir_is,9,614400,282,0.9929078014184397,497.5,891,0.6947250280583613,374.5218855218855,891,0.6677890011223344,363.5533108866442,3116,0,0,uniform=761;sir=2363,23.643880128860474,8b52eb1
sir_a4,10,0,282,0.0,43.49645390070922,891,0.0,52.26936026936027,891,0.0,52.18742985409652,2604,0,0,uniform=1345;sir=1267,23.39859628677368,8b52eb1
sir_a4,10,61440,282,0.02127659574468085,189.83333333333334,891,0.0,100.22558922558923,891,0.0,99.76879910213243,2604,0,0,uniform=1345;sir=1267,23.39859628677368,8b52eb1
sir_a4,10,122880,282,0.8865248226950354,490.7517730496454,891,0.18181818181818182,248.4354657687991,891,0.1324354657687991,234.1672278338945,2604,0,0,uniform=1345;sir=1267,23.39859628677368,8b52eb1
sir_a4,10,184320,282,0.09929078014184398,278.6170212765957,891,0.0,117.84062850729518,891,0.0,117.22222222222223,2604,0,0,uniform=1345;sir=1267,23.39859628677368,8b52eb1
sir_a4,10,245760,282,0.9787234042553191,495.2730496453901,891,0.6184062850729517,408.34455667789,891,0.6172839506172839,402.18294051627385,2604,0,0,uniform=1345;sir=1267,23.39859628677368,8b52eb1
sir_a4,10,307200,282,0.9893617021276596,496.0673758865248,891,0.4904601571268238,285.00561167227835,891,0.48597081930415265,283.1099887766554,2604,0,0,uniform=1345;sir=1267,23.39859628677368,8b52eb1
sir_a4,10,368640,282,0.9964539007092199,499.93971631205676,891,0.8945005611672279,457.9820426487093,891,0.8821548821548821,453.21099887766553,2604,0,0,uniform=1345;sir=1267,23.39859628677368,8b52eb1
sir_a4,10,430080,282,0.9893617021276596,497.15602836879435,891,0.8428731762065096,438.06509539842875,891,0.8361391694725028,434.2918069584736,2604,0,0,uniform=1345;sir=1267,23.39859628677368,8b52eb1
sir_a4,10,491520,282,0.9822695035460993,492.23758865248226,891,0.002244668911335578,55.92817059483726,891,0.001122334455667789,55.59034792368126,2604,0,0,uniform=1345;sir=1267,23.39859628677368,8b52eb1
sir_a4,10,552960,282,0.9858156028368794,495.709219858156,891,0.6139169472502806,374.8069584736251,891,0.5982042648709316,368.54208754208753,2604,0,0,uniform=1345;sir=1267,23.39859628677368,8b52eb1
sir_a4,10,614400,282,0.9893617021276596,497.07092198581563,891,0.8237934904601572,427.6835016835017,891,0.813692480359147,423.4421997755331,2604,0,0,uniform=1345;sir=1267,23.39859628677368,8b52eb1
sir_is,10,0,282,0.0,11.187943262411348,891,0.0,12.58361391694725,891,0.0,12.654320987654321,2622,0,0,uniform=674;sir=1956,23.38614296913147,8b52eb1
sir_is,10,61440,282,0.13120567375886524,283.7340425531915,891,0.0,127.08080808080808,891,0.0,125.90347923681257,2622,0,0,uniform=674;sir=1956,23.38614296913147,8b52eb1
sir_is,10,122880,282,0.01773049645390071,234.48581560283688,891,0.008978675645342313,150.24466891133557,891,0.004489337822671156,144.9551066217733,2622,0,0,uniform=674;sir=1956,23.38614296913147,8b52eb1
sir_is,10,184320,282,0.2198581560283688,340.70567375886526,891,0.0,124.60157126823793,891,0.0,125.05050505050505,2622,0,0,uniform=674;sir=1956,23.38614296913147,8b52eb1
sir_is,10,245760,282,0.3120567375886525,378.17021276595744,891,0.001122334455667789,147.16161616161617,891,0.0,146.00897867564535,2622,0,0,uniform=674;sir=1956,23.38614296913147,8b52eb1
sir_is,10,307200,282,0.975177304964539,496.0390070921986,891,0.05611672278338945,105.9057239057239,891,0.06285072951739619,109.20763187429854,2622,0,0,uniform=674;sir=1956,23.38614296913147,8b52eb1
sir_is,10,368640,282,0.9787234042553191,494.6489361702128,891,0.7676767676767676,406.0561167227834,891,0.7508417508417509,399.1223344556678,2622,0,0,uniform=674;sir=1956,23.38614296913147,8b52eb1
sir_is,10,430080,282,0.7978723404255319,466.209219858156,891,0.4219977553310887,276.0415263748597,891,0.4219977553310887,274.4107744107744,2622,0,0,uniform=674;sir=1956,23.38614296913147,8b52eb1
sir_is,10,491520,282,0.9858156028368794,495.9751773049645,891,0.6879910213243546,372.04489337822673,891,0.6778900112233446,366.8047138047138,2622,0,0,uniform=674;sir=1956,23.38614296913147,8b52eb1
sir_is,10,552960,282,0.8439716312056738,469.0177304964539,891,0.21099887766554434,211.11896745230078,891,0.19865319865319866,205.6341189674523,2622,0,0,uniform=674;sir=1956,23.38614296913147,8b52eb1
sir_is,10,614400,282,0.9822695035460993,494.54609929078015,891,0.8552188552188552,441.993265993266,891,0.8372615039281706,434.4455667789001,2622,0,0,uniform=674;sir=1956,23.38614296913147,8b52eb1
sir_a4,11,0,282,0.0,52.730496453900706,891,0.0,21.242424242424242,891,0.0,20.996632996632997,2741,0,0,uniform=1369;sir=1380,23.480613946914673,8b52eb1
sir_a4,11,61440,282,0.524822695035461,446.1418439716312,891,0.40291806958473625,324.4556677890011,891,0.3995510662177329,320.993265993266,2741,0,0,uniform=1369;sir=1380,23.480613946914673,8b52eb1
sir_a4,11,122880,282,0.0,170.38297872340425,891,0.0,193.20875420875421,891,0.0,193.9719416386083,2741,0,0,uniform=1369;sir=1380,23.480613946914673,8b52eb1
sir_a4,11,184320,282,0.1524822695035461,314.3829787234043,891,0.08417508417508418,204.98765432098764,891,0.07631874298540965,199.5578002244669,2741,0,0,uniform=1369;sir=1380,23.480613946914673,8b52eb1
sir_a4,11,245760,282,0.9822695035460993,497.4645390070922,891,0.8754208754208754,450.33894500561166,891,0.8608305274971941,444.49607182940514,2741,0,0,uniform=1369;sir=1380,23.480613946914673,8b52eb1
sir_a4,11,307200,282,0.9858156028368794,496.7659574468085,891,0.920314253647587,468.71380471380473,891,0.9001122334455668,459.9405162738496,2741,0,0,uniform=1369;sir=1380,23.480613946914673,8b52eb1
sir_a4,11,368640,282,0.23404255319148937,358.7588652482269,891,0.002244668911335578,202.50392817059483,891,0.0,201.1851851851852,2741,0,0,uniform=1369;sir=1380,23.480613946914673,8b52eb1
sir_a4,11,430080,282,0.9609929078014184,493.1170212765957,891,0.7373737373737373,396.62401795735127,891,0.7384960718294051,396.64983164983164,2741,0,0,uniform=1369;sir=1380,23.480613946914673,8b52eb1
sir_a4,11,491520,282,0.9929078014184397,498.3900709219858,891,0.7833894500561167,419.19640852974186,891,0.7665544332210998,410.8529741863075,2741,0,0,uniform=1369;sir=1380,23.480613946914673,8b52eb1
sir_a4,11,552960,282,0.9964539007092199,498.41843971631204,891,0.30078563411896747,199.60157126823793,891,0.2828282828282828,191.17283950617283,2741,0,0,uniform=1369;sir=1380,23.480613946914673,8b52eb1
sir_a4,11,614400,282,0.9893617021276596,495.3049645390071,891,0.007856341189674524,66.78226711560045,891,0.004489337822671156,64.66778900112233,2741,0,0,uniform=1369;sir=1380,23.480613946914673,8b52eb1
sir_is,12,0,282,0.0,13.443262411347519,891,0.0,35.84960718294052,891,0.0,35.744107744107744,2793,0,0,uniform=714;sir=2087,24.77999997138977,8b52eb1
sir_is,12,61440,282,0.09219858156028368,293.85460992907804,891,0.0,133.20875420875421,891,0.0,132.18294051627385,2793,0,0,uniform=714;sir=2087,24.77999997138977,8b52eb1
sir_is,12,122880,282,0.3191489361702128,363.531914893617,891,0.0,153.64870931537598,891,0.0,151.9438832772166,2793,0,0,uniform=714;sir=2087,24.77999997138977,8b52eb1
sir_is,12,184320,282,0.1595744680851064,343.5070921985816,891,0.08641975308641975,212.16947250280583,891,0.0819304152637486,205.17957351290684,2793,0,0,uniform=714;sir=2087,24.77999997138977,8b52eb1
sir_is,12,245760,282,0.975177304964539,496.48936170212767,891,0.9124579124579124,464.4534231200898,891,0.8877665544332211,454.5499438832772,2793,0,0,uniform=714;sir=2087,24.77999997138977,8b52eb1
sir_is,12,307200,282,0.9964539007092199,498.43617021276594,891,0.6419753086419753,352.69584736251403,891,0.6621773288439955,360.0617283950617,2793,0,0,uniform=714;sir=2087,24.77999997138977,8b52eb1
sir_is,12,368640,282,0.08156028368794327,224.24468085106383,891,0.0,105.668911335578,891,0.0,105.59034792368125,2793,0,0,uniform=714;sir=2087,24.77999997138977,8b52eb1
sir_is,12,430080,282,0.09929078014184398,295.62056737588654,891,0.0,121.68350168350169,891,0.0,119.58024691358025,2793,0,0,uniform=714;sir=2087,24.77999997138977,8b52eb1
sir_is,12,491520,282,0.9858156028368794,494.29787234042556,891,0.06172839506172839,92.56004489337823,891,0.050505050505050504,87.46576879910214,2793,0,0,uniform=714;sir=2087,24.77999997138977,8b52eb1
sir_is,12,552960,282,0.9858156028368794,493.6950354609929,891,0.001122334455667789,58.21773288439955,891,0.002244668911335578,58.92929292929293,2793,0,0,uniform=714;sir=2087,24.77999997138977,8b52eb1
sir_is,12,614400,282,0.9432624113475178,473.790780141844,891,0.002244668911335578,55.12682379349046,891,0.001122334455667789,54.82491582491583,2793,0,0,uniform=714;sir=2087,24.77999997138977,8b52eb1
sir_a4,13,0,282,0.0,11.0177304964539,891,0.0,18.097643097643097,891,0.0,17.626262626262626,2582,0,0,uniform=1261;sir=1329,24.458573818206787,8b52eb1
sir_a4,13,61440,282,0.08865248226950355,248.93262411347519,891,0.0,111.44444444444444,891,0.0,110.64758698092031,2582,0,0,uniform=1261;sir=1329,24.458573818206787,8b52eb1
sir_a4,13,122880,282,0.01773049645390071,178.17021276595744,891,0.0,106.79573512906846,891,0.0,106.28170594837262,2582,0,0,uniform=1261;sir=1329,24.458573818206787,8b52eb1
sir_a4,13,184320,282,0.9432624113475178,489.63120567375887,891,0.6487093153759821,357.33894500561166,891,0.6509539842873177,358.2154882154882,2582,0,0,uniform=1261;sir=1329,24.458573818206787,8b52eb1
sir_a4,13,245760,282,0.9822695035460993,496.2730496453901,891,0.09988776655443322,109.29517396184063,891,0.09652076318742986,105.87205387205387,2582,0,0,uniform=1261;sir=1329,24.458573818206787,8b52eb1
sir_a4,13,307200,282,0.12411347517730496,285.35460992907804,891,0.0,120.62289562289563,891,0.0,119.72727272727273,2582,0,0,uniform=1261;sir=1329,24.458573818206787,8b52eb1
sir_a4,13,368640,282,0.9858156028368794,497.51063829787233,891,0.6902356902356902,369.6307519640853,891,0.6588103254769921,356.46801346801345,2582,0,0,uniform=1261;sir=1329,24.458573818206787,8b52eb1
sir_a4,13,430080,282,0.9468085106382979,487.7730496453901,891,0.003367003367003367,61.9023569023569,891,0.006734006734006734,62.96969696969697,2582,0,0,uniform=1261;sir=1329,24.458573818206787,8b52eb1
sir_a4,13,491520,282,0.9893617021276596,495.3014184397163,891,0.001122334455667789,59.5016835016835,891,0.001122334455667789,59.20875420875421,2582,0,0,uniform=1261;sir=1329,24.458573818206787,8b52eb1
sir_a4,13,552960,282,0.9893617021276596,496.63475177304963,891,0.8821548821548821,452.7070707070707,891,0.8754208754208754,449.5443322109989,2582,0,0,uniform=1261;sir=1329,24.458573818206787,8b52eb1
sir_a4,13,614400,282,0.9964539007092199,498.3900709219858,891,0.3501683501683502,215.79573512906848,891,0.3344556677890011,209.94612794612794,2582,0,0,uniform=1261;sir=1329,24.458573818206787,8b52eb1
sir_is,11,0,282,0.0,95.62765957446808,891,0.0,46.282828282828284,891,0.0,45.86307519640853,2715,0,0,uniform=629;sir=2094,24.938158988952637,8b52eb1
sir_is,11,61440,282,0.07801418439716312,257.0177304964539,891,0.0,114.41414141414141,891,0.0,113.62065095398428,2715,0,0,uniform=629;sir=2094,24.938158988952637,8b52eb1
sir_is,11,122880,282,0.7978723404255319,471.7730496453901,891,0.05723905723905724,251.25028058361391,891,0.038159371492704826,248.33557800224466,2715,0,0,uniform=629;sir=2094,24.938158988952637,8b52eb1
sir_is,11,184320,282,0.4787234042553192,396.97872340425533,891,0.18967452300785634,212.60830527497194,891,0.1750841750841751,204.97081930415263,2715,0,0,uniform=629;sir=2094,24.938158988952637,8b52eb1
sir_is,11,245760,282,0.05319148936170213,213.68085106382978,891,0.0,115.1986531986532,891,0.0,114.38496071829405,2715,0,0,uniform=629;sir=2094,24.938158988952637,8b52eb1
sir_is,11,307200,282,0.9893617021276596,497.97872340425533,891,0.941638608305275,476.648709315376,891,0.9371492704826038,474.85185185185185,2715,0,0,uniform=629;sir=2094,24.938158988952637,8b52eb1
sir_is,11,368640,282,0.8652482269503546,483.8333333333333,891,0.7732884399551067,406.31874298540964,891,0.7631874298540965,402.8092031425365,2715,0,0,uniform=629;sir=2094,24.938158988952637,8b52eb1
sir_is,11,430080,282,0.9858156028368794,497.26241134751774,891,0.20202020202020202,156.2233445566779,891,0.19079685746352412,150.69248035914703,2715,0,0,uniform=629;sir=2094,24.938158988952637,8b52eb1
sir_is,11,491520,282,0.9929078014184397,498.92907801418437,891,0.6576879910213244,357.4534231200898,891,0.6677890011223344,361.9012345679012,2715,0,0,uniform=629;sir=2094,24.938158988952637,8b52eb1
sir_is,11,552960,282,0.9858156028368794,496.12056737588654,891,0.8608305274971941,444.9539842873176,891,0.8395061728395061,435.20763187429856,2715,0,0,uniform=629;sir=2094,24.938158988952637,8b52eb1
sir_is,11,614400,282,0.9893617021276596,495.3156028368794,891,0.002244668911335578,59.258136924803594,891,0.0,58.79573512906846,2715,0,0,uniform=629;sir=2094,24.938158988952637,8b52eb1
sir_a4,12,0,282,0.0,31.365248226950353,891,0.0,14.64421997755331,891,0.0,14.450056116722783,2448,0,0,uniform=1205;sir=1251,25.092342853546143,8b52eb1
sir_a4,12,61440,282,0.031914893617021274,197.145390070922,891,0.0,116.61054994388327,891,0.0,115.9371492704826,2448,0,0,uniform=1205;sir=1251,25.092342853546143,8b52eb1
sir_a4,12,122880,282,0.4787234042553192,417.1241134751773,891,0.265993265993266,282.5129068462402,891,0.2615039281705948,280.98765432098764,2448,0,0,uniform=1205;sir=1251,25.092342853546143,8b52eb1
sir_a4,12,184320,282,0.9929078014184397,498.38652482269504,891,0.5151515151515151,294.7811447811448,891,0.5207631874298541,298.0145903479237,2448,0,0,uniform=1205;sir=1251,25.092342853546143,8b52eb1
sir_a4,12,245760,282,0.9858156028368794,496.23758865248226,891,0.8496071829405163,439.5892255892256,891,0.8361391694725028,433.337822671156,2448,0,0,uniform=1205;sir=1251,25.092342853546143,8b52eb1
sir_a4,12,307200,282,0.950354609929078,489.3014184397163,891,0.6599326599326599,373.668911335578,891,0.6711560044893379,374.82042648709313,2448,0,0,uniform=1205;sir=1251,25.092342853546143,8b52eb1
sir_a4,12,368640,282,0.9219858156028369,486.822695035461,891,0.06060606060606061,274.74747474747477,891,0.05387205387205387,270.6947250280584,2448,0,0,uniform=1205;sir=1251,25.092342853546143,8b52eb1
sir_a4,12,430080,282,0.9893617021276596,496.6808510638298,891,0.3254769921436588,210.82379349046016,891,0.2940516273849607,196.42648709315375,2448,0,0,uniform=1205;sir=1251,25.092342853546143,8b52eb1
sir_a4,12,491520,282,0.9858156028368794,496.3014184397163,891,0.39057239057239057,240.91919191919192,891,0.3681257014590348,231.92592592592592,2448,0,0,uniform=1205;sir=1251,25.092342853546143,8b52eb1
sir_a4,12,552960,282,0.9964539007092199,498.38652482269504,891,0.0931537598204265,103.43771043771044,891,0.08978675645342311,101.28843995510663,2448,0,0,uniform=1205;sir=1251,25.092342853546143,8b52eb1
sir_a4,12,614400,282,0.9929078014184397,498.2411347517731,891,0.5925925925925926,329.67676767676767,891,0.5881032547699214,328.0549943883277,2448,0,0,uniform=1205;sir=1251,25.092342853546143,8b52eb1
sir_is,13,0,282,0.0,14.358156028368795,891,0.0,16.585858585858585,891,0.0,16.34006734006734,2652,0,0,uniform=686;sir=1974,24.881036043167114,8b52eb1
sir_is,13,61440,282,0.450354609929078,406.4609929078014,891,0.0,174.70594837261504,891,0.0,172.54320987654322,2652,0,0,uniform=686;sir=1974,24.881036043167114,8b52eb1
sir_is,13,122880,282,0.9964539007092199,499.47163120567376,891,0.7530864197530864,401.21099887766553,891,0.7351290684624018,392.93265993265993,2652,0,0,uniform=686;sir=1974,24.881036043167114,8b52eb1
sir_is,13,184320,282,0.05319148936170213,245.4078014184397,891,0.0,117.27497194163861,891,0.0,116.64646464646465,2652,0,0,uniform=686;sir=1974,24.881036043167114,8b52eb1
sir_is,13,245760,282,0.7907801418439716,472.0886524822695,891,0.010101010101010102,212.46127946127947,891,0.010101010101010102,212.3860830527497,2652,0,0,uniform=686;sir=1974,24.881036043167114,8b52eb1
sir_is,13,307200,282,0.975177304964539,496.93617021276594,891,0.8125701459034792,423.66105499438834,891,0.792368125701459,415.1930415263749,2652,0,0,uniform=686;sir=1974,24.881036043167114,8b52eb1
sir_is,13,368640,282,0.0851063829787234,273.6241134751773,891,0.001122334455667789,135.50953984287318,891,0.001122334455667789,134.26936026936028,2652,0,0,uniform=686;sir=1974,24.881036043167114,8b52eb1
sir_is,13,430080,282,0.9645390070921985,492.39716312056737,891,0.6127946127946128,346.85185185185185,891,0.5959595959595959,339.8294051627385,2652,0,0,uniform=686;sir=1974,24.881036043167114,8b52eb1
sir_is,13,491520,282,0.9964539007092199,498.58156028368796,891,0.3075196408529742,204.13355780022448,891,0.3052749719416386,202.5252525252525,2652,0,0,uniform=686;sir=1974,24.881036043167114,8b52eb1
sir_is,13,552960,282,0.9822695035460993,493.3581560283688,891,0.001122334455667789,58.43658810325477,891,0.0,57.82491582491583,2652,0,0,uniform=686;sir=1974,24.881036043167114,8b52eb1
sir_is,13,614400,282,0.9929078014184397,496.92198581560285,891,0.19528619528619529,151.34680134680136,891,0.2031425364758698,153.81705948372615,2652,0,0,uniform=686;sir=1974,24.881036043167114,8b52eb1
sir_a4,14,0,282,0.0,35.244680851063826,891,0.0,17.525252525252526,891,0.0,17.474747474747474,2693,0,0,uniform=1348;sir=1353,23.314981937408447,ea7c779
sir_a4,14,61440,282,0.25177304964539005,342.37943262411346,891,0.0,150.50729517396184,891,0.0,149.0347923681257,2693,0,0,uniform=1348;sir=1353,23.314981937408447,ea7c779
sir_a4,14,122880,282,1.0,500.0,891,0.5656565656565656,321.61952861952864,891,0.5847362514029181,328.9405162738496,2693,0,0,uniform=1348;sir=1353,23.314981937408447,ea7c779
sir_a4,14,184320,282,0.46099290780141844,421.38652482269504,891,0.001122334455667789,166.74074074074073,891,0.0,164.97979797979798,2693,0,0,uniform=1348;sir=1353,23.314981937408447,ea7c779
sir_a4,14,245760,282,0.07446808510638298,230.43262411347519,891,0.0,105.93265993265993,891,0.0,105.57800224466891,2693,0,0,uniform=1348;sir=1353,23.314981937408447,ea7c779
sir_a4,14,307200,282,0.6028368794326241,440.11347517730496,891,0.47474747474747475,324.26599326599325,891,0.4781144781144781,325.35353535353534,2693,0,0,uniform=1348;sir=1353,23.314981937408447,ea7c779
sir_a4,14,368640,282,0.6347517730496454,451.3404255319149,891,0.0,176.83052749719417,891,0.0,176.4601571268238,2693,0,0,uniform=1348;sir=1353,23.314981937408447,ea7c779
sir_a4,14,430080,282,0.9787234042553191,494.33687943262413,891,0.8002244668911336,419.6363636363636,891,0.7890011223344556,414.7934904601571,2693,0,0,uniform=1348;sir=1353,23.314981937408447,ea7c779
sir_a4,14,491520,282,0.9609929078014184,491.3191489361702,891,0.3164983164983165,284.9259259259259,891,0.32323232323232326,285.2682379349046,2693,0,0,uniform=1348;sir=1353,23.314981937408447,ea7c779
sir_a4,14,552960,282,0.9539007092198581,491.3758865248227,891,0.6554433221099888,358.01571268237933,891,0.6318742985409652,347.86083052749717,2693,0,0,uniform=1348;sir=1353,23.314981937408447,ea7c779
sir_a4,14,614400,282,0.9397163120567376,490.42198581560285,891,0.06060606060606061,281.51066217732887,891,0.04713804713804714,275.8754208754209,2693,0,0,uniform=1348;sir=1353,23.314981937408447,ea7c779
sir_is,14,0,282,0.0,14.609929078014185,891,0.0,37.31425364758698,891,0.0,38.22895622895623,2561,0,0,uniform=650;sir=1919,23.559683084487915,ea7c779
sir_is,14,61440,282,0.3900709219858156,365.9113475177305,891,0.001122334455667789,137.62177328843995,891,0.0,136.0493827160494,2561,0,0,uniform=650;sir=1919,23.559683084487915,ea7c779
sir_is,14,122880,282,0.8865248226950354,483.22340425531917,891,0.1750841750841751,279.7979797979798,891,0.1537598204264871,271.4523007856341,2561,0,0,uniform=650;sir=1919,23.559683084487915,ea7c779
sir_is,14,184320,282,0.8439716312056738,482.43971631205676,891,0.001122334455667789,122.67901234567901,891,0.0,118.22558922558923,2561,0,0,uniform=650;sir=1919,23.559683084487915,ea7c779
sir_is,14,245760,282,0.8794326241134752,485.6170212765957,891,0.028058361391694726,231.10886644219977,891,0.024691358024691357,225.12457912457913,2561,0,0,uniform=650;sir=1919,23.559683084487915,ea7c779
sir_is,14,307200,282,0.04609929078014184,201.11347517730496,891,0.001122334455667789,112.5263748597082,891,0.0,111.87991021324355,2561,0,0,uniform=650;sir=1919,23.559683084487915,ea7c779
sir_is,14,368640,282,0.9858156028368794,494.36879432624113,891,0.007856341189674524,65.64758698092031,891,0.01122334455667789,66.61616161616162,2561,0,0,uniform=650;sir=1919,23.559683084487915,ea7c779
sir_is,14,430080,282,0.9184397163120568,486.7163120567376,891,0.001122334455667789,70.53086419753086,891,0.005611672278338945,72.72166105499439,2561,0,0,uniform=650;sir=1919,23.559683084487915,ea7c779
sir_is,14,491520,282,0.9929078014184397,497.84751773049646,891,0.7991021324354658,418.08193041526374,891,0.7867564534231201,413.06734006734007,2561,0,0,uniform=650;sir=1919,23.559683084487915,ea7c779
sir_is,14,552960,282,0.9858156028368794,495.5886524822695,891,0.9281705948372615,471.49607182940514,891,0.9191919191919192,467.4915824915825,2561,0,0,uniform=650;sir=1919,23.559683084487915,ea7c779
sir_is,14,614400,282,0.9858156028368794,496.0921985815603,891,0.8720538720538721,450.0852974186308,891,0.8574635241301908,443.4826038159371,2561,0,0,uniform=650;sir=1919,23.559683084487915,ea7c779
sir_a4,15,0,282,0.0,40.43617021276596,891,0.0,17.208754208754208,891,0.0,17.1010101010101,2408,0,0,uniform=1232;sir=1184,23.038825035095215,ea7c779
sir_a4,15,61440,282,0.03900709219858156,219.0921985815603,891,0.0,105.61616161616162,891,0.0,105.25028058361391,2408,0,0,uniform=1232;sir=1184,23.038825035095215,ea7c779
sir_a4,15,122880,282,0.09929078014184398,351.177304964539,891,0.42312008978675647,302.76430976430976,891,0.41414141414141414,295.66778900112234,2408,0,0,uniform=1232;sir=1184,23.038825035095215,ea7c779
sir_a4,15,184320,282,0.19858156028368795,322.9255319148936,891,0.0,131.33221099887766,891,0.0,130.43658810325476,2408,0,0,uniform=1232;sir=1184,23.038825035095215,ea7c779
sir_a4,15,245760,282,0.11347517730496454,283.4078014184397,891,0.003367003367003367,155.35016835016836,891,0.006734006734006734,155.03703703703704,2408,0,0,uniform=1232;sir=1184,23.038825035095215,ea7c779
sir_a4,15,307200,282,0.3829787234042553,379.677304964539,891,0.24017957351290684,200.32884399551065,891,0.22671156004489337,194.20650953984287,2408,0,0,uniform=1232;sir=1184,23.038825035095215,ea7c779
sir_a4,15,368640,282,0.5283687943262412,394.98581560283685,891,0.003367003367003367,131.86307519640852,891,0.003367003367003367,130.1773288439955,2408,0,0,uniform=1232;sir=1184,23.038825035095215,ea7c779
sir_a4,15,430080,282,0.9645390070921985,494.8049645390071,891,0.9113355780022446,467.679012345679,891,0.9214365881032548,471.18518518518516,2408,0,0,uniform=1232;sir=1184,23.038825035095215,ea7c779
sir_a4,15,491520,282,0.9326241134751773,492.6737588652482,891,0.7025813692480359,375.5308641975309,891,0.7227833894500562,384.0684624017957,2408,0,0,uniform=1232;sir=1184,23.038825035095215,ea7c779
sir_a4,15,552960,282,0.9858156028368794,497.07092198581563,891,0.8855218855218855,453.6363636363636,891,0.8664421997755332,445.5297418630752,2408,0,0,uniform=1232;sir=1184,23.038825035095215,ea7c779
sir_a4,15,614400,282,0.975177304964539,495.78723404255317,891,0.8933782267115601,456.9472502805836,891,0.8888888888888888,455.24466891133557,2408,0,0,uniform=1232;sir=1184,23.038825035095215,ea7c779
sir_is,15,0,282,0.0425531914893617,76.27304964539007,891,0.0,22.632996632996633,891,0.0,22.60381593714927,2577,0,0,uniform=660;sir=1925,23.513342142105103,ea7c779
sir_is,15,61440,282,0.15602836879432624,301.97163120567376,891,0.0,126.76094276094275,891,0.0,125.42985409652076,2577,0,0,uniform=660;sir=1925,23.513342142105103,ea7c779
sir_is,15,122880,282,0.10283687943262411,278.822695035461,891,0.0,119.9371492704826,891,0.0,119.30415263748597,2577,0,0,uniform=660;sir=1925,23.513342142105103,ea7c779
sir_is,15,184320,282,0.4078014184397163,399.7163120567376,891,0.18181818181818182,257.641975308642,891,0.1638608305274972,255.2469135802469,2577,0,0,uniform=660;sir=1925,23.513342142105103,ea7c779
sir_is,15,245760,282,0.5957446808510638,407.031914893617,891,0.04826038159371493,155.55331088664423,891,0.03591470258136925,151.62626262626262,2577,0,0,uniform=660;sir=1925,23.513342142105103,ea7c779
sir_is,15,307200,282,0.6985815602836879,470.86879432624113,891,0.003367003367003367,99.14478114478115,891,0.007856341189674524,102.39618406285074,2577,0,0,uniform=660;sir=1925,23.513342142105103,ea7c779
sir_is,15,368640,282,0.9822695035460993,491.968085106383,891,0.002244668911335578,55.93714927048261,891,0.0,55.509539842873174,2577,0,0,uniform=660;sir=1925,23.513342142105103,ea7c779
sir_is,15,430080,282,0.9716312056737588,492.4432624113475,891,0.7991021324354658,419.6902356902357,891,0.7833894500561167,412.86980920314255,2577,0,0,uniform=660;sir=1925,23.513342142105103,ea7c779
sir_is,15,491520,282,0.9964539007092199,498.3936170212766,891,0.13131313131313133,121.4006734006734,891,0.12906846240179573,120.31649831649831,2577,0,0,uniform=660;sir=1925,23.513342142105103,ea7c779
sir_is,15,552960,282,0.9822695035460993,494.57801418439715,891,0.8428731762065096,437.3860830527497,891,0.8249158249158249,430.06509539842875,2577,0,0,uniform=660;sir=1925,23.513342142105103,ea7c779
sir_is,15,614400,282,0.9858156028368794,493.8333333333333,891,0.002244668911335578,57.166105499438835,891,0.001122334455667789,56.80695847362514,2577,0,0,uniform=660;sir=1925,23.513342142105103,ea7c779
sir_a4,16,0,282,0.12056737588652482,144.56737588652481,891,0.0,45.92255892255892,891,0.0,45.82267115600449,2481,0,0,uniform=1256;sir=1233,23.54274892807007,ea7c779
sir_a4,16,61440,282,0.0851063829787234,239.41489361702128,891,0.0,107.72727272727273,891,0.0,107.21997755331088,2481,0,0,uniform=1256;sir=1233,23.54274892807007,ea7c779
sir_a4,16,122880,282,0.3120567375886525,341.77659574468083,891,0.19753086419753085,182.3804713804714,891,0.18742985409652077,177.91358024691357,2481,0,0,uniform=1256;sir=1233,23.54274892807007,ea7c779
sir_a4,16,184320,282,0.31560283687943264,378.4929078014184,891,0.002244668911335578,169.1705948372615,891,0.006734006734006734,165.0415263748597,2481,0,0,uniform=1256;sir=1233,23.54274892807007,ea7c779
sir_a4,16,245760,282,0.15602836879432624,344.27659574468083,891,0.19640852974186307,246.4882154882155,891,0.19304152637485972,242.02693602693603,2481,0,0,uniform=1256;sir=1233,23.54274892807007,ea7c779
sir_a4,16,307200,282,0.9858156028368794,495.78014184397165,891,0.936026936026936,474.12345679012344,891,0.9191919191919192,467.46801346801345,2481,0,0,uniform=1256;sir=1233,23.54274892807007,ea7c779
sir_a4,16,368640,282,0.9468085106382979,490.42198581560285,891,0.0,58.55331088664422,891,0.004489337822671156,60.056116722783386,2481,0,0,uniform=1256;sir=1233,23.54274892807007,ea7c779
sir_a4,16,430080,282,0.9787234042553191,490.65248226950354,891,0.001122334455667789,55.56677890011223,891,0.0,55.19753086419753,2481,0,0,uniform=1256;sir=1233,23.54274892807007,ea7c779
sir_a4,16,491520,282,0.9893617021276596,495.3049645390071,891,0.12570145903479238,118.9304152637486,891,0.13804713804713806,123.77216610549944,2481,0,0,uniform=1256;sir=1233,23.54274892807007,ea7c779
sir_a4,16,552960,282,0.9787234042553191,495.0851063829787,891,0.18069584736251404,162.26711560044893,891,0.15600448933782268,153.57575757575756,2481,0,0,uniform=1256;sir=1233,23.54274892807007,ea7c779
sir_a4,16,614400,282,0.950354609929078,488.09574468085106,891,0.015712682379349047,95.56565656565657,891,0.017957351290684626,93.17957351290684,2481,0,0,uniform=1256;sir=1233,23.54274892807007,ea7c779
sir_is,16,0,282,0.0,27.95390070921986,891,0.0,12.94388327721661,891,0.0,12.821548821548822,2721,0,0,uniform=716;sir=2013,22.433089017868042,ea7c779
sir_is,16,61440,282,0.10283687943262411,288.8723404255319,891,0.0,141.35129068462402,891,0.0,140.5813692480359,2721,0,0,uniform=716;sir=2013,22.433089017868042,ea7c779
sir_is,16,122880,282,0.09574468085106383,256.95390070921985,891,0.0,105.53086419753086,891,0.0,104.9304152637486,2721,0,0,uniform=716;sir=2013,22.433089017868042,ea7c779
sir_is,16,184320,282,0.900709219858156,487.9468085106383,891,0.013468013468013467,232.54433221099887,891,0.029180695847362513,231.93153759820427,2721,0,0,uniform=716;sir=2013,22.433089017868042,ea7c779
sir_is,16,245760,282,0.06382978723404255,261.6843971631206,891,0.0,123.37934904601572,891,0.0,122.72839506172839,2721,0,0,uniform=716;sir=2013,22.433089017868042,ea7c779
sir_is,16,307200,282,0.9893617021276596,499.59574468085106,891,0.37149270482603813,235.1257014590348,891,0.35914702581369246,229.0594837261504,2721,0,0,uniform=716;sir=2013,22.433089017868042,ea7c779
sir_is,16,368640,282,0.21631205673758866,422.08156028368796,891,0.0,93.24130190796858,891,0.0,93.82491582491582,2721,0,0,uniform=716;sir=2013,22.433089017868042,ea7c779
sir_is,16,430080,282,0.9893617021276596,498.31205673758865,891,0.5892255892255892,328.43097643097644,891,0.5589225589225589,314.25252525252523,2721,0,0,uniform=716;sir=2013,22.433089017868042,ea7c779
sir_is,16,491520,282,0.9858156028368794,494.91843971631204,891,0.09427609427609428,107.79461279461279,891,0.09988776655443322,109.4983164983165,2721,0,0,uniform=716;sir=2013,22.433089017868042,ea7c779
sir_is,16,552960,282,0.5390070921985816,431.6950354609929,891,0.0,119.76094276094275,891,0.0,119.08754208754209,2721,0,0,uniform=716;sir=2013,22.433089017868042,ea7c779
sir_is,16,614400,282,0.975177304964539,493.2695035460993,891,0.7093153759820426,383.3995510662177,891,0.7070707070707071,382.07856341189677,2721,0,0,uniform=716;sir=2013,22.433089017868042,ea7c779
sir_a4,17,0,282,0.0,14.631205673758865,891,0.0,37.11223344556678,891,0.0,36.906846240179576,2595,0,0,uniform=1252;sir=1351,22.455688953399658,ea7c779
sir_a4,17,61440,282,0.024822695035460994,197.45744680851064,891,0.0,115.90123456790124,891,0.0,114.89674523007857,2595,0,0,uniform=1252;sir=1351,22.455688953399658,ea7c779
sir_a4,17,122880,282,0.14893617021276595,302.6985815602837,891,0.0,124.96520763187429,891,0.0,124.15263748597081,2595,0,0,uniform=1252;sir=1351,22.455688953399658,ea7c779
sir_a4,17,184320,282,0.19148936170212766,332.7269503546099,891,0.0,138.1290684624018,891,0.0,137.09539842873176,2595,0,0,uniform=1252;sir=1351,22.455688953399658,ea7c779
sir_a4,17,245760,282,0.9893617021276596,496.4148936170213,891,0.25813692480359146,186.90011223344555,891,0.24017957351290684,179.31313131313132,2595,0,0,uniform=1252;sir=1351,22.455688953399658,ea7c779
sir_a4,17,307200,282,0.16312056737588654,324.21276595744683,891,0.0,140.70145903479238,891,0.0,139.8226711560045,2595,0,0,uniform=1252;sir=1351,22.455688953399658,ea7c779
sir_a4,17,368640,282,0.9893617021276596,495.87943262411346,891,0.7968574635241302,419.9887766554433,891,0.7878787878787878,416.22895622895624,2595,0,0,uniform=1252;sir=1351,22.455688953399658,ea7c779
sir_a4,17,430080,282,0.9929078014184397,497.6843971631206,891,0.8832772166105499,453.0044893378227,891,0.8709315375982043,447.9236812570146,2595,0,0,uniform=1252;sir=1351,22.455688953399658,ea7c779
sir_a4,17,491520,282,0.776595744680851,475.4609929078014,891,0.409652076318743,272.06397306397304,891,0.41414141414141414,270.62401795735127,2595,0,0,uniform=1252;sir=1351,22.455688953399658,ea7c779
sir_a4,17,552960,282,0.9787234042553191,496.38652482269504,891,0.6475869809203143,393.93602693602696,891,0.6150392817059483,388.72278338945006,2595,0,0,uniform=1252;sir=1351,22.455688953399658,ea7c779
sir_a4,17,614400,282,0.9893617021276596,495.38652482269504,891,0.04826038159371493,85.30527497194164,891,0.04713804713804714,84.62626262626263,2595,0,0,uniform=1252;sir=1351,22.455688953399658,ea7c779
sir_is,17,0,282,0.0,14.02482269503546,891,0.0,36.39506172839506,891,0.0,36.26374859708193,2670,0,0,uniform=664;sir=2014,22.616670846939087,ea7c779
sir_is,17,61440,282,0.0851063829787234,258.01418439716315,891,0.0,121.96632996632997,891,0.0,121.1010101010101,2670,0,0,uniform=664;sir=2014,22.616670846939087,ea7c779
sir_is,17,122880,282,0.425531914893617,420.9822695035461,891,0.0,95.74074074074075,891,0.0,93.77441077441077,2670,0,0,uniform=664;sir=2014,22.616670846939087,ea7c779
sir_is,17,184320,282,0.09219858156028368,266.62056737588654,891,0.0,115.81705948372615,891,0.0,115.18069584736251,2670,0,0,uniform=664;sir=2014,22.616670846939087,ea7c779
sir_is,17,245760,282,0.2198581560283688,343.26241134751774,891,0.001122334455667789,144.9573512906846,891,0.002244668911335578,144.2895622895623,2670,0,0,uniform=664;sir=2014,22.616670846939087,ea7c779
sir_is,17,307200,282,0.1595744680851064,321.77659574468083,891,0.012345679012345678,157.95286195286195,891,0.017957351290684626,155.58473625140292,2670,0,0,uniform=664;sir=2014,22.616670846939087,ea7c779
sir_is,17,368640,282,0.9609929078014184,493.0851063829787,891,0.024691358024691357,83.81257014590348,891,0.020202020202020204,83.45454545454545,2670,0,0,uniform=664;sir=2014,22.616670846939087,ea7c779
sir_is,17,430080,282,0.6631205673758865,453.07092198581563,891,0.14702581369248036,196.41526374859708,891,0.15937149270482603,206.1459034792368,2670,0,0,uniform=664;sir=2014,22.616670846939087,ea7c779
sir_is,17,491520,282,0.1950354609929078,426.5425531914894,891,0.003367003367003367,138.60718294051628,891,0.001122334455667789,136.75084175084174,2670,0,0,uniform=664;sir=2014,22.616670846939087,ea7c779
sir_is,17,552960,282,0.975177304964539,497.08156028368796,891,0.24579124579124578,172.5645342312009,891,0.21773288439955107,159.92817059483727,2670,0,0,uniform=664;sir=2014,22.616670846939087,ea7c779
sir_is,17,614400,282,0.9858156028368794,496.99645390070924,891,0.8383838383838383,435.70931537598204,891,0.8249158249158249,430.1178451178451,2670,0,0,uniform=664;sir=2014,22.616670846939087,ea7c779
sir_a4,18,0,282,0.26595744680851063,178.82624113475177,891,0.0,46.90460157126824,891,0.0,46.31986531986532,2576,0,0,uniform=1315;sir=1269,22.61697292327881,ea7c779
sir_a4,18,61440,282,0.6170212765957447,444.17021276595744,891,0.001122334455667789,189.9023569023569,891,0.001122334455667789,187.57575757575756,2576,0,0,uniform=1315;sir=1269,22.61697292327881,ea7c779
sir_a4,18,122880,282,0.1099290780141844,271.5070921985816,891,0.001122334455667789,117.84287317620651,891,0.0,116.9337822671156,2576,0,0,uniform=1315;sir=1269,22.61697292327881,ea7c779
sir_a4,18,184320,282,0.13120567375886524,301.4609929078014,891,0.0,127.41975308641975,891,0.0,127.27497194163861,2576,0,0,uniform=1315;sir=1269,22.61697292327881,ea7c779
sir_a4,18,245760,282,0.9680851063829787,491.26241134751774,891,0.001122334455667789,59.06509539842873,891,0.002244668911335578,60.55892255892256,2576,0,0,uniform=1315;sir=1269,22.61697292327881,ea7c779
sir_a4,18,307200,282,0.74822695035461,470.78723404255317,891,0.09876543209876543,182.75084175084174,891,0.1111111111111111,189.1840628507295,2576,0,0,uniform=1315;sir=1269,22.61697292327881,ea7c779
sir_a4,18,368640,282,0.9716312056737588,491.3510638297872,891,0.0,57.67340067340067,891,0.0,57.445566778900115,2576,0,0,uniform=1315;sir=1269,22.61697292327881,ea7c779
sir_a4,18,430080,282,0.6631205673758865,458.9751773049645,891,0.001122334455667789,113.8327721661055,891,0.0,108.12233445566778,2576,0,0,uniform=1315;sir=1269,22.61697292327881,ea7c779
sir_a4,18,491520,282,0.9929078014184397,497.4078014184397,891,0.8103254769921436,423.5723905723906,891,0.797979797979798,418.2065095398429,2576,0,0,uniform=1315;sir=1269,22.61697292327881,ea7c779
sir_a4,18,552960,282,0.9858156028368794,494.531914893617,891,0.0,59.362514029180694,891,0.0,59.156004489337825,2576,0,0,uniform=1315;sir=1269,22.61697292327881,ea7c779
sir_a4,18,614400,282,0.9893617021276596,495.3333333333333,891,0.07519640852974187,98.95847362514029,891,0.06958473625140292,95.64983164983165,2576,0,0,uniform=1315;sir=1269,22.61697292327881,ea7c779
sir_is,18,0,282,0.0,30.74822695035461,891,0.0,14.719416386083052,891,0.0,14.52861952861953,2944,0,0,uniform=727;sir=2225,22.63805103302002,ea7c779
sir_is,18,61440,282,0.1595744680851064,286.2836879432624,891,0.0,120.14478114478115,891,0.0,119.30751964085297,2944,0,0,uniform=727;sir=2225,22.63805103302002,ea7c779
sir_is,18,122880,282,0.2127659574468085,337.1843971631206,891,0.0,142.69472502805837,891,0.0,141.45230078563412,2944,0,0,uniform=727;sir=2225,22.63805103302002,ea7c779
sir_is,18,184320,282,0.25177304964539005,340.8085106382979,891,0.001122334455667789,125.21324354657688,891,0.0,123.91245791245791,2944,0,0,uniform=727;sir=2225,22.63805103302002,ea7c779
sir_is,18,245760,282,0.1099290780141844,284.8404255319149,891,0.024691358024691357,189.9573512906846,891,0.03367003367003367,188.58585858585857,2944,0,0,uniform=727;sir=2225,22.63805103302002,ea7c779
sir_is,18,307200,282,0.07092198581560284,245.86879432624113,891,0.002244668911335578,133.1874298540965,891,0.0,131.52413019079685,2944,0,0,uniform=727;sir=2225,22.63805103302002,ea7c779
sir_is,18,368640,282,0.7411347517730497,475.1737588652482,891,0.38496071829405165,331.90684624017956,891,0.36924803591470257,325.4915824915825,2944,0,0,uniform=727;sir=2225,22.63805103302002,ea7c779
sir_is,18,430080,282,0.9787234042553191,496.7695035460993,891,0.31313131313131315,203.78787878787878,891,0.31313131313131315,203.8361391694725,2944,0,0,uniform=727;sir=2225,22.63805103302002,ea7c779
sir_is,18,491520,282,0.5886524822695035,466.33687943262413,891,0.06060606060606061,218.44556677890012,891,0.06734006734006734,221.20875420875421,2944,0,0,uniform=727;sir=2225,22.63805103302002,ea7c779
sir_is,18,552960,282,0.9184397163120568,462.8829787234043,891,0.002244668911335578,55.32884399551066,891,0.0,54.87766554433221,2944,0,0,uniform=727;sir=2225,22.63805103302002,ea7c779
sir_is,18,614400,282,0.9929078014184397,497.06028368794324,891,0.12121212121212122,115.90460157126824,891,0.10437710437710437,107.86195286195286,2944,0,0,uniform=727;sir=2225,22.63805103302002,ea7c779
sir_a4,19,0,282,0.0,15.333333333333334,891,0.0,41.27272727272727,891,0.0,42.06172839506173,2747,0,0,uniform=1335;sir=1420,23.4997718334198,ea7c779
sir_a4,19,61440,282,0.05673758865248227,232.44326241134752,891,0.0,106.7631874298541,891,0.0,106.12345679012346,2747,0,0,uniform=1335;sir=1420,23.4997718334198,ea7c779
sir_a4,19,122880,282,0.05673758865248227,221.34397163120568,891,0.0,103.83838383838383,891,0.0,103.07744107744108,2747,0,0,uniform=1335;sir=1420,23.4997718334198,ea7c779
sir_a4,19,184320,282,0.5141843971631206,427.3723404255319,891,0.001122334455667789,172.63299663299662,891,0.0,170.28731762065095,2747,0,0,uniform=1335;sir=1420,23.4997718334198,ea7c779
sir_a4,19,245760,282,0.10283687943262411,268.57801418439715,891,0.001122334455667789,128.13355780022448,891,0.0,126.95622895622895,2747,0,0,uniform=1335;sir=1420,23.4997718334198,ea7c779
sir_a4,19,307200,282,0.09219858156028368,274.4078014184397,891,0.001122334455667789,120.29854096520764,891,0.0,119.35465768799102,2747,0,0,uniform=1335;sir=1420,23.4997718334198,ea7c779
sir_a4,19,368640,282,1.0,500.0,891,0.8316498316498316,433.19191919191917,891,0.8159371492704826,427.5432098765432,2747,0,0,uniform=1335;sir=1420,23.4997718334198,ea7c779
sir_a4,19,430080,282,0.9893617021276596,496.99645390070924,891,0.8742985409652076,449.9820426487093,891,0.8552188552188552,442.8327721661055,2747,0,0,uniform=1335;sir=1420,23.4997718334198,ea7c779
sir_a4,19,491520,282,0.37943262411347517,406.4751773049645,891,0.29741863075196406,226.7530864197531,891,0.30078563411896747,227.41750841750843,2747,0,0,uniform=1335;sir=1420,23.4997718334198,ea7c779
sir_a4,19,552960,282,0.9929078014184397,498.8262411347518,891,0.8888888888888888,455.5645342312009,891,0.877665544332211,451.41975308641975,2747,0,0,uniform=1335;sir=1420,23.4997718334198,ea7c779
sir_a4,19,614400,282,0.9858156028368794,496.5425531914894,891,0.8843995510662177,453.7811447811448,891,0.8641975308641975,445.2278338945006,2747,0,0,uniform=1335;sir=1420,23.4997718334198,ea7c779
sir_a4,20,0,282,0.0,50.734042553191486,891,0.0,46.35690235690236,891,0.0,47.29854096520763,2735,0,0,uniform=1343;sir=1400,23.653146982192993,ea7c779
sir_a4,20,61440,282,0.2198581560283688,348.6063829787234,891,0.0,150.8922558922559,891,0.0,149.50392817059483,2735,0,0,uniform=1343;sir=1400,23.653146982192993,ea7c779
sir_a4,20,122880,282,0.18085106382978725,316.12056737588654,891,0.001122334455667789,141.79910213243548,891,0.0,140.5712682379349,2735,0,0,uniform=1343;sir=1400,23.653146982192993,ea7c779
sir_a4,20,184320,282,0.0070921985815602835,192.59574468085106,891,0.0,85.62065095398428,891,0.0,85.13019079685746,2735,0,0,uniform=1343;sir=1400,23.653146982192993,ea7c779
sir_a4,20,245760,282,0.20212765957446807,316.3936170212766,891,0.001122334455667789,120.72502805836139,891,0.0,119.70931537598204,2735,0,0,uniform=1343;sir=1400,23.653146982192993,ea7c779
sir_a4,20,307200,282,0.5531914893617021,425.78014184397165,891,0.001122334455667789,159.85521885521885,891,0.002244668911335578,159.30751964085297,2735,0,0,uniform=1343;sir=1400,23.653146982192993,ea7c779
sir_a4,20,368640,282,0.35106382978723405,369.71985815602835,891,0.001122334455667789,129.19640852974186,891,0.0,127.9304152637486,2735,0,0,uniform=1343;sir=1400,23.653146982192993,ea7c779
sir_a4,20,430080,282,0.8226950354609929,483.97163120567376,891,0.17620650953984288,244.8608305274972,891,0.15712682379349047,238.23456790123456,2735,0,0,uniform=1343;sir=1400,23.653146982192993,ea7c779
sir_a4,20,491520,282,0.950354609929078,492.4113475177305,891,0.835016835016835,434.4410774410774,891,0.8204264870931538,427.351290684624,2735,0,0,uniform=1343;sir=1400,23.653146982192993,ea7c779
sir_a4,20,552960,282,0.9042553191489362,486.09929078014187,891,0.494949494949495,351.71380471380473,891,0.4904601571268238,346.3333333333333,2735,0,0,uniform=1343;sir=1400,23.653146982192993,ea7c779
sir_a4,20,614400,282,0.9858156028368794,496.5425531914894,891,0.24354657687991021,180.97306397306397,891,0.26262626262626265,188.2996632996633,2735,0,0,uniform=1343;sir=1400,23.653146982192993,ea7c779
sir_is,19,0,282,0.0,22.925531914893618,891,0.0,12.99551066217733,891,0.0,12.818181818181818,2485,0,0,uniform=653;sir=1840,23.960174083709717,ea7c779
sir_is,19,61440,282,0.13120567375886524,292.1063829787234,891,0.0,117.34567901234568,891,0.0,116.42199775533109,2485,0,0,uniform=653;sir=1840,23.960174083709717,ea7c779
sir_is,19,122880,282,0.9822695035460993,498.1063829787234,891,0.7485970819304153,412.5129068462402,891,0.7384960718294051,407.42648709315375,2485,0,0,uniform=653;sir=1840,23.960174083709717,ea7c779
sir_is,19,184320,282,0.2978723404255319,353.1950354609929,891,0.025813692480359147,145.03030303030303,891,0.020202020202020204,142.04713804713805,2485,0,0,uniform=653;sir=1840,23.960174083709717,ea7c779
sir_is,19,245760,282,0.1773049645390071,311.8723404255319,891,0.028058361391694726,132.16161616161617,891,0.026936026936026935,130.13692480359148,2485,0,0,uniform=653;sir=1840,23.960174083709717,ea7c779
sir_is,19,307200,282,0.9716312056737588,492.8191489361702,891,0.7373737373737373,394.2716049382716,891,0.7093153759820426,382.7912457912458,2485,0,0,uniform=653;sir=1840,23.960174083709717,ea7c779
sir_is,19,368640,282,0.9964539007092199,498.4326241134752,891,0.5937149270482603,331.1840628507295,891,0.5937149270482603,330.8047138047138,2485,0,0,uniform=653;sir=1840,23.960174083709717,ea7c779
sir_is,19,430080,282,0.9858156028368794,496.29432624113474,891,0.7396184062850729,395.3265993265993,891,0.7407407407407407,395.21436588103256,2485,0,0,uniform=653;sir=1840,23.960174083709717,ea7c779
sir_is,19,491520,282,0.9893617021276596,496.5390070921986,891,0.7732884399551067,406.9910213243547,891,0.7665544332210998,404.24466891133557,2485,0,0,uniform=653;sir=1840,23.960174083709717,ea7c779
sir_is,19,552960,282,0.9893617021276596,497.5851063829787,891,0.8877665544332211,454.8159371492705,891,0.8888888888888888,454.61054994388326,2485,0,0,uniform=653;sir=1840,23.960174083709717,ea7c779
sir_is,19,614400,282,0.9929078014184397,498.02836879432624,891,0.7946127946127947,416.78563411896744,891,0.7946127946127947,416.4365881032548,2485,0,0,uniform=653;sir=1840,23.960174083709717,ea7c779
sir_is,20,0,282,0.0,12.680851063829786,891,0.0,32.043771043771045,891,0.0,33.53872053872054,2812,0,0,uniform=735;sir=2085,24.00189709663391,ea7c779
sir_is,20,61440,282,0.0425531914893617,199.68085106382978,891,0.0,101.337822671156,891,0.0,100.91806958473624,2812,0,0,uniform=735;sir=2085,24.00189709663391,ea7c779
sir_is,20,122880,282,0.9822695035460993,495.9148936170213,891,0.9450056116722784,477.83838383838383,891,0.9337822671156004,473.65432098765433,2812,0,0,uniform=735;sir=2085,24.00189709663391,ea7c779
sir_is,20,184320,282,0.14184397163120568,299.12056737588654,891,0.002244668911335578,153.10549943883277,891,0.004489337822671156,151.55331088664423,2812,0,0,uniform=735;sir=2085,24.00189709663391,ea7c779
sir_is,20,245760,282,0.9822695035460993,496.28723404255317,891,0.8956228956228957,457.1907968574635,891,0.8765432098765432,449.73400673400675,2812,0,0,uniform=735;sir=2085,24.00189709663391,ea7c779
sir_is,20,307200,282,0.9822695035460993,496.031914893617,891,0.4208754208754209,256.7485970819304,891,0.409652076318743,250.55443322109988,2812,0,0,uniform=735;sir=2085,24.00189709663391,ea7c779
sir_is,20,368640,282,0.22340425531914893,385.66312056737587,891,0.4163860830527497,297.9786756453423,891,0.4051627384960718,289.962962962963,2812,0,0,uniform=735;sir=2085,24.00189709663391,ea7c779
sir_is,20,430080,282,0.0425531914893617,208.20921985815602,891,0.0,123.55106621773288,891,0.001122334455667789,123.05387205387206,2812,0,0,uniform=735;sir=2085,24.00189709663391,ea7c779
sir_is,20,491520,282,0.024822695035460994,193.7836879432624,891,0.0,110.77328843995511,891,0.0,110.08305274971941,2812,0,0,uniform=735;sir=2085,24.00189709663391,ea7c779
sir_is,20,552960,282,0.950354609929078,492.71276595744683,891,0.6296296296296297,345.93939393939394,891,0.6004489337822672,332.27946127946126,2812,0,0,uniform=735;sir=2085,24.00189709663391,ea7c779
sir_is,20,614400,282,0.9858156028368794,495.87943262411346,891,0.8114478114478114,423.08866442199775,891,0.7968574635241302,416.58698092031426,2812,0,0,uniform=735;sir=2085,24.00189709663391,ea7c779
sir_a4,21,0,282,0.0,60.86879432624114,891,0.0,25.86307519640853,891,0.0,25.635241301907968,2724,0,0,uniform=1359;sir=1373,24.026965856552124,ea7c779
sir_a4,21,61440,282,0.9893617021276596,495.9078014184397,891,0.7216610549943884,389.06734006734007,891,0.7182940516273849,386.4410774410774,2724,0,0,uniform=1359;sir=1373,24.026965856552124,ea7c779
sir_a4,21,122880,282,0.6737588652482269,456.5744680851064,891,0.001122334455667789,206.5117845117845,891,0.0,204.74971941638609,2724,0,0,uniform=1359;sir=1373,24.026965856552124,ea7c779
sir_a4,21,184320,282,0.0673758865248227,229.81560283687944,891,0.0,108.26262626262626,891,0.001122334455667789,107.99775533108867,2724,0,0,uniform=1359;sir=1373,24.026965856552124,ea7c779
sir_a4,21,245760,282,0.8546099290780141,463.82978723404256,891,0.24803591470258138,204.50617283950618,891,0.24354657687991021,201.9405162738496,2724,0,0,uniform=1359;sir=1373,24.026965856552124,ea7c779
sir_a4,21,307200,282,0.1453900709219858,307.28723404255317,891,0.003367003367003367,154.12008978675647,891,0.004489337822671156,152.11784511784512,2724,0,0,uniform=1359;sir=1373,24.026965856552124,ea7c779
sir_a4,21,368640,282,0.7943262411347518,450.59929078014187,891,0.17845117845117844,175.5151515151515,891,0.18181818181818182,176.08866442199775,2724,0,0,uniform=1359;sir=1373,24.026965856552124,ea7c779
sir_a4,21,430080,282,0.1453900709219858,265.0177304964539,891,0.0,105.42312008978675,891,0.0,105.13692480359147,2724,0,0,uniform=1359;sir=1373,24.026965856552124,ea7c779
sir_a4,21,491520,282,0.1453900709219858,281.48581560283685,891,0.2031425364758698,189.43995510662177,891,0.19304152637485972,185.9124579124579,2724,0,0,uniform=1359;sir=1373,24.026965856552124,ea7c779
sir_a4,21,552960,282,0.9858156028368794,496.90070921985813,891,0.3075196408529742,198.45566778900113,891,0.2850729517396184,189.41638608305274,2724,0,0,uniform=1359;sir=1373,24.026965856552124,ea7c779
sir_a4,21,614400,282,0.9397163120567376,472.20212765957444,891,0.002244668911335578,55.53423120089787,891,0.0,55.07182940516274,2724,0,0,uniform=1359;sir=1373,24.026965856552124,ea7c779
sir_is,21,0,282,0.0,14.815602836879433,891,0.0,16.951739618406286,891,0.0,17.28395061728395,2761,0,0,uniform=665;sir=2104,25.127820014953613,ea7c779
sir_is,21,61440,282,0.10638297872340426,257.322695035461,891,0.0,112.53647586980921,891,0.0,111.5746352413019,2761,0,0,uniform=665;sir=2104,25.127820014953613,ea7c779
sir_is,21,122880,282,0.05319148936170213,214.80851063829786,891,0.0,118.43883277216611,891,0.0,117.61952861952862,2761,0,0,uniform=665;sir=2104,25.127820014953613,ea7c779
sir_is,21,184320,282,0.08865248226950355,267.86524822695037,891,0.017957351290684626,164.28058361391695,891,0.016835016835016835,166.36363636363637,2761,0,0,uniform=665;sir=2104,25.127820014953613,ea7c779
sir_is,21,245760,282,0.09219858156028368,300.36879432624113,891,0.09764309764309764,176.07407407407408,891,0.09876543209876543,177.05050505050505,2761,0,0,uniform=665;sir=2104,25.127820014953613,ea7c779
sir_is,21,307200,282,0.6418439716312057,449.6063829787234,891,0.005611672278338945,198.00448933782266,891,0.005611672278338945,199.79910213243548,2761,0,0,uniform=665;sir=2104,25.127820014953613,ea7c779
sir_is,21,368640,282,0.6312056737588653,455.531914893617,891,0.01122334455667789,101.24579124579125,891,0.008978675645342313,101.41750841750842,2761,0,0,uniform=665;sir=2104,25.127820014953613,ea7c779
sir_is,21,430080,282,0.9858156028368794,494.63120567375887,891,0.07856341189674523,97.57687991021325,891,0.08754208754208755,101.06846240179574,2761,0,0,uniform=665;sir=2104,25.127820014953613,ea7c779
sir_is,21,491520,282,0.8617021276595744,479.52836879432624,891,0.7699214365881033,408.983164983165,891,0.7575757575757576,404.18742985409654,2761,0,0,uniform=665;sir=2104,25.127820014953613,ea7c779
sir_is,21,552960,282,0.9822695035460993,493.50354609929076,891,0.0,55.891133557800224,891,0.0,55.71268237934905,2761,0,0,uniform=665;sir=2104,25.127820014953613,ea7c779
sir_is,21,614400,282,0.975177304964539,493.2482269503546,891,0.003367003367003367,60.04938271604938,891,0.003367003367003367,59.98540965207632,2761,0,0,uniform=665;sir=2104,25.127820014953613,ea7c779
sir_a4,22,0,282,0.20567375886524822,279.79787234042556,891,0.0,53.12233445566779,891,0.0,51.570145903479236,2548,0,0,uniform=1254;sir=1302,24.90874981880188,ea7c779
sir_a4,22,61440,282,0.04609929078014184,216.9078014184397,891,0.0,107.11111111111111,891,0.0,106.57239057239057,2548,0,0,uniform=1254;sir=1302,24.90874981880188,ea7c779
sir_a4,22,122880,282,0.08865248226950355,276.01063829787233,891,0.0,122.04264870931537,891,0.0,121.32996632996633,2548,0,0,uniform=1254;sir=1302,24.90874981880188,ea7c779
sir_a4,22,184320,282,0.09574468085106383,269.6666666666667,891,0.001122334455667789,114.51402918069584,891,0.0,113.72390572390573,2548,0,0,uniform=1254;sir=1302,24.90874981880188,ea7c779
sir_a4,22,245760,282,0.9539007092198581,494.4645390070922,891,0.40404040404040403,335.27272727272725,891,0.3872053872053872,332.04264870931536,2548,0,0,uniform=1254;sir=1302,24.90874981880188,ea7c779
sir_a4,22,307200,282,0.9858156028368794,495.7588652482269,891,0.7901234567901234,416.1178451178451,891,0.7856341189674523,413.61952861952864,2548,0,0,uniform=1254;sir=1302,24.90874981880188,ea7c779
sir_a4,22,368640,282,0.1347517730496454,283.5354609929078,891,0.122334455667789,172.60493827160494,891,0.11672278338945005,166.84399551066218,2548,0,0,uniform=1254;sir=1302,24.90874981880188,ea7c779
sir_a4,22,430080,282,0.9929078014184397,498.43971631205676,891,0.9371492704826038,475.1077441077441,891,0.9281705948372615,471.6576879910213,2548,0,0,uniform=1254;sir=1302,24.90874981880188,ea7c779
sir_a4,22,491520,282,0.9822695035460993,495.02836879432624,891,0.7710437710437711,407.10662177328845,891,0.7676767676767676,405.61279461279463,2548,0,0,uniform=1254;sir=1302,24.90874981880188,ea7c779
sir_a4,22,552960,282,0.9893617021276596,495.3049645390071,891,0.002244668911335578,59.32210998877665,891,0.003367003367003367,60.013468013468014,2548,0,0,uniform=1254;sir=1302,24.90874981880188,ea7c779
sir_a4,22,614400,282,0.9929078014184397,497.0248226950355,891,0.20987654320987653,158.46464646464648,891,0.2244668911335578,164.50392817059483,2548,0,0,uniform=1254;sir=1302,24.90874981880188,ea7c779
sir_is,22,0,282,0.0,22.55673758865248,891,0.0,13.542087542087542,891,0.0,13.55331088664422,2893,0,0,uniform=688;sir=2213,24.99416422843933,ea7c779
sir_is,22,61440,282,0.13829787234042554,277.86170212765956,891,0.0,122.06734006734007,891,0.001122334455667789,121.20538720538721,2893,0,0,uniform=688;sir=2213,24.99416422843933,ea7c779
sir_is,22,122880,282,0.0851063829787234,294.57092198581563,891,0.3479236812570146,287.2502805836139,891,0.33221099887766553,286.3658810325477,2893,0,0,uniform=688;sir=2213,24.99416422843933,ea7c779
sir_is,22,184320,282,0.09219858156028368,278.0496453900709,891,0.007856341189674524,141.4747474747475,891,0.013468013468013467,142.28395061728395,2893,0,0,uniform=688;sir=2213,24.99416422843933,ea7c779
sir_is,22,245760,282,0.07092198581560284,235.77304964539007,891,0.0,117.31874298540966,891,0.0,116.55555555555556,2893,0,0,uniform=688;sir=2213,24.99416422843933,ea7c779
sir_is,22,307200,282,0.04964539007092199,214.99290780141843,891,0.0,118.89786756453424,891,0.0,118.10549943883277,2893,0,0,uniform=688;sir=2213,24.99416422843933,ea7c779
sir_is,22,368640,282,0.975177304964539,496.5531914893617,891,0.6475869809203143,357.15488215488216,891,0.6105499438832772,342.2154882154882,2893,0,0,uniform=688;sir=2213,24.99416422843933,ea7c779
sir_is,22,430080,282,0.9822695035460993,497.00354609929076,891,0.898989898989899,458.77104377104376,891,0.8945005611672279,457.38047138047136,2893,0,0,uniform=688;sir=2213,24.99416422843933,ea7c779
sir_is,22,491520,282,0.9964539007092199,498.4822695035461,891,0.8540965207631874,440.2300785634119,891,0.8282828282828283,430.19191919191917,2893,0,0,uniform=688;sir=2213,24.99416422843933,ea7c779
sir_is,22,552960,282,0.05673758865248227,347.33687943262413,891,0.0,114.9057239057239,891,0.0,114.79124579124579,2893,0,0,uniform=688;sir=2213,24.99416422843933,ea7c779
sir_is,22,614400,282,0.9858156028368794,497.209219858156,891,0.4276094276094276,257.18967452300785,891,0.40179573512906847,245.35914702581368,2893,0,0,uniform=688;sir=2213,24.99416422843933,ea7c779
sir_a4,23,0,282,0.0035460992907801418,43.00354609929078,891,0.0,19.408529741863074,891,0.0,19.41526374859708,2655,0,0,uniform=1329;sir=1334,24.75576090812683,ea7c779
sir_a4,23,61440,282,0.0851063829787234,249.93262411347519,891,0.0,107.63299663299664,891,0.0,106.98653198653199,2655,0,0,uniform=1329;sir=1334,24.75576090812683,ea7c779
sir_a4,23,122880,282,0.35106382978723405,376.39716312056737,891,0.0,149.665544332211,891,0.001122334455667789,148.0875420875421,2655,0,0,uniform=1329;sir=1334,24.75576090812683,ea7c779
sir_a4,23,184320,282,0.31560283687943264,354.21276595744683,891,0.01122334455667789,162.74859708193043,891,0.013468013468013467,160.7003367003367,2655,0,0,uniform=1329;sir=1334,24.75576090812683,ea7c779
sir_a4,23,245760,282,0.028368794326241134,171.25177304964538,891,0.0,104.74971941638609,891,0.0,104.36700336700336,2655,0,0,uniform=1329;sir=1334,24.75576090812683,ea7c779
sir_a4,23,307200,282,0.9787234042553191,496.98936170212767,891,0.3490460157126824,221.36700336700338,891,0.3333333333333333,213.62177328843995,2655,0,0,uniform=1329;sir=1334,24.75576090812683,ea7c779
sir_a4,23,368640,282,0.8723404255319149,480.84751773049646,891,0.7059483726150393,383.2323232323232,891,0.6823793490460157,373.9079685746352,2655,0,0,uniform=1329;sir=1334,24.75576090812683,ea7c779
sir_a4,23,430080,282,0.6276595744680851,452.59929078014187,891,0.48035914702581367,349.0112233445567,891,0.468013468013468,343.1402918069585,2655,0,0,uniform=1329;sir=1334,24.75576090812683,ea7c779
sir_a4,23,491520,282,0.8617021276595744,462.08156028368796,891,0.1717171717171717,220.42760942760944,891,0.1728395061728395,220.02020202020202,2655,0,0,uniform=1329;sir=1334,24.75576090812683,ea7c779
sir_a4,23,552960,282,0.9893617021276596,496.62056737588654,891,0.8215488215488216,426.8843995510662,891,0.8125701459034792,422.719416386083,2655,0,0,uniform=1329;sir=1334,24.75576090812683,ea7c779
sir_a4,23,614400,282,0.9893617021276596,495.31205673758865,891,0.0,59.85858585858586,891,0.002244668911335578,60.509539842873174,2655,0,0,uniform=1329;sir=1334,24.75576090812683,ea7c779
sir_is,23,0,282,0.0,15.429078014184396,891,0.0,43.9023569023569,891,0.0,44.28170594837262,2770,0,0,uniform=678;sir=2100,25.028827905654907,ea7c779
sir_is,23,61440,282,0.04964539007092199,201.70567375886526,891,0.0,98.57687991021325,891,0.0,98.20650953984287,2770,0,0,uniform=678;sir=2100,25.028827905654907,ea7c779
sir_is,23,122880,282,0.9432624113475178,492.27659574468083,891,0.5398428731762065,408.7665544332211,891,0.5286195286195287,404.0561167227834,2770,0,0,uniform=678;sir=2100,25.028827905654907,ea7c779
sir_is,23,184320,282,0.05319148936170213,259.290780141844,891,0.006734006734006734,153.31537598204264,891,0.006734006734006734,154.07182940516273,2770,0,0,uniform=678;sir=2100,25.028827905654907,ea7c779
sir_is,23,245760,282,0.12411347517730496,280.06028368794324,891,0.0,114.09203142536475,891,0.001122334455667789,113.7631874298541,2770,0,0,uniform=678;sir=2100,25.028827905654907,ea7c779
sir_is,23,307200,282,0.875886524822695,479.5744680851064,891,0.0707070707070707,220.92031425364758,891,0.06172839506172839,214.50729517396184,2770,0,0,uniform=678;sir=2100,25.028827905654907,ea7c779
sir_is,23,368640,282,0.9290780141843972,490.7588652482269,891,0.08641975308641975,165.98540965207633,891,0.08080808080808081,163.74074074074073,2770,0,0,uniform=678;sir=2100,25.028827905654907,ea7c779
sir_is,23,430080,282,0.9680851063829787,494.209219858156,891,0.7530864197530864,401.22222222222223,891,0.7530864197530864,401.39169472502806,2770,0,0,uniform=678;sir=2100,25.028827905654907,ea7c779
sir_is,23,491520,282,0.9822695035460993,495.89716312056737,891,0.9090909090909091,464.46576879910214,891,0.8911335578002245,456.9191919191919,2770,0,0,uniform=678;sir=2100,25.028827905654907,ea7c779
sir_is,23,552960,282,0.9893617021276596,496.66312056737587,891,0.3984287317620651,243.31200897867564,891,0.388327721661055,238.9573512906846,2770,0,0,uniform=678;sir=2100,25.028827905654907,ea7c779
sir_is,23,614400,282,1.0,500.0,891,0.7014590347923682,375.5353535353535,891,0.712682379349046,380.31200897867564,2770,0,0,uniform=678;sir=2100,25.028827905654907,ea7c779
sir_a4,24,0,282,0.0,12.301418439716311,891,0.0,22.637485970819306,891,0.0,22.31313131313131,2834,0,0,uniform=1468;sir=1374,18.214535236358643,ea7c779
sir_a4,24,61440,282,0.10283687943262411,283.5851063829787,891,0.0,125.12794612794613,891,0.0,124.4949494949495,2834,0,0,uniform=1468;sir=1374,18.214535236358643,ea7c779
sir_a4,24,122880,282,0.22695035460992907,389.14539007092196,891,0.03591470258136925,130.46801346801348,891,0.037037037037037035,126.84960718294052,2834,0,0,uniform=1468;sir=1374,18.214535236358643,ea7c779
sir_a4,24,184320,282,0.13120567375886524,304.38652482269504,891,0.0,137.06509539842872,891,0.0,137.55892255892255,2834,0,0,uniform=1468;sir=1374,18.214535236358643,ea7c779
sir_a4,24,245760,282,0.24113475177304963,351.84751773049646,891,0.006734006734006734,157.9337822671156,891,0.003367003367003367,157.8114478114478,2834,0,0,uniform=1468;sir=1374,18.214535236358643,ea7c779
sir_a4,24,307200,282,0.6453900709219859,467.4432624113475,891,0.26936026936026936,299.0729517396184,891,0.2738496071829405,298.4074074074074,2834,0,0,uniform=1468;sir=1374,18.214535236358643,ea7c779
sir_a4,24,368640,282,0.9468085106382979,491.5851063829787,891,0.8866442199775533,455.0852974186308,891,0.8787878787878788,451.07519640852973,2834,0,0,uniform=1468;sir=1374,18.214535236358643,ea7c779
sir_a4,24,430080,282,0.9893617021276596,495.8829787234043,891,0.3569023569023569,226.9539842873176,891,0.35353535353535354,224.74186307519642,2834,0,0,uniform=1468;sir=1374,18.214535236358643,ea7c779
sir_a4,24,491520,282,0.031914893617021274,187.6595744680851,891,0.0,104.5297418630752,891,0.0,104.17283950617283,2834,0,0,uniform=1468;sir=1374,18.214535236358643,ea7c779
sir_a4,24,552960,282,0.9822695035460993,497.74468085106383,891,0.6734006734006734,364.98428731762067,891,0.6711560044893379,363.35016835016836,2834,0,0,uniform=1468;sir=1374,18.214535236358643,ea7c779
sir_a4,24,614400,282,0.9858156028368794,494.822695035461,891,0.002244668911335578,56.676767676767675,891,0.001122334455667789,56.34006734006734,2834,0,0,uniform=1468;sir=1374,18.214535236358643,ea7c779
sir_is,24,0,282,0.0,81.01773049645391,891,0.0,39.003367003367,891,0.0,38.91582491582491,2628,0,0,uniform=676;sir=1960,18.324598789215088,ea7c779
sir_is,24,61440,282,0.08156028368794327,250.1595744680851,891,0.0,111.7699214365881,891,0.0,111.11335578002245,2628,0,0,uniform=676;sir=1960,18.324598789215088,ea7c779
sir_is,24,122880,282,0.0851063829787234,221.5035460992908,891,0.0,97.07968574635241,891,0.0,96.79573512906846,2628,0,0,uniform=676;sir=1960,18.324598789215088,ea7c779
sir_is,24,184320,282,0.05319148936170213,296.5390070921986,891,0.13580246913580246,195.77441077441077,891,0.13692480359147025,187.74186307519642,2628,0,0,uniform=676;sir=1960,18.324598789215088,ea7c779
sir_is,24,245760,282,0.7624113475177305,465.56382978723406,891,0.1122334455667789,241.45903479236813,891,0.11447811447811448,239.76430976430976,2628,0,0,uniform=676;sir=1960,18.324598789215088,ea7c779
sir_is,24,307200,282,0.9432624113475178,488.90070921985813,891,0.5881032547699214,337.05162738496074,891,0.5723905723905723,330.62850729517396,2628,0,0,uniform=676;sir=1960,18.324598789215088,ea7c779
sir_is,24,368640,282,0.9219858156028369,485.177304964539,891,0.6936026936026936,377.665544332211,891,0.6745230078563412,370.05387205387206,2628,0,0,uniform=676;sir=1960,18.324598789215088,ea7c779
sir_is,24,430080,282,0.9574468085106383,492.25531914893617,891,0.7272727272727273,390.8989898989899,891,0.7182940516273849,387.41750841750843,2628,0,0,uniform=676;sir=1960,18.324598789215088,ea7c779
sir_is,24,491520,282,0.9964539007092199,498.52127659574467,891,0.409652076318743,249.85185185185185,891,0.37373737373737376,234.8956228956229,2628,0,0,uniform=676;sir=1960,18.324598789215088,ea7c779
sir_is,24,552960,282,0.07092198581560284,348.5496453900709,891,0.26262626262626265,259.9517396184063,891,0.2828282828282828,257.72951739618406,2628,0,0,uniform=676;sir=1960,18.324598789215088,ea7c779
sir_is,24,614400,282,0.9609929078014184,493.2482269503546,891,0.6531986531986532,354.3636363636364,891,0.6285072951739619,343.4040404040404,2628,0,0,uniform=676;sir=1960,18.324598789215088,ea7c779
