config,seed,step,random/n,random/success,random/mean_steps,verifai_dev/n,verifai_dev/success,verifai_dev/mean_steps,verifai_test/n,verifai_test/success,verifai_test/mean_steps,episodes,replays,scouted_steps,lib_counts,wall_time_sec,commit
var_snip4,1,0,282,0.0,49.195035460992905,891,0.0,19.94276094276094,891,0.0,19.755331088664423,3671,0,0,uniform=1821;sir=1858,42.81647515296936,7ca190a
var_snip4,1,61440,282,0.07446808510638298,241.81560283687944,891,0.0,110.38271604938272,891,0.0,109.68799102132435,3671,0,0,uniform=1821;sir=1858,42.81647515296936,7ca190a
var_snip4,1,122880,282,0.10283687943262411,275.92907801418437,891,0.0,119.65207631874298,891,0.0,118.8395061728395,3671,0,0,uniform=1821;sir=1858,42.81647515296936,7ca190a
var_snip4,1,184320,282,0.9716312056737588,495.0390070921986,891,0.3658810325476992,258.07856341189677,891,0.35241301907968575,246.7182940516274,3671,0,0,uniform=1821;sir=1858,42.81647515296936,7ca190a
var_snip4,1,245760,282,0.6524822695035462,469.5673758865248,891,0.2536475869809203,272.5544332210999,891,0.26936026936026936,276.374859708193,3671,0,0,uniform=1821;sir=1858,42.81647515296936,7ca190a
var_snip4,1,307200,282,0.40070921985815605,420.1950354609929,891,0.051627384960718295,144.996632996633,891,0.05499438832772166,144.50617283950618,3671,0,0,uniform=1821;sir=1858,42.81647515296936,7ca190a
var_snip4,1,368640,282,0.05319148936170213,265.45390070921985,891,0.001122334455667789,141.97755331088663,891,0.01122334455667789,145.09315375982044,3671,0,0,uniform=1821;sir=1858,42.81647515296936,7ca190a
var_snip4,1,430080,282,0.9787234042553191,495.15602836879435,891,0.06509539842873176,95.56004489337823,891,0.06397306397306397,94.28843995510663,3671,0,0,uniform=1821;sir=1858,42.81647515296936,7ca190a
var_snip4,1,491520,282,0.9893617021276596,498.1843971631206,891,0.6801346801346801,366.3557800224467,891,0.696969696969697,374.03367003367003,3671,0,0,uniform=1821;sir=1858,42.81647515296936,7ca190a
var_snip4,1,552960,282,0.624113475177305,418.0673758865248,891,0.17845117845117844,183.7138047138047,891,0.16498316498316498,177.80359147025814,3671,0,0,uniform=1821;sir=1858,42.81647515296936,7ca190a
var_snip4,1,614400,282,0.8546099290780141,468.2340425531915,891,0.14590347923681257,221.9551066217733,891,0.143658810325477,214.8507295173962,3671,0,0,uniform=1821;sir=1858,42.81647515296936,7ca190a
var_snip8,1,0,282,0.0,14.861702127659575,891,0.0,17.392817059483725,891,0.0,17.114478114478114,4331,0,0,uniform=2227;sir=2112,43.48904490470886,7ca190a
var_snip8,1,61440,282,0.1595744680851064,275.8085106382979,891,0.0,115.91358024691358,891,0.0,115.25476992143659,4331,0,0,uniform=2227;sir=2112,43.48904490470886,7ca190a
var_snip8,1,122880,282,0.02127659574468085,204.4964539007092,891,0.0,113.48372615039281,891,0.0,112.78787878787878,4331,0,0,uniform=2227;sir=2112,43.48904490470886,7ca190a
var_snip8,1,184320,282,0.10283687943262411,276.37943262411346,891,0.002244668911335578,142.35802469135803,891,0.001122334455667789,141.79573512906848,4331,0,0,uniform=2227;sir=2112,43.48904490470886,7ca190a
var_snip8,1,245760,282,0.9893617021276596,495.86879432624113,891,0.24242424242424243,178.9539842873176,891,0.2222222222222222,170.6341189674523,4331,0,0,uniform=2227;sir=2112,43.48904490470886,7ca190a
var_snip8,1,307200,282,0.9858156028368794,498.22340425531917,891,0.15824915824915825,135.94163860830528,891,0.14029180695847362,127.58136924803591,4331,0,0,uniform=2227;sir=2112,43.48904490470886,7ca190a
var_snip8,1,368640,282,0.031914893617021274,172.25177304964538,891,0.007856341189674524,117.96071829405163,891,0.007856341189674524,117.0213243546577,4331,0,0,uniform=2227;sir=2112,43.48904490470886,7ca190a
var_snip8,1,430080,282,0.9822695035460993,495.37943262411346,891,0.7665544332210998,415.01907968574636,891,0.7710437710437711,414.3097643097643,4331,0,0,uniform=2227;sir=2112,43.48904490470886,7ca190a
var_snip8,1,491520,282,0.975177304964539,493.27659574468083,891,0.7441077441077442,392.4466891133558,891,0.7205387205387206,383.22446689113355,4331,0,0,uniform=2227;sir=2112,43.48904490470886,7ca190a
var_snip8,1,552960,282,0.9787234042553191,497.1914893617021,891,0.7822671156004489,410.4523007856341,891,0.7609427609427609,401.6778900112233,4331,0,0,uniform=2227;sir=2112,43.48904490470886,7ca190a
var_snip8,1,614400,282,0.9574468085106383,480.8581560283688,891,0.002244668911335578,55.3692480359147,891,0.001122334455667789,55.043771043771045,4331,0,0,uniform=2227;sir=2112,43.48904490470886,7ca190a
var_snip8,2,0,282,0.0,46.840425531914896,891,0.0,19.127946127946128,891,0.0,18.98877665544332,4481,0,0,uniform=2253;sir=2236,43.37566781044006,7ca190a
var_snip8,2,61440,282,0.03900709219858156,212.86524822695034,891,0.0,105.28395061728395,891,0.0,104.8013468013468,4481,0,0,uniform=2253;sir=2236,43.37566781044006,7ca190a
var_snip8,2,122880,282,0.1276595744680851,367.9503546099291,891,0.0707070707070707,162.67115600448935,891,0.08305274971941638,166.2334455667789,4481,0,0,uniform=2253;sir=2236,43.37566781044006,7ca190a
var_snip8,2,184320,282,0.6843971631205674,470.06028368794324,891,0.36924803591470257,321.13468013468014,891,0.3557800224466891,315.24691358024694,4481,0,0,uniform=2253;sir=2236,43.37566781044006,7ca190a
var_snip8,2,245760,282,0.9290780141843972,492.5,891,0.3894500561167228,354.0022446689113,891,0.37149270482603813,345.8956228956229,4481,0,0,uniform=2253;sir=2236,43.37566781044006,7ca190a
var_snip8,2,307200,282,0.9929078014184397,496.92907801418437,891,0.12345679012345678,120.06509539842874,891,0.11335578002244669,114.40852974186308,4481,0,0,uniform=2253;sir=2236,43.37566781044006,7ca190a
var_snip8,2,368640,282,0.9893617021276596,495.31205673758865,891,0.001122334455667789,59.68574635241302,891,0.001122334455667789,59.56341189674523,4481,0,0,uniform=2253;sir=2236,43.37566781044006,7ca190a
var_snip8,2,430080,282,0.024822695035460994,177.45035460992906,891,0.0,99.99887766554433,891,0.0,99.78338945005612,4481,0,0,uniform=2253;sir=2236,43.37566781044006,7ca190a
var_snip8,2,491520,282,0.02127659574468085,165.27659574468086,891,0.001122334455667789,114.40965207631875,891,0.002244668911335578,113.98765432098766,4481,0,0,uniform=2253;sir=2236,43.37566781044006,7ca190a
var_snip8,2,552960,282,0.851063829787234,480.3191489361702,891,0.468013468013468,347.3030303030303,891,0.4769921436588103,350.7081930415264,4481,0,0,uniform=2253;sir=2236,43.37566781044006,7ca190a
var_snip8,2,614400,282,0.9893617021276596,496.47163120567376,891,0.3984287317620651,240.8181818181818,891,0.38047138047138046,233.97643097643098,4481,0,0,uniform=2253;sir=2236,43.37566781044006,7ca190a
var_low_po,1,0,282,0.0,13.060283687943262,891,0.0,33.210998877665546,891,0.0,33.0942760942761,3626,0,0,uniform=1839;sir=1795,45.51523518562317,7ca190a
var_low_po,1,61440,282,0.3617021276595745,356.63475177304963,891,0.2671156004489338,264.8855218855219,891,0.2940516273849607,267.347923681257,3626,0,0,uniform=1839;sir=1795,45.51523518562317,7ca190a
var_low_po,1,122880,282,0.06382978723404255,240.42198581560282,891,0.0,110.87317620650954,891,0.0,109.78787878787878,3626,0,0,uniform=1839;sir=1795,45.51523518562317,7ca190a
var_low_po,1,184320,282,0.024822695035460994,197.59929078014184,891,0.0,115.39281705948373,891,0.0,114.86868686868686,3626,0,0,uniform=1839;sir=1795,45.51523518562317,7ca190a
var_low_po,1,245760,282,0.07801418439716312,254.79078014184398,891,0.002244668911335578,132.2435465768799,891,0.001122334455667789,132.4747474747475,3626,0,0,uniform=1839;sir=1795,45.51523518562317,7ca190a
var_low_po,1,307200,282,0.1099290780141844,227.0744680851064,891,0.06172839506172839,198.0448933782267,891,0.07631874298540965,202.79685746352413,3626,0,0,uniform=1839;sir=1795,45.51523518562317,7ca190a
var_low_po,1,368640,282,0.35815602836879434,337.8014184397163,891,0.3939393939393939,338.09315375982044,891,0.409652076318743,334.95959595959596,3626,0,0,uniform=1839;sir=1795,45.51523518562317,7ca190a
var_low_po,1,430080,282,0.0851063829787234,232.88297872340425,891,0.001122334455667789,185.1885521885522,891,0.001122334455667789,183.52749719416386,3626,0,0,uniform=1839;sir=1795,45.51523518562317,7ca190a
var_low_po,1,491520,282,0.35815602836879434,328.968085106383,891,0.002244668911335578,82.48148148148148,891,0.001122334455667789,81.21548821548822,3626,0,0,uniform=1839;sir=1795,45.51523518562317,7ca190a
var_low_po,1,552960,282,0.6631205673758865,445.02836879432624,891,0.001122334455667789,90.5959595959596,891,0.0,89.64870931537598,3626,0,0,uniform=1839;sir=1795,45.51523518562317,7ca190a
var_low_po,1,614400,282,0.8297872340425532,465.47163120567376,891,0.03591470258136925,153.58585858585857,891,0.028058361391694726,148.50392817059483,3626,0,0,uniform=1839;sir=1795,45.51523518562317,7ca190a
var_snip4,2,0,282,0.0,11.75177304964539,891,0.0,14.767676767676768,891,0.0,14.628507295173963,3590,0,0,uniform=1786;sir=1812,42.6027717590332,7ca190a
var_snip4,2,61440,282,0.3191489361702128,373.1914893617021,891,0.0,161.01459034792367,891,0.0,160.99102132435465,3590,0,0,uniform=1786;sir=1812,42.6027717590332,7ca190a
var_snip4,2,122880,282,0.33687943262411346,384.2482269503546,891,0.003367003367003367,175.36812570145904,891,0.002244668911335578,174.46576879910214,3590,0,0,uniform=1786;sir=1812,42.6027717590332,7ca190a
var_snip4,2,184320,282,0.24468085106382978,365.01063829787233,891,0.004489337822671156,161.91358024691357,891,0.006734006734006734,161.62626262626262,3590,0,0,uniform=1786;sir=1812,42.6027717590332,7ca190a
var_snip4,2,245760,282,0.6666666666666666,463.07092198581563,891,0.013468013468013467,107.88552188552188,891,0.002244668911335578,105.30415263748597,3590,0,0,uniform=1786;sir=1812,42.6027717590332,7ca190a
var_snip4,2,307200,282,0.8723404255319149,486.42907801418437,891,0.4668911335578002,385.51627384960716,891,0.4691358024691358,381.15937149270485,3590,0,0,uniform=1786;sir=1812,42.6027717590332,7ca190a
var_snip4,2,368640,282,0.024822695035460994,168.55673758865248,891,0.01122334455667789,123.71380471380472,891,0.01122334455667789,122.53423120089786,3590,0,0,uniform=1786;sir=1812,42.6027717590332,7ca190a
var_snip4,2,430080,282,0.9290780141843972,489.0886524822695,891,0.8406285072951739,436.70482603815935,891,0.8361391694725028,434.7239057239057,3590,0,0,uniform=1786;sir=1812,42.6027717590332,7ca190a
var_snip4,2,491520,282,0.9893617021276596,497.92907801418437,891,0.8058361391694725,420.65544332211,891,0.7946127946127947,415.82379349046016,3590,0,0,uniform=1786;sir=1812,42.6027717590332,7ca190a
var_snip4,2,552960,282,0.9893617021276596,496.2836879432624,891,0.712682379349046,380.3400673400673,891,0.6868686868686869,368.77553310886645,3590,0,0,uniform=1786;sir=1812,42.6027717590332,7ca190a
var_snip4,2,614400,282,0.9929078014184397,498.6099290780142,891,0.5173961840628507,296.368125701459,891,0.494949494949495,286.41526374859706,3590,0,0,uniform=1786;sir=1812,42.6027717590332,7ca190a
var_snip8,3,0,282,0.0,14.51063829787234,891,0.0,29.364758698092032,891,0.0,29.347923681257015,4098,0,0,uniform=2045;sir=2061,41.71723699569702,7ca190a
var_snip8,3,61440,282,0.14893617021276595,301.83687943262413,891,0.0,123.61167227833894,891,0.0,122.50729517396184,4098,0,0,uniform=2045;sir=2061,41.71723699569702,7ca190a
var_snip8,3,122880,282,0.1595744680851064,305.72340425531917,891,0.0,133.73849607182942,891,0.0,133.41750841750843,4098,0,0,uniform=2045;sir=2061,41.71723699569702,7ca190a
var_snip8,3,184320,282,0.10283687943262411,293.7269503546099,891,0.001122334455667789,126.1604938271605,891,0.0,125.17957351290684,4098,0,0,uniform=2045;sir=2061,41.71723699569702,7ca190a
var_snip8,3,245760,282,0.08156028368794327,254.03191489361703,891,0.0,127.97979797979798,891,0.0,126.81593714927048,4098,0,0,uniform=2045;sir=2061,41.71723699569702,7ca190a
var_snip8,3,307200,282,0.8191489361702128,481.3581560283688,891,0.13804713804713806,251.33894500561166,891,0.12345679012345678,250.2716049382716,4098,0,0,uniform=2045;sir=2061,41.71723699569702,7ca190a
var_snip8,3,368640,282,0.9893617021276596,496.59574468085106,891,0.8911335578002245,456.4567901234568,891,0.8720538720538721,449.0942760942761,4098,0,0,uniform=2045;sir=2061,41.71723699569702,7ca190a
var_snip8,3,430080,282,0.7553191489361702,471.5886524822695,891,0.2648709315375982,250.87542087542087,891,0.24242424242424243,243.89113355780023,4098,0,0,uniform=2045;sir=2061,41.71723699569702,7ca190a
var_snip8,3,491520,282,0.9858156028368794,493.83687943262413,891,0.002244668911335578,56.76543209876543,891,0.001122334455667789,56.47362514029181,4098,0,0,uniform=2045;sir=2061,41.71723699569702,7ca190a
var_snip8,3,552960,282,0.9893617021276596,495.2836879432624,891,0.002244668911335578,57.809203142536475,891,0.001122334455667789,57.46127946127946,4098,0,0,uniform=2045;sir=2061,41.71723699569702,7ca190a
var_snip8,3,614400,282,0.9893617021276596,495.7411347517731,891,0.44556677890011226,260.7216610549944,891,0.4377104377104377,257.84736251402916,4098,0,0,uniform=2045;sir=2061,41.71723699569702,7ca190a
var_snip4,3,0,282,0.0,10.99290780141844,891,0.0,20.489337822671157,891,0.0,21.20426487093154,3734,0,0,uniform=1856;sir=1886,42.458521127700806,7ca190a
var_snip4,3,61440,282,0.05319148936170213,256.93617021276594,891,0.0,133.5230078563412,891,0.0,131.42648709315375,3734,0,0,uniform=1856;sir=1886,42.458521127700806,7ca190a
var_snip4,3,122880,282,0.09929078014184398,272.70567375886526,891,0.0,120.45566778900113,891,0.0,119.7003367003367,3734,0,0,uniform=1856;sir=1886,42.458521127700806,7ca190a
var_snip4,3,184320,282,0.9929078014184397,498.4432624113475,891,0.9191919191919192,467.94163860830525,891,0.9090909090909091,463.95286195286195,3734,0,0,uniform=1856;sir=1886,42.458521127700806,7ca190a
var_snip4,3,245760,282,0.12056737588652482,284.82978723404256,891,0.0,135.78563411896747,891,0.0,134.66329966329965,3734,0,0,uniform=1856;sir=1886,42.458521127700806,7ca190a
var_snip4,3,307200,282,0.12056737588652482,296.290780141844,891,0.003367003367003367,152.44332210998877,891,0.001122334455667789,149.70482603815938,3734,0,0,uniform=1856;sir=1886,42.458521127700806,7ca190a
var_snip4,3,368640,282,0.1347517730496454,323.6489361702128,891,0.04489337822671156,171.48260381593715,891,0.04489337822671156,163.1425364758698,3734,0,0,uniform=1856;sir=1886,42.458521127700806,7ca190a
var_snip4,3,430080,282,0.9893617021276596,497.32978723404256,891,0.3658810325476992,232.76543209876544,891,0.372615039281706,233.57687991021325,3734,0,0,uniform=1856;sir=1886,42.458521127700806,7ca190a
var_snip4,3,491520,282,0.9858156028368794,495.97163120567376,891,0.2951739618406285,194.8226711560045,891,0.2760942760942761,186.1941638608305,3734,0,0,uniform=1856;sir=1886,42.458521127700806,7ca190a
var_snip4,3,552960,282,0.975177304964539,493.5567375886525,891,0.6902356902356902,375.5544332210999,891,0.6599326599326599,363.24242424242425,3734,0,0,uniform=1856;sir=1886,42.458521127700806,7ca190a
var_snip4,3,614400,282,0.9113475177304965,482.8758865248227,891,0.8125701459034792,425.3860830527497,891,0.7934904601571269,417.334455667789,3734,0,0,uniform=1856;sir=1886,42.458521127700806,7ca190a
var_low_po,2,0,282,0.0,26.50709219858156,891,0.0,36.9023569023569,891,0.0,37.662177328843995,3039,0,0,uniform=1529;sir=1518,45.148534059524536,7ca190a
var_low_po,2,61440,282,0.09574468085106383,254.51063829787233,891,0.0,123.66329966329967,891,0.0,121.86195286195286,3039,0,0,uniform=1529;sir=1518,45.148534059524536,7ca190a
var_low_po,2,122880,282,0.3191489361702128,375.38652482269504,891,0.004489337822671156,73.32884399551067,891,0.002244668911335578,74.54320987654322,3039,0,0,uniform=1529;sir=1518,45.148534059524536,7ca190a
var_low_po,2,184320,282,0.7198581560283688,454.1950354609929,891,0.05499438832772166,188.23793490460156,891,0.06397306397306397,189.12794612794613,3039,0,0,uniform=1529;sir=1518,45.148534059524536,7ca190a
var_low_po,2,245760,282,0.02127659574468085,198.92198581560282,891,0.0,131.8159371492705,891,0.0,130.8327721661055,3039,0,0,uniform=1529;sir=1518,45.148534059524536,7ca190a
var_low_po,2,307200,282,0.450354609929078,372.1276595744681,891,0.002244668911335578,86.85521885521885,891,0.0,84.33894500561168,3039,0,0,uniform=1529;sir=1518,45.148534059524536,7ca190a
var_low_po,2,368640,282,0.9609929078014184,489.7411347517731,891,0.8911335578002245,456.86083052749717,891,0.8832772166105499,452.81481481481484,3039,0,0,uniform=1529;sir=1518,45.148534059524536,7ca190a
var_low_po,2,430080,282,0.9219858156028369,477.8758865248227,891,0.7519640852974186,404.2087542087542,891,0.7272727272727273,395.38720538720537,3039,0,0,uniform=1529;sir=1518,45.148534059524536,7ca190a
var_low_po,2,491520,282,0.9716312056737588,493.16312056737587,891,0.8810325476992144,452.3052749719416,891,0.8686868686868687,446.699214365881,3039,0,0,uniform=1529;sir=1518,45.148534059524536,7ca190a
var_low_po,2,552960,282,0.9184397163120568,476.6666666666667,891,0.6285072951739619,355.28170594837263,891,0.6296296296296297,352.95959595959596,3039,0,0,uniform=1529;sir=1518,45.148534059524536,7ca190a
var_low_po,2,614400,282,0.599290780141844,387.6950354609929,891,0.012345679012345678,179.51739618406285,891,0.010101010101010102,178.11223344556677,3039,0,0,uniform=1529;sir=1518,45.148534059524536,7ca190a
var_snip8,4,0,282,0.0,14.872340425531915,891,0.0,35.99326599326599,891,0.0,37.00448933782267,4222,0,0,uniform=2123;sir=2107,42.572484254837036,7ca190a
var_snip8,4,61440,282,0.13829787234042554,304.52127659574467,891,0.0,128.23793490460156,891,0.0,127.11672278338945,4222,0,0,uniform=2123;sir=2107,42.572484254837036,7ca190a
var_snip8,4,122880,282,0.2801418439716312,378.56382978723406,891,0.42536475869809204,286.99438832772165,891,0.42424242424242425,285.4500561167228,4222,0,0,uniform=2123;sir=2107,42.572484254837036,7ca190a
var_snip8,4,184320,282,0.06382978723404255,253.88652482269504,891,0.0,130.31649831649833,891,0.0,129.33221099887766,4222,0,0,uniform=2123;sir=2107,42.572484254837036,7ca190a
var_snip8,4,245760,282,0.0070921985815602835,164.17021276595744,891,0.0,104.68013468013469,891,0.0,104.06060606060606,4222,0,0,uniform=2123;sir=2107,42.572484254837036,7ca190a
var_snip8,4,307200,282,0.9822695035460993,493.37943262411346,891,0.001122334455667789,59.90460157126824,891,0.003367003367003367,60.7631874298541,4222,0,0,uniform=2123;sir=2107,42.572484254837036,7ca190a
var_snip8,4,368640,282,0.9893617021276596,497.2659574468085,891,0.45791245791245794,268.58698092031426,891,0.4601571268237935,269.1032547699214,4222,0,0,uniform=2123;sir=2107,42.572484254837036,7ca190a
var_snip8,4,430080,282,0.9822695035460993,496.13475177304963,891,0.19753086419753085,155.1358024691358,891,0.1829405162738496,147.9057239057239,4222,0,0,uniform=2123;sir=2107,42.572484254837036,7ca190a
var_snip8,4,491520,282,0.9858156028368794,493.6595744680851,891,0.002244668911335578,56.67901234567901,891,0.001122334455667789,56.35690235690236,4222,0,0,uniform=2123;sir=2107,42.572484254837036,7ca190a
var_snip8,4,552960,282,0.9822695035460993,494.8085106382979,891,0.15824915824915825,135.39842873176207,891,0.16161616161616163,136.4915824915825,4222,0,0,uniform=2123;sir=2107,42.572484254837036,7ca190a
var_snip8,4,614400,282,0.9893617021276596,495.2517730496454,891,0.002244668911335578,56.72615039281706,891,0.001122334455667789,56.42424242424242,4222,0,0,uniform=2123;sir=2107,42.572484254837036,7ca190a
var_snip4,4,0,282,0.0,15.50354609929078,891,0.0,45.41414141414141,891,0.0,45.303030303030305,3669,0,0,uniform=1858;sir=1819,42.48010802268982,7ca190a
var_snip4,4,61440,282,0.01773049645390071,170.38297872340425,891,0.0,95.85521885521885,891,0.0,95.60718294051627,3669,0,0,uniform=1858;sir=1819,42.48010802268982,7ca190a
var_snip4,4,122880,282,0.3723404255319149,380.6099290780142,891,0.28170594837261503,268.4938271604938,891,0.2558922558922559,262.2457912457912,3669,0,0,uniform=1858;sir=1819,42.48010802268982,7ca190a
var_snip4,4,184320,282,0.950354609929078,488.2304964539007,891,0.5970819304152637,337.3052749719416,891,0.5780022446689114,329.71156004489336,3669,0,0,uniform=1858;sir=1819,42.48010802268982,7ca190a
var_snip4,4,245760,282,0.475177304964539,419.6063829787234,891,0.024691358024691357,192.35914702581368,891,0.019079685746352413,185.87317620650953,3669,0,0,uniform=1858;sir=1819,42.48010802268982,7ca190a
var_snip4,4,307200,282,0.17375886524822695,330.75531914893617,891,0.0,143.32323232323233,891,0.0,139.70594837261504,3669,0,0,uniform=1858;sir=1819,42.48010802268982,7ca190a
var_snip4,4,368640,282,0.9716312056737588,492.84751773049646,891,0.7755331088664422,410.13692480359146,891,0.7687991021324355,406.6026936026936,3669,0,0,uniform=1858;sir=1819,42.48010802268982,7ca190a
var_snip4,4,430080,282,0.9929078014184397,497.1808510638298,891,0.8439955106621774,438.2053872053872,891,0.8327721661054994,433.87654320987656,3669,0,0,uniform=1858;sir=1819,42.48010802268982,7ca190a
var_snip4,4,491520,282,0.9929078014184397,497.3900709219858,891,0.7317620650953984,391.55555555555554,891,0.7384960718294051,393.0808080808081,3669,0,0,uniform=1858;sir=1819,42.48010802268982,7ca190a
var_snip4,4,552960,282,0.9893617021276596,495.43617021276594,891,0.019079685746352413,73.1705948372615,891,0.012345679012345678,70.2648709315376,3669,0,0,uniform=1858;sir=1819,42.48010802268982,7ca190a
var_snip4,4,614400,282,0.9787234042553191,493.32978723404256,891,0.004489337822671156,63.56565656565657,891,0.001122334455667789,61.94837261503928,3669,0,0,uniform=1858;sir=1819,42.48010802268982,7ca190a
var_low_po,3,0,282,0.0,21.368794326241133,891,0.0,16.312008978675646,891,0.0,16.48260381593715,3406,0,0,uniform=1641;sir=1773,45.87260389328003,7ca190a
var_low_po,3,61440,282,0.07092198581560284,216.43971631205673,891,0.0,114.80359147025814,891,0.0,114.11111111111111,3406,0,0,uniform=1641;sir=1773,45.87260389328003,7ca190a
var_low_po,3,122880,282,0.26595744680851063,325.3262411347518,891,0.06509539842873176,177.73625140291807,891,0.05611672278338945,167.7138047138047,3406,0,0,uniform=1641;sir=1773,45.87260389328003,7ca190a
var_low_po,3,184320,282,0.10283687943262411,266.79787234042556,891,0.0,144.9551066217733,891,0.001122334455667789,142.92704826038158,3406,0,0,uniform=1641;sir=1773,45.87260389328003,7ca190a
var_low_po,3,245760,282,0.07801418439716312,233.34751773049646,891,0.003367003367003367,130.6240179573513,891,0.001122334455667789,130.13468013468014,3406,0,0,uniform=1641;sir=1773,45.87260389328003,7ca190a
var_low_po,3,307200,282,0.30141843971631205,333.7340425531915,891,0.16722783389450055,222.02020202020202,891,0.1717171717171717,219.74635241301908,3406,0,0,uniform=1641;sir=1773,45.87260389328003,7ca190a
var_low_po,3,368640,282,0.6453900709219859,443.52836879432624,891,0.001122334455667789,108.69472502805836,891,0.001122334455667789,107.55892255892256,3406,0,0,uniform=1641;sir=1773,45.87260389328003,7ca190a
var_low_po,3,430080,282,0.9609929078014184,487.78014184397165,891,0.0,57.93939393939394,891,0.002244668911335578,58.5959595959596,3406,0,0,uniform=1641;sir=1773,45.87260389328003,7ca190a
var_low_po,3,491520,282,0.9929078014184397,497.6843971631206,891,0.4107744107744108,244.3692480359147,891,0.40291806958473625,241.45342312008978,3406,0,0,uniform=1641;sir=1773,45.87260389328003,7ca190a
var_low_po,3,552960,282,0.8049645390070922,452.87943262411346,891,0.6296296296296297,346.50056116722783,891,0.6285072951739619,347.1997755331089,3406,0,0,uniform=1641;sir=1773,45.87260389328003,7ca190a
var_low_po,3,614400,282,0.41134751773049644,350.75531914893617,891,0.09539842873176206,205.20314253647587,891,0.08417508417508418,202.62962962962962,3406,0,0,uniform=1641;sir=1773,45.87260389328003,7ca190a
var_low_po,4,0,282,0.0,37.843971631205676,891,0.0,30.57351290684624,891,0.0,30.227833894500563,3462,0,0,uniform=1734;sir=1736,45.58301615715027,7ca190a
var_low_po,4,61440,282,0.2624113475177305,325.08156028368796,891,0.22334455667789002,231.1358024691358,891,0.1941638608305275,223.010101010101,3462,0,0,uniform=1734;sir=1736,45.58301615715027,7ca190a
var_low_po,4,122880,282,0.07446808510638298,216.66666666666666,891,0.0,110.82491582491582,891,0.0,110.10886644219977,3462,0,0,uniform=1734;sir=1736,45.58301615715027,7ca190a
var_low_po,4,184320,282,0.08865248226950355,253.26241134751774,891,0.003367003367003367,130.32210998877665,891,0.002244668911335578,127.48148148148148,3462,0,0,uniform=1734;sir=1736,45.58301615715027,7ca190a
var_low_po,4,245760,282,0.06028368794326241,257.49645390070924,891,0.0,106.37149270482604,891,0.0,105.16161616161617,3462,0,0,uniform=1734;sir=1736,45.58301615715027,7ca190a
var_low_po,4,307200,282,0.08156028368794327,283.86879432624113,891,0.0,142.79910213243548,891,0.0,139.10662177328845,3462,0,0,uniform=1734;sir=1736,45.58301615715027,7ca190a
var_low_po,4,368640,282,0.6879432624113475,451.77659574468083,891,0.10774410774410774,212.7732884399551,891,0.08978675645342311,201.77216610549945,3462,0,0,uniform=1734;sir=1736,45.58301615715027,7ca190a
var_low_po,4,430080,282,0.8971631205673759,485.1418439716312,891,0.6531986531986532,353.95286195286195,891,0.6588103254769921,357.1627384960718,3462,0,0,uniform=1734;sir=1736,45.58301615715027,7ca190a
var_low_po,4,491520,282,0.9716312056737588,493.31205673758865,891,0.5600448933782267,320.8742985409652,891,0.5488215488215489,316.1773288439955,3462,0,0,uniform=1734;sir=1736,45.58301615715027,7ca190a
var_low_po,4,552960,282,0.8794326241134752,473.0851063829787,891,0.6812570145903479,365.05162738496074,891,0.691358024691358,369.69135802469134,3462,0,0,uniform=1734;sir=1736,45.58301615715027,7ca190a
var_low_po,4,614400,282,0.9893617021276596,495.2659574468085,891,0.003367003367003367,58.90347923681257,891,0.001122334455667789,57.95286195286195,3462,0,0,uniform=1734;sir=1736,45.58301615715027,7ca190a
var_snip8,5,0,282,0.0,12.99645390070922,891,0.0,31.78563411896745,891,0.0,31.320987654320987,4235,0,0,uniform=2152;sir=2091,44.657248973846436,7ca190a
var_snip8,5,61440,282,0.08865248226950355,295.52836879432624,891,0.3254769921436588,242.9506172839506,891,0.33557800224466894,243.22222222222223,4235,0,0,uniform=2152;sir=2091,44.657248973846436,7ca190a
var_snip8,5,122880,282,0.25177304964539005,359.99645390070924,891,0.0,151.34006734006735,891,0.0,150.24130190796856,4235,0,0,uniform=2152;sir=2091,44.657248973846436,7ca190a
var_snip8,5,184320,282,0.975177304964539,495.7340425531915,891,0.4276094276094276,255.40404040404042,891,0.4118967452300786,247.6060606060606,4235,0,0,uniform=2152;sir=2091,44.657248973846436,7ca190a
var_snip8,5,245760,282,0.9964539007092199,498.48936170212767,891,0.8799102132435466,452.59371492704827,891,0.8709315375982043,448.61279461279463,4235,0,0,uniform=2152;sir=2091,44.657248973846436,7ca190a
var_snip8,5,307200,282,0.01773049645390071,167.18085106382978,891,0.0,102.00785634118968,891,0.0,101.14702581369248,4235,0,0,uniform=2152;sir=2091,44.657248973846436,7ca190a
var_snip8,5,368640,282,0.9716312056737588,493.40070921985813,891,0.7811447811447811,413.331088664422,891,0.7687991021324355,408.0987654320988,4235,0,0,uniform=2152;sir=2091,44.657248973846436,7ca190a
var_snip8,5,430080,282,0.9964539007092199,498.40070921985813,891,0.25813692480359146,180.20314253647587,891,0.244668911335578,173.58473625140292,4235,0,0,uniform=2152;sir=2091,44.657248973846436,7ca190a
var_snip8,5,491520,282,0.9787234042553191,490.7517730496454,891,0.03928170594837262,79.27048260381594,891,0.04152637485970819,81.04826038159372,4235,0,0,uniform=2152;sir=2091,44.657248973846436,7ca190a
var_snip8,5,552960,282,0.9858156028368794,493.7411347517731,891,0.007856341189674524,63.03591470258137,891,0.006734006734006734,63.03254769921437,4235,0,0,uniform=2152;sir=2091,44.657248973846436,7ca190a
var_snip8,5,614400,282,0.9468085106382979,488.1595744680851,891,0.07519640852974187,222.91021324354656,891,0.07744107744107744,221.51066217732884,4235,0,0,uniform=2152;sir=2091,44.657248973846436,7ca190a
var_snip4,5,0,282,0.0035460992907801418,49.40780141843972,891,0.0,18.876543209876544,891,0.0,18.748597081930416,4022,0,0,uniform=1998;sir=2032,42.89968800544739,7ca190a
var_snip4,5,61440,282,0.04964539007092199,252.30851063829786,891,0.0,119.31200897867565,891,0.0,118.61728395061728,4022,0,0,uniform=1998;sir=2032,42.89968800544739,7ca190a
var_snip4,5,122880,282,0.08865248226950355,272.8085106382979,891,0.0,125.47923681257015,891,0.0,124.53535353535354,4022,0,0,uniform=1998;sir=2032,42.89968800544739,7ca190a
var_snip4,5,184320,282,0.07801418439716312,246.50709219858157,891,0.0,115.71380471380472,891,0.0,115.11111111111111,4022,0,0,uniform=1998;sir=2032,42.89968800544739,7ca190a
var_snip4,5,245760,282,0.03900709219858156,230.88297872340425,891,0.020202020202020204,165.0976430976431,891,0.031425364758698095,165.1604938271605,4022,0,0,uniform=1998;sir=2032,42.89968800544739,7ca190a
var_snip4,5,307200,282,0.03546099290780142,226.13475177304966,891,0.001122334455667789,122.57239057239057,891,0.0,121.6374859708193,4022,0,0,uniform=1998;sir=2032,42.89968800544739,7ca190a
var_snip4,5,368640,282,0.4148936170212766,395.13829787234044,891,0.002244668911335578,134.59820426487093,891,0.0,126.11223344556677,4022,0,0,uniform=1998;sir=2032,42.89968800544739,7ca190a
var_snip4,5,430080,282,0.9787234042553191,497.38652482269504,891,0.38608305274971944,243.30864197530863,891,0.3950617283950617,245.75420875420875,4022,0,0,uniform=1998;sir=2032,42.89968800544739,7ca190a
var_snip4,5,491520,282,0.9822695035460993,495.9432624113475,891,0.9147025813692481,466.37373737373736,891,0.9124579124579124,465.26262626262627,4022,0,0,uniform=1998;sir=2032,42.89968800544739,7ca190a
var_snip4,5,552960,282,0.9787234042553191,493.06382978723406,891,0.13468013468013468,122.63299663299664,891,0.143658810325477,125.44668911335577,4022,0,0,uniform=1998;sir=2032,42.89968800544739,7ca190a
var_snip4,5,614400,282,0.9787234042553191,496.15602836879435,891,0.8361391694725028,435.2368125701459,891,0.8170594837261503,427.5533108866442,4022,0,0,uniform=1998;sir=2032,42.89968800544739,7ca190a
var_low_po,5,0,282,0.0,14.25177304964539,891,0.0,33.9652076318743,891,0.0,34.20426487093154,3535,0,0,uniform=1795;sir=1748,44.99827218055725,7ca190a
var_low_po,5,61440,282,0.0425531914893617,195.40425531914894,891,0.0,102.93827160493827,891,0.0,102.42087542087542,3535,0,0,uniform=1795;sir=1748,44.99827218055725,7ca190a
var_low_po,5,122880,282,0.028368794326241134,193.5,891,0.0,107.49158249158249,891,0.0,106.81032547699215,3535,0,0,uniform=1795;sir=1748,44.99827218055725,7ca190a
var_low_po,5,184320,282,0.031914893617021274,195.07801418439718,891,0.0,111.91021324354658,891,0.0,111.19079685746352,3535,0,0,uniform=1795;sir=1748,44.99827218055725,7ca190a
var_low_po,5,245760,282,0.3617021276595745,367.32978723404256,891,0.001122334455667789,95.58585858585859,891,0.0,94.3063973063973,3535,0,0,uniform=1795;sir=1748,44.99827218055725,7ca190a
var_low_po,5,307200,282,0.7978723404255319,463.56028368794324,891,0.008978675645342313,134.1324354657688,891,0.006734006734006734,130.01571268237936,3535,0,0,uniform=1795;sir=1748,44.99827218055725,7ca190a
var_low_po,5,368640,282,0.9468085106382979,484.9468085106383,891,0.468013468013468,267.2682379349046,891,0.4489337822671156,260.3097643097643,3535,0,0,uniform=1795;sir=1748,44.99827218055725,7ca190a
var_low_po,5,430080,282,0.8687943262411347,471.29787234042556,891,0.6588103254769921,358.993265993266,891,0.6341189674523008,348.5948372615039,3535,0,0,uniform=1795;sir=1748,44.99827218055725,7ca190a
var_low_po,5,491520,282,0.9468085106382979,492.8758865248227,891,0.35914702581369246,228.48597081930416,891,0.35914702581369246,226.51402918069584,3535,0,0,uniform=1795;sir=1748,44.99827218055725,7ca190a
var_low_po,5,552960,282,0.9574468085106383,481.0496453900709,891,0.026936026936026935,68.38720538720538,891,0.019079685746352413,65.2368125701459,3535,0,0,uniform=1795;sir=1748,44.99827218055725,7ca190a
var_low_po,5,614400,282,0.9468085106382979,481.6843971631206,891,0.8058361391694725,420.79910213243545,891,0.7867564534231201,413.3490460157127,3535,0,0,uniform=1795;sir=1748,44.99827218055725,7ca190a
var_snip8,6,0,282,0.0,14.613475177304965,891,0.0,33.21212121212121,891,0.0,33.83052749719416,4136,0,0,uniform=2080;sir=2064,43.1537082195282,7ca190a
var_snip8,6,61440,282,0.46808510638297873,421.3936170212766,891,0.0,180.34455667789,891,0.001122334455667789,178.7946127946128,4136,0,0,uniform=2080;sir=2064,43.1537082195282,7ca190a
var_snip8,6,122880,282,0.21631205673758866,330.0496453900709,891,0.0,129.3793490460157,891,0.0,128.4287317620651,4136,0,0,uniform=2080;sir=2064,43.1537082195282,7ca190a
var_snip8,6,184320,282,0.9822695035460993,495.0,891,0.8170594837261503,426.27946127946126,891,0.8013468013468014,419.58361391694723,4136,0,0,uniform=2080;sir=2064,43.1537082195282,7ca190a
var_snip8,6,245760,282,0.05319148936170213,243.15248226950354,891,0.0,118.8989898989899,891,0.0,117.98989898989899,4136,0,0,uniform=2080;sir=2064,43.1537082195282,7ca190a
var_snip8,6,307200,282,0.028368794326241134,263.6595744680851,891,0.003367003367003367,100.94612794612794,891,0.005611672278338945,103.4040404040404,4136,0,0,uniform=2080;sir=2064,43.1537082195282,7ca190a
var_snip8,6,368640,282,0.9113475177304965,486.97163120567376,891,0.4556677890011223,348.0617283950617,891,0.4287317620650954,344.8922558922559,4136,0,0,uniform=2080;sir=2064,43.1537082195282,7ca190a
var_snip8,6,430080,282,0.8085106382978723,478.63829787234044,891,0.03254769921436588,158.08305274971943,891,0.03928170594837262,152.25925925925927,4136,0,0,uniform=2080;sir=2064,43.1537082195282,7ca190a
var_snip8,6,491520,282,0.9893617021276596,495.28014184397165,891,0.002244668911335578,58.103254769921435,891,0.001122334455667789,57.731762065095396,4136,0,0,uniform=2080;sir=2064,43.1537082195282,7ca190a
var_snip8,6,552960,282,0.9432624113475178,489.0921985815603,891,0.3894500561167228,265.73400673400675,891,0.3782267115600449,260.7003367003367,4136,0,0,uniform=2080;sir=2064,43.1537082195282,7ca190a
var_snip8,6,614400,282,0.9929078014184397,498.52836879432624,891,0.8484848484848485,439.983164983165,891,0.8361391694725028,434.13916947250283,4136,0,0,uniform=2080;sir=2064,43.1537082195282,7ca190a
var_snip4,6,0,282,0.0,20.74822695035461,891,0.0,44.570145903479236,891,0.0,43.0976430976431,3922,0,0,uniform=1959;sir=1971,40.87036919593811,7ca190a
var_snip4,6,61440,282,0.06028368794326241,249.1595744680851,891,0.0,116.5712682379349,891,0.0,115.76767676767676,3922,0,0,uniform=1959;sir=1971,40.87036919593811,7ca190a
var_snip4,6,122880,282,0.17375886524822695,317.6276595744681,891,0.0,137.40740740740742,891,0.0,136.1851851851852,3922,0,0,uniform=1959;sir=1971,40.87036919593811,7ca190a
var_snip4,6,184320,282,0.0673758865248227,247.53900709219857,891,0.0,114.02693602693603,891,0.0,113.32323232323232,3922,0,0,uniform=1959;sir=1971,40.87036919593811,7ca190a
var_snip4,6,245760,282,0.6099290780141844,432.70212765957444,891,0.007856341189674524,168.32884399551065,891,0.010101010101010102,165.60493827160494,3922,0,0,uniform=1959;sir=1971,40.87036919593811,7ca190a
var_snip4,6,307200,282,0.07801418439716312,258.33687943262413,891,0.0,122.95286195286195,891,0.0,122.1010101010101,3922,0,0,uniform=1959;sir=1971,40.87036919593811,7ca190a
var_snip4,6,368640,282,0.1099290780141844,273.24468085106383,891,0.001122334455667789,112.03703703703704,891,0.0,111.16835016835017,3922,0,0,uniform=1959;sir=1971,40.87036919593811,7ca190a
var_snip4,6,430080,282,0.776595744680851,479.90070921985813,891,0.24017957351290684,263.7800224466891,891,0.21885521885521886,254.32210998877665,3922,0,0,uniform=1959;sir=1971,40.87036919593811,7ca190a
var_snip4,6,491520,282,0.9893617021276596,495.3829787234043,891,0.11672278338945005,117.21661054994388,891,0.12682379349046016,120.25701459034792,3922,0,0,uniform=1959;sir=1971,40.87036919593811,7ca190a
var_snip4,6,552960,282,0.9858156028368794,493.6489361702128,891,0.001122334455667789,56.427609427609426,891,0.001122334455667789,56.248035914702584,3922,0,0,uniform=1959;sir=1971,40.87036919593811,7ca190a
var_snip4,6,614400,282,0.9893617021276596,495.26241134751774,891,0.008978675645342313,64.25252525252525,891,0.007856341189674524,63.65319865319865,3922,0,0,uniform=1959;sir=1971,40.87036919593811,7ca190a
var_low_po,6,0,282,0.0,35.751773049645394,891,0.0,32.833894500561165,891,0.0,32.980920314253645,3394,0,0,uniform=1668;sir=1734,43.91912913322449,7ca190a
var_low_po,6,61440,282,0.07092198581560284,260.7588652482269,891,0.0,143.86531986531986,891,0.0,143.85521885521885,3394,0,0,uniform=1668;sir=1734,43.91912913322449,7ca190a
var_low_po,6,122880,282,0.20212765957446807,322.56028368794324,891,0.015712682379349047,162.45791245791247,891,0.016835016835016835,157.3793490460157,3394,0,0,uniform=1668;sir=1734,43.91912913322449,7ca190a
var_low_po,6,184320,282,0.40070921985815605,393.3723404255319,891,0.04040404040404041,145.5813692480359,891,0.05499438832772166,152.44781144781146,3394,0,0,uniform=1668;sir=1734,43.91912913322449,7ca190a
var_low_po,6,245760,282,0.031914893617021274,179.03546099290782,891,0.01122334455667789,154.84848484848484,891,0.01122334455667789,150.78002244668912,3394,0,0,uniform=1668;sir=1734,43.91912913322449,7ca190a
var_low_po,6,307200,282,0.5673758865248227,418.6063829787234,891,0.015712682379349047,139.8462401795735,891,0.014590347923681257,138.62850729517396,3394,0,0,uniform=1668;sir=1734,43.91912913322449,7ca190a
var_low_po,6,368640,282,0.9680851063829787,492.81205673758865,891,0.792368125701459,416.80359147025814,891,0.7654320987654321,406.8641975308642,3394,0,0,uniform=1668;sir=1734,43.91912913322449,7ca190a
var_low_po,6,430080,282,0.9858156028368794,494.3900709219858,891,0.038159371492704826,78.30527497194164,891,0.04826038159371493,82.39281705948373,3394,0,0,uniform=1668;sir=1734,43.91912913322449,7ca190a
var_low_po,6,491520,282,0.8226950354609929,463.7695035460993,891,0.42536475869809204,255.56341189674524,891,0.40404040404040403,245.3838383838384,3394,0,0,uniform=1668;sir=1734,43.91912913322449,7ca190a
var_low_po,6,552960,282,0.9326241134751773,476.6241134751773,891,0.6644219977553311,360.88664421997754,891,0.6610549943883277,359.73625140291807,3394,0,0,uniform=1668;sir=1734,43.91912913322449,7ca190a
var_low_po,6,614400,282,0.6347517730496454,407.0496453900709,891,0.13916947250280584,149.67003367003366,891,0.1414141414141414,149.0448933782267,3394,0,0,uniform=1668;sir=1734,43.91912913322449,7ca190a
var_snip8,7,0,282,0.0,43.216312056737586,891,0.0,19.063973063973062,891,0.0,18.99102132435466,4112,0,0,uniform=2124;sir=1996,40.996049880981445,7ca190a
var_snip8,7,61440,282,0.05319148936170213,240.645390070922,891,0.006734006734006734,149.7946127946128,891,0.010101010101010102,147.91021324354656,4112,0,0,uniform=2124;sir=1996,40.996049880981445,7ca190a
var_snip8,7,122880,282,0.07801418439716312,249.91843971631207,891,0.0,109.55555555555556,891,0.0,108.9304152637486,4112,0,0,uniform=2124;sir=1996,40.996049880981445,7ca190a
var_snip8,7,184320,282,0.12411347517730496,273.28014184397165,891,0.001122334455667789,125.24579124579125,891,0.0,124.13468013468014,4112,0,0,uniform=2124;sir=1996,40.996049880981445,7ca190a
var_snip8,7,245760,282,0.08156028368794327,243.50709219858157,891,0.001122334455667789,127.78900112233445,891,0.0,126.49270482603816,4112,0,0,uniform=2124;sir=1996,40.996049880981445,7ca190a
var_snip8,7,307200,282,0.9822695035460993,497.54609929078015,891,0.7530864197530864,399.5993265993266,891,0.7328843995510662,390.9450056116723,4112,0,0,uniform=2124;sir=1996,40.996049880981445,7ca190a
var_snip8,7,368640,282,0.8262411347517731,460.2482269503546,891,0.17059483726150393,200.36026936026937,891,0.16161616161616163,194.8563411896745,4112,0,0,uniform=2124;sir=1996,40.996049880981445,7ca190a
var_snip8,7,430080,282,0.8794326241134752,486.531914893617,891,0.6094276094276094,379.334455667789,891,0.5914702581369248,369.56902356902356,4112,0,0,uniform=2124;sir=1996,40.996049880981445,7ca190a
var_snip8,7,491520,282,0.9893617021276596,497.677304964539,891,0.8529741863075196,440.5768799102132,891,0.8316498316498316,432.14141414141415,4112,0,0,uniform=2124;sir=1996,40.996049880981445,7ca190a
var_snip8,7,552960,282,0.9929078014184397,499.3014184397163,891,0.7160493827160493,383.4938271604938,891,0.712682379349046,381.7766554433221,4112,0,0,uniform=2124;sir=1996,40.996049880981445,7ca190a
var_snip8,7,614400,282,0.9893617021276596,497.5354609929078,891,0.7160493827160493,381.4567901234568,891,0.6936026936026936,372.3400673400673,4112,0,0,uniform=2124;sir=1996,40.996049880981445,7ca190a
var_snip4,7,0,282,0.0,52.184397163120565,891,0.0,21.578002244668912,891,0.0,21.402918069584736,3597,0,0,uniform=1813;sir=1792,41.2463960647583,7ca190a
var_snip4,7,61440,282,0.08865248226950355,241.2872340425532,891,0.0,109.07070707070707,891,0.0,108.53423120089786,3597,0,0,uniform=1813;sir=1792,41.2463960647583,7ca190a
var_snip4,7,122880,282,0.2801418439716312,371.6666666666667,891,0.0,144.2861952861953,891,0.0,143.0280583613917,3597,0,0,uniform=1813;sir=1792,41.2463960647583,7ca190a
var_snip4,7,184320,282,0.2375886524822695,418.48936170212767,891,0.38047138047138046,294.62401795735127,891,0.37149270482603813,288.81032547699215,3597,0,0,uniform=1813;sir=1792,41.2463960647583,7ca190a
var_snip4,7,245760,282,0.5177304964539007,415.0744680851064,891,0.0,144.4253647586981,891,0.0,143.11111111111111,3597,0,0,uniform=1813;sir=1792,41.2463960647583,7ca190a
var_snip4,7,307200,282,0.9787234042553191,493.3723404255319,891,0.04601571268237935,87.30751964085297,891,0.050505050505050504,88.74859708193041,3597,0,0,uniform=1813;sir=1792,41.2463960647583,7ca190a
var_snip4,7,368640,282,0.5673758865248227,453.12056737588654,891,0.37373737373737376,299.3905723905724,891,0.37037037037037035,294.8709315375982,3597,0,0,uniform=1813;sir=1792,41.2463960647583,7ca190a
var_snip4,7,430080,282,0.9787234042553191,495.15248226950354,891,0.6936026936026936,376.4489337822671,891,0.6947250280583613,377.2390572390572,3597,0,0,uniform=1813;sir=1792,41.2463960647583,7ca190a
var_snip4,7,491520,282,0.851063829787234,483.42198581560285,891,0.48148148148148145,358.53423120089786,891,0.48148148148148145,352.6442199775533,3597,0,0,uniform=1813;sir=1792,41.2463960647583,7ca190a
var_snip4,7,552960,282,0.9858156028368794,495.97163120567376,891,0.15039281705948374,132.43658810325476,891,0.16835016835016836,139.32210998877665,3597,0,0,uniform=1813;sir=1792,41.2463960647583,7ca190a
var_snip4,7,614400,282,1.0,500.0,891,0.3569023569023569,227.1043771043771,891,0.3434343434343434,221.7317620650954,3597,0,0,uniform=1813;sir=1792,41.2463960647583,7ca190a
var_low_po,7,0,282,0.0,13.02127659574468,891,0.0,32.22222222222222,891,0.0,32.270482603815935,3178,0,0,uniform=1596;sir=1590,44.223726749420166,7ca190a
var_low_po,7,61440,282,0.024822695035460994,205.67730496453902,891,0.0,120.65993265993266,891,0.0,119.9337822671156,3178,0,0,uniform=1596;sir=1590,44.223726749420166,7ca190a
var_low_po,7,122880,282,0.04609929078014184,234.0921985815603,891,0.0,133.91133557800225,891,0.001122334455667789,133.22446689113355,3178,0,0,uniform=1596;sir=1590,44.223726749420166,7ca190a
var_low_po,7,184320,282,0.3262411347517731,355.4645390070922,891,0.2828282828282828,313.8529741863075,891,0.2760942760942761,310.06734006734007,3178,0,0,uniform=1596;sir=1590,44.223726749420166,7ca190a
var_low_po,7,245760,282,0.4645390070921986,421.04609929078015,891,0.003367003367003367,115.16161616161617,891,0.003367003367003367,116.23793490460157,3178,0,0,uniform=1596;sir=1590,44.223726749420166,7ca190a
var_low_po,7,307200,282,0.9893617021276596,495.3085106382979,891,0.0707070707070707,95.28843995510663,891,0.0819304152637486,99.7384960718294,3178,0,0,uniform=1596;sir=1590,44.223726749420166,7ca190a
var_low_po,7,368640,282,0.9219858156028369,475.43971631205676,891,0.0931537598204265,190.40628507295173,891,0.0920314253647587,187.89337822671155,3178,0,0,uniform=1596;sir=1590,44.223726749420166,7ca190a
var_low_po,7,430080,282,0.9858156028368794,495.9148936170213,891,0.3344556677890011,209.40965207631874,891,0.3344556677890011,208.96745230078562,3178,0,0,uniform=1596;sir=1590,44.223726749420166,7ca190a
var_low_po,7,491520,282,0.6099290780141844,420.41843971631204,891,0.017957351290684626,106.48933782267116,891,0.020202020202020204,106.12121212121212,3178,0,0,uniform=1596;sir=1590,44.223726749420166,7ca190a
var_low_po,7,552960,282,0.9787234042553191,492.36170212765956,891,0.3950617283950617,238.57014590347924,891,0.3939393939393939,238.0875420875421,3178,0,0,uniform=1596;sir=1590,44.223726749420166,7ca190a
var_low_po,7,614400,282,0.8475177304964538,453.9078014184397,891,0.7485970819304153,398.63973063973066,891,0.7418630751964085,395.40965207631876,3178,0,0,uniform=1596;sir=1590,44.223726749420166,7ca190a
var_snip8,8,0,282,0.0,18.77659574468085,891,0.0,40.89562289562289,891,0.0,40.31649831649832,3825,0,0,uniform=1962;sir=1871,40.87042832374573,7ca190a
var_snip8,8,61440,282,0.08156028368794327,235.4078014184397,891,0.0,107.003367003367,891,0.0,106.51290684624018,3825,0,0,uniform=1962;sir=1871,40.87042832374573,7ca190a
var_snip8,8,122880,282,0.12056737588652482,291.40425531914894,891,0.003367003367003367,161.90011223344555,891,0.001122334455667789,160.51739618406285,3825,0,0,uniform=1962;sir=1871,40.87042832374573,7ca190a
var_snip8,8,184320,282,0.9468085106382979,491.64539007092196,891,0.9158249158249159,466.5544332210999,891,0.9001122334455668,459.652076318743,3825,0,0,uniform=1962;sir=1871,40.87042832374573,7ca190a
var_snip8,8,245760,282,0.9822695035460993,495.0,891,0.1739618406285073,148.43771043771045,891,0.17732884399551066,148.97755331088663,3825,0,0,uniform=1962;sir=1871,40.87042832374573,7ca190a
var_snip8,8,307200,282,0.031914893617021274,180.06382978723406,891,0.0,96.65881032547699,891,0.0,96.56902356902357,3825,0,0,uniform=1962;sir=1871,40.87042832374573,7ca190a
var_snip8,8,368640,282,0.9680851063829787,495.47163120567376,891,0.17732884399551066,164.84175084175084,891,0.2053872053872054,174.59820426487093,3825,0,0,uniform=1962;sir=1871,40.87042832374573,7ca190a
var_snip8,8,430080,282,0.9929078014184397,496.9078014184397,891,0.029180695847362513,76.94163860830527,891,0.038159371492704826,80.51964085297419,3825,0,0,uniform=1962;sir=1871,40.87042832374573,7ca190a
var_snip8,8,491520,282,0.9964539007092199,498.9113475177305,891,0.7014590347923682,377.8742985409652,891,0.7104377104377104,380.317620650954,3825,0,0,uniform=1962;sir=1871,40.87042832374573,7ca190a
var_snip8,8,552960,282,0.9787234042553191,493.9432624113475,891,0.004489337822671156,62.61054994388328,891,0.005611672278338945,63.15151515151515,3825,0,0,uniform=1962;sir=1871,40.87042832374573,7ca190a
var_snip8,8,614400,282,0.9893617021276596,495.3510638297872,891,0.08305274971941638,103.76094276094275,891,0.09652076318742986,108.72502805836139,3825,0,0,uniform=1962;sir=1871,40.87042832374573,7ca190a
var_snip4,8,0,282,0.0,82.20212765957447,891,0.0,53.89562289562289,891,0.0,54.295173961840625,3553,0,0,uniform=1765;sir=1796,41.40984082221985,7ca190a
var_snip4,8,61440,282,0.07092198581560284,217.7127659574468,891,0.0,100.33333333333333,891,0.0,99.94500561167227,3553,0,0,uniform=1765;sir=1796,41.40984082221985,7ca190a
var_snip4,8,122880,282,0.11702127659574468,284.88652482269504,891,0.0,125.35241301907969,891,0.001122334455667789,124.39842873176207,3553,0,0,uniform=1765;sir=1796,41.40984082221985,7ca190a
var_snip4,8,184320,282,0.7056737588652482,453.28014184397165,891,0.002244668911335578,203.08305274971943,891,0.006734006734006734,200.05050505050505,3553,0,0,uniform=1765;sir=1796,41.40984082221985,7ca190a
var_snip4,8,245760,282,0.1453900709219858,292.4751773049645,891,0.001122334455667789,135.11672278338946,891,0.001122334455667789,133.41301907968574,3553,0,0,uniform=1765;sir=1796,41.40984082221985,7ca190a
var_snip4,8,307200,282,0.9964539007092199,498.8900709219858,891,0.8047138047138047,422.7418630751964,891,0.7934904601571269,417.32996632996634,3553,0,0,uniform=1765;sir=1796,41.40984082221985,7ca190a
var_snip4,8,368640,282,0.9929078014184397,497.97872340425533,891,0.8092031425364759,422.4983164983165,891,0.8013468013468014,419.3198653198653,3553,0,0,uniform=1765;sir=1796,41.40984082221985,7ca190a
var_snip4,8,430080,282,0.9822695035460993,494.8510638297872,891,0.7418630751964085,395.9259259259259,891,0.7059483726150393,381.2895622895623,3553,0,0,uniform=1765;sir=1796,41.40984082221985,7ca190a
var_snip4,8,491520,282,1.0,500.0,891,0.8294051627384961,432.08193041526374,891,0.8237934904601572,429.1212121212121,3553,0,0,uniform=1765;sir=1796,41.40984082221985,7ca190a
var_snip4,8,552960,282,0.9964539007092199,499.7517730496454,891,0.8204264870931538,426.3490460157127,891,0.8069584736251403,421.1099887766554,3553,0,0,uniform=1765;sir=1796,41.40984082221985,7ca190a
var_snip4,8,614400,282,0.9964539007092199,498.49645390070924,891,0.8047138047138047,420.56677890011224,891,0.8092031425364759,422.25364758698095,3553,0,0,uniform=1765;sir=1796,41.40984082221985,7ca190a
var_low_po,8,0,282,0.0,15.212765957446809,891,0.0,32.95286195286195,891,0.0,32.97755331088664,3201,0,0,uniform=1534;sir=1675,43.173752784729004,7ca190a
var_low_po,8,61440,282,0.1524822695035461,294.2588652482269,891,0.028058361391694726,170.81032547699215,891,0.024691358024691357,167.2401795735129,3201,0,0,uniform=1534;sir=1675,43.173752784729004,7ca190a
var_low_po,8,122880,282,0.09574468085106383,263.63120567375887,891,0.001122334455667789,129.6172839506173,891,0.002244668911335578,130.09203142536475,3201,0,0,uniform=1534;sir=1675,43.173752784729004,7ca190a
var_low_po,8,184320,282,0.13120567375886524,276.78014184397165,891,0.003367003367003367,86.87654320987654,891,0.007856341189674524,87.20089786756454,3201,0,0,uniform=1534;sir=1675,43.173752784729004,7ca190a
var_low_po,8,245760,282,0.12056737588652482,265.79432624113474,891,0.0,60.15937149270483,891,0.0,60.68013468013468,3201,0,0,uniform=1534;sir=1675,43.173752784729004,7ca190a
var_low_po,8,307200,282,0.7269503546099291,456.13120567375887,891,0.0,98.45679012345678,891,0.002244668911335578,98.03254769921436,3201,0,0,uniform=1534;sir=1675,43.173752784729004,7ca190a
var_low_po,8,368640,282,0.6595744680851063,437.7482269503546,891,0.12457912457912458,204.30527497194163,891,0.13692480359147025,210.010101010101,3201,0,0,uniform=1534;sir=1675,43.173752784729004,7ca190a
var_low_po,8,430080,282,0.9858156028368794,495.3936170212766,891,0.7519640852974186,400.37373737373736,891,0.7519640852974186,400.17171717171715,3201,0,0,uniform=1534;sir=1675,43.173752784729004,7ca190a
var_low_po,8,491520,282,0.9858156028368794,496.63475177304963,891,0.4983164983164983,285.8686868686869,891,0.48035914702581367,279.2065095398429,3201,0,0,uniform=1534;sir=1675,43.173752784729004,7ca190a
var_low_po,8,552960,282,1.0,500.0,891,0.5836139169472503,324.97755331088666,891,0.5679012345679012,317.26038159371495,3201,0,0,uniform=1534;sir=1675,43.173752784729004,7ca190a
var_low_po,8,614400,282,0.9326241134751773,484.76241134751774,891,0.7261503928170595,385.6835016835017,891,0.7317620650953984,388.18069584736253,3201,0,0,uniform=1534;sir=1675,43.173752784729004,7ca190a
var_snip4,9,0,282,0.0,38.3936170212766,891,0.0,18.10998877665544,891,0.0,18.012345679012345,3901,0,0,uniform=1962;sir=1947,46.046114921569824,7e99f75
var_snip4,9,61440,282,0.02127659574468085,203.36170212765958,891,0.0,107.98540965207631,891,0.0,107.50953984287318,3901,0,0,uniform=1962;sir=1947,46.046114921569824,7e99f75
var_snip4,9,122880,282,0.7978723404255319,476.4822695035461,891,0.08641975308641975,182.90796857463525,891,0.08641975308641975,175.63860830527497,3901,0,0,uniform=1962;sir=1947,46.046114921569824,7e99f75
var_snip4,9,184320,282,0.9645390070921985,493.9255319148936,891,0.007856341189674524,64.74747474747475,891,0.01122334455667789,67.10549943883277,3901,0,0,uniform=1962;sir=1947,46.046114921569824,7e99f75
var_snip4,9,245760,282,0.9893617021276596,498.1808510638298,891,0.6531986531986532,353.989898989899,891,0.6262626262626263,343.0392817059484,3901,0,0,uniform=1962;sir=1947,46.046114921569824,7e99f75
var_snip4,9,307200,282,0.9893617021276596,495.3085106382979,891,0.005611672278338945,60.94949494949495,891,0.004489337822671156,60.525252525252526,3901,0,0,uniform=1962;sir=1947,46.046114921569824,7e99f75
var_snip4,9,368640,282,0.9893617021276596,496.8936170212766,891,0.7856341189674523,413.317620650954,891,0.7721661054994389,407.60381593714925,3901,0,0,uniform=1962;sir=1947,46.046114921569824,7e99f75
var_snip4,9,430080,282,0.01773049645390071,161.78014184397162,891,0.0,115.82042648709316,891,0.0,113.83838383838383,3901,0,0,uniform=1962;sir=1947,46.046114921569824,7e99f75
var_snip4,9,491520,282,0.02127659574468085,169.44326241134752,891,0.0,101.82716049382717,891,0.0,101.37149270482604,3901,0,0,uniform=1962;sir=1947,46.046114921569824,7e99f75
var_snip4,9,552960,282,0.9964539007092199,498.3900709219858,891,0.12008978675645342,118.14478114478115,891,0.10886644219977554,112.48260381593715,3901,0,0,uniform=1962;sir=1947,46.046114921569824,7e99f75
var_snip4,9,614400,282,0.9893617021276596,495.29787234042556,891,0.002244668911335578,58.17508417508417,891,0.001122334455667789,58.12682379349046,3901,0,0,uniform=1962;sir=1947,46.046114921569824,7e99f75
var_snip4,11,0,282,0.0,44.53191489361702,891,0.0,19.549943883277216,891,0.0,19.402918069584736,3783,0,0,uniform=1905;sir=1886,45.74932503700256,7e99f75
var_snip4,11,61440,282,0.12411347517730496,275.84397163120565,891,0.0,125.93153759820426,891,0.0,124.8361391694725,3783,0,0,uniform=1905;sir=1886,45.74932503700256,7e99f75
var_snip4,11,122880,282,0.9574468085106383,491.79787234042556,891,0.6767676767676768,369.1515151515151,891,0.6576879910213244,361.1515151515151,3783,0,0,uniform=1905;sir=1886,45.74932503700256,7e99f75
var_snip4,11,184320,282,0.41134751773049644,421.9929078014184,891,0.367003367003367,290.60830527497194,891,0.3546576879910213,285.1099887766554,3783,0,0,uniform=1905;sir=1886,45.74932503700256,7e99f75
var_snip4,11,245760,282,0.9680851063829787,495.5886524822695,891,0.877665544332211,476.3939393939394,891,0.8967452300785634,480.59708193041524,3783,0,0,uniform=1905;sir=1886,45.74932503700256,7e99f75
var_snip4,11,307200,282,0.0851063829787234,213.59574468085106,891,0.0,97.74410774410775,891,0.0,97.33557800224467,3783,0,0,uniform=1905;sir=1886,45.74932503700256,7e99f75
var_snip4,11,368640,282,0.031914893617021274,183.0177304964539,891,0.0,106.27384960718294,891,0.0,106.29854096520764,3783,0,0,uniform=1905;sir=1886,45.74932503700256,7e99f75
var_snip4,11,430080,282,0.9858156028368794,496.78723404255317,891,0.856341189674523,441.0729517396184,891,0.8473625140291807,437.7721661054994,3783,0,0,uniform=1905;sir=1886,45.74932503700256,7e99f75
var_snip4,11,491520,282,0.9787234042553191,492.0744680851064,891,0.0,58.083052749719414,891,0.0,58.10662177328844,3783,0,0,uniform=1905;sir=1886,45.74932503700256,7e99f75
var_snip4,11,552960,282,0.9929078014184397,497.76241134751774,891,0.45230078563411896,265.42199775533106,891,0.4208754208754209,252.0,3783,0,0,uniform=1905;sir=1886,45.74932503700256,7e99f75
var_snip4,11,614400,282,0.9893617021276596,495.2695035460993,891,0.13468013468013468,121.18967452300785,891,0.14814814814814814,126.24803591470258,3783,0,0,uniform=1905;sir=1886,45.74932503700256,7e99f75
var_snip4,10,0,282,0.0,11.595744680851064,891,0.0,21.758698092031427,891,0.0,20.86195286195286,4159,0,0,uniform=2084;sir=2083,46.237993240356445,7e99f75
var_snip4,10,61440,282,0.2198581560283688,323.3014184397163,891,0.0,134.85858585858585,891,0.0,133.44668911335577,4159,0,0,uniform=2084;sir=2083,46.237993240356445,7e99f75
var_snip4,10,122880,282,0.04609929078014184,252.22695035460993,891,0.0,127.43658810325476,891,0.0,126.79124579124579,4159,0,0,uniform=2084;sir=2083,46.237993240356445,7e99f75
var_snip4,10,184320,282,0.05673758865248227,245.4290780141844,891,0.0,133.4848484848485,891,0.002244668911335578,133.9506172839506,4159,0,0,uniform=2084;sir=2083,46.237993240356445,7e99f75
var_snip4,10,245760,282,0.024822695035460994,205.46453900709218,891,0.0,110.17508417508418,891,0.0,109.71268237934905,4159,0,0,uniform=2084;sir=2083,46.237993240356445,7e99f75
var_snip4,10,307200,282,0.0673758865248227,252.94326241134752,891,0.001122334455667789,136.6060606060606,891,0.002244668911335578,136.30078563411897,4159,0,0,uniform=2084;sir=2083,46.237993240356445,7e99f75
var_snip4,10,368640,282,0.0673758865248227,283.8014184397163,891,0.06509539842873176,192.10998877665546,891,0.058361391694725026,189.76543209876544,4159,0,0,uniform=2084;sir=2083,46.237993240356445,7e99f75
var_snip4,10,430080,282,0.5070921985815603,428.290780141844,891,0.026936026936026935,176.5712682379349,891,0.025813692480359147,170.28058361391695,4159,0,0,uniform=2084;sir=2083,46.237993240356445,7e99f75
var_snip4,10,491520,282,0.8900709219858156,478.9255319148936,891,0.7867564534231201,414.3131313131313,891,0.7586980920314254,402.95061728395063,4159,0,0,uniform=2084;sir=2083,46.237993240356445,7e99f75
var_snip4,10,552960,282,0.9822695035460993,496.15602836879435,891,0.4624017957351291,274.24915824915826,891,0.4567901234567901,271.8047138047138,4159,0,0,uniform=2084;sir=2083,46.237993240356445,7e99f75
var_snip4,10,614400,282,0.9893617021276596,495.38652482269504,891,0.010101010101010102,66.993265993266,891,0.01122334455667789,67.46464646464646,4159,0,0,uniform=2084;sir=2083,46.237993240356445,7e99f75
var_low_po,9,0,282,0.0,25.340425531914892,891,0.0,17.87317620650954,891,0.0,18.365881032547698,3412,0,0,uniform=1764;sir=1656,48.67806100845337,7e99f75
var_low_po,9,61440,282,0.04964539007092199,229.11702127659575,891,0.0,118.83389450056117,891,0.0,118.00785634118968,3412,0,0,uniform=1764;sir=1656,48.67806100845337,7e99f75
var_low_po,9,122880,282,0.1099290780141844,278.49645390070924,891,0.026936026936026935,166.7171717171717,891,0.02356902356902357,166.31537598204264,3412,0,0,uniform=1764;sir=1656,48.67806100845337,7e99f75
var_low_po,9,184320,282,0.32269503546099293,302.1595744680851,891,0.0,145.86307519640852,891,0.001122334455667789,145.1885521885522,3412,0,0,uniform=1764;sir=1656,48.67806100845337,7e99f75
var_low_po,9,245760,282,0.0851063829787234,243.62765957446808,891,0.03367003367003367,164.71941638608305,891,0.030303030303030304,163.27384960718294,3412,0,0,uniform=1764;sir=1656,48.67806100845337,7e99f75
var_low_po,9,307200,282,0.40070921985815605,363.8936170212766,891,0.001122334455667789,87.0976430976431,891,0.0,85.71604938271605,3412,0,0,uniform=1764;sir=1656,48.67806100845337,7e99f75
var_low_po,9,368640,282,0.9645390070921985,489.9503546099291,891,0.051627384960718295,84.53198653198653,891,0.04040404040404041,79.13468013468014,3412,0,0,uniform=1764;sir=1656,48.67806100845337,7e99f75
var_low_po,9,430080,282,0.8829787234042553,476.09574468085106,891,0.03479236812570146,122.9270482603816,891,0.037037037037037035,120.71941638608305,3412,0,0,uniform=1764;sir=1656,48.67806100845337,7e99f75
var_low_po,9,491520,282,0.9822695035460993,493.6843971631206,891,0.07519640852974187,98.67115600448933,891,0.07407407407407407,98.03703703703704,3412,0,0,uniform=1764;sir=1656,48.67806100845337,7e99f75
var_low_po,9,552960,282,0.9361702127659575,491.0531914893617,891,0.3894500561167228,240.5050505050505,891,0.38608305274971944,238.70594837261504,3412,0,0,uniform=1764;sir=1656,48.67806100845337,7e99f75
var_low_po,9,614400,282,0.9893617021276596,495.24468085106383,891,0.04264870931537598,83.0909090909091,891,0.038159371492704826,81.327721661055,3412,0,0,uniform=1764;sir=1656,48.67806100845337,7e99f75
var_low_po,10,0,282,0.0,13.666666666666666,891,0.0,31.72951739618406,891,0.0,31.91358024691358,3302,0,0,uniform=1639;sir=1671,47.89414119720459,7e99f75
var_low_po,10,61440,282,0.031914893617021274,223.93971631205673,891,0.0,124.68013468013469,891,0.0,122.86980920314254,3302,0,0,uniform=1639;sir=1671,47.89414119720459,7e99f75
var_low_po,10,122880,282,0.04609929078014184,201.06028368794327,891,0.0,106.45454545454545,891,0.0,106.29405162738496,3302,0,0,uniform=1639;sir=1671,47.89414119720459,7e99f75
var_low_po,10,184320,282,0.3049645390070922,337.6914893617021,891,0.0,81.17283950617283,891,0.0,79.27160493827161,3302,0,0,uniform=1639;sir=1671,47.89414119720459,7e99f75
var_low_po,10,245760,282,0.11702127659574468,249.8758865248227,891,0.038159371492704826,204.92592592592592,891,0.04713804713804714,204.20089786756452,3302,0,0,uniform=1639;sir=1671,47.89414119720459,7e99f75
var_low_po,10,307200,282,0.3262411347517731,370.7411347517731,891,0.007856341189674524,96.48484848484848,891,0.001122334455667789,93.20538720538721,3302,0,0,uniform=1639;sir=1671,47.89414119720459,7e99f75
var_low_po,10,368640,282,0.7163120567375887,441.79432624113474,891,0.0,55.67789001122335,891,0.0,55.68125701459035,3302,0,0,uniform=1639;sir=1671,47.89414119720459,7e99f75
var_low_po,10,430080,282,0.7943262411347518,457.52836879432624,891,0.25252525252525254,187.39281705948372,891,0.24242424242424243,180.99214365881033,3302,0,0,uniform=1639;sir=1671,47.89414119720459,7e99f75
var_low_po,10,491520,282,0.875886524822695,470.36879432624113,891,0.02356902356902357,70.43097643097643,891,0.016835016835016835,66.63187429854096,3302,0,0,uniform=1639;sir=1671,47.89414119720459,7e99f75
var_low_po,10,552960,282,0.9680851063829787,490.0496453900709,891,0.2031425364758698,153.662177328844,891,0.2053872053872054,154.13131313131314,3302,0,0,uniform=1639;sir=1671,47.89414119720459,7e99f75
var_low_po,10,614400,282,0.9219858156028369,477.36524822695037,891,0.8585858585858586,442.64646464646466,891,0.8406285072951739,435.47699214365883,3302,0,0,uniform=1639;sir=1671,47.89414119720459,7e99f75
var_snip4,12,0,282,0.0,13.574468085106384,891,0.0,31.567901234567902,891,0.0,31.677890011223344,3613,0,0,uniform=1828;sir=1793,40.85867190361023,7e99f75
var_snip4,12,61440,282,0.07801418439716312,239.8581560283688,891,0.0,107.04938271604938,891,0.0,106.56902356902357,3613,0,0,uniform=1828;sir=1793,40.85867190361023,7e99f75
var_snip4,12,122880,282,0.6737588652482269,445.1170212765957,891,0.18069584736251404,256.1750841750842,891,0.17620650953984288,253.7138047138047,3613,0,0,uniform=1828;sir=1793,40.85867190361023,7e99f75
var_snip4,12,184320,282,0.028368794326241134,232.77304964539007,891,0.0,117.2648709315376,891,0.0,116.82042648709316,3613,0,0,uniform=1828;sir=1793,40.85867190361023,7e99f75
var_snip4,12,245760,282,0.3191489361702128,383.23758865248226,891,0.0,133.25476992143658,891,0.0,133.41077441077442,3613,0,0,uniform=1828;sir=1793,40.85867190361023,7e99f75
var_snip4,12,307200,282,0.9858156028368794,495.1099290780142,891,0.23793490460157127,173.78002244668912,891,0.2222222222222222,166.12794612794613,3613,0,0,uniform=1828;sir=1793,40.85867190361023,7e99f75
var_snip4,12,368640,282,0.9148936170212766,487.93971631205676,891,0.5095398428731762,368.2749719416386,891,0.49158249158249157,359.5746352413019,3613,0,0,uniform=1828;sir=1793,40.85867190361023,7e99f75
var_snip4,12,430080,282,0.7836879432624113,456.37943262411346,891,0.2850729517396184,225.3759820426487,891,0.29180695847362514,226.75757575757575,3613,0,0,uniform=1828;sir=1793,40.85867190361023,7e99f75
var_snip4,12,491520,282,0.9893617021276596,496.13120567375887,891,0.8327721661054994,434.0628507295174,891,0.8305274971941639,432.010101010101,3613,0,0,uniform=1828;sir=1793,40.85867190361023,7e99f75
var_snip4,12,552960,282,0.9787234042553191,493.290780141844,891,0.08641975308641975,105.74074074074075,891,0.0920314253647587,107.8361391694725,3613,0,0,uniform=1828;sir=1793,40.85867190361023,7e99f75
var_snip4,12,614400,282,0.9326241134751773,491.00354609929076,891,0.31313131313131315,222.2334455667789,891,0.2783389450056117,207.61167227833894,3613,0,0,uniform=1828;sir=1793,40.85867190361023,7e99f75
var_low_po,11,0,282,0.0,13.854609929078014,891,0.0,34.67115600448934,891,0.0,35.621773288439954,3202,0,0,uniform=1612;sir=1598,43.838608741760254,7e99f75
var_low_po,11,61440,282,0.11702127659574468,269.18794326241135,891,0.0,126.08866442199775,891,0.001122334455667789,126.38271604938272,3202,0,0,uniform=1612;sir=1598,43.838608741760254,7e99f75
var_low_po,11,122880,282,0.13120567375886524,275.7340425531915,891,0.026936026936026935,131.6195286195286,891,0.02132435465768799,129.0561167227834,3202,0,0,uniform=1612;sir=1598,43.838608741760254,7e99f75
var_low_po,11,184320,282,0.0425531914893617,255.34751773049646,891,0.0,120.95622895622895,891,0.0,120.73400673400674,3202,0,0,uniform=1612;sir=1598,43.838608741760254,7e99f75
var_low_po,11,245760,282,0.7127659574468085,464.8900709219858,891,0.019079685746352413,121.46576879910214,891,0.029180695847362513,124.7598204264871,3202,0,0,uniform=1612;sir=1598,43.838608741760254,7e99f75
var_low_po,11,307200,282,0.5319148936170213,429.4751773049645,891,0.45454545454545453,355.09315375982044,891,0.45230078563411896,351.6936026936027,3202,0,0,uniform=1612;sir=1598,43.838608741760254,7e99f75
var_low_po,11,368640,282,0.6985815602836879,451.2659574468085,891,0.0931537598204265,176.01571268237936,891,0.10213243546576879,179.50280583613917,3202,0,0,uniform=1612;sir=1598,43.838608741760254,7e99f75
var_low_po,11,430080,282,0.9858156028368794,496.84751773049646,891,0.3389450056116723,256.5656565656566,891,0.3490460157126824,258.324354657688,3202,0,0,uniform=1612;sir=1598,43.838608741760254,7e99f75
var_low_po,11,491520,282,0.900709219858156,477.5,891,0.2615039281705948,206.28731762065095,891,0.24691358024691357,204.19640852974186,3202,0,0,uniform=1612;sir=1598,43.838608741760254,7e99f75
var_low_po,11,552960,282,0.9787234042553191,490.4113475177305,891,0.04040404040404041,77.12570145903479,891,0.04152637485970819,77.09315375982042,3202,0,0,uniform=1612;sir=1598,43.838608741760254,7e99f75
var_low_po,11,614400,282,0.9929078014184397,496.8829787234043,891,0.03479236812570146,75.33557800224467,891,0.024691358024691357,71.5297418630752,3202,0,0,uniform=1612;sir=1598,43.838608741760254,7e99f75
var_low_po,12,0,282,0.0,13.414893617021276,891,0.0,32.91806958473625,891,0.0,33.00673400673401,3370,0,0,uniform=1626;sir=1752,43.23579287528992,7e99f75
var_low_po,12,61440,282,0.03546099290780142,208.4822695035461,891,0.0,106.51066217732884,891,0.0,105.42199775533109,3370,0,0,uniform=1626;sir=1752,43.23579287528992,7e99f75
var_low_po,12,122880,282,0.07092198581560284,228.2659574468085,891,0.0,121.88215488215488,891,0.0,121.85409652076319,3370,0,0,uniform=1626;sir=1752,43.23579287528992,7e99f75
var_low_po,12,184320,282,0.12056737588652482,304.7730496453901,891,0.0,121.40179573512907,891,0.0,122.8361391694725,3370,0,0,uniform=1626;sir=1752,43.23579287528992,7e99f75
var_low_po,12,245760,282,0.4574468085106383,403.98581560283685,891,0.2143658810325477,222.55892255892255,891,0.1728395061728395,208.53872053872053,3370,0,0,uniform=1626;sir=1752,43.23579287528992,7e99f75
var_low_po,12,307200,282,0.9787234042553191,495.3936170212766,891,0.17059483726150393,144.8114478114478,891,0.1627384960718294,141.25589225589226,3370,0,0,uniform=1626;sir=1752,43.23579287528992,7e99f75
var_low_po,12,368640,282,0.9858156028368794,497.56382978723406,891,0.7317620650953984,389.969696969697,891,0.7250280583613917,387.973063973064,3370,0,0,uniform=1626;sir=1752,43.23579287528992,7e99f75
var_low_po,12,430080,282,0.9787234042553191,496.20212765957444,891,0.8956228956228957,457.86083052749717,891,0.8843995510662177,453.4523007856341,3370,0,0,uniform=1626;sir=1752,43.23579287528992,7e99f75
var_low_po,12,491520,282,0.9893617021276596,496.84751773049646,891,0.31986531986531985,212.41077441077442,891,0.30864197530864196,206.23120089786755,3370,0,0,uniform=1626;sir=1752,43.23579287528992,7e99f75
var_low_po,12,552960,282,0.9929078014184397,498.28014184397165,891,0.42536475869809204,251.93153759820427,891,0.4276094276094276,252.43658810325476,3370,0,0,uniform=1626;sir=1752,43.23579287528992,7e99f75
var_low_po,12,614400,282,0.9822695035460993,495.8404255319149,891,0.4657687991021324,268.64646464646466,891,0.45791245791245794,264.65544332211,3370,0,0,uniform=1626;sir=1752,43.23579287528992,7e99f75
var_snip4,13,0,282,0.0,45.148936170212764,891,0.0,21.734006734006734,891,0.0,21.653198653198654,3627,0,0,uniform=1818;sir=1817,40.96626400947571,7e99f75
var_snip4,13,61440,282,0.04609929078014184,197.60638297872342,891,0.0,98.7317620650954,891,0.0,98.37373737373737,3627,0,0,uniform=1818;sir=1817,40.96626400947571,7e99f75
var_snip4,13,122880,282,0.6914893617021277,460.63829787234044,891,0.2727272727272727,317.699214365881,891,0.24579124579124578,314.6666666666667,3627,0,0,uniform=1818;sir=1817,40.96626400947571,7e99f75
var_snip4,13,184320,282,0.3971631205673759,388.38652482269504,891,0.001122334455667789,162.35353535353536,891,0.0,160.70931537598204,3627,0,0,uniform=1818;sir=1817,40.96626400947571,7e99f75
var_snip4,13,245760,282,0.40425531914893614,347.48581560283685,891,0.001122334455667789,109.16498316498317,891,0.0,108.3063973063973,3627,0,0,uniform=1818;sir=1817,40.96626400947571,7e99f75
var_snip4,13,307200,282,0.20921985815602837,344.40425531914894,891,0.0,149.18967452300785,891,0.0,146.42648709315375,3627,0,0,uniform=1818;sir=1817,40.96626400947571,7e99f75
var_snip4,13,368640,282,0.1099290780141844,283.0886524822695,891,0.0,131.81369248035915,891,0.0,131.91919191919192,3627,0,0,uniform=1818;sir=1817,40.96626400947571,7e99f75
var_snip4,13,430080,282,0.975177304964539,494.36524822695037,891,0.015712682379349047,67.87429854096521,891,0.017957351290684626,68.87991021324355,3627,0,0,uniform=1818;sir=1817,40.96626400947571,7e99f75
var_snip4,13,491520,282,0.9893617021276596,495.33687943262413,891,0.2053872053872054,154.2020202020202,891,0.2222222222222222,160.84848484848484,3627,0,0,uniform=1818;sir=1817,40.96626400947571,7e99f75
var_snip4,13,552960,282,0.9858156028368794,494.6737588652482,891,0.003367003367003367,61.544332210998874,891,0.003367003367003367,61.27721661054994,3627,0,0,uniform=1818;sir=1817,40.96626400947571,7e99f75
var_snip4,13,614400,282,0.9964539007092199,498.4148936170213,891,0.5578002244668911,312.57126823793493,891,0.5656565656565656,316.023569023569,3627,0,0,uniform=1818;sir=1817,40.96626400947571,7e99f75
var_low_po,13,0,282,0.0,13.379432624113475,891,0.0,32.97755331088664,891,0.0,32.91358024691358,3262,0,0,uniform=1705;sir=1565,43.237513065338135,7e99f75
var_low_po,13,61440,282,0.04964539007092199,249.4113475177305,891,0.0,130.79012345679013,891,0.0,129.54433221099887,3262,0,0,uniform=1705;sir=1565,43.237513065338135,7e99f75
var_low_po,13,122880,282,0.0425531914893617,203.30141843971631,891,0.0,108.88439955106622,891,0.0,108.53759820426487,3262,0,0,uniform=1705;sir=1565,43.237513065338135,7e99f75
var_low_po,13,184320,282,0.475177304964539,400.7304964539007,891,0.26374859708193044,280.8810325476992,891,0.22671156004489337,269.39618406285075,3262,0,0,uniform=1705;sir=1565,43.237513065338135,7e99f75
var_low_po,13,245760,282,0.35106382978723405,361.5673758865248,891,0.41414141414141414,366.611672278339,891,0.3984287317620651,361.26038159371495,3262,0,0,uniform=1705;sir=1565,43.237513065338135,7e99f75
var_low_po,13,307200,282,0.07801418439716312,238.63475177304966,891,0.016835016835016835,147.0628507295174,891,0.025813692480359147,150.56902356902356,3262,0,0,uniform=1705;sir=1565,43.237513065338135,7e99f75
var_low_po,13,368640,282,0.24468085106382978,303.2411347517731,891,0.002244668911335578,97.96969696969697,891,0.005611672278338945,99.28956228956228,3262,0,0,uniform=1705;sir=1565,43.237513065338135,7e99f75
var_low_po,13,430080,282,0.6560283687943262,424.8085106382979,891,0.3288439955106622,235.88327721661054,891,0.3063973063973064,232.03254769921438,3262,0,0,uniform=1705;sir=1565,43.237513065338135,7e99f75
var_low_po,13,491520,282,0.5319148936170213,354.54609929078015,891,0.35353535353535354,273.81257014590346,891,0.3557800224466891,272.12008978675647,3262,0,0,uniform=1705;sir=1565,43.237513065338135,7e99f75
var_low_po,13,552960,282,0.9964539007092199,498.45390070921985,891,0.531986531986532,304.1975308641975,891,0.5061728395061729,292.9910213243547,3262,0,0,uniform=1705;sir=1565,43.237513065338135,7e99f75
var_low_po,13,614400,282,0.8829787234042553,478.177304964539,891,0.5263748597081931,295.2716049382716,891,0.5162738496071829,291.672278338945,3262,0,0,uniform=1705;sir=1565,43.237513065338135,7e99f75
var_snip4,14,0,282,0.0,61.255319148936174,891,0.0,29.947250280583614,891,0.0,29.8989898989899,3565,0,0,uniform=1777;sir=1796,42.176244020462036,7e99f75
var_snip4,14,61440,282,0.14893617021276595,279.209219858156,891,0.0,129.2884399551066,891,0.0,127.8361391694725,3565,0,0,uniform=1777;sir=1796,42.176244020462036,7e99f75
var_snip4,14,122880,282,0.19148936170212766,321.1808510638298,891,0.04264870931537598,207.62962962962962,891,0.04713804713804714,203.07407407407408,3565,0,0,uniform=1777;sir=1796,42.176244020462036,7e99f75
var_snip4,14,184320,282,0.4148936170212766,390.6950354609929,891,0.001122334455667789,161.2817059483726,891,0.0,159.86307519640852,3565,0,0,uniform=1777;sir=1796,42.176244020462036,7e99f75
var_snip4,14,245760,282,0.10638297872340426,289.6276595744681,891,0.29180695847362514,243.59147025813692,891,0.2850729517396184,242.85858585858585,3565,0,0,uniform=1777;sir=1796,42.176244020462036,7e99f75
var_snip4,14,307200,282,0.34397163120567376,383.6595744680851,891,0.0,159.65319865319864,891,0.0,156.8742985409652,3565,0,0,uniform=1777;sir=1796,42.176244020462036,7e99f75
var_snip4,14,368640,282,0.9964539007092199,499.25531914893617,891,0.5387205387205387,305.52300785634117,891,0.5387205387205387,305.24017957351293,3565,0,0,uniform=1777;sir=1796,42.176244020462036,7e99f75
var_snip4,14,430080,282,0.9858156028368794,496.86170212765956,891,0.8855218855218855,453.75982042648707,891,0.8686868686868687,446.5634118967452,3565,0,0,uniform=1777;sir=1796,42.176244020462036,7e99f75
var_snip4,14,491520,282,0.9858156028368794,494.90425531914894,891,0.1750841750841751,147.2020202020202,891,0.1717171717171717,145.48597081930416,3565,0,0,uniform=1777;sir=1796,42.176244020462036,7e99f75
var_snip4,14,552960,282,0.9858156028368794,494.54609929078015,891,0.0,57.774410774410775,891,0.001122334455667789,57.58810325476992,3565,0,0,uniform=1777;sir=1796,42.176244020462036,7e99f75
var_snip4,14,614400,282,0.9893617021276596,496.6489361702128,891,0.9270482603815937,471.2345679012346,891,0.9147025813692481,465.7250280583614,3565,0,0,uniform=1777;sir=1796,42.176244020462036,7e99f75
var_snip4,15,0,282,0.0,17.75531914893617,891,0.0,39.77216610549944,891,0.0,39.464646464646464,3884,0,0,uniform=1911;sir=1981,40.541313886642456,7e99f75
var_snip4,15,61440,282,0.0425531914893617,214.65248226950354,891,0.0,105.58024691358025,891,0.0,105.04489337822672,3884,0,0,uniform=1911;sir=1981,40.541313886642456,7e99f75
var_snip4,15,122880,282,0.09929078014184398,274.9113475177305,891,0.0,126.09652076318743,891,0.0,125.32323232323232,3884,0,0,uniform=1911;sir=1981,40.541313886642456,7e99f75
var_snip4,15,184320,282,0.01773049645390071,193.52482269503545,891,0.0,133.337822671156,891,0.002244668911335578,132.986531986532,3884,0,0,uniform=1911;sir=1981,40.541313886642456,7e99f75
var_snip4,15,245760,282,0.028368794326241134,210.2695035460993,891,0.0,116.2368125701459,891,0.0,115.84062850729518,3884,0,0,uniform=1911;sir=1981,40.541313886642456,7e99f75
var_snip4,15,307200,282,0.3333333333333333,391.822695035461,891,0.0,66.7384960718294,891,0.0,66.71043771043772,3884,0,0,uniform=1911;sir=1981,40.541313886642456,7e99f75
var_snip4,15,368640,282,0.9964539007092199,498.4113475177305,891,0.40179573512906847,245.32210998877665,891,0.3838383838383838,239.01683501683502,3884,0,0,uniform=1911;sir=1981,40.541313886642456,7e99f75
var_snip4,15,430080,282,0.9822695035460993,497.89716312056737,891,0.5611672278338945,313.1324354657688,891,0.5230078563411896,298.1930415263749,3884,0,0,uniform=1911;sir=1981,40.541313886642456,7e99f75
var_snip4,15,491520,282,0.9929078014184397,496.9255319148936,891,0.15937149270482603,138.7104377104377,891,0.16835016835016836,141.27384960718294,3884,0,0,uniform=1911;sir=1981,40.541313886642456,7e99f75
var_snip4,15,552960,282,0.9822695035460993,493.36524822695037,891,0.002244668911335578,56.59034792368126,891,0.0,56.12682379349046,3884,0,0,uniform=1911;sir=1981,40.541313886642456,7e99f75
var_snip4,15,614400,282,0.9858156028368794,495.0070921985816,891,0.001122334455667789,57.29405162738496,891,0.0,56.906846240179576,3884,0,0,uniform=1911;sir=1981,40.541313886642456,7e99f75
var_low_po,14,0,282,0.0,13.840425531914894,891,0.0,32.93827160493827,891,0.0,32.82491582491583,3489,0,0,uniform=1731;sir=1766,43.87054204940796,7e99f75
var_low_po,14,61440,282,0.05319148936170213,206.37234042553192,891,0.0,101.00897867564534,891,0.0,100.46127946127946,3489,0,0,uniform=1731;sir=1766,43.87054204940796,7e99f75
var_low_po,14,122880,282,0.34397163120567376,365.41843971631204,891,0.26038159371492703,274.04040404040404,891,0.23905723905723905,269.5084175084175,3489,0,0,uniform=1731;sir=1766,43.87054204940796,7e99f75
var_low_po,14,184320,282,0.5602836879432624,386.59929078014187,891,0.691358024691358,395.4938271604938,891,0.6947250280583613,392.26262626262627,3489,0,0,uniform=1731;sir=1766,43.87054204940796,7e99f75
var_low_po,14,245760,282,0.12411347517730496,259.98581560283685,891,0.0,110.05723905723906,891,0.0,108.90460157126824,3489,0,0,uniform=1731;sir=1766,43.87054204940796,7e99f75
var_low_po,14,307200,282,0.0425531914893617,201.9964539007092,891,0.005611672278338945,126.99102132435466,891,0.005611672278338945,126.45230078563412,3489,0,0,uniform=1731;sir=1766,43.87054204940796,7e99f75
var_low_po,14,368640,282,0.4078014184397163,341.3829787234043,891,0.005611672278338945,115.20089786756454,891,0.001122334455667789,113.04489337822672,3489,0,0,uniform=1731;sir=1766,43.87054204940796,7e99f75
var_low_po,14,430080,282,0.9042553191489362,476.9113475177305,891,0.01122334455667789,139.6161616161616,891,0.007856341189674524,138.62514029180696,3489,0,0,uniform=1731;sir=1766,43.87054204940796,7e99f75
var_low_po,14,491520,282,0.776595744680851,451.42198581560285,891,0.04377104377104377,143.7598204264871,891,0.06060606060606061,145.83501683501683,3489,0,0,uniform=1731;sir=1766,43.87054204940796,7e99f75
var_low_po,14,552960,282,0.9822695035460993,493.3333333333333,891,0.39057239057239057,241.46913580246914,891,0.3681257014590348,231.76543209876544,3489,0,0,uniform=1731;sir=1766,43.87054204940796,7e99f75
var_low_po,14,614400,282,0.723404255319149,451.97872340425533,891,0.7306397306397306,400.5993265993266,891,0.7115600448933782,391.99887766554434,3489,0,0,uniform=1731;sir=1766,43.87054204940796,7e99f75
var_low_po,15,0,282,0.0,16.19503546099291,891,0.0,35.290684624017956,891,0.0,35.427609427609426,3383,0,0,uniform=1655;sir=1736,44.64719200134277,7e99f75
var_low_po,15,61440,282,0.19148936170212766,302.2517730496454,891,0.0,127.95959595959596,891,0.0,125.73063973063974,3383,0,0,uniform=1655;sir=1736,44.64719200134277,7e99f75
var_low_po,15,122880,282,0.1276595744680851,287.0673758865248,891,0.0,142.88664421997754,891,0.0,141.8709315375982,3383,0,0,uniform=1655;sir=1736,44.64719200134277,7e99f75
var_low_po,15,184320,282,0.2375886524822695,350.2340425531915,891,0.002244668911335578,151.65544332211,891,0.002244668911335578,152.9719416386083,3383,0,0,uniform=1655;sir=1736,44.64719200134277,7e99f75
var_low_po,15,245760,282,0.29432624113475175,322.6276595744681,891,0.037037037037037035,138.70482603815938,891,0.037037037037037035,136.37037037037038,3383,0,0,uniform=1655;sir=1736,44.64719200134277,7e99f75
var_low_po,15,307200,282,0.1276595744680851,257.59574468085106,891,0.08529741863075196,199.35016835016836,891,0.07295173961840629,195.58922558922558,3383,0,0,uniform=1655;sir=1736,44.64719200134277,7e99f75
var_low_po,15,368640,282,0.4397163120567376,384.04609929078015,891,0.19753086419753085,278.73625140291807,891,0.18967452300785634,274.79910213243545,3383,0,0,uniform=1655;sir=1736,44.64719200134277,7e99f75
var_low_po,15,430080,282,0.9929078014184397,497.6489361702128,891,0.8372615039281706,434.9674523007856,891,0.8260381593714927,430.1885521885522,3383,0,0,uniform=1655;sir=1736,44.64719200134277,7e99f75
var_low_po,15,491520,282,0.9929078014184397,498.5070921985816,891,0.4769921436588103,277.57575757575756,891,0.4668911335578002,272.7519640852974,3383,0,0,uniform=1655;sir=1736,44.64719200134277,7e99f75
var_low_po,15,552960,282,0.9893617021276596,496.2482269503546,891,0.34118967452300786,213.56341189674524,891,0.3501683501683502,216.8597081930415,3383,0,0,uniform=1655;sir=1736,44.64719200134277,7e99f75
var_low_po,15,614400,282,0.9574468085106383,487.63829787234044,891,0.02132435465768799,71.8047138047138,891,0.02244668911335578,71.89113355780023,3383,0,0,uniform=1655;sir=1736,44.64719200134277,7e99f75
var_snip4,16,0,282,0.0,38.03191489361702,891,0.0,44.48372615039282,891,0.0,44.668911335578,3643,0,0,uniform=1781;sir=1870,41.66481018066406,7e99f75
var_snip4,16,61440,282,0.4219858156028369,412.6808510638298,891,0.0,157.09203142536475,891,0.001122334455667789,152.3771043771044,3643,0,0,uniform=1781;sir=1870,41.66481018066406,7e99f75
var_snip4,16,122880,282,0.2553191489361702,342.71276595744683,891,0.0,143.7250280583614,891,0.0,143.0,3643,0,0,uniform=1781;sir=1870,41.66481018066406,7e99f75
var_snip4,16,184320,282,0.925531914893617,483.47163120567376,891,0.5566778900112234,321.5084175084175,891,0.5230078563411896,308.4949494949495,3643,0,0,uniform=1781;sir=1870,41.66481018066406,7e99f75
var_snip4,16,245760,282,0.9574468085106383,491.1418439716312,891,0.7564534231200898,402.023569023569,891,0.7463524130190797,397.83052749719417,3643,0,0,uniform=1781;sir=1870,41.66481018066406,7e99f75
var_snip4,16,307200,282,0.13120567375886524,294.5744680851064,891,0.0,123.07856341189675,891,0.0,122.19977553310886,3643,0,0,uniform=1781;sir=1870,41.66481018066406,7e99f75
var_snip4,16,368640,282,0.9893617021276596,497.15602836879435,891,0.2558922558922559,179.26150392817058,891,0.2166105499438833,163.63187429854096,3643,0,0,uniform=1781;sir=1870,41.66481018066406,7e99f75
var_snip4,16,430080,282,0.9858156028368794,493.63829787234044,891,0.001122334455667789,56.36026936026936,891,0.001122334455667789,56.063973063973066,3643,0,0,uniform=1781;sir=1870,41.66481018066406,7e99f75
var_snip4,16,491520,282,0.975177304964539,494.7340425531915,891,0.3400673400673401,286.2042648709315,891,0.31874298540965207,280.86307519640854,3643,0,0,uniform=1781;sir=1870,41.66481018066406,7e99f75
var_snip4,16,552960,282,0.9893617021276596,498.1063829787234,891,0.48484848484848486,282.4646464646465,891,0.4590347923681257,271.307519640853,3643,0,0,uniform=1781;sir=1870,41.66481018066406,7e99f75
var_snip4,16,614400,282,0.9893617021276596,496.57801418439715,891,0.6442199775533108,352.20763187429856,891,0.6161616161616161,340.4601571268238,3643,0,0,uniform=1781;sir=1870,41.66481018066406,7e99f75
var_low_po,16,0,282,0.0,13.457446808510639,891,0.0,33.033670033670035,891,0.0,32.886644219977555,3108,0,0,uniform=1558;sir=1558,44.04536700248718,7e99f75
var_low_po,16,61440,282,0.37943262411347517,358.09574468085106,891,0.31200897867564537,261.81481481481484,891,0.3176206509539843,259.65432098765433,3108,0,0,uniform=1558;sir=1558,44.04536700248718,7e99f75
var_low_po,16,122880,282,0.6028368794326241,439.06382978723406,891,0.08978675645342311,191.62962962962962,891,0.09876543209876543,197.45566778900113,3108,0,0,uniform=1558;sir=1558,44.04536700248718,7e99f75
var_low_po,16,184320,282,0.04964539007092199,234.39361702127658,891,0.0,117.0280583613917,891,0.0,115.58473625140292,3108,0,0,uniform=1558;sir=1558,44.04536700248718,7e99f75
var_low_po,16,245760,282,0.5283687943262412,420.1985815602837,891,0.07295173961840629,155.55667789001123,891,0.0819304152637486,157.92592592592592,3108,0,0,uniform=1558;sir=1558,44.04536700248718,7e99f75
var_low_po,16,307200,282,0.8687943262411347,476.33687943262413,891,0.07856341189674523,146.27272727272728,891,0.08529741863075196,147.69023569023568,3108,0,0,uniform=1558;sir=1558,44.04536700248718,7e99f75
var_low_po,16,368640,282,0.9609929078014184,493.790780141844,891,0.4062850729517396,253.16947250280583,891,0.4118967452300786,251.49943883277217,3108,0,0,uniform=1558;sir=1558,44.04536700248718,7e99f75
var_low_po,16,430080,282,0.9822695035460993,493.70212765957444,891,0.2671156004489338,184.76206509539844,891,0.26823793490460157,184.675645342312,3108,0,0,uniform=1558;sir=1558,44.04536700248718,7e99f75
var_low_po,16,491520,282,0.9432624113475178,481.2482269503546,891,0.4994388327721661,286.4421997755331,891,0.4837261503928171,279.2042648709315,3108,0,0,uniform=1558;sir=1558,44.04536700248718,7e99f75
var_low_po,16,552960,282,0.9858156028368794,493.6418439716312,891,0.004489337822671156,59.10437710437711,891,0.001122334455667789,57.69023569023569,3108,0,0,uniform=1558;sir=1558,44.04536700248718,7e99f75
var_low_po,16,614400,282,0.8404255319148937,450.3581560283688,891,0.5622895622895623,312.46576879910214,891,0.5185185185185185,293.4231200897868,3108,0,0,uniform=1558;sir=1558,44.04536700248718,7e99f75
var_snip4,17,0,282,0.0,15.560283687943262,891,0.0,42.25364758698092,891,0.0,42.55331088664422,3779,0,0,uniform=1828;sir=1959,41.50487494468689,7e99f75
var_snip4,17,61440,282,0.09219858156028368,260.22340425531917,891,0.0,119.79349046015713,891,0.0,119.03703703703704,3779,0,0,uniform=1828;sir=1959,41.50487494468689,7e99f75
var_snip4,17,122880,282,0.0425531914893617,224.0,891,0.0,108.9753086419753,891,0.0,108.44107744107744,3779,0,0,uniform=1828;sir=1959,41.50487494468689,7e99f75
var_snip4,17,184320,282,0.9432624113475178,493.5390070921986,891,0.4006734006734007,325.68125701459036,891,0.37373737373737376,318.6801346801347,3779,0,0,uniform=1828;sir=1959,41.50487494468689,7e99f75
var_snip4,17,245760,282,0.1453900709219858,330.47872340425533,891,0.04826038159371493,175.9405162738496,891,0.037037037037037035,173.00785634118967,3779,0,0,uniform=1828;sir=1959,41.50487494468689,7e99f75
var_snip4,17,307200,282,0.07801418439716312,275.6276595744681,891,0.006734006734006734,143.87317620650953,891,0.006734006734006734,143.22109988776654,3779,0,0,uniform=1828;sir=1959,41.50487494468689,7e99f75
var_snip4,17,368640,282,0.10283687943262411,290.78014184397165,891,0.0,145.4882154882155,891,0.001122334455667789,145.43434343434345,3779,0,0,uniform=1828;sir=1959,41.50487494468689,7e99f75
var_snip4,17,430080,282,0.9893617021276596,498.3085106382979,891,0.6498316498316499,353.618406285073,891,0.621773288439955,342.02918069584734,3779,0,0,uniform=1828;sir=1959,41.50487494468689,7e99f75
var_snip4,17,491520,282,0.9787234042553191,494.6276595744681,891,0.7384960718294051,393.80808080808083,891,0.7317620650953984,391.1818181818182,3779,0,0,uniform=1828;sir=1959,41.50487494468689,7e99f75
var_snip4,17,552960,282,0.9929078014184397,498.8723404255319,891,0.9102132435465768,463.979797979798,891,0.9012345679012346,460.1907968574635,3779,0,0,uniform=1828;sir=1959,41.50487494468689,7e99f75
var_snip4,17,614400,282,0.6985815602836879,450.1063829787234,891,0.37485970819304154,271.4567901234568,891,0.37149270482603813,268.4758698092031,3779,0,0,uniform=1828;sir=1959,41.50487494468689,7e99f75
var_snip4,18,0,282,0.0,13.904255319148936,891,0.0,18.707070707070706,891,0.0,19.28956228956229,3574,0,0,uniform=1784;sir=1798,41.46378684043884,7e99f75
var_snip4,18,61440,282,0.13120567375886524,280.4822695035461,891,0.0,115.61728395061728,891,0.0,114.71941638608305,3574,0,0,uniform=1784;sir=1798,41.46378684043884,7e99f75
var_snip4,18,122880,282,0.1950354609929078,308.98581560283685,891,0.0,130.6374859708193,891,0.0,129.43097643097644,3574,0,0,uniform=1784;sir=1798,41.46378684043884,7e99f75
var_snip4,18,184320,282,0.9822695035460993,496.28014184397165,891,0.6644219977553311,361.30415263748597,891,0.6711560044893379,363.6206509539843,3574,0,0,uniform=1784;sir=1798,41.46378684043884,7e99f75
var_snip4,18,245760,282,0.9361702127659575,491.0177304964539,891,0.9304152637485971,472.54208754208753,891,0.9090909090909091,463.9584736251403,3574,0,0,uniform=1784;sir=1798,41.46378684043884,7e99f75
var_snip4,18,307200,282,0.8971631205673759,487.31205673758865,891,0.013468013468013467,76.99214365881032,891,0.010101010101010102,78.46913580246914,3574,0,0,uniform=1784;sir=1798,41.46378684043884,7e99f75
var_snip4,18,368640,282,0.031914893617021274,222.6631205673759,891,0.007856341189674524,153.93153759820427,891,0.014590347923681257,154.02356902356902,3574,0,0,uniform=1784;sir=1798,41.46378684043884,7e99f75
var_snip4,18,430080,282,0.9609929078014184,484.66312056737587,891,0.001122334455667789,55.97979797979798,891,0.0,55.562289562289564,3574,0,0,uniform=1784;sir=1798,41.46378684043884,7e99f75
var_snip4,18,491520,282,0.9822695035460993,496.36170212765956,891,0.7194163860830527,386.8114478114478,891,0.712682379349046,383.81705948372615,3574,0,0,uniform=1784;sir=1798,41.46378684043884,7e99f75
var_snip4,18,552960,282,0.13829787234042554,356.64539007092196,891,0.0,258.7901234567901,891,0.0,256.85634118967454,3574,0,0,uniform=1784;sir=1798,41.46378684043884,7e99f75
var_snip4,18,614400,282,0.9858156028368794,494.71276595744683,891,0.016835016835016835,69.5679012345679,891,0.019079685746352413,70.18181818181819,3574,0,0,uniform=1784;sir=1798,41.46378684043884,7e99f75
var_low_po,18,0,282,0.0,28.0,891,0.0,34.64983164983165,891,0.0,34.5959595959596,3549,0,0,uniform=1774;sir=1783,43.4603009223938,7e99f75
var_low_po,18,61440,282,0.04964539007092199,203.13120567375887,891,0.0,105.27833894500561,891,0.0,104.21885521885523,3549,0,0,uniform=1774;sir=1783,43.4603009223938,7e99f75
var_low_po,18,122880,282,0.031914893617021274,209.06737588652481,891,0.0,110.79573512906846,891,0.0,110.4702581369248,3549,0,0,uniform=1774;sir=1783,43.4603009223938,7e99f75
var_low_po,18,184320,282,0.04609929078014184,247.96453900709218,891,0.0,122.22109988776656,891,0.0,123.34343434343434,3549,0,0,uniform=1774;sir=1783,43.4603009223938,7e99f75
var_low_po,18,245760,282,0.09574468085106383,274.6489361702128,891,0.0,140.63860830527497,891,0.0,140.64983164983164,3549,0,0,uniform=1774;sir=1783,43.4603009223938,7e99f75
var_low_po,18,307200,282,0.9893617021276596,497.43617021276594,891,0.47474747474747475,296.7429854096521,891,0.4612794612794613,283.96632996632997,3549,0,0,uniform=1774;sir=1783,43.4603009223938,7e99f75
var_low_po,18,368640,282,0.9858156028368794,496.20567375886526,891,0.6588103254769921,357.32547699214365,891,0.6296296296296297,344.57800224466894,3549,0,0,uniform=1774;sir=1783,43.4603009223938,7e99f75
var_low_po,18,430080,282,0.9361702127659575,485.93971631205676,891,0.7811447811447811,410.81481481481484,891,0.7732884399551067,406.47474747474746,3549,0,0,uniform=1774;sir=1783,43.4603009223938,7e99f75
var_low_po,18,491520,282,0.9326241134751773,486.0851063829787,891,0.44668911335578004,280.2918069584736,891,0.42424242424242425,273.003367003367,3549,0,0,uniform=1774;sir=1783,43.4603009223938,7e99f75
var_low_po,18,552960,282,0.9893617021276596,496.1489361702128,891,0.5858585858585859,322.97755331088666,891,0.5510662177328844,309.13019079685745,3549,0,0,uniform=1774;sir=1783,43.4603009223938,7e99f75
var_low_po,18,614400,282,0.7163120567375887,456.677304964539,891,0.33557800224466894,266.5925925925926,891,0.3434343434343434,264.11335578002246,3549,0,0,uniform=1774;sir=1783,43.4603009223938,7e99f75
var_low_po,17,0,282,0.0,49.705673758865245,891,0.0,39.4287317620651,891,0.0,40.00785634118967,3209,0,0,uniform=1624;sir=1593,45.02510213851929,7e99f75
var_low_po,17,61440,282,0.2127659574468085,322.3014184397163,891,0.07631874298540965,218.6161616161616,891,0.07856341189674523,216.25589225589226,3209,0,0,uniform=1624;sir=1593,45.02510213851929,7e99f75
var_low_po,17,122880,282,0.13829787234042554,288.52127659574467,891,0.0,161.00785634118967,891,0.0,159.1526374859708,3209,0,0,uniform=1624;sir=1593,45.02510213851929,7e99f75
var_low_po,17,184320,282,0.1773049645390071,301.2659574468085,891,0.020202020202020204,171.09315375982044,891,0.015712682379349047,170.98316498316498,3209,0,0,uniform=1624;sir=1593,45.02510213851929,7e99f75
var_low_po,17,245760,282,0.1595744680851064,288.67021276595744,891,0.024691358024691357,152.46913580246914,891,0.02244668911335578,151.12008978675647,3209,0,0,uniform=1624;sir=1593,45.02510213851929,7e99f75
var_low_po,17,307200,282,0.7801418439716312,470.87943262411346,891,0.003367003367003367,133.1773288439955,891,0.003367003367003367,132.658810325477,3209,0,0,uniform=1624;sir=1593,45.02510213851929,7e99f75
var_low_po,17,368640,282,0.7588652482269503,461.9609929078014,891,0.6318742985409652,344.4523007856341,891,0.5982042648709316,330.5959595959596,3209,0,0,uniform=1624;sir=1593,45.02510213851929,7e99f75
var_low_po,17,430080,282,0.9893617021276596,495.3049645390071,891,0.005611672278338945,62.52300785634119,891,0.003367003367003367,61.494949494949495,3209,0,0,uniform=1624;sir=1593,45.02510213851929,7e99f75
var_low_po,17,491520,282,0.9893617021276596,496.2517730496454,891,0.4298540965207632,252.77104377104376,891,0.4208754208754209,248.37373737373738,3209,0,0,uniform=1624;sir=1593,45.02510213851929,7e99f75
var_low_po,17,552960,282,0.9680851063829787,490.65248226950354,891,0.5813692480359147,321.026936026936,891,0.5723905723905723,317.3131313131313,3209,0,0,uniform=1624;sir=1593,45.02510213851929,7e99f75
var_low_po,17,614400,282,0.975177304964539,493.2411347517731,891,0.5409652076318743,305.6509539842873,891,0.5331088664421998,301.9259259259259,3209,0,0,uniform=1624;sir=1593,45.02510213851929,7e99f75
var_snip4,19,0,282,0.02127659574468085,74.21631205673759,891,0.0,27.571268237934905,891,0.0,27.428731762065095,3950,0,0,uniform=2047;sir=1911,40.587607860565186,7e99f75
var_snip4,19,61440,282,0.07446808510638298,243.31205673758865,891,0.0,109.32323232323232,891,0.0,108.672278338945,3950,0,0,uniform=2047;sir=1911,40.587607860565186,7e99f75
var_snip4,19,122880,282,0.06028368794326241,233.47163120567376,891,0.0,108.28170594837262,891,0.0,107.84399551066218,3950,0,0,uniform=2047;sir=1911,40.587607860565186,7e99f75
var_snip4,19,184320,282,0.01773049645390071,172.0709219858156,891,0.0,100.66442199775533,891,0.0,100.34343434343434,3950,0,0,uniform=2047;sir=1911,40.587607860565186,7e99f75
var_snip4,19,245760,282,0.9078014184397163,489.2517730496454,891,0.3254769921436588,318.1604938271605,891,0.3344556677890011,318.65432098765433,3950,0,0,uniform=2047;sir=1911,40.587607860565186,7e99f75
var_snip4,19,307200,282,0.9326241134751773,483.67021276595744,891,0.6363636363636364,354.06060606060606,891,0.6206509539842873,347.4758698092031,3950,0,0,uniform=2047;sir=1911,40.587607860565186,7e99f75
var_snip4,19,368640,282,0.014184397163120567,159.29432624113474,891,0.026936026936026935,157.66666666666666,891,0.016835016835016835,151.8473625140292,3950,0,0,uniform=2047;sir=1911,40.587607860565186,7e99f75
var_snip4,19,430080,282,0.028368794326241134,181.91843971631207,891,0.0,109.7003367003367,891,0.0,109.33894500561168,3950,0,0,uniform=2047;sir=1911,40.587607860565186,7e99f75
var_snip4,19,491520,282,0.9929078014184397,496.9751773049645,891,0.058361391694725026,90.83838383838383,891,0.04938271604938271,86.37485970819304,3950,0,0,uniform=2047;sir=1911,40.587607860565186,7e99f75
var_snip4,19,552960,282,0.975177304964539,493.14539007092196,891,0.001122334455667789,56.537598204264874,891,0.0,56.240179573512904,3950,0,0,uniform=2047;sir=1911,40.587607860565186,7e99f75
var_snip4,19,614400,282,0.9893617021276596,495.3014184397163,891,0.0,58.888888888888886,891,0.001122334455667789,58.789001122334454,3950,0,0,uniform=2047;sir=1911,40.587607860565186,7e99f75
var_low_po,19,0,282,0.0,17.078014184397162,891,0.0,33.641975308641975,891,0.0,35.36026936026936,3440,0,0,uniform=1693;sir=1755,44.57002520561218,7e99f75
var_low_po,19,61440,282,0.1524822695035461,295.2588652482269,891,0.004489337822671156,151.45791245791247,891,0.001122334455667789,148.2053872053872,3440,0,0,uniform=1693;sir=1755,44.57002520561218,7e99f75
var_low_po,19,122880,282,0.03900709219858156,210.92198581560282,891,0.003367003367003367,136.003367003367,891,0.004489337822671156,132.010101010101,3440,0,0,uniform=1693;sir=1755,44.57002520561218,7e99f75
var_low_po,19,184320,282,0.16312056737588654,312.61347517730496,891,0.008978675645342313,161.63299663299662,891,0.006734006734006734,156.69360269360268,3440,0,0,uniform=1693;sir=1755,44.57002520561218,7e99f75
var_low_po,19,245760,282,0.37943262411347517,368.40070921985813,891,0.001122334455667789,84.00785634118968,891,0.0,83.44556677890012,3440,0,0,uniform=1693;sir=1755,44.57002520561218,7e99f75
var_low_po,19,307200,282,0.2695035460992908,333.2588652482269,891,0.001122334455667789,101.05387205387206,891,0.003367003367003367,102.62626262626263,3440,0,0,uniform=1693;sir=1755,44.57002520561218,7e99f75
var_low_po,19,368640,282,0.8546099290780141,478.5354609929078,891,0.8406285072951739,437.0852974186308,891,0.8204264870931538,429.4354657687991,3440,0,0,uniform=1693;sir=1755,44.57002520561218,7e99f75
var_low_po,19,430080,282,0.9858156028368794,495.6489361702128,891,0.4590347923681257,263.5634118967452,891,0.45342312008978675,260.8226711560045,3440,0,0,uniform=1693;sir=1755,44.57002520561218,7e99f75
var_low_po,19,491520,282,0.9929078014184397,498.3510638297872,891,0.3569023569023569,224.70145903479238,891,0.35914702581369246,224.49719416386083,3440,0,0,uniform=1693;sir=1755,44.57002520561218,7e99f75
var_low_po,19,552960,282,0.9539007092198581,491.6808510638298,891,0.003367003367003367,60.30864197530864,891,0.007856341189674524,62.4635241301908,3440,0,0,uniform=1693;sir=1755,44.57002520561218,7e99f75
var_low_po,19,614400,282,0.9432624113475178,488.4574468085106,891,0.0,86.45342312008978,891,0.002244668911335578,86.37710437710437,3440,0,0,uniform=1693;sir=1755,44.57002520561218,7e99f75
var_snip4,20,0,282,0.0,13.113475177304965,891,0.0,33.799102132435465,891,0.0,32.98204264870932,3528,0,0,uniform=1769;sir=1767,41.87988305091858,7e99f75
var_snip4,20,61440,282,0.07446808510638298,228.84751773049646,891,0.0,119.68911335578002,891,0.0,118.76430976430976,3528,0,0,uniform=1769;sir=1767,41.87988305091858,7e99f75
var_snip4,20,122880,282,0.9858156028368794,496.322695035461,891,0.3468013468013468,224.65768799102133,891,0.3479236812570146,223.2020202020202,3528,0,0,uniform=1769;sir=1767,41.87988305091858,7e99f75
var_snip4,20,184320,282,0.22695035460992907,354.9432624113475,891,0.001122334455667789,133.6341189674523,891,0.0,131.01459034792367,3528,0,0,uniform=1769;sir=1767,41.87988305091858,7e99f75
var_snip4,20,245760,282,0.9858156028368794,495.78014184397165,891,0.10549943883277217,113.47250280583614,891,0.12008978675645342,118.68350168350169,3528,0,0,uniform=1769;sir=1767,41.87988305091858,7e99f75
var_snip4,20,307200,282,0.2624113475177305,380.5390070921986,891,0.0920314253647587,189.42312008978675,891,0.08305274971941638,195.6195286195286,3528,0,0,uniform=1769;sir=1767,41.87988305091858,7e99f75
var_snip4,20,368640,282,0.05319148936170213,228.79078014184398,891,0.0,122.60157126823793,891,0.001122334455667789,122.71268237934905,3528,0,0,uniform=1769;sir=1767,41.87988305091858,7e99f75
var_snip4,20,430080,282,0.9716312056737588,495.468085106383,891,0.3771043771043771,232.68799102132436,891,0.3602693602693603,225.90460157126824,3528,0,0,uniform=1769;sir=1767,41.87988305091858,7e99f75
var_snip4,20,491520,282,0.9893617021276596,496.15602836879435,891,0.031425364758698095,80.36475869809203,891,0.024691358024691357,76.7384960718294,3528,0,0,uniform=1769;sir=1767,41.87988305091858,7e99f75
var_snip4,20,552960,282,0.9929078014184397,496.9574468085106,891,0.31425364758698093,207.49046015712682,891,0.3063973063973064,202.71268237934905,3528,0,0,uniform=1769;sir=1767,41.87988305091858,7e99f75
var_snip4,20,614400,282,0.9645390070921985,492.0921985815603,891,0.010101010101010102,67.76430976430976,891,0.014590347923681257,69.52076318742985,3528,0,0,uniform=1769;sir=1767,41.87988305091858,7e99f75
var_snip4,21,0,282,0.0,42.709219858156025,891,0.0,17.576879910213243,891,0.0,17.408529741863074,3481,0,0,uniform=1737;sir=1752,41.2556369304657,7e99f75
var_snip4,21,61440,282,0.20212765957446807,333.13829787234044,891,0.0,142.17620650953984,891,0.0,140.87542087542087,3481,0,0,uniform=1737;sir=1752,41.2556369304657,7e99f75
var_snip4,21,122880,282,0.06382978723404255,251.66666666666666,891,0.0,113.8361391694725,891,0.0,113.04040404040404,3481,0,0,uniform=1737;sir=1752,41.2556369304657,7e99f75
var_snip4,21,184320,282,0.9645390070921985,496.3191489361702,891,0.7396184062850729,460.662177328844,891,0.7306397306397306,460.631874298541,3481,0,0,uniform=1737;sir=1752,41.2556369304657,7e99f75
var_snip4,21,245760,282,0.8085106382978723,472.28723404255317,891,0.11560044893378227,290.388327721661,891,0.10325476992143659,282.4074074074074,3481,0,0,uniform=1737;sir=1752,41.2556369304657,7e99f75
var_snip4,21,307200,282,0.24822695035460993,350.91843971631204,891,0.001122334455667789,133.80359147025814,891,0.0,132.70258136924804,3481,0,0,uniform=1737;sir=1752,41.2556369304657,7e99f75
var_snip4,21,368640,282,0.975177304964539,496.8581560283688,891,0.77665544332211,406.99887766554434,891,0.7867564534231201,410.7485970819304,3481,0,0,uniform=1737;sir=1752,41.2556369304657,7e99f75
var_snip4,21,430080,282,0.9645390070921985,492.4113475177305,891,0.8686868686868687,447.611672278339,891,0.8630751964085297,444.8260381593715,3481,0,0,uniform=1737;sir=1752,41.2556369304657,7e99f75
var_snip4,21,491520,282,0.549645390070922,454.1595744680851,891,0.001122334455667789,149.0976430976431,891,0.001122334455667789,144.52861952861952,3481,0,0,uniform=1737;sir=1752,41.2556369304657,7e99f75
var_snip4,21,552960,282,0.9893617021276596,497.0921985815603,891,0.8372615039281706,438.0628507295174,891,0.819304152637486,428.36026936026934,3481,0,0,uniform=1737;sir=1752,41.2556369304657,7e99f75
var_snip4,21,614400,282,0.9893617021276596,495.2730496453901,891,0.002244668911335578,57.74074074074074,891,0.001122334455667789,57.39955106621773,3481,0,0,uniform=1737;sir=1752,41.2556369304657,7e99f75
var_low_po,20,0,282,0.0,13.152482269503546,891,0.0,33.61952861952862,891,0.0,33.91806958473625,3193,0,0,uniform=1645;sir=1556,43.649860858917236,7e99f75
var_low_po,20,61440,282,0.09219858156028368,253.94326241134752,891,0.001122334455667789,137.2053872053872,891,0.001122334455667789,136.4803591470258,3193,0,0,uniform=1645;sir=1556,43.649860858917236,7e99f75
var_low_po,20,122880,282,0.031914893617021274,211.15248226950354,891,0.0,112.27160493827161,891,0.0,112.36363636363636,3193,0,0,uniform=1645;sir=1556,43.649860858917236,7e99f75
var_low_po,20,184320,282,0.2624113475177305,347.4645390070922,891,0.0,81.22446689113356,891,0.0,81.28843995510663,3193,0,0,uniform=1645;sir=1556,43.649860858917236,7e99f75
var_low_po,20,245760,282,0.18439716312056736,296.28723404255317,891,0.07519640852974187,154.01795735129068,891,0.06621773288439955,145.93602693602693,3193,0,0,uniform=1645;sir=1556,43.649860858917236,7e99f75
var_low_po,20,307200,282,0.9716312056737588,495.2836879432624,891,0.5443322109988776,306.0314253647587,891,0.5274971941638609,298.8114478114478,3193,0,0,uniform=1645;sir=1556,43.649860858917236,7e99f75
var_low_po,20,368640,282,0.9787234042553191,494.7340425531915,891,0.2839506172839506,188.0314253647587,891,0.29180695847362514,190.98204264870932,3193,0,0,uniform=1645;sir=1556,43.649860858917236,7e99f75
var_low_po,20,430080,282,0.4219858156028369,378.0354609929078,891,0.014590347923681257,125.71604938271605,891,0.016835016835016835,126.01571268237934,3193,0,0,uniform=1645;sir=1556,43.649860858917236,7e99f75
var_low_po,20,491520,282,0.9822695035460993,494.82978723404256,891,0.19079685746352412,150.38945005611671,891,0.2053872053872054,154.97643097643098,3193,0,0,uniform=1645;sir=1556,43.649860858917236,7e99f75
var_low_po,20,552960,282,0.9326241134751773,478.8510638297872,891,0.712682379349046,378.96632996632997,891,0.6790123456790124,365.341189674523,3193,0,0,uniform=1645;sir=1556,43.649860858917236,7e99f75
var_low_po,20,614400,282,0.9822695035460993,491.9574468085106,891,0.005611672278338945,59.64085297418631,891,0.005611672278338945,59.79685746352413,3193,0,0,uniform=1645;sir=1556,43.649860858917236,7e99f75
var_low_po,21,0,282,0.0,17.45390070921986,891,0.0,13.445566778900112,891,0.0,13.379349046015713,3304,0,0,uniform=1684;sir=1628,43.038809061050415,7e99f75
var_low_po,21,61440,282,0.05673758865248227,220.58156028368793,891,0.0,110.21885521885523,891,0.0,109.25364758698092,3304,0,0,uniform=1684;sir=1628,43.038809061050415,7e99f75
var_low_po,21,122880,282,0.08156028368794327,264.77659574468083,891,0.0,127.26711560044893,891,0.001122334455667789,128.0841750841751,3304,0,0,uniform=1684;sir=1628,43.038809061050415,7e99f75
var_low_po,21,184320,282,0.028368794326241134,220.10638297872342,891,0.0,117.43883277216611,891,0.0,117.66666666666667,3304,0,0,uniform=1684;sir=1628,43.038809061050415,7e99f75
var_low_po,21,245760,282,0.4078014184397163,386.34397163120565,891,0.019079685746352413,163.97643097643098,891,0.012345679012345678,153.47586980920315,3304,0,0,uniform=1684;sir=1628,43.038809061050415,7e99f75
var_low_po,21,307200,282,0.20921985815602837,312.8262411347518,891,0.0,94.78226711560045,891,0.001122334455667789,95.05274971941638,3304,0,0,uniform=1684;sir=1628,43.038809061050415,7e99f75
var_low_po,21,368640,282,0.8794326241134752,483.0886524822695,891,0.36924803591470257,233.4949494949495,891,0.35129068462401797,226.7564534231201,3304,0,0,uniform=1684;sir=1628,43.038809061050415,7e99f75
var_low_po,21,430080,282,0.9680851063829787,490.48581560283685,891,0.33221099887766553,213.02132435465768,891,0.32323232323232326,209.73849607182942,3304,0,0,uniform=1684;sir=1628,43.038809061050415,7e99f75
var_low_po,21,491520,282,0.9716312056737588,493.1241134751773,891,0.5443322109988776,305.8675645342312,891,0.5061728395061729,288.99438832772165,3304,0,0,uniform=1684;sir=1628,43.038809061050415,7e99f75
var_low_po,21,552960,282,0.9858156028368794,495.2695035460993,891,0.4983164983164983,285.61952861952864,891,0.4590347923681257,268.89786756453424,3304,0,0,uniform=1684;sir=1628,43.038809061050415,7e99f75
var_low_po,21,614400,282,0.8120567375886525,466.1595744680851,891,0.500561167227834,284.5499438832772,891,0.49158249158249157,280.02581369248037,3304,0,0,uniform=1684;sir=1628,43.038809061050415,7e99f75
var_snip4,22,0,282,0.0,12.645390070921986,891,0.0,22.052749719416386,891,0.0,22.234567901234566,3547,0,0,uniform=1826;sir=1729,41.536921977996826,7e99f75
var_snip4,22,61440,282,0.03900709219858156,208.27304964539007,891,0.0,131.40852974186308,891,0.0,129.70594837261504,3547,0,0,uniform=1826;sir=1729,41.536921977996826,7e99f75
var_snip4,22,122880,282,0.08865248226950355,249.32269503546098,891,0.0,106.9270482603816,891,0.0,106.33894500561168,3547,0,0,uniform=1826;sir=1729,41.536921977996826,7e99f75
var_snip4,22,184320,282,0.24468085106382978,402.7340425531915,891,0.05387205387205387,146.1919191919192,891,0.0819304152637486,157.8473625140292,3547,0,0,uniform=1826;sir=1729,41.536921977996826,7e99f75
var_snip4,22,245760,282,0.24822695035460993,408.07092198581563,891,0.2951739618406285,256.72278338945006,891,0.2940516273849607,254.57239057239056,3547,0,0,uniform=1826;sir=1729,41.536921977996826,7e99f75
var_snip4,22,307200,282,0.9822695035460993,493.74468085106383,891,0.0,56.7979797979798,891,0.0,56.59820426487093,3547,0,0,uniform=1826;sir=1729,41.536921977996826,7e99f75
var_snip4,22,368640,282,0.9822695035460993,494.6489361702128,891,0.10325476992143659,111.27946127946127,891,0.1111111111111111,114.28170594837262,3547,0,0,uniform=1826;sir=1729,41.536921977996826,7e99f75
var_snip4,22,430080,282,0.9929078014184397,497.8936170212766,891,0.9158249158249159,466.6509539842873,891,0.9147025813692481,466.09988776655445,3547,0,0,uniform=1826;sir=1729,41.536921977996826,7e99f75
var_snip4,22,491520,282,0.950354609929078,493.23758865248226,891,0.7025813692480359,377.2345679012346,891,0.7025813692480359,377.69135802469134,3547,0,0,uniform=1826;sir=1729,41.536921977996826,7e99f75
var_snip4,22,552960,282,0.975177304964539,490.0851063829787,891,0.002244668911335578,58.33894500561167,891,0.001122334455667789,58.447811447811446,3547,0,0,uniform=1826;sir=1729,41.536921977996826,7e99f75
var_snip4,22,614400,282,0.9858156028368794,493.63120567375887,891,0.002244668911335578,56.14478114478114,891,0.001122334455667789,55.83838383838384,3547,0,0,uniform=1826;sir=1729,41.536921977996826,7e99f75
var_low_po,22,0,282,0.0,13.418439716312056,891,0.0,35.696969696969695,891,0.0,35.49607182940516,3298,0,0,uniform=1693;sir=1613,43.73545503616333,7e99f75
var_low_po,22,61440,282,0.13829787234042554,262.06382978723406,891,0.004489337822671156,130.87991021324353,891,0.0,128.0347923681257,3298,0,0,uniform=1693;sir=1613,43.73545503616333,7e99f75
var_low_po,22,122880,282,0.18085106382978725,308.6418439716312,891,0.005611672278338945,132.7205387205387,891,0.001122334455667789,127.60157126823793,3298,0,0,uniform=1693;sir=1613,43.73545503616333,7e99f75
var_low_po,22,184320,282,0.09929078014184398,264.00354609929076,891,0.0,118.25589225589225,891,0.0,117.92480359147025,3298,0,0,uniform=1693;sir=1613,43.73545503616333,7e99f75
var_low_po,22,245760,282,0.33687943262411346,346.64539007092196,891,0.15712682379349047,274.7744107744108,891,0.15824915824915825,276.2087542087542,3298,0,0,uniform=1693;sir=1613,43.73545503616333,7e99f75
var_low_po,22,307200,282,0.18439716312056736,287.9574468085106,891,0.20426487093153758,256.8024691358025,891,0.17957351290684623,251.79573512906848,3298,0,0,uniform=1693;sir=1613,43.73545503616333,7e99f75
var_low_po,22,368640,282,0.9290780141843972,489.9113475177305,891,0.48709315375982043,323.4870931537598,891,0.4500561167227834,308.1178451178451,3298,0,0,uniform=1693;sir=1613,43.73545503616333,7e99f75
var_low_po,22,430080,282,0.7588652482269503,456.88652482269504,891,0.8742985409652076,450.01907968574636,891,0.8552188552188552,442.2053872053872,3298,0,0,uniform=1693;sir=1613,43.73545503616333,7e99f75
var_low_po,22,491520,282,0.9787234042553191,492.8829787234043,891,0.09090909090909091,108.02356902356902,891,0.0819304152637486,104.31200897867565,3298,0,0,uniform=1693;sir=1613,43.73545503616333,7e99f75
var_low_po,22,552960,282,0.5673758865248227,411.12056737588654,891,0.32323232323232326,214.44444444444446,891,0.345679012345679,222.36475869809203,3298,0,0,uniform=1693;sir=1613,43.73545503616333,7e99f75
var_low_po,22,614400,282,0.7872340425531915,445.1737588652482,891,0.0,121.53759820426487,891,0.0,119.44556677890012,3298,0,0,uniform=1693;sir=1613,43.73545503616333,7e99f75
var_snip4,23,0,282,0.0,22.68439716312057,891,0.0,13.561167227833895,891,0.0,13.344556677890012,3687,0,0,uniform=1855;sir=1840,41.25815010070801,7e99f75
var_snip4,23,61440,282,0.1453900709219858,293.17021276595744,891,0.0,133.4287317620651,891,0.0,132.03703703703704,3687,0,0,uniform=1855;sir=1840,41.25815010070801,7e99f75
var_snip4,23,122880,282,0.12411347517730496,309.3191489361702,891,0.0,144.7283950617284,891,0.0,143.49382716049382,3687,0,0,uniform=1855;sir=1840,41.25815010070801,7e99f75
var_snip4,23,184320,282,0.8368794326241135,479.9503546099291,891,0.26262626262626265,314.5611672278339,891,0.25252525252525254,309.41526374859706,3687,0,0,uniform=1855;sir=1840,41.25815010070801,7e99f75
var_snip4,23,245760,282,0.29432624113475175,360.9468085106383,891,0.0,149.5331088664422,891,0.0,148.60381593714928,3687,0,0,uniform=1855;sir=1840,41.25815010070801,7e99f75
var_snip4,23,307200,282,0.975177304964539,496.95390070921985,891,0.7912457912457912,413.42873176206507,891,0.7676767676767676,405.04264870931536,3687,0,0,uniform=1855;sir=1840,41.25815010070801,7e99f75
var_snip4,23,368640,282,0.875886524822695,478.9929078014184,891,0.5342312008978676,315.45791245791247,891,0.5173961840628507,308.3838383838384,3687,0,0,uniform=1855;sir=1840,41.25815010070801,7e99f75
var_snip4,23,430080,282,0.900709219858156,487.5673758865248,891,0.6296296296296297,412.90460157126824,891,0.6273849607182941,411.92255892255895,3687,0,0,uniform=1855;sir=1840,41.25815010070801,7e99f75
var_snip4,23,491520,282,0.9219858156028369,483.88652482269504,891,0.7373737373737373,395.55555555555554,891,0.7205387205387206,387.4118967452301,3687,0,0,uniform=1855;sir=1840,41.25815010070801,7e99f75
var_snip4,23,552960,282,0.5283687943262412,417.6276595744681,891,0.001122334455667789,146.48709315375982,891,0.0,144.57239057239056,3687,0,0,uniform=1855;sir=1840,41.25815010070801,7e99f75
var_snip4,23,614400,282,0.9822695035460993,491.95390070921985,891,0.002244668911335578,55.46127946127946,891,0.001122334455667789,55.14927048260382,3687,0,0,uniform=1855;sir=1840,41.25815010070801,7e99f75
var_low_po,23,0,282,0.0,33.347517730496456,891,0.0,45.80246913580247,891,0.0,45.960718294051624,3419,0,0,uniform=1723;sir=1704,43.628856897354126,7e99f75
var_low_po,23,61440,282,0.15602836879432624,299.531914893617,891,0.04601571268237935,186.34006734006735,891,0.04152637485970819,181.47250280583614,3419,0,0,uniform=1723;sir=1704,43.628856897354126,7e99f75
var_low_po,23,122880,282,0.05319148936170213,236.52482269503545,891,0.0,116.70594837261504,891,0.0,115.49719416386083,3419,0,0,uniform=1723;sir=1704,43.628856897354126,7e99f75
var_low_po,23,184320,282,0.031914893617021274,226.60992907801418,891,0.0,118.327721661055,891,0.0,117.54994388327722,3419,0,0,uniform=1723;sir=1704,43.628856897354126,7e99f75
var_low_po,23,245760,282,0.1702127659574468,304.6666666666667,891,0.004489337822671156,159.986531986532,891,0.005611672278338945,157.6161616161616,3419,0,0,uniform=1723;sir=1704,43.628856897354126,7e99f75
var_low_po,23,307200,282,0.8971631205673759,483.709219858156,891,0.004489337822671156,119.39057239057239,891,0.004489337822671156,117.29068462401796,3419,0,0,uniform=1723;sir=1704,43.628856897354126,7e99f75
var_low_po,23,368640,282,0.9468085106382979,488.49645390070924,891,0.21099887766554434,208.30751964085297,891,0.1840628507295174,198.07519640852973,3419,0,0,uniform=1723;sir=1704,43.628856897354126,7e99f75
var_low_po,23,430080,282,0.9822695035460993,494.7588652482269,891,0.17732884399551066,142.67789001122335,891,0.18742985409652077,146.26599326599327,3419,0,0,uniform=1723;sir=1704,43.628856897354126,7e99f75
var_low_po,23,491520,282,0.9574468085106383,491.81205673758865,891,0.4983164983164983,285.996632996633,891,0.4837261503928171,279.7811447811448,3419,0,0,uniform=1723;sir=1704,43.628856897354126,7e99f75
var_low_po,23,552960,282,0.40070921985815605,365.9326241134752,891,0.012345679012345678,156.88215488215488,891,0.005611672278338945,159.7205387205387,3419,0,0,uniform=1723;sir=1704,43.628856897354126,7e99f75
var_low_po,23,614400,282,0.9929078014184397,496.9078014184397,891,0.2772166105499439,184.64197530864197,891,0.2615039281705948,178.9450056116723,3419,0,0,uniform=1723;sir=1704,43.628856897354126,7e99f75
var_snip4,24,0,282,0.0,54.04255319148936,891,0.0,22.983164983164983,891,0.0,22.74635241301908,3755,0,0,uniform=1913;sir=1850,41.657845973968506,7e99f75
var_snip4,24,61440,282,0.35106382978723405,389.0531914893617,891,0.0,172.36026936026937,891,0.0,170.49382716049382,3755,0,0,uniform=1913;sir=1850,41.657845973968506,7e99f75
var_snip4,24,122880,282,0.4219858156028369,406.86879432624113,891,0.2536475869809203,291.03367003367003,891,0.22671156004489337,286.66778900112234,3755,0,0,uniform=1913;sir=1850,41.657845973968506,7e99f75
var_snip4,24,184320,282,0.950354609929078,494.52836879432624,891,0.4556677890011223,391.9315375982043,891,0.4298540965207632,387.7317620650954,3755,0,0,uniform=1913;sir=1850,41.657845973968506,7e99f75
var_snip4,24,245760,282,0.9787234042553191,495.5496453900709,891,0.6296296296296297,344.8619528619529,891,0.5937149270482603,329.5791245791246,3755,0,0,uniform=1913;sir=1850,41.657845973968506,7e99f75
var_snip4,24,307200,282,0.9822695035460993,495.4432624113475,891,0.7497194163860831,398.34567901234567,891,0.7463524130190797,397.0,3755,0,0,uniform=1913;sir=1850,41.657845973968506,7e99f75
var_snip4,24,368640,282,0.9929078014184397,498.07092198581563,891,0.8877665544332211,455.91806958473626,891,0.8720538720538721,448.8047138047138,3755,0,0,uniform=1913;sir=1850,41.657845973968506,7e99f75
var_snip4,24,430080,282,0.0035460992907801418,138.70212765957447,891,0.0,149.0662177328844,891,0.0,148.26711560044893,3755,0,0,uniform=1913;sir=1850,41.657845973968506,7e99f75
var_snip4,24,491520,282,0.028368794326241134,194.9290780141844,891,0.0,112.70258136924804,891,0.001122334455667789,112.4736251402918,3755,0,0,uniform=1913;sir=1850,41.657845973968506,7e99f75
var_snip4,24,552960,282,0.9929078014184397,497.79787234042556,891,0.9068462401795735,463.24466891133557,891,0.8911335578002245,456.4534231200898,3755,0,0,uniform=1913;sir=1850,41.657845973968506,7e99f75
var_snip4,24,614400,282,0.975177304964539,492.15602836879435,891,0.4388327721661055,255.09652076318744,891,0.4332210998877666,252.45117845117846,3755,0,0,uniform=1913;sir=1850,41.657845973968506,7e99f75
var_snip4,25,0,282,0.0,59.60992907801418,891,0.0,25.904601571268238,891,0.0,25.67003367003367,3857,0,0,uniform=1895;sir=1970,41.13458824157715,7e99f75
var_snip4,25,61440,282,0.16666666666666666,304.2482269503546,891,0.0,133.6026936026936,891,0.0,132.56565656565655,3857,0,0,uniform=1895;sir=1970,41.13458824157715,7e99f75
var_snip4,25,122880,282,0.08865248226950355,255.854609929078,891,0.0,116.58136924803591,891,0.0,115.95061728395062,3857,0,0,uniform=1895;sir=1970,41.13458824157715,7e99f75
var_snip4,25,184320,282,0.5425531914893617,441.1063829787234,891,0.0,62.482603815937146,891,0.0,63.088664421997755,3857,0,0,uniform=1895;sir=1970,41.13458824157715,7e99f75
var_snip4,25,245760,282,0.5212765957446809,425.677304964539,891,0.4556677890011223,288.50729517396184,891,0.4444444444444444,284.6273849607183,3857,0,0,uniform=1895;sir=1970,41.13458824157715,7e99f75
var_snip4,25,307200,282,0.9609929078014184,493.93971631205676,891,0.7048260381593715,376.45454545454544,891,0.6745230078563412,364.3636363636364,3857,0,0,uniform=1895;sir=1970,41.13458824157715,7e99f75
var_snip4,25,368640,282,0.8723404255319149,482.3156028368794,891,0.03367003367003367,251.675645342312,891,0.03479236812570146,242.70145903479238,3857,0,0,uniform=1895;sir=1970,41.13458824157715,7e99f75
var_snip4,25,430080,282,0.05673758865248227,203.19148936170214,891,0.0,103.86644219977553,891,0.0,102.78114478114477,3857,0,0,uniform=1895;sir=1970,41.13458824157715,7e99f75
var_snip4,25,491520,282,0.2695035460992908,364.13829787234044,891,0.07519640852974187,173.11672278338946,891,0.058361391694725026,170.54769921436588,3857,0,0,uniform=1895;sir=1970,41.13458824157715,7e99f75
var_snip4,25,552960,282,0.9822695035460993,492.21985815602835,891,0.0,55.96408529741863,891,0.001122334455667789,55.76543209876543,3857,0,0,uniform=1895;sir=1970,41.13458824157715,7e99f75
var_snip4,25,614400,282,0.9680851063829787,485.4503546099291,891,0.002244668911335578,55.292929292929294,891,0.001122334455667789,54.986531986531986,3857,0,0,uniform=1895;sir=1970,41.13458824157715,7e99f75
var_low_po,24,0,282,0.0,12.98936170212766,891,0.0,24.992143658810324,891,0.0,24.308641975308642,3448,0,0,uniform=1691;sir=1765,44.477055072784424,7e99f75
var_low_po,24,61440,282,0.20921985815602837,306.177304964539,891,0.01122334455667789,149.8193041526375,891,0.01122334455667789,148.1436588103255,3448,0,0,uniform=1691;sir=1765,44.477055072784424,7e99f75
var_low_po,24,122880,282,0.11347517730496454,264.7836879432624,891,0.02132435465768799,151.27721661054994,891,0.014590347923681257,145.98204264870932,3448,0,0,uniform=1691;sir=1765,44.477055072784424,7e99f75
var_low_po,24,184320,282,0.03900709219858156,214.39007092198582,891,0.001122334455667789,121.82154882154882,891,0.001122334455667789,121.47811447811448,3448,0,0,uniform=1691;sir=1765,44.477055072784424,7e99f75
var_low_po,24,245760,282,0.028368794326241134,172.04255319148936,891,0.0,120.11784511784512,891,0.0,119.03815937149271,3448,0,0,uniform=1691;sir=1765,44.477055072784424,7e99f75
var_low_po,24,307200,282,0.2765957446808511,319.0496453900709,891,0.5274971941638609,352.7070707070707,891,0.531986531986532,351.68911335578,3448,0,0,uniform=1691;sir=1765,44.477055072784424,7e99f75
var_low_po,24,368640,282,0.975177304964539,492.5070921985816,891,0.39281705948372614,235.19304152637486,891,0.3793490460157127,229.8742985409652,3448,0,0,uniform=1691;sir=1765,44.477055072784424,7e99f75
var_low_po,24,430080,282,0.723404255319149,431.5248226950355,891,0.34118967452300786,306.26262626262627,891,0.3602693602693603,308.00561167227835,3448,0,0,uniform=1691;sir=1765,44.477055072784424,7e99f75
var_low_po,24,491520,282,0.549645390070922,393.42907801418437,891,0.012345679012345678,99.37598204264872,891,0.008978675645342313,97.69472502805836,3448,0,0,uniform=1691;sir=1765,44.477055072784424,7e99f75
var_low_po,24,552960,282,0.9893617021276596,495.28723404255317,891,0.002244668911335578,57.292929292929294,891,0.0,56.81032547699214,3448,0,0,uniform=1691;sir=1765,44.477055072784424,7e99f75
var_low_po,24,614400,282,0.9858156028368794,494.07801418439715,891,0.004489337822671156,60.80022446689113,891,0.005611672278338945,61.18294051627385,3448,0,0,uniform=1691;sir=1765,44.477055072784424,7e99f75
var_low_po,25,0,282,0.0,13.606382978723405,891,0.0,33.976430976430976,891,0.0,33.744107744107744,3337,0,0,uniform=1680;sir=1665,44.60425591468811,7e99f75
var_low_po,25,61440,282,0.08865248226950355,260.1985815602837,891,0.0,122.3097643097643,891,0.0,120.67003367003367,3337,0,0,uniform=1680;sir=1665,44.60425591468811,7e99f75
var_low_po,25,122880,282,0.07446808510638298,229.98581560283688,891,0.001122334455667789,132.53086419753086,891,0.001122334455667789,131.76206509539844,3337,0,0,uniform=1680;sir=1665,44.60425591468811,7e99f75
var_low_po,25,184320,282,0.07092198581560284,208.39361702127658,891,0.003367003367003367,139.81705948372615,891,0.0,137.83052749719417,3337,0,0,uniform=1680;sir=1665,44.60425591468811,7e99f75
var_low_po,25,245760,282,0.08865248226950355,233.4964539007092,891,0.002244668911335578,133.8395061728395,891,0.003367003367003367,133.5252525252525,3337,0,0,uniform=1680;sir=1665,44.60425591468811,7e99f75
var_low_po,25,307200,282,0.5212765957446809,397.61347517730496,891,0.019079685746352413,139.97418630751963,891,0.02244668911335578,138.02469135802468,3337,0,0,uniform=1680;sir=1665,44.60425591468811,7e99f75
var_low_po,25,368640,282,0.6631205673758865,422.3829787234043,891,0.7508417508417509,397.320987654321,891,0.7631874298540965,403.18742985409654,3337,0,0,uniform=1680;sir=1665,44.60425591468811,7e99f75
var_low_po,25,430080,282,0.9787234042553191,495.3191489361702,891,0.5420875420875421,313.6475869809203,891,0.5207631874298541,303.2828282828283,3337,0,0,uniform=1680;sir=1665,44.60425591468811,7e99f75
var_low_po,25,491520,282,0.9893617021276596,496.0354609929078,891,0.3389450056116723,211.03928170594838,891,0.3344556677890011,208.8709315375982,3337,0,0,uniform=1680;sir=1665,44.60425591468811,7e99f75
var_low_po,25,552960,282,0.975177304964539,492.2730496453901,891,0.36924803591470257,227.20763187429853,891,0.372615039281706,227.90123456790124,3337,0,0,uniform=1680;sir=1665,44.60425591468811,7e99f75
var_low_po,25,614400,282,0.9609929078014184,488.0531914893617,891,0.489337822671156,279.52525252525254,891,0.48148148148148145,276.4040404040404,3337,0,0,uniform=1680;sir=1665,44.60425591468811,7e99f75
var_snip4,26,0,282,0.0,24.5177304964539,891,0.0,16.061728395061728,891,0.0,16.074074074074073,3684,0,0,uniform=1853;sir=1839,41.67695713043213,7e99f75
var_snip4,26,61440,282,0.08865248226950355,259.06028368794324,891,0.001122334455667789,132.18630751964085,891,0.003367003367003367,130.9584736251403,3684,0,0,uniform=1853;sir=1839,41.67695713043213,7e99f75
var_snip4,26,122880,282,0.05673758865248227,234.20921985815602,891,0.0,110.48933782267116,891,0.0,109.94500561167227,3684,0,0,uniform=1853;sir=1839,41.67695713043213,7e99f75
var_snip4,26,184320,282,0.19148936170212766,327.5921985815603,891,0.001122334455667789,135.33557800224466,891,0.0,134.21548821548822,3684,0,0,uniform=1853;sir=1839,41.67695713043213,7e99f75
var_snip4,26,245760,282,0.5390070921985816,433.9645390070922,891,0.0,100.53759820426487,891,0.0,97.47138047138047,3684,0,0,uniform=1853;sir=1839,41.67695713043213,7e99f75
var_snip4,26,307200,282,0.02127659574468085,193.59929078014184,891,0.04152637485970819,152.73288439955107,891,0.05723905723905724,153.02356902356902,3684,0,0,uniform=1853;sir=1839,41.67695713043213,7e99f75
var_snip4,26,368640,282,0.9929078014184397,498.4148936170213,891,0.8271604938271605,430.30415263748597,891,0.8170594837261503,426.341189674523,3684,0,0,uniform=1853;sir=1839,41.67695713043213,7e99f75
var_snip4,26,430080,282,0.925531914893617,486.6276595744681,891,0.4478114478114478,292.40179573512904,891,0.4388327721661055,287.28170594837263,3684,0,0,uniform=1853;sir=1839,41.67695713043213,7e99f75
var_snip4,26,491520,282,0.4929078014184397,444.7482269503546,891,0.008978675645342313,122.71829405162738,891,0.002244668911335578,118.42087542087542,3684,0,0,uniform=1853;sir=1839,41.67695713043213,7e99f75
var_snip4,26,552960,282,0.25177304964539005,422.1170212765957,891,0.0,282.2087542087542,891,0.008978675645342313,277.4208754208754,3684,0,0,uniform=1853;sir=1839,41.67695713043213,7e99f75
var_snip4,26,614400,282,0.9964539007092199,498.3936170212766,891,0.2536475869809203,174.82828282828282,891,0.23793490460157127,167.74747474747474,3684,0,0,uniform=1853;sir=1839,41.67695713043213,7e99f75
var_low_po,26,0,282,0.0,13.900709219858156,891,0.0,33.135802469135804,891,0.0,32.980920314253645,3313,0,0,uniform=1634;sir=1687,44.016634941101074,7e99f75
var_low_po,26,61440,282,0.09219858156028368,256.2730496453901,891,0.0,113.73961840628508,891,0.0,113.04377104377105,3313,0,0,uniform=1634;sir=1687,44.016634941101074,7e99f75
var_low_po,26,122880,282,0.0425531914893617,189.9078014184397,891,0.005611672278338945,135.56004489337823,891,0.007856341189674524,134.45230078563412,3313,0,0,uniform=1634;sir=1687,44.016634941101074,7e99f75
var_low_po,26,184320,282,0.2801418439716312,335.7269503546099,891,0.0,84.28619528619528,891,0.0,83.52749719416386,3313,0,0,uniform=1634;sir=1687,44.016634941101074,7e99f75
var_low_po,26,245760,282,0.1453900709219858,271.71985815602835,891,0.004489337822671156,150.5746352413019,891,0.004489337822671156,153.4837261503928,3313,0,0,uniform=1634;sir=1687,44.016634941101074,7e99f75
var_low_po,26,307200,282,0.3617021276595745,350.16312056737587,891,0.030303030303030304,132.2895622895623,891,0.028058361391694726,131.85858585858585,3313,0,0,uniform=1634;sir=1687,44.016634941101074,7e99f75
var_low_po,26,368640,282,0.9148936170212766,476.37943262411346,891,0.005611672278338945,75.01122334455668,891,0.008978675645342313,76.45117845117845,3313,0,0,uniform=1634;sir=1687,44.016634941101074,7e99f75
var_low_po,26,430080,282,0.9858156028368794,497.07092198581563,891,0.4107744107744108,245.52413019079685,891,0.4062850729517396,242.86307519640852,3313,0,0,uniform=1634;sir=1687,44.016634941101074,7e99f75
var_low_po,26,491520,282,0.9964539007092199,498.40070921985813,891,0.36363636363636365,223.8013468013468,891,0.35129068462401797,218.68799102132436,3313,0,0,uniform=1634;sir=1687,44.016634941101074,7e99f75
var_low_po,26,552960,282,0.9893617021276596,496.97163120567376,891,0.8451178451178452,437.956228956229,891,0.8361391694725028,434.0965207631874,3313,0,0,uniform=1634;sir=1687,44.016634941101074,7e99f75
var_low_po,26,614400,282,0.9822695035460993,495.5425531914894,891,0.5095398428731762,287.6363636363636,891,0.5095398428731762,287.67676767676767,3313,0,0,uniform=1634;sir=1687,44.016634941101074,7e99f75
var_snip4,27,0,282,0.0,13.641843971631205,891,0.0,28.171717171717173,891,0.0,28.378226711560046,3952,0,0,uniform=1959;sir=2001,41.430809020996094,7e99f75
var_snip4,27,61440,282,0.08156028368794327,262.77659574468083,891,0.0,124.88215488215488,891,0.0,124.12570145903479,3952,0,0,uniform=1959;sir=2001,41.430809020996094,7e99f75
var_snip4,27,122880,282,0.08865248226950355,281.790780141844,891,0.0,130.39169472502806,891,0.0,129.20763187429853,3952,0,0,uniform=1959;sir=2001,41.430809020996094,7e99f75
var_snip4,27,184320,282,0.0425531914893617,211.11702127659575,891,0.0,116.84736251402919,891,0.0,116.06060606060606,3952,0,0,uniform=1959;sir=2001,41.430809020996094,7e99f75
var_snip4,27,245760,282,0.04964539007092199,223.39716312056737,891,0.001122334455667789,127.18294051627385,891,0.001122334455667789,127.79910213243546,3952,0,0,uniform=1959;sir=2001,41.430809020996094,7e99f75
var_snip4,27,307200,282,0.08865248226950355,274.7163120567376,891,0.003367003367003367,142.30527497194163,891,0.004489337822671156,145.08978675645344,3952,0,0,uniform=1959;sir=2001,41.430809020996094,7e99f75
var_snip4,27,368640,282,0.8191489361702128,480.4822695035461,891,0.1829405162738496,275.1010101010101,891,0.16947250280583614,270.64309764309763,3952,0,0,uniform=1959;sir=2001,41.430809020996094,7e99f75
var_snip4,27,430080,282,0.9787234042553191,495.89716312056737,891,0.8810325476992144,451.82379349046016,891,0.8698092031425365,447.1997755331089,3952,0,0,uniform=1959;sir=2001,41.430809020996094,7e99f75
var_snip4,27,491520,282,0.6418439716312057,463.1808510638298,891,0.03928170594837262,161.66666666666666,891,0.03367003367003367,156.76767676767676,3952,0,0,uniform=1959;sir=2001,41.430809020996094,7e99f75
var_snip4,27,552960,282,0.9929078014184397,498.2659574468085,891,0.3445566778900112,218.70931537598204,891,0.32323232323232326,210.8361391694725,3952,0,0,uniform=1959;sir=2001,41.430809020996094,7e99f75
var_snip4,27,614400,282,0.9361702127659575,489.6950354609929,891,0.04713804713804714,212.4668911335578,891,0.03928170594837262,208.7317620650954,3952,0,0,uniform=1959;sir=2001,41.430809020996094,7e99f75
var_low_po,27,0,282,0.0,13.53191489361702,891,0.0,36.17732884399551,891,0.0,35.668911335578,3296,0,0,uniform=1644;sir=1660,43.53967523574829,7e99f75
var_low_po,27,61440,282,0.1276595744680851,288.15248226950354,891,0.0,143.34792368125702,891,0.0,141.64983164983164,3296,0,0,uniform=1644;sir=1660,43.53967523574829,7e99f75
var_low_po,27,122880,282,0.04964539007092199,229.0709219858156,891,0.0,115.61728395061728,891,0.0,115.13804713804714,3296,0,0,uniform=1644;sir=1660,43.53967523574829,7e99f75
var_low_po,27,184320,282,0.02127659574468085,187.63120567375887,891,0.0,115.28282828282828,891,0.0,114.84624017957351,3296,0,0,uniform=1644;sir=1660,43.53967523574829,7e99f75
var_low_po,27,245760,282,0.16666666666666666,293.09574468085106,891,0.001122334455667789,94.52861952861953,891,0.001122334455667789,96.14478114478115,3296,0,0,uniform=1644;sir=1660,43.53967523574829,7e99f75
var_low_po,27,307200,282,0.9858156028368794,496.49645390070924,891,0.04040404040404041,172.44893378226712,891,0.04601571268237935,169.77216610549945,3296,0,0,uniform=1644;sir=1660,43.53967523574829,7e99f75
var_low_po,27,368640,282,0.3971631205673759,352.1595744680851,891,0.013468013468013467,115.64309764309765,891,0.013468013468013467,112.5679012345679,3296,0,0,uniform=1644;sir=1660,43.53967523574829,7e99f75
var_low_po,27,430080,282,0.975177304964539,493.01418439716315,891,0.06958473625140292,182.59259259259258,891,0.07407407407407407,174.07744107744108,3296,0,0,uniform=1644;sir=1660,43.53967523574829,7e99f75
var_low_po,27,491520,282,0.9893617021276596,496.0567375886525,891,0.19528619528619529,152.1537598204265,891,0.21997755331088664,161.98316498316498,3296,0,0,uniform=1644;sir=1660,43.53967523574829,7e99f75
var_low_po,27,552960,282,0.9893617021276596,495.2411347517731,891,0.17620650953984288,140.4747474747475,891,0.14590347923681257,127.55106621773288,3296,0,0,uniform=1644;sir=1660,43.53967523574829,7e99f75
var_low_po,27,614400,282,0.9787234042553191,490.3262411347518,891,0.002244668911335578,56.59034792368126,891,0.0,55.996632996633,3296,0,0,uniform=1644;sir=1660,43.53967523574829,7e99f75
var_snip4,28,0,282,0.0,64.48936170212765,891,0.0,41.544332210998874,891,0.0,40.75869809203142,3445,0,0,uniform=1788;sir=1665,41.10838985443115,7e99f75
var_snip4,28,61440,282,0.04609929078014184,213.46099290780143,891,0.0,104.03367003367003,891,0.0,103.48148148148148,3445,0,0,uniform=1788;sir=1665,41.10838985443115,7e99f75
var_snip4,28,122880,282,0.028368794326241134,179.63120567375887,891,0.0,93.08641975308642,891,0.0,93.0628507295174,3445,0,0,uniform=1788;sir=1665,41.10838985443115,7e99f75
var_snip4,28,184320,282,0.19858156028368795,343.41843971631204,891,0.0,141.92368125701458,891,0.0,140.8226711560045,3445,0,0,uniform=1788;sir=1665,41.10838985443115,7e99f75
var_snip4,28,245760,282,0.18085106382978725,328.41843971631204,891,0.07631874298540965,180.83838383838383,891,0.06397306397306397,178.92929292929293,3445,0,0,uniform=1788;sir=1665,41.10838985443115,7e99f75
var_snip4,28,307200,282,0.7872340425531915,474.51063829787233,891,0.21997755331088664,297.62626262626264,891,0.20987654320987653,292.81481481481484,3445,0,0,uniform=1788;sir=1665,41.10838985443115,7e99f75
var_snip4,28,368640,282,0.9858156028368794,497.209219858156,891,0.7878787878787878,413.40179573512904,891,0.7744107744107744,407.7845117845118,3445,0,0,uniform=1788;sir=1665,41.10838985443115,7e99f75
var_snip4,28,430080,282,0.9893617021276596,496.0177304964539,891,0.22671156004489337,170.71268237934905,891,0.21885521885521886,166.92143658810326,3445,0,0,uniform=1788;sir=1665,41.10838985443115,7e99f75
var_snip4,28,491520,282,0.9929078014184397,496.92198581560285,891,0.050505050505050504,90.92929292929293,891,0.050505050505050504,89.45005611672278,3445,0,0,uniform=1788;sir=1665,41.10838985443115,7e99f75
var_snip4,28,552960,282,0.9645390070921985,492.0744680851064,891,0.1739618406285073,158.87542087542087,891,0.143658810325477,146.1571268237935,3445,0,0,uniform=1788;sir=1665,41.10838985443115,7e99f75
var_snip4,28,614400,282,0.9680851063829787,490.79787234042556,891,0.6442199775533108,360.09090909090907,891,0.6520763187429854,361.3265993265993,3445,0,0,uniform=1788;sir=1665,41.10838985443115,7e99f75
var_low_po,28,0,282,0.0,19.319148936170212,891,0.0,32.778900112233444,891,0.0,33.0314253647587,3386,0,0,uniform=1706;sir=1688,43.39244818687439,7e99f75
var_low_po,28,61440,282,0.1099290780141844,262.6843971631206,891,0.0,113.84624017957351,891,0.0,113.06734006734007,3386,0,0,uniform=1706;sir=1688,43.39244818687439,7e99f75
var_low_po,28,122880,282,0.05673758865248227,208.31205673758865,891,0.0,104.3658810325477,891,0.0,104.29629629629629,3386,0,0,uniform=1706;sir=1688,43.39244818687439,7e99f75
var_low_po,28,184320,282,0.05673758865248227,229.8581560283688,891,0.0,123.02693602693603,891,0.0,122.22334455667789,3386,0,0,uniform=1706;sir=1688,43.39244818687439,7e99f75
var_low_po,28,245760,282,0.04609929078014184,220.36170212765958,891,0.005611672278338945,144.87317620650953,891,0.001122334455667789,142.19304152637486,3386,0,0,uniform=1706;sir=1688,43.39244818687439,7e99f75
var_low_po,28,307200,282,0.29432624113475175,334.07092198581563,891,0.0,82.40628507295175,891,0.002244668911335578,81.42760942760943,3386,0,0,uniform=1706;sir=1688,43.39244818687439,7e99f75
var_low_po,28,368640,282,0.6099290780141844,432.4078014184397,891,0.0,96.14927048260381,891,0.0,94.74074074074075,3386,0,0,uniform=1706;sir=1688,43.39244818687439,7e99f75
var_low_po,28,430080,282,0.7695035460992907,457.2482269503546,891,0.005611672278338945,96.1952861952862,891,0.001122334455667789,93.04713804713805,3386,0,0,uniform=1706;sir=1688,43.39244818687439,7e99f75
var_low_po,28,491520,282,0.6914893617021277,437.10283687943263,891,0.005611672278338945,94.91694725028059,891,0.004489337822671156,93.80695847362514,3386,0,0,uniform=1706;sir=1688,43.39244818687439,7e99f75
var_low_po,28,552960,282,0.9680851063829787,493.77659574468083,891,0.7272727272727273,402.4601571268238,891,0.7250280583613917,399.0965207631874,3386,0,0,uniform=1706;sir=1688,43.39244818687439,7e99f75
var_low_po,28,614400,282,0.9822695035460993,495.60283687943263,891,0.6397306397306397,349.0179573512907,891,0.6083052749719416,335.9438832772166,3386,0,0,uniform=1706;sir=1688,43.39244818687439,7e99f75
var_snip4,29,0,282,0.0,14.49290780141844,891,0.0,33.77553310886644,891,0.0,33.79012345679013,3542,0,0,uniform=1793;sir=1757,42.612035274505615,7e99f75
var_snip4,29,61440,282,0.36524822695035464,362.6843971631206,891,0.001122334455667789,140.88215488215488,891,0.0,139.32210998877665,3542,0,0,uniform=1793;sir=1757,42.612035274505615,7e99f75
var_snip4,29,122880,282,0.04964539007092199,218.62765957446808,891,0.0,103.87991021324355,891,0.0,103.54657687991022,3542,0,0,uniform=1793;sir=1757,42.612035274505615,7e99f75
var_snip4,29,184320,282,0.9078014184397163,489.86524822695037,891,0.3075196408529742,199.7104377104377,891,0.28058361391694725,189.30190796857462,3542,0,0,uniform=1793;sir=1757,42.612035274505615,7e99f75
var_snip4,29,245760,282,0.0425531914893617,216.17021276595744,891,0.0,116.59034792368125,891,0.0,115.8114478114478,3542,0,0,uniform=1793;sir=1757,42.612035274505615,7e99f75
var_snip4,29,307200,282,0.30851063829787234,423.1241134751773,891,0.4837261503928171,336.4803591470258,891,0.4781144781144781,333.8989898989899,3542,0,0,uniform=1793;sir=1757,42.612035274505615,7e99f75
var_snip4,29,368640,282,0.9432624113475178,493.7517730496454,891,0.7182940516273849,448.6531986531987,891,0.6958473625140292,444.2390572390572,3542,0,0,uniform=1793;sir=1757,42.612035274505615,7e99f75
var_snip4,29,430080,282,0.9964539007092199,498.7304964539007,891,0.9281705948372615,471.2413019079686,891,0.9180695847362514,467.67676767676767,3542,0,0,uniform=1793;sir=1757,42.612035274505615,7e99f75
var_snip4,29,491520,282,1.0,500.0,891,0.6531986531986532,355.7609427609428,891,0.6531986531986532,355.22446689113355,3542,0,0,uniform=1793;sir=1757,42.612035274505615,7e99f75
var_snip4,29,552960,282,0.9893617021276596,497.6666666666667,891,0.8484848484848485,439.9910213243547,891,0.8383838383838383,435.0662177328844,3542,0,0,uniform=1793;sir=1757,42.612035274505615,7e99f75
var_snip4,29,614400,282,0.9893617021276596,495.29787234042556,891,0.001122334455667789,58.517396184062854,891,0.001122334455667789,58.64534231200898,3542,0,0,uniform=1793;sir=1757,42.612035274505615,7e99f75
var_low_po,29,0,282,0.0,21.109929078014183,891,0.0,39.125701459034794,891,0.0,39.25701459034792,3278,0,0,uniform=1662;sir=1624,45.360671043395996,7e99f75
var_low_po,29,61440,282,0.03900709219858156,215.32269503546098,891,0.003367003367003367,139.97979797979798,891,0.001122334455667789,137.46464646464648,3278,0,0,uniform=1662;sir=1624,45.360671043395996,7e99f75
var_low_po,29,122880,282,0.7411347517730497,428.5886524822695,891,0.32435465768799104,232.02132435465768,891,0.3367003367003367,236.3939393939394,3278,0,0,uniform=1662;sir=1624,45.360671043395996,7e99f75
var_low_po,29,184320,282,0.10283687943262411,256.28014184397165,891,0.0,114.61503928170595,891,0.0,113.41414141414141,3278,0,0,uniform=1662;sir=1624,45.360671043395996,7e99f75
var_low_po,29,245760,282,0.07092198581560284,224.29787234042553,891,0.0,118.34231200897868,891,0.0,117.3030303030303,3278,0,0,uniform=1662;sir=1624,45.360671043395996,7e99f75
var_low_po,29,307200,282,0.9929078014184397,496.92198581560285,891,0.22109988776655443,168.99438832772165,891,0.20875420875420875,162.1919191919192,3278,0,0,uniform=1662;sir=1624,45.360671043395996,7e99f75
var_low_po,29,368640,282,0.5638297872340425,355.93617021276594,891,0.1717171717171717,244.1492704826038,891,0.16947250280583614,238.6307519640853,3278,0,0,uniform=1662;sir=1624,45.360671043395996,7e99f75
var_low_po,29,430080,282,0.9787234042553191,492.57801418439715,891,0.5387205387205387,309.1604938271605,891,0.5409652076318743,310.2682379349046,3278,0,0,uniform=1662;sir=1624,45.360671043395996,7e99f75
var_low_po,29,491520,282,0.9858156028368794,495.1063829787234,891,0.34231200897867564,215.0381593714927,891,0.3288439955106622,208.7283950617284,3278,0,0,uniform=1662;sir=1624,45.360671043395996,7e99f75
var_low_po,29,552960,282,0.9929078014184397,496.8085106382979,891,0.07856341189674523,95.49943883277217,891,0.07407407407407407,92.42424242424242,3278,0,0,uniform=1662;sir=1624,45.360671043395996,7e99f75
var_low_po,29,614400,282,0.9858156028368794,493.8581560283688,891,0.05499438832772166,84.36363636363636,891,0.05499438832772166,83.54657687991022,3278,0,0,uniform=1662;sir=1624,45.360671043395996,7e99f75
var_snip4,30,0,282,0.0,21.425531914893618,891,0.0,27.830527497194165,891,0.0,28.077441077441076,3544,0,0,uniform=1793;sir=1759,42.83336400985718,7e99f75
var_snip4,30,61440,282,0.12056737588652482,261.06028368794324,891,0.0,106.09539842873176,891,0.0,105.50953984287318,3544,0,0,uniform=1793;sir=1759,42.83336400985718,7e99f75
var_snip4,30,122880,282,0.25886524822695034,357.36879432624113,891,0.0,150.43658810325476,891,0.0,150.62850729517396,3544,0,0,uniform=1793;sir=1759,42.83336400985718,7e99f75
var_snip4,30,184320,282,0.024822695035460994,223.9113475177305,891,0.0,234.9472502805836,891,0.0,233.14141414141415,3544,0,0,uniform=1793;sir=1759,42.83336400985718,7e99f75
var_snip4,30,245760,282,0.2624113475177305,357.84397163120565,891,0.007856341189674524,161.25140291806957,891,0.014590347923681257,161.09539842873176,3544,0,0,uniform=1793;sir=1759,42.83336400985718,7e99f75
var_snip4,30,307200,282,0.7127659574468085,461.9078014184397,891,0.1638608305274972,278.00561167227835,891,0.16498316498316498,274.22446689113355,3544,0,0,uniform=1793;sir=1759,42.83336400985718,7e99f75
var_snip4,30,368640,282,0.9893617021276596,496.822695035461,891,0.3793490460157127,234.73625140291807,891,0.35353535353535354,223.85185185185185,3544,0,0,uniform=1793;sir=1759,42.83336400985718,7e99f75
var_snip4,30,430080,282,0.9858156028368794,493.6276595744681,891,0.0,55.764309764309765,891,0.001122334455667789,55.50729517396184,3544,0,0,uniform=1793;sir=1759,42.83336400985718,7e99f75
var_snip4,30,491520,282,0.9893617021276596,496.2269503546099,891,0.5723905723905723,321.04040404040404,891,0.5420875420875421,308.5892255892256,3544,0,0,uniform=1793;sir=1759,42.83336400985718,7e99f75
var_snip4,30,552960,282,0.9929078014184397,497.0,891,0.05611672278338945,88.20426487093154,891,0.05723905723905724,87.85297418630752,3544,0,0,uniform=1793;sir=1759,42.83336400985718,7e99f75
var_snip4,30,614400,282,0.6879432624113475,452.177304964539,891,0.7687991021324355,408.08641975308643,891,0.7721661054994389,409.2929292929293,3544,0,0,uniform=1793;sir=1759,42.83336400985718,7e99f75
var_snip4,31,0,282,0.0,28.673758865248228,891,0.0,29.356902356902356,891,0.0,28.597081930415264,3725,0,0,uniform=1896;sir=1837,42.80316710472107,7e99f75
var_snip4,31,61440,282,0.0425531914893617,213.2127659574468,891,0.0,124.21436588103255,891,0.0,123.45454545454545,3725,0,0,uniform=1896;sir=1837,42.80316710472107,7e99f75
var_snip4,31,122880,282,0.34397163120567376,368.7482269503546,891,0.0,155.341189674523,891,0.001122334455667789,153.65768799102133,3725,0,0,uniform=1896;sir=1837,42.80316710472107,7e99f75
var_snip4,31,184320,282,0.9574468085106383,494.9751773049645,891,0.4713804713804714,364.6644219977553,891,0.4511784511784512,352.6206509539843,3725,0,0,uniform=1896;sir=1837,42.80316710472107,7e99f75
var_snip4,31,245760,282,0.4574468085106383,420.8191489361702,891,0.2166105499438833,223.5645342312009,891,0.19304152637485972,216.35129068462402,3725,0,0,uniform=1896;sir=1837,42.80316710472107,7e99f75
var_snip4,31,307200,282,0.031914893617021274,221.1241134751773,891,0.0,112.34567901234568,891,0.0,110.72839506172839,3725,0,0,uniform=1896;sir=1837,42.80316710472107,7e99f75
var_snip4,31,368640,282,0.03900709219858156,203.7304964539007,891,0.0,116.04489337822672,891,0.0,115.26374859708193,3725,0,0,uniform=1896;sir=1837,42.80316710472107,7e99f75
var_snip4,31,430080,282,0.7836879432624113,472.01418439716315,891,0.015712682379349047,81.12457912457913,891,0.014590347923681257,84.47586980920315,3725,0,0,uniform=1896;sir=1837,42.80316710472107,7e99f75
var_snip4,31,491520,282,0.9964539007092199,499.26241134751774,891,0.755331088664422,398.287317620651,891,0.7508417508417509,396.1447811447811,3725,0,0,uniform=1896;sir=1837,42.80316710472107,7e99f75
var_snip4,31,552960,282,0.07092198581560284,365.25531914893617,891,0.2053872053872054,231.13131313131314,891,0.2031425364758698,223.66666666666666,3725,0,0,uniform=1896;sir=1837,42.80316710472107,7e99f75
var_snip4,31,614400,282,0.9858156028368794,496.61347517730496,891,0.7856341189674523,428.14590347923684,891,0.7710437710437711,422.38496071829405,3725,0,0,uniform=1896;sir=1837,42.80316710472107,7e99f75
var_low_po,30,0,282,0.0,13.049645390070921,891,0.0,32.317620650953984,891,0.0,32.36475869809203,3221,0,0,uniform=1655;sir=1574,45.98307394981384,7e99f75
var_low_po,30,61440,282,0.20567375886524822,296.57092198581563,891,0.02244668911335578,175.5050505050505,891,0.025813692480359147,173.22783389450055,3221,0,0,uniform=1655;sir=1574,45.98307394981384,7e99f75
var_low_po,30,122880,282,0.1702127659574468,293.1808510638298,891,0.10549943883277217,184.56004489337823,891,0.10101010101010101,186.8608305274972,3221,0,0,uniform=1655;sir=1574,45.98307394981384,7e99f75
var_low_po,30,184320,282,0.3723404255319149,349.5390070921986,891,0.007856341189674524,195.40965207631874,891,0.006734006734006734,192.0381593714927,3221,0,0,uniform=1655;sir=1574,45.98307394981384,7e99f75
var_low_po,30,245760,282,0.49645390070921985,407.7836879432624,891,0.10549943883277217,143.0448933782267,891,0.09427609427609428,134.08641975308643,3221,0,0,uniform=1655;sir=1574,45.98307394981384,7e99f75
var_low_po,30,307200,282,0.05319148936170213,205.37943262411346,891,0.015712682379349047,145.87878787878788,891,0.014590347923681257,144.21548821548822,3221,0,0,uniform=1655;sir=1574,45.98307394981384,7e99f75
var_low_po,30,368640,282,0.5460992907801419,390.6666666666667,891,0.005611672278338945,96.19079685746352,891,0.001122334455667789,92.16498316498317,3221,0,0,uniform=1655;sir=1574,45.98307394981384,7e99f75
var_low_po,30,430080,282,0.6737588652482269,433.1063829787234,891,0.29741863075196406,199.16835016835017,891,0.2962962962962963,197.85521885521885,3221,0,0,uniform=1655;sir=1574,45.98307394981384,7e99f75
var_low_po,30,491520,282,0.7836879432624113,461.24468085106383,891,0.10998877665544332,112.49046015712682,891,0.09652076318742986,106.85409652076319,3221,0,0,uniform=1655;sir=1574,45.98307394981384,7e99f75
var_low_po,30,552960,282,0.9858156028368794,494.0496453900709,891,0.2166105499438833,158.59708193041527,891,0.19528619528619529,149.46801346801348,3221,0,0,uniform=1655;sir=1574,45.98307394981384,7e99f75
var_low_po,30,614400,282,0.9893617021276596,495.3085106382979,891,0.005611672278338945,60.65544332210999,891,0.008978675645342313,62.205387205387204,3221,0,0,uniform=1655;sir=1574,45.98307394981384,7e99f75
var_low_po,31,0,282,0.0,13.446808510638299,891,0.0,32.17957351290685,891,0.0,32.317620650953984,3431,0,0,uniform=1711;sir=1728,48.84116792678833,7e99f75
var_low_po,31,61440,282,0.36879432624113473,372.2304964539007,891,0.04152637485970819,221.89450056116723,891,0.04040404040404041,220.1672278338945,3431,0,0,uniform=1711;sir=1728,48.84116792678833,7e99f75
var_low_po,31,122880,282,0.05673758865248227,228.1418439716312,891,0.0,117.75308641975309,891,0.0,115.94500561167227,3431,0,0,uniform=1711;sir=1728,48.84116792678833,7e99f75
var_low_po,31,184320,282,0.13829787234042554,272.5744680851064,891,0.0,136.02918069584737,891,0.001122334455667789,134.04040404040404,3431,0,0,uniform=1711;sir=1728,48.84116792678833,7e99f75
var_low_po,31,245760,282,0.1524822695035461,292.0390070921986,891,0.024691358024691357,152.23793490460156,891,0.02244668911335578,151.43771043771045,3431,0,0,uniform=1711;sir=1728,48.84116792678833,7e99f75
var_low_po,31,307200,282,0.648936170212766,454.0673758865248,891,0.001122334455667789,99.36026936026936,891,0.001122334455667789,97.34118967452301,3431,0,0,uniform=1711;sir=1728,48.84116792678833,7e99f75
var_low_po,31,368640,282,0.9539007092198581,493.0425531914894,891,0.3265993265993266,209.08866442199775,891,0.31425364758698093,204.8597081930415,3431,0,0,uniform=1711;sir=1728,48.84116792678833,7e99f75
var_low_po,31,430080,282,0.9822695035460993,494.3936170212766,891,0.1638608305274972,137.91021324354656,891,0.14927048260381592,130.5712682379349,3431,0,0,uniform=1711;sir=1728,48.84116792678833,7e99f75
var_low_po,31,491520,282,0.975177304964539,493.60283687943263,891,0.4624017957351291,263.6936026936027,891,0.4489337822671156,258.20089786756455,3431,0,0,uniform=1711;sir=1728,48.84116792678833,7e99f75
var_low_po,31,552960,282,0.9893617021276596,498.21985815602835,891,0.7620650953984287,401.79236812570144,891,0.7665544332210998,404.020202020202,3431,0,0,uniform=1711;sir=1728,48.84116792678833,7e99f75
var_low_po,31,614400,282,0.9822695035460993,494.2588652482269,891,0.3344556677890011,214.01122334455667,891,0.3389450056116723,214.84511784511784,3431,0,0,uniform=1711;sir=1728,48.84116792678833,7e99f75
var_snip4,32,0,282,0.0,55.54255319148936,891,0.0,23.36026936026936,891,0.0,23.150392817059483,3958,0,0,uniform=1920;sir=2046,47.074461936950684,7e99f75
var_snip4,32,61440,282,0.7127659574468085,458.09929078014187,891,0.002244668911335578,224.34231200897867,891,0.001122334455667789,221.58698092031426,3958,0,0,uniform=1920;sir=2046,47.074461936950684,7e99f75
var_snip4,32,122880,282,0.10283687943262411,289.71276595744683,891,0.0,131.26711560044893,891,0.0,128.64309764309763,3958,0,0,uniform=1920;sir=2046,47.074461936950684,7e99f75
var_snip4,32,184320,282,0.4929078014184397,427.5425531914894,891,0.007856341189674524,140.8327721661055,891,0.005611672278338945,138.5398428731762,3958,0,0,uniform=1920;sir=2046,47.074461936950684,7e99f75
var_snip4,32,245760,282,0.08865248226950355,280.1843971631206,891,0.019079685746352413,154.7564534231201,891,0.019079685746352413,152.8092031425365,3958,0,0,uniform=1920;sir=2046,47.074461936950684,7e99f75
var_snip4,32,307200,282,0.07446808510638298,322.4751773049645,891,0.002244668911335578,105.2996632996633,891,0.002244668911335578,105.01346801346801,3958,0,0,uniform=1920;sir=2046,47.074461936950684,7e99f75
var_snip4,32,368640,282,0.9787234042553191,496.48936170212767,891,0.16610549943883277,144.4219977553311,891,0.14590347923681257,136.35016835016836,3958,0,0,uniform=1920;sir=2046,47.074461936950684,7e99f75
var_snip4,32,430080,282,0.900709219858156,486.36879432624113,891,0.8035914702581369,422.81481481481484,891,0.7822671156004489,414.2065095398429,3958,0,0,uniform=1920;sir=2046,47.074461936950684,7e99f75
var_snip4,32,491520,282,0.9574468085106383,492.1666666666667,891,0.7160493827160493,403.53198653198655,891,0.7216610549943884,404.1739618406285,3958,0,0,uniform=1920;sir=2046,47.074461936950684,7e99f75
var_snip4,32,552960,282,0.9893617021276596,495.31205673758865,891,0.001122334455667789,59.95959595959596,891,0.001122334455667789,59.607182940516275,3958,0,0,uniform=1920;sir=2046,47.074461936950684,7e99f75
var_snip4,32,614400,282,0.9716312056737588,486.9929078014184,891,0.002244668911335578,55.29180695847362,891,0.001122334455667789,54.97306397306397,3958,0,0,uniform=1920;sir=2046,47.074461936950684,7e99f75
var_low_po,32,0,282,0.0,13.446808510638299,891,0.0,30.125701459034794,891,0.0,30.002244668911334,3035,0,0,uniform=1527;sir=1516,48.63111400604248,7e99f75
var_low_po,32,61440,282,0.23404255319148937,333.8510638297872,891,0.002244668911335578,145.88215488215488,891,0.0,143.39281705948372,3035,0,0,uniform=1527;sir=1516,48.63111400604248,7e99f75
var_low_po,32,122880,282,0.06382978723404255,227.86524822695034,891,0.025813692480359147,146.5746352413019,891,0.019079685746352413,141.20987654320987,3035,0,0,uniform=1527;sir=1516,48.63111400604248,7e99f75
var_low_po,32,184320,282,0.3723404255319149,360.91843971631204,891,0.0,74.07519640852975,891,0.002244668911335578,72.51402918069584,3035,0,0,uniform=1527;sir=1516,48.63111400604248,7e99f75
var_low_po,32,245760,282,0.9609929078014184,489.6489361702128,891,0.7845117845117845,412.48148148148147,891,0.7822671156004489,411.36700336700335,3035,0,0,uniform=1527;sir=1516,48.63111400604248,7e99f75
var_low_po,32,307200,282,0.9326241134751773,484.79787234042556,891,0.7845117845117845,413.679012345679,891,0.7867564534231201,414.0729517396184,3035,0,0,uniform=1527;sir=1516,48.63111400604248,7e99f75
var_low_po,32,368640,282,0.9042553191489362,471.66312056737587,891,0.0,108.75308641975309,891,0.0,110.05611672278339,3035,0,0,uniform=1527;sir=1516,48.63111400604248,7e99f75
var_low_po,32,430080,282,0.13120567375886524,243.9964539007092,891,0.0,149.98877665544333,891,0.0,149.1077441077441,3035,0,0,uniform=1527;sir=1516,48.63111400604248,7e99f75
var_low_po,32,491520,282,0.776595744680851,418.38652482269504,891,0.22334455667789002,174.53535353535352,891,0.21099887766554434,168.665544332211,3035,0,0,uniform=1527;sir=1516,48.63111400604248,7e99f75
var_low_po,32,552960,282,0.9397163120567376,484.98581560283685,891,0.0931537598204265,104.33333333333333,891,0.09876543209876543,106.31200897867565,3035,0,0,uniform=1527;sir=1516,48.63111400604248,7e99f75
var_low_po,32,614400,282,0.8085106382978723,437.6099290780142,891,0.3445566778900112,218.92929292929293,891,0.35129068462401797,221.54433221099887,3035,0,0,uniform=1527;sir=1516,48.63111400604248,7e99f75
var_snip4,33,0,282,0.0,26.95744680851064,891,0.0,26.383838383838384,891,0.0,25.72053872053872,3651,0,0,uniform=1793;sir=1866,46.54682421684265,7e99f75
var_snip4,33,61440,282,0.16312056737588654,296.09574468085106,891,0.0,119.28843995510663,891,0.0,118.3557800224467,3651,0,0,uniform=1793;sir=1866,46.54682421684265,7e99f75
var_snip4,33,122880,282,0.0673758865248227,240.43971631205673,891,0.0,111.97979797979798,891,0.0,111.2615039281706,3651,0,0,uniform=1793;sir=1866,46.54682421684265,7e99f75
var_snip4,33,184320,282,0.05673758865248227,251.03900709219857,891,0.001122334455667789,132.8260381593715,891,0.001122334455667789,131.66666666666666,3651,0,0,uniform=1793;sir=1866,46.54682421684265,7e99f75
var_snip4,33,245760,282,0.06382978723404255,240.5177304964539,891,0.0,118.39281705948373,891,0.0,117.60830527497194,3651,0,0,uniform=1793;sir=1866,46.54682421684265,7e99f75
var_snip4,33,307200,282,0.9964539007092199,498.5,891,0.8641975308641975,447.06734006734007,891,0.8608305274971941,445.023569023569,3651,0,0,uniform=1793;sir=1866,46.54682421684265,7e99f75
var_snip4,33,368640,282,0.9929078014184397,497.22340425531917,891,0.9214365881032548,468.0617283950617,891,0.9001122334455668,459.52076318742985,3651,0,0,uniform=1793;sir=1866,46.54682421684265,7e99f75
var_snip4,33,430080,282,0.9893617021276596,496.2517730496454,891,0.5364758698092031,302.60381593714925,891,0.5274971941638609,299.27721661054994,3651,0,0,uniform=1793;sir=1866,46.54682421684265,7e99f75
var_snip4,33,491520,282,0.9858156028368794,496.0886524822695,891,0.1414141414141414,126.12906846240179,891,0.12906846240179573,120.79910213243546,3651,0,0,uniform=1793;sir=1866,46.54682421684265,7e99f75
var_snip4,33,552960,282,0.9893617021276596,497.29432624113474,891,0.5667789001122334,314.96408529741865,891,0.5600448933782267,312.7519640852974,3651,0,0,uniform=1793;sir=1866,46.54682421684265,7e99f75
var_snip4,33,614400,282,0.9893617021276596,495.26241134751774,891,0.002244668911335578,57.73625140291807,891,0.001122334455667789,57.38159371492705,3651,0,0,uniform=1793;sir=1866,46.54682421684265,7e99f75
var_low_po,33,0,282,0.0,13.546099290780141,891,0.0,35.48148148148148,891,0.0,36.79236812570146,3368,0,0,uniform=1771;sir=1605,49.085773229599,7e99f75
var_low_po,33,61440,282,0.3617021276595745,376.5496453900709,891,0.22783389450056116,253.0594837261504,891,0.2255892255892256,246.58698092031426,3368,0,0,uniform=1771;sir=1605,49.085773229599,7e99f75
var_low_po,33,122880,282,0.01773049645390071,215.6950354609929,891,0.0,126.77328843995511,891,0.0,125.97979797979798,3368,0,0,uniform=1771;sir=1605,49.085773229599,7e99f75
var_low_po,33,184320,282,0.028368794326241134,186.78014184397162,891,0.0,113.79461279461279,891,0.0,112.98653198653199,3368,0,0,uniform=1771;sir=1605,49.085773229599,7e99f75
var_low_po,33,245760,282,0.3049645390070922,323.21985815602835,891,0.13692480359147025,194.68013468013467,891,0.12794612794612795,183.7564534231201,3368,0,0,uniform=1771;sir=1605,49.085773229599,7e99f75
var_low_po,33,307200,282,0.4858156028368794,403.42907801418437,891,0.4377104377104377,335.26038159371495,891,0.41975308641975306,330.58698092031426,3368,0,0,uniform=1771;sir=1605,49.085773229599,7e99f75
var_low_po,33,368640,282,0.9113475177304965,483.77659574468083,891,0.14927048260381592,172.26936026936028,891,0.15488215488215487,174.63299663299662,3368,0,0,uniform=1771;sir=1605,49.085773229599,7e99f75
var_low_po,33,430080,282,0.9929078014184397,496.93617021276594,891,0.2536475869809203,178.0628507295174,891,0.21773288439955107,162.64646464646464,3368,0,0,uniform=1771;sir=1605,49.085773229599,7e99f75
var_low_po,33,491520,282,0.8546099290780141,465.4609929078014,891,0.5858585858585859,325.1952861952862,891,0.5881032547699214,325.00112233445566,3368,0,0,uniform=1771;sir=1605,49.085773229599,7e99f75
var_low_po,33,552960,282,0.4929078014184397,383.1418439716312,891,0.002244668911335578,90.27160493827161,891,0.002244668911335578,90.32996632996633,3368,0,0,uniform=1771;sir=1605,49.085773229599,7e99f75
var_low_po,33,614400,282,0.9893617021276596,496.3758865248227,891,0.3995510662177329,243.7003367003367,891,0.35353535353535354,224.8922558922559,3368,0,0,uniform=1771;sir=1605,49.085773229599,7e99f75
var_snip4,34,0,282,0.1453900709219858,120.02836879432624,891,0.0,54.10774410774411,891,0.0,54.38159371492705,3679,0,0,uniform=1858;sir=1829,47.768548011779785,7e99f75
var_snip4,34,61440,282,0.010638297872340425,179.5035460992908,891,0.0,121.04040404040404,891,0.002244668911335578,120.79236812570146,3679,0,0,uniform=1858;sir=1829,47.768548011779785,7e99f75
var_snip4,34,122880,282,0.41134751773049644,443.8829787234043,891,0.2850729517396184,281.5476992143659,891,0.29292929292929293,282.49607182940514,3679,0,0,uniform=1858;sir=1829,47.768548011779785,7e99f75
var_snip4,34,184320,282,0.024822695035460994,208.71985815602838,891,0.0,106.50392817059483,891,0.0,106.1391694725028,3679,0,0,uniform=1858;sir=1829,47.768548011779785,7e99f75
var_snip4,34,245760,282,0.14893617021276595,318.4326241134752,891,0.007856341189674524,165.2996632996633,891,0.015712682379349047,167.4354657687991,3679,0,0,uniform=1858;sir=1829,47.768548011779785,7e99f75
var_snip4,34,307200,282,0.4574468085106383,415.9255319148936,891,0.19753086419753085,259.662177328844,891,0.1941638608305275,256.16947250280583,3679,0,0,uniform=1858;sir=1829,47.768548011779785,7e99f75
var_snip4,34,368640,282,0.975177304964539,493.7269503546099,891,0.49158249158249157,292.9034792368126,891,0.4983164983164983,293.67676767676767,3679,0,0,uniform=1858;sir=1829,47.768548011779785,7e99f75
var_snip4,34,430080,282,0.9929078014184397,496.9751773049645,891,0.27497194163860833,188.6273849607183,891,0.2356902356902357,172.85521885521885,3679,0,0,uniform=1858;sir=1829,47.768548011779785,7e99f75
var_snip4,34,491520,282,0.9929078014184397,498.1276595744681,891,0.1526374859708193,132.34455667789,891,0.13916947250280584,125.4006734006734,3679,0,0,uniform=1858;sir=1829,47.768548011779785,7e99f75
var_snip4,34,552960,282,0.9539007092198581,479.07092198581563,891,0.002244668911335578,55.2020202020202,891,0.001122334455667789,54.9023569023569,3679,0,0,uniform=1858;sir=1829,47.768548011779785,7e99f75
var_snip4,34,614400,282,0.9822695035460993,496.02836879432624,891,0.8473625140291807,438.7833894500561,891,0.8215488215488216,428.2693602693603,3679,0,0,uniform=1858;sir=1829,47.768548011779785,7e99f75
var_low_po,34,0,282,0.0,13.99645390070922,891,0.0,32.92031425364759,891,0.0,33.00673400673401,3458,0,0,uniform=1696;sir=1770,49.320624113082886,7e99f75
var_low_po,34,61440,282,0.04964539007092199,208.9787234042553,891,0.0,100.60718294051627,891,0.0,100.30078563411897,3458,0,0,uniform=1696;sir=1770,49.320624113082886,7e99f75
var_low_po,34,122880,282,0.09574468085106383,288.97163120567376,891,0.0,135.45117845117846,891,0.0,134.10998877665546,3458,0,0,uniform=1696;sir=1770,49.320624113082886,7e99f75
var_low_po,34,184320,282,0.03900709219858156,206.8581560283688,891,0.0,108.88439955106622,891,0.0,108.37710437710437,3458,0,0,uniform=1696;sir=1770,49.320624113082886,7e99f75
var_low_po,34,245760,282,0.11702127659574468,251.81560283687944,891,0.02244668911335578,164.24130190796856,891,0.02244668911335578,160.59147025813692,3458,0,0,uniform=1696;sir=1770,49.320624113082886,7e99f75
var_low_po,34,307200,282,0.16666666666666666,292.40425531914894,891,0.19865319865319866,229.35578002244668,891,0.19528619528619529,222.4769921436588,3458,0,0,uniform=1696;sir=1770,49.320624113082886,7e99f75
var_low_po,34,368640,282,0.9893617021276596,495.34397163120565,891,0.030303030303030304,75.54096520763187,891,0.026936026936026935,73.90347923681257,3458,0,0,uniform=1696;sir=1770,49.320624113082886,7e99f75
var_low_po,34,430080,282,0.975177304964539,495.5390070921986,891,0.13804713804713806,129.01907968574636,891,0.14590347923681257,131.96632996632997,3458,0,0,uniform=1696;sir=1770,49.320624113082886,7e99f75
var_low_po,34,491520,282,0.9893617021276596,496.6170212765957,891,0.4567901234567901,264.99214365881033,891,0.4377104377104377,257.5151515151515,3458,0,0,uniform=1696;sir=1770,49.320624113082886,7e99f75
var_low_po,34,552960,282,0.9929078014184397,497.6489361702128,891,0.8686868686868687,446.73400673400675,891,0.8451178451178452,436.8574635241302,3458,0,0,uniform=1696;sir=1770,49.320624113082886,7e99f75
var_low_po,34,614400,282,0.8687943262411347,477.7340425531915,891,0.02132435465768799,122.74410774410775,891,0.016835016835016835,117.79236812570146,3458,0,0,uniform=1696;sir=1770,49.320624113082886,7e99f75
var_snip4,35,0,282,0.0,24.69503546099291,891,0.0,22.48260381593715,891,0.0,23.235690235690235,3866,0,0,uniform=1966;sir=1908,47.29778790473938,7e99f75
var_snip4,35,61440,282,0.1099290780141844,279.8156028368794,891,0.0,122.45679012345678,891,0.0,121.60606060606061,3866,0,0,uniform=1966;sir=1908,47.29778790473938,7e99f75
var_snip4,35,122880,282,0.07446808510638298,238.47517730496455,891,0.001122334455667789,112.18742985409652,891,0.0,111.32098765432099,3866,0,0,uniform=1966;sir=1908,47.29778790473938,7e99f75
var_snip4,35,184320,282,0.8191489361702128,477.85460992907804,891,0.6060606060606061,426.70931537598204,891,0.5881032547699214,419.20089786756455,3866,0,0,uniform=1966;sir=1908,47.29778790473938,7e99f75
var_snip4,35,245760,282,0.19858156028368795,343.0248226950355,891,0.024691358024691357,168.86195286195286,891,0.02356902356902357,162.20987654320987,3866,0,0,uniform=1966;sir=1908,47.29778790473938,7e99f75
var_snip4,35,307200,282,0.0425531914893617,224.61702127659575,891,0.0,113.06060606060606,891,0.0,112.32884399551067,3866,0,0,uniform=1966;sir=1908,47.29778790473938,7e99f75
var_snip4,35,368640,282,0.09219858156028368,355.9609929078014,891,0.45454545454545453,301.89337822671155,891,0.45230078563411896,300.04264870931536,3866,0,0,uniform=1966;sir=1908,47.29778790473938,7e99f75
var_snip4,35,430080,282,0.9716312056737588,493.52127659574467,891,0.5768799102132436,350.30415263748597,891,0.5510662177328844,340.334455667789,3866,0,0,uniform=1966;sir=1908,47.29778790473938,7e99f75
var_snip4,35,491520,282,0.9929078014184397,498.709219858156,891,0.6453423120089786,351.4040404040404,891,0.6599326599326599,357.1672278338945,3866,0,0,uniform=1966;sir=1908,47.29778790473938,7e99f75
var_snip4,35,552960,282,0.975177304964539,494.3900709219858,891,0.7901234567901234,422.78226711560046,891,0.7912457912457912,420.2300785634119,3866,0,0,uniform=1966;sir=1908,47.29778790473938,7e99f75
var_snip4,35,614400,282,0.9929078014184397,497.5851063829787,891,0.9236812570145904,469.2154882154882,891,0.9124579124579124,464.6666666666667,3866,0,0,uniform=1966;sir=1908,47.29778790473938,7e99f75
var_low_po,35,0,282,0.0,13.847517730496454,891,0.0,32.92929292929293,891,0.0,32.90011223344557,3279,0,0,uniform=1662;sir=1625,49.9504599571228,7e99f75
var_low_po,35,61440,282,0.04609929078014184,210.31205673758865,891,0.001122334455667789,130.15824915824916,891,0.0,128.22895622895624,3279,0,0,uniform=1662;sir=1625,49.9504599571228,7e99f75
var_low_po,35,122880,282,0.04609929078014184,203.62765957446808,891,0.0,109.52413019079685,891,0.0,108.31200897867565,3279,0,0,uniform=1662;sir=1625,49.9504599571228,7e99f75
var_low_po,35,184320,282,0.0673758865248227,267.20567375886526,891,0.0,127.24915824915826,891,0.0,126.26711560044893,3279,0,0,uniform=1662;sir=1625,49.9504599571228,7e99f75
var_low_po,35,245760,282,0.2695035460992908,339.99645390070924,891,0.006734006734006734,83.70370370370371,891,0.008978675645342313,80.01234567901234,3279,0,0,uniform=1662;sir=1625,49.9504599571228,7e99f75
var_low_po,35,307200,282,0.9148936170212766,486.9645390070922,891,0.002244668911335578,116.24130190796858,891,0.002244668911335578,113.18518518518519,3279,0,0,uniform=1662;sir=1625,49.9504599571228,7e99f75
var_low_po,35,368640,282,0.9929078014184397,496.8829787234043,891,0.12794612794612795,117.86531986531986,891,0.10549943883277217,107.69809203142536,3279,0,0,uniform=1662;sir=1625,49.9504599571228,7e99f75
var_low_po,35,430080,282,0.9893617021276596,496.8085106382979,891,0.25813692480359146,177.07856341189674,891,0.23681257014590348,168.46576879910214,3279,0,0,uniform=1662;sir=1625,49.9504599571228,7e99f75
var_low_po,35,491520,282,0.9893617021276596,495.2695035460993,891,0.1526374859708193,128.58024691358025,891,0.16722783389450055,135.45679012345678,3279,0,0,uniform=1662;sir=1625,49.9504599571228,7e99f75
var_low_po,35,552960,282,0.8794326241134752,462.5177304964539,891,0.45230078563411896,312.8686868686869,891,0.44332210998877664,307.93939393939394,3279,0,0,uniform=1662;sir=1625,49.9504599571228,7e99f75
var_low_po,35,614400,282,0.9468085106382979,484.11347517730496,891,0.4713804713804714,283.30190796857465,891,0.4478114478114478,273.2716049382716,3279,0,0,uniform=1662;sir=1625,49.9504599571228,7e99f75
var_snip4,36,0,282,0.0,49.62056737588652,891,0.0,18.95959595959596,891,0.0,18.836139169472503,3724,0,0,uniform=1833;sir=1899,46.99516177177429,7e99f75
var_snip4,36,61440,282,0.03900709219858156,238.13829787234042,891,0.0,116.83164983164983,891,0.0,116.24579124579125,3724,0,0,uniform=1833;sir=1899,46.99516177177429,7e99f75
var_snip4,36,122880,282,0.1099290780141844,264.8014184397163,891,0.0,111.05050505050505,891,0.0,110.2996632996633,3724,0,0,uniform=1833;sir=1899,46.99516177177429,7e99f75
var_snip4,36,184320,282,0.24468085106382978,343.0744680851064,891,0.001122334455667789,143.01122334455667,891,0.0,143.5218855218855,3724,0,0,uniform=1833;sir=1899,46.99516177177429,7e99f75
var_snip4,36,245760,282,0.3971631205673759,398.16312056737587,891,0.010101010101010102,179.30527497194163,891,0.013468013468013467,180.6341189674523,3724,0,0,uniform=1833;sir=1899,46.99516177177429,7e99f75
var_snip4,36,307200,282,0.32978723404255317,395.82978723404256,891,0.001122334455667789,87.83501683501683,891,0.001122334455667789,89.57687991021325,3724,0,0,uniform=1833;sir=1899,46.99516177177429,7e99f75
var_snip4,36,368640,282,0.9822695035460993,494.6489361702128,891,0.004489337822671156,62.0381593714927,891,0.005611672278338945,62.337822671156005,3724,0,0,uniform=1833;sir=1899,46.99516177177429,7e99f75
var_snip4,36,430080,282,0.9964539007092199,498.40070921985813,891,0.15151515151515152,134.98765432098764,891,0.13692480359147025,127.68911335578002,3724,0,0,uniform=1833;sir=1899,46.99516177177429,7e99f75
var_snip4,36,491520,282,0.9893617021276596,495.4113475177305,891,0.24130190796857465,172.23120089786755,891,0.25140291806958476,175.84175084175084,3724,0,0,uniform=1833;sir=1899,46.99516177177429,7e99f75
var_snip4,36,552960,282,0.9893617021276596,497.2517730496454,891,0.9057239057239057,462.78226711560046,891,0.8900112233445566,456.26599326599325,3724,0,0,uniform=1833;sir=1899,46.99516177177429,7e99f75
var_snip4,36,614400,282,0.9858156028368794,494.677304964539,891,0.001122334455667789,60.709315375982044,891,0.006734006734006734,62.78787878787879,3724,0,0,uniform=1833;sir=1899,46.99516177177429,7e99f75
var_snip4,37,0,282,0.0,11.652482269503546,891,0.0,11.47138047138047,891,0.0,11.289562289562289,3657,0,0,uniform=1817;sir=1848,42.42259192466736,7e99f75
var_snip4,37,61440,282,0.05673758865248227,221.48581560283688,891,0.0,119.6902356902357,891,0.0,118.59820426487093,3657,0,0,uniform=1817;sir=1848,42.42259192466736,7e99f75
var_snip4,37,122880,282,0.07801418439716312,262.78014184397165,891,0.0,119.88103254769922,891,0.0,119.15937149270482,3657,0,0,uniform=1817;sir=1848,42.42259192466736,7e99f75
var_snip4,37,184320,282,0.1773049645390071,336.4574468085106,891,0.0,136.668911335578,891,0.0,135.8193041526375,3657,0,0,uniform=1817;sir=1848,42.42259192466736,7e99f75
var_snip4,37,245760,282,0.09574468085106383,346.5390070921986,891,0.3995510662177329,300.4736251402918,891,0.38608305274971944,291.51627384960716,3657,0,0,uniform=1817;sir=1848,42.42259192466736,7e99f75
var_snip4,37,307200,282,0.11702127659574468,262.17021276595744,891,0.001122334455667789,112.71717171717172,891,0.0,111.82828282828282,3657,0,0,uniform=1817;sir=1848,42.42259192466736,7e99f75
var_snip4,37,368640,282,0.9716312056737588,495.6063829787234,891,0.4062850729517396,252.21436588103253,891,0.3939393939393939,247.1806958473625,3657,0,0,uniform=1817;sir=1848,42.42259192466736,7e99f75
var_snip4,37,430080,282,0.9893617021276596,495.2730496453901,891,0.001122334455667789,57.31200897867564,891,0.0,57.05162738496072,3657,0,0,uniform=1817;sir=1848,42.42259192466736,7e99f75
var_snip4,37,491520,282,0.9893617021276596,495.29787234042556,891,0.001122334455667789,57.629629629629626,891,0.001122334455667789,57.38383838383838,3657,0,0,uniform=1817;sir=1848,42.42259192466736,7e99f75
var_snip4,37,552960,282,0.9432624113475178,475.3191489361702,891,0.001122334455667789,55.30976430976431,891,0.0,54.931537598204265,3657,0,0,uniform=1817;sir=1848,42.42259192466736,7e99f75
var_snip4,37,614400,282,0.9219858156028369,475.86879432624113,891,0.0,56.113355780022445,891,0.0,56.00561167227834,3657,0,0,uniform=1817;sir=1848,42.42259192466736,7e99f75
var_low_po,36,0,282,0.0,13.088652482269504,891,0.0,32.123456790123456,891,0.0,32.32884399551066,3262,0,0,uniform=1673;sir=1597,46.44090795516968,7e99f75
var_low_po,36,61440,282,0.2730496453900709,356.52836879432624,891,0.1750841750841751,248.10662177328845,891,0.15488215488215487,239.65432098765433,3262,0,0,uniform=1673;sir=1597,46.44090795516968,7e99f75
var_low_po,36,122880,282,0.1276595744680851,300.36524822695037,891,0.002244668911335578,151.72727272727272,891,0.0,149.30415263748597,3262,0,0,uniform=1673;sir=1597,46.44090795516968,7e99f75
var_low_po,36,184320,282,0.42907801418439717,375.15602836879435,891,0.41301907968574636,374.80359147025814,891,0.44219977553310885,377.1705948372615,3262,0,0,uniform=1673;sir=1597,46.44090795516968,7e99f75
var_low_po,36,245760,282,0.12411347517730496,276.3936170212766,891,0.0,137.0628507295174,891,0.0,137.25813692480358,3262,0,0,uniform=1673;sir=1597,46.44090795516968,7e99f75
var_low_po,36,307200,282,0.7588652482269503,467.4609929078014,891,0.41414141414141414,282.14141414141415,891,0.39281705948372614,273.665544332211,3262,0,0,uniform=1673;sir=1597,46.44090795516968,7e99f75
var_low_po,36,368640,282,0.22695035460992907,289.7269503546099,891,0.005611672278338945,185.68911335578002,891,0.006734006734006734,181.98204264870932,3262,0,0,uniform=1673;sir=1597,46.44090795516968,7e99f75
var_low_po,36,430080,282,0.8652482269503546,465.322695035461,891,0.5667789001122334,315.04040404040404,891,0.5634118967452301,313.60493827160496,3262,0,0,uniform=1673;sir=1597,46.44090795516968,7e99f75
var_low_po,36,491520,282,0.875886524822695,460.9609929078014,891,0.43434343434343436,255.91358024691357,891,0.4298540965207632,252.34343434343435,3262,0,0,uniform=1673;sir=1597,46.44090795516968,7e99f75
var_low_po,36,552960,282,0.9574468085106383,488.60283687943263,891,0.23905723905723905,180.23456790123456,891,0.21885521885521886,175.2368125701459,3262,0,0,uniform=1673;sir=1597,46.44090795516968,7e99f75
var_low_po,36,614400,282,0.9822695035460993,494.3404255319149,891,0.7104377104377104,379.1930415263749,891,0.7025813692480359,375.7676767676768,3262,0,0,uniform=1673;sir=1597,46.44090795516968,7e99f75
var_low_po,37,0,282,0.0,13.195035460992909,891,0.0,32.11447811447812,891,0.0,30.32435465768799,3303,0,0,uniform=1643;sir=1668,47.42856001853943,7e99f75
var_low_po,37,61440,282,0.06028368794326241,208.47517730496455,891,0.0,99.8675645342312,891,0.0,99.52188552188552,3303,0,0,uniform=1643;sir=1668,47.42856001853943,7e99f75
var_low_po,37,122880,282,0.05673758865248227,208.75886524822695,891,0.001122334455667789,110.96408529741863,891,0.0,110.44219977553311,3303,0,0,uniform=1643;sir=1668,47.42856001853943,7e99f75
var_low_po,37,184320,282,0.1702127659574468,318.89716312056737,891,0.03367003367003367,129.75533108866443,891,0.015712682379349047,117.61054994388327,3303,0,0,uniform=1643;sir=1668,47.42856001853943,7e99f75
var_low_po,37,245760,282,0.524822695035461,434.3191489361702,891,0.015712682379349047,132.98540965207633,891,0.019079685746352413,135.1885521885522,3303,0,0,uniform=1643;sir=1668,47.42856001853943,7e99f75
var_low_po,37,307200,282,0.574468085106383,408.39716312056737,891,0.4074074074074074,318.9618406285073,891,0.4107744107744108,323.307519640853,3303,0,0,uniform=1643;sir=1668,47.42856001853943,7e99f75
var_low_po,37,368640,282,0.975177304964539,492.0886524822695,891,0.6419753086419753,355.09315375982044,891,0.6184062850729517,345.712682379349,3303,0,0,uniform=1643;sir=1668,47.42856001853943,7e99f75
var_low_po,37,430080,282,0.9468085106382979,486.06382978723406,891,0.7878787878787878,414.85185185185185,891,0.7676767676767676,406.7946127946128,3303,0,0,uniform=1643;sir=1668,47.42856001853943,7e99f75
var_low_po,37,491520,282,0.7836879432624113,433.822695035461,891,0.36475869809203143,256.62177328843995,891,0.3277216610549944,239.64085297418632,3303,0,0,uniform=1643;sir=1668,47.42856001853943,7e99f75
var_low_po,37,552960,282,0.925531914893617,476.63829787234044,891,0.24130190796857465,217.40404040404042,891,0.2356902356902357,212.91021324354656,3303,0,0,uniform=1643;sir=1668,47.42856001853943,7e99f75
var_low_po,37,614400,282,0.8014184397163121,434.9468085106383,891,0.7586980920314254,403.7497194163861,891,0.7485970819304153,399.0415263748597,3303,0,0,uniform=1643;sir=1668,47.42856001853943,7e99f75
var_snip4,38,0,282,0.0,38.04609929078014,891,0.0,20.663299663299664,891,0.0,20.586980920314254,3851,0,0,uniform=1856;sir=2003,44.61404013633728,7e99f75
var_snip4,38,61440,282,0.09219858156028368,263.54609929078015,891,0.0,117.02244668911335,891,0.0,116.25701459034792,3851,0,0,uniform=1856;sir=2003,44.61404013633728,7e99f75
var_snip4,38,122880,282,0.024822695035460994,187.11702127659575,891,0.0,125.04601571268238,891,0.002244668911335578,125.24242424242425,3851,0,0,uniform=1856;sir=2003,44.61404013633728,7e99f75
var_snip4,38,184320,282,0.32978723404255317,350.8014184397163,891,0.0,132.65656565656565,891,0.0,131.22783389450055,3851,0,0,uniform=1856;sir=2003,44.61404013633728,7e99f75
var_snip4,38,245760,282,0.9822695035460993,494.89716312056737,891,0.22783389450056116,169.69472502805837,891,0.2334455667789001,170.51290684624018,3851,0,0,uniform=1856;sir=2003,44.61404013633728,7e99f75
var_snip4,38,307200,282,0.03900709219858156,200.15248226950354,891,0.0,113.19753086419753,891,0.0,112.61616161616162,3851,0,0,uniform=1856;sir=2003,44.61404013633728,7e99f75
var_snip4,38,368640,282,0.7056737588652482,461.4574468085106,891,0.10774410774410774,213.97418630751963,891,0.09427609427609428,213.5050505050505,3851,0,0,uniform=1856;sir=2003,44.61404013633728,7e99f75
var_snip4,38,430080,282,0.9787234042553191,495.76241134751774,891,0.7575757575757576,428.65544332211,891,0.7474747474747475,428.8395061728395,3851,0,0,uniform=1856;sir=2003,44.61404013633728,7e99f75
var_snip4,38,491520,282,0.9893617021276596,495.2730496453901,891,0.0,57.225589225589225,891,0.001122334455667789,57.021324354657686,3851,0,0,uniform=1856;sir=2003,44.61404013633728,7e99f75
var_snip4,38,552960,282,0.9929078014184397,497.8936170212766,891,0.5028058361391695,291.4635241301908,891,0.48148148148148145,281.2087542087542,3851,0,0,uniform=1856;sir=2003,44.61404013633728,7e99f75
var_snip4,38,614400,282,0.900709219858156,486.6241134751773,891,0.7643097643097643,415.86531986531986,891,0.7620650953984287,413.2345679012346,3851,0,0,uniform=1856;sir=2003,44.61404013633728,7e99f75
var_low_po,38,0,282,0.0,34.716312056737586,891,0.0,52.906846240179576,891,0.0,52.5679012345679,3480,0,0,uniform=1735;sir=1753,47.677637338638306,7e99f75
var_low_po,38,61440,282,0.03546099290780142,185.95035460992906,891,0.0,100.993265993266,891,0.0,100.65207631874298,3480,0,0,uniform=1735;sir=1753,47.677637338638306,7e99f75
var_low_po,38,122880,282,0.19148936170212766,302.6950354609929,891,0.001122334455667789,80.48821548821549,891,0.001122334455667789,79.61616161616162,3480,0,0,uniform=1735;sir=1753,47.677637338638306,7e99f75
var_low_po,38,184320,282,0.3829787234042553,403.6489361702128,891,0.013468013468013467,138.320987654321,891,0.014590347923681257,138.9090909090909,3480,0,0,uniform=1735;sir=1753,47.677637338638306,7e99f75
var_low_po,38,245760,282,0.13120567375886524,253.36524822695034,891,0.003367003367003367,152.76543209876544,891,0.0,153.53759820426487,3480,0,0,uniform=1735;sir=1753,47.677637338638306,7e99f75
var_low_po,38,307200,282,0.1347517730496454,274.66312056737587,891,0.058361391694725026,178.12233445566778,891,0.04826038159371493,178.31762065095398,3480,0,0,uniform=1735;sir=1753,47.677637338638306,7e99f75
var_low_po,38,368640,282,0.7446808510638298,443.92907801418437,891,0.004489337822671156,84.99214365881032,891,0.005611672278338945,84.79124579124579,3480,0,0,uniform=1735;sir=1753,47.677637338638306,7e99f75
var_low_po,38,430080,282,0.9787234042553191,490.5,891,0.19304152637485972,146.20875420875421,891,0.16498316498316498,133.83726150392818,3480,0,0,uniform=1735;sir=1753,47.677637338638306,7e99f75
var_low_po,38,491520,282,0.9929078014184397,496.790780141844,891,0.20987654320987653,153.11335578002246,891,0.1739618406285073,137.91133557800225,3480,0,0,uniform=1735;sir=1753,47.677637338638306,7e99f75
var_low_po,38,552960,282,0.6666666666666666,413.5851063829787,891,0.33221099887766553,208.85185185185185,891,0.30864197530864196,199.14478114478115,3480,0,0,uniform=1735;sir=1753,47.677637338638306,7e99f75
var_low_po,38,614400,282,0.9893617021276596,495.42907801418437,891,0.44219977553310885,259.8136924803591,891,0.4332210998877666,256.026936026936,3480,0,0,uniform=1735;sir=1753,47.677637338638306,7e99f75
var_snip4,39,0,282,0.0,14.333333333333334,891,0.0,38.68125701459035,891,0.0,38.823793490460154,3698,0,0,uniform=1833;sir=1873,49.13612627983093,7e99f75
var_snip4,39,61440,282,0.08865248226950355,261.28723404255317,891,0.0,113.74971941638609,891,0.0,112.97306397306397,3698,0,0,uniform=1833;sir=1873,49.13612627983093,7e99f75
var_snip4,39,122880,282,0.07446808510638298,253.52482269503545,891,0.001122334455667789,124.65095398428731,891,0.0,123.51290684624018,3698,0,0,uniform=1833;sir=1873,49.13612627983093,7e99f75
var_snip4,39,184320,282,0.9184397163120568,487.92907801418437,891,0.4781144781144781,366.016835016835,891,0.4601571268237935,358.5589225589226,3698,0,0,uniform=1833;sir=1873,49.13612627983093,7e99f75
var_snip4,39,245760,282,0.7978723404255319,481.70567375886526,891,0.001122334455667789,91.95061728395062,891,0.0,85.95398428731762,3698,0,0,uniform=1833;sir=1873,49.13612627983093,7e99f75
var_snip4,39,307200,282,0.9822695035460993,496.01063829787233,891,0.8787878787878788,450.5993265993266,891,0.8619528619528619,443.6902356902357,3698,0,0,uniform=1833;sir=1873,49.13612627983093,7e99f75
var_snip4,39,368640,282,0.5957446808510638,432.209219858156,891,0.0,147.2233445566779,891,0.0,145.75869809203144,3698,0,0,uniform=1833;sir=1873,49.13612627983093,7e99f75
var_snip4,39,430080,282,0.9822695035460993,493.9609929078014,891,0.04377104377104377,82.71492704826038,891,0.03254769921436588,77.72166105499439,3698,0,0,uniform=1833;sir=1873,49.13612627983093,7e99f75
var_snip4,39,491520,282,0.9787234042553191,495.7588652482269,891,0.755331088664422,405.3838383838384,891,0.7497194163860831,402.83838383838383,3698,0,0,uniform=1833;sir=1873,49.13612627983093,7e99f75
var_snip4,39,552960,282,0.9929078014184397,496.92198581560285,891,0.122334455667789,119.62177328843995,891,0.12345679012345678,119.68237934904602,3698,0,0,uniform=1833;sir=1873,49.13612627983093,7e99f75
var_snip4,39,614400,282,0.9893617021276596,495.4503546099291,891,0.2962962962962963,197.83501683501683,891,0.2940516273849607,196.1739618406285,3698,0,0,uniform=1833;sir=1873,49.13612627983093,7e99f75
var_low_po,39,0,282,0.0,13.141843971631205,891,0.0,32.07631874298541,891,0.0,32.27946127946128,3527,0,0,uniform=1806;sir=1729,53.45200300216675,7e99f75
var_low_po,39,61440,282,0.08865248226950355,244.52836879432624,891,0.02244668911335578,146.67452300785635,891,0.013468013468013467,143.79236812570147,3527,0,0,uniform=1806;sir=1729,53.45200300216675,7e99f75
var_low_po,39,122880,282,0.02127659574468085,180.0212765957447,891,0.0,112.25028058361391,891,0.001122334455667789,112.1672278338945,3527,0,0,uniform=1806;sir=1729,53.45200300216675,7e99f75
var_low_po,39,184320,282,0.8687943262411347,480.0851063829787,891,0.25813692480359146,185.46913580246914,891,0.2536475869809203,183.89450056116723,3527,0,0,uniform=1806;sir=1729,53.45200300216675,7e99f75
var_low_po,39,245760,282,0.22340425531914893,296.25531914893617,891,0.1638608305274972,255.29741863075196,891,0.15824915824915825,254.98428731762064,3527,0,0,uniform=1806;sir=1729,53.45200300216675,7e99f75
var_low_po,39,307200,282,0.04609929078014184,209.15602836879432,891,0.0,125.73288439955107,891,0.002244668911335578,124.30078563411897,3527,0,0,uniform=1806;sir=1729,53.45200300216675,7e99f75
var_low_po,39,368640,282,0.6950354609929078,419.8014184397163,891,0.43209876543209874,255.12345679012347,891,0.44107744107744107,258.2760942760943,3527,0,0,uniform=1806;sir=1729,53.45200300216675,7e99f75
var_low_po,39,430080,282,0.4078014184397163,383.83687943262413,891,0.07407407407407407,154.99102132435465,891,0.0920314253647587,154.71604938271605,3527,0,0,uniform=1806;sir=1729,53.45200300216675,7e99f75
var_low_po,39,491520,282,0.950354609929078,489.57801418439715,891,0.23681257014590348,166.8092031425365,891,0.23232323232323232,163.8058361391695,3527,0,0,uniform=1806;sir=1729,53.45200300216675,7e99f75
var_low_po,39,552960,282,0.6631205673758865,397.82978723404256,891,0.6554433221099888,353.59371492704827,891,0.6599326599326599,355.6139169472503,3527,0,0,uniform=1806;sir=1729,53.45200300216675,7e99f75
var_low_po,39,614400,282,0.9787234042553191,494.5390070921986,891,0.2828282828282828,194.4702581369248,891,0.29854096520763185,200.25364758698092,3527,0,0,uniform=1806;sir=1729,53.45200300216675,7e99f75
var_snip4,40,0,282,0.0,13.627659574468085,891,0.0,33.25701459034792,891,0.0,33.98989898989899,3838,0,0,uniform=1850;sir=1996,49.77847695350647,7e99f75
var_snip4,40,61440,282,0.05319148936170213,209.7836879432624,891,0.0,102.65207631874298,891,0.0,102.28956228956228,3838,0,0,uniform=1850;sir=1996,49.77847695350647,7e99f75
var_snip4,40,122880,282,0.1595744680851064,295.34397163120565,891,0.001122334455667789,142.5645342312009,891,0.001122334455667789,140.9584736251403,3838,0,0,uniform=1850;sir=1996,49.77847695350647,7e99f75
var_snip4,40,184320,282,0.32978723404255317,419.4503546099291,891,0.1537598204264871,193.41414141414143,891,0.14029180695847362,189.12794612794613,3838,0,0,uniform=1850;sir=1996,49.77847695350647,7e99f75
var_snip4,40,245760,282,0.0070921985815602835,253.03546099290782,891,0.0,235.78563411896747,891,0.0,231.993265993266,3838,0,0,uniform=1850;sir=1996,49.77847695350647,7e99f75
var_snip4,40,307200,282,0.04964539007092199,228.99290780141843,891,0.002244668911335578,137.32547699214365,891,0.008978675645342313,137.36475869809203,3838,0,0,uniform=1850;sir=1996,49.77847695350647,7e99f75
var_snip4,40,368640,282,0.9645390070921985,492.48936170212767,891,0.7598204264870931,401.17171717171715,891,0.7373737373737373,393.26038159371495,3838,0,0,uniform=1850;sir=1996,49.77847695350647,7e99f75
var_snip4,40,430080,282,0.9858156028368794,496.0354609929078,891,0.867564534231201,446.5589225589226,891,0.856341189674523,441.63524130190797,3838,0,0,uniform=1850;sir=1996,49.77847695350647,7e99f75
var_snip4,40,491520,282,0.9964539007092199,498.3936170212766,891,0.08080808080808081,100.48484848484848,891,0.0718294051627385,96.46352413019079,3838,0,0,uniform=1850;sir=1996,49.77847695350647,7e99f75
var_snip4,40,552960,282,0.9822695035460993,495.06382978723406,891,0.7407407407407407,406.85858585858585,891,0.7306397306397306,400.51066217732887,3838,0,0,uniform=1850;sir=1996,49.77847695350647,7e99f75
var_snip4,40,614400,282,0.9716312056737588,495.29432624113474,891,0.3546576879910213,346.81481481481484,891,0.3344556677890011,344.381593714927,3838,0,0,uniform=1850;sir=1996,49.77847695350647,7e99f75
var_low_po,40,0,282,0.0,13.50709219858156,891,0.0,32.22222222222222,891,0.0,32.248035914702584,3222,0,0,uniform=1596;sir=1634,52.873207092285156,7e99f75
var_low_po,40,61440,282,0.1702127659574468,286.2588652482269,891,0.006734006734006734,166.35914702581368,891,0.006734006734006734,166.7205387205387,3222,0,0,uniform=1596;sir=1634,52.873207092285156,7e99f75
var_low_po,40,122880,282,0.2127659574468085,303.66312056737587,891,0.13692480359147025,216.00897867564535,891,0.13692480359147025,218.4915824915825,3222,0,0,uniform=1596;sir=1634,52.873207092285156,7e99f75
var_low_po,40,184320,282,0.25886524822695034,316.0496453900709,891,0.1414141414141414,203.49382716049382,891,0.12794612794612795,197.43658810325476,3222,0,0,uniform=1596;sir=1634,52.873207092285156,7e99f75
var_low_po,40,245760,282,0.41843971631205673,383.968085106383,891,0.001122334455667789,92.8989898989899,891,0.004489337822671156,92.80022446689114,3222,0,0,uniform=1596;sir=1634,52.873207092285156,7e99f75
var_low_po,40,307200,282,0.5283687943262412,418.70567375886526,891,0.06060606060606061,147.8080808080808,891,0.050505050505050504,141.84175084175084,3222,0,0,uniform=1596;sir=1634,52.873207092285156,7e99f75
var_low_po,40,368640,282,0.5425531914893617,404.12056737588654,891,0.8159371492704826,442.631874298541,891,0.8125701459034792,441.07070707070704,3222,0,0,uniform=1596;sir=1634,52.873207092285156,7e99f75
var_low_po,40,430080,282,0.975177304964539,496.09929078014187,891,0.6262626262626263,341.317620650954,891,0.6509539842873177,351.5263748597082,3222,0,0,uniform=1596;sir=1634,52.873207092285156,7e99f75
var_low_po,40,491520,282,0.9645390070921985,489.98581560283685,891,0.27946127946127947,192.2861952861953,891,0.27497194163860833,190.05387205387206,3222,0,0,uniform=1596;sir=1634,52.873207092285156,7e99f75
var_low_po,40,552960,282,0.7553191489361702,459.468085106383,891,0.3176206509539843,243.331088664422,891,0.33108866442199775,247.91694725028057,3222,0,0,uniform=1596;sir=1634,52.873207092285156,7e99f75
var_low_po,40,614400,282,0.9645390070921985,493.02836879432624,891,0.08417508417508418,103.46913580246914,891,0.07744107744107744,100.41414141414141,3222,0,0,uniform=1596;sir=1634,52.873207092285156,7e99f75
var_snip4,41,0,282,0.0,24.97163120567376,891,0.0,12.747474747474747,891,0.0,12.62401795735129,3968,0,0,uniform=1964;sir=2012,49.676188945770264,7e99f75
var_snip4,41,61440,282,0.31560283687943264,365.42198581560285,891,0.001122334455667789,157.30864197530863,891,0.0,155.85858585858585,3968,0,0,uniform=1964;sir=2012,49.676188945770264,7e99f75
var_snip4,41,122880,282,0.13120567375886524,280.9574468085106,891,0.0,135.6094276094276,891,0.001122334455667789,134.27048260381594,3968,0,0,uniform=1964;sir=2012,49.676188945770264,7e99f75
var_snip4,41,184320,282,0.14184397163120568,310.2730496453901,891,0.001122334455667789,132.43658810325476,891,0.0,132.51402918069584,3968,0,0,uniform=1964;sir=2012,49.676188945770264,7e99f75
var_snip4,41,245760,282,0.4716312056737589,408.6808510638298,891,0.02244668911335578,187.55892255892255,891,0.024691358024691357,183.53535353535352,3968,0,0,uniform=1964;sir=2012,49.676188945770264,7e99f75
var_snip4,41,307200,282,0.0070921985815602835,151.45744680851064,891,0.0,110.16947250280583,891,0.001122334455667789,109.84175084175084,3968,0,0,uniform=1964;sir=2012,49.676188945770264,7e99f75
var_snip4,41,368640,282,0.9822695035460993,497.4468085106383,891,0.8855218855218855,453.9012345679012,891,0.8799102132435466,451.07182940516276,3968,0,0,uniform=1964;sir=2012,49.676188945770264,7e99f75
var_snip4,41,430080,282,0.1524822695035461,335.6914893617021,891,0.2783389450056117,260.2121212121212,891,0.2738496071829405,259.1638608305275,3968,0,0,uniform=1964;sir=2012,49.676188945770264,7e99f75
var_snip4,41,491520,282,0.9858156028368794,493.7517730496454,891,0.12121212121212122,115.63973063973064,891,0.10437710437710437,107.32884399551067,3968,0,0,uniform=1964;sir=2012,49.676188945770264,7e99f75
var_snip4,41,552960,282,0.9929078014184397,496.99645390070924,891,0.05948372615039282,88.15151515151516,891,0.058361391694725026,86.98092031425365,3968,0,0,uniform=1964;sir=2012,49.676188945770264,7e99f75
var_snip4,41,614400,282,0.9893617021276596,495.25531914893617,891,0.001122334455667789,58.429854096520764,891,0.001122334455667789,58.195286195286194,3968,0,0,uniform=1964;sir=2012,49.676188945770264,7e99f75
var_low_po,41,0,282,0.0,26.95390070921986,891,0.0,36.413019079685746,891,0.0,36.190796857463525,3252,0,0,uniform=1570;sir=1690,50.653695821762085,7e99f75
var_low_po,41,61440,282,0.0425531914893617,195.63475177304966,891,0.0,108.46913580246914,891,0.0,107.68350168350169,3252,0,0,uniform=1570;sir=1690,50.653695821762085,7e99f75
var_low_po,41,122880,282,0.28368794326241137,347.51418439716315,891,0.001122334455667789,81.00785634118968,891,0.0,80.22334455667789,3252,0,0,uniform=1570;sir=1690,50.653695821762085,7e99f75
var_low_po,41,184320,282,0.6773049645390071,437.59574468085106,891,0.3950617283950617,244.010101010101,891,0.37373737373737376,234.50953984287318,3252,0,0,uniform=1570;sir=1690,50.653695821762085,7e99f75
var_low_po,41,245760,282,0.8900709219858156,484.11347517730496,891,0.3265993265993266,211.23120089786755,891,0.3075196408529742,202.88327721661054,3252,0,0,uniform=1570;sir=1690,50.653695821762085,7e99f75
var_low_po,41,307200,282,0.01773049645390071,170.39361702127658,891,0.0,104.95959595959596,891,0.0,104.49270482603816,3252,0,0,uniform=1570;sir=1690,50.653695821762085,7e99f75
var_low_po,41,368640,282,0.7375886524822695,429.9326241134752,891,0.001122334455667789,71.11672278338945,891,0.001122334455667789,70.94612794612794,3252,0,0,uniform=1570;sir=1690,50.653695821762085,7e99f75
var_low_po,41,430080,282,0.9609929078014184,490.7695035460993,891,0.39281705948372614,235.45903479236813,891,0.38496071829405165,231.98316498316498,3252,0,0,uniform=1570;sir=1690,50.653695821762085,7e99f75
var_low_po,41,491520,282,0.975177304964539,491.5425531914894,891,0.4691358024691358,265.80359147025814,891,0.4612794612794613,262.59820426487096,3252,0,0,uniform=1570;sir=1690,50.653695821762085,7e99f75
var_low_po,41,552960,282,0.9787234042553191,490.97872340425533,891,0.4567901234567901,259.30415263748597,891,0.44107744107744107,252.76206509539844,3252,0,0,uniform=1570;sir=1690,50.653695821762085,7e99f75
var_low_po,41,614400,282,0.7943262411347518,431.7730496453901,891,0.014590347923681257,92.33557800224467,891,0.01122334455667789,91.01459034792369,3252,0,0,uniform=1570;sir=1690,50.653695821762085,7e99f75
var_snip4,42,0,282,0.0,12.801418439716311,891,0.0,11.154882154882156,891,0.0,11.033670033670033,3995,0,0,uniform=2004;sir=1999,47.881675004959106,7e99f75
var_snip4,42,61440,282,0.07446808510638298,245.08510638297872,891,0.0,110.20987654320987,891,0.0,109.45117845117845,3995,0,0,uniform=2004;sir=1999,47.881675004959106,7e99f75
var_snip4,42,122880,282,0.7978723404255319,476.61347517730496,891,0.001122334455667789,242.86644219977552,891,0.0,242.0628507295174,3995,0,0,uniform=2004;sir=1999,47.881675004959106,7e99f75
var_snip4,42,184320,282,0.024822695035460994,217.29432624113474,891,0.0,110.68125701459034,891,0.0,110.21436588103255,3995,0,0,uniform=2004;sir=1999,47.881675004959106,7e99f75
var_snip4,42,245760,282,0.1773049645390071,343.7588652482269,891,0.001122334455667789,99.94612794612794,891,0.0,101.46015712682379,3995,0,0,uniform=2004;sir=1999,47.881675004959106,7e99f75
var_snip4,42,307200,282,0.05673758865248227,228.61702127659575,891,0.001122334455667789,130.1358024691358,891,0.0,128.65656565656565,3995,0,0,uniform=2004;sir=1999,47.881675004959106,7e99f75
var_snip4,42,368640,282,0.9716312056737588,492.95390070921985,891,0.001122334455667789,59.0662177328844,891,0.001122334455667789,59.01795735129068,3995,0,0,uniform=2004;sir=1999,47.881675004959106,7e99f75
var_snip4,42,430080,282,0.9893617021276596,495.29787234042556,891,0.002244668911335578,57.67564534231201,891,0.001122334455667789,57.34455667789001,3995,0,0,uniform=2004;sir=1999,47.881675004959106,7e99f75
var_snip4,42,491520,282,0.9858156028368794,494.677304964539,891,0.002244668911335578,62.22671156004489,891,0.007856341189674524,64.37261503928171,3995,0,0,uniform=2004;sir=1999,47.881675004959106,7e99f75
var_snip4,42,552960,282,0.8617021276595744,478.8936170212766,891,0.6599326599326599,366.5050505050505,891,0.6430976430976431,359.2154882154882,3995,0,0,uniform=2004;sir=1999,47.881675004959106,7e99f75
var_snip4,42,614400,282,0.9113475177304965,480.6595744680851,891,0.3939393939393939,261.5364758698092,891,0.3872053872053872,257.9674523007856,3995,0,0,uniform=2004;sir=1999,47.881675004959106,7e99f75
var_low_po,42,0,282,0.0,25.829787234042552,891,0.0,23.470258136924805,891,0.0,23.17732884399551,3343,0,0,uniform=1675;sir=1676,51.15896821022034,7e99f75
var_low_po,42,61440,282,0.08156028368794327,229.36879432624113,891,0.02356902356902357,167.77890011223346,891,0.019079685746352413,163.31537598204264,3343,0,0,uniform=1675;sir=1676,51.15896821022034,7e99f75
var_low_po,42,122880,282,0.10283687943262411,255.54255319148936,891,0.0819304152637486,197.72951739618406,891,0.06285072951739619,190.75757575757575,3343,0,0,uniform=1675;sir=1676,51.15896821022034,7e99f75
var_low_po,42,184320,282,0.7624113475177305,457.74468085106383,891,0.45791245791245794,270.67003367003366,891,0.45454545454545453,269.12794612794613,3343,0,0,uniform=1675;sir=1676,51.15896821022034,7e99f75
var_low_po,42,245760,282,0.7943262411347518,462.7517730496454,891,0.21773288439955107,231.01571268237936,891,0.2255892255892256,233.15824915824916,3343,0,0,uniform=1675;sir=1676,51.15896821022034,7e99f75
var_low_po,42,307200,282,0.7872340425531915,453.27659574468083,891,0.008978675645342313,92.13692480359147,891,0.006734006734006734,90.46913580246914,3343,0,0,uniform=1675;sir=1676,51.15896821022034,7e99f75
var_low_po,42,368640,282,0.09219858156028368,220.68794326241135,891,0.0,129.7138047138047,891,0.0,131.4983164983165,3343,0,0,uniform=1675;sir=1676,51.15896821022034,7e99f75
var_low_po,42,430080,282,0.18439716312056736,268.1241134751773,891,0.001122334455667789,92.45230078563412,891,0.0,92.70370370370371,3343,0,0,uniform=1675;sir=1676,51.15896821022034,7e99f75
var_low_po,42,491520,282,0.9326241134751773,481.6843971631206,891,0.3344556677890011,227.6273849607183,891,0.31986531986531985,222.9551066217733,3343,0,0,uniform=1675;sir=1676,51.15896821022034,7e99f75
var_low_po,42,552960,282,0.9432624113475178,480.86524822695037,891,0.47362514029180697,273.48148148148147,891,0.46464646464646464,269.4231200897868,3343,0,0,uniform=1675;sir=1676,51.15896821022034,7e99f75
var_low_po,42,614400,282,0.7588652482269503,456.87943262411346,891,0.07856341189674523,135.49719416386083,891,0.07968574635241302,130.67003367003366,3343,0,0,uniform=1675;sir=1676,51.15896821022034,7e99f75
var_snip4,43,0,282,0.028368794326241134,81.52127659574468,891,0.0,28.707070707070706,891,0.0,28.58473625140292,3831,0,0,uniform=1888;sir=1951,47.55960822105408,7e99f75
var_snip4,43,61440,282,0.0425531914893617,220.3368794326241,891,0.0,107.65881032547699,891,0.0,107.15263748597081,3831,0,0,uniform=1888;sir=1951,47.55960822105408,7e99f75
var_snip4,43,122880,282,0.09574468085106383,272.2340425531915,891,0.001122334455667789,119.1986531986532,891,0.0,118.19079685746352,3831,0,0,uniform=1888;sir=1951,47.55960822105408,7e99f75
var_snip4,43,184320,282,0.4326241134751773,408.4148936170213,891,0.001122334455667789,145.09203142536475,891,0.0,141.3804713804714,3831,0,0,uniform=1888;sir=1951,47.55960822105408,7e99f75
var_snip4,43,245760,282,0.9893617021276596,496.4609929078014,891,0.3176206509539843,208.20875420875421,891,0.31425364758698093,205.78787878787878,3831,0,0,uniform=1888;sir=1951,47.55960822105408,7e99f75
var_snip4,43,307200,282,0.975177304964539,496.1985815602837,891,0.8406285072951739,435.9618406285073,891,0.8294051627384961,431.38720538720537,3831,0,0,uniform=1888;sir=1951,47.55960822105408,7e99f75
var_snip4,43,368640,282,0.7411347517730497,442.1595744680851,891,0.08978675645342311,145.1773288439955,891,0.08866442199775533,143.97081930415263,3831,0,0,uniform=1888;sir=1951,47.55960822105408,7e99f75
var_snip4,43,430080,282,0.0,152.89361702127658,891,0.016835016835016835,160.8361391694725,891,0.016835016835016835,160.45679012345678,3831,0,0,uniform=1888;sir=1951,47.55960822105408,7e99f75
var_snip4,43,491520,282,0.20921985815602837,312.83687943262413,891,0.0,116.6341189674523,891,0.0,115.92480359147025,3831,0,0,uniform=1888;sir=1951,47.55960822105408,7e99f75
var_snip4,43,552960,282,0.9929078014184397,496.92198581560285,891,0.3569023569023569,219.33221099887766,891,0.35353535353535354,218.1492704826038,3831,0,0,uniform=1888;sir=1951,47.55960822105408,7e99f75
var_snip4,43,614400,282,0.9893617021276596,495.25531914893617,891,0.002244668911335578,57.46913580246913,891,0.001122334455667789,57.18406285072952,3831,0,0,uniform=1888;sir=1951,47.55960822105408,7e99f75
var_low_po,43,0,282,0.0,39.5177304964539,891,0.0,28.89337822671156,891,0.0,29.063973063973062,3763,0,0,uniform=1851;sir=1920,50.87657904624939,7e99f75
var_low_po,43,61440,282,0.06028368794326241,257.01418439716315,891,0.0,132.6026936026936,891,0.0,130.6273849607183,3763,0,0,uniform=1851;sir=1920,50.87657904624939,7e99f75
var_low_po,43,122880,282,0.04609929078014184,224.52482269503545,891,0.0,123.29068462401796,891,0.0,124.52749719416386,3763,0,0,uniform=1851;sir=1920,50.87657904624939,7e99f75
var_low_po,43,184320,282,0.32978723404255317,350.0070921985816,891,0.16498316498316498,236.41526374859708,891,0.15937149270482603,235.58473625140292,3763,0,0,uniform=1851;sir=1920,50.87657904624939,7e99f75
var_low_po,43,245760,282,0.5531914893617021,403.6063829787234,891,0.23232323232323232,189.63187429854096,891,0.2345679012345679,189.41301907968574,3763,0,0,uniform=1851;sir=1920,50.87657904624939,7e99f75
var_low_po,43,307200,282,0.25886524822695034,306.36170212765956,891,0.08529741863075196,187.68350168350167,891,0.10101010101010101,196.51402918069584,3763,0,0,uniform=1851;sir=1920,50.87657904624939,7e99f75
var_low_po,43,368640,282,0.0425531914893617,179.1418439716312,891,0.001122334455667789,140.23569023569024,891,0.001122334455667789,140.45903479236813,3763,0,0,uniform=1851;sir=1920,50.87657904624939,7e99f75
var_low_po,43,430080,282,0.17375886524822695,248.20921985815602,891,0.003367003367003367,83.00561167227833,891,0.001122334455667789,80.7418630751964,3763,0,0,uniform=1851;sir=1920,50.87657904624939,7e99f75
var_low_po,43,491520,282,0.4787234042553192,347.36524822695037,891,0.005611672278338945,92.69248035914703,891,0.002244668911335578,90.51066217732884,3763,0,0,uniform=1851;sir=1920,50.87657904624939,7e99f75
var_low_po,43,552960,282,0.9893617021276596,495.28723404255317,891,0.024691358024691357,72.51066217732884,891,0.02356902356902357,72.49158249158249,3763,0,0,uniform=1851;sir=1920,50.87657904624939,7e99f75
var_low_po,43,614400,282,0.9822695035460993,496.9148936170213,891,0.6980920314253648,375.1885521885522,891,0.675645342312009,366.1111111111111,3763,0,0,uniform=1851;sir=1920,50.87657904624939,7e99f75
var_snip4,44,0,282,0.0,12.886524822695035,891,0.0,12.473625140291807,891,0.0,12.423120089786757,3727,0,0,uniform=1856;sir=1879,46.48793911933899,7e99f75
var_snip4,44,61440,282,0.19858156028368795,280.77659574468083,891,0.0,113.2401795735129,891,0.0,112.1324354657688,3727,0,0,uniform=1856;sir=1879,46.48793911933899,7e99f75
var_snip4,44,122880,282,0.6134751773049646,438.4929078014184,891,0.4657687991021324,324.04713804713805,891,0.4478114478114478,316.7216610549944,3727,0,0,uniform=1856;sir=1879,46.48793911933899,7e99f75
var_snip4,44,184320,282,0.36879432624113473,371.40425531914894,891,0.0,130.8675645342312,891,0.0,129.64085297418632,3727,0,0,uniform=1856;sir=1879,46.48793911933899,7e99f75
var_snip4,44,245760,282,0.0673758865248227,224.38297872340425,891,0.0,108.10774410774411,891,0.0,107.63299663299664,3727,0,0,uniform=1856;sir=1879,46.48793911933899,7e99f75
var_snip4,44,307200,282,0.05319148936170213,218.68794326241135,891,0.001122334455667789,129.66778900112234,891,0.0,128.54433221099887,3727,0,0,uniform=1856;sir=1879,46.48793911933899,7e99f75
var_snip4,44,368640,282,0.3829787234042553,397.3262411347518,891,0.02244668911335578,181.12345679012347,891,0.025813692480359147,178.2749719416386,3727,0,0,uniform=1856;sir=1879,46.48793911933899,7e99f75
var_snip4,44,430080,282,0.9893617021276596,497.74468085106383,891,0.47362514029180697,276.44781144781143,891,0.4691358024691358,274.7676767676768,3727,0,0,uniform=1856;sir=1879,46.48793911933899,7e99f75
var_snip4,44,491520,282,0.975177304964539,493.2340425531915,891,0.7485970819304153,404.25589225589226,891,0.7429854096520763,400.2323232323232,3727,0,0,uniform=1856;sir=1879,46.48793911933899,7e99f75
var_snip4,44,552960,282,0.9893617021276596,497.3900709219858,891,0.6924803591470258,373.2121212121212,891,0.6790123456790124,367.93939393939394,3727,0,0,uniform=1856;sir=1879,46.48793911933899,7e99f75
var_snip4,44,614400,282,0.9893617021276596,495.3333333333333,891,0.03254769921436588,77.73400673400674,891,0.02356902356902357,74.23569023569024,3727,0,0,uniform=1856;sir=1879,46.48793911933899,7e99f75
var_low_po,44,0,282,0.0,13.099290780141844,891,0.0,33.01234567901235,891,0.0,32.956228956228955,3238,0,0,uniform=1643;sir=1603,49.52659511566162,7e99f75
var_low_po,44,61440,282,0.12411347517730496,267.76241134751774,891,0.0,126.90796857463525,891,0.001122334455667789,125.2300785634119,3238,0,0,uniform=1643;sir=1603,49.52659511566162,7e99f75
var_low_po,44,122880,282,0.04609929078014184,208.86170212765958,891,0.0,122.14702581369248,891,0.0,121.51739618406285,3238,0,0,uniform=1643;sir=1603,49.52659511566162,7e99f75
var_low_po,44,184320,282,0.06382978723404255,243.43971631205673,891,0.0,120.69584736251403,891,0.0,119.90011223344557,3238,0,0,uniform=1643;sir=1603,49.52659511566162,7e99f75
var_low_po,44,245760,282,0.05319148936170213,227.26241134751774,891,0.007856341189674524,141.98540965207633,891,0.004489337822671156,139.78338945005612,3238,0,0,uniform=1643;sir=1603,49.52659511566162,7e99f75
var_low_po,44,307200,282,0.5390070921985816,424.36524822695037,891,0.001122334455667789,102.54657687991022,891,0.002244668911335578,101.75308641975309,3238,0,0,uniform=1643;sir=1603,49.52659511566162,7e99f75
var_low_po,44,368640,282,0.8546099290780141,478.8581560283688,891,0.4051627384960718,243.2861952861953,891,0.3961840628507295,240.4837261503928,3238,0,0,uniform=1643;sir=1603,49.52659511566162,7e99f75
var_low_po,44,430080,282,0.9822695035460993,493.4929078014184,891,0.12682379349046016,119.92255892255892,891,0.09988776655443322,106.93490460157126,3238,0,0,uniform=1643;sir=1603,49.52659511566162,7e99f75
var_low_po,44,491520,282,0.9539007092198581,485.27659574468083,891,0.8181818181818182,427.14365881032546,891,0.7957351290684624,417.04713804713805,3238,0,0,uniform=1643;sir=1603,49.52659511566162,7e99f75
var_low_po,44,552960,282,0.8262411347517731,461.78014184397165,891,0.7081930415263749,377.3973063973064,891,0.6936026936026936,371.82379349046016,3238,0,0,uniform=1643;sir=1603,49.52659511566162,7e99f75
var_low_po,44,614400,282,0.9184397163120568,476.1808510638298,891,0.8866442199775533,453.83838383838383,891,0.8686868686868687,446.9854096520763,3238,0,0,uniform=1643;sir=1603,49.52659511566162,7e99f75
var_snip4,45,0,282,0.0,11.372340425531915,891,0.0,21.34455667789001,891,0.0,21.672278338945006,3636,0,0,uniform=1815;sir=1829,46.86293816566467,7e99f75
var_snip4,45,61440,282,0.4929078014184397,431.52836879432624,891,0.0,107.78787878787878,891,0.001122334455667789,104.74859708193041,3636,0,0,uniform=1815;sir=1829,46.86293816566467,7e99f75
var_snip4,45,122880,282,0.09929078014184398,256.4148936170213,891,0.0,111.56228956228956,891,0.0,110.92592592592592,3636,0,0,uniform=1815;sir=1829,46.86293816566467,7e99f75
var_snip4,45,184320,282,0.9716312056737588,495.6950354609929,891,0.7721661054994389,406.1604938271605,891,0.7384960718294051,393.2368125701459,3636,0,0,uniform=1815;sir=1829,46.86293816566467,7e99f75
var_snip4,45,245760,282,0.9219858156028369,488.40425531914894,891,0.6835016835016835,372.74635241301905,891,0.67003367003367,367.70482603815935,3636,0,0,uniform=1815;sir=1829,46.86293816566467,7e99f75
var_snip4,45,307200,282,0.02127659574468085,175.88297872340425,891,0.0,103.49607182940517,891,0.0,102.97306397306397,3636,0,0,uniform=1815;sir=1829,46.86293816566467,7e99f75
var_snip4,45,368640,282,0.05673758865248227,241.47163120567376,891,0.11447811447811448,187.21548821548822,891,0.12682379349046016,186.51739618406285,3636,0,0,uniform=1815;sir=1829,46.86293816566467,7e99f75
var_snip4,45,430080,282,0.9858156028368794,495.43971631205676,891,0.867564534231201,446.7104377104377,891,0.8484848484848485,438.625140291807,3636,0,0,uniform=1815;sir=1829,46.86293816566467,7e99f75
var_snip4,45,491520,282,0.9964539007092199,498.38652482269504,891,0.18855218855218855,145.72951739618406,891,0.1638608305274972,134.17957351290684,3636,0,0,uniform=1815;sir=1829,46.86293816566467,7e99f75
var_snip4,45,552960,282,0.9822695035460993,492.07801418439715,891,0.010101010101010102,62.707070707070706,891,0.006734006734006734,61.97306397306397,3636,0,0,uniform=1815;sir=1829,46.86293816566467,7e99f75
var_snip4,45,614400,282,0.9893617021276596,496.48581560283685,891,0.09988776655443322,107.10437710437711,891,0.09427609427609428,104.04264870931537,3636,0,0,uniform=1815;sir=1829,46.86293816566467,7e99f75
var_snip4,46,0,282,0.0,61.269503546099294,891,0.0,49.55892255892256,891,0.0,49.51178451178451,4167,0,0,uniform=2171;sir=2004,46.575793981552124,7e99f75
var_snip4,46,61440,282,0.09929078014184398,263.28723404255317,891,0.0,124.60718294051627,891,0.0,123.58585858585859,4167,0,0,uniform=2171;sir=2004,46.575793981552124,7e99f75
var_snip4,46,122880,282,0.07092198581560284,265.01418439716315,891,0.0,119.61616161616162,891,0.0,119.27497194163861,4167,0,0,uniform=2171;sir=2004,46.575793981552124,7e99f75
var_snip4,46,184320,282,0.0,157.29787234042553,891,0.002244668911335578,91.59371492704825,891,0.006734006734006734,91.2682379349046,4167,0,0,uniform=2171;sir=2004,46.575793981552124,7e99f75
var_snip4,46,245760,282,0.03546099290780142,187.95035460992906,891,0.0,115.49046015712682,891,0.0,114.77553310886644,4167,0,0,uniform=2171;sir=2004,46.575793981552124,7e99f75
var_snip4,46,307200,282,0.05319148936170213,227.54964539007094,891,0.013468013468013467,154.92255892255892,891,0.013468013468013467,155.11784511784512,4167,0,0,uniform=2171;sir=2004,46.575793981552124,7e99f75
var_snip4,46,368640,282,0.19858156028368795,358.79787234042556,891,0.02132435465768799,113.82828282828282,891,0.02356902356902357,114.11784511784512,4167,0,0,uniform=2171;sir=2004,46.575793981552124,7e99f75
var_snip4,46,430080,282,0.9042553191489362,488.36524822695037,891,0.7867564534231201,439.27272727272725,891,0.7542087542087542,429.3995510662177,4167,0,0,uniform=2171;sir=2004,46.575793981552124,7e99f75
var_snip4,46,491520,282,0.03546099290780142,204.1595744680851,891,0.0,168.83389450056117,891,0.0,164.82379349046016,4167,0,0,uniform=2171;sir=2004,46.575793981552124,7e99f75
var_snip4,46,552960,282,0.9432624113475178,492.9751773049645,891,0.25813692480359146,180.68462401795736,891,0.22895622895622897,167.77216610549945,4167,0,0,uniform=2171;sir=2004,46.575793981552124,7e99f75
var_snip4,46,614400,282,0.9858156028368794,494.29432624113474,891,0.11447811447811448,115.8395061728395,891,0.12121212121212122,118.18630751964085,4167,0,0,uniform=2171;sir=2004,46.575793981552124,7e99f75
var_low_po,45,0,282,0.0,14.01418439716312,891,0.0,37.33221099887766,891,0.0,37.20314253647587,3240,0,0,uniform=1662;sir=1586,50.209763050079346,7e99f75
var_low_po,45,61440,282,0.04609929078014184,197.4964539007092,891,0.006734006734006734,126.67676767676768,891,0.004489337822671156,125.20650953984287,3240,0,0,uniform=1662;sir=1586,50.209763050079346,7e99f75
var_low_po,45,122880,282,0.375886524822695,381.98936170212767,891,0.15151515151515152,230.3692480359147,891,0.14927048260381592,228.86195286195286,3240,0,0,uniform=1662;sir=1586,50.209763050079346,7e99f75
var_low_po,45,184320,282,0.09219858156028368,262.07092198581563,891,0.0,149.97306397306397,891,0.0,148.8260381593715,3240,0,0,uniform=1662;sir=1586,50.209763050079346,7e99f75
var_low_po,45,245760,282,0.925531914893617,480.04609929078015,891,0.12794612794612795,118.6408529741863,891,0.10101010101010101,106.85634118967452,3240,0,0,uniform=1662;sir=1586,50.209763050079346,7e99f75
var_low_po,45,307200,282,0.9539007092198581,484.3049645390071,891,0.3782267115600449,229.25364758698092,891,0.37037037037037035,225.37373737373738,3240,0,0,uniform=1662;sir=1586,50.209763050079346,7e99f75
var_low_po,45,368640,282,0.7553191489361702,427.0177304964539,891,0.2166105499438833,218.58698092031426,891,0.21773288439955107,216.36700336700338,3240,0,0,uniform=1662;sir=1586,50.209763050079346,7e99f75
var_low_po,45,430080,282,0.7411347517730497,449.7517730496454,891,0.8305274971941639,430.5353535353535,891,0.8092031425364759,421.28619528619527,3240,0,0,uniform=1662;sir=1586,50.209763050079346,7e99f75
var_low_po,45,491520,282,0.851063829787234,457.9326241134752,891,0.8305274971941639,432.33894500561166,891,0.8316498316498316,431.4983164983165,3240,0,0,uniform=1662;sir=1586,50.209763050079346,7e99f75
var_low_po,45,552960,282,0.9929078014184397,496.9148936170213,891,0.4006734006734007,241.62962962962962,891,0.39281705948372614,238.31200897867564,3240,0,0,uniform=1662;sir=1586,50.209763050079346,7e99f75
var_low_po,45,614400,282,0.9787234042553191,492.5851063829787,891,0.38496071829405165,229.40852974186308,891,0.38608305274971944,229.5162738496072,3240,0,0,uniform=1662;sir=1586,50.209763050079346,7e99f75
var_low_po,46,0,282,0.0,13.081560283687944,891,0.0,30.636363636363637,891,0.0,30.875420875420875,3339,0,0,uniform=1657;sir=1690,50.54784798622131,7e99f75
var_low_po,46,61440,282,0.0851063829787234,224.4787234042553,891,0.0,110.46240179573513,891,0.0,110.28507295173962,3339,0,0,uniform=1657;sir=1690,50.54784798622131,7e99f75
var_low_po,46,122880,282,0.16312056737588654,308.0248226950355,891,0.058361391694725026,182.76206509539844,891,0.05611672278338945,182.31200897867564,3339,0,0,uniform=1657;sir=1690,50.54784798622131,7e99f75
var_low_po,46,184320,282,0.3546099290780142,348.22340425531917,891,0.40852974186307517,348.25364758698095,891,0.39169472502805835,344.05162738496074,3339,0,0,uniform=1657;sir=1690,50.54784798622131,7e99f75
var_low_po,46,245760,282,0.875886524822695,475.92907801418437,891,0.494949494949495,288.4624017957351,891,0.48484848484848486,284.0684624017957,3339,0,0,uniform=1657;sir=1690,50.54784798622131,7e99f75
var_low_po,46,307200,282,0.950354609929078,483.64539007092196,891,0.44332210998877664,258.2783389450056,891,0.4276094276094276,251.28731762065095,3339,0,0,uniform=1657;sir=1690,50.54784798622131,7e99f75
var_low_po,46,368640,282,0.5673758865248227,406.4503546099291,891,0.008978675645342313,132.69921436588103,891,0.008978675645342313,131.0662177328844,3339,0,0,uniform=1657;sir=1690,50.54784798622131,7e99f75
var_low_po,46,430080,282,0.06382978723404255,203.86524822695034,891,0.005611672278338945,145.92255892255892,891,0.004489337822671156,146.4814814814815,3339,0,0,uniform=1657;sir=1690,50.54784798622131,7e99f75
var_low_po,46,491520,282,0.26595744680851063,328.6595744680851,891,0.0,147.21324354657688,891,0.001122334455667789,143.97979797979798,3339,0,0,uniform=1657;sir=1690,50.54784798622131,7e99f75
var_low_po,46,552960,282,0.8085106382978723,452.2836879432624,891,0.16835016835016836,194.64870931537598,891,0.1537598204264871,187.1257014590348,3339,0,0,uniform=1657;sir=1690,50.54784798622131,7e99f75
var_low_po,46,614400,282,0.975177304964539,492.40425531914894,891,0.5095398428731762,292.2233445566779,891,0.5028058361391695,288.1212121212121,3339,0,0,uniform=1657;sir=1690,50.54784798622131,7e99f75
var_snip4,47,0,282,0.0,43.641843971631204,891,0.0,45.45791245791246,891,0.0,45.34455667789001,3664,0,0,uniform=1860;sir=1812,47.13641881942749,7e99f75
var_snip4,47,61440,282,0.031914893617021274,205.20212765957447,891,0.0,104.1604938271605,891,0.0,103.68462401795735,3664,0,0,uniform=1860;sir=1812,47.13641881942749,7e99f75
var_snip4,47,122880,282,0.031914893617021274,188.87943262411346,891,0.0,111.98877665544332,891,0.0,111.28507295173962,3664,0,0,uniform=1860;sir=1812,47.13641881942749,7e99f75
var_snip4,47,184320,282,0.1773049645390071,324.50354609929076,891,0.0,150.0561167227834,891,0.0,149.07856341189674,3664,0,0,uniform=1860;sir=1812,47.13641881942749,7e99f75
var_snip4,47,245760,282,0.20567375886524822,347.06028368794324,891,0.0,131.1907968574635,891,0.0,130.6206509539843,3664,0,0,uniform=1860;sir=1812,47.13641881942749,7e99f75
var_snip4,47,307200,282,0.9858156028368794,497.38652482269504,891,0.3052749719416386,246.4814814814815,891,0.31200897867564537,248.25028058361391,3664,0,0,uniform=1860;sir=1812,47.13641881942749,7e99f75
var_snip4,47,368640,282,0.9893617021276596,496.6170212765957,891,0.04713804713804714,83.60942760942761,891,0.04264870931537598,81.15263748597081,3664,0,0,uniform=1860;sir=1812,47.13641881942749,7e99f75
var_snip4,47,430080,282,0.9858156028368794,497.90425531914894,891,0.11335578002244669,125.41077441077441,891,0.07968574635241302,111.00785634118968,3664,0,0,uniform=1860;sir=1812,47.13641881942749,7e99f75
var_snip4,47,491520,282,0.9290780141843972,467.8900709219858,891,0.002244668911335578,55.16161616161616,891,0.001122334455667789,54.854096520763186,3664,0,0,uniform=1860;sir=1812,47.13641881942749,7e99f75
var_snip4,47,552960,282,0.9787234042553191,496.63120567375887,891,0.7429854096520763,392.8597081930415,891,0.7138047138047138,380.80808080808083,3664,0,0,uniform=1860;sir=1812,47.13641881942749,7e99f75
var_snip4,47,614400,282,0.9858156028368794,493.79787234042556,891,0.007856341189674524,62.960718294051624,891,0.007856341189674524,63.866442199775534,3664,0,0,uniform=1860;sir=1812,47.13641881942749,7e99f75
var_low_po,47,0,282,0.0,13.159574468085106,891,0.0,32.91806958473625,891,0.0,32.931537598204265,3246,0,0,uniform=1643;sir=1611,50.37537670135498,7e99f75
var_low_po,47,61440,282,0.05673758865248227,240.0531914893617,891,0.020202020202020204,141.01795735129068,891,0.01122334455667789,140.5712682379349,3246,0,0,uniform=1643;sir=1611,50.37537670135498,7e99f75
var_low_po,47,122880,282,0.02127659574468085,187.62056737588654,891,0.0,105.71043771043772,891,0.0,105.2996632996633,3246,0,0,uniform=1643;sir=1611,50.37537670135498,7e99f75
var_low_po,47,184320,282,0.14893617021276595,316.10283687943263,891,0.001122334455667789,105.3973063973064,891,0.0,103.07070707070707,3246,0,0,uniform=1643;sir=1611,50.37537670135498,7e99f75
var_low_po,47,245760,282,0.2553191489361702,341.290780141844,891,0.186307519640853,275.5218855218855,891,0.18069584736251404,274.5791245791246,3246,0,0,uniform=1643;sir=1611,50.37537670135498,7e99f75
var_low_po,47,307200,282,0.9716312056737588,493.6808510638298,891,0.0707070707070707,194.69360269360268,891,0.05499438832772166,191.9450056116723,3246,0,0,uniform=1643;sir=1611,50.37537670135498,7e99f75
var_low_po,47,368640,282,0.9858156028368794,495.1489361702128,891,0.23232323232323232,171.006734006734,891,0.22671156004489337,167.05723905723906,3246,0,0,uniform=1643;sir=1611,50.37537670135498,7e99f75
var_low_po,47,430080,282,0.9468085106382979,491.4574468085106,891,0.07856341189674523,96.95847362514029,891,0.08417508417508418,98.95959595959596,3246,0,0,uniform=1643;sir=1611,50.37537670135498,7e99f75
var_low_po,47,491520,282,0.9858156028368794,495.36879432624113,891,0.45342312008978675,265.08641975308643,891,0.4332210998877666,257.1425364758698,3246,0,0,uniform=1643;sir=1611,50.37537670135498,7e99f75
var_low_po,47,552960,282,0.8404255319148937,452.34751773049646,891,0.6632996632996633,359.17283950617286,891,0.6868686868686869,369.61279461279463,3246,0,0,uniform=1643;sir=1611,50.37537670135498,7e99f75
var_low_po,47,614400,282,0.9858156028368794,496.06382978723406,891,0.8294051627384961,432.1515151515151,891,0.8159371492704826,427.1997755331089,3246,0,0,uniform=1643;sir=1611,50.37537670135498,7e99f75
var_snip4,48,0,282,0.0,14.563829787234043,891,0.0,37.94500561167228,891,0.0,38.86980920314254,3529,0,0,uniform=1756;sir=1781,47.40980291366577,7e99f75
var_snip4,48,61440,282,0.10283687943262411,266.57801418439715,891,0.0,110.98989898989899,891,0.0,110.25364758698092,3529,0,0,uniform=1756;sir=1781,47.40980291366577,7e99f75
var_snip4,48,122880,282,0.19858156028368795,388.177304964539,891,0.25140291806958476,237.98204264870932,891,0.2615039281705948,242.17957351290684,3529,0,0,uniform=1756;sir=1781,47.40980291366577,7e99f75
var_snip4,48,184320,282,0.9858156028368794,493.8333333333333,891,0.002244668911335578,56.083052749719414,891,0.001122334455667789,55.764309764309765,3529,0,0,uniform=1756;sir=1781,47.40980291366577,7e99f75
var_snip4,48,245760,282,0.0851063829787234,285.9751773049645,891,0.0,94.00224466891133,891,0.0,95.76094276094275,3529,0,0,uniform=1756;sir=1781,47.40980291366577,7e99f75
var_snip4,48,307200,282,0.9787234042553191,495.93617021276594,891,0.9315375982042648,472.07856341189677,891,0.9169472502805837,466.46576879910214,3529,0,0,uniform=1756;sir=1781,47.40980291366577,7e99f75
var_snip4,48,368640,282,0.9645390070921985,491.24468085106383,891,0.531986531986532,309.00561167227835,891,0.5274971941638609,306.5959595959596,3529,0,0,uniform=1756;sir=1781,47.40980291366577,7e99f75
var_snip4,48,430080,282,0.950354609929078,490.90425531914894,891,0.6588103254769921,355.74747474747477,891,0.6835016835016835,365.8484848484849,3529,0,0,uniform=1756;sir=1781,47.40980291366577,7e99f75
var_snip4,48,491520,282,0.9964539007092199,498.42907801418437,891,0.5387205387205387,305.1122334455668,891,0.5375982042648709,304.668911335578,3529,0,0,uniform=1756;sir=1781,47.40980291366577,7e99f75
var_snip4,48,552960,282,0.9432624113475178,491.822695035461,891,0.01122334455667789,96.58024691358025,891,0.007856341189674524,90.31537598204265,3529,0,0,uniform=1756;sir=1781,47.40980291366577,7e99f75
var_snip4,48,614400,282,0.9858156028368794,493.84397163120565,891,0.001122334455667789,56.240179573512904,891,0.001122334455667789,56.05274971941638,3529,0,0,uniform=1756;sir=1781,47.40980291366577,7e99f75
var_low_po,48,0,282,0.0,28.592198581560282,891,0.0,40.11447811447812,891,0.0,39.88215488215488,3230,0,0,uniform=1634;sir=1604,50.82283115386963,7e99f75
var_low_po,48,61440,282,0.07801418439716312,258.3049645390071,891,0.0,120.14029180695847,891,0.0,118.79012345679013,3230,0,0,uniform=1634;sir=1604,50.82283115386963,7e99f75
var_low_po,48,122880,282,0.16666666666666666,297.6418439716312,891,0.037037037037037035,183.67340067340066,891,0.028058361391694726,181.9158249158249,3230,0,0,uniform=1634;sir=1604,50.82283115386963,7e99f75
var_low_po,48,184320,282,0.1595744680851064,269.0567375886525,891,0.028058361391694726,181.92704826038158,891,0.025813692480359147,173.90684624017956,3230,0,0,uniform=1634;sir=1604,50.82283115386963,7e99f75
var_low_po,48,245760,282,0.19148936170212766,267.0070921985816,891,0.004489337822671156,200.1571268237935,891,0.004489337822671156,200.5263748597082,3230,0,0,uniform=1634;sir=1604,50.82283115386963,7e99f75
var_low_po,48,307200,282,0.3971631205673759,345.57801418439715,891,0.3984287317620651,269.89337822671155,891,0.3490460157126824,254.69360269360268,3230,0,0,uniform=1634;sir=1604,50.82283115386963,7e99f75
var_low_po,48,368640,282,0.9042553191489362,489.5390070921986,891,0.2940516273849607,263.13019079685745,891,0.25813692480359146,255.78338945005612,3230,0,0,uniform=1634;sir=1604,50.82283115386963,7e99f75
var_low_po,48,430080,282,0.9893617021276596,496.65602836879435,891,0.5757575757575758,319.7811447811448,891,0.55331088664422,310.92480359147027,3230,0,0,uniform=1634;sir=1604,50.82283115386963,7e99f75
var_low_po,48,491520,282,0.8191489361702128,468.3723404255319,891,0.004489337822671156,170.14814814814815,891,0.003367003367003367,167.03703703703704,3230,0,0,uniform=1634;sir=1604,50.82283115386963,7e99f75
var_low_po,48,552960,282,0.9787234042553191,491.8014184397163,891,0.1414141414141414,124.34343434343434,891,0.13692480359147025,122.53647586980921,3230,0,0,uniform=1634;sir=1604,50.82283115386963,7e99f75
var_low_po,48,614400,282,0.8900709219858156,462.88652482269504,891,0.20763187429854096,164.64534231200898,891,0.21773288439955107,168.74410774410774,3230,0,0,uniform=1634;sir=1604,50.82283115386963,7e99f75
var_snip4,49,0,282,0.0,70.4290780141844,891,0.0,51.05723905723906,891,0.0,50.27160493827161,3864,0,0,uniform=1938;sir=1934,47.28067207336426,7e99f75
var_snip4,49,61440,282,0.16666666666666666,319.29787234042556,891,0.0,131.19304152637486,891,0.0,130.18967452300785,3864,0,0,uniform=1938;sir=1934,47.28067207336426,7e99f75
var_snip4,49,122880,282,0.20921985815602837,329.08156028368796,891,0.001122334455667789,141.18967452300785,891,0.0,139.9685746352413,3864,0,0,uniform=1938;sir=1934,47.28067207336426,7e99f75
var_snip4,49,184320,282,0.08865248226950355,262.177304964539,891,0.0,119.48821548821549,891,0.0,118.67003367003367,3864,0,0,uniform=1938;sir=1934,47.28067207336426,7e99f75
var_snip4,49,245760,282,0.09574468085106383,282.36170212765956,891,0.09652076318742986,180.86195286195286,891,0.08754208754208755,180.45903479236813,3864,0,0,uniform=1938;sir=1934,47.28067207336426,7e99f75
var_snip4,49,307200,282,0.5283687943262412,439.20567375886526,891,0.2648709315375982,247.5993265993266,891,0.25925925925925924,242.7283950617284,3864,0,0,uniform=1938;sir=1934,47.28067207336426,7e99f75
var_snip4,49,368640,282,0.03900709219858156,200.93262411347519,891,0.0,109.91358024691358,891,0.0,109.25028058361391,3864,0,0,uniform=1938;sir=1934,47.28067207336426,7e99f75
var_snip4,49,430080,282,0.9680851063829787,493.02836879432624,891,0.7856341189674523,414.2615039281706,891,0.7699214365881033,407.8159371492705,3864,0,0,uniform=1938;sir=1934,47.28067207336426,7e99f75
var_snip4,49,491520,282,0.9929078014184397,497.0248226950355,891,0.2738496071829405,187.29180695847361,891,0.2895622895622896,193.2895622895623,3864,0,0,uniform=1938;sir=1934,47.28067207336426,7e99f75
var_snip4,49,552960,282,0.9929078014184397,497.0425531914894,891,0.5286195286195287,306.1335578002245,891,0.5241301907968574,302.307519640853,3864,0,0,uniform=1938;sir=1934,47.28067207336426,7e99f75
var_snip4,49,614400,282,0.975177304964539,489.82978723404256,891,0.0,57.30078563411897,891,0.0,57.03254769921437,3864,0,0,uniform=1938;sir=1934,47.28067207336426,7e99f75
var_low_po,49,0,282,0.0,24.648936170212767,891,0.0,19.07631874298541,891,0.0,19.277216610549942,3574,0,0,uniform=1758;sir=1824,50.95480823516846,7e99f75
var_low_po,49,61440,282,0.1099290780141844,277.40425531914894,891,0.015712682379349047,157.65656565656565,891,0.014590347923681257,155.3726150392817,3574,0,0,uniform=1758;sir=1824,50.95480823516846,7e99f75
var_low_po,49,122880,282,0.031914893617021274,214.47163120567376,891,0.001122334455667789,122.70482603815937,891,0.005611672278338945,123.62177328843995,3574,0,0,uniform=1758;sir=1824,50.95480823516846,7e99f75
var_low_po,49,184320,282,0.07801418439716312,233.7695035460993,891,0.004489337822671156,126.53423120089786,891,0.0,128.79685746352413,3574,0,0,uniform=1758;sir=1824,50.95480823516846,7e99f75
var_low_po,49,245760,282,0.03900709219858156,203.5035460992908,891,0.0,125.8047138047138,891,0.0,124.71492704826038,3574,0,0,uniform=1758;sir=1824,50.95480823516846,7e99f75
var_low_po,49,307200,282,0.0851063829787234,227.59574468085106,891,0.07631874298540965,212.7250280583614,891,0.09764309764309764,211.2648709315376,3574,0,0,uniform=1758;sir=1824,50.95480823516846,7e99f75
var_low_po,49,368640,282,0.8226950354609929,476.33687943262413,891,0.7328843995510662,391.5297418630752,891,0.7317620650953984,392.1863075196409,3574,0,0,uniform=1758;sir=1824,50.95480823516846,7e99f75
var_low_po,49,430080,282,0.9929078014184397,496.97872340425533,891,0.24915824915824916,181.665544332211,891,0.23793490460157127,177.0347923681257,3574,0,0,uniform=1758;sir=1824,50.95480823516846,7e99f75
var_low_po,49,491520,282,0.9964539007092199,498.4113475177305,891,0.494949494949495,281.9270482603816,891,0.49607182940516276,283.1863075196409,3574,0,0,uniform=1758;sir=1824,50.95480823516846,7e99f75
var_low_po,49,552960,282,0.9858156028368794,493.6737588652482,891,0.002244668911335578,56.50617283950617,891,0.001122334455667789,56.186307519640856,3574,0,0,uniform=1758;sir=1824,50.95480823516846,7e99f75
var_low_po,49,614400,282,0.5602836879432624,408.07092198581563,891,0.8024691358024691,419.16610549943886,891,0.7856341189674523,412.7699214365881,3574,0,0,uniform=1758;sir=1824,50.95480823516846,7e99f75
var_snip4,50,0,282,0.0,27.638297872340427,891,0.0,14.804713804713804,891,0.0,14.590347923681257,3756,0,0,uniform=1825;sir=1939,47.8064649105072,7e99f75
var_snip4,50,61440,282,0.07801418439716312,256.0390070921986,891,0.0,116.58810325476992,891,0.0,115.9057239057239,3756,0,0,uniform=1825;sir=1939,47.8064649105072,7e99f75
var_snip4,50,122880,282,0.0425531914893617,211.82624113475177,891,0.012345679012345678,146.6307519640853,891,0.02132435465768799,145.6094276094276,3756,0,0,uniform=1825;sir=1939,47.8064649105072,7e99f75
var_snip4,50,184320,282,0.03546099290780142,211.95390070921985,891,0.001122334455667789,130.36475869809203,891,0.001122334455667789,128.75196408529743,3756,0,0,uniform=1825;sir=1939,47.8064649105072,7e99f75
var_snip4,50,245760,282,0.5035460992907801,426.39716312056737,891,0.001122334455667789,165.78900112233447,891,0.0,164.67340067340066,3756,0,0,uniform=1825;sir=1939,47.8064649105072,7e99f75
var_snip4,50,307200,282,0.9539007092198581,495.21276595744683,891,0.1122334455667789,201.68799102132436,891,0.10213243546576879,198.99551066217734,3756,0,0,uniform=1825;sir=1939,47.8064649105072,7e99f75
var_snip4,50,368640,282,0.9929078014184397,498.21985815602835,891,0.9236812570145904,469.7957351290685,891,0.9079685746352413,463.4253647586981,3756,0,0,uniform=1825;sir=1939,47.8064649105072,7e99f75
var_snip4,50,430080,282,0.9822695035460993,496.6276595744681,891,0.8933782267115601,457.10662177328845,891,0.8787878787878788,450.92817059483724,3756,0,0,uniform=1825;sir=1939,47.8064649105072,7e99f75
var_snip4,50,491520,282,0.9787234042553191,496.01063829787233,891,0.7654320987654321,405.15937149270485,891,0.745230078563412,397.016835016835,3756,0,0,uniform=1825;sir=1939,47.8064649105072,7e99f75
var_snip4,50,552960,282,0.9432624113475178,493.11347517730496,891,0.67003367003367,361.280583613917,891,0.6430976430976431,350.41301907968574,3756,0,0,uniform=1825;sir=1939,47.8064649105072,7e99f75
var_snip4,50,614400,282,0.9858156028368794,495.7340425531915,891,0.19528619528619529,153.76879910213245,891,0.2143658810325477,161.69584736251403,3756,0,0,uniform=1825;sir=1939,47.8064649105072,7e99f75
var_low_po,50,0,282,0.0,13.329787234042554,891,0.0,32.94949494949495,891,0.0,32.76767676767677,3308,0,0,uniform=1643;sir=1673,50.50931096076965,7e99f75
var_low_po,50,61440,282,0.0425531914893617,215.90425531914894,891,0.0,111.42087542087542,891,0.0,110.68013468013469,3308,0,0,uniform=1643;sir=1673,50.50931096076965,7e99f75
var_low_po,50,122880,282,0.05673758865248227,221.29078014184398,891,0.006734006734006734,130.34231200897867,891,0.002244668911335578,128.8641975308642,3308,0,0,uniform=1643;sir=1673,50.50931096076965,7e99f75
var_low_po,50,184320,282,0.25886524822695034,329.75531914893617,891,0.25252525252525254,270.17171717171715,891,0.24579124579124578,266.41638608305277,3308,0,0,uniform=1643;sir=1673,50.50931096076965,7e99f75
var_low_po,50,245760,282,0.475177304964539,397.5921985815603,891,0.3658810325476992,292.8462401795735,891,0.35802469135802467,288.84960718294053,3308,0,0,uniform=1643;sir=1673,50.50931096076965,7e99f75
var_low_po,50,307200,282,0.4148936170212766,367.97872340425533,891,0.001122334455667789,92.93827160493827,891,0.001122334455667789,93.25701459034792,3308,0,0,uniform=1643;sir=1673,50.50931096076965,7e99f75
var_low_po,50,368640,282,0.9893617021276596,498.00354609929076,891,0.5173961840628507,294.71156004489336,891,0.494949494949495,285.2154882154882,3308,0,0,uniform=1643;sir=1673,50.50931096076965,7e99f75
var_low_po,50,430080,282,0.9929078014184397,496.74468085106383,891,0.2760942760942761,184.70819304152639,891,0.2570145903479237,175.67452300785635,3308,0,0,uniform=1643;sir=1673,50.50931096076965,7e99f75
var_low_po,50,491520,282,0.9787234042553191,493.5070921985816,891,0.4590347923681257,263.35016835016836,891,0.45230078563411896,260.347923681257,3308,0,0,uniform=1643;sir=1673,50.50931096076965,7e99f75
var_low_po,50,552960,282,0.9893617021276596,495.6063829787234,891,0.4691358024691358,267.5925925925926,891,0.4601571268237935,264.3164983164983,3308,0,0,uniform=1643;sir=1673,50.50931096076965,7e99f75
var_low_po,50,614400,282,0.9787234042553191,491.74468085106383,891,0.4556677890011223,259.9820426487093,891,0.45791245791245794,261.013468013468,3308,0,0,uniform=1643;sir=1673,50.50931096076965,7e99f75
var_snip4,51,0,282,0.0,12.25531914893617,891,0.0,17.947250280583614,891,0.0,18.14590347923681,3764,0,0,uniform=1890;sir=1882,47.20502591133118,7e99f75
var_snip4,51,61440,282,0.08156028368794327,248.4964539007092,891,0.0,114.65319865319866,891,0.0,113.97755331088665,3764,0,0,uniform=1890;sir=1882,47.20502591133118,7e99f75
var_snip4,51,122880,282,0.1524822695035461,285.6843971631206,891,0.0,126.4287317620651,891,0.0,125.36363636363636,3764,0,0,uniform=1890;sir=1882,47.20502591133118,7e99f75
var_snip4,51,184320,282,0.12056737588652482,299.3900709219858,891,0.0,129.96632996632997,891,0.0,128.986531986532,3764,0,0,uniform=1890;sir=1882,47.20502591133118,7e99f75
var_snip4,51,245760,282,0.11702127659574468,251.96099290780143,891,0.001122334455667789,124.64870931537598,891,0.0,123.57239057239057,3764,0,0,uniform=1890;sir=1882,47.20502591133118,7e99f75
var_snip4,51,307200,282,0.44680851063829785,415.2836879432624,891,0.001122334455667789,154.54433221099887,891,0.0,152.66105499438834,3764,0,0,uniform=1890;sir=1882,47.20502591133118,7e99f75
var_snip4,51,368640,282,0.9858156028368794,497.1241134751773,891,0.6790123456790124,369.86531986531986,891,0.6554433221099888,361.22222222222223,3764,0,0,uniform=1890;sir=1882,47.20502591133118,7e99f75
var_snip4,51,430080,282,0.9964539007092199,498.7340425531915,891,0.9068462401795735,462.9786756453423,891,0.8945005611672279,457.5297418630752,3764,0,0,uniform=1890;sir=1882,47.20502591133118,7e99f75
var_snip4,51,491520,282,0.9680851063829787,494.86879432624113,891,0.6846240179573513,366.70258136924804,891,0.6576879910213244,355.6228956228956,3764,0,0,uniform=1890;sir=1882,47.20502591133118,7e99f75
var_snip4,51,552960,282,0.9680851063829787,494.71985815602835,891,0.6139169472502806,337.5589225589226,891,0.5791245791245792,322.4567901234568,3764,0,0,uniform=1890;sir=1882,47.20502591133118,7e99f75
var_snip4,51,614400,282,0.9858156028368794,496.06382978723406,891,0.8978675645342312,459.2255892255892,891,0.8911335578002245,455.6026936026936,3764,0,0,uniform=1890;sir=1882,47.20502591133118,7e99f75
var_low_po,51,0,282,0.0,13.131205673758865,891,0.0,32.49607182940516,891,0.0,32.55331088664422,3396,0,0,uniform=1746;sir=1658,47.97380709648132,7e99f75
var_low_po,51,61440,282,0.03900709219858156,216.09574468085106,891,0.0,109.4040404040404,891,0.0,108.96408529741863,3396,0,0,uniform=1746;sir=1658,47.97380709648132,7e99f75
var_low_po,51,122880,282,0.014184397163120567,178.27659574468086,891,0.0,110.78900112233445,891,0.0,110.24354657687991,3396,0,0,uniform=1746;sir=1658,47.97380709648132,7e99f75
var_low_po,51,184320,282,0.028368794326241134,207.32978723404256,891,0.0,107.85297418630752,891,0.0,107.17620650953984,3396,0,0,uniform=1746;sir=1658,47.97380709648132,7e99f75
var_low_po,51,245760,282,0.6382978723404256,441.822695035461,891,0.02356902356902357,160.09539842873176,891,0.020202020202020204,155.331088664422,3396,0,0,uniform=1746;sir=1658,47.97380709648132,7e99f75
var_low_po,51,307200,282,0.7907801418439716,472.7517730496454,891,0.2536475869809203,251.30639730639732,891,0.2570145903479237,250.7216610549944,3396,0,0,uniform=1746;sir=1658,47.97380709648132,7e99f75
var_low_po,51,368640,282,0.975177304964539,492.07092198581563,891,0.002244668911335578,64.26038159371492,891,0.002244668911335578,63.84287317620651,3396,0,0,uniform=1746;sir=1658,47.97380709648132,7e99f75
var_low_po,51,430080,282,0.9716312056737588,491.6099290780142,891,0.4567901234567901,263.5218855218855,891,0.4500561167227834,260.4006734006734,3396,0,0,uniform=1746;sir=1658,47.97380709648132,7e99f75
var_low_po,51,491520,282,0.8652482269503546,478.04609929078015,891,0.632996632996633,350.1492704826038,891,0.6475869809203143,357.973063973064,3396,0,0,uniform=1746;sir=1658,47.97380709648132,7e99f75
var_low_po,51,552960,282,0.8014184397163121,452.7304964539007,891,0.42312008978675647,277.3524130190797,891,0.4208754208754209,276.40852974186305,3396,0,0,uniform=1746;sir=1658,47.97380709648132,7e99f75
var_low_po,51,614400,282,0.975177304964539,490.83687943262413,891,0.388327721661055,237.88776655443323,891,0.3961840628507295,240.6195286195286,3396,0,0,uniform=1746;sir=1658,47.97380709648132,7e99f75
var_snip4,52,0,282,0.0,17.840425531914892,891,0.0,15.51739618406285,891,0.0,15.294051627384961,3748,0,0,uniform=1871;sir=1885,46.09655499458313,7e99f75
var_snip4,52,61440,282,0.14893617021276595,307.61347517730496,891,0.0,136.4601571268238,891,0.0,136.41750841750843,3748,0,0,uniform=1871;sir=1885,46.09655499458313,7e99f75
var_snip4,52,122880,282,0.09574468085106383,291.5744680851064,891,0.0819304152637486,197.0841750841751,891,0.07407407407407407,195.55667789001123,3748,0,0,uniform=1871;sir=1885,46.09655499458313,7e99f75
var_snip4,52,184320,282,0.0851063829787234,232.9078014184397,891,0.0,104.16273849607182,891,0.0,103.78563411896745,3748,0,0,uniform=1871;sir=1885,46.09655499458313,7e99f75
var_snip4,52,245760,282,0.05319148936170213,210.36170212765958,891,0.0,106.0909090909091,891,0.0,105.72166105499439,3748,0,0,uniform=1871;sir=1885,46.09655499458313,7e99f75
var_snip4,52,307200,282,0.624113475177305,432.0425531914894,891,0.10325476992143659,223.74859708193043,891,0.09427609427609428,217.45566778900113,3748,0,0,uniform=1871;sir=1885,46.09655499458313,7e99f75
var_snip4,52,368640,282,0.9078014184397163,489.1418439716312,891,0.0920314253647587,285.86307519640854,891,0.09427609427609428,284.9315375982043,3748,0,0,uniform=1871;sir=1885,46.09655499458313,7e99f75
var_snip4,52,430080,282,0.9893617021276596,495.2695035460993,891,0.01122334455667789,65.38720538720538,891,0.012345679012345678,65.95959595959596,3748,0,0,uniform=1871;sir=1885,46.09655499458313,7e99f75
var_snip4,52,491520,282,0.9858156028368794,496.26241134751774,891,0.19304152637485972,152.04713804713805,891,0.21548821548821548,161.01459034792367,3748,0,0,uniform=1871;sir=1885,46.09655499458313,7e99f75
var_snip4,52,552960,282,0.9929078014184397,497.031914893617,891,0.5331088664421998,305.0381593714927,891,0.5028058361391695,291.39618406285075,3748,0,0,uniform=1871;sir=1885,46.09655499458313,7e99f75
var_snip4,52,614400,282,0.9858156028368794,496.5,891,0.675645342312009,363.97081930415266,891,0.632996632996633,346.3063973063973,3748,0,0,uniform=1871;sir=1885,46.09655499458313,7e99f75
var_low_po,52,0,282,0.0,13.209219858156029,891,0.0,23.468013468013467,891,0.0,23.698092031425364,3250,0,0,uniform=1605;sir=1653,49.4429452419281,7e99f75
var_low_po,52,61440,282,0.44680851063829785,405.06028368794324,891,0.051627384960718295,160.83726150392818,891,0.058361391694725026,162.6273849607183,3250,0,0,uniform=1605;sir=1653,49.4429452419281,7e99f75
var_low_po,52,122880,282,0.0851063829787234,259.4432624113475,891,0.12008978675645342,231.42087542087543,891,0.1324354657687991,229.58585858585857,3250,0,0,uniform=1605;sir=1653,49.4429452419281,7e99f75
var_low_po,52,184320,282,0.06028368794326241,215.02482269503545,891,0.008978675645342313,139.03254769921438,891,0.010101010101010102,136.74410774410774,3250,0,0,uniform=1605;sir=1653,49.4429452419281,7e99f75
var_low_po,52,245760,282,0.2765957446808511,301.8581560283688,891,0.01122334455667789,197.7665544332211,891,0.02132435465768799,197.56677890011224,3250,0,0,uniform=1605;sir=1653,49.4429452419281,7e99f75
var_low_po,52,307200,282,0.9574468085106383,492.65602836879435,891,0.5196408529741863,295.5061728395062,891,0.5185185185185185,294.11335578002246,3250,0,0,uniform=1605;sir=1653,49.4429452419281,7e99f75
var_low_po,52,368640,282,0.9893617021276596,495.2588652482269,891,0.03254769921436588,78.18630751964085,891,0.019079685746352413,72.0976430976431,3250,0,0,uniform=1605;sir=1653,49.4429452419281,7e99f75
var_low_po,52,430080,282,0.9893617021276596,495.1950354609929,891,0.13580246913580246,125.24354657687991,891,0.13019079685746351,120.99214365881032,3250,0,0,uniform=1605;sir=1653,49.4429452419281,7e99f75
var_low_po,52,491520,282,0.9929078014184397,497.51063829787233,891,0.3221099887766554,206.66666666666666,891,0.30864197530864196,200.50953984287318,3250,0,0,uniform=1605;sir=1653,49.4429452419281,7e99f75
var_low_po,52,552960,282,0.9397163120567376,478.07801418439715,891,0.7081930415263749,379.24691358024694,891,0.712682379349046,380.6094276094276,3250,0,0,uniform=1605;sir=1653,49.4429452419281,7e99f75
var_low_po,52,614400,282,0.7943262411347518,459.58156028368796,891,0.08978675645342311,180.13468013468014,891,0.09876543209876543,178.49270482603816,3250,0,0,uniform=1605;sir=1653,49.4429452419281,7e99f75
var_snip4,53,0,282,0.0,32.97163120567376,891,0.0,15.41638608305275,891,0.0,15.363636363636363,3570,0,0,uniform=1773;sir=1805,46.14501094818115,7e99f75
var_snip4,53,61440,282,0.8049645390070922,477.66312056737587,891,0.3176206509539843,344.9854096520763,891,0.32098765432098764,341.0852974186308,3570,0,0,uniform=1773;sir=1805,46.14501094818115,7e99f75
var_snip4,53,122880,282,0.11347517730496454,288.5886524822695,891,0.001122334455667789,124.70931537598204,891,0.0,124.03815937149271,3570,0,0,uniform=1773;sir=1805,46.14501094818115,7e99f75
var_snip4,53,184320,282,0.18085106382978725,354.63829787234044,891,0.0,78.59371492704825,891,0.0,77.45679012345678,3570,0,0,uniform=1773;sir=1805,46.14501094818115,7e99f75
var_snip4,53,245760,282,0.03900709219858156,220.7872340425532,891,0.013468013468013467,132.00224466891135,891,0.007856341189674524,130.19304152637486,3570,0,0,uniform=1773;sir=1805,46.14501094818115,7e99f75
var_snip4,53,307200,282,0.9893617021276596,496.6418439716312,891,0.7362514029180696,390.52076318742985,891,0.7014590347923682,376.45903479236813,3570,0,0,uniform=1773;sir=1805,46.14501094818115,7e99f75
var_snip4,53,368640,282,0.9893617021276596,495.2836879432624,891,0.001122334455667789,58.33221099887766,891,0.0,57.996632996633,3570,0,0,uniform=1773;sir=1805,46.14501094818115,7e99f75
var_snip4,53,430080,282,0.9858156028368794,494.6170212765957,891,0.001122334455667789,59.89450056116723,891,0.002244668911335578,60.05050505050505,3570,0,0,uniform=1773;sir=1805,46.14501094818115,7e99f75
var_snip4,53,491520,282,0.9787234042553191,492.88652482269504,891,0.0,57.41638608305275,891,0.0,57.17283950617284,3570,0,0,uniform=1773;sir=1805,46.14501094818115,7e99f75
var_snip4,53,552960,282,0.9929078014184397,498.14539007092196,891,0.7542087542087542,398.24466891133557,891,0.7508417508417509,397.81032547699215,3570,0,0,uniform=1773;sir=1805,46.14501094818115,7e99f75
var_snip4,53,614400,282,0.8262411347517731,480.3510638297872,891,0.4287317620650954,323.13468013468014,891,0.42536475869809204,315.7351290684624,3570,0,0,uniform=1773;sir=1805,46.14501094818115,7e99f75
var_low_po,53,0,282,0.07092198581560284,54.315602836879435,891,0.0,32.95286195286195,891,0.0,33.03703703703704,3326,0,0,uniform=1659;sir=1675,48.948920011520386,7e99f75
var_low_po,53,61440,282,0.028368794326241134,164.96808510638297,891,0.0,88.5050505050505,891,0.0,88.57687991021325,3326,0,0,uniform=1659;sir=1675,48.948920011520386,7e99f75
var_low_po,53,122880,282,0.07801418439716312,248.4255319148936,891,0.001122334455667789,135.1324354657688,891,0.004489337822671156,135.46240179573513,3326,0,0,uniform=1659;sir=1675,48.948920011520386,7e99f75
var_low_po,53,184320,282,0.07801418439716312,236.80141843971631,891,0.04601571268237935,181.73400673400673,891,0.04040404040404041,183.32884399551065,3326,0,0,uniform=1659;sir=1675,48.948920011520386,7e99f75
var_low_po,53,245760,282,0.09574468085106383,269.4645390070922,891,0.003367003367003367,133.59820426487093,891,0.004489337822671156,132.81705948372615,3326,0,0,uniform=1659;sir=1675,48.948920011520386,7e99f75
var_low_po,53,307200,282,0.8581560283687943,482.42198581560285,891,0.5443322109988776,323.43322109988776,891,0.5566778900112234,324.638608305275,3326,0,0,uniform=1659;sir=1675,48.948920011520386,7e99f75
var_low_po,53,368640,282,0.9113475177304965,484.1170212765957,891,0.37373737373737376,233.11335578002246,891,0.35914702581369246,227.02020202020202,3326,0,0,uniform=1659;sir=1675,48.948920011520386,7e99f75
var_low_po,53,430080,282,0.9148936170212766,481.87943262411346,891,0.9046015712682379,461.3265993265993,891,0.8832772166105499,453.33670033670035,3326,0,0,uniform=1659;sir=1675,48.948920011520386,7e99f75
var_low_po,53,491520,282,0.9042553191489362,484.209219858156,891,0.10998877665544332,274.84960718294053,891,0.10886644219977554,272.7744107744108,3326,0,0,uniform=1659;sir=1675,48.948920011520386,7e99f75
var_low_po,53,552960,282,0.6560283687943262,425.0354609929078,891,0.8035914702581369,427.6778900112233,891,0.7811447811447811,417.5645342312009,3326,0,0,uniform=1659;sir=1675,48.948920011520386,7e99f75
var_low_po,53,614400,282,0.9468085106382979,490.3085106382979,891,0.5420875420875421,304.92143658810323,891,0.5230078563411896,296.71156004489336,3326,0,0,uniform=1659;sir=1675,48.948920011520386,7e99f75
var_snip4,54,0,282,0.0,12.645390070921986,891,0.0,32.282828282828284,891,0.0,32.30639730639731,3660,0,0,uniform=1796;sir=1872,43.03746676445007,7e99f75
var_snip4,54,61440,282,0.599290780141844,425.709219858156,891,0.0,174.0976430976431,891,0.0,169.66666666666666,3660,0,0,uniform=1796;sir=1872,43.03746676445007,7e99f75
var_snip4,54,122880,282,0.0673758865248227,224.47517730496455,891,0.0,102.9753086419753,891,0.0,102.66442199775533,3660,0,0,uniform=1796;sir=1872,43.03746676445007,7e99f75
var_snip4,54,184320,282,0.18085106382978725,312.37943262411346,891,0.001122334455667789,128.61054994388329,891,0.0,127.76094276094275,3660,0,0,uniform=1796;sir=1872,43.03746676445007,7e99f75
var_snip4,54,245760,282,0.09219858156028368,249.75531914893617,891,0.001122334455667789,107.02581369248036,891,0.0,106.21885521885523,3660,0,0,uniform=1796;sir=1872,43.03746676445007,7e99f75
var_snip4,54,307200,282,0.9397163120567376,493.59929078014187,891,0.058361391694725026,148.84399551066218,891,0.0819304152637486,150.62850729517396,3660,0,0,uniform=1796;sir=1872,43.03746676445007,7e99f75
var_snip4,54,368640,282,0.9822695035460993,496.0886524822695,891,0.8226711560044894,427.94612794612794,891,0.8249158249158249,428.70931537598204,3660,0,0,uniform=1796;sir=1872,43.03746676445007,7e99f75
var_snip4,54,430080,282,0.9964539007092199,498.4574468085106,891,0.7687991021324355,404.66329966329965,891,0.7755331088664422,406.83389450056114,3660,0,0,uniform=1796;sir=1872,43.03746676445007,7e99f75
var_snip4,54,491520,282,0.9893617021276596,496.8758865248227,891,0.3939393939393939,243.03254769921438,891,0.3771043771043771,235.7250280583614,3660,0,0,uniform=1796;sir=1872,43.03746676445007,7e99f75
var_snip4,54,552960,282,0.9822695035460993,491.95390070921985,891,0.002244668911335578,55.47811447811448,891,0.001122334455667789,55.16161616161616,3660,0,0,uniform=1796;sir=1872,43.03746676445007,7e99f75
var_snip4,54,614400,282,0.723404255319149,470.7659574468085,891,0.8114478114478114,440.1683501683502,891,0.7946127946127947,433.9124579124579,3660,0,0,uniform=1796;sir=1872,43.03746676445007,7e99f75
var_low_po,54,0,282,0.0,34.312056737588655,891,0.0,26.911335578002245,891,0.0,26.5016835016835,3439,0,0,uniform=1697;sir=1750,46.34922814369202,7e99f75
var_low_po,54,61440,282,0.0425531914893617,231.28014184397162,891,0.0,111.75757575757575,891,0.0,110.8989898989899,3439,0,0,uniform=1697;sir=1750,46.34922814369202,7e99f75
var_low_po,54,122880,282,0.08865248226950355,246.93262411347519,891,0.001122334455667789,131.86531986531986,891,0.001122334455667789,130.5016835016835,3439,0,0,uniform=1697;sir=1750,46.34922814369202,7e99f75
var_low_po,54,184320,282,0.06028368794326241,254.79787234042553,891,0.0,123.28843995510663,891,0.0,121.28058361391695,3439,0,0,uniform=1697;sir=1750,46.34922814369202,7e99f75
var_low_po,54,245760,282,0.12056737588652482,295.0390070921986,891,0.012345679012345678,126.26599326599326,891,0.02244668911335578,135.31200897867564,3439,0,0,uniform=1697;sir=1750,46.34922814369202,7e99f75
var_low_po,54,307200,282,0.7659574468085106,456.8333333333333,891,0.4332210998877666,270.97418630751963,891,0.4377104377104377,274.16610549943886,3439,0,0,uniform=1697;sir=1750,46.34922814369202,7e99f75
var_low_po,54,368640,282,0.6453900709219859,433.4822695035461,891,0.031425364758698095,76.85970819304153,891,0.029180695847362513,75.0729517396184,3439,0,0,uniform=1697;sir=1750,46.34922814369202,7e99f75
var_low_po,54,430080,282,0.9858156028368794,495.1808510638298,891,0.21548821548821548,168.4354657687991,891,0.19079685746352412,158.1492704826038,3439,0,0,uniform=1697;sir=1750,46.34922814369202,7e99f75
var_low_po,54,491520,282,0.9893617021276596,495.34397163120565,891,0.05611672278338945,91.43097643097643,891,0.05611672278338945,90.41863075196409,3439,0,0,uniform=1697;sir=1750,46.34922814369202,7e99f75
var_low_po,54,552960,282,0.8546099290780141,458.468085106383,891,0.8956228956228957,457.09315375982044,891,0.867564534231201,445.9753086419753,3439,0,0,uniform=1697;sir=1750,46.34922814369202,7e99f75
var_low_po,54,614400,282,0.8794326241134752,461.822695035461,891,0.5173961840628507,299.27384960718297,891,0.5140291806958474,297.41750841750843,3439,0,0,uniform=1697;sir=1750,46.34922814369202,7e99f75
var_snip4,55,0,282,0.0,84.05673758865248,891,0.0,65.59708193041526,891,0.0,63.88552188552188,3662,0,0,uniform=1820;sir=1850,44.4634690284729,7e99f75
var_snip4,55,61440,282,0.06382978723404255,244.75531914893617,891,0.0,114.55667789001123,891,0.0,113.78563411896745,3662,0,0,uniform=1820;sir=1850,44.4634690284729,7e99f75
var_snip4,55,122880,282,0.10283687943262411,276.74468085106383,891,0.0,124.82716049382717,891,0.0,123.7665544332211,3662,0,0,uniform=1820;sir=1850,44.4634690284729,7e99f75
var_snip4,55,184320,282,0.35815602836879434,394.5390070921986,891,0.001122334455667789,157.70258136924804,891,0.0,155.8608305274972,3662,0,0,uniform=1820;sir=1850,44.4634690284729,7e99f75
var_snip4,55,245760,282,0.031914893617021274,292.02127659574467,891,0.4500561167227834,306.64646464646466,891,0.44332210998877664,305.672278338945,3662,0,0,uniform=1820;sir=1850,44.4634690284729,7e99f75
var_snip4,55,307200,282,0.3971631205673759,416.56382978723406,891,0.04826038159371493,168.34455667789,891,0.03367003367003367,158.65544332211,3662,0,0,uniform=1820;sir=1850,44.4634690284729,7e99f75
var_snip4,55,368640,282,0.9929078014184397,498.3404255319149,891,0.8799102132435466,451.9034792368126,891,0.8754208754208754,449.82716049382714,3662,0,0,uniform=1820;sir=1850,44.4634690284729,7e99f75
var_snip4,55,430080,282,0.9822695035460993,496.06382978723406,891,0.7059483726150393,381.92817059483724,891,0.7037037037037037,379.989898989899,3662,0,0,uniform=1820;sir=1850,44.4634690284729,7e99f75
var_snip4,55,491520,282,0.9609929078014184,490.8581560283688,891,0.6632996632996633,367.6071829405163,891,0.6588103254769921,365.93265993265993,3662,0,0,uniform=1820;sir=1850,44.4634690284729,7e99f75
var_snip4,55,552960,282,0.9822695035460993,495.9503546099291,891,0.8249158249158249,428.5701459034792,891,0.8271604938271605,429.29517396184065,3662,0,0,uniform=1820;sir=1850,44.4634690284729,7e99f75
var_snip4,55,614400,282,0.9929078014184397,496.9503546099291,891,0.16722783389450055,143.1986531986532,891,0.15824915824915825,139.61503928170595,3662,0,0,uniform=1820;sir=1850,44.4634690284729,7e99f75
var_low_po,55,0,282,0.0035460992907801418,29.425531914893618,891,0.0,44.99775533108866,891,0.0,44.7003367003367,3304,0,0,uniform=1661;sir=1651,46.871201038360596,7e99f75
var_low_po,55,61440,282,0.04964539007092199,222.98581560283688,891,0.0,115.83501683501683,891,0.0,115.51515151515152,3304,0,0,uniform=1661;sir=1651,46.871201038360596,7e99f75
var_low_po,55,122880,282,0.05319148936170213,225.0921985815603,891,0.004489337822671156,131.86644219977552,891,0.0,130.68013468013467,3304,0,0,uniform=1661;sir=1651,46.871201038360596,7e99f75
var_low_po,55,184320,282,0.1276595744680851,277.6489361702128,891,0.002244668911335578,80.64870931537598,891,0.003367003367003367,83.12682379349046,3304,0,0,uniform=1661;sir=1651,46.871201038360596,7e99f75
var_low_po,55,245760,282,0.05673758865248227,230.19858156028369,891,0.0,76.82716049382717,891,0.0,75.20538720538721,3304,0,0,uniform=1661;sir=1651,46.871201038360596,7e99f75
var_low_po,55,307200,282,0.25177304964539005,346.86524822695037,891,0.012345679012345678,109.21324354657688,891,0.02132435465768799,110.28058361391695,3304,0,0,uniform=1661;sir=1651,46.871201038360596,7e99f75
var_low_po,55,368640,282,0.9609929078014184,491.790780141844,891,0.026936026936026935,74.75084175084174,891,0.029180695847362513,76.05387205387206,3304,0,0,uniform=1661;sir=1651,46.871201038360596,7e99f75
var_low_po,55,430080,282,0.9929078014184397,496.8900709219858,891,0.08866442199775533,105.30078563411897,891,0.07407407407407407,98.665544332211,3304,0,0,uniform=1661;sir=1651,46.871201038360596,7e99f75
var_low_po,55,491520,282,0.7304964539007093,428.8262411347518,891,0.03254769921436588,175.80246913580248,891,0.037037037037037035,172.341189674523,3304,0,0,uniform=1661;sir=1651,46.871201038360596,7e99f75
var_low_po,55,552960,282,0.7695035460992907,446.2163120567376,891,0.006734006734006734,95.53647586980921,891,0.01122334455667789,96.20426487093154,3304,0,0,uniform=1661;sir=1651,46.871201038360596,7e99f75
var_low_po,55,614400,282,0.8652482269503546,462.98936170212767,891,0.07968574635241302,97.69135802469135,891,0.08978675645342311,102.33221099887767,3304,0,0,uniform=1661;sir=1651,46.871201038360596,7e99f75
var_snip4,56,0,282,0.0,14.02482269503546,891,0.0,33.14253647586981,891,0.0,33.19416386083053,3906,0,0,uniform=1944;sir=1970,45.55215525627136,7e99f75
var_snip4,56,61440,282,0.1702127659574468,327.54609929078015,891,0.15488215488215487,237.81032547699215,891,0.15151515151515152,236.5162738496072,3906,0,0,uniform=1944;sir=1970,45.55215525627136,7e99f75
var_snip4,56,122880,282,0.10638297872340426,303.5390070921986,891,0.0,114.52861952861953,891,0.0,113.4354657687991,3906,0,0,uniform=1944;sir=1970,45.55215525627136,7e99f75
var_snip4,56,184320,282,0.3120567375886525,381.43971631205676,891,0.001122334455667789,148.6026936026936,891,0.0,145.3726150392817,3906,0,0,uniform=1944;sir=1970,45.55215525627136,7e99f75
var_snip4,56,245760,282,0.1879432624113475,355.4645390070922,891,0.002244668911335578,106.39955106621774,891,0.007856341189674524,105.62065095398428,3906,0,0,uniform=1944;sir=1970,45.55215525627136,7e99f75
var_snip4,56,307200,282,0.9787234042553191,496.3581560283688,891,0.9292929292929293,471.3771043771044,891,0.9248035914702581,470.665544332211,3906,0,0,uniform=1944;sir=1970,45.55215525627136,7e99f75
var_snip4,56,368640,282,0.9893617021276596,495.2730496453901,891,0.0,56.73063973063973,891,0.0,56.47138047138047,3906,0,0,uniform=1944;sir=1970,45.55215525627136,7e99f75
var_snip4,56,430080,282,0.0070921985815602835,156.81560283687944,891,0.001122334455667789,121.5263748597082,891,0.004489337822671156,120.4253647586981,3906,0,0,uniform=1944;sir=1970,45.55215525627136,7e99f75
var_snip4,56,491520,282,0.05673758865248227,210.2695035460993,891,0.0,111.29854096520764,891,0.002244668911335578,110.9270482603816,3906,0,0,uniform=1944;sir=1970,45.55215525627136,7e99f75
var_snip4,56,552960,282,0.9078014184397163,486.6063829787234,891,0.6947250280583613,371.58249158249157,891,0.6745230078563412,363.1111111111111,3906,0,0,uniform=1944;sir=1970,45.55215525627136,7e99f75
var_snip4,56,614400,282,0.9468085106382979,476.177304964539,891,0.002244668911335578,55.1290684624018,891,0.001122334455667789,54.82828282828283,3906,0,0,uniform=1944;sir=1970,45.55215525627136,7e99f75
var_low_po,56,0,282,0.0,13.929078014184396,891,0.0,32.22222222222222,891,0.0,32.270482603815935,3372,0,0,uniform=1676;sir=1704,49.61573886871338,7e99f75
var_low_po,56,61440,282,0.07801418439716312,216.80851063829786,891,0.06172839506172839,191.29180695847361,891,0.04601571268237935,183.327721661055,3372,0,0,uniform=1676;sir=1704,49.61573886871338,7e99f75
var_low_po,56,122880,282,0.024822695035460994,206.97163120567376,891,0.0,118.27609427609427,891,0.0,117.18069584736251,3372,0,0,uniform=1676;sir=1704,49.61573886871338,7e99f75
var_low_po,56,184320,282,0.26595744680851063,326.15248226950354,891,0.03367003367003367,154.58585858585857,891,0.030303030303030304,150.23793490460156,3372,0,0,uniform=1676;sir=1704,49.61573886871338,7e99f75
var_low_po,56,245760,282,0.1099290780141844,229.60283687943263,891,0.001122334455667789,73.45005611672278,891,0.001122334455667789,75.91133557800225,3372,0,0,uniform=1676;sir=1704,49.61573886871338,7e99f75
var_low_po,56,307200,282,0.5035460992907801,382.97163120567376,891,0.9046015712682379,465.1683501683502,891,0.9001122334455668,463.78226711560046,3372,0,0,uniform=1676;sir=1704,49.61573886871338,7e99f75
var_low_po,56,368640,282,0.9078014184397163,481.25531914893617,891,0.696969696969697,374.70482603815935,891,0.6958473625140292,374.42199775533106,3372,0,0,uniform=1676;sir=1704,49.61573886871338,7e99f75
var_low_po,56,430080,282,0.9929078014184397,496.7340425531915,891,0.23120089786756454,163.59820426487093,891,0.19865319865319866,149.86531986531986,3372,0,0,uniform=1676;sir=1704,49.61573886871338,7e99f75
var_low_po,56,491520,282,0.9893617021276596,497.4609929078014,891,0.0920314253647587,106.11111111111111,891,0.09764309764309764,108.33333333333333,3372,0,0,uniform=1676;sir=1704,49.61573886871338,7e99f75
var_low_po,56,552960,282,0.9148936170212766,475.27659574468083,891,0.6632996632996633,357.8327721661055,891,0.6588103254769921,355.67452300785635,3372,0,0,uniform=1676;sir=1704,49.61573886871338,7e99f75
var_low_po,56,614400,282,0.9893617021276596,495.677304964539,891,0.008978675645342313,62.186307519640856,891,0.006734006734006734,61.32210998877665,3372,0,0,uniform=1676;sir=1704,49.61573886871338,7e99f75
var_snip4,57,0,282,0.0,154.81914893617022,891,0.0,57.90460157126824,891,0.0,57.768799102132434,4101,0,0,uniform=2057;sir=2052,45.85050892829895,7e99f75
var_snip4,57,61440,282,0.10638297872340426,244.2836879432624,891,0.0,108.665544332211,891,0.001122334455667789,108.38608305274973,4101,0,0,uniform=2057;sir=2052,45.85050892829895,7e99f75
var_snip4,57,122880,282,0.05673758865248227,221.24822695035462,891,0.0,102.13468013468014,891,0.0,101.81930415263749,4101,0,0,uniform=2057;sir=2052,45.85050892829895,7e99f75
var_snip4,57,184320,282,0.49645390070921985,431.5673758865248,891,0.0,94.62626262626263,891,0.0,93.65432098765432,4101,0,0,uniform=2057;sir=2052,45.85050892829895,7e99f75
var_snip4,57,245760,282,0.9680851063829787,495.9148936170213,891,0.813692480359147,423.1818181818182,891,0.7991021324354658,417.67003367003366,4101,0,0,uniform=2057;sir=2052,45.85050892829895,7e99f75
var_snip4,57,307200,282,0.9858156028368794,494.6737588652482,891,0.001122334455667789,60.67789001122335,891,0.007856341189674524,63.30751964085297,4101,0,0,uniform=2057;sir=2052,45.85050892829895,7e99f75
var_snip4,57,368640,282,0.950354609929078,489.9929078014184,891,0.15824915824915825,134.58249158249157,891,0.16835016835016836,138.74971941638609,4101,0,0,uniform=2057;sir=2052,45.85050892829895,7e99f75
var_snip4,57,430080,282,0.0070921985815602835,162.23758865248226,891,0.0,111.16498316498317,891,0.001122334455667789,110.66105499438832,4101,0,0,uniform=2057;sir=2052,45.85050892829895,7e99f75
var_snip4,57,491520,282,0.1099290780141844,247.36879432624113,891,0.0,103.93153759820426,891,0.0,103.31762065095398,4101,0,0,uniform=2057;sir=2052,45.85050892829895,7e99f75
var_snip4,57,552960,282,0.9858156028368794,496.5673758865248,891,0.9102132435465768,464.65544332211,891,0.8866442199775533,454.8900112233446,4101,0,0,uniform=2057;sir=2052,45.85050892829895,7e99f75
var_snip4,57,614400,282,0.9716312056737588,492.42198581560285,891,0.028058361391694726,86.91358024691358,891,0.03254769921436588,87.54096520763187,4101,0,0,uniform=2057;sir=2052,45.85050892829895,7e99f75
var_snip4,58,0,282,0.0,29.95035460992908,891,0.0,15.320987654320987,891,0.0,15.25925925925926,4151,0,0,uniform=1989;sir=2170,44.869274854660034,7e99f75
var_snip4,58,61440,282,0.18085106382978725,301.01418439716315,891,0.0,123.85858585858585,891,0.0,122.68686868686869,4151,0,0,uniform=1989;sir=2170,44.869274854660034,7e99f75
var_snip4,58,122880,282,0.1879432624113475,347.8900709219858,891,0.001122334455667789,120.06509539842874,891,0.0,114.04377104377105,4151,0,0,uniform=1989;sir=2170,44.869274854660034,7e99f75
var_snip4,58,184320,282,0.6028368794326241,449.3404255319149,891,0.007856341189674524,188.18967452300785,891,0.012345679012345678,183.53759820426487,4151,0,0,uniform=1989;sir=2170,44.869274854660034,7e99f75
var_snip4,58,245760,282,0.18439716312056736,341.11347517730496,891,0.015712682379349047,151.7351290684624,891,0.016835016835016835,147.87317620650953,4151,0,0,uniform=1989;sir=2170,44.869274854660034,7e99f75
var_snip4,58,307200,282,0.03546099290780142,202.3581560283688,891,0.0,112.36363636363636,891,0.0,111.77665544332211,4151,0,0,uniform=1989;sir=2170,44.869274854660034,7e99f75
var_snip4,58,368640,282,0.9148936170212766,490.0248226950355,891,0.001122334455667789,70.86644219977553,891,0.0,70.58810325476992,4151,0,0,uniform=1989;sir=2170,44.869274854660034,7e99f75
var_snip4,58,430080,282,0.9680851063829787,490.5425531914894,891,0.051627384960718295,98.28731762065095,891,0.04152637485970819,94.78900112233445,4151,0,0,uniform=1989;sir=2170,44.869274854660034,7e99f75
var_snip4,58,491520,282,0.014184397163120567,160.55673758865248,891,0.014590347923681257,137.9090909090909,891,0.010101010101010102,135.0314253647587,4151,0,0,uniform=1989;sir=2170,44.869274854660034,7e99f75
var_snip4,58,552960,282,0.9858156028368794,496.9822695035461,891,0.8967452300785634,458.95735129068464,891,0.8922558922558923,457.06397306397304,4151,0,0,uniform=1989;sir=2170,44.869274854660034,7e99f75
var_snip4,58,614400,282,0.9787234042553191,496.6241134751773,891,0.42424242424242425,253.74298540965208,891,0.4186307519640853,250.05050505050505,4151,0,0,uniform=1989;sir=2170,44.869274854660034,7e99f75
var_low_po,57,0,282,0.0,16.56737588652482,891,0.0,33.79124579124579,891,0.0,33.43883277216611,3382,0,0,uniform=1676;sir=1714,47.22631001472473,7e99f75
var_low_po,57,61440,282,0.0425531914893617,210.36170212765958,891,0.0,105.64534231200898,891,0.0,105.04938271604938,3382,0,0,uniform=1676;sir=1714,47.22631001472473,7e99f75
var_low_po,57,122880,282,0.024822695035460994,201.95744680851064,891,0.0,113.20202020202021,891,0.0,111.94276094276094,3382,0,0,uniform=1676;sir=1714,47.22631001472473,7e99f75
var_low_po,57,184320,282,0.1453900709219858,304.78014184397165,891,0.001122334455667789,94.82042648709316,891,0.003367003367003367,96.5679012345679,3382,0,0,uniform=1676;sir=1714,47.22631001472473,7e99f75
var_low_po,57,245760,282,0.3262411347517731,365.6950354609929,891,0.013468013468013467,114.32435465768799,891,0.02132435465768799,114.21436588103255,3382,0,0,uniform=1676;sir=1714,47.22631001472473,7e99f75
var_low_po,57,307200,282,0.9929078014184397,497.3333333333333,891,0.4264870931537598,256.0,891,0.43546576879910215,258.52076318742985,3382,0,0,uniform=1676;sir=1714,47.22631001472473,7e99f75
var_low_po,57,368640,282,0.9787234042553191,495.67021276595744,891,0.5162738496071829,299.7979797979798,891,0.5061728395061729,294.5566778900112,3382,0,0,uniform=1676;sir=1714,47.22631001472473,7e99f75
var_low_po,57,430080,282,0.6950354609929078,433.43617021276594,891,0.5959595959595959,364.9315375982043,891,0.5791245791245792,356.95286195286195,3382,0,0,uniform=1676;sir=1714,47.22631001472473,7e99f75
var_low_po,57,491520,282,0.75177304964539,457.85460992907804,891,0.4511784511784512,284.1470258136925,891,0.4478114478114478,281.79685746352413,3382,0,0,uniform=1676;sir=1714,47.22631001472473,7e99f75
var_low_po,57,552960,282,0.9680851063829787,492.7730496453901,891,0.4612794612794613,271.0527497194164,891,0.4478114478114478,266.49719416386085,3382,0,0,uniform=1676;sir=1714,47.22631001472473,7e99f75
var_low_po,57,614400,282,0.4574468085106383,390.7588652482269,891,0.7721661054994389,406.62401795735127,891,0.7609427609427609,401.38271604938274,3382,0,0,uniform=1676;sir=1714,47.22631001472473,7e99f75
var_low_po,58,0,282,0.0,13.76241134751773,891,0.0,32.517396184062854,891,0.0,34.509539842873174,3105,0,0,uniform=1612;sir=1501,45.541780948638916,7e99f75
var_low_po,58,61440,282,0.10638297872340426,240.27659574468086,891,0.001122334455667789,156.6060606060606,891,0.003367003367003367,153.58922558922558,3105,0,0,uniform=1612;sir=1501,45.541780948638916,7e99f75
var_low_po,58,122880,282,0.03900709219858156,210.38652482269504,891,0.0,104.46127946127946,891,0.0,103.93490460157126,3105,0,0,uniform=1612;sir=1501,45.541780948638916,7e99f75
var_low_po,58,184320,282,0.04964539007092199,254.36170212765958,891,0.0,105.82267115600449,891,0.0,103.25028058361391,3105,0,0,uniform=1612;sir=1501,45.541780948638916,7e99f75
var_low_po,58,245760,282,0.6170212765957447,447.06382978723406,891,0.031425364758698095,140.8013468013468,891,0.020202020202020204,134.40852974186308,3105,0,0,uniform=1612;sir=1501,45.541780948638916,7e99f75
var_low_po,58,307200,282,0.8723404255319149,480.3900709219858,891,0.2940516273849607,246.50729517396184,891,0.3052749719416386,249.4388327721661,3105,0,0,uniform=1612;sir=1501,45.541780948638916,7e99f75
var_low_po,58,368640,282,0.8333333333333334,465.57092198581563,891,0.8956228956228957,458.625140291807,891,0.9102132435465768,464.46576879910214,3105,0,0,uniform=1612;sir=1501,45.541780948638916,7e99f75
var_low_po,58,430080,282,0.9716312056737588,493.63475177304963,891,0.4500561167227834,260.7149270482604,891,0.4377104377104377,256.12008978675647,3105,0,0,uniform=1612;sir=1501,45.541780948638916,7e99f75
var_low_po,58,491520,282,0.9929078014184397,496.98936170212767,891,0.2345679012345679,168.5398428731762,891,0.2166105499438833,161.00785634118967,3105,0,0,uniform=1612;sir=1501,45.541780948638916,7e99f75
var_low_po,58,552960,282,0.9680851063829787,492.1489361702128,891,0.6666666666666666,362.9012345679012,891,0.6666666666666666,361.96408529741865,3105,0,0,uniform=1612;sir=1501,45.541780948638916,7e99f75
var_low_po,58,614400,282,0.9716312056737588,493.1914893617021,891,0.7373737373737373,394.05836139169475,891,0.7306397306397306,390.78563411896744,3105,0,0,uniform=1612;sir=1501,45.541780948638916,7e99f75
var_snip4,59,0,282,0.0,31.48936170212766,891,0.0,18.840628507295175,891,0.0,18.679012345679013,3752,0,0,uniform=1884;sir=1876,38.466639041900635,7e99f75
var_snip4,59,61440,282,0.031914893617021274,211.93971631205673,891,0.0,104.21548821548822,891,0.0,103.60606060606061,3752,0,0,uniform=1884;sir=1876,38.466639041900635,7e99f75
var_snip4,59,122880,282,0.1702127659574468,330.468085106383,891,0.0,152.8956228956229,891,0.0,152.68350168350167,3752,0,0,uniform=1884;sir=1876,38.466639041900635,7e99f75
var_snip4,59,184320,282,0.6595744680851063,456.1170212765957,891,0.15151515151515152,259.20314253647587,891,0.14029180695847362,253.12794612794613,3752,0,0,uniform=1884;sir=1876,38.466639041900635,7e99f75
var_snip4,59,245760,282,0.3829787234042553,367.02127659574467,891,0.001122334455667789,126.7384960718294,891,0.001122334455667789,125.5016835016835,3752,0,0,uniform=1884;sir=1876,38.466639041900635,7e99f75
var_snip4,59,307200,282,0.014184397163120567,196.17730496453902,891,0.07631874298540965,188.69809203142538,891,0.0718294051627385,183.31088664421998,3752,0,0,uniform=1884;sir=1876,38.466639041900635,7e99f75
var_snip4,59,368640,282,0.1702127659574468,315.20212765957444,891,0.0,129.42424242424244,891,0.0,128.32659932659934,3752,0,0,uniform=1884;sir=1876,38.466639041900635,7e99f75
var_snip4,59,430080,282,1.0,500.0,891,0.9169472502805837,466.9337822671156,891,0.9057239057239057,462.81930415263747,3752,0,0,uniform=1884;sir=1876,38.466639041900635,7e99f75
var_snip4,59,491520,282,0.9858156028368794,495.72340425531917,891,0.4882154882154882,282.050505050505,891,0.4882154882154882,281.9977553310887,3752,0,0,uniform=1884;sir=1876,38.466639041900635,7e99f75
var_snip4,59,552960,282,0.9432624113475178,488.62056737588654,891,0.03367003367003367,104.07407407407408,891,0.030303030303030304,99.78002244668912,3752,0,0,uniform=1884;sir=1876,38.466639041900635,7e99f75
var_snip4,59,614400,282,0.9893617021276596,495.3085106382979,891,0.001122334455667789,58.709315375982044,891,0.0,58.27946127946128,3752,0,0,uniform=1884;sir=1876,38.466639041900635,7e99f75
var_low_po,59,0,282,0.0,13.187943262411348,891,0.0,37.851851851851855,891,0.0,38.65095398428732,3284,0,0,uniform=1671;sir=1621,41.386966705322266,7e99f75
var_low_po,59,61440,282,0.06028368794326241,217.15248226950354,891,0.0,110.77328843995511,891,0.0,110.02356902356902,3284,0,0,uniform=1671;sir=1621,41.386966705322266,7e99f75
var_low_po,59,122880,282,0.2765957446808511,337.83687943262413,891,0.025813692480359147,174.41638608305274,891,0.026936026936026935,170.03030303030303,3284,0,0,uniform=1671;sir=1621,41.386966705322266,7e99f75
var_low_po,59,184320,282,0.04964539007092199,213.00709219858157,891,0.0,128.36363636363637,891,0.003367003367003367,128.003367003367,3284,0,0,uniform=1671;sir=1621,41.386966705322266,7e99f75
var_low_po,59,245760,282,0.028368794326241134,187.3404255319149,891,0.0,118.76543209876543,891,0.0,118.18967452300785,3284,0,0,uniform=1671;sir=1621,41.386966705322266,7e99f75
var_low_po,59,307200,282,0.9822695035460993,495.0921985815603,891,0.010101010101010102,66.2368125701459,891,0.016835016835016835,69.10325476992143,3284,0,0,uniform=1671;sir=1621,41.386966705322266,7e99f75
var_low_po,59,368640,282,0.9893617021276596,496.45390070921985,891,0.028058361391694726,72.24691358024691,891,0.017957351290684626,68.12345679012346,3284,0,0,uniform=1671;sir=1621,41.386966705322266,7e99f75
var_low_po,59,430080,282,0.8333333333333334,475.52127659574467,891,0.5454545454545454,306.2435465768799,891,0.5555555555555556,310.2132435465769,3284,0,0,uniform=1671;sir=1621,41.386966705322266,7e99f75
var_low_po,59,491520,282,0.9645390070921985,487.3191489361702,891,0.001122334455667789,55.90347923681257,891,0.001122334455667789,55.69809203142537,3284,0,0,uniform=1671;sir=1621,41.386966705322266,7e99f75
var_low_po,59,552960,282,0.9929078014184397,496.95390070921985,891,0.18518518518518517,149.30190796857462,891,0.15039281705948374,135.73063973063972,3284,0,0,uniform=1671;sir=1621,41.386966705322266,7e99f75
var_low_po,59,614400,282,0.9822695035460993,495.6063829787234,891,0.691358024691358,370.53198653198655,891,0.6891133557800224,369.6071829405163,3284,0,0,uniform=1671;sir=1621,41.386966705322266,7e99f75
var_snip4,60,0,282,0.0,29.06382978723404,891,0.0,37.22895622895623,891,0.0,37.09203142536476,3874,0,0,uniform=1984;sir=1898,38.966787815093994,7e99f75
var_snip4,60,61440,282,0.06382978723404255,223.25177304964538,891,0.0,115.32996632996633,891,0.0,114.42985409652076,3874,0,0,uniform=1984;sir=1898,38.966787815093994,7e99f75
var_snip4,60,122880,282,0.3475177304964539,380.9822695035461,891,0.2738496071829405,213.0516273849607,891,0.287317620650954,218.11784511784512,3874,0,0,uniform=1984;sir=1898,38.966787815093994,7e99f75
var_snip4,60,184320,282,0.12411347517730496,291.97163120567376,891,0.001122334455667789,112.09876543209876,891,0.0,111.14029180695847,3874,0,0,uniform=1984;sir=1898,38.966787815093994,7e99f75
var_snip4,60,245760,282,0.1347517730496454,305.45390070921985,891,0.0,134.2861952861953,891,0.0,133.32323232323233,3874,0,0,uniform=1984;sir=1898,38.966787815093994,7e99f75
var_snip4,60,307200,282,0.03900709219858156,248.0744680851064,891,0.029180695847362513,157.21997755331088,891,0.026936026936026935,155.79012345679013,3874,0,0,uniform=1984;sir=1898,38.966787815093994,7e99f75
var_snip4,60,368640,282,0.6276595744680851,440.1914893617021,891,0.08866442199775533,221.84848484848484,891,0.09090909090909091,220.50056116722783,3874,0,0,uniform=1984;sir=1898,38.966787815093994,7e99f75
var_snip4,60,430080,282,0.648936170212766,439.4751773049645,891,0.001122334455667789,152.42760942760944,891,0.0,150.57687991021325,3874,0,0,uniform=1984;sir=1898,38.966787815093994,7e99f75
var_snip4,60,491520,282,0.925531914893617,492.1063829787234,891,0.5432098765432098,342.16161616161617,891,0.5420875420875421,346.83838383838383,3874,0,0,uniform=1984;sir=1898,38.966787815093994,7e99f75
var_snip4,60,552960,282,0.9929078014184397,498.1950354609929,891,0.9046015712682379,462.09090909090907,891,0.8742985409652076,449.40291806958476,3874,0,0,uniform=1984;sir=1898,38.966787815093994,7e99f75
var_snip4,60,614400,282,0.07446808510638298,288.0496453900709,891,0.0819304152637486,169.93265993265993,891,0.08417508417508418,170.56902356902356,3874,0,0,uniform=1984;sir=1898,38.966787815093994,7e99f75
var_low_po,60,0,282,0.0,17.138297872340427,891,0.0,32.8709315375982,891,0.0,33.06285072951739,3362,0,0,uniform=1639;sir=1731,40.785614252090454,7e99f75
var_low_po,60,61440,282,0.0425531914893617,204.43617021276594,891,0.0,103.43995510662177,891,0.0,103.37261503928171,3362,0,0,uniform=1639;sir=1731,40.785614252090454,7e99f75
var_low_po,60,122880,282,0.18439716312056736,312.52127659574467,891,0.030303030303030304,129.63973063973063,891,0.024691358024691357,123.38945005611673,3362,0,0,uniform=1639;sir=1731,40.785614252090454,7e99f75
var_low_po,60,184320,282,0.2198581560283688,327.11347517730496,891,0.001122334455667789,140.72615039281706,891,0.0,138.30190796857462,3362,0,0,uniform=1639;sir=1731,40.785614252090454,7e99f75
var_low_po,60,245760,282,0.3546099290780142,361.4326241134752,891,0.20426487093153758,297.82379349046016,891,0.2053872053872054,290.84175084175087,3362,0,0,uniform=1639;sir=1731,40.785614252090454,7e99f75
var_low_po,60,307200,282,0.0851063829787234,238.32978723404256,891,0.050505050505050504,209.75869809203144,891,0.058361391694725026,211.54769921436588,3362,0,0,uniform=1639;sir=1731,40.785614252090454,7e99f75
var_low_po,60,368640,282,0.6560283687943262,439.20567375886526,891,0.001122334455667789,127.48372615039281,891,0.004489337822671156,126.54882154882155,3362,0,0,uniform=1639;sir=1731,40.785614252090454,7e99f75
var_low_po,60,430080,282,0.9787234042553191,494.9645390070922,891,0.42312008978675647,260.7699214365881,891,0.4175084175084175,256.42199775533106,3362,0,0,uniform=1639;sir=1731,40.785614252090454,7e99f75
var_low_po,60,491520,282,0.9042553191489362,473.7588652482269,891,0.7025813692480359,389.07182940516276,891,0.6632996632996633,374.8316498316498,3362,0,0,uniform=1639;sir=1731,40.785614252090454,7e99f75
var_low_po,60,552960,282,0.9893617021276596,496.63120567375887,891,0.07407407407407407,98.27497194163861,891,0.06285072951739619,92.96969696969697,3362,0,0,uniform=1639;sir=1731,40.785614252090454,7e99f75
var_low_po,60,614400,282,0.9893617021276596,497.1737588652482,891,0.3445566778900112,216.70594837261504,891,0.33557800224466894,213.7631874298541,3362,0,0,uniform=1639;sir=1731,40.785614252090454,7e99f75
var_snip4,61,0,282,0.0070921985815602835,112.50354609929079,891,0.0,46.53086419753087,891,0.0,45.62401795735129,3908,0,0,uniform=1924;sir=1992,36.89049506187439,7e99f75
var_snip4,61,61440,282,0.5886524822695035,434.91843971631204,891,0.001122334455667789,220.09539842873176,891,0.002244668911335578,216.74971941638609,3908,0,0,uniform=1924;sir=1992,36.89049506187439,7e99f75
var_snip4,61,122880,282,0.07446808510638298,250.85106382978722,891,0.0,110.57912457912458,891,0.0,110.01459034792369,3908,0,0,uniform=1924;sir=1992,36.89049506187439,7e99f75
var_snip4,61,184320,282,0.03546099290780142,199.03191489361703,891,0.002244668911335578,131.5297418630752,891,0.005611672278338945,130.69472502805837,3908,0,0,uniform=1924;sir=1992,36.89049506187439,7e99f75
var_snip4,61,245760,282,0.2553191489361702,372.98581560283685,891,0.0,59.83501683501684,891,0.0,59.92480359147026,3908,0,0,uniform=1924;sir=1992,36.89049506187439,7e99f75
var_snip4,61,307200,282,0.1453900709219858,342.5531914893617,891,0.0,96.80583613916947,891,0.0,98.86307519640853,3908,0,0,uniform=1924;sir=1992,36.89049506187439,7e99f75
var_snip4,61,368640,282,0.3404255319148936,362.48581560283685,891,0.0,131.2469135802469,891,0.0,129.8226711560045,3908,0,0,uniform=1924;sir=1992,36.89049506187439,7e99f75
var_snip4,61,430080,282,0.9929078014184397,497.36170212765956,891,0.3378226711560045,220.53086419753086,891,0.33108866442199775,218.98092031425364,3908,0,0,uniform=1924;sir=1992,36.89049506187439,7e99f75
var_snip4,61,491520,282,0.9893617021276596,495.2588652482269,891,0.0,57.59147025813692,891,0.0,57.50280583613917,3908,0,0,uniform=1924;sir=1992,36.89049506187439,7e99f75
var_snip4,61,552960,282,0.9858156028368794,495.3829787234043,891,0.372615039281706,242.7205387205387,891,0.3613916947250281,239.2962962962963,3908,0,0,uniform=1924;sir=1992,36.89049506187439,7e99f75
var_snip4,61,614400,282,0.9893617021276596,496.8829787234043,891,0.6038159371492705,340.2255892255892,891,0.6071829405162739,339.61952861952864,3908,0,0,uniform=1924;sir=1992,36.89049506187439,7e99f75
var_low_po,61,0,282,0.0035460992907801418,39.219858156028366,891,0.0,43.55331088664422,891,0.0,43.09652076318743,3400,0,0,uniform=1670;sir=1738,42.651840925216675,7e99f75
var_low_po,61,61440,282,0.02127659574468085,186.31205673758865,891,0.0,100.90347923681257,891,0.0,99.85634118967452,3400,0,0,uniform=1670;sir=1738,42.651840925216675,7e99f75
var_low_po,61,122880,282,0.26595744680851063,347.6737588652482,891,0.19753086419753085,235.40291806958473,891,0.2166105499438833,236.26262626262627,3400,0,0,uniform=1670;sir=1738,42.651840925216675,7e99f75
var_low_po,61,184320,282,0.07446808510638298,231.82269503546098,891,0.007856341189674524,143.20089786756452,891,0.012345679012345678,141.96969696969697,3400,0,0,uniform=1670;sir=1738,42.651840925216675,7e99f75
var_low_po,61,245760,282,0.14184397163120568,261.57801418439715,891,0.14927048260381592,259.0246913580247,891,0.1447811447811448,255.6026936026936,3400,0,0,uniform=1670;sir=1738,42.651840925216675,7e99f75
var_low_po,61,307200,282,0.1099290780141844,218.15602836879432,891,0.001122334455667789,176.0482603815937,891,0.002244668911335578,173.68350168350167,3400,0,0,uniform=1670;sir=1738,42.651840925216675,7e99f75
var_low_po,61,368640,282,0.7127659574468085,438.8049645390071,891,0.11560044893378227,242.4702581369248,891,0.10662177328843996,233.6240179573513,3400,0,0,uniform=1670;sir=1738,42.651840925216675,7e99f75
var_low_po,61,430080,282,0.9858156028368794,493.7730496453901,891,0.007856341189674524,64.46015712682379,891,0.01122334455667789,65.22895622895624,3400,0,0,uniform=1670;sir=1738,42.651840925216675,7e99f75
var_low_po,61,491520,282,0.8971631205673759,479.79787234042556,891,0.6520763187429854,354.8810325476992,891,0.6498316498316499,355.09315375982044,3400,0,0,uniform=1670;sir=1738,42.651840925216675,7e99f75
var_low_po,61,552960,282,0.975177304964539,493.7411347517731,891,0.4074074074074074,241.99551066217734,891,0.40852974186307517,242.63860830527497,3400,0,0,uniform=1670;sir=1738,42.651840925216675,7e99f75
var_low_po,61,614400,282,0.9822695035460993,493.5921985815603,891,0.19528619528619529,149.12345679012347,891,0.20875420875420875,154.77104377104376,3400,0,0,uniform=1670;sir=1738,42.651840925216675,7e99f75
var_snip4,62,0,282,0.0,51.50709219858156,891,0.0,19.35914702581369,891,0.0,19.31986531986532,3609,0,0,uniform=1766;sir=1851,40.38454985618591,7e99f75
var_snip4,62,61440,282,0.2127659574468085,328.4432624113475,891,0.0,144.87317620650953,891,0.0,143.7979797979798,3609,0,0,uniform=1766;sir=1851,40.38454985618591,7e99f75
var_snip4,62,122880,282,0.04609929078014184,199.9290780141844,891,0.0,106.70594837261504,891,0.0,106.31762065095398,3609,0,0,uniform=1766;sir=1851,40.38454985618591,7e99f75
var_snip4,62,184320,282,0.04609929078014184,245.68085106382978,891,0.026936026936026935,160.86980920314252,891,0.030303030303030304,159.54208754208753,3609,0,0,uniform=1766;sir=1851,40.38454985618591,7e99f75
var_snip4,62,245760,282,0.2553191489361702,349.322695035461,891,0.001122334455667789,128.24915824915826,891,0.0,127.02020202020202,3609,0,0,uniform=1766;sir=1851,40.38454985618591,7e99f75
var_snip4,62,307200,282,0.9822695035460993,495.52127659574467,891,0.4074074074074074,254.2233445566779,891,0.3872053872053872,245.90460157126824,3609,0,0,uniform=1766;sir=1851,40.38454985618591,7e99f75
var_snip4,62,368640,282,0.9822695035460993,496.13475177304963,891,0.8215488215488216,428.26599326599325,891,0.8215488215488216,427.7732884399551,3609,0,0,uniform=1766;sir=1851,40.38454985618591,7e99f75
var_snip4,62,430080,282,0.024822695035460994,202.72695035460993,891,0.014590347923681257,148.60157126823793,891,0.020202020202020204,148.96408529741862,3609,0,0,uniform=1766;sir=1851,40.38454985618591,7e99f75
var_snip4,62,491520,282,0.9645390070921985,490.12056737588654,891,0.0,58.60044893378227,891,0.003367003367003367,60.033670033670035,3609,0,0,uniform=1766;sir=1851,40.38454985618591,7e99f75
var_snip4,62,552960,282,0.9858156028368794,495.84751773049646,891,0.7934904601571269,422.2581369248036,891,0.7890011223344556,419.6273849607183,3609,0,0,uniform=1766;sir=1851,40.38454985618591,7e99f75
var_snip4,62,614400,282,0.9858156028368794,496.16312056737587,891,0.4624017957351291,277.381593714927,891,0.44556677890011226,268.5959595959596,3609,0,0,uniform=1766;sir=1851,40.38454985618591,7e99f75
var_low_po,62,0,282,0.0,16.673758865248228,891,0.0,31.230078563411897,891,0.0,31.475869809203143,3251,0,0,uniform=1639;sir=1620,42.875728130340576,7e99f75
var_low_po,62,61440,282,0.05673758865248227,206.24468085106383,891,0.0,100.44781144781145,891,0.0,99.91694725028059,3251,0,0,uniform=1639;sir=1620,42.875728130340576,7e99f75
var_low_po,62,122880,282,0.0673758865248227,224.01418439716312,891,0.019079685746352413,136.36363636363637,891,0.013468013468013467,133.65207631874298,3251,0,0,uniform=1639;sir=1620,42.875728130340576,7e99f75
var_low_po,62,184320,282,0.0673758865248227,258.07801418439715,891,0.0,131.52749719416386,891,0.003367003367003367,133.44444444444446,3251,0,0,uniform=1639;sir=1620,42.875728130340576,7e99f75
var_low_po,62,245760,282,0.16312056737588654,290.98936170212767,891,0.029180695847362513,122.6341189674523,891,0.03367003367003367,123.38271604938272,3251,0,0,uniform=1639;sir=1620,42.875728130340576,7e99f75
var_low_po,62,307200,282,0.9893617021276596,496.95390070921985,891,0.3075196408529742,209.5712682379349,891,0.30303030303030304,207.40965207631874,3251,0,0,uniform=1639;sir=1620,42.875728130340576,7e99f75
var_low_po,62,368640,282,0.7659574468085106,459.322695035461,891,0.01122334455667789,131.7250280583614,891,0.008978675645342313,130.49270482603816,3251,0,0,uniform=1639;sir=1620,42.875728130340576,7e99f75
var_low_po,62,430080,282,0.599290780141844,384.63120567375887,891,0.04152637485970819,113.51851851851852,891,0.050505050505050504,114.86644219977553,3251,0,0,uniform=1639;sir=1620,42.875728130340576,7e99f75
var_low_po,62,491520,282,0.9574468085106383,481.2163120567376,891,0.04264870931537598,83.45230078563412,891,0.04489337822671156,82.69472502805836,3251,0,0,uniform=1639;sir=1620,42.875728130340576,7e99f75
var_low_po,62,552960,282,0.9858156028368794,495.2340425531915,891,0.39281705948372614,244.96745230078562,891,0.3939393939393939,243.39955106621773,3251,0,0,uniform=1639;sir=1620,42.875728130340576,7e99f75
var_low_po,62,614400,282,0.9787234042553191,490.20567375886526,891,0.19753086419753085,149.675645342312,891,0.19528619528619529,148.02132435465768,3251,0,0,uniform=1639;sir=1620,42.875728130340576,7e99f75
var_snip4,63,0,282,0.0,15.042553191489361,891,0.0,33.58810325476992,891,0.0,33.3658810325477,4078,0,0,uniform=2010;sir=2076,40.765443086624146,7e99f75
var_snip4,63,61440,282,0.6028368794326241,429.65248226950354,891,0.026936026936026935,219.61054994388329,891,0.03928170594837262,214.0561167227834,4078,0,0,uniform=2010;sir=2076,40.765443086624146,7e99f75
var_snip4,63,122880,282,0.04609929078014184,204.70212765957447,891,0.0,104.05162738496072,891,0.0,103.672278338945,4078,0,0,uniform=2010;sir=2076,40.765443086624146,7e99f75
var_snip4,63,184320,282,0.40425531914893614,398.0425531914894,891,0.001122334455667789,149.06509539842872,891,0.0,147.22446689113355,4078,0,0,uniform=2010;sir=2076,40.765443086624146,7e99f75
var_snip4,63,245760,282,0.3971631205673759,394.1595744680851,891,0.001122334455667789,140.80246913580248,891,0.0,139.23569023569024,4078,0,0,uniform=2010;sir=2076,40.765443086624146,7e99f75
var_snip4,63,307200,282,0.19148936170212766,322.06382978723406,891,0.002244668911335578,136.77553310886645,891,0.0,135.52749719416386,4078,0,0,uniform=2010;sir=2076,40.765443086624146,7e99f75
var_snip4,63,368640,282,0.04964539007092199,214.8581560283688,891,0.0,114.0763187429854,891,0.0,113.40291806958474,4078,0,0,uniform=2010;sir=2076,40.765443086624146,7e99f75
var_snip4,63,430080,282,0.9609929078014184,491.9148936170213,891,0.6554433221099888,389.61054994388326,891,0.6475869809203143,388.1672278338945,4078,0,0,uniform=2010;sir=2076,40.765443086624146,7e99f75
var_snip4,63,491520,282,0.9822695035460993,496.58156028368796,891,0.8103254769921436,423.5544332210999,891,0.792368125701459,416.38047138047136,4078,0,0,uniform=2010;sir=2076,40.765443086624146,7e99f75
var_snip4,63,552960,282,0.18085106382978725,346.77659574468083,891,0.012345679012345678,135.59034792368126,891,0.015712682379349047,133.77441077441077,4078,0,0,uniform=2010;sir=2076,40.765443086624146,7e99f75
var_snip4,63,614400,282,0.599290780141844,449.5744680851064,891,0.23232323232323232,224.27272727272728,891,0.21885521885521886,219.64646464646464,4078,0,0,uniform=2010;sir=2076,40.765443086624146,7e99f75
var_low_po,63,0,282,0.0,12.808510638297872,891,0.0,32.717171717171716,891,0.0,32.7003367003367,3476,0,0,uniform=1762;sir=1722,44.93138909339905,7e99f75
var_low_po,63,61440,282,0.0070921985815602835,186.25531914893617,891,0.0,106.61054994388327,891,0.0,105.64197530864197,3476,0,0,uniform=1762;sir=1722,44.93138909339905,7e99f75
var_low_po,63,122880,282,0.03900709219858156,231.30851063829786,891,0.0,122.2682379349046,891,0.0,121.21548821548822,3476,0,0,uniform=1762;sir=1722,44.93138909339905,7e99f75
var_low_po,63,184320,282,0.13829787234042554,286.51063829787233,891,0.038159371492704826,166.1919191919192,891,0.03591470258136925,166.87542087542087,3476,0,0,uniform=1762;sir=1722,44.93138909339905,7e99f75
var_low_po,63,245760,282,0.6914893617021277,416.8191489361702,891,0.44556677890011226,263.47923681257015,891,0.43658810325476993,258.99214365881033,3476,0,0,uniform=1762;sir=1722,44.93138909339905,7e99f75
var_low_po,63,307200,282,0.06382978723404255,198.6241134751773,891,0.04152637485970819,200.84848484848484,891,0.030303030303030304,196.8181818181818,3476,0,0,uniform=1762;sir=1722,44.93138909339905,7e99f75
var_low_po,63,368640,282,0.8297872340425532,439.64539007092196,891,0.015712682379349047,85.56116722783389,891,0.017957351290684626,86.07856341189675,3476,0,0,uniform=1762;sir=1722,44.93138909339905,7e99f75
var_low_po,63,430080,282,0.8652482269503546,458.98581560283685,891,0.3984287317620651,236.07407407407408,891,0.4051627384960718,238.71604938271605,3476,0,0,uniform=1762;sir=1722,44.93138909339905,7e99f75
var_low_po,63,491520,282,0.16666666666666666,270.7269503546099,891,0.09988776655443322,220.2861952861953,891,0.10325476992143659,220.7946127946128,3476,0,0,uniform=1762;sir=1722,44.93138909339905,7e99f75
var_low_po,63,552960,282,0.6702127659574468,424.43971631205676,891,0.2884399551066218,223.91358024691357,891,0.24915824915824916,215.8989898989899,3476,0,0,uniform=1762;sir=1722,44.93138909339905,7e99f75
var_low_po,63,614400,282,0.8687943262411347,459.6063829787234,891,0.06734006734006734,115.64983164983165,891,0.05948372615039282,112.24579124579125,3476,0,0,uniform=1762;sir=1722,44.93138909339905,7e99f75
var_snip4,64,0,282,0.0,13.209219858156029,891,0.0,31.673400673400675,891,0.0,31.15824915824916,3795,0,0,uniform=1912;sir=1891,43.78884720802307,7e99f75
var_snip4,64,61440,282,0.031914893617021274,196.42198581560282,891,0.0,101.70482603815937,891,0.0,101.21773288439955,3795,0,0,uniform=1912;sir=1891,43.78884720802307,7e99f75
var_snip4,64,122880,282,0.10638297872340426,287.0673758865248,891,0.0,137.8058361391695,891,0.0,137.02469135802468,3795,0,0,uniform=1912;sir=1891,43.78884720802307,7e99f75
var_snip4,64,184320,282,0.09929078014184398,289.3404255319149,891,0.0,119.74074074074075,891,0.0,116.54769921436588,3795,0,0,uniform=1912;sir=1891,43.78884720802307,7e99f75
var_snip4,64,245760,282,0.9822695035460993,497.1950354609929,891,0.6341189674523008,351.22222222222223,891,0.6341189674523008,351.18518518518516,3795,0,0,uniform=1912;sir=1891,43.78884720802307,7e99f75
var_snip4,64,307200,282,0.40425531914893614,420.95390070921985,891,0.04264870931537598,135.97418630751963,891,0.038159371492704826,131.5993265993266,3795,0,0,uniform=1912;sir=1891,43.78884720802307,7e99f75
var_snip4,64,368640,282,0.07801418439716312,263.6489361702128,891,0.001122334455667789,129.03030303030303,891,0.0,127.40628507295175,3795,0,0,uniform=1912;sir=1891,43.78884720802307,7e99f75
var_snip4,64,430080,282,0.9929078014184397,498.5425531914894,891,0.734006734006734,390.5510662177329,891,0.7519640852974186,397.3265993265993,3795,0,0,uniform=1912;sir=1891,43.78884720802307,7e99f75
var_snip4,64,491520,282,0.9893617021276596,497.09574468085106,891,0.39169472502805835,241.5016835016835,891,0.38496071829405165,238.3838383838384,3795,0,0,uniform=1912;sir=1891,43.78884720802307,7e99f75
var_snip4,64,552960,282,0.9787234042553191,494.50354609929076,891,0.24803591470258138,173.70145903479238,891,0.25252525252525254,174.96745230078562,3795,0,0,uniform=1912;sir=1891,43.78884720802307,7e99f75
var_snip4,64,614400,282,0.9929078014184397,497.4609929078014,891,0.8260381593714927,429.28170594837263,891,0.8237934904601572,428.5679012345679,3795,0,0,uniform=1912;sir=1891,43.78884720802307,7e99f75
var_snip4,65,0,282,0.0,30.574468085106382,891,0.0,22.632996632996633,891,0.0,22.07519640852974,3778,0,0,uniform=1950;sir=1836,44.08333086967468,7e99f75
var_snip4,65,61440,282,0.05673758865248227,228.95744680851064,891,0.0,104.45005611672278,891,0.0,103.89562289562289,3778,0,0,uniform=1950;sir=1836,44.08333086967468,7e99f75
var_snip4,65,122880,282,0.07801418439716312,220.22695035460993,891,0.0,96.5925925925926,891,0.0,96.27384960718294,3778,0,0,uniform=1950;sir=1836,44.08333086967468,7e99f75
var_snip4,65,184320,282,0.3333333333333333,373.39716312056737,891,0.0,140.63636363636363,891,0.0,139.5162738496072,3778,0,0,uniform=1950;sir=1836,44.08333086967468,7e99f75
var_snip4,65,245760,282,0.024822695035460994,176.77304964539007,891,0.001122334455667789,117.22446689113356,891,0.002244668911335578,116.67340067340068,3778,0,0,uniform=1950;sir=1836,44.08333086967468,7e99f75
var_snip4,65,307200,282,0.03546099290780142,211.53900709219857,891,0.0,114.95398428731762,891,0.0,114.18967452300785,3778,0,0,uniform=1950;sir=1836,44.08333086967468,7e99f75
var_snip4,65,368640,282,0.9148936170212766,490.92198581560285,891,0.6475869809203143,351.09988776655445,891,0.6195286195286195,339.6902356902357,3778,0,0,uniform=1950;sir=1836,44.08333086967468,7e99f75
var_snip4,65,430080,282,0.9716312056737588,493.34751773049646,891,0.6049382716049383,341.87991021324353,891,0.5892255892255892,335.08641975308643,3778,0,0,uniform=1950;sir=1836,44.08333086967468,7e99f75
var_snip4,65,491520,282,0.5106382978723404,455.6666666666667,891,0.3052749719416386,250.27721661054994,891,0.30864197530864196,249.88888888888889,3778,0,0,uniform=1950;sir=1836,44.08333086967468,7e99f75
var_snip4,65,552960,282,0.9929078014184397,498.20567375886526,891,0.3265993265993266,215.23456790123456,891,0.3176206509539843,209.32659932659934,3778,0,0,uniform=1950;sir=1836,44.08333086967468,7e99f75
var_snip4,65,614400,282,0.9893617021276596,495.28723404255317,891,0.028058361391694726,74.36363636363636,891,0.019079685746352413,71.07182940516275,3778,0,0,uniform=1950;sir=1836,44.08333086967468,7e99f75
var_low_po,64,0,282,0.0,13.46808510638298,891,0.0,32.22783389450056,891,0.0,32.27160493827161,3660,0,0,uniform=1845;sir=1823,48.061424255371094,7e99f75
var_low_po,64,61440,282,0.08156028368794327,237.0035460992908,891,0.006734006734006734,143.59034792368126,891,0.003367003367003367,141.31088664421998,3660,0,0,uniform=1845;sir=1823,48.061424255371094,7e99f75
var_low_po,64,122880,282,0.05319148936170213,214.10992907801418,891,0.0,104.46127946127946,891,0.0,103.60493827160494,3660,0,0,uniform=1845;sir=1823,48.061424255371094,7e99f75
var_low_po,64,184320,282,0.08156028368794327,238.31205673758865,891,0.001122334455667789,126.67901234567901,891,0.0,125.53647586980921,3660,0,0,uniform=1845;sir=1823,48.061424255371094,7e99f75
var_low_po,64,245760,282,0.07801418439716312,250.8581560283688,891,0.0,130.4287317620651,891,0.001122334455667789,130.84175084175084,3660,0,0,uniform=1845;sir=1823,48.061424255371094,7e99f75
var_low_po,64,307200,282,0.06028368794326241,337.36524822695037,891,0.002244668911335578,106.91470258136926,891,0.001122334455667789,105.59147025813692,3660,0,0,uniform=1845;sir=1823,48.061424255371094,7e99f75
var_low_po,64,368640,282,0.9539007092198581,492.8723404255319,891,0.3838383838383838,233.11560044893378,891,0.372615039281706,230.5611672278339,3660,0,0,uniform=1845;sir=1823,48.061424255371094,7e99f75
var_low_po,64,430080,282,0.900709219858156,484.9609929078014,891,0.0819304152637486,196.0875420875421,891,0.08080808080808081,193.39618406285072,3660,0,0,uniform=1845;sir=1823,48.061424255371094,7e99f75
var_low_po,64,491520,282,0.9964539007092199,498.41843971631204,891,0.3367003367003367,220.31425364758698,891,0.33557800224466894,220.2962962962963,3660,0,0,uniform=1845;sir=1823,48.061424255371094,7e99f75
var_low_po,64,552960,282,0.9929078014184397,496.97163120567376,891,0.006734006734006734,63.88552188552188,891,0.013468013468013467,66.06060606060606,3660,0,0,uniform=1845;sir=1823,48.061424255371094,7e99f75
var_low_po,64,614400,282,0.9645390070921985,489.4929078014184,891,0.7160493827160493,381.99887766554434,891,0.6879910213243546,370.1178451178451,3660,0,0,uniform=1845;sir=1823,48.061424255371094,7e99f75
var_low_po,65,0,282,0.0,18.4468085106383,891,0.0,43.57575757575758,891,0.0,43.517396184062854,3350,0,0,uniform=1649;sir=1709,48.42679691314697,7e99f75
var_low_po,65,61440,282,0.0425531914893617,231.6631205673759,891,0.0,116.2996632996633,891,0.0,115.74859708193041,3350,0,0,uniform=1649;sir=1709,48.42679691314697,7e99f75
var_low_po,65,122880,282,0.06028368794326241,220.30851063829786,891,0.010101010101010102,152.02244668911337,891,0.007856341189674524,151.4882154882155,3350,0,0,uniform=1649;sir=1709,48.42679691314697,7e99f75
var_low_po,65,184320,282,0.40070921985815605,383.0673758865248,891,0.0,191.07295173961842,891,0.001122334455667789,190.36026936026937,3350,0,0,uniform=1649;sir=1709,48.42679691314697,7e99f75
var_low_po,65,245760,282,0.12411347517730496,258.2659574468085,891,0.025813692480359147,169.96969696969697,891,0.026936026936026935,169.12345679012347,3350,0,0,uniform=1649;sir=1709,48.42679691314697,7e99f75
var_low_po,65,307200,282,0.4574468085106383,359.86879432624113,891,0.002244668911335578,75.15600448933782,891,0.001122334455667789,71.88552188552188,3350,0,0,uniform=1649;sir=1709,48.42679691314697,7e99f75
var_low_po,65,368640,282,0.9716312056737588,492.17021276595744,891,0.5701459034792368,322.8675645342312,891,0.5454545454545454,313.3658810325477,3350,0,0,uniform=1649;sir=1709,48.42679691314697,7e99f75
var_low_po,65,430080,282,0.9574468085106383,489.06382978723406,891,0.49382716049382713,280.05836139169475,891,0.489337822671156,278.1245791245791,3350,0,0,uniform=1649;sir=1709,48.42679691314697,7e99f75
var_low_po,65,491520,282,0.8014184397163121,457.07801418439715,891,0.26374859708193044,247.97643097643098,891,0.24803591470258138,244.48597081930416,3350,0,0,uniform=1649;sir=1709,48.42679691314697,7e99f75
var_low_po,65,552960,282,0.9822695035460993,494.1950354609929,891,0.35914702581369246,223.86195286195286,891,0.3434343434343434,216.75533108866443,3350,0,0,uniform=1649;sir=1709,48.42679691314697,7e99f75
var_low_po,65,614400,282,0.9822695035460993,493.90425531914894,891,0.5892255892255892,327.4523007856341,891,0.5869809203142536,326.662177328844,3350,0,0,uniform=1649;sir=1709,48.42679691314697,7e99f75
var_snip4,66,0,282,0.0,35.04255319148936,891,0.0,15.57912457912458,891,0.0,15.43097643097643,3622,0,0,uniform=1850;sir=1780,46.04037094116211,7e99f75
var_snip4,66,61440,282,0.1524822695035461,303.968085106383,891,0.0,142.22446689113355,891,0.001122334455667789,140.8922558922559,3622,0,0,uniform=1850;sir=1780,46.04037094116211,7e99f75
var_snip4,66,122880,282,0.2978723404255319,369.7659574468085,891,0.001122334455667789,153.29180695847361,891,0.0,151.989898989899,3622,0,0,uniform=1850;sir=1780,46.04037094116211,7e99f75
var_snip4,66,184320,282,0.4858156028368794,416.99645390070924,891,0.04938271604938271,189.5331088664422,891,0.04601571268237935,184.07407407407408,3622,0,0,uniform=1850;sir=1780,46.04037094116211,7e99f75
var_snip4,66,245760,282,0.01773049645390071,205.93971631205673,891,0.0,113.7631874298541,891,0.0,113.22446689113356,3622,0,0,uniform=1850;sir=1780,46.04037094116211,7e99f75
var_snip4,66,307200,282,0.9184397163120568,487.2836879432624,891,0.31425364758698093,274.1077441077441,891,0.2783389450056117,260.3221099887767,3622,0,0,uniform=1850;sir=1780,46.04037094116211,7e99f75
var_snip4,66,368640,282,0.9787234042553191,495.5,891,0.8035914702581369,418.2267115600449,891,0.7968574635241302,414.979797979798,3622,0,0,uniform=1850;sir=1780,46.04037094116211,7e99f75
var_snip4,66,430080,282,0.9680851063829787,491.82978723404256,891,0.0707070707070707,96.22109988776656,891,0.07295173961840629,96.51402918069584,3622,0,0,uniform=1850;sir=1780,46.04037094116211,7e99f75
var_snip4,66,491520,282,0.6524822695035462,440.24468085106383,891,0.23120089786756454,205.07631874298542,891,0.23232323232323232,204.8608305274972,3622,0,0,uniform=1850;sir=1780,46.04037094116211,7e99f75
var_snip4,66,552960,282,0.9893617021276596,495.2659574468085,891,0.002244668911335578,56.936026936026934,891,0.0,56.474747474747474,3622,0,0,uniform=1850;sir=1780,46.04037094116211,7e99f75
var_snip4,66,614400,282,0.9822695035460993,494.5673758865248,891,0.8484848484848485,439.2199775533109,891,0.8305274971941639,431.6599326599327,3622,0,0,uniform=1850;sir=1780,46.04037094116211,7e99f75
var_low_po,66,0,282,0.0,17.819148936170212,891,0.0,39.93827160493827,891,0.0,40.072951739618404,3355,0,0,uniform=1715;sir=1648,47.89896869659424,7e99f75
var_low_po,66,61440,282,0.04964539007092199,236.89716312056737,891,0.0,118.83389450056117,891,0.0,118.52413019079685,3355,0,0,uniform=1715;sir=1648,47.89896869659424,7e99f75
var_low_po,66,122880,282,0.04964539007092199,210.38297872340425,891,0.0,111.8361391694725,891,0.0,110.32098765432099,3355,0,0,uniform=1715;sir=1648,47.89896869659424,7e99f75
var_low_po,66,184320,282,0.375886524822695,379.1063829787234,891,0.18181818181818182,238.68125701459036,891,0.17845117845117844,238.64534231200898,3355,0,0,uniform=1715;sir=1648,47.89896869659424,7e99f75
var_low_po,66,245760,282,0.18439716312056736,296.13475177304963,891,0.0,143.10213243546576,891,0.0,142.1391694725028,3355,0,0,uniform=1715;sir=1648,47.89896869659424,7e99f75
var_low_po,66,307200,282,0.23049645390070922,267.2695035460993,891,0.003367003367003367,91.47811447811448,891,0.002244668911335578,90.21099887766555,3355,0,0,uniform=1715;sir=1648,47.89896869659424,7e99f75
var_low_po,66,368640,282,0.9609929078014184,492.26241134751774,891,0.3984287317620651,238.2020202020202,891,0.3838383838383838,231.93153759820427,3355,0,0,uniform=1715;sir=1648,47.89896869659424,7e99f75
var_low_po,66,430080,282,0.8865248226950354,469.60283687943263,891,0.7687991021324355,405.40179573512904,891,0.755331088664422,399.08417508417506,3355,0,0,uniform=1715;sir=1648,47.89896869659424,7e99f75
var_low_po,66,491520,282,0.375886524822695,368.50354609929076,891,0.016835016835016835,106.87317620650954,891,0.016835016835016835,105.89001122334456,3355,0,0,uniform=1715;sir=1648,47.89896869659424,7e99f75
var_low_po,66,552960,282,0.9822695035460993,493.4822695035461,891,0.002244668911335578,58.62401795735129,891,0.002244668911335578,58.38496071829405,3355,0,0,uniform=1715;sir=1648,47.89896869659424,7e99f75
var_low_po,66,614400,282,0.9858156028368794,495.11347517730496,891,0.4590347923681257,266.8709315375982,891,0.44219977553310885,259.1773288439955,3355,0,0,uniform=1715;sir=1648,47.89896869659424,7e99f75
var_snip4,67,0,282,0.0070921985815602835,61.265957446808514,891,0.0,21.782267115600447,891,0.0,21.734006734006734,3610,0,0,uniform=1814;sir=1804,44.95032000541687,7e99f75
var_snip4,67,61440,282,0.01773049645390071,183.27659574468086,891,0.0,101.86195286195286,891,0.0,101.49719416386083,3610,0,0,uniform=1814;sir=1804,44.95032000541687,7e99f75
var_snip4,67,122880,282,0.38652482269503546,404.98936170212767,891,0.0,129.64758698092032,891,0.001122334455667789,127.5016835016835,3610,0,0,uniform=1814;sir=1804,44.95032000541687,7e99f75
var_snip4,67,184320,282,0.7624113475177305,446.2340425531915,891,0.07856341189674523,177.9124579124579,891,0.07519640852974187,179.2648709315376,3610,0,0,uniform=1814;sir=1804,44.95032000541687,7e99f75
var_snip4,67,245760,282,0.09574468085106383,250.72695035460993,891,0.0,114.04938271604938,891,0.0,113.3557800224467,3610,0,0,uniform=1814;sir=1804,44.95032000541687,7e99f75
var_snip4,67,307200,282,0.9858156028368794,497.5177304964539,891,0.6038159371492705,335.25589225589226,891,0.6184062850729517,341.020202020202,3610,0,0,uniform=1814;sir=1804,44.95032000541687,7e99f75
var_snip4,67,368640,282,0.8687943262411347,478.4078014184397,891,0.7295173961840629,391.7946127946128,891,0.7205387205387206,388.04489337822673,3610,0,0,uniform=1814;sir=1804,44.95032000541687,7e99f75
var_snip4,67,430080,282,0.9893617021276596,495.2730496453901,891,0.002244668911335578,56.98428731762065,891,0.001122334455667789,56.647586980920316,3610,0,0,uniform=1814;sir=1804,44.95032000541687,7e99f75
var_snip4,67,491520,282,0.9680851063829787,493.1063829787234,891,0.3501683501683502,320.0808080808081,891,0.33557800224466894,314.97418630751963,3610,0,0,uniform=1814;sir=1804,44.95032000541687,7e99f75
var_snip4,67,552960,282,0.9964539007092199,498.4432624113475,891,0.6958473625140292,372.58024691358025,891,0.7025813692480359,375.46576879910214,3610,0,0,uniform=1814;sir=1804,44.95032000541687,7e99f75
var_snip4,67,614400,282,0.9858156028368794,494.7163120567376,891,0.02356902356902357,73.73961840628508,891,0.026936026936026935,74.92480359147025,3610,0,0,uniform=1814;sir=1804,44.95032000541687,7e99f75
var_low_po,67,0,282,0.0,13.815602836879433,891,0.0,33.02805836139169,891,0.0,33.05723905723906,3476,0,0,uniform=1777;sir=1707,47.801098108291626,7e99f75
var_low_po,67,61440,282,0.0673758865248227,237.4113475177305,891,0.0,130.41189674523008,891,0.0,129.341189674523,3476,0,0,uniform=1777;sir=1707,47.801098108291626,7e99f75
var_low_po,67,122880,282,0.10283687943262411,238.79078014184398,891,0.12906846240179573,208.665544332211,891,0.13580246913580246,210.5196408529742,3476,0,0,uniform=1777;sir=1707,47.801098108291626,7e99f75
var_low_po,67,184320,282,0.950354609929078,491.98936170212767,891,0.4208754208754209,255.99214365881033,891,0.4118967452300786,250.04713804713805,3476,0,0,uniform=1777;sir=1707,47.801098108291626,7e99f75
var_low_po,67,245760,282,0.9893617021276596,495.33687943262413,891,0.3782267115600449,228.9517396184063,891,0.37149270482603813,226.1705948372615,3476,0,0,uniform=1777;sir=1707,47.801098108291626,7e99f75
var_low_po,67,307200,282,0.031914893617021274,174.12765957446808,891,0.008978675645342313,130.21661054994388,891,0.006734006734006734,128.0448933782267,3476,0,0,uniform=1777;sir=1707,47.801098108291626,7e99f75
var_low_po,67,368640,282,0.12411347517730496,228.11702127659575,891,0.0,69.67564534231201,891,0.0,70.4949494949495,3476,0,0,uniform=1777;sir=1707,47.801098108291626,7e99f75
var_low_po,67,430080,282,0.43617021276595747,336.87943262411346,891,0.005611672278338945,94.14478114478115,891,0.004489337822671156,93.38047138047138,3476,0,0,uniform=1777;sir=1707,47.801098108291626,7e99f75
var_low_po,67,491520,282,0.7056737588652482,400.531914893617,891,0.7497194163860831,398.8574635241302,891,0.7519640852974186,399.67676767676767,3476,0,0,uniform=1777;sir=1707,47.801098108291626,7e99f75
var_low_po,67,552960,282,0.6099290780141844,405.822695035461,891,0.8720538720538721,448.72951739618406,891,0.8597081930415263,443.4118967452301,3476,0,0,uniform=1777;sir=1707,47.801098108291626,7e99f75
var_low_po,67,614400,282,0.9787234042553191,492.89716312056737,891,0.4702581369248036,270.49607182940514,891,0.46464646464646464,267.8731762065095,3476,0,0,uniform=1777;sir=1707,47.801098108291626,7e99f75
var_snip4,68,0,282,0.0,13.670212765957446,891,0.0,31.07070707070707,891,0.0,30.780022446689113,3772,0,0,uniform=1904;sir=1876,43.75910305976868,7e99f75
var_snip4,68,61440,282,0.1453900709219858,292.5177304964539,891,0.0,132.6161616161616,891,0.0,131.64085297418632,3772,0,0,uniform=1904;sir=1876,43.75910305976868,7e99f75
var_snip4,68,122880,282,0.11702127659574468,293.2517730496454,891,0.0,125.0976430976431,891,0.0,124.19977553310886,3772,0,0,uniform=1904;sir=1876,43.75910305976868,7e99f75
var_snip4,68,184320,282,0.07446808510638298,286.1843971631206,891,0.0,137.31762065095398,891,0.0,138.1851851851852,3772,0,0,uniform=1904;sir=1876,43.75910305976868,7e99f75
var_snip4,68,245760,282,0.9468085106382979,492.10283687943263,891,0.15600448933782268,214.69360269360268,891,0.1414141414141414,213.20650953984287,3772,0,0,uniform=1904;sir=1876,43.75910305976868,7e99f75
var_snip4,68,307200,282,0.03900709219858156,212.69858156028369,891,0.0,111.07519640852975,891,0.0,110.48260381593715,3772,0,0,uniform=1904;sir=1876,43.75910305976868,7e99f75
var_snip4,68,368640,282,0.7730496453900709,472.5390070921986,891,0.019079685746352413,161.74747474747474,891,0.014590347923681257,151.07744107744108,3772,0,0,uniform=1904;sir=1876,43.75910305976868,7e99f75
var_snip4,68,430080,282,0.9822695035460993,494.99645390070924,891,0.7283950617283951,389.675645342312,891,0.7227833894500562,387.6161616161616,3772,0,0,uniform=1904;sir=1876,43.75910305976868,7e99f75
var_snip4,68,491520,282,0.9964539007092199,498.4503546099291,891,0.5869809203142536,327.685746352413,891,0.5948372615039281,330.989898989899,3772,0,0,uniform=1904;sir=1876,43.75910305976868,7e99f75
var_snip4,68,552960,282,0.9929078014184397,497.64539007092196,891,0.8316498316498316,432.625140291807,891,0.8316498316498316,432.003367003367,3772,0,0,uniform=1904;sir=1876,43.75910305976868,7e99f75
var_snip4,68,614400,282,0.851063829787234,483.5673758865248,891,0.004489337822671156,222.1010101010101,891,0.007856341189674524,218.79573512906848,3772,0,0,uniform=1904;sir=1876,43.75910305976868,7e99f75
var_low_po,68,0,282,0.0,12.851063829787234,891,0.0,30.336700336700336,891,0.0,30.49719416386083,3338,0,0,uniform=1642;sir=1704,46.700714111328125,7e99f75
var_low_po,68,61440,282,0.1524822695035461,261.7695035460993,891,0.02132435465768799,158.37149270482604,891,0.020202020202020204,154.88327721661054,3338,0,0,uniform=1642;sir=1704,46.700714111328125,7e99f75
var_low_po,68,122880,282,0.1347517730496454,280.38652482269504,891,0.020202020202020204,107.88103254769922,891,0.013468013468013467,103.93602693602693,3338,0,0,uniform=1642;sir=1704,46.700714111328125,7e99f75
var_low_po,68,184320,282,0.49645390070921985,389.3510638297872,891,0.010101010101010102,137.16835016835017,891,0.008978675645342313,137.75533108866443,3338,0,0,uniform=1642;sir=1704,46.700714111328125,7e99f75
var_low_po,68,245760,282,0.2198581560283688,293.6595744680851,891,0.19079685746352412,253.3759820426487,891,0.19528619528619529,249.31874298540964,3338,0,0,uniform=1642;sir=1704,46.700714111328125,7e99f75
var_low_po,68,307200,282,0.08156028368794327,207.54255319148936,891,0.016835016835016835,165.4219977553311,891,0.012345679012345678,163.21885521885523,3338,0,0,uniform=1642;sir=1704,46.700714111328125,7e99f75
var_low_po,68,368640,282,0.7198581560283688,405.71985815602835,891,0.10101010101010101,130.87766554433222,891,0.11560044893378227,136.2682379349046,3338,0,0,uniform=1642;sir=1704,46.700714111328125,7e99f75
var_low_po,68,430080,282,0.18085106382978725,296.95390070921985,891,0.0,79.31088664421998,891,0.0,83.56902356902357,3338,0,0,uniform=1642;sir=1704,46.700714111328125,7e99f75
var_low_po,68,491520,282,0.9609929078014184,490.62056737588654,891,0.006734006734006734,60.04264870931537,891,0.004489337822671156,59.44893378226712,3338,0,0,uniform=1642;sir=1704,46.700714111328125,7e99f75
var_low_po,68,552960,282,0.9964539007092199,498.3900709219858,891,0.31874298540965207,203.9158249158249,891,0.3108866442199775,200.70819304152639,3338,0,0,uniform=1642;sir=1704,46.700714111328125,7e99f75
var_low_po,68,614400,282,0.950354609929078,481.5070921985816,891,0.2839506172839506,186.1402918069585,891,0.26262626262626265,177.7171717171717,3338,0,0,uniform=1642;sir=1704,46.700714111328125,7e99f75
var_snip4,69,0,282,0.0,13.52482269503546,891,0.0,12.035914702581369,891,0.0,12.033670033670033,4022,0,0,uniform=1986;sir=2044,41.45346784591675,7e99f75
var_snip4,69,61440,282,0.1595744680851064,302.1843971631206,891,0.0,123.44219977553311,891,0.0,122.44668911335577,4022,0,0,uniform=1986;sir=2044,41.45346784591675,7e99f75
var_snip4,69,122880,282,0.5035460992907801,419.3936170212766,891,0.001122334455667789,173.5252525252525,891,0.0,171.24915824915826,4022,0,0,uniform=1986;sir=2044,41.45346784591675,7e99f75
var_snip4,69,184320,282,0.19148936170212766,316.3900709219858,891,0.0,130.89786756453424,891,0.0,130.82042648709316,4022,0,0,uniform=1986;sir=2044,41.45346784591675,7e99f75
var_snip4,69,245760,282,0.1879432624113475,310.14539007092196,891,0.0,128.9438832772166,891,0.0,127.72839506172839,4022,0,0,uniform=1986;sir=2044,41.45346784591675,7e99f75
var_snip4,69,307200,282,0.11347517730496454,319.59574468085106,891,0.12570145903479238,197.0594837261504,891,0.12682379349046016,189.9405162738496,4022,0,0,uniform=1986;sir=2044,41.45346784591675,7e99f75
var_snip4,69,368640,282,0.8794326241134752,477.7482269503546,891,0.7418630751964085,398.6408529741863,891,0.745230078563412,400.26711560044896,4022,0,0,uniform=1986;sir=2044,41.45346784591675,7e99f75
var_snip4,69,430080,282,0.20212765957446807,328.3191489361702,891,0.0,130.02581369248037,891,0.0,128.62514029180696,4022,0,0,uniform=1986;sir=2044,41.45346784591675,7e99f75
var_snip4,69,491520,282,0.9432624113475178,489.97872340425533,891,0.15039281705948374,147.11223344556677,891,0.1728395061728395,157.10998877665546,4022,0,0,uniform=1986;sir=2044,41.45346784591675,7e99f75
var_snip4,69,552960,282,0.9716312056737588,494.677304964539,891,0.6554433221099888,357.5084175084175,891,0.6442199775533108,352.0381593714927,4022,0,0,uniform=1986;sir=2044,41.45346784591675,7e99f75
var_snip4,69,614400,282,0.12411347517730496,374.83687943262413,891,0.0,114.04489337822672,891,0.001122334455667789,112.32884399551067,4022,0,0,uniform=1986;sir=2044,41.45346784591675,7e99f75
var_low_po,69,0,282,0.0,13.375886524822695,891,0.0,32.40179573512907,891,0.0,32.751964085297416,3162,0,0,uniform=1608;sir=1562,45.47706079483032,7e99f75
var_low_po,69,61440,282,0.11347517730496454,265.98936170212767,891,0.0,112.86644219977553,891,0.0,112.92480359147025,3162,0,0,uniform=1608;sir=1562,45.47706079483032,7e99f75
var_low_po,69,122880,282,0.20921985815602837,260.6063829787234,891,0.37485970819304154,260.48372615039284,891,0.367003367003367,260.37149270482604,3162,0,0,uniform=1608;sir=1562,45.47706079483032,7e99f75
var_low_po,69,184320,282,0.1702127659574468,298.76241134751774,891,0.004489337822671156,163.72615039281706,891,0.002244668911335578,162.7250280583614,3162,0,0,uniform=1608;sir=1562,45.47706079483032,7e99f75
var_low_po,69,245760,282,0.20212765957446807,321.51418439716315,891,0.04489337822671156,178.48597081930416,891,0.051627384960718295,179.50953984287318,3162,0,0,uniform=1608;sir=1562,45.47706079483032,7e99f75
var_low_po,69,307200,282,0.14893617021276595,259.8049645390071,891,0.003367003367003367,84.13131313131314,891,0.0,81.63299663299664,3162,0,0,uniform=1608;sir=1562,45.47706079483032,7e99f75
var_low_po,69,368640,282,0.7978723404255319,467.70567375886526,891,0.012345679012345678,154.69023569023568,891,0.020202020202020204,151.82716049382717,3162,0,0,uniform=1608;sir=1562,45.47706079483032,7e99f75
var_low_po,69,430080,282,0.9858156028368794,493.6950354609929,891,0.002244668911335578,58.470258136924805,891,0.001122334455667789,58.01571268237935,3162,0,0,uniform=1608;sir=1562,45.47706079483032,7e99f75
var_low_po,69,491520,282,0.9929078014184397,496.90425531914894,891,0.04601571268237935,82.9057239057239,891,0.03479236812570146,77.9057239057239,3162,0,0,uniform=1608;sir=1562,45.47706079483032,7e99f75
var_low_po,69,552960,282,0.9787234042553191,491.9929078014184,891,0.07519640852974187,96.43883277216611,891,0.06846240179573512,91.86980920314254,3162,0,0,uniform=1608;sir=1562,45.47706079483032,7e99f75
var_low_po,69,614400,282,0.9964539007092199,498.42907801418437,891,0.49382716049382713,282.38720538720537,891,0.4837261503928171,278.7429854096521,3162,0,0,uniform=1608;sir=1562,45.47706079483032,7e99f75
var_snip4,70,0,282,0.0,14.51418439716312,891,0.0,29.506172839506174,891,0.0,29.882154882154882,3751,0,0,uniform=1849;sir=1910,42.613125801086426,7e99f75
var_snip4,70,61440,282,0.03900709219858156,221.41843971631207,891,0.0,107.26374859708193,891,0.0,106.71268237934905,3751,0,0,uniform=1849;sir=1910,42.613125801086426,7e99f75
var_snip4,70,122880,282,0.031914893617021274,200.645390070922,891,0.003367003367003367,141.99438832772165,891,0.001122334455667789,142.43771043771045,3751,0,0,uniform=1849;sir=1910,42.613125801086426,7e99f75
var_snip4,70,184320,282,0.9893617021276596,495.322695035461,891,0.03367003367003367,78.11335578002245,891,0.04601571268237935,82.72615039281706,3751,0,0,uniform=1849;sir=1910,42.613125801086426,7e99f75
var_snip4,70,245760,282,0.12056737588652482,283.21985815602835,891,0.0,121.70258136924804,891,0.0,120.72502805836139,3751,0,0,uniform=1849;sir=1910,42.613125801086426,7e99f75
var_snip4,70,307200,282,0.06028368794326241,221.93971631205673,891,0.0,120.94500561167227,891,0.0,120.1391694725028,3751,0,0,uniform=1849;sir=1910,42.613125801086426,7e99f75
var_snip4,70,368640,282,0.9964539007092199,498.51418439716315,891,0.2547699214365881,179.46464646464648,891,0.25813692480359146,180.69248035914703,3751,0,0,uniform=1849;sir=1910,42.613125801086426,7e99f75
var_snip4,70,430080,282,0.9893617021276596,495.8262411347518,891,0.45791245791245794,273.62177328843995,891,0.45454545454545453,270.3131313131313,3751,0,0,uniform=1849;sir=1910,42.613125801086426,7e99f75
var_snip4,70,491520,282,0.9858156028368794,496.7304964539007,891,0.06285072951739619,90.86868686868686,891,0.06285072951739619,90.55443322109988,3751,0,0,uniform=1849;sir=1910,42.613125801086426,7e99f75
var_snip4,70,552960,282,0.9822695035460993,492.9326241134752,891,0.001122334455667789,60.51402918069585,891,0.002244668911335578,60.25364758698092,3751,0,0,uniform=1849;sir=1910,42.613125801086426,7e99f75
var_snip4,70,614400,282,0.9964539007092199,498.90425531914894,891,0.920314253647587,468.307519640853,891,0.9001122334455668,460.0684624017957,3751,0,0,uniform=1849;sir=1910,42.613125801086426,7e99f75
var_low_po,70,0,282,0.0,13.833333333333334,891,0.0,30.69023569023569,891,0.0,30.875420875420875,3180,0,0,uniform=1609;sir=1579,44.496309995651245,7e99f75
var_low_po,70,61440,282,0.07801418439716312,238.145390070922,891,0.0,120.89674523007857,891,0.0,120.36812570145904,3180,0,0,uniform=1609;sir=1579,44.496309995651245,7e99f75
var_low_po,70,122880,282,0.04609929078014184,243.55673758865248,891,0.02356902356902357,188.12345679012347,891,0.04040404040404041,187.2794612794613,3180,0,0,uniform=1609;sir=1579,44.496309995651245,7e99f75
var_low_po,70,184320,282,0.07801418439716312,226.07801418439718,891,0.0,146.98092031425364,891,0.001122334455667789,145.56565656565655,3180,0,0,uniform=1609;sir=1579,44.496309995651245,7e99f75
var_low_po,70,245760,282,0.1099290780141844,270.4113475177305,891,0.002244668911335578,136.337822671156,891,0.003367003367003367,138.15488215488216,3180,0,0,uniform=1609;sir=1579,44.496309995651245,7e99f75
var_low_po,70,307200,282,0.7624113475177305,463.5744680851064,891,0.265993265993266,188.1818181818182,891,0.2783389450056117,192.48597081930416,3180,0,0,uniform=1609;sir=1579,44.496309995651245,7e99f75
var_low_po,70,368640,282,0.900709219858156,483.7411347517731,891,0.25140291806958476,173.50953984287318,891,0.27048260381593714,180.30527497194163,3180,0,0,uniform=1609;sir=1579,44.496309995651245,7e99f75
var_low_po,70,430080,282,0.8971631205673759,479.3014184397163,891,0.468013468013468,271.6868686868687,891,0.4601571268237935,267.8855218855219,3180,0,0,uniform=1609;sir=1579,44.496309995651245,7e99f75
var_low_po,70,491520,282,0.9893617021276596,495.27659574468083,891,0.002244668911335578,60.127946127946124,891,0.001122334455667789,60.04938271604938,3180,0,0,uniform=1609;sir=1579,44.496309995651245,7e99f75
var_low_po,70,552960,282,0.9432624113475178,486.86170212765956,891,0.39169472502805835,238.59708193041527,891,0.39730639730639733,240.15488215488216,3180,0,0,uniform=1609;sir=1579,44.496309995651245,7e99f75
var_low_po,70,614400,282,0.9787234042553191,493.2659574468085,891,0.0,57.407407407407405,891,0.0,57.2648709315376,3180,0,0,uniform=1609;sir=1579,44.496309995651245,7e99f75
var_snip4,71,0,282,0.0,13.833333333333334,891,0.0,28.332210998877667,891,0.0,28.940516273849607,3988,0,0,uniform=2000;sir=1996,42.47772002220154,7e99f75
var_snip4,71,61440,282,0.04964539007092199,259.70567375886526,891,0.001122334455667789,123.95510662177328,891,0.0,122.91470258136926,3988,0,0,uniform=2000;sir=1996,42.47772002220154,7e99f75
var_snip4,71,122880,282,0.024822695035460994,202.56382978723406,891,0.001122334455667789,141.5364758698092,891,0.005611672278338945,144.46913580246914,3988,0,0,uniform=2000;sir=1996,42.47772002220154,7e99f75
var_snip4,71,184320,282,0.04609929078014184,197.20567375886526,891,0.0,113.94500561167227,891,0.0,113.21548821548822,3988,0,0,uniform=2000;sir=1996,42.47772002220154,7e99f75
var_snip4,71,245760,282,0.09929078014184398,276.9255319148936,891,0.0,120.79461279461279,891,0.0,119.81369248035915,3988,0,0,uniform=2000;sir=1996,42.47772002220154,7e99f75
var_snip4,71,307200,282,0.06382978723404255,259.67021276595744,891,0.004489337822671156,123.07968574635241,891,0.004489337822671156,118.05836139169473,3988,0,0,uniform=2000;sir=1996,42.47772002220154,7e99f75
var_snip4,71,368640,282,0.9893617021276596,496.90070921985813,891,0.18742985409652077,153.26150392817058,891,0.18855218855218855,152.88215488215488,3988,0,0,uniform=2000;sir=1996,42.47772002220154,7e99f75
var_snip4,71,430080,282,0.9964539007092199,498.65602836879435,891,0.5679012345679012,320.8428731762065,891,0.5443322109988776,310.5196408529742,3988,0,0,uniform=2000;sir=1996,42.47772002220154,7e99f75
var_snip4,71,491520,282,0.9858156028368794,496.3581560283688,891,0.7934904601571269,419.7452300785634,891,0.8013468013468014,421.1672278338945,3988,0,0,uniform=2000;sir=1996,42.47772002220154,7e99f75
var_snip4,71,552960,282,0.9858156028368794,495.0425531914894,891,0.006734006734006734,62.417508417508415,891,0.005611672278338945,61.88552188552188,3988,0,0,uniform=2000;sir=1996,42.47772002220154,7e99f75
var_snip4,71,614400,282,0.9893617021276596,497.10283687943263,891,0.8428731762065096,436.4736251402918,891,0.8338945005611672,433.4691358024691,3988,0,0,uniform=2000;sir=1996,42.47772002220154,7e99f75
var_low_po,71,0,282,0.0,13.829787234042554,891,0.0,37.97418630751964,891,0.0,37.84960718294052,3284,0,0,uniform=1583;sir=1709,41.31813621520996,7e99f75
var_low_po,71,61440,282,0.19858156028368795,305.98936170212767,891,0.06285072951739619,194.44556677890012,891,0.07519640852974187,190.05836139169472,3284,0,0,uniform=1583;sir=1709,41.31813621520996,7e99f75
var_low_po,71,122880,282,0.14184397163120568,285.28014184397165,891,0.0,143.23456790123456,891,0.0,140.83838383838383,3284,0,0,uniform=1583;sir=1709,41.31813621520996,7e99f75
var_low_po,71,184320,282,0.6985815602836879,456.531914893617,891,0.024691358024691357,117.60942760942761,891,0.04152637485970819,117.88215488215488,3284,0,0,uniform=1583;sir=1709,41.31813621520996,7e99f75
var_low_po,71,245760,282,0.35815602836879434,392.71985815602835,891,0.029180695847362513,233.98316498316498,891,0.03479236812570146,234.48709315375982,3284,0,0,uniform=1583;sir=1709,41.31813621520996,7e99f75
var_low_po,71,307200,282,0.17375886524822695,292.2730496453901,891,0.004489337822671156,102.05499438832773,891,0.001122334455667789,97.71717171717172,3284,0,0,uniform=1583;sir=1709,41.31813621520996,7e99f75
var_low_po,71,368640,282,0.6631205673758865,440.79787234042556,891,0.001122334455667789,92.47474747474747,891,0.003367003367003367,93.02581369248036,3284,0,0,uniform=1583;sir=1709,41.31813621520996,7e99f75
var_low_po,71,430080,282,0.9964539007092199,498.41843971631204,891,0.4006734006734007,241.59595959595958,891,0.3939393939393939,240.49382716049382,3284,0,0,uniform=1583;sir=1709,41.31813621520996,7e99f75
var_low_po,71,491520,282,0.9397163120567376,486.709219858156,891,0.2255892255892256,190.76767676767676,891,0.1941638608305275,181.10886644219977,3284,0,0,uniform=1583;sir=1709,41.31813621520996,7e99f75
var_low_po,71,552960,282,0.7056737588652482,418.2304964539007,891,0.002244668911335578,98.86980920314254,891,0.003367003367003367,101.40965207631875,3284,0,0,uniform=1583;sir=1709,41.31813621520996,7e99f75
var_low_po,71,614400,282,0.900709219858156,472.9148936170213,891,0.04152637485970819,99.44332210998877,891,0.03367003367003367,96.51402918069584,3284,0,0,uniform=1583;sir=1709,41.31813621520996,7e99f75
var_snip4,72,0,282,0.0,28.25177304964539,891,0.0,14.093153759820426,891,0.0,13.885521885521886,4117,0,0,uniform=2026;sir=2099,36.394877195358276,7e99f75
var_snip4,72,61440,282,0.2978723404255319,349.3758865248227,891,0.0,154.9719416386083,891,0.0,153.4814814814815,4117,0,0,uniform=2026;sir=2099,36.394877195358276,7e99f75
var_snip4,72,122880,282,0.14184397163120568,296.47163120567376,891,0.0,129.03703703703704,891,0.0,129.09876543209876,4117,0,0,uniform=2026;sir=2099,36.394877195358276,7e99f75
var_snip4,72,184320,282,0.08156028368794327,269.86524822695037,891,0.0,121.47138047138047,891,0.0,120.5746352413019,4117,0,0,uniform=2026;sir=2099,36.394877195358276,7e99f75
var_snip4,72,245760,282,0.05673758865248227,207.6631205673759,891,0.0,118.64197530864197,891,0.0,117.72166105499439,4117,0,0,uniform=2026;sir=2099,36.394877195358276,7e99f75
var_snip4,72,307200,282,0.2127659574468085,307.3156028368794,891,0.0,111.18181818181819,891,0.0,110.4769921436588,4117,0,0,uniform=2026;sir=2099,36.394877195358276,7e99f75
var_snip4,72,368640,282,0.23049645390070922,327.6808510638298,891,0.04489337822671156,149.25701459034792,891,0.04152637485970819,146.2300785634119,4117,0,0,uniform=2026;sir=2099,36.394877195358276,7e99f75
var_snip4,72,430080,282,0.1702127659574468,306.1595744680851,891,0.001122334455667789,123.76206509539843,891,0.001122334455667789,122.70370370370371,4117,0,0,uniform=2026;sir=2099,36.394877195358276,7e99f75
var_snip4,72,491520,282,0.0425531914893617,234.96099290780143,891,0.03479236812570146,165.99887766554434,891,0.03591470258136925,165.05723905723906,4117,0,0,uniform=2026;sir=2099,36.394877195358276,7e99f75
var_snip4,72,552960,282,0.9893617021276596,496.33687943262413,891,0.0707070707070707,96.12457912457913,891,0.0718294051627385,95.23793490460157,4117,0,0,uniform=2026;sir=2099,36.394877195358276,7e99f75
var_snip4,72,614400,282,0.9929078014184397,497.6843971631206,891,0.07856341189674523,101.88215488215488,891,0.07631874298540965,98.73063973063974,4117,0,0,uniform=2026;sir=2099,36.394877195358276,7e99f75
var_low_po,72,0,282,0.0,13.886524822695035,891,0.0,32.7384960718294,891,0.0,32.694725028058365,3186,0,0,uniform=1578;sir=1616,38.84502124786377,7e99f75
var_low_po,72,61440,282,0.06028368794326241,223.61702127659575,891,0.001122334455667789,111.03591470258137,891,0.001122334455667789,110.4074074074074,3186,0,0,uniform=1578;sir=1616,38.84502124786377,7e99f75
var_low_po,72,122880,282,0.23049645390070922,321.9113475177305,891,0.0,143.25925925925927,891,0.0,142.43434343434345,3186,0,0,uniform=1578;sir=1616,38.84502124786377,7e99f75
var_low_po,72,184320,282,0.9184397163120568,474.9432624113475,891,0.39281705948372614,244.3771043771044,891,0.37149270482603813,235.0909090909091,3186,0,0,uniform=1578;sir=1616,38.84502124786377,7e99f75
var_low_po,72,245760,282,0.0070921985815602835,178.9113475177305,891,0.0,104.02244668911335,891,0.0,103.39842873176207,3186,0,0,uniform=1578;sir=1616,38.84502124786377,7e99f75
var_low_po,72,307200,282,0.6843971631205674,454.9822695035461,891,0.2760942760942761,261.87654320987656,891,0.28058361391694725,260.7452300785634,3186,0,0,uniform=1578;sir=1616,38.84502124786377,7e99f75
var_low_po,72,368640,282,0.975177304964539,490.0673758865248,891,0.04377104377104377,80.47250280583614,891,0.03928170594837262,77.40628507295175,3186,0,0,uniform=1578;sir=1616,38.84502124786377,7e99f75
var_low_po,72,430080,282,0.9893617021276596,495.2517730496454,891,0.04040404040404041,78.81818181818181,891,0.04601571268237935,81.38047138047138,3186,0,0,uniform=1578;sir=1616,38.84502124786377,7e99f75
var_low_po,72,491520,282,0.9858156028368794,496.28014184397165,891,0.2884399551066218,196.15488215488216,891,0.27946127946127947,192.94612794612794,3186,0,0,uniform=1578;sir=1616,38.84502124786377,7e99f75
var_low_po,72,552960,282,0.9539007092198581,486.9078014184397,891,0.18069584736251404,141.87991021324353,891,0.18518518518518517,143.0909090909091,3186,0,0,uniform=1578;sir=1616,38.84502124786377,7e99f75
var_low_po,72,614400,282,0.9893617021276596,495.2730496453901,891,0.002244668911335578,56.672278338945006,891,0.001122334455667789,56.33221099887766,3186,0,0,uniform=1578;sir=1616,38.84502124786377,7e99f75
