config,seed,step,random/n,random/success,random/mean_steps,verifai_dev/n,verifai_dev/success,verifai_dev/mean_steps,verifai_test/n,verifai_test/success,verifai_test/mean_steps,episodes,replays,scouted_steps,wall_time_sec,commit
DR,1201,0,282,0.0,12.797872340425531,891,0.0,34.200897867564535,891,0.0,33.05948372615039,2085,0,0,13.2568199634552,87477da
DR,1201,30720,282,0.22695035460992907,305.76241134751774,891,0.0,116.52861952861953,891,0.0,116.07070707070707,2085,0,0,13.2568199634552,87477da
DR,1201,61440,282,0.28368794326241137,344.5886524822695,891,0.0,136.40291806958473,891,0.0,135.04377104377105,2085,0,0,13.2568199634552,87477da
DR,1201,92160,282,0.9539007092198581,494.8936170212766,891,0.5465768799102132,416.5016835016835,891,0.531986531986532,410.2154882154882,2085,0,0,13.2568199634552,87477da
DR,1201,122880,282,0.05319148936170213,235.16666666666666,891,0.0,117.17283950617283,891,0.0,116.42985409652076,2085,0,0,13.2568199634552,87477da
DR,1201,153600,282,0.32978723404255317,378.5673758865248,891,0.001122334455667789,173.39842873176207,891,0.001122334455667789,172.25476992143658,2085,0,0,13.2568199634552,87477da
DR,1201,184320,282,0.18085106382978725,305.45390070921985,891,0.0,128.68911335578002,891,0.0,127.27833894500561,2085,0,0,13.2568199634552,87477da
DR,1201,215040,282,0.014184397163120567,168.18439716312056,891,0.001122334455667789,115.47811447811448,891,0.002244668911335578,115.1986531986532,2085,0,0,13.2568199634552,87477da
DR,1201,245760,282,0.04609929078014184,217.7695035460993,891,0.001122334455667789,116.21997755331088,891,0.0,115.58810325476992,2085,0,0,13.2568199634552,87477da
DR,1201,276480,282,0.12056737588652482,362.5390070921986,891,0.4702581369248036,307.8181818181818,891,0.46464646464646464,304.99214365881033,2085,0,0,13.2568199634552,87477da
DR,1201,307200,282,0.06028368794326241,247.7695035460993,891,0.06509539842873176,163.65993265993265,891,0.058361391694725026,159.80695847362514,2085,0,0,13.2568199634552,87477da
DR,1203,0,282,0.0,46.638297872340424,891,0.0,18.476992143658812,891,0.0,18.358024691358025,1847,0,0,13.193027973175049,87477da
DR,1203,30720,282,0.12056737588652482,277.7304964539007,891,0.0,113.96408529741863,891,0.0,112.77104377104376,1847,0,0,13.193027973175049,87477da
DR,1203,61440,282,0.11702127659574468,275.57092198581563,891,0.0,123.97643097643098,891,0.0,122.98316498316498,1847,0,0,13.193027973175049,87477da
DR,1203,92160,282,0.0425531914893617,224.9290780141844,891,0.0,110.55892255892256,891,0.0,109.96296296296296,1847,0,0,13.193027973175049,87477da
DR,1203,122880,282,0.6170212765957447,445.10283687943263,891,0.001122334455667789,188.31874298540964,891,0.0,184.08978675645344,1847,0,0,13.193027973175049,87477da
DR,1203,153600,282,0.05319148936170213,280.9929078014184,891,0.26936026936026936,266.73961840628505,891,0.24242424242424243,264.7845117845118,1847,0,0,13.193027973175049,87477da
DR,1203,184320,282,0.20921985815602837,339.7659574468085,891,0.004489337822671156,178.32996632996634,891,0.003367003367003367,178.43097643097644,1847,0,0,13.193027973175049,87477da
DR,1203,215040,282,0.9645390070921985,496.06028368794324,891,0.8338945005611672,433.9450056116723,891,0.8215488215488216,428.5308641975309,1847,0,0,13.193027973175049,87477da
DR,1203,245760,282,0.9929078014184397,496.968085106383,891,0.33108866442199775,217.23120089786755,891,0.3176206509539843,211.006734006734,1847,0,0,13.193027973175049,87477da
DR,1203,276480,282,0.14184397163120568,280.3191489361702,891,0.008978675645342313,155.324354657688,891,0.012345679012345678,153.320987654321,1847,0,0,13.193027973175049,87477da
DR,1203,307200,282,0.028368794326241134,172.81914893617022,891,0.002244668911335578,117.38047138047138,891,0.003367003367003367,116.91133557800225,1847,0,0,13.193027973175049,87477da
DR,1202,0,282,0.03546099290780142,194.7659574468085,891,0.0,108.67676767676768,891,0.0,108.2401795735129,1818,0,0,13.656233072280884,87477da
DR,1202,30720,282,0.13120567375886524,303.9822695035461,891,0.004489337822671156,183.05050505050505,891,0.001122334455667789,181.31537598204264,1818,0,0,13.656233072280884,87477da
DR,1202,61440,282,0.1879432624113475,317.93617021276594,891,0.0,140.74523007856342,891,0.0,139.6139169472503,1818,0,0,13.656233072280884,87477da
DR,1202,92160,282,0.09219858156028368,279.0673758865248,891,0.001122334455667789,158.97081930415263,891,0.008978675645342313,159.17283950617283,1818,0,0,13.656233072280884,87477da
DR,1202,122880,282,0.024822695035460994,195.09929078014184,891,0.0,113.43434343434343,891,0.0,112.95847362514029,1818,0,0,13.656233072280884,87477da
DR,1202,153600,282,0.599290780141844,445.51063829787233,891,0.001122334455667789,180.56902356902356,891,0.0,175.78675645342312,1818,0,0,13.656233072280884,87477da
DR,1202,184320,282,0.8404255319148937,482.65602836879435,891,0.01122334455667789,167.24242424242425,891,0.015712682379349047,166.69360269360268,1818,0,0,13.656233072280884,87477da
DR,1202,215040,282,0.9609929078014184,491.56382978723406,891,0.050505050505050504,96.79685746352413,891,0.0707070707070707,105.6374859708193,1818,0,0,13.656233072280884,87477da
DR,1202,245760,282,0.20921985815602837,346.6985815602837,891,0.010101010101010102,160.324354657688,891,0.006734006734006734,156.5162738496072,1818,0,0,13.656233072280884,87477da
DR,1202,276480,282,0.03546099290780142,257.6170212765957,891,0.0,101.37037037037037,891,0.0,103.37598204264872,1818,0,0,13.656233072280884,87477da
DR,1202,307200,282,0.8191489361702128,482.42198581560285,891,0.3153759820426487,250.01683501683502,891,0.30303030303030304,244.4287317620651,1818,0,0,13.656233072280884,87477da
DR,1204,0,282,0.0,11.47517730496454,891,0.0,16.855218855218855,891,0.0,16.46127946127946,1925,0,0,12.626554012298584,fdb44bd
DR,1204,30720,282,0.24113475177304963,340.5851063829787,891,0.0,159.69135802469137,891,0.0,158.15937149270482,1925,0,0,12.626554012298584,fdb44bd
DR,1204,61440,282,0.5141843971631206,414.2588652482269,891,0.43658810325476993,308.62626262626264,891,0.43097643097643096,305.22109988776657,1925,0,0,12.626554012298584,fdb44bd
DR,1204,92160,282,0.09574468085106383,266.5851063829787,891,0.0,112.21661054994388,891,0.0,111.45791245791246,1925,0,0,12.626554012298584,fdb44bd
DR,1204,122880,282,0.03900709219858156,223.70921985815602,891,0.0,110.10549943883277,891,0.0,109.60381593714926,1925,0,0,12.626554012298584,fdb44bd
DR,1204,153600,282,0.03546099290780142,217.63475177304966,891,0.001122334455667789,115.18406285072952,891,0.0,112.20314253647587,1925,0,0,12.626554012298584,fdb44bd
DR,1204,184320,282,0.1347517730496454,266.06028368794324,891,0.0,107.34904601571269,891,0.0,106.94276094276094,1925,0,0,12.626554012298584,fdb44bd
DR,1204,215040,282,0.0425531914893617,213.75177304964538,891,0.0,119.34006734006734,891,0.0,118.45005611672278,1925,0,0,12.626554012298584,fdb44bd
DR,1204,245760,282,0.42907801418439717,397.86524822695037,891,0.008978675645342313,155.60381593714928,891,0.017957351290684626,155.36139169472503,1925,0,0,12.626554012298584,fdb44bd
DR,1204,276480,282,0.4645390070921986,391.5425531914894,891,0.010101010101010102,159.70145903479238,891,0.014590347923681257,157.00897867564535,1925,0,0,12.626554012298584,fdb44bd
DR,1204,307200,282,0.6595744680851063,431.7588652482269,891,0.372615039281706,265.2570145903479,891,0.3569023569023569,258.93602693602696,1925,0,0,12.626554012298584,fdb44bd
DR,1205,0,282,0.0,10.900709219858156,891,0.0,12.31425364758698,891,0.0,12.378226711560044,1918,0,0,12.482877969741821,fdb44bd
DR,1205,30720,282,0.13829787234042554,293.13120567375887,891,0.0,129.53198653198652,891,0.0,128.1907968574635,1918,0,0,12.482877969741821,fdb44bd
DR,1205,61440,282,0.05673758865248227,215.93262411347519,891,0.0,104.99551066217732,891,0.0,104.49158249158249,1918,0,0,12.482877969741821,fdb44bd
DR,1205,92160,282,0.12056737588652482,285.2588652482269,891,0.0,118.44332210998877,891,0.0,117.4702581369248,1918,0,0,12.482877969741821,fdb44bd
DR,1205,122880,282,0.14184397163120568,306.7730496453901,891,0.0,132.5050505050505,891,0.0,131.53759820426487,1918,0,0,12.482877969741821,fdb44bd
DR,1205,153600,282,0.12056737588652482,291.1843971631206,891,0.0,131.53535353535352,891,0.0,130.67115600448935,1918,0,0,12.482877969741821,fdb44bd
DR,1205,184320,282,0.14893617021276595,309.47872340425533,891,0.001122334455667789,144.25701459034792,891,0.0,141.06846240179573,1918,0,0,12.482877969741821,fdb44bd
DR,1205,215040,282,0.2801418439716312,378.1595744680851,891,0.019079685746352413,187.14814814814815,891,0.017957351290684626,180.9337822671156,1918,0,0,12.482877969741821,fdb44bd
DR,1205,245760,282,0.9680851063829787,497.1595744680851,891,0.2716049382716049,228.8395061728395,891,0.27048260381593714,220.92255892255892,1918,0,0,12.482877969741821,fdb44bd
DR,1205,276480,282,0.4397163120567376,404.6489361702128,891,0.005611672278338945,182.23232323232324,891,0.005611672278338945,180.55667789001123,1918,0,0,12.482877969741821,fdb44bd
DR,1205,307200,282,0.9397163120567376,492.5390070921986,891,0.14702581369248036,214.75869809203144,891,0.15600448933782268,210.18630751964085,1918,0,0,12.482877969741821,fdb44bd
DR,1206,0,282,0.0,13.085106382978724,891,0.0,31.303030303030305,891,0.0,31.682379349046016,1936,0,0,13.153256893157959,fdb44bd
DR,1206,30720,282,0.5212765957446809,413.86170212765956,891,0.04489337822671156,221.5679012345679,891,0.04938271604938271,217.92480359147027,1936,0,0,13.153256893157959,fdb44bd
DR,1206,61440,282,0.014184397163120567,186.51063829787233,891,0.0,105.65319865319866,891,0.001122334455667789,104.88215488215488,1936,0,0,13.153256893157959,fdb44bd
DR,1206,92160,282,0.14893617021276595,285.70567375886526,891,0.0,123.58810325476992,891,0.0,122.54545454545455,1936,0,0,13.153256893157959,fdb44bd
DR,1206,122880,282,0.07092198581560284,246.61702127659575,891,0.0,108.88552188552188,891,0.0,108.41750841750842,1936,0,0,13.153256893157959,fdb44bd
DR,1206,153600,282,0.21631205673758866,318.29432624113474,891,0.0,123.28170594837262,891,0.0,122.46464646464646,1936,0,0,13.153256893157959,fdb44bd
DR,1206,184320,282,0.8297872340425532,479.4574468085106,891,0.015712682379349047,253.77441077441077,891,0.019079685746352413,252.83164983164983,1936,0,0,13.153256893157959,fdb44bd
DR,1206,215040,282,0.9858156028368794,495.3014184397163,891,0.07519640852974187,99.23120089786757,891,0.08641975308641975,103.60718294051627,1936,0,0,13.153256893157959,fdb44bd
DR,1206,245760,282,0.1595744680851064,310.00354609929076,891,0.0,129.74074074074073,891,0.0,129.8193041526375,1936,0,0,13.153256893157959,fdb44bd
DR,1206,276480,282,0.04609929078014184,239.55673758865248,891,0.0,116.88664421997755,891,0.0,115.78451178451178,1936,0,0,13.153256893157959,fdb44bd
DR,1206,307200,282,0.10283687943262411,289.4468085106383,891,0.005611672278338945,151.30751964085297,891,0.004489337822671156,150.66329966329965,1936,0,0,13.153256893157959,fdb44bd
sfl_tilt,1202,0,282,0.0035460992907801418,53.9645390070922,891,0.0,19.09203142536476,891,0.0,19.02020202020202,2045,1010,45718134,96.74683499336243,fdb44bd
sfl_tilt,1202,30720,282,0.13120567375886524,282.790780141844,891,0.0,126.27384960718294,891,0.0,125.26936026936026,2045,1010,45718134,96.74683499336243,fdb44bd
sfl_tilt,1202,61440,282,0.0070921985815602835,166.67730496453902,891,0.0,96.61840628507295,891,0.0,96.1705948372615,2045,1010,45718134,96.74683499336243,fdb44bd
sfl_tilt,1202,92160,282,0.07092198581560284,292.18794326241135,891,0.05948372615039282,196.19640852974186,891,0.04264870931537598,193.2861952861953,2045,1010,45718134,96.74683499336243,fdb44bd
sfl_tilt,1202,122880,282,0.03900709219858156,230.1241134751773,891,0.0,110.38271604938272,891,0.0,109.90123456790124,2045,1010,45718134,96.74683499336243,fdb44bd
sfl_tilt,1202,153600,282,0.07801418439716312,262.82978723404256,891,0.0,131.07856341189674,891,0.0,130.006734006734,2045,1010,45718134,96.74683499336243,fdb44bd
sfl_tilt,1202,184320,282,0.014184397163120567,262.0496453900709,891,0.07744107744107744,154.88776655443323,891,0.06397306397306397,144.75196408529743,2045,1010,45718134,96.74683499336243,fdb44bd
sfl_tilt,1202,215040,282,0.028368794326241134,182.1950354609929,891,0.001122334455667789,117.49382716049382,891,0.0,116.36812570145904,2045,1010,45718134,96.74683499336243,fdb44bd
sfl_tilt,1202,245760,282,0.3475177304964539,408.15248226950354,891,0.010101010101010102,102.40628507295175,891,0.008978675645342313,104.62289562289563,2045,1010,45718134,96.74683499336243,fdb44bd
sfl_tilt,1202,276480,282,0.10283687943262411,257.10283687943263,891,0.001122334455667789,130.86195286195286,891,0.0,129.7115600448934,2045,1010,45718134,96.74683499336243,fdb44bd
sfl_tilt,1202,307200,282,0.12411347517730496,266.4326241134752,891,0.0,111.40291806958474,891,0.0,110.74523007856341,2045,1010,45718134,96.74683499336243,fdb44bd
sfl_tilt,1203,0,282,0.0,26.319148936170212,891,0.0,12.631874298540966,891,0.0,12.437710437710438,1988,932,48264299,96.32037615776062,fdb44bd
sfl_tilt,1203,30720,282,0.07446808510638298,256.79432624113474,891,0.0,125.18518518518519,891,0.001122334455667789,123.65656565656566,1988,932,48264299,96.32037615776062,fdb44bd
sfl_tilt,1203,61440,282,0.35106382978723405,383.4432624113475,891,0.0,160.84848484848484,891,0.0,159.00112233445566,1988,932,48264299,96.32037615776062,fdb44bd
sfl_tilt,1203,92160,282,0.06382978723404255,249.32624113475177,891,0.003367003367003367,161.11335578002246,891,0.003367003367003367,159.96408529741862,1988,932,48264299,96.32037615776062,fdb44bd
sfl_tilt,1203,122880,282,0.0425531914893617,218.4468085106383,891,0.0,112.48372615039281,891,0.0,111.74074074074075,1988,932,48264299,96.32037615776062,fdb44bd
sfl_tilt,1203,153600,282,0.22340425531914893,332.8758865248227,891,0.0,135.59708193041527,891,0.0,134.33557800224466,1988,932,48264299,96.32037615776062,fdb44bd
sfl_tilt,1203,184320,282,0.08865248226950355,248.3049645390071,891,0.0,108.79236812570146,891,0.0,108.41526374859708,1988,932,48264299,96.32037615776062,fdb44bd
sfl_tilt,1203,215040,282,0.0070921985815602835,207.09929078014184,891,0.15712682379349047,268.7766554433221,891,0.1829405162738496,273.87654320987656,1988,932,48264299,96.32037615776062,fdb44bd
sfl_tilt,1203,245760,282,0.03900709219858156,214.02836879432624,891,0.0,114.86531986531986,891,0.0,114.14814814814815,1988,932,48264299,96.32037615776062,fdb44bd
sfl_tilt,1203,276480,282,0.8297872340425532,479.65248226950354,891,0.29741863075196406,289.1986531986532,891,0.26262626262626265,277.41638608305277,1988,932,48264299,96.32037615776062,fdb44bd
sfl_tilt,1203,307200,282,0.8156028368794326,479.56028368794324,891,0.4702581369248036,344.1840628507295,891,0.4781144781144781,346.51627384960716,1988,932,48264299,96.32037615776062,fdb44bd
sfl_tilt,1201,0,282,0.0,12.393617021276595,891,0.0,22.781144781144782,891,0.0,21.930415263748596,1944,904,54638576,97.89757180213928,fdb44bd
sfl_tilt,1201,30720,282,0.2765957446808511,341.97163120567376,891,0.0,162.8496071829405,891,0.0,159.97530864197532,1944,904,54638576,97.89757180213928,fdb44bd
sfl_tilt,1201,61440,282,0.13120567375886524,275.5354609929078,891,0.0,114.85970819304153,891,0.0,113.98765432098766,1944,904,54638576,97.89757180213928,fdb44bd
sfl_tilt,1201,92160,282,0.3262411347517731,362.5886524822695,891,0.0,146.1492704826038,891,0.001122334455667789,144.88215488215488,1944,904,54638576,97.89757180213928,fdb44bd
sfl_tilt,1201,122880,282,0.1099290780141844,270.0390070921986,891,0.0,140.22783389450055,891,0.0,139.2929292929293,1944,904,54638576,97.89757180213928,fdb44bd
sfl_tilt,1201,153600,282,0.13120567375886524,313.3900709219858,891,0.001122334455667789,143.61503928170595,891,0.002244668911335578,142.70819304152639,1944,904,54638576,97.89757180213928,fdb44bd
sfl_tilt,1201,184320,282,0.1453900709219858,345.32978723404256,891,0.4826038159371493,315.1638608305275,891,0.48484848484848486,315.2648709315376,1944,904,54638576,97.89757180213928,fdb44bd
sfl_tilt,1201,215040,282,0.02127659574468085,180.11702127659575,891,0.05499438832772166,170.6341189674523,891,0.05387205387205387,165.8181818181818,1944,904,54638576,97.89757180213928,fdb44bd
sfl_tilt,1201,245760,282,0.475177304964539,420.6950354609929,891,0.48148148148148145,325.74074074074076,891,0.4792368125701459,324.49270482603816,1944,904,54638576,97.89757180213928,fdb44bd
sfl_tilt,1201,276480,282,0.975177304964539,494.4609929078014,891,0.7575757575757576,401.9102132435466,891,0.7497194163860831,398.36026936026934,1944,904,54638576,97.89757180213928,fdb44bd
sfl_tilt,1201,307200,282,0.950354609929078,493.1914893617021,891,0.4904601571268238,383.10662177328845,891,0.4837261503928171,378.7519640852974,1944,904,54638576,97.89757180213928,fdb44bd
DR,1207,0,282,0.0,78.11702127659575,891,0.0,35.84287317620651,891,0.0,35.61503928170595,1908,0,0,21.12295174598694,fdb44bd
DR,1207,30720,282,0.07801418439716312,228.67021276595744,891,0.0,98.68125701459034,891,0.0,98.33894500561168,1908,0,0,21.12295174598694,fdb44bd
DR,1207,61440,282,0.0425531914893617,261.790780141844,891,0.2850729517396184,265.3288439955107,891,0.24354657687991021,259.4781144781145,1908,0,0,21.12295174598694,fdb44bd
DR,1207,92160,282,0.024822695035460994,191.54609929078015,891,0.001122334455667789,125.23232323232324,891,0.0,123.5645342312009,1908,0,0,21.12295174598694,fdb44bd
DR,1207,122880,282,0.04609929078014184,213.7872340425532,891,0.0,112.94388327721661,891,0.0,112.29405162738496,1908,0,0,21.12295174598694,fdb44bd
DR,1207,153600,282,0.2730496453900709,349.27659574468083,891,0.0,140.2861952861953,891,0.0,139.16498316498317,1908,0,0,21.12295174598694,fdb44bd
DR,1207,184320,282,0.2801418439716312,342.2482269503546,891,0.0,137.95622895622895,891,0.0,136.7283950617284,1908,0,0,21.12295174598694,fdb44bd
DR,1207,215040,282,0.06382978723404255,224.07801418439718,891,0.0,112.67115600448933,891,0.0,112.10774410774411,1908,0,0,21.12295174598694,fdb44bd
DR,1207,245760,282,0.30851063829787234,346.28723404255317,891,0.001122334455667789,121.98765432098766,891,0.0,120.91133557800225,1908,0,0,21.12295174598694,fdb44bd
DR,1207,276480,282,0.7411347517730497,458.2588652482269,891,0.004489337822671156,183.05387205387206,891,0.006734006734006734,180.07182940516273,1908,0,0,21.12295174598694,fdb44bd
DR,1207,307200,282,0.8014184397163121,469.5744680851064,891,0.20987654320987653,267.8226711560045,891,0.18967452300785634,261.29517396184065,1908,0,0,21.12295174598694,fdb44bd
sfl_tilt,1204,0,282,0.0,15.02836879432624,891,0.0,42.78114478114478,891,0.0,43.51851851851852,1811,867,59283546,105.22198510169983,fdb44bd
sfl_tilt,1204,30720,282,0.08865248226950355,237.77659574468086,891,0.0,108.38608305274973,891,0.0,107.65993265993266,1811,867,59283546,105.22198510169983,fdb44bd
sfl_tilt,1204,61440,282,0.0425531914893617,208.61702127659575,891,0.0,106.43883277216611,891,0.0,105.79573512906846,1811,867,59283546,105.22198510169983,fdb44bd
sfl_tilt,1204,92160,282,0.03546099290780142,219.90070921985816,891,0.0,124.00112233445567,891,0.0,123.38047138047138,1811,867,59283546,105.22198510169983,fdb44bd
sfl_tilt,1204,122880,282,0.03546099290780142,219.0177304964539,891,0.0,108.53535353535354,891,0.0,108.05723905723906,1811,867,59283546,105.22198510169983,fdb44bd
sfl_tilt,1204,153600,282,0.7943262411347518,464.2304964539007,891,0.07968574635241302,232.79012345679013,891,0.07407407407407407,226.68013468013467,1811,867,59283546,105.22198510169983,fdb44bd
sfl_tilt,1204,184320,282,0.9858156028368794,497.0177304964539,891,0.9259259259259259,469.986531986532,891,0.9135802469135802,465.2581369248036,1811,867,59283546,105.22198510169983,fdb44bd
sfl_tilt,1204,215040,282,0.5212765957446809,422.47163120567376,891,0.031425364758698095,209.67452300785635,891,0.03479236812570146,204.6969696969697,1811,867,59283546,105.22198510169983,fdb44bd
sfl_tilt,1204,245760,282,0.5921985815602837,465.88652482269504,891,0.2850729517396184,295.83501683501686,891,0.2727272727272727,290.6094276094276,1811,867,59283546,105.22198510169983,fdb44bd
sfl_tilt,1204,276480,282,0.09219858156028368,278.790780141844,891,0.004489337822671156,150.12008978675647,891,0.003367003367003367,149.69023569023568,1811,867,59283546,105.22198510169983,fdb44bd
sfl_tilt,1204,307200,282,0.9219858156028369,488.95390070921985,891,0.08754208754208755,118.36363636363636,891,0.09090909090909091,120.91245791245791,1811,867,59283546,105.22198510169983,fdb44bd
DR,1208,0,282,0.0,24.50354609929078,891,0.0,13.108866442199776,891,0.0,13.067340067340067,2053,0,0,21.528645038604736,fdb44bd
DR,1208,30720,282,0.0673758865248227,221.1631205673759,891,0.0,100.51402918069584,891,0.0,99.95398428731762,2053,0,0,21.528645038604736,fdb44bd
DR,1208,61440,282,0.2872340425531915,352.31205673758865,891,0.0,140.74971941638609,891,0.0,139.12121212121212,2053,0,0,21.528645038604736,fdb44bd
DR,1208,92160,282,0.04964539007092199,218.3049645390071,891,0.0,108.69472502805836,891,0.0,108.09988776655443,2053,0,0,21.528645038604736,fdb44bd
DR,1208,122880,282,0.05673758865248227,247.11347517730496,891,0.0,124.34567901234568,891,0.0,123.43883277216611,2053,0,0,21.528645038604736,fdb44bd
DR,1208,153600,282,0.08865248226950355,268.9503546099291,891,0.001122334455667789,132.4186307519641,891,0.001122334455667789,131.53423120089786,2053,0,0,21.528645038604736,fdb44bd
DR,1208,184320,282,0.8439716312056738,481.65602836879435,891,0.06397306397306397,155.66666666666666,891,0.04938271604938271,147.42648709315375,2053,0,0,21.528645038604736,fdb44bd
DR,1208,215040,282,0.09929078014184398,289.3900709219858,891,0.0,127.95510662177328,891,0.0,127.84062850729518,2053,0,0,21.528645038604736,fdb44bd
DR,1208,245760,282,0.5283687943262412,425.74468085106383,891,0.028058361391694726,198.8125701459035,891,0.031425364758698095,197.92929292929293,2053,0,0,21.528645038604736,fdb44bd
DR,1208,276480,282,0.1879432624113475,331.56028368794324,891,0.001122334455667789,145.19304152637486,891,0.0,143.14478114478115,2053,0,0,21.528645038604736,fdb44bd
DR,1208,307200,282,0.9539007092198581,494.1950354609929,891,0.5420875420875421,372.36475869809203,891,0.531986531986532,375.09315375982044,2053,0,0,21.528645038604736,fdb44bd
sfl_tilt,1205,0,282,0.0,10.5177304964539,891,0.0,15.506172839506172,891,0.0,14.821548821548822,1905,920,58819554,114.08695578575134,fdb44bd
sfl_tilt,1205,30720,282,0.1773049645390071,288.3900709219858,891,0.0,109.71604938271605,891,0.0,108.45679012345678,1905,920,58819554,114.08695578575134,fdb44bd
sfl_tilt,1205,61440,282,0.031914893617021274,212.96099290780143,891,0.0,104.72390572390573,891,0.0,104.21324354657688,1905,920,58819554,114.08695578575134,fdb44bd
sfl_tilt,1205,92160,282,0.18085106382978725,287.3936170212766,891,0.0,108.16161616161617,891,0.0,107.59034792368125,1905,920,58819554,114.08695578575134,fdb44bd
sfl_tilt,1205,122880,282,0.9645390070921985,493.4113475177305,891,0.9337822671156004,473.53423120089786,891,0.9135802469135802,466.1537598204265,1905,920,58819554,114.08695578575134,fdb44bd
sfl_tilt,1205,153600,282,0.18085106382978725,365.6063829787234,891,0.44219977553310885,295.15263748597084,891,0.44219977553310885,293.55218855218857,1905,920,58819554,114.08695578575134,fdb44bd
sfl_tilt,1205,184320,282,0.6382978723404256,450.3510638297872,891,0.30303030303030304,302.05387205387206,891,0.2727272727272727,299.43771043771045,1905,920,58819554,114.08695578575134,fdb44bd
sfl_tilt,1205,215040,282,0.06382978723404255,223.2163120567376,891,0.001122334455667789,120.35016835016835,891,0.0,119.3973063973064,1905,920,58819554,114.08695578575134,fdb44bd
sfl_tilt,1205,245760,282,0.7836879432624113,473.0851063829787,891,0.002244668911335578,210.5645342312009,891,0.001122334455667789,208.76767676767676,1905,920,58819554,114.08695578575134,fdb44bd
sfl_tilt,1205,276480,282,0.9397163120567376,491.5425531914894,891,0.7687991021324355,427.0112233445567,891,0.755331088664422,426.31200897867564,1905,920,58819554,114.08695578575134,fdb44bd
sfl_tilt,1205,307200,282,0.9361702127659575,489.4432624113475,891,0.8406285072951739,437.1739618406285,891,0.8260381593714927,431.60381593714925,1905,920,58819554,114.08695578575134,fdb44bd
DR,1209,0,282,0.0,12.851063829787234,891,0.0,28.864197530864196,891,0.0,28.94388327721661,1818,0,0,24.237725973129272,fdb44bd
DR,1209,30720,282,0.03900709219858156,206.70921985815602,891,0.0,102.1986531986532,891,0.0,101.70931537598204,1818,0,0,24.237725973129272,fdb44bd
DR,1209,61440,282,0.1276595744680851,285.1808510638298,891,0.001122334455667789,152.2469135802469,891,0.001122334455667789,150.23456790123456,1818,0,0,24.237725973129272,fdb44bd
DR,1209,92160,282,0.4078014184397163,392.15248226950354,891,0.001122334455667789,165.1402918069585,891,0.0,163.53198653198652,1818,0,0,24.237725973129272,fdb44bd
DR,1209,122880,282,0.9858156028368794,499.0886524822695,891,0.8327721661054994,444.9977553310887,891,0.8338945005611672,440.6576879910213,1818,0,0,24.237725973129272,fdb44bd
DR,1209,153600,282,0.05319148936170213,237.65248226950354,891,0.016835016835016835,146.42087542087543,891,0.013468013468013467,143.7115600448934,1818,0,0,24.237725973129272,fdb44bd
DR,1209,184320,282,0.8617021276595744,483.3191489361702,891,0.04826038159371493,247.59147025813692,891,0.04601571268237935,248.99551066217734,1818,0,0,24.237725973129272,fdb44bd
DR,1209,215040,282,0.8546099290780141,472.4503546099291,891,0.4601571268237935,290.1178451178451,891,0.4377104377104377,281.7934904601571,1818,0,0,24.237725973129272,fdb44bd
DR,1209,245760,282,0.09574468085106383,279.3758865248227,891,0.013468013468013467,142.6195286195286,891,0.012345679012345678,140.7530864197531,1818,0,0,24.237725973129272,fdb44bd
DR,1209,276480,282,0.031914893617021274,208.76241134751774,891,0.0,115.45342312008978,891,0.0,114.7598204264871,1818,0,0,24.237725973129272,fdb44bd
DR,1209,307200,282,0.9964539007092199,499.90425531914894,891,0.9158249158249159,466.1324354657688,891,0.9068462401795735,462.5634118967452,1818,0,0,24.237725973129272,fdb44bd
DR,1210,0,282,0.0,13.613475177304965,891,0.0,30.113355780022445,891,0.0,30.439955106621774,2080,0,0,23.978516101837158,fdb44bd
DR,1210,30720,282,0.12056737588652482,283.9113475177305,891,0.0,115.60157126823793,891,0.0,114.45342312008978,2080,0,0,23.978516101837158,fdb44bd
DR,1210,61440,282,0.0425531914893617,220.26241134751774,891,0.0,105.38720538720538,891,0.0,104.63636363636364,2080,0,0,23.978516101837158,fdb44bd
DR,1210,92160,282,0.17375886524822695,313.8262411347518,891,0.0,135.35016835016836,891,0.0,134.37485970819304,2080,0,0,23.978516101837158,fdb44bd
DR,1210,122880,282,0.7269503546099291,459.09574468085106,891,0.006734006734006734,238.84062850729518,891,0.003367003367003367,235.37037037037038,2080,0,0,23.978516101837158,fdb44bd
DR,1210,153600,282,0.028368794326241134,209.67730496453902,891,0.06060606060606061,178.55106621773288,891,0.07968574635241302,178.26599326599327,2080,0,0,23.978516101837158,fdb44bd
DR,1210,184320,282,0.02127659574468085,182.84397163120568,891,0.0,107.32098765432099,891,0.0,106.64983164983165,2080,0,0,23.978516101837158,fdb44bd
DR,1210,215040,282,0.08156028368794327,261.9432624113475,891,0.001122334455667789,122.93827160493827,891,0.0,121.91582491582491,2080,0,0,23.978516101837158,fdb44bd
DR,1210,245760,282,0.031914893617021274,210.82269503546098,891,0.0,113.11896745230078,891,0.0,112.46576879910214,2080,0,0,23.978516101837158,fdb44bd
DR,1210,276480,282,0.11347517730496454,301.06028368794324,891,0.0,137.56902356902356,891,0.0,134.1290684624018,2080,0,0,23.978516101837158,fdb44bd
DR,1210,307200,282,0.9893617021276596,499.28014184397165,891,0.611672278338945,361.98092031425364,891,0.5824915824915825,352.2199775533109,2080,0,0,23.978516101837158,fdb44bd
sfl_tilt,1206,0,282,0.0,50.40425531914894,891,0.0,21.32547699214366,891,0.0,21.09203142536476,1714,814,59320567,128.14744925498962,fdb44bd
sfl_tilt,1206,30720,282,0.2553191489361702,323.3581560283688,891,0.001122334455667789,125.79236812570146,891,0.0,123.93265993265993,1714,814,59320567,128.14744925498962,fdb44bd
sfl_tilt,1206,61440,282,0.1453900709219858,279.0425531914894,891,0.0,112.8294051627385,891,0.0,112.19304152637486,1714,814,59320567,128.14744925498962,fdb44bd
sfl_tilt,1206,92160,282,0.028368794326241134,199.20921985815602,891,0.0,117.61054994388327,891,0.0,116.93265993265993,1714,814,59320567,128.14744925498962,fdb44bd
sfl_tilt,1206,122880,282,0.2978723404255319,376.2836879432624,891,0.0,157.989898989899,891,0.0,157.5578002244669,1714,814,59320567,128.14744925498962,fdb44bd
sfl_tilt,1206,153600,282,0.9219858156028369,492.9645390070922,891,0.3254769921436588,324.7867564534231,891,0.3153759820426487,316.64983164983164,1714,814,59320567,128.14744925498962,fdb44bd
sfl_tilt,1206,184320,282,0.9078014184397163,489.3085106382979,891,0.050505050505050504,303.12345679012344,891,0.04264870931537598,297.68799102132436,1714,814,59320567,128.14744925498962,fdb44bd
sfl_tilt,1206,215040,282,0.9326241134751773,493.01418439716315,891,0.47474747474747475,386.6835016835017,891,0.4725028058361392,380.5286195286195,1714,814,59320567,128.14744925498962,fdb44bd
sfl_tilt,1206,245760,282,0.3475177304964539,415.0354609929078,891,0.45342312008978675,314.92143658810323,891,0.4489337822671156,311.31088664422,1714,814,59320567,128.14744925498962,fdb44bd
sfl_tilt,1206,276480,282,0.13829787234042554,276.66312056737587,891,0.04713804713804714,148.02469135802468,891,0.03367003367003367,144.74298540965208,1714,814,59320567,128.14744925498962,fdb44bd
sfl_tilt,1206,307200,282,0.3404255319148936,373.4255319148936,891,0.001122334455667789,157.67340067340066,891,0.002244668911335578,156.27048260381594,1714,814,59320567,128.14744925498962,fdb44bd
DR,1211,0,282,0.0,12.319148936170214,891,0.0,21.144781144781145,891,0.0,20.98092031425365,2096,0,0,39.78795504570007,fdb44bd
DR,1211,30720,282,0.7021276595744681,444.2836879432624,891,0.017957351290684626,225.7598204264871,891,0.02244668911335578,218.21773288439954,2096,0,0,39.78795504570007,fdb44bd
DR,1211,61440,282,0.05319148936170213,224.19858156028369,891,0.0,105.50056116722783,891,0.0,104.9270482603816,2096,0,0,39.78795504570007,fdb44bd
DR,1211,92160,282,0.07092198581560284,265.58156028368796,891,0.0,143.30864197530863,891,0.001122334455667789,142.92592592592592,2096,0,0,39.78795504570007,fdb44bd
DR,1211,122880,282,0.10283687943262411,279.99645390070924,891,0.001122334455667789,141.22109988776654,891,0.0,140.12121212121212,2096,0,0,39.78795504570007,fdb44bd
DR,1211,153600,282,0.05319148936170213,233.28014184397162,891,0.0,118.72727272727273,891,0.0,117.99887766554433,2096,0,0,39.78795504570007,fdb44bd
DR,1211,184320,282,0.024822695035460994,216.77304964539007,891,0.0,117.81705948372615,891,0.0,117.53198653198653,2096,0,0,39.78795504570007,fdb44bd
DR,1211,215040,282,0.5780141843971631,416.56028368794324,891,0.23793490460157127,214.42087542087543,891,0.21885521885521886,206.34455667789,2096,0,0,39.78795504570007,fdb44bd
DR,1211,245760,282,0.2765957446808511,357.2659574468085,891,0.0,119.4040404040404,891,0.0,118.17620650953984,2096,0,0,39.78795504570007,fdb44bd
DR,1211,276480,282,0.014184397163120567,197.2659574468085,891,0.0,171.33333333333334,891,0.0,171.327721661055,2096,0,0,39.78795504570007,fdb44bd
DR,1211,307200,282,0.02127659574468085,178.17730496453902,891,0.003367003367003367,108.68574635241302,891,0.004489337822671156,107.88776655443323,2096,0,0,39.78795504570007,fdb44bd
DR,1212,0,282,0.0,14.173758865248226,891,0.0,32.56677890011223,891,0.0,33.71043771043771,1827,0,0,42.61570882797241,fdb44bd
DR,1212,30720,282,0.09219858156028368,245.25177304964538,891,0.0,107.49607182940517,891,0.0,106.69584736251403,1827,0,0,42.61570882797241,fdb44bd
DR,1212,61440,282,0.11702127659574468,296.9078014184397,891,0.0,127.78787878787878,891,0.0,126.86307519640853,1827,0,0,42.61570882797241,fdb44bd
DR,1212,92160,282,0.42907801418439717,403.59574468085106,891,0.001122334455667789,163.30864197530863,891,0.001122334455667789,161.44668911335577,1827,0,0,42.61570882797241,fdb44bd
DR,1212,122880,282,0.03546099290780142,211.39361702127658,891,0.0,104.29517396184063,891,0.0,103.62850729517396,1827,0,0,42.61570882797241,fdb44bd
DR,1212,153600,282,0.9787234042553191,495.9574468085106,891,0.8035914702581369,420.5656565656566,891,0.797979797979798,418.56677890011224,1827,0,0,42.61570882797241,fdb44bd
DR,1212,184320,282,0.9858156028368794,495.84751773049646,891,0.2839506172839506,194.79124579124579,891,0.2850729517396184,194.84062850729518,1827,0,0,42.61570882797241,fdb44bd
DR,1212,215040,282,0.9893617021276596,496.7695035460993,891,0.8720538720538721,448.7867564534231,891,0.8585858585858586,442.31200897867564,1827,0,0,42.61570882797241,fdb44bd
DR,1212,245760,282,0.9893617021276596,495.93971631205676,891,0.47362514029180697,278.7732884399551,891,0.468013468013468,275.94163860830525,1827,0,0,42.61570882797241,fdb44bd
DR,1212,276480,282,0.20921985815602837,308.60283687943263,891,0.0,106.16498316498317,891,0.0,105.56902356902357,1827,0,0,42.61570882797241,fdb44bd
DR,1212,307200,282,0.0673758865248227,224.0177304964539,891,0.0,105.41077441077441,891,0.0,104.75757575757575,1827,0,0,42.61570882797241,fdb44bd
sfl_tilt,1207,0,282,0.0,40.191489361702125,891,0.0,16.875420875420875,891,0.0,16.76094276094276,2102,1024,43709606,183.2156720161438,fdb44bd
sfl_tilt,1207,30720,282,0.1595744680851064,265.5248226950355,891,0.0,100.35690235690235,891,0.0,99.86868686868686,2102,1024,43709606,183.2156720161438,fdb44bd
sfl_tilt,1207,61440,282,0.375886524822695,386.93971631205676,891,0.17845117845117844,261.80808080808083,891,0.1717171717171717,254.98428731762064,2102,1024,43709606,183.2156720161438,fdb44bd
sfl_tilt,1207,92160,282,0.05673758865248227,234.38297872340425,891,0.0,108.10886644219977,891,0.0,107.62626262626263,2102,1024,43709606,183.2156720161438,fdb44bd
sfl_tilt,1207,122880,282,0.09574468085106383,249.5,891,0.0,108.41414141414141,891,0.0,108.0763187429854,2102,1024,43709606,183.2156720161438,fdb44bd
sfl_tilt,1207,153600,282,0.0673758865248227,230.6595744680851,891,0.002244668911335578,135.26150392817058,891,0.005611672278338945,134.17171717171718,2102,1024,43709606,183.2156720161438,fdb44bd
sfl_tilt,1207,184320,282,0.09574468085106383,243.6950354609929,891,0.0,111.65207631874298,891,0.0,111.1010101010101,2102,1024,43709606,183.2156720161438,fdb44bd
sfl_tilt,1207,215040,282,0.05319148936170213,270.42907801418437,891,0.0,97.60044893378226,891,0.0,99.81818181818181,2102,1024,43709606,183.2156720161438,fdb44bd
sfl_tilt,1207,245760,282,0.03546099290780142,249.2659574468085,891,0.13580246913580246,209.65432098765433,891,0.12345679012345678,208.6273849607183,2102,1024,43709606,183.2156720161438,fdb44bd
sfl_tilt,1207,276480,282,0.031914893617021274,207.9290780141844,891,0.04713804713804714,167.98316498316498,891,0.03928170594837262,162.40179573512907,2102,1024,43709606,183.2156720161438,fdb44bd
sfl_tilt,1207,307200,282,0.2872340425531915,364.3262411347518,891,0.001122334455667789,138.00785634118967,891,0.0,136.45005611672278,2102,1024,43709606,183.2156720161438,fdb44bd
sfl_tilt,1208,0,282,0.0,11.361702127659575,891,0.0,21.780022446689113,891,0.0,22.23793490460157,2012,974,49318001,186.1332142353058,fdb44bd
sfl_tilt,1208,30720,282,0.05673758865248227,206.79078014184398,891,0.0,95.3063973063973,891,0.0,95.0213243546577,2012,974,49318001,186.1332142353058,fdb44bd
sfl_tilt,1208,61440,282,0.1702127659574468,315.5070921985816,891,0.0,131.6127946127946,891,0.0,130.69584736251403,2012,974,49318001,186.1332142353058,fdb44bd
sfl_tilt,1208,92160,282,0.09219858156028368,278.0567375886525,891,0.0,121.34343434343434,891,0.0,120.69248035914703,2012,974,49318001,186.1332142353058,fdb44bd
sfl_tilt,1208,122880,282,0.05319148936170213,239.12056737588654,891,0.0,113.7003367003367,891,0.0,113.16610549943883,2012,974,49318001,186.1332142353058,fdb44bd
sfl_tilt,1208,153600,282,0.1595744680851064,305.9822695035461,891,0.001122334455667789,136.58024691358025,891,0.0,135.24803591470257,2012,974,49318001,186.1332142353058,fdb44bd
sfl_tilt,1208,184320,282,0.03546099290780142,218.0212765957447,891,0.0,116.37822671156005,891,0.0,115.67115600448933,2012,974,49318001,186.1332142353058,fdb44bd
sfl_tilt,1208,215040,282,0.7907801418439716,472.76241134751774,891,0.2772166105499439,272.6936026936027,891,0.26823793490460157,271.15824915824913,2012,974,49318001,186.1332142353058,fdb44bd
sfl_tilt,1208,245760,282,0.3971631205673759,444.7836879432624,891,0.031425364758698095,145.98765432098764,891,0.02244668911335578,141.8080808080808,2012,974,49318001,186.1332142353058,fdb44bd
sfl_tilt,1208,276480,282,0.10283687943262411,357.9432624113475,891,0.08080808080808081,154.82491582491582,891,0.10662177328843996,167.40852974186308,2012,974,49318001,186.1332142353058,fdb44bd
sfl_tilt,1208,307200,282,0.3262411347517731,381.3723404255319,891,0.0,143.11560044893378,891,0.006734006734006734,143.8080808080808,2012,974,49318001,186.1332142353058,fdb44bd
sfl_tilt,1209,0,282,0.0,12.464539007092199,891,0.0,17.860830527497193,891,0.0,18.671156004489337,1990,975,53368009,186.8491621017456,fdb44bd
sfl_tilt,1209,30720,282,0.05673758865248227,223.8758865248227,891,0.0,109.95622895622895,891,0.0,109.25140291806959,1990,975,53368009,186.8491621017456,fdb44bd
sfl_tilt,1209,61440,282,0.0851063829787234,265.5248226950355,891,0.0,115.91806958473624,891,0.0,115.08193041526376,1990,975,53368009,186.8491621017456,fdb44bd
sfl_tilt,1209,92160,282,0.04964539007092199,257.0248226950355,891,0.0,126.17396184062851,891,0.0,125.08193041526376,1990,975,53368009,186.8491621017456,fdb44bd
sfl_tilt,1209,122880,282,0.0851063829787234,255.12765957446808,891,0.001122334455667789,107.33670033670033,891,0.0,106.50056116722783,1990,975,53368009,186.8491621017456,fdb44bd
sfl_tilt,1209,153600,282,0.40070921985815605,364.5744680851064,891,0.001122334455667789,124.84062850729518,891,0.001122334455667789,123.77553310886644,1990,975,53368009,186.8491621017456,fdb44bd
sfl_tilt,1209,184320,282,0.08156028368794327,229.02836879432624,891,0.0,100.11223344556677,891,0.0,99.75869809203142,1990,975,53368009,186.8491621017456,fdb44bd
sfl_tilt,1209,215040,282,0.03900709219858156,253.6631205673759,891,0.0,206.90460157126824,891,0.0,206.29854096520762,1990,975,53368009,186.8491621017456,fdb44bd
sfl_tilt,1209,245760,282,0.0673758865248227,212.86170212765958,891,0.001122334455667789,100.86195286195286,891,0.0,100.13804713804714,1990,975,53368009,186.8491621017456,fdb44bd
sfl_tilt,1209,276480,282,0.7198581560283688,458.23758865248226,891,0.001122334455667789,193.22109988776654,891,0.0,190.11111111111111,1990,975,53368009,186.8491621017456,fdb44bd
sfl_tilt,1209,307200,282,0.6950354609929078,453.4822695035461,891,0.001122334455667789,193.03591470258138,891,0.002244668911335578,190.39842873176207,1990,975,53368009,186.8491621017456,fdb44bd
DR,1213,0,282,0.0,39.53900709219858,891,0.0,20.2334455667789,891,0.0,20.185185185185187,1733,0,0,27.42720365524292,fdb44bd
DR,1213,30720,282,0.07801418439716312,244.48936170212767,891,0.0,113.78451178451178,891,0.0,112.92143658810325,1733,0,0,27.42720365524292,fdb44bd
DR,1213,61440,282,0.4326241134751773,399.21276595744683,891,0.0,168.71941638608305,891,0.0,166.73625140291807,1733,0,0,27.42720365524292,fdb44bd
DR,1213,92160,282,0.05673758865248227,214.67375886524823,891,0.03479236812570146,151.34231200897867,891,0.038159371492704826,148.6240179573513,1733,0,0,27.42720365524292,fdb44bd
DR,1213,122880,282,0.10638297872340426,309.16312056737587,891,0.0,106.46015712682379,891,0.0,104.17845117845118,1733,0,0,27.42720365524292,fdb44bd
DR,1213,153600,282,0.03900709219858156,289.8333333333333,891,0.3400673400673401,302.9450056116723,891,0.345679012345679,299.2457912457912,1733,0,0,27.42720365524292,fdb44bd
DR,1213,184320,282,0.031914893617021274,234.28014184397162,891,0.22334455667789002,246.32996632996634,891,0.2222222222222222,244.53872053872053,1733,0,0,27.42720365524292,fdb44bd
DR,1213,215040,282,0.5709219858156028,413.11347517730496,891,0.0,149.5993265993266,891,0.0,145.64983164983164,1733,0,0,27.42720365524292,fdb44bd
DR,1213,245760,282,0.9822695035460993,495.06382978723406,891,0.6711560044893379,366.1290684624018,891,0.6408529741863075,354.11335578002246,1733,0,0,27.42720365524292,fdb44bd
DR,1213,276480,282,0.9539007092198581,490.65602836879435,891,0.5173961840628507,315.08866442199775,891,0.4994388327721661,307.07070707070704,1733,0,0,27.42720365524292,fdb44bd
DR,1213,307200,282,0.8333333333333334,478.60283687943263,891,0.8080808080808081,422.9517396184063,891,0.8024691358024691,420.22222222222223,1733,0,0,27.42720365524292,fdb44bd
sfl_tilt,1210,0,282,0.0,14.063829787234043,891,0.0,28.809203142536475,891,0.0,28.689113355780023,2247,1073,41692420,186.8983941078186,fdb44bd
sfl_tilt,1210,30720,282,0.11347517730496454,249.60638297872342,891,0.0,104.28731762065095,891,0.0,103.78226711560045,2247,1073,41692420,186.8983941078186,fdb44bd
sfl_tilt,1210,61440,282,0.16666666666666666,298.1737588652482,891,0.0,128.40404040404042,891,0.0,127.17171717171718,2247,1073,41692420,186.8983941078186,fdb44bd
sfl_tilt,1210,92160,282,0.03546099290780142,194.0744680851064,891,0.0,110.4074074074074,891,0.0,109.74859708193041,2247,1073,41692420,186.8983941078186,fdb44bd
sfl_tilt,1210,122880,282,0.03900709219858156,197.08510638297872,891,0.001122334455667789,124.72166105499439,891,0.0,123.39057239057239,2247,1073,41692420,186.8983941078186,fdb44bd
sfl_tilt,1210,153600,282,0.028368794326241134,211.74468085106383,891,0.0,117.19753086419753,891,0.0,116.65544332210999,2247,1073,41692420,186.8983941078186,fdb44bd
sfl_tilt,1210,184320,282,0.02127659574468085,209.26241134751774,891,0.0,116.72615039281706,891,0.0,117.07744107744108,2247,1073,41692420,186.8983941078186,fdb44bd
sfl_tilt,1210,215040,282,0.031914893617021274,243.2340425531915,891,0.0,121.01683501683502,891,0.0,120.45117845117845,2247,1073,41692420,186.8983941078186,fdb44bd
sfl_tilt,1210,245760,282,0.05673758865248227,233.18794326241135,891,0.001122334455667789,129.00897867564535,891,0.0,129.17845117845118,2247,1073,41692420,186.8983941078186,fdb44bd
sfl_tilt,1210,276480,282,0.07092198581560284,261.87943262411346,891,0.0,124.61279461279462,891,0.0,123.5016835016835,2247,1073,41692420,186.8983941078186,fdb44bd
sfl_tilt,1210,307200,282,0.5177304964539007,424.468085106383,891,0.001122334455667789,167.68013468013467,891,0.002244668911335578,161.2435465768799,2247,1073,41692420,186.8983941078186,fdb44bd
DR,1214,0,282,0.0,85.69148936170212,891,0.0,55.68125701459035,891,0.0,54.92368125701459,1966,0,0,25.79837703704834,fdb44bd
DR,1214,30720,282,0.1099290780141844,254.2304964539007,891,0.0,107.43771043771044,891,0.0,107.0695847362514,1966,0,0,25.79837703704834,fdb44bd
DR,1214,61440,282,0.12411347517730496,280.8900709219858,891,0.0,118.60044893378226,891,0.0,117.56677890011224,1966,0,0,25.79837703704834,fdb44bd
DR,1214,92160,282,0.07446808510638298,256.4078014184397,891,0.0,124.24915824915826,891,0.0,123.58249158249158,1966,0,0,25.79837703704834,fdb44bd
DR,1214,122880,282,0.26595744680851063,351.65248226950354,891,0.0,148.8956228956229,891,0.0,147.53198653198652,1966,0,0,25.79837703704834,fdb44bd
DR,1214,153600,282,0.9609929078014184,491.4574468085106,891,0.5970819304152637,336.9584736251403,891,0.5701459034792368,326.37149270482604,1966,0,0,25.79837703704834,fdb44bd
DR,1214,184320,282,0.10283687943262411,235.77304964539007,891,0.0,102.51851851851852,891,0.0,102.19416386083053,1966,0,0,25.79837703704834,fdb44bd
DR,1214,215040,282,0.36879432624113473,385.57092198581563,891,0.3569023569023569,284.5679012345679,891,0.3367003367003367,278.2053872053872,1966,0,0,25.79837703704834,fdb44bd
DR,1214,245760,282,0.02127659574468085,167.24113475177305,891,0.002244668911335578,122.87429854096521,891,0.004489337822671156,122.22222222222223,1966,0,0,25.79837703704834,fdb44bd
DR,1214,276480,282,0.2127659574468085,349.15602836879435,891,0.0,127.72278338945006,891,0.0,120.7598204264871,1966,0,0,25.79837703704834,fdb44bd
DR,1214,307200,282,0.6028368794326241,450.49645390070924,891,0.0,117.29405162738496,891,0.0,112.98765432098766,1966,0,0,25.79837703704834,fdb44bd
DR,1215,0,282,0.0,44.0531914893617,891,0.0,19.946127946127945,891,0.0,19.915824915824917,2139,0,0,36.884344816207886,fdb44bd
DR,1215,30720,282,0.1276595744680851,268.13829787234044,891,0.0,110.6969696969697,891,0.0,109.93265993265993,2139,0,0,36.884344816207886,fdb44bd
DR,1215,61440,282,0.11347517730496454,279.00354609929076,891,0.0,122.74523007856341,891,0.0,122.0314253647587,2139,0,0,36.884344816207886,fdb44bd
DR,1215,92160,282,0.05673758865248227,233.7304964539007,891,0.0,117.21099887766555,891,0.0,116.44332210998877,2139,0,0,36.884344816207886,fdb44bd
DR,1215,122880,282,0.8829787234042553,485.1063829787234,891,0.2671156004489338,297.39842873176207,891,0.27946127946127947,296.3063973063973,2139,0,0,36.884344816207886,fdb44bd
DR,1215,153600,282,0.0035460992907801418,192.67021276595744,891,0.04601571268237935,249.68350168350167,891,0.03479236812570146,246.46240179573513,2139,0,0,36.884344816207886,fdb44bd
DR,1215,184320,282,0.8900709219858156,472.7340425531915,891,0.5420875420875421,314.9337822671156,891,0.5263748597081931,310.21436588103256,2139,0,0,36.884344816207886,fdb44bd
DR,1215,215040,282,0.13829787234042554,299.9574468085106,891,0.04938271604938271,192.21661054994388,891,0.052749719416386086,188.35353535353536,2139,0,0,36.884344816207886,fdb44bd
DR,1215,245760,282,0.02127659574468085,166.95035460992906,891,0.0,109.10213243546576,891,0.0,108.07182940516275,2139,0,0,36.884344816207886,fdb44bd
DR,1215,276480,282,0.010638297872340425,174.645390070922,891,0.0,110.58249158249158,891,0.0,109.79349046015713,2139,0,0,36.884344816207886,fdb44bd
DR,1215,307200,282,0.014184397163120567,177.65602836879432,891,0.0,122.09203142536475,891,0.0,120.65432098765432,2139,0,0,36.884344816207886,fdb44bd
sfl_tilt,1211,0,282,0.0,14.72695035460993,891,0.0,24.549943883277216,891,0.0,25.2682379349046,1994,976,49603321,200.8569827079773,fdb44bd
sfl_tilt,1211,30720,282,0.10283687943262411,269.5248226950355,891,0.0,110.64646464646465,891,0.0,109.79012345679013,1994,976,49603321,200.8569827079773,fdb44bd
sfl_tilt,1211,61440,282,0.10638297872340426,268.0390070921986,891,0.0,113.53086419753086,891,0.0,112.79461279461279,1994,976,49603321,200.8569827079773,fdb44bd
sfl_tilt,1211,92160,282,0.37943262411347517,430.02836879432624,891,0.2951739618406285,268.86531986531986,891,0.28170594837261503,263.6475869809203,1994,976,49603321,200.8569827079773,fdb44bd
sfl_tilt,1211,122880,282,0.04964539007092199,281.48936170212767,891,0.08754208754208755,199.7149270482604,891,0.0718294051627385,189.38945005611671,1994,976,49603321,200.8569827079773,fdb44bd
sfl_tilt,1211,153600,282,0.04609929078014184,248.9964539007092,891,0.058361391694725026,187.84848484848484,891,0.04601571268237935,183.01683501683502,1994,976,49603321,200.8569827079773,fdb44bd
sfl_tilt,1211,184320,282,0.3617021276595745,385.35460992907804,891,0.002244668911335578,161.35914702581368,891,0.005611672278338945,157.50617283950618,1994,976,49603321,200.8569827079773,fdb44bd
sfl_tilt,1211,215040,282,0.3120567375886525,373.209219858156,891,0.0,141.12233445566778,891,0.0,139.69809203142538,1994,976,49603321,200.8569827079773,fdb44bd
sfl_tilt,1211,245760,282,0.5319148936170213,425.5354609929078,891,0.0,160.48709315375982,891,0.0,158.5712682379349,1994,976,49603321,200.8569827079773,fdb44bd
sfl_tilt,1211,276480,282,0.06028368794326241,240.08156028368793,891,0.0,117.68911335578002,891,0.0,116.9719416386083,1994,976,49603321,200.8569827079773,fdb44bd
sfl_tilt,1211,307200,282,0.04964539007092199,250.79787234042553,891,0.007856341189674524,132.15600448933782,891,0.005611672278338945,126.48821548821549,1994,976,49603321,200.8569827079773,fdb44bd
DR,1216,0,282,0.0,39.93262411347518,891,0.0,20.50280583613917,891,0.0,20.445566778900112,1700,0,0,30.731520175933838,fdb44bd
DR,1216,30720,282,0.0425531914893617,204.3581560283688,891,0.0,98.45117845117845,891,0.0,98.09876543209876,1700,0,0,30.731520175933838,fdb44bd
DR,1216,61440,282,0.24468085106382978,335.8723404255319,891,0.001122334455667789,157.1537598204265,891,0.002244668911335578,155.04713804713805,1700,0,0,30.731520175933838,fdb44bd
DR,1216,92160,282,0.5035460992907801,436.3191489361702,891,0.4511784511784512,348.8181818181818,891,0.44219977553310885,343.32547699214365,1700,0,0,30.731520175933838,fdb44bd
DR,1216,122880,282,0.35106382978723405,373.07092198581563,891,0.001122334455667789,142.5813692480359,891,0.001122334455667789,141.30751964085297,1700,0,0,30.731520175933838,fdb44bd
DR,1216,153600,282,0.32269503546099293,425.5248226950355,891,0.017957351290684626,144.61167227833894,891,0.02244668911335578,145.30078563411897,1700,0,0,30.731520175933838,fdb44bd
DR,1216,184320,282,0.723404255319149,466.47163120567376,891,0.4624017957351291,347.23120089786755,891,0.4556677890011223,343.06509539842875,1700,0,0,30.731520175933838,fdb44bd
DR,1216,215040,282,0.5815602836879432,426.5496453900709,891,0.012345679012345678,191.21099887766553,891,0.01122334455667789,188.49943883277217,1700,0,0,30.731520175933838,fdb44bd
DR,1216,245760,282,0.6170212765957447,445.8936170212766,891,0.005611672278338945,216.01795735129068,891,0.005611672278338945,215.47586980920315,1700,0,0,30.731520175933838,fdb44bd
DR,1216,276480,282,0.2624113475177305,349.86524822695037,891,0.001122334455667789,145.9124579124579,891,0.0,145.23232323232324,1700,0,0,30.731520175933838,fdb44bd
DR,1216,307200,282,0.06382978723404255,255.23758865248226,891,0.0,114.06734006734007,891,0.0,111.68125701459034,1700,0,0,30.731520175933838,fdb44bd
sfl_tilt,1212,0,282,0.0,11.645390070921986,891,0.0,27.61391694725028,891,0.0,27.105499438832773,1885,921,55309071,185.78968906402588,fdb44bd
sfl_tilt,1212,30720,282,0.425531914893617,379.28723404255317,891,0.0,155.4769921436588,891,0.0,153.33333333333334,1885,921,55309071,185.78968906402588,fdb44bd
sfl_tilt,1212,61440,282,0.0425531914893617,222.15602836879432,891,0.0,109.73737373737374,891,0.0,109.14927048260381,1885,921,55309071,185.78968906402588,fdb44bd
sfl_tilt,1212,92160,282,0.34397163120567376,390.36879432624113,891,0.0,143.62850729517396,891,0.001122334455667789,139.41638608305274,1885,921,55309071,185.78968906402588,fdb44bd
sfl_tilt,1212,122880,282,0.12056737588652482,297.39716312056737,891,0.0,132.15600448933782,891,0.0,130.99102132435465,1885,921,55309071,185.78968906402588,fdb44bd
sfl_tilt,1212,153600,282,0.10638297872340426,296.36524822695037,891,0.0,114.79910213243546,891,0.0,115.49943883277217,1885,921,55309071,185.78968906402588,fdb44bd
sfl_tilt,1212,184320,282,0.5354609929078015,432.1950354609929,891,0.017957351290684626,147.1470258136925,891,0.012345679012345678,144.3905723905724,1885,921,55309071,185.78968906402588,fdb44bd
sfl_tilt,1212,215040,282,0.06028368794326241,230.38297872340425,891,0.001122334455667789,135.78002244668912,891,0.005611672278338945,135.07856341189674,1885,921,55309071,185.78968906402588,fdb44bd
sfl_tilt,1212,245760,282,0.5673758865248227,440.3191489361702,891,0.005611672278338945,179.43771043771045,891,0.004489337822671156,175.20987654320987,1885,921,55309071,185.78968906402588,fdb44bd
sfl_tilt,1212,276480,282,0.9574468085106383,490.70567375886526,891,0.48709315375982043,309.90460157126824,891,0.48484848484848486,306.6408529741863,1885,921,55309071,185.78968906402588,fdb44bd
sfl_tilt,1212,307200,282,0.5709219858156028,393.6099290780142,891,0.02244668911335578,176.6307519640853,891,0.019079685746352413,173.49607182940517,1885,921,55309071,185.78968906402588,fdb44bd
DR,1217,0,282,0.18085106382978725,105.00709219858156,891,0.002244668911335578,50.260381593714925,891,0.001122334455667789,50.447811447811446,1790,0,0,36.592931032180786,fdb44bd
DR,1217,30720,282,0.2375886524822695,298.79787234042556,891,0.001122334455667789,108.90460157126824,891,0.0,106.95061728395062,1790,0,0,36.592931032180786,fdb44bd
DR,1217,61440,282,0.09219858156028368,282.7836879432624,891,0.0,126.02581369248036,891,0.0,125.17283950617283,1790,0,0,36.592931032180786,fdb44bd
DR,1217,92160,282,0.2127659574468085,343.7836879432624,891,0.007856341189674524,190.43771043771045,891,0.012345679012345678,187.6094276094276,1790,0,0,36.592931032180786,fdb44bd
DR,1217,122880,282,0.1702127659574468,323.1099290780142,891,0.0,128.35016835016836,891,0.0,127.31762065095398,1790,0,0,36.592931032180786,fdb44bd
DR,1217,153600,282,0.975177304964539,495.8829787234043,891,0.8843995510662177,468.84511784511784,891,0.8787878787878788,463.13468013468014,1790,0,0,36.592931032180786,fdb44bd
DR,1217,184320,282,0.06028368794326241,249.5886524822695,891,0.003367003367003367,146.010101010101,891,0.002244668911335578,145.25589225589226,1790,0,0,36.592931032180786,fdb44bd
DR,1217,215040,282,0.1099290780141844,284.4255319148936,891,0.0,123.41750841750842,891,0.0,122.72839506172839,1790,0,0,36.592931032180786,fdb44bd
DR,1217,245760,282,0.425531914893617,416.60283687943263,891,0.002244668911335578,122.39618406285074,891,0.005611672278338945,124.76543209876543,1790,0,0,36.592931032180786,fdb44bd
DR,1217,276480,282,0.9432624113475178,491.6737588652482,891,0.43209876543209874,398.347923681257,891,0.43209876543209874,395.68911335578,1790,0,0,36.592931032180786,fdb44bd
DR,1217,307200,282,0.20921985815602837,350.6737588652482,891,0.33221099887766553,237.4006734006734,891,0.33108866442199775,236.90684624017956,1790,0,0,36.592931032180786,fdb44bd
DR,1218,0,282,0.031914893617021274,235.9255319148936,891,0.0,103.85634118967452,891,0.0,100.68911335578002,2066,0,0,21.108665943145752,fdb44bd
DR,1218,30720,282,0.7056737588652482,450.0496453900709,891,0.016835016835016835,241.89113355780023,891,0.015712682379349047,237.26150392817058,2066,0,0,21.108665943145752,fdb44bd
DR,1218,61440,282,0.975177304964539,493.13475177304963,891,0.6475869809203143,358.996632996633,891,0.6374859708193041,353.2693602693603,2066,0,0,21.108665943145752,fdb44bd
DR,1218,92160,282,0.03900709219858156,220.45744680851064,891,0.0,109.87317620650954,891,0.0,109.27160493827161,2066,0,0,21.108665943145752,fdb44bd
DR,1218,122880,282,0.03900709219858156,237.7340425531915,891,0.04713804713804714,174.4354657687991,891,0.030303030303030304,168.4915824915825,2066,0,0,21.108665943145752,fdb44bd
DR,1218,153600,282,0.10283687943262411,288.9751773049645,891,0.001122334455667789,127.97418630751964,891,0.0,127.03030303030303,2066,0,0,21.108665943145752,fdb44bd
DR,1218,184320,282,0.024822695035460994,208.05673758865248,891,0.001122334455667789,106.8361391694725,891,0.0,105.9786756453423,2066,0,0,21.108665943145752,fdb44bd
DR,1218,215040,282,0.10638297872340426,293.3404255319149,891,0.002244668911335578,138.13804713804714,891,0.001122334455667789,135.44893378226712,2066,0,0,21.108665943145752,fdb44bd
DR,1218,245760,282,0.20567375886524822,316.968085106383,891,0.001122334455667789,123.76767676767676,891,0.0,122.70707070707071,2066,0,0,21.108665943145752,fdb44bd
DR,1218,276480,282,0.12411347517730496,290.32978723404256,891,0.0,130.52749719416386,891,0.0,130.7115600448934,2066,0,0,21.108665943145752,fdb44bd
DR,1218,307200,282,0.2872340425531915,354.61347517730496,891,0.0,144.11335578002246,891,0.0,142.65656565656565,2066,0,0,21.108665943145752,fdb44bd
sfl_tilt,1213,0,282,0.425531914893617,255.51418439716312,891,0.0,48.61952861952862,891,0.0,49.072951739618404,2040,966,43057465,170.0508689880371,040a11f
sfl_tilt,1213,30720,282,0.07092198581560284,258.36524822695037,891,0.0,129.9652076318743,891,0.0,128.658810325477,2040,966,43057465,170.0508689880371,040a11f
sfl_tilt,1213,61440,282,0.09929078014184398,249.06382978723406,891,0.0,131.99551066217734,891,0.0,130.4320987654321,2040,966,43057465,170.0508689880371,040a11f
sfl_tilt,1213,92160,282,0.0851063829787234,251.0744680851064,891,0.0,111.70258136924804,891,0.0,111.08417508417509,2040,966,43057465,170.0508689880371,040a11f
sfl_tilt,1213,122880,282,0.03900709219858156,209.47517730496455,891,0.03591470258136925,145.17620650953984,891,0.02244668911335578,141.12682379349047,2040,966,43057465,170.0508689880371,040a11f
sfl_tilt,1213,153600,282,0.14893617021276595,348.28723404255317,891,0.45454545454545453,300.631874298541,891,0.4500561167227834,297.4298540965208,2040,966,43057465,170.0508689880371,040a11f
sfl_tilt,1213,184320,282,0.031914893617021274,220.90070921985816,891,0.0,122.47811447811448,891,0.0,121.01683501683502,2040,966,43057465,170.0508689880371,040a11f
sfl_tilt,1213,215040,282,0.1702127659574468,319.6950354609929,891,0.0,139.09652076318744,891,0.0,138.21997755331088,2040,966,43057465,170.0508689880371,040a11f
sfl_tilt,1213,245760,282,0.07801418439716312,262.50354609929076,891,0.0,124.6902356902357,891,0.0,124.05387205387206,2040,966,43057465,170.0508689880371,040a11f
sfl_tilt,1213,276480,282,0.15602836879432624,315.68794326241135,891,0.0,134.1257014590348,891,0.0,133.32547699214365,2040,966,43057465,170.0508689880371,040a11f
sfl_tilt,1213,307200,282,0.46099290780141844,415.24468085106383,891,0.001122334455667789,160.06509539842872,891,0.0,159.02356902356902,2040,966,43057465,170.0508689880371,040a11f
sfl_tilt,1214,0,282,0.0,11.879432624113475,891,0.0,27.735129068462403,891,0.0,27.341189674523008,1887,922,55763723,167.74685287475586,040a11f
sfl_tilt,1214,30720,282,0.09929078014184398,210.9787234042553,891,0.0,94.80583613916947,891,0.0,94.53759820426487,1887,922,55763723,167.74685287475586,040a11f
sfl_tilt,1214,61440,282,0.024822695035460994,177.74468085106383,891,0.0,94.65319865319866,891,0.0,94.45230078563412,1887,922,55763723,167.74685287475586,040a11f
sfl_tilt,1214,92160,282,0.21631205673758866,316.5567375886525,891,0.001122334455667789,124.94612794612794,891,0.003367003367003367,122.98989898989899,1887,922,55763723,167.74685287475586,040a11f
sfl_tilt,1214,122880,282,0.05673758865248227,221.07801418439718,891,0.0,107.76206509539843,891,0.0,107.17508417508418,1887,922,55763723,167.74685287475586,040a11f
sfl_tilt,1214,153600,282,0.03546099290780142,209.2340425531915,891,0.0,116.31649831649831,891,0.0,115.71717171717172,1887,922,55763723,167.74685287475586,040a11f
sfl_tilt,1214,184320,282,0.13829787234042554,295.6843971631206,891,0.001122334455667789,129.33894500561166,891,0.0,128.22222222222223,1887,922,55763723,167.74685287475586,040a11f
sfl_tilt,1214,215040,282,0.4397163120567376,404.0425531914894,891,0.008978675645342313,185.82716049382717,891,0.010101010101010102,183.31313131313132,1887,922,55763723,167.74685287475586,040a11f
sfl_tilt,1214,245760,282,0.8262411347517731,469.8723404255319,891,0.7396184062850729,397.41975308641975,891,0.7037037037037037,384.7317620650954,1887,922,55763723,167.74685287475586,040a11f
sfl_tilt,1214,276480,282,0.9929078014184397,496.9148936170213,891,0.15488215488215487,136.11784511784512,891,0.16835016835016836,141.49719416386083,1887,922,55763723,167.74685287475586,040a11f
sfl_tilt,1214,307200,282,0.9716312056737588,493.92198581560285,891,0.031425364758698095,75.76543209876543,891,0.04040404040404041,79.79349046015713,1887,922,55763723,167.74685287475586,040a11f
DR,1219,0,282,0.0,15.620567375886525,891,0.0,41.295173961840625,891,0.0,41.7665544332211,1823,0,0,18.552307844161987,040a11f
DR,1219,30720,282,0.1099290780141844,263.10283687943263,891,0.0,108.33221099887767,891,0.0,107.68686868686869,1823,0,0,18.552307844161987,040a11f
DR,1219,61440,282,0.028368794326241134,193.36170212765958,891,0.0,98.58361391694724,891,0.0,98.15488215488216,1823,0,0,18.552307844161987,040a11f
DR,1219,92160,282,0.12056737588652482,280.60283687943263,891,0.0,115.77441077441077,891,0.0,115.04601571268238,1823,0,0,18.552307844161987,040a11f
DR,1219,122880,282,0.11347517730496454,282.93971631205676,891,0.0,120.19977553310886,891,0.0,119.38720538720538,1823,0,0,18.552307844161987,040a11f
DR,1219,153600,282,0.20567375886524822,334.89716312056737,891,0.004489337822671156,177.2334455667789,891,0.003367003367003367,176.1077441077441,1823,0,0,18.552307844161987,040a11f
DR,1219,184320,282,0.6382978723404256,442.51063829787233,891,0.004489337822671156,208.51402918069584,891,0.001122334455667789,205.19304152637486,1823,0,0,18.552307844161987,040a11f
DR,1219,215040,282,0.7375886524822695,463.57092198581563,891,0.6139169472502806,347.07856341189677,891,0.6071829405162739,344.52749719416386,1823,0,0,18.552307844161987,040a11f
DR,1219,245760,282,0.5460992907801419,401.0567375886525,891,0.31986531986531985,236.8507295173962,891,0.2962962962962963,226.99551066217734,1823,0,0,18.552307844161987,040a11f
DR,1219,276480,282,0.975177304964539,494.01063829787233,891,0.6689113355780022,366.20763187429856,891,0.6430976430976431,355.97081930415266,1823,0,0,18.552307844161987,040a11f
DR,1219,307200,282,0.48226950354609927,398.56382978723406,891,0.012345679012345678,172.6969696969697,891,0.014590347923681257,169.3860830527497,1823,0,0,18.552307844161987,040a11f
sfl_tilt,1215,0,282,0.0,13.039007092198581,891,0.0,26.484848484848484,891,0.0,27.25925925925926,1973,1005,49946736,160.5340747833252,040a11f
sfl_tilt,1215,30720,282,0.14893617021276595,280.7836879432624,891,0.0,110.19304152637486,891,0.0,109.3658810325477,1973,1005,49946736,160.5340747833252,040a11f
sfl_tilt,1215,61440,282,0.18085106382978725,282.468085106383,891,0.0,108.60830527497194,891,0.0,107.89113355780023,1973,1005,49946736,160.5340747833252,040a11f
sfl_tilt,1215,92160,282,0.024822695035460994,204.18085106382978,891,0.0,105.91021324354658,891,0.0,105.37037037037037,1973,1005,49946736,160.5340747833252,040a11f
sfl_tilt,1215,122880,282,0.028368794326241134,219.40425531914894,891,0.0,112.2581369248036,891,0.0,111.80359147025814,1973,1005,49946736,160.5340747833252,040a11f
sfl_tilt,1215,153600,282,0.06382978723404255,253.79787234042553,891,0.004489337822671156,145.79573512906848,891,0.002244668911335578,144.6307519640853,1973,1005,49946736,160.5340747833252,040a11f
sfl_tilt,1215,184320,282,0.3049645390070922,372.0390070921986,891,0.002244668911335578,168.87317620650953,891,0.002244668911335578,167.21099887766553,1973,1005,49946736,160.5340747833252,040a11f
sfl_tilt,1215,215040,282,0.24113475177304963,356.13475177304963,891,0.006734006734006734,169.13804713804714,891,0.006734006734006734,167.58922558922558,1973,1005,49946736,160.5340747833252,040a11f
sfl_tilt,1215,245760,282,0.1099290780141844,289.5390070921986,891,0.001122334455667789,139.1952861952862,891,0.0,137.9438832772166,1973,1005,49946736,160.5340747833252,040a11f
sfl_tilt,1215,276480,282,0.9858156028368794,496.3510638297872,891,0.8540965207631874,442.00561167227835,891,0.8282828282828283,431.56902356902356,1973,1005,49946736,160.5340747833252,040a11f
sfl_tilt,1215,307200,282,0.03900709219858156,197.35106382978722,891,0.0,110.73288439955107,891,0.0,110.00561167227833,1973,1005,49946736,160.5340747833252,040a11f
DR,1220,0,282,0.010638297872340425,125.68085106382979,891,0.0,66.38159371492705,891,0.0,65.5679012345679,1895,0,0,17.93571400642395,040a11f
DR,1220,30720,282,0.06028368794326241,233.25177304964538,891,0.0,102.04264870931537,891,0.0,101.50841750841751,1895,0,0,17.93571400642395,040a11f
DR,1220,61440,282,0.04609929078014184,221.39007092198582,891,0.0,101.54096520763187,891,0.0,101.08417508417509,1895,0,0,17.93571400642395,040a11f
DR,1220,92160,282,0.03900709219858156,215.36170212765958,891,0.0,106.9236812570146,891,0.0,106.3973063973064,1895,0,0,17.93571400642395,040a11f
DR,1220,122880,282,0.22695035460992907,353.3333333333333,891,0.0,143.15600448933782,891,0.0,141.8742985409652,1895,0,0,17.93571400642395,040a11f
DR,1220,153600,282,0.04609929078014184,223.15602836879432,891,0.0,113.95510662177328,891,0.0,113.22558922558923,1895,0,0,17.93571400642395,040a11f
DR,1220,184320,282,0.975177304964539,495.5851063829787,891,0.7508417508417509,399.02918069584734,891,0.7463524130190797,397.17171717171715,1895,0,0,17.93571400642395,040a11f
DR,1220,215040,282,0.10283687943262411,298.1808510638298,891,0.0,132.77104377104376,891,0.0,131.0482603815937,1895,0,0,17.93571400642395,040a11f
DR,1220,245760,282,0.9716312056737588,497.3900709219858,891,0.20089786756453423,248.4983164983165,891,0.1829405162738496,240.76879910213245,1895,0,0,17.93571400642395,040a11f
DR,1220,276480,282,0.9858156028368794,497.8404255319149,891,0.9102132435465768,464.712682379349,891,0.9057239057239057,462.2390572390572,1895,0,0,17.93571400642395,040a11f
DR,1220,307200,282,0.9858156028368794,498.9432624113475,891,0.8720538720538721,450.0684624017957,891,0.8619528619528619,447.3658810325477,1895,0,0,17.93571400642395,040a11f
sfl_tilt,1216,0,282,0.0,11.47872340425532,891,0.0,13.52300785634119,891,0.0,12.924803591470258,2006,986,45771681,144.9324688911438,040a11f
sfl_tilt,1216,30720,282,0.04609929078014184,210.79787234042553,891,0.0,102.35465768799102,891,0.0,101.88552188552188,2006,986,45771681,144.9324688911438,040a11f
sfl_tilt,1216,61440,282,0.04964539007092199,235.41489361702128,891,0.0,125.31986531986531,891,0.0,124.27609427609427,2006,986,45771681,144.9324688911438,040a11f
sfl_tilt,1216,92160,282,0.24822695035460993,339.4751773049645,891,0.001122334455667789,163.63860830527497,891,0.001122334455667789,161.60830527497194,2006,986,45771681,144.9324688911438,040a11f
sfl_tilt,1216,122880,282,0.04609929078014184,221.22695035460993,891,0.0,128.31649831649833,891,0.0,127.68350168350169,2006,986,45771681,144.9324688911438,040a11f
sfl_tilt,1216,153600,282,0.18085106382978725,294.52836879432624,891,0.0,116.54208754208754,891,0.001122334455667789,116.02581369248036,2006,986,45771681,144.9324688911438,040a11f
sfl_tilt,1216,184320,282,0.06028368794326241,251.27659574468086,891,0.002244668911335578,140.0448933782267,891,0.003367003367003367,140.7946127946128,2006,986,45771681,144.9324688911438,040a11f
sfl_tilt,1216,215040,282,0.03546099290780142,190.67375886524823,891,0.0,109.78338945005612,891,0.0,109.28282828282828,2006,986,45771681,144.9324688911438,040a11f
sfl_tilt,1216,245760,282,0.03546099290780142,203.10992907801418,891,0.010101010101010102,141.86307519640852,891,0.010101010101010102,140.53872053872053,2006,986,45771681,144.9324688911438,040a11f
sfl_tilt,1216,276480,282,0.8297872340425532,479.531914893617,891,0.08417508417508418,180.37822671156005,891,0.06734006734006734,169.01234567901236,2006,986,45771681,144.9324688911438,040a11f
sfl_tilt,1216,307200,282,0.9787234042553191,496.22340425531917,891,0.8877665544332211,454.41975308641975,891,0.8731762065095399,448.8069584736251,2006,986,45771681,144.9324688911438,040a11f
DR,1221,0,282,0.0,23.75886524822695,891,0.0,12.815937149270482,891,0.0,12.72053872053872,2121,0,0,17.669259071350098,040a11f
DR,1221,30720,282,0.10638297872340426,263.01418439716315,891,0.03479236812570146,157.84848484848484,891,0.019079685746352413,153.8058361391695,2121,0,0,17.669259071350098,040a11f
DR,1221,61440,282,0.3475177304964539,392.38652482269504,891,0.0,176.68013468013467,891,0.0,175.7216610549944,2121,0,0,17.669259071350098,040a11f
DR,1221,92160,282,0.07092198581560284,255.19148936170214,891,0.0,128.45454545454547,891,0.002244668911335578,127.54096520763187,2121,0,0,17.669259071350098,040a11f
DR,1221,122880,282,0.12411347517730496,292.1063829787234,891,0.0,134.94163860830528,891,0.0,134.19753086419752,2121,0,0,17.669259071350098,040a11f
DR,1221,153600,282,0.0425531914893617,219.18794326241135,891,0.0,117.67003367003367,891,0.0,116.74635241301908,2121,0,0,17.669259071350098,040a11f
DR,1221,184320,282,0.07092198581560284,226.03546099290782,891,0.0,105.04040404040404,891,0.0,104.61728395061728,2121,0,0,17.669259071350098,040a11f
DR,1221,215040,282,0.010638297872340425,180.354609929078,891,0.0,107.38608305274973,891,0.0,106.98204264870931,2121,0,0,17.669259071350098,040a11f
DR,1221,245760,282,0.05319148936170213,237.13829787234042,891,0.0,124.67789001122334,891,0.0,123.52525252525253,2121,0,0,17.669259071350098,040a11f
DR,1221,276480,282,0.031914893617021274,205.0886524822695,891,0.0,110.38159371492705,891,0.0,109.87429854096521,2121,0,0,17.669259071350098,040a11f
DR,1221,307200,282,0.9893617021276596,498.6170212765957,891,0.4489337822671156,269.2390572390572,891,0.4377104377104377,262.8821548821549,2121,0,0,17.669259071350098,040a11f
DR,1222,0,282,0.0,32.53900709219858,891,0.0,18.83164983164983,891,0.0,18.855218855218855,1703,0,0,21.85642409324646,040a11f
DR,1222,30720,282,0.1524822695035461,288.78014184397165,891,0.0,124.72278338945006,891,0.0,123.55667789001123,1703,0,0,21.85642409324646,040a11f
DR,1222,61440,282,0.3475177304964539,417.4929078014184,891,0.45454545454545453,333.7721661054994,891,0.45791245791245794,333.3860830527497,1703,0,0,21.85642409324646,040a11f
DR,1222,92160,282,0.2695035460992908,381.1489361702128,891,0.07631874298540965,233.01907968574636,891,0.07519640852974187,230.31874298540964,1703,0,0,21.85642409324646,040a11f
DR,1222,122880,282,0.2127659574468085,313.47163120567376,891,0.0,127.76430976430976,891,0.002244668911335578,126.39506172839506,1703,0,0,21.85642409324646,040a11f
DR,1222,153600,282,0.6843971631205674,459.65602836879435,891,0.4332210998877666,333.043771043771,891,0.43658810325476993,330.36700336700335,1703,0,0,21.85642409324646,040a11f
DR,1222,184320,282,0.9822695035460993,496.9822695035461,891,0.30303030303030304,204.5780022446689,891,0.2951739618406285,199.81032547699215,1703,0,0,21.85642409324646,040a11f
DR,1222,215040,282,0.9326241134751773,470.1737588652482,891,0.002244668911335578,55.445566778900115,891,0.0,54.9685746352413,1703,0,0,21.85642409324646,040a11f
DR,1222,245760,282,0.9787234042553191,492.531914893617,891,0.01122334455667789,68.22334455667789,891,0.013468013468013467,68.996632996633,1703,0,0,21.85642409324646,040a11f
DR,1222,276480,282,0.8936170212765957,482.1914893617021,891,0.7295173961840629,392.80808080808083,891,0.7227833894500562,389.70258136924804,1703,0,0,21.85642409324646,040a11f
DR,1222,307200,282,0.024822695035460994,186.25886524822695,891,0.001122334455667789,111.34680134680134,891,0.002244668911335578,111.0763187429854,1703,0,0,21.85642409324646,040a11f
sfl_tilt,1217,0,282,0.07092198581560284,65.49645390070921,891,0.0,43.4040404040404,891,0.0,43.841750841750844,1897,908,53325277,122.5127580165863,040a11f
sfl_tilt,1217,30720,282,0.03900709219858156,222.29432624113474,891,0.0,108.06846240179574,891,0.0,107.29854096520764,1897,908,53325277,122.5127580165863,040a11f
sfl_tilt,1217,61440,282,0.16312056737588654,345.47872340425533,891,0.015712682379349047,181.53535353535352,891,0.012345679012345678,175.996632996633,1897,908,53325277,122.5127580165863,040a11f
sfl_tilt,1217,92160,282,0.05319148936170213,220.95744680851064,891,0.0,103.85185185185185,891,0.0,103.42760942760943,1897,908,53325277,122.5127580165863,040a11f
sfl_tilt,1217,122880,282,0.1099290780141844,301.13120567375887,891,0.02356902356902357,198.86644219977552,891,0.029180695847362513,196.46464646464648,1897,908,53325277,122.5127580165863,040a11f
sfl_tilt,1217,153600,282,0.03546099290780142,186.67730496453902,891,0.001122334455667789,124.51290684624018,891,0.0,122.88888888888889,1897,908,53325277,122.5127580165863,040a11f
sfl_tilt,1217,184320,282,0.028368794326241134,187.85106382978722,891,0.0,111.26262626262626,891,0.0,110.42087542087542,1897,908,53325277,122.5127580165863,040a11f
sfl_tilt,1217,215040,282,0.04964539007092199,235.7304964539007,891,0.0,119.0662177328844,891,0.0,118.27272727272727,1897,908,53325277,122.5127580165863,040a11f
sfl_tilt,1217,245760,282,0.7907801418439716,478.8581560283688,891,0.0,66.05836139169473,891,0.0,67.63973063973064,1897,908,53325277,122.5127580165863,040a11f
sfl_tilt,1217,276480,282,0.6312056737588653,456.0531914893617,891,0.34231200897867564,306.1975308641975,891,0.33221099887766553,300.361391694725,1897,908,53325277,122.5127580165863,040a11f
sfl_tilt,1217,307200,282,0.9822695035460993,498.13120567375887,891,0.8933782267115601,458.14590347923684,891,0.8799102132435466,452.07182940516276,1897,908,53325277,122.5127580165863,040a11f
DR,1223,0,282,0.0,60.06737588652482,891,0.0,36.509539842873174,891,0.0,35.008978675645345,2224,0,0,29.273441791534424,040a11f
DR,1223,30720,282,0.031914893617021274,185.74822695035462,891,0.0,97.84399551066218,891,0.0,97.55667789001123,2224,0,0,29.273441791534424,040a11f
DR,1223,61440,282,0.06382978723404255,233.85106382978722,891,0.0,107.98092031425365,891,0.0,107.38496071829405,2224,0,0,29.273441791534424,040a11f
DR,1223,92160,282,0.08865248226950355,249.81560283687944,891,0.0,126.57239057239057,891,0.0,125.39955106621774,2224,0,0,29.273441791534424,040a11f
DR,1223,122880,282,0.05673758865248227,201.69858156028369,891,0.0,102.11560044893378,891,0.0,101.98204264870931,2224,0,0,29.273441791534424,040a11f
DR,1223,153600,282,0.028368794326241134,200.65602836879432,891,0.0,121.36475869809203,891,0.0,120.3591470258137,2224,0,0,29.273441791534424,040a11f
DR,1223,184320,282,0.10283687943262411,264.16312056737587,891,0.0,123.35353535353535,891,0.0,122.30751964085297,2224,0,0,29.273441791534424,040a11f
DR,1223,215040,282,0.0851063829787234,258.968085106383,891,0.0,116.99214365881032,891,0.0,116.17283950617283,2224,0,0,29.273441791534424,040a11f
DR,1223,245760,282,0.04609929078014184,248.93262411347519,891,0.02244668911335578,161.7149270482604,891,0.03254769921436588,161.34792368125702,2224,0,0,29.273441791534424,040a11f
DR,1223,276480,282,0.03546099290780142,206.38297872340425,891,0.001122334455667789,129.75196408529743,891,0.003367003367003367,131.25813692480358,2224,0,0,29.273441791534424,040a11f
DR,1223,307200,282,0.7907801418439716,476.0851063829787,891,0.008978675645342313,81.12682379349046,891,0.002244668911335578,83.9236812570146,2224,0,0,29.273441791534424,040a11f
sfl_tilt,1218,0,282,0.0070921985815602835,110.85460992907801,891,0.0,53.397306397306394,891,0.0,53.32210998877665,1873,921,54160167,129.57857513427734,040a11f
sfl_tilt,1218,30720,282,0.06382978723404255,228.22340425531914,891,0.0,102.8294051627385,891,0.0,102.34231200897868,1873,921,54160167,129.57857513427734,040a11f
sfl_tilt,1218,61440,282,0.05319148936170213,212.3581560283688,891,0.0,118.42760942760943,891,0.0,117.35241301907969,1873,921,54160167,129.57857513427734,040a11f
sfl_tilt,1218,92160,282,0.02127659574468085,202.60992907801418,891,0.0,105.31425364758698,891,0.0,104.77328843995511,1873,921,54160167,129.57857513427734,040a11f
sfl_tilt,1218,122880,282,0.19858156028368795,340.4148936170213,891,0.0,139.12457912457913,891,0.0,138.2783389450056,1873,921,54160167,129.57857513427734,040a11f
sfl_tilt,1218,153600,282,0.2375886524822695,327.33687943262413,891,0.0,127.02356902356902,891,0.0,125.98316498316498,1873,921,54160167,129.57857513427734,040a11f
sfl_tilt,1218,184320,282,0.1276595744680851,361.54609929078015,891,0.4332210998877666,310.95061728395063,891,0.43097643097643096,308.02918069584734,1873,921,54160167,129.57857513427734,040a11f
sfl_tilt,1218,215040,282,0.1524822695035461,307.1595744680851,891,0.001122334455667789,125.27609427609427,891,0.0,124.1705948372615,1873,921,54160167,129.57857513427734,040a11f
sfl_tilt,1218,245760,282,0.33687943262411346,400.7304964539007,891,0.11335578002244669,231.81032547699215,891,0.10886644219977554,230.06172839506172,1873,921,54160167,129.57857513427734,040a11f
sfl_tilt,1218,276480,282,0.15602836879432624,320.67021276595744,891,0.001122334455667789,149.1941638608305,891,0.004489337822671156,147.8540965207632,1873,921,54160167,129.57857513427734,040a11f
sfl_tilt,1218,307200,282,0.3971631205673759,404.42907801418437,891,0.050505050505050504,197.5084175084175,891,0.04040404040404041,194.3804713804714,1873,921,54160167,129.57857513427734,040a11f
sfl_tilt,1219,0,282,0.0035460992907801418,62.1241134751773,891,0.0,24.52637485970819,891,0.0,24.26936026936027,1838,919,56587311,131.79933285713196,040a11f
sfl_tilt,1219,30720,282,0.1702127659574468,323.9078014184397,891,0.0,137.85521885521885,891,0.0,136.08193041526374,1838,919,56587311,131.79933285713196,040a11f
sfl_tilt,1219,61440,282,0.0851063829787234,255.30851063829786,891,0.0,116.32210998877666,891,0.0,115.38608305274973,1838,919,56587311,131.79933285713196,040a11f
sfl_tilt,1219,92160,282,0.31560283687943264,327.6170212765957,891,0.0,116.7003367003367,891,0.0,115.14141414141415,1838,919,56587311,131.79933285713196,040a11f
sfl_tilt,1219,122880,282,0.024822695035460994,199.96808510638297,891,0.0,103.12570145903479,891,0.0,102.64870931537598,1838,919,56587311,131.79933285713196,040a11f
sfl_tilt,1219,153600,282,0.11702127659574468,284.2836879432624,891,0.001122334455667789,118.4287317620651,891,0.0,117.5331088664422,1838,919,56587311,131.79933285713196,040a11f
sfl_tilt,1219,184320,282,0.4858156028368794,420.4113475177305,891,0.001122334455667789,162.58361391694726,891,0.0,160.7003367003367,1838,919,56587311,131.79933285713196,040a11f
sfl_tilt,1219,215040,282,0.07446808510638298,264.79787234042556,891,0.0,130.00785634118967,891,0.0,129.02581369248037,1838,919,56587311,131.79933285713196,040a11f
sfl_tilt,1219,245760,282,0.10638297872340426,271.6808510638298,891,0.001122334455667789,112.52188552188552,891,0.0,111.62177328843995,1838,919,56587311,131.79933285713196,040a11f
sfl_tilt,1219,276480,282,0.8723404255319149,483.7730496453901,891,0.4781144781144781,351.1604938271605,891,0.4769921436588103,345.04264870931536,1838,919,56587311,131.79933285713196,040a11f
sfl_tilt,1219,307200,282,0.9858156028368794,494.6737588652482,891,0.001122334455667789,57.539842873176205,891,0.001122334455667789,57.21773288439955,1838,919,56587311,131.79933285713196,040a11f
DR,1224,0,282,0.0,46.03191489361702,891,0.0,19.098765432098766,891,0.0,18.90347923681257,1855,0,0,20.987216234207153,040a11f
DR,1224,30720,282,0.09574468085106383,270.9503546099291,891,0.0,130.14814814814815,891,0.0,129.09315375982044,1855,0,0,20.987216234207153,040a11f
DR,1224,61440,282,0.475177304964539,417.5390070921986,891,0.4556677890011223,319.50392817059486,891,0.44668911335578004,314.76430976430976,1855,0,0,20.987216234207153,040a11f
DR,1224,92160,282,0.08865248226950355,257.47872340425533,891,0.0,112.51739618406285,891,0.0,111.85970819304153,1855,0,0,20.987216234207153,040a11f
DR,1224,122880,282,0.74822695035461,464.6950354609929,891,0.001122334455667789,216.1010101010101,891,0.0,213.74747474747474,1855,0,0,20.987216234207153,040a11f
DR,1224,153600,282,0.8546099290780141,485.90425531914894,891,0.001122334455667789,58.527497194163864,891,0.0,58.268237934904604,1855,0,0,20.987216234207153,040a11f
DR,1224,184320,282,0.5212765957446809,428.3900709219858,891,0.30864197530864196,280.2334455667789,891,0.28619528619528617,272.12794612794613,1855,0,0,20.987216234207153,040a11f
DR,1224,215040,282,0.13829787234042554,276.968085106383,891,0.0,123.26038159371492,891,0.0,122.21099887766555,1855,0,0,20.987216234207153,040a11f
DR,1224,245760,282,0.10283687943262411,276.89716312056737,891,0.0,118.57351290684625,891,0.0,118.03591470258137,1855,0,0,20.987216234207153,040a11f
DR,1224,276480,282,0.20567375886524822,340.92198581560285,891,0.12457912457912458,201.15600448933782,891,0.11560044893378227,194.7104377104377,1855,0,0,20.987216234207153,040a11f
DR,1224,307200,282,0.06382978723404255,219.73758865248226,891,0.0,115.56004489337823,891,0.0,114.76206509539843,1855,0,0,20.987216234207153,040a11f
sfl_tilt,1220,0,282,0.0,35.6063829787234,891,0.0,17.25364758698092,891,0.0,17.176206509539842,1705,812,61617567,134.37399816513062,040a11f
sfl_tilt,1220,30720,282,0.05319148936170213,216.81205673758865,891,0.0,110.85072951739619,891,0.0,110.11335578002245,1705,812,61617567,134.37399816513062,040a11f
sfl_tilt,1220,61440,282,0.014184397163120567,180.32978723404256,891,0.04938271604938271,187.81032547699215,891,0.03591470258136925,183.8047138047138,1705,812,61617567,134.37399816513062,040a11f
sfl_tilt,1220,92160,282,0.03900709219858156,258.0851063829787,891,0.06285072951739619,208.73737373737373,891,0.06621773288439955,207.40628507295173,1705,812,61617567,134.37399816513062,040a11f
sfl_tilt,1220,122880,282,0.9539007092198581,496.6489361702128,891,0.55331088664422,408.8664421997755,891,0.5353535353535354,406.4702581369248,1705,812,61617567,134.37399816513062,040a11f
sfl_tilt,1220,153600,282,0.06028368794326241,301.3900709219858,891,0.4051627384960718,295.2154882154882,891,0.4152637485970819,292.17957351290687,1705,812,61617567,134.37399816513062,040a11f
sfl_tilt,1220,184320,282,0.16312056737588654,325.57801418439715,891,0.0,143.13131313131314,891,0.0,140.94276094276094,1705,812,61617567,134.37399816513062,040a11f
sfl_tilt,1220,215040,282,0.9219858156028369,491.7695035460993,891,0.7710437710437711,448.7811447811448,891,0.7564534231200898,445.665544332211,1705,812,61617567,134.37399816513062,040a11f
sfl_tilt,1220,245760,282,0.8049645390070922,481.10283687943263,891,0.5353535353535354,395.49270482603816,891,0.5117845117845118,391.7216610549944,1705,812,61617567,134.37399816513062,040a11f
sfl_tilt,1220,276480,282,0.9893617021276596,497.8758865248227,891,0.9012345679012346,459.49719416386085,891,0.8832772166105499,452.3063973063973,1705,812,61617567,134.37399816513062,040a11f
sfl_tilt,1220,307200,282,0.9893617021276596,496.15248226950354,891,0.33108866442199775,210.8181818181818,891,0.3221099887766554,206.15937149270482,1705,812,61617567,134.37399816513062,040a11f
DR,1225,0,282,0.0,15.52127659574468,891,0.0,41.51851851851852,891,0.0,43.58810325476992,1648,0,0,20.153321027755737,040a11f
DR,1225,30720,282,0.31560283687943264,357.3262411347518,891,0.0,149.71268237934905,891,0.0,147.2828282828283,1648,0,0,20.153321027755737,040a11f
DR,1225,61440,282,0.2907801418439716,343.3333333333333,891,0.0,141.41301907968574,891,0.0,140.02581369248037,1648,0,0,20.153321027755737,040a11f
DR,1225,92160,282,0.2553191489361702,321.7340425531915,891,0.0,115.47923681257015,891,0.001122334455667789,115.08080808080808,1648,0,0,20.153321027755737,040a11f
DR,1225,122880,282,0.9964539007092199,498.52836879432624,891,0.3782267115600449,238.21324354657688,891,0.367003367003367,232.8462401795735,1648,0,0,20.153321027755737,040a11f
DR,1225,153600,282,0.1524822695035461,308.49645390070924,891,0.0,151.90796857463525,891,0.001122334455667789,150.67676767676767,1648,0,0,20.153321027755737,040a11f
DR,1225,184320,282,0.8900709219858156,475.02836879432624,891,0.4051627384960718,262.38945005611674,891,0.38496071829405165,254.35016835016836,1648,0,0,20.153321027755737,040a11f
DR,1225,215040,282,0.9893617021276596,496.14539007092196,891,0.6576879910213244,361.27384960718297,891,0.6621773288439955,361.17845117845116,1648,0,0,20.153321027755737,040a11f
DR,1225,245760,282,0.8262411347517731,481.4255319148936,891,0.5129068462401796,419.625140291807,891,0.500561167227834,410.8092031425365,1648,0,0,20.153321027755737,040a11f
DR,1225,276480,282,0.9929078014184397,496.9929078014184,891,0.26262626262626265,186.59483726150393,891,0.23007856341189675,173.1526374859708,1648,0,0,20.153321027755737,040a11f
DR,1225,307200,282,0.9858156028368794,494.2340425531915,891,0.09988776655443322,109.50729517396184,891,0.10549943883277217,112.04938271604938,1648,0,0,20.153321027755737,040a11f
sfl_tilt,1221,0,282,0.0,14.436170212765957,891,0.0,35.0347923681257,891,0.0,34.85858585858586,1974,939,47784740,133.84824299812317,040a11f
sfl_tilt,1221,30720,282,0.11347517730496454,263.43617021276594,891,0.0,114.39618406285074,891,0.0,113.55780022446689,1974,939,47784740,133.84824299812317,040a11f
sfl_tilt,1221,61440,282,0.9822695035460993,495.4609929078014,891,0.6487093153759821,355.90909090909093,891,0.6689113355780022,363.38271604938274,1974,939,47784740,133.84824299812317,040a11f
sfl_tilt,1221,92160,282,0.25177304964539005,325.43617021276594,891,0.0,123.98540965207631,891,0.001122334455667789,123.13019079685746,1974,939,47784740,133.84824299812317,040a11f
sfl_tilt,1221,122880,282,0.06382978723404255,250.68439716312056,891,0.001122334455667789,116.53759820426487,891,0.0,115.65993265993266,1974,939,47784740,133.84824299812317,040a11f
sfl_tilt,1221,153600,282,0.06028368794326241,231.72340425531914,891,0.001122334455667789,108.43097643097643,891,0.0,107.7598204264871,1974,939,47784740,133.84824299812317,040a11f
sfl_tilt,1221,184320,282,0.10283687943262411,285.38652482269504,891,0.0,124.45903479236813,891,0.0,123.96745230078564,1974,939,47784740,133.84824299812317,040a11f
sfl_tilt,1221,215040,282,0.03546099290780142,286.6418439716312,891,0.08866442199775533,252.1941638608305,891,0.09090909090909091,251.55555555555554,1974,939,47784740,133.84824299812317,040a11f
sfl_tilt,1221,245760,282,0.07801418439716312,270.3510638297872,891,0.01122334455667789,128.44332210998877,891,0.010101010101010102,126.42199775533109,1974,939,47784740,133.84824299812317,040a11f
sfl_tilt,1221,276480,282,0.0673758865248227,310.82978723404256,891,0.1750841750841751,219.7631874298541,891,0.18181818181818182,219.34904601571267,1974,939,47784740,133.84824299812317,040a11f
sfl_tilt,1221,307200,282,0.5957446808510638,439.65248226950354,891,0.04264870931537598,198.2794612794613,891,0.04377104377104377,193.8080808080808,1974,939,47784740,133.84824299812317,040a11f
DR,1226,0,282,0.07092198581560284,149.61347517730496,891,0.0,78.62962962962963,891,0.0,78.90796857463525,1950,0,0,19.030264139175415,040a11f
DR,1226,30720,282,0.1879432624113475,283.5567375886525,891,0.0,107.63636363636364,891,0.0,106.89337822671156,1950,0,0,19.030264139175415,040a11f
DR,1226,61440,282,0.04609929078014184,228.63120567375887,891,0.0,108.92592592592592,891,0.0,108.35465768799102,1950,0,0,19.030264139175415,040a11f
DR,1226,92160,282,0.04964539007092199,226.9787234042553,891,0.0,127.16498316498317,891,0.0,126.97755331088665,1950,0,0,19.030264139175415,040a11f
DR,1226,122880,282,0.07801418439716312,265.3936170212766,891,0.0,117.10662177328844,891,0.0,116.53086419753086,1950,0,0,19.030264139175415,040a11f
DR,1226,153600,282,0.3049645390070922,386.62056737588654,891,0.0,92.81818181818181,891,0.0,92.90684624017958,1950,0,0,19.030264139175415,040a11f
DR,1226,184320,282,0.1702127659574468,321.84397163120565,891,0.0,135.72951739618406,891,0.0,135.8361391694725,1950,0,0,19.030264139175415,040a11f
DR,1226,215040,282,0.20567375886524822,343.78014184397165,891,0.0,147.43097643097644,891,0.001122334455667789,148.67452300785635,1950,0,0,19.030264139175415,040a11f
DR,1226,245760,282,0.2872340425531915,357.86170212765956,891,0.001122334455667789,144.40291806958473,891,0.0,144.3804713804714,1950,0,0,19.030264139175415,040a11f
DR,1226,276480,282,0.2801418439716312,356.6276595744681,891,0.001122334455667789,124.73737373737374,891,0.0,123.55892255892256,1950,0,0,19.030264139175415,040a11f
DR,1226,307200,282,0.5957446808510638,420.677304964539,891,0.24915824915824916,248.45117845117846,891,0.23905723905723905,242.60044893378227,1950,0,0,19.030264139175415,040a11f
DR,1227,0,282,0.0,10.26950354609929,891,0.0,12.630751964085297,891,0.0,12.181818181818182,1937,0,0,26.61255383491516,040a11f
DR,1227,30720,282,0.03900709219858156,219.9290780141844,891,0.0,107.91694725028059,891,0.0,107.22895622895624,1937,0,0,26.61255383491516,040a11f
DR,1227,61440,282,0.09574468085106383,278.968085106383,891,0.0,131.7979797979798,891,0.0,130.50729517396184,1937,0,0,26.61255383491516,040a11f
DR,1227,92160,282,0.1702127659574468,321.2659574468085,891,0.0,161.27721661054994,891,0.0,159.06397306397307,1937,0,0,26.61255383491516,040a11f
DR,1227,122880,282,0.1099290780141844,283.48936170212767,891,0.0,132.35578002244668,891,0.001122334455667789,131.36475869809203,1937,0,0,26.61255383491516,040a11f
DR,1227,153600,282,0.9326241134751773,491.68794326241135,891,0.5409652076318743,397.4388327721661,891,0.5443322109988776,393.7149270482604,1937,0,0,26.61255383491516,040a11f
DR,1227,184320,282,0.06382978723404255,228.52836879432624,891,0.0,105.92255892255892,891,0.0,105.65993265993266,1937,0,0,26.61255383491516,040a11f
DR,1227,215040,282,0.19148936170212766,357.5390070921986,891,0.2884399551066218,276.2760942760943,891,0.2671156004489338,271.8787878787879,1937,0,0,26.61255383491516,040a11f
DR,1227,245760,282,0.0673758865248227,241.49290780141843,891,0.0,130.73737373737373,891,0.0,129.43995510662177,1937,0,0,26.61255383491516,040a11f
DR,1227,276480,282,0.028368794326241134,210.4078014184397,891,0.0,121.29180695847363,891,0.0,121.1425364758698,1937,0,0,26.61255383491516,040a11f
DR,1227,307200,282,0.17375886524822695,331.5354609929078,891,0.0,146.08193041526374,891,0.0,145.08866442199775,1937,0,0,26.61255383491516,040a11f
sfl_tilt,1222,0,282,0.0,13.546099290780141,891,0.0,24.414141414141415,891,0.0,24.970819304152638,1835,940,55000970,143.8338439464569,040a11f
sfl_tilt,1222,30720,282,0.12411347517730496,268.1843971631206,891,0.0,113.81369248035915,891,0.0,112.65095398428731,1835,940,55000970,143.8338439464569,040a11f
sfl_tilt,1222,61440,282,0.0851063829787234,257.0673758865248,891,0.0,108.19304152637486,891,0.0,107.58585858585859,1835,940,55000970,143.8338439464569,040a11f
sfl_tilt,1222,92160,282,0.0425531914893617,224.5921985815603,891,0.0,113.52413019079685,891,0.0,112.84624017957351,1835,940,55000970,143.8338439464569,040a11f
sfl_tilt,1222,122880,282,0.30851063829787234,368.0248226950355,891,0.005611672278338945,181.2861952861953,891,0.003367003367003367,179.28395061728395,1835,940,55000970,143.8338439464569,040a11f
sfl_tilt,1222,153600,282,0.7163120567375887,465.34397163120565,891,0.11672278338945005,273.9371492704826,891,0.11896745230078563,267.9236812570146,1835,940,55000970,143.8338439464569,040a11f
sfl_tilt,1222,184320,282,0.09929078014184398,303.78014184397165,891,0.0707070707070707,173.25252525252526,891,0.07631874298540965,172.06509539842872,1835,940,55000970,143.8338439464569,040a11f
sfl_tilt,1222,215040,282,0.45390070921985815,406.5673758865248,891,0.012345679012345678,161.5645342312009,891,0.025813692480359147,164.2996632996633,1835,940,55000970,143.8338439464569,040a11f
sfl_tilt,1222,245760,282,0.1879432624113475,310.26241134751774,891,0.0,123.77216610549944,891,0.0,122.68799102132435,1835,940,55000970,143.8338439464569,040a11f
sfl_tilt,1222,276480,282,0.9858156028368794,494.2517730496454,891,0.0,57.71043771043771,891,0.001122334455667789,58.03591470258137,1835,940,55000970,143.8338439464569,040a11f
sfl_tilt,1222,307200,282,0.9539007092198581,494.02127659574467,891,0.38271604938271603,255.02693602693603,891,0.37037037037037035,249.34343434343435,1835,940,55000970,143.8338439464569,040a11f
DR,1228,0,282,0.0,19.49290780141844,891,0.0,41.594837261503926,891,0.0,42.231200897867566,1817,0,0,25.098698139190674,040a11f
DR,1228,30720,282,0.1453900709219858,281.0070921985816,891,0.0,120.85072951739619,891,0.0,119.85858585858585,1817,0,0,25.098698139190674,040a11f
DR,1228,61440,282,0.11347517730496454,288.9255319148936,891,0.0,132.989898989899,891,0.0,132.00561167227835,1817,0,0,25.098698139190674,040a11f
DR,1228,92160,282,0.0673758865248227,262.02127659574467,891,0.0,129.12121212121212,891,0.0,129.17283950617283,1817,0,0,25.098698139190674,040a11f
DR,1228,122880,282,0.6382978723404256,449.73758865248226,891,0.006734006734006734,216.7351290684624,891,0.005611672278338945,214.48597081930416,1817,0,0,25.098698139190674,040a11f
DR,1228,153600,282,0.0425531914893617,284.0673758865248,891,0.16498316498316498,200.9472502805836,891,0.18518518518518517,207.88439955106622,1817,0,0,25.098698139190674,040a11f
DR,1228,184320,282,0.9893617021276596,497.20212765957444,891,0.31200897867564537,207.8529741863075,891,0.29741863075196406,201.79012345679013,1817,0,0,25.098698139190674,040a11f
DR,1228,215040,282,0.9042553191489362,487.33687943262413,891,0.6924803591470258,373.46127946127945,891,0.7003367003367004,376.8294051627385,1817,0,0,25.098698139190674,040a11f
DR,1228,245760,282,0.9787234042553191,493.07801418439715,891,0.7732884399551067,409.84736251402916,891,0.7665544332210998,406.0808080808081,1817,0,0,25.098698139190674,040a11f
DR,1228,276480,282,0.14893617021276595,308.3014184397163,891,0.0,136.38159371492705,891,0.0,135.02356902356902,1817,0,0,25.098698139190674,040a11f
DR,1228,307200,282,0.02127659574468085,170.53900709219857,891,0.0,108.09652076318743,891,0.0,107.41526374859708,1817,0,0,25.098698139190674,040a11f
sfl_tilt,1223,0,282,0.0,15.02836879432624,891,0.0,16.08641975308642,891,0.0,15.956228956228957,2037,1006,43835961,140.45912337303162,040a11f
sfl_tilt,1223,30720,282,0.08156028368794327,242.58156028368793,891,0.0,104.83052749719417,891,0.0,104.20538720538721,2037,1006,43835961,140.45912337303162,040a11f
sfl_tilt,1223,61440,282,0.23049645390070922,321.63475177304963,891,0.0,140.07856341189674,891,0.0,138.39618406285072,2037,1006,43835961,140.45912337303162,040a11f
sfl_tilt,1223,92160,282,0.07801418439716312,293.70212765957444,891,0.0,119.8294051627385,891,0.0,119.10774410774411,2037,1006,43835961,140.45912337303162,040a11f
sfl_tilt,1223,122880,282,0.07801418439716312,249.73758865248226,891,0.0,111.90684624017958,891,0.0,111.37261503928171,2037,1006,43835961,140.45912337303162,040a11f
sfl_tilt,1223,153600,282,0.9148936170212766,489.0921985815603,891,0.20426487093153758,282.39506172839504,891,0.21773288439955107,283.1997755331089,2037,1006,43835961,140.45912337303162,040a11f
sfl_tilt,1223,184320,282,0.13120567375886524,278.10283687943263,891,0.001122334455667789,128.56228956228955,891,0.0,127.53086419753086,2037,1006,43835961,140.45912337303162,040a11f
sfl_tilt,1223,215040,282,0.11702127659574468,326.3262411347518,891,0.03254769921436588,141.51066217732884,891,0.04264870931537598,148.24242424242425,2037,1006,43835961,140.45912337303162,040a11f
sfl_tilt,1223,245760,282,0.03900709219858156,223.43971631205673,891,0.0,117.80022446689114,891,0.0,117.01459034792369,2037,1006,43835961,140.45912337303162,040a11f
sfl_tilt,1223,276480,282,0.014184397163120567,201.96099290780143,891,0.0,117.04489337822672,891,0.0,116.33894500561168,2037,1006,43835961,140.45912337303162,040a11f
sfl_tilt,1223,307200,282,0.3262411347517731,387.8723404255319,891,0.02356902356902357,175.12345679012347,891,0.016835016835016835,168.6228956228956,2037,1006,43835961,140.45912337303162,040a11f
sfl_tilt,1224,0,282,0.0,11.322695035460994,891,0.0,12.464646464646465,891,0.0,12.804713804713804,2077,1036,45250510,142.349219083786,040a11f
sfl_tilt,1224,30720,282,0.574468085106383,401.1241134751773,891,0.001122334455667789,140.1010101010101,891,0.0,137.57575757575756,2077,1036,45250510,142.349219083786,040a11f
sfl_tilt,1224,61440,282,0.15602836879432624,311.81205673758865,891,0.0,132.55218855218854,891,0.0,131.47923681257015,2077,1036,45250510,142.349219083786,040a11f
sfl_tilt,1224,92160,282,0.09929078014184398,277.9929078014184,891,0.0,118.48933782267116,891,0.0,117.6936026936027,2077,1036,45250510,142.349219083786,040a11f
sfl_tilt,1224,122880,282,0.1099290780141844,278.3510638297872,891,0.004489337822671156,161.34455667789,891,0.004489337822671156,159.07295173961842,2077,1036,45250510,142.349219083786,040a11f
sfl_tilt,1224,153600,282,0.30141843971631205,352.88652482269504,891,0.0,135.26150392817058,891,0.0,133.8529741863075,2077,1036,45250510,142.349219083786,040a11f
sfl_tilt,1224,184320,282,0.41843971631205673,364.57092198581563,891,0.015712682379349047,133.03254769921438,891,0.02244668911335578,132.31425364758698,2077,1036,45250510,142.349219083786,040a11f
sfl_tilt,1224,215040,282,0.12056737588652482,253.1950354609929,891,0.0,107.68350168350169,891,0.001122334455667789,107.46801346801347,2077,1036,45250510,142.349219083786,040a11f
sfl_tilt,1224,245760,282,0.01773049645390071,186.3404255319149,891,0.04601571268237935,157.11223344556677,891,0.037037037037037035,152.61167227833894,2077,1036,45250510,142.349219083786,040a11f
sfl_tilt,1224,276480,282,0.0425531914893617,290.709219858156,891,0.2671156004489338,241.68237934904602,891,0.2255892255892256,231.74747474747474,2077,1036,45250510,142.349219083786,040a11f
sfl_tilt,1224,307200,282,0.03900709219858156,220.02482269503545,891,0.0,111.0942760942761,891,0.0,110.55555555555556,2077,1036,45250510,142.349219083786,040a11f
DR,1229,0,282,0.0,10.918439716312056,891,0.0,11.920314253647588,891,0.0,11.61952861952862,1826,0,0,24.051005840301514,040a11f
DR,1229,30720,282,0.11702127659574468,265.57092198581563,891,0.0,109.8080808080808,891,0.0,109.07744107744108,1826,0,0,24.051005840301514,040a11f
DR,1229,61440,282,0.04964539007092199,275.18794326241135,891,0.2536475869809203,244.78114478114477,891,0.26374859708193044,240.87205387205387,1826,0,0,24.051005840301514,040a11f
DR,1229,92160,282,0.1099290780141844,249.0744680851064,891,0.003367003367003367,137.8540965207632,891,0.002244668911335578,136.42760942760944,1826,0,0,24.051005840301514,040a11f
DR,1229,122880,282,0.09574468085106383,268.6063829787234,891,0.001122334455667789,116.87878787878788,891,0.0,116.01122334455668,1826,0,0,24.051005840301514,040a11f
DR,1229,153600,282,0.23049645390070922,343.74468085106383,891,0.0,142.9506172839506,891,0.0,143.10886644219977,1826,0,0,24.051005840301514,040a11f
DR,1229,184320,282,0.2730496453900709,347.01418439716315,891,0.0,137.5611672278339,891,0.0,136.1986531986532,1826,0,0,24.051005840301514,040a11f
DR,1229,215040,282,0.975177304964539,495.5425531914894,891,0.6430976430976431,358.6644219977553,891,0.6195286195286195,351.6734006734007,1826,0,0,24.051005840301514,040a11f
DR,1229,245760,282,0.9397163120567376,491.4255319148936,891,0.07856341189674523,272.672278338945,891,0.06846240179573512,267.1885521885522,1826,0,0,24.051005840301514,040a11f
DR,1229,276480,282,0.450354609929078,404.31205673758865,891,0.14029180695847362,233.95622895622895,891,0.14029180695847362,230.40852974186308,1826,0,0,24.051005840301514,040a11f
DR,1229,307200,282,0.0851063829787234,253.29078014184398,891,0.0,126.65881032547699,891,0.0,125.331088664422,1826,0,0,24.051005840301514,040a11f
sfl_tilt,1225,0,282,0.0,38.755319148936174,891,0.0,20.232323232323232,891,0.0,20.097643097643097,1867,898,51078683,142.71030497550964,040a11f
sfl_tilt,1225,30720,282,0.20921985815602837,310.98936170212767,891,0.0,134.36139169472503,891,0.0,132.92143658810326,1867,898,51078683,142.71030497550964,040a11f
sfl_tilt,1225,61440,282,0.03546099290780142,205.5921985815603,891,0.0,106.5712682379349,891,0.0,106.04713804713805,1867,898,51078683,142.71030497550964,040a11f
sfl_tilt,1225,92160,282,0.10283687943262411,274.6843971631206,891,0.0,123.0213243546577,891,0.0,122.27497194163861,1867,898,51078683,142.71030497550964,040a11f
sfl_tilt,1225,122880,282,0.9609929078014184,495.06028368794324,891,0.3782267115600449,361.0897867564534,891,0.3479236812570146,354.17171717171715,1867,898,51078683,142.71030497550964,040a11f
sfl_tilt,1225,153600,282,0.1453900709219858,308.0354609929078,891,0.0,130.70819304152639,891,0.0,129.89786756453424,1867,898,51078683,142.71030497550964,040a11f
sfl_tilt,1225,184320,282,0.04964539007092199,274.5354609929078,891,0.002244668911335578,104.62065095398428,891,0.004489337822671156,108.82379349046016,1867,898,51078683,142.71030497550964,040a11f
sfl_tilt,1225,215040,282,0.2127659574468085,354.97163120567376,891,0.025813692480359147,174.82828282828282,891,0.019079685746352413,168.9517396184063,1867,898,51078683,142.71030497550964,040a11f
sfl_tilt,1225,245760,282,0.35815602836879434,373.4645390070922,891,0.001122334455667789,141.67003367003366,891,0.0,140.47923681257015,1867,898,51078683,142.71030497550964,040a11f
sfl_tilt,1225,276480,282,0.12411347517730496,282.531914893617,891,0.001122334455667789,128.38945005611671,891,0.0,127.26599326599326,1867,898,51078683,142.71030497550964,040a11f
sfl_tilt,1225,307200,282,0.1099290780141844,280.01418439716315,891,0.001122334455667789,127.63860830527497,891,0.0,126.51402918069584,1867,898,51078683,142.71030497550964,040a11f
DR,1230,0,282,0.0,12.9822695035461,891,0.0,13.950617283950617,891,0.0,13.503928170594838,1928,0,0,19.877633094787598,040a11f
DR,1230,30720,282,0.1879432624113475,312.5567375886525,891,0.12008978675645342,184.08529741863074,891,0.10437710437710437,180.62514029180696,1928,0,0,19.877633094787598,040a11f
DR,1230,61440,282,0.18439716312056736,317.031914893617,891,0.0,131.08641975308643,891,0.0,129.6374859708193,1928,0,0,19.877633094787598,040a11f
DR,1230,92160,282,0.475177304964539,425.031914893617,891,0.0,180.8193041526375,891,0.0,175.9405162738496,1928,0,0,19.877633094787598,040a11f
DR,1230,122880,282,0.08156028368794327,267.13475177304963,891,0.0,124.59820426487093,891,0.0,123.74859708193041,1928,0,0,19.877633094787598,040a11f
DR,1230,153600,282,0.06028368794326241,246.87234042553192,891,0.013468013468013467,167.94276094276094,891,0.014590347923681257,168.42760942760944,1928,0,0,19.877633094787598,040a11f
DR,1230,184320,282,0.10638297872340426,299.78014184397165,891,0.06285072951739619,208.17845117845118,891,0.05948372615039282,205.25028058361391,1928,0,0,19.877633094787598,040a11f
DR,1230,215040,282,0.3546099290780142,376.13475177304963,891,0.001122334455667789,162.5645342312009,891,0.0,160.45903479236813,1928,0,0,19.877633094787598,040a11f
DR,1230,245760,282,0.4787234042553192,394.3829787234043,891,0.0,144.61054994388329,891,0.0,143.07407407407408,1928,0,0,19.877633094787598,040a11f
DR,1230,276480,282,0.9893617021276596,495.5921985815603,891,0.025813692480359147,75.13468013468014,891,0.038159371492704826,79.41863075196409,1928,0,0,19.877633094787598,040a11f
DR,1230,307200,282,0.9290780141843972,493.8014184397163,891,0.5173961840628507,335.8484848484849,891,0.5218855218855218,340.34455667789,1928,0,0,19.877633094787598,040a11f
sfl_tilt,1226,0,282,0.0,34.843971631205676,891,0.0,18.01122334455668,891,0.0,18.048260381593714,2000,994,52508116,148.14615511894226,040a11f
sfl_tilt,1226,30720,282,0.25177304964539005,325.2482269503546,891,0.0,125.65544332210999,891,0.0,124.31986531986531,2000,994,52508116,148.14615511894226,040a11f
sfl_tilt,1226,61440,282,0.03546099290780142,200.03546099290782,891,0.0,99.36812570145904,891,0.0,98.79349046015713,2000,994,52508116,148.14615511894226,040a11f
sfl_tilt,1226,92160,282,0.5851063829787234,438.5390070921986,891,0.19977553310886645,303.2749719416386,891,0.1941638608305275,297.69809203142535,2000,994,52508116,148.14615511894226,040a11f
sfl_tilt,1226,122880,282,0.1347517730496454,257.06382978723406,891,0.001122334455667789,100.96408529741863,891,0.0,100.21773288439955,2000,994,52508116,148.14615511894226,040a11f
sfl_tilt,1226,153600,282,0.024822695035460994,182.08156028368793,891,0.0,111.00224466891133,891,0.0,110.27160493827161,2000,994,52508116,148.14615511894226,040a11f
sfl_tilt,1226,184320,282,0.01773049645390071,179.354609929078,891,0.0,106.96296296296296,891,0.0,106.30527497194164,2000,994,52508116,148.14615511894226,040a11f
sfl_tilt,1226,215040,282,0.05673758865248227,227.09574468085106,891,0.001122334455667789,107.84624017957351,891,0.0,107.10325476992143,2000,994,52508116,148.14615511894226,040a11f
sfl_tilt,1226,245760,282,0.8652482269503546,482.9148936170213,891,0.4668911335578002,353.66778900112234,891,0.4567901234567901,347.374859708193,2000,994,52508116,148.14615511894226,040a11f
sfl_tilt,1226,276480,282,0.2765957446808511,411.36879432624113,891,0.4152637485970819,300.1358024691358,891,0.4051627384960718,293.986531986532,2000,994,52508116,148.14615511894226,040a11f
sfl_tilt,1226,307200,282,0.9042553191489362,487.6985815602837,891,0.8686868686868687,447.30190796857465,891,0.8630751964085297,444.4320987654321,2000,994,52508116,148.14615511894226,040a11f
DR,1231,0,282,0.0,15.163120567375886,891,0.0,33.47362514029181,891,0.0,34.02020202020202,1965,0,0,27.570941925048828,040a11f
DR,1231,30720,282,0.08865248226950355,265.5851063829787,891,0.0,114.51402918069584,891,0.0,113.58249158249158,1965,0,0,27.570941925048828,040a11f
DR,1231,61440,282,0.6134751773049646,440.20567375886526,891,0.2895622895622896,310.4803591470258,891,0.2558922558922559,302.49270482603816,1965,0,0,27.570941925048828,040a11f
DR,1231,92160,282,0.02127659574468085,207.81914893617022,891,0.0,110.18069584736251,891,0.0,109.67340067340068,1965,0,0,27.570941925048828,040a11f
DR,1231,122880,282,0.028368794326241134,224.18439716312056,891,0.0,118.64309764309765,891,0.0,117.87654320987654,1965,0,0,27.570941925048828,040a11f
DR,1231,153600,282,0.04964539007092199,233.90425531914894,891,0.0,120.35241301907969,891,0.001122334455667789,116.9337822671156,1965,0,0,27.570941925048828,040a11f
DR,1231,184320,282,0.10283687943262411,272.23758865248226,891,0.0,129.1604938271605,891,0.0,127.84062850729518,1965,0,0,27.570941925048828,040a11f
DR,1231,215040,282,0.09929078014184398,298.50354609929076,891,0.012345679012345678,121.83726150392818,891,0.012345679012345678,118.51627384960719,1965,0,0,27.570941925048828,040a11f
DR,1231,245760,282,0.44680851063829785,412.7730496453901,891,0.001122334455667789,92.77104377104376,891,0.0,93.7699214365881,1965,0,0,27.570941925048828,040a11f
DR,1231,276480,282,0.32269503546099293,370.8723404255319,891,0.001122334455667789,133.8114478114478,891,0.0,132.48933782267116,1965,0,0,27.570941925048828,040a11f
DR,1231,307200,282,0.8262411347517731,477.7304964539007,891,0.02132435465768799,213.30976430976432,891,0.024691358024691357,214.7979797979798,1965,0,0,27.570941925048828,040a11f
sfl_tilt,1227,0,282,0.0,24.25531914893617,891,0.0,41.17283950617284,891,0.0,41.59820426487093,1962,982,52134802,145.23525619506836,040a11f
sfl_tilt,1227,30720,282,0.17375886524822695,304.2695035460993,891,0.0,128.15151515151516,891,0.0,126.79910213243546,1962,982,52134802,145.23525619506836,040a11f
sfl_tilt,1227,61440,282,0.10638297872340426,263.2836879432624,891,0.0,124.58585858585859,891,0.0,123.8641975308642,1962,982,52134802,145.23525619506836,040a11f
sfl_tilt,1227,92160,282,0.10638297872340426,243.6241134751773,891,0.0,107.38832772166106,891,0.0,106.40852974186308,1962,982,52134802,145.23525619506836,040a11f
sfl_tilt,1227,122880,282,0.07446808510638298,235.15602836879432,891,0.0,104.03928170594837,891,0.0,103.25476992143659,1962,982,52134802,145.23525619506836,040a11f
sfl_tilt,1227,153600,282,0.6170212765957447,435.0673758865248,891,0.2334455667789001,286.95510662177327,891,0.2334455667789001,284.4758698092031,1962,982,52134802,145.23525619506836,040a11f
sfl_tilt,1227,184320,282,0.975177304964539,497.0,891,0.7463524130190797,411.25589225589226,891,0.7283950617283951,404.0561167227834,1962,982,52134802,145.23525619506836,040a11f
sfl_tilt,1227,215040,282,0.028368794326241134,211.90070921985816,891,0.001122334455667789,106.73063973063974,891,0.0,105.97755331088665,1962,982,52134802,145.23525619506836,040a11f
sfl_tilt,1227,245760,282,0.031914893617021274,209.56028368794327,891,0.0,115.64534231200898,891,0.0,114.9057239057239,1962,982,52134802,145.23525619506836,040a11f
sfl_tilt,1227,276480,282,0.12056737588652482,284.16312056737587,891,0.0,132.69921436588103,891,0.0,131.8540965207632,1962,982,52134802,145.23525619506836,040a11f
sfl_tilt,1227,307200,282,0.9290780141843972,488.9255319148936,891,0.44219977553310885,384.11672278338943,891,0.4556677890011223,377.85858585858585,1962,982,52134802,145.23525619506836,040a11f
DR,1232,0,282,0.0,15.163120567375886,891,0.0,39.65544332210999,891,0.0,40.91582491582491,2025,0,0,22.229342222213745,040a11f
DR,1232,30720,282,0.2624113475177305,331.92907801418437,891,0.0,138.76094276094275,891,0.0,137.1290684624018,2025,0,0,22.229342222213745,040a11f
DR,1232,61440,282,0.12056737588652482,255.15248226950354,891,0.0,107.10213243546576,891,0.0,106.54096520763187,2025,0,0,22.229342222213745,040a11f
DR,1232,92160,282,0.19858156028368795,337.6170212765957,891,0.0,155.27721661054994,891,0.001122334455667789,154.64646464646464,2025,0,0,22.229342222213745,040a11f
DR,1232,122880,282,0.05319148936170213,233.7304964539007,891,0.002244668911335578,142.1604938271605,891,0.001122334455667789,141.20650953984287,2025,0,0,22.229342222213745,040a11f
DR,1232,153600,282,0.1524822695035461,305.7482269503546,891,0.004489337822671156,168.86980920314252,891,0.004489337822671156,168.03928170594838,2025,0,0,22.229342222213745,040a11f
DR,1232,184320,282,0.3404255319148936,374.49645390070924,891,0.001122334455667789,182.06846240179573,891,0.001122334455667789,179.8226711560045,2025,0,0,22.229342222213745,040a11f
DR,1232,215040,282,0.028368794326241134,188.47517730496455,891,0.0,106.04152637485971,891,0.0,105.62514029180696,2025,0,0,22.229342222213745,040a11f
DR,1232,245760,282,0.16666666666666666,344.37943262411346,891,0.004489337822671156,97.28619528619528,891,0.0,96.87205387205387,2025,0,0,22.229342222213745,040a11f
DR,1232,276480,282,0.0425531914893617,225.2695035460993,891,0.024691358024691357,176.23905723905725,891,0.031425364758698095,174.68350168350167,2025,0,0,22.229342222213745,040a11f
DR,1232,307200,282,0.031914893617021274,206.29432624113474,891,0.0,111.59820426487093,891,0.0,110.96745230078564,2025,0,0,22.229342222213745,040a11f
DR,1233,0,282,0.0070921985815602835,76.24468085106383,891,0.0,65.41638608305276,891,0.0,65.45903479236813,1947,0,0,20.284614086151123,040a11f
DR,1233,30720,282,0.028368794326241134,203.28014184397162,891,0.0,105.83501683501683,891,0.0,105.18630751964085,1947,0,0,20.284614086151123,040a11f
DR,1233,61440,282,0.09219858156028368,259.78723404255317,891,0.001122334455667789,116.56341189674524,891,0.0,115.54320987654322,1947,0,0,20.284614086151123,040a11f
DR,1233,92160,282,0.7198581560283688,460.8191489361702,891,0.002244668911335578,218.35914702581368,891,0.001122334455667789,215.66105499438834,1947,0,0,20.284614086151123,040a11f
DR,1233,122880,282,0.0851063829787234,279.9326241134752,891,0.010101010101010102,176.88215488215488,891,0.02244668911335578,179.35241301907968,1947,0,0,20.284614086151123,040a11f
DR,1233,153600,282,0.28368794326241137,399.13475177304963,891,0.002244668911335578,101.28956228956228,891,0.007856341189674524,104.14478114478115,1947,0,0,20.284614086151123,040a11f
DR,1233,184320,282,0.12056737588652482,373.7730496453901,891,0.250280583613917,235.82042648709316,891,0.2334455667789001,225.12682379349047,1947,0,0,20.284614086151123,040a11f
DR,1233,215040,282,0.16312056737588654,320.4468085106383,891,0.002244668911335578,155.78338945005612,891,0.003367003367003367,155.13355780022448,1947,0,0,20.284614086151123,040a11f
DR,1233,245760,282,0.0673758865248227,255.67021276595744,891,0.04601571268237935,177.56902356902356,891,0.04152637485970819,172.675645342312,1947,0,0,20.284614086151123,040a11f
DR,1233,276480,282,0.1773049645390071,309.59929078014187,891,0.0,124.36026936026936,891,0.0,123.25925925925925,1947,0,0,20.284614086151123,040a11f
DR,1233,307200,282,0.8439716312056738,479.16312056737587,891,0.008978675645342313,220.00112233445566,891,0.012345679012345678,215.78900112233447,1947,0,0,20.284614086151123,040a11f
sfl_tilt,1228,0,282,0.0,37.209219858156025,891,0.0,15.910213243546577,891,0.0,15.800224466891134,1924,915,52612869,136.8955271244049,040a11f
sfl_tilt,1228,30720,282,0.09574468085106383,253.17375886524823,891,0.0,110.27721661054994,891,0.0,109.45791245791246,1924,915,52612869,136.8955271244049,040a11f
sfl_tilt,1228,61440,282,0.0673758865248227,224.71985815602838,891,0.0,101.89113355780023,891,0.0,101.0280583613917,1924,915,52612869,136.8955271244049,040a11f
sfl_tilt,1228,92160,282,0.8865248226950354,487.0531914893617,891,0.3759820426487093,372.3052749719416,891,0.38047138047138046,369.4410774410774,1924,915,52612869,136.8955271244049,040a11f
sfl_tilt,1228,122880,282,0.15602836879432624,283.34397163120565,891,0.0,104.91919191919192,891,0.0,104.05050505050505,1924,915,52612869,136.8955271244049,040a11f
sfl_tilt,1228,153600,282,0.12411347517730496,294.15602836879435,891,0.0,123.58698092031425,891,0.0,122.65432098765432,1924,915,52612869,136.8955271244049,040a11f
sfl_tilt,1228,184320,282,0.17375886524822695,313.6808510638298,891,0.0,120.95286195286195,891,0.0,120.18069584736251,1924,915,52612869,136.8955271244049,040a11f
sfl_tilt,1228,215040,282,0.8404255319148937,476.9609929078014,891,0.09876543209876543,237.6341189674523,891,0.0931537598204265,235.2020202020202,1924,915,52612869,136.8955271244049,040a11f
sfl_tilt,1228,245760,282,0.10638297872340426,238.25886524822695,891,0.0,105.65432098765432,891,0.0,105.2401795735129,1924,915,52612869,136.8955271244049,040a11f
sfl_tilt,1228,276480,282,0.08156028368794327,228.96453900709218,891,0.0,114.82042648709316,891,0.0,113.98092031425365,1924,915,52612869,136.8955271244049,040a11f
sfl_tilt,1228,307200,282,0.624113475177305,447.8333333333333,891,0.38271604938271603,311.4668911335578,891,0.37485970819304154,312.2570145903479,1924,915,52612869,136.8955271244049,040a11f
DR,1234,0,282,0.0,17.592198581560282,891,0.0,30.4668911335578,891,0.0,30.44668911335578,2016,0,0,18.93329119682312,040a11f
DR,1234,30720,282,0.18439716312056736,335.1666666666667,891,0.0,157.41750841750843,891,0.0,155.27609427609428,2016,0,0,18.93329119682312,040a11f
DR,1234,61440,282,0.06382978723404255,221.98936170212767,891,0.0,103.62289562289563,891,0.0,103.12794612794613,2016,0,0,18.93329119682312,040a11f
DR,1234,92160,282,0.03546099290780142,207.96808510638297,891,0.0,108.37822671156005,891,0.0,107.7665544332211,2016,0,0,18.93329119682312,040a11f
DR,1234,122880,282,0.05319148936170213,226.89007092198582,891,0.0,113.74298540965208,891,0.0,113.16498316498317,2016,0,0,18.93329119682312,040a11f
DR,1234,153600,282,0.014184397163120567,204.29078014184398,891,0.0,112.75196408529742,891,0.0,111.78675645342312,2016,0,0,18.93329119682312,040a11f
DR,1234,184320,282,0.05673758865248227,251.7163120567376,891,0.0,96.88327721661055,891,0.0,97.10213243546576,2016,0,0,18.93329119682312,040a11f
DR,1234,215040,282,0.0425531914893617,247.66666666666666,891,0.0,122.74635241301908,891,0.0,122.51964085297419,2016,0,0,18.93329119682312,040a11f
DR,1234,245760,282,0.7907801418439716,475.36879432624113,891,0.004489337822671156,144.9023569023569,891,0.003367003367003367,144.8159371492705,2016,0,0,18.93329119682312,040a11f
DR,1234,276480,282,0.9858156028368794,496.0886524822695,891,0.6868686868686869,368.77890011223343,891,0.7059483726150393,376.5993265993266,2016,0,0,18.93329119682312,040a11f
DR,1234,307200,282,0.8156028368794326,451.54609929078015,891,0.14927048260381592,211.7317620650954,891,0.1414141414141414,207.334455667789,2016,0,0,18.93329119682312,040a11f
sfl_tilt,1229,0,282,0.0,12.656028368794326,891,0.0,21.334455667789,891,0.0,21.699214365881033,1827,896,59639054,130.3891053199768,040a11f
sfl_tilt,1229,30720,282,0.9822695035460993,494.6914893617021,891,0.7418630751964085,427.27272727272725,891,0.7194163860830527,416.8361391694725,1827,896,59639054,130.3891053199768,040a11f
sfl_tilt,1229,61440,282,0.07801418439716312,265.72340425531917,891,0.0,120.62401795735128,891,0.0,119.9057239057239,1827,896,59639054,130.3891053199768,040a11f
sfl_tilt,1229,92160,282,0.3333333333333333,371.06028368794324,891,0.0,151.11111111111111,891,0.0,149.89674523007855,1827,896,59639054,130.3891053199768,040a11f
sfl_tilt,1229,122880,282,0.06382978723404255,344.95390070921985,891,0.05948372615039282,153.8193041526375,891,0.04826038159371493,147.5084175084175,1827,896,59639054,130.3891053199768,040a11f
sfl_tilt,1229,153600,282,0.02127659574468085,267.5567375886525,891,0.0,96.2682379349046,891,0.0,96.39618406285074,1827,896,59639054,130.3891053199768,040a11f
sfl_tilt,1229,184320,282,0.17375886524822695,299.45390070921985,891,0.0,124.02356902356902,891,0.0,122.89450056116723,1827,896,59639054,130.3891053199768,040a11f
sfl_tilt,1229,215040,282,0.1595744680851064,311.41843971631204,891,0.002244668911335578,140.34455667789,891,0.0,139.9506172839506,1827,896,59639054,130.3891053199768,040a11f
sfl_tilt,1229,245760,282,0.9468085106382979,494.27659574468083,891,0.09764309764309764,117.2300785634119,891,0.07631874298540965,108.1672278338945,1827,896,59639054,130.3891053199768,040a11f
sfl_tilt,1229,276480,282,0.624113475177305,433.00354609929076,891,0.40291806958473625,285.1705948372615,891,0.3950617283950617,282.58024691358025,1827,896,59639054,130.3891053199768,040a11f
sfl_tilt,1229,307200,282,0.9609929078014184,493.47163120567376,891,0.6408529741863075,410.50953984287315,891,0.6318742985409652,408.32996632996634,1827,896,59639054,130.3891053199768,040a11f
DR,1235,0,282,0.0,12.929078014184396,891,0.0,11.470258136924803,891,0.0,11.290684624017958,2041,0,0,27.0052752494812,040a11f
DR,1235,30720,282,0.8865248226950354,472.98581560283685,891,0.5443322109988776,315.6206509539843,891,0.510662177328844,302.45791245791247,2041,0,0,27.0052752494812,040a11f
DR,1235,61440,282,0.031914893617021274,187.6950354609929,891,0.0,101.77216610549944,891,0.0,101.64983164983165,2041,0,0,27.0052752494812,040a11f
DR,1235,92160,282,0.26595744680851063,368.95390070921985,891,0.001122334455667789,150.78787878787878,891,0.0,149.70482603815938,2041,0,0,27.0052752494812,040a11f
DR,1235,122880,282,0.0425531914893617,247.3404255319149,891,0.01122334455667789,162.58698092031426,891,0.016835016835016835,160.20089786756452,2041,0,0,27.0052752494812,040a11f
DR,1235,153600,282,0.0673758865248227,235.0744680851064,891,0.001122334455667789,107.88439955106622,891,0.0,107.20089786756454,2041,0,0,27.0052752494812,040a11f
DR,1235,184320,282,0.0425531914893617,261.1418439716312,891,0.0,101.74747474747475,891,0.003367003367003367,103.28395061728395,2041,0,0,27.0052752494812,040a11f
DR,1235,215040,282,0.9645390070921985,494.5354609929078,891,0.9248035914702581,469.5948372615039,891,0.9180695847362514,467.34343434343435,2041,0,0,27.0052752494812,040a11f
DR,1235,245760,282,0.13120567375886524,321.41843971631204,891,0.3569023569023569,260.1750841750842,891,0.35914702581369246,260.56228956228955,2041,0,0,27.0052752494812,040a11f
DR,1235,276480,282,0.11347517730496454,266.92198581560285,891,0.0,114.0976430976431,891,0.0,113.30190796857464,2041,0,0,27.0052752494812,040a11f
DR,1235,307200,282,0.1773049645390071,312.33687943262413,891,0.0,121.34006734006734,891,0.0,120.54994388327722,2041,0,0,27.0052752494812,040a11f
sfl_tilt,1230,0,282,0.0,13.893617021276595,891,0.0,34.14253647586981,891,0.0,35.13916947250281,2015,970,47286412,138.34956693649292,040a11f
sfl_tilt,1230,30720,282,0.16312056737588654,326.5886524822695,891,0.07744107744107744,238.9371492704826,891,0.06958473625140292,232.5084175084175,2015,970,47286412,138.34956693649292,040a11f
sfl_tilt,1230,61440,282,0.02127659574468085,176.1595744680851,891,0.0,101.4736251402918,891,0.0,100.99887766554433,2015,970,47286412,138.34956693649292,040a11f
sfl_tilt,1230,92160,282,0.1773049645390071,311.7163120567376,891,0.0,138.44668911335577,891,0.0,138.26936026936028,2015,970,47286412,138.34956693649292,040a11f
sfl_tilt,1230,122880,282,0.7978723404255319,472.5851063829787,891,0.4702581369248036,358.6206509539843,891,0.46352413019079686,356.4365881032548,2015,970,47286412,138.34956693649292,040a11f
sfl_tilt,1230,153600,282,0.02127659574468085,160.2872340425532,891,0.001122334455667789,103.03030303030303,891,0.0,102.65881032547699,2015,970,47286412,138.34956693649292,040a11f
sfl_tilt,1230,184320,282,0.16312056737588654,336.00354609929076,891,0.0,86.41638608305276,891,0.0,87.42087542087542,2015,970,47286412,138.34956693649292,040a11f
sfl_tilt,1230,215040,282,0.06028368794326241,264.1737588652482,891,0.04489337822671156,185.79236812570147,891,0.04826038159371493,181.57575757575756,2015,970,47286412,138.34956693649292,040a11f
sfl_tilt,1230,245760,282,0.0673758865248227,253.9822695035461,891,0.017957351290684626,163.0280583613917,891,0.029180695847362513,164.4668911335578,2015,970,47286412,138.34956693649292,040a11f
sfl_tilt,1230,276480,282,0.01773049645390071,296.67021276595744,891,0.001122334455667789,111.74410774410775,891,0.003367003367003367,112.10662177328844,2015,970,47286412,138.34956693649292,040a11f
sfl_tilt,1230,307200,282,0.03900709219858156,189.18085106382978,891,0.001122334455667789,118.86531986531986,891,0.0,117.87878787878788,2015,970,47286412,138.34956693649292,040a11f
sfl_tilt,1231,0,282,0.0,32.44326241134752,891,0.0,15.922558922558922,891,0.0,15.914702581369248,1673,822,66457747,138.2301959991455,040a11f
sfl_tilt,1231,30720,282,0.20567375886524822,335.89716312056737,891,0.0,158.42424242424244,891,0.0,156.74971941638609,1673,822,66457747,138.2301959991455,040a11f
sfl_tilt,1231,61440,282,0.06028368794326241,235.0744680851064,891,0.0,112.9236812570146,891,0.0,112.30415263748597,1673,822,66457747,138.2301959991455,040a11f
sfl_tilt,1231,92160,282,0.3546099290780142,342.3262411347518,891,0.0,117.06397306397307,891,0.0,116.12682379349046,1673,822,66457747,138.2301959991455,040a11f
sfl_tilt,1231,122880,282,0.12056737588652482,295.36879432624113,891,0.04489337822671156,210.1043771043771,891,0.052749719416386086,209.70594837261504,1673,822,66457747,138.2301959991455,040a11f
sfl_tilt,1231,153600,282,0.20921985815602837,340.1737588652482,891,0.003367003367003367,163.26711560044893,891,0.006734006734006734,163.4747474747475,1673,822,66457747,138.2301959991455,040a11f
sfl_tilt,1231,184320,282,0.8794326241134752,487.4078014184397,891,0.029180695847362513,198.32996632996634,891,0.02356902356902357,194.82716049382717,1673,822,66457747,138.2301959991455,040a11f
sfl_tilt,1231,215040,282,0.9326241134751773,488.7836879432624,891,0.9292929292929293,471.62850729517396,891,0.9124579124579124,464.7631874298541,1673,822,66457747,138.2301959991455,040a11f
sfl_tilt,1231,245760,282,0.9787234042553191,495.07801418439715,891,0.792368125701459,416.016835016835,891,0.7867564534231201,414.4253647586981,1673,822,66457747,138.2301959991455,040a11f
sfl_tilt,1231,276480,282,0.9858156028368794,494.7482269503546,891,0.028058361391694726,73.70707070707071,891,0.02132435465768799,71.45342312008978,1673,822,66457747,138.2301959991455,040a11f
sfl_tilt,1231,307200,282,0.950354609929078,489.8723404255319,891,0.8305274971941639,431.93939393939394,891,0.8226711560044894,428.65432098765433,1673,822,66457747,138.2301959991455,040a11f
DR,1236,0,282,0.0,22.94326241134752,891,0.0,13.168350168350168,891,0.0,13.131313131313131,2109,0,0,25.861186027526855,040a11f
DR,1236,30720,282,0.18439716312056736,298.15602836879435,891,0.0,123.5230078563412,891,0.0,122.55555555555556,2109,0,0,25.861186027526855,040a11f
DR,1236,61440,282,0.05319148936170213,214.6950354609929,891,0.0,102.53086419753086,891,0.0,102.1604938271605,2109,0,0,25.861186027526855,040a11f
DR,1236,92160,282,0.1276595744680851,347.209219858156,891,0.36363636363636365,280.3793490460157,891,0.3546576879910213,275.5465768799102,2109,0,0,25.861186027526855,040a11f
DR,1236,122880,282,0.04609929078014184,204.39361702127658,891,0.0,108.08193041526376,891,0.0,107.37261503928171,2109,0,0,25.861186027526855,040a11f
DR,1236,153600,282,0.04609929078014184,209.2163120567376,891,0.0,117.30864197530865,891,0.0,116.54433221099887,2109,0,0,25.861186027526855,040a11f
DR,1236,184320,282,0.01773049645390071,191.9468085106383,891,0.0,116.64309764309765,891,0.0,115.96520763187429,2109,0,0,25.861186027526855,040a11f
DR,1236,215040,282,0.010638297872340425,187.28014184397162,891,0.0,117.70819304152637,891,0.0,117.01907968574635,2109,0,0,25.861186027526855,040a11f
DR,1236,245760,282,0.20212765957446807,335.99645390070924,891,0.001122334455667789,130.5679012345679,891,0.0,129.3726150392817,2109,0,0,25.861186027526855,040a11f
DR,1236,276480,282,0.5283687943262412,452.82978723404256,891,0.1526374859708193,205.3771043771044,891,0.1750841750841751,214.35802469135803,2109,0,0,25.861186027526855,040a11f
DR,1236,307200,282,0.9822695035460993,495.1666666666667,891,0.001122334455667789,58.62065095398429,891,0.001122334455667789,59.113355780022445,2109,0,0,25.861186027526855,040a11f
sfl_tilt,1232,0,282,0.0,14.336879432624114,891,0.0,23.206509539842873,891,0.0,24.20314253647587,1647,811,73728014,146.47139191627502,040a11f
sfl_tilt,1232,30720,282,0.1347517730496454,279.27659574468083,891,0.0,120.65432098765432,891,0.0,119.55106621773288,1647,811,73728014,146.47139191627502,040a11f
sfl_tilt,1232,61440,282,0.11347517730496454,280.9255319148936,891,0.0,118.75869809203142,891,0.0,117.9057239057239,1647,811,73728014,146.47139191627502,040a11f
sfl_tilt,1232,92160,282,0.11347517730496454,261.3829787234043,891,0.0,116.45566778900113,891,0.0,115.59820426487093,1647,811,73728014,146.47139191627502,040a11f
sfl_tilt,1232,122880,282,0.5921985815602837,444.21985815602835,891,0.38047138047138046,317.4410774410774,891,0.37373737373737376,315.12008978675647,1647,811,73728014,146.47139191627502,040a11f
sfl_tilt,1232,153600,282,0.7056737588652482,463.33687943262413,891,0.007856341189674524,162.5297418630752,891,0.016835016835016835,163.0561167227834,1647,811,73728014,146.47139191627502,040a11f
sfl_tilt,1232,184320,282,0.9609929078014184,495.0567375886525,891,0.19640852974186307,177.93939393939394,891,0.18967452300785634,170.4668911335578,1647,811,73728014,146.47139191627502,040a11f
sfl_tilt,1232,215040,282,0.3120567375886525,409.7517730496454,891,0.4511784511784512,332.2749719416386,891,0.44556677890011226,326.6228956228956,1647,811,73728014,146.47139191627502,040a11f
sfl_tilt,1232,245760,282,0.9858156028368794,496.14539007092196,891,0.5028058361391695,293.0549943883277,891,0.4713804713804714,279.2581369248036,1647,811,73728014,146.47139191627502,040a11f
sfl_tilt,1232,276480,282,0.4574468085106383,446.709219858156,891,0.4332210998877666,333.42873176206507,891,0.4298540965207632,329.5151515151515,1647,811,73728014,146.47139191627502,040a11f
sfl_tilt,1232,307200,282,0.9716312056737588,496.822695035461,891,0.8462401795735129,437.37598204264873,891,0.8294051627384961,430.5375982042649,1647,811,73728014,146.47139191627502,040a11f
DR,1237,0,282,0.0,40.262411347517734,891,0.0,26.039281705948373,891,0.0,25.291806958473625,1787,0,0,34.2109477519989,040a11f
DR,1237,30720,282,0.6063829787234043,438.35460992907804,891,0.05499438832772166,252.73849607182942,891,0.04040404040404041,248.79012345679013,1787,0,0,34.2109477519989,040a11f
DR,1237,61440,282,0.024822695035460994,205.38297872340425,891,0.0,104.49719416386083,891,0.0,103.9236812570146,1787,0,0,34.2109477519989,040a11f
DR,1237,92160,282,0.2375886524822695,315.8581560283688,891,0.0,115.92480359147025,891,0.0,114.94725028058362,1787,0,0,34.2109477519989,040a11f
DR,1237,122880,282,0.11702127659574468,255.22340425531914,891,0.0,101.47138047138047,891,0.0,100.73063973063974,1787,0,0,34.2109477519989,040a11f
DR,1237,153600,282,0.44680851063829785,412.0070921985816,891,0.002244668911335578,189.55443322109988,891,0.004489337822671156,190.14141414141415,1787,0,0,34.2109477519989,040a11f
DR,1237,184320,282,0.20212765957446807,344.09574468085106,891,0.003367003367003367,162.74298540965208,891,0.005611672278338945,163.84511784511784,1787,0,0,34.2109477519989,040a11f
DR,1237,215040,282,0.9716312056737588,495.5070921985816,891,0.12121212121212122,123.98540965207631,891,0.09652076318742986,114.95622895622895,1787,0,0,34.2109477519989,040a11f
DR,1237,245760,282,0.9858156028368794,493.62056737588654,891,0.0,55.592592592592595,891,0.001122334455667789,55.36026936026936,1787,0,0,34.2109477519989,040a11f
DR,1237,276480,282,0.1347517730496454,319.0496453900709,891,0.0,87.58922558922559,891,0.0,88.29629629629629,1787,0,0,34.2109477519989,040a11f
DR,1237,307200,282,0.06382978723404255,254.9290780141844,891,0.0,123.34118967452301,891,0.0,123.11784511784512,1787,0,0,34.2109477519989,040a11f
sfl_tilt,1233,0,282,0.0,18.875886524822697,891,0.0,13.52749719416386,891,0.0,13.354657687991022,1918,962,52642737,160.84648203849792,040a11f
sfl_tilt,1233,30720,282,0.1879432624113475,318.1808510638298,891,0.0,145.69472502805837,891,0.0,144.38496071829405,1918,962,52642737,160.84648203849792,040a11f
sfl_tilt,1233,61440,282,0.05319148936170213,256.07801418439715,891,0.0,126.63075196408529,891,0.0,125.67901234567901,1918,962,52642737,160.84648203849792,040a11f
sfl_tilt,1233,92160,282,0.08156028368794327,268.8333333333333,891,0.0,128.1537598204265,891,0.0,127.2334455667789,1918,962,52642737,160.84648203849792,040a11f
sfl_tilt,1233,122880,282,0.13120567375886524,259.4751773049645,891,0.0,111.62177328843995,891,0.0,111.1952861952862,1918,962,52642737,160.84648203849792,040a11f
sfl_tilt,1233,153600,282,0.7021276595744681,450.5,891,0.07856341189674523,225.88103254769922,891,0.06621773288439955,223.2828282828283,1918,962,52642737,160.84648203849792,040a11f
sfl_tilt,1233,184320,282,0.9822695035460993,496.8936170212766,891,0.8843995510662177,452.89337822671155,891,0.8754208754208754,449.4074074074074,1918,962,52642737,160.84648203849792,040a11f
sfl_tilt,1233,215040,282,0.07801418439716312,228.03546099290782,891,0.0,109.996632996633,891,0.0,109.50280583613917,1918,962,52642737,160.84648203849792,040a11f
sfl_tilt,1233,245760,282,0.5460992907801419,422.3156028368794,891,0.0,149.83726150392818,891,0.0,147.90460157126824,1918,962,52642737,160.84648203849792,040a11f
sfl_tilt,1233,276480,282,0.9113475177304965,488.00354609929076,891,0.6105499438832772,386.1144781144781,891,0.6127946127946128,387.3636363636364,1918,962,52642737,160.84648203849792,040a11f
sfl_tilt,1233,307200,282,0.8368794326241135,481.0496453900709,891,0.1627384960718294,275.7485970819304,891,0.16610549943883277,271.61728395061726,1918,962,52642737,160.84648203849792,040a11f
DR,1238,0,282,0.0,56.794326241134755,891,0.0,21.701459034792368,891,0.0,21.575757575757574,1953,0,0,35.860721826553345,040a11f
DR,1238,30720,282,0.10638297872340426,277.8829787234043,891,0.0,140.7171717171717,891,0.001122334455667789,138.96745230078562,1953,0,0,35.860721826553345,040a11f
DR,1238,61440,282,0.24822695035460993,336.84397163120565,891,0.0,140.74410774410774,891,0.0,139.41526374859708,1953,0,0,35.860721826553345,040a11f
DR,1238,92160,282,0.07092198581560284,275.34397163120565,891,0.0,133.49943883277217,891,0.0,132.64197530864197,1953,0,0,35.860721826553345,040a11f
DR,1238,122880,282,0.20212765957446807,371.6914893617021,891,0.4208754208754209,307.66778900112234,891,0.43209876543209874,305.7867564534231,1953,0,0,35.860721826553345,040a11f
DR,1238,153600,282,0.0425531914893617,206.70212765957447,891,0.0,99.91694725028059,891,0.0,99.72502805836139,1953,0,0,35.860721826553345,040a11f
DR,1238,184320,282,0.05319148936170213,207.36170212765958,891,0.0,106.25252525252525,891,0.0,105.88103254769922,1953,0,0,35.860721826553345,040a11f
DR,1238,215040,282,0.20921985815602837,321.71985815602835,891,0.0,126.87542087542087,891,0.0,125.49158249158249,1953,0,0,35.860721826553345,040a11f
DR,1238,245760,282,0.9858156028368794,495.87943262411346,891,0.9046015712682379,463.0594837261504,891,0.8922558922558923,457.4276094276094,1953,0,0,35.860721826553345,040a11f
DR,1238,276480,282,0.975177304964539,493.8404255319149,891,0.792368125701459,415.18069584736253,891,0.7833894500561167,411.9820426487093,1953,0,0,35.860721826553345,040a11f
DR,1238,307200,282,0.9929078014184397,499.9113475177305,891,0.5409652076318743,309.973063973064,891,0.5499438832772167,313.65432098765433,1953,0,0,35.860721826553345,040a11f
DR,1239,0,282,0.0070921985815602835,20.96099290780142,891,0.0,53.81818181818182,891,0.0,54.2020202020202,1704,0,0,36.081865072250366,040a11f
DR,1239,30720,282,0.09929078014184398,244.82624113475177,891,0.0,109.81593714927048,891,0.0,108.95847362514029,1704,0,0,36.081865072250366,040a11f
DR,1239,61440,282,0.07801418439716312,244.54255319148936,891,0.0,112.40852974186308,891,0.0,111.63636363636364,1704,0,0,36.081865072250366,040a11f
DR,1239,92160,282,0.9397163120567376,490.1276595744681,891,0.7732884399551067,407.1627384960718,891,0.7631874298540965,403.1335578002245,1704,0,0,36.081865072250366,040a11f
DR,1239,122880,282,0.028368794326241134,177.33333333333334,891,0.0,106.16947250280583,891,0.0,105.69248035914703,1704,0,0,36.081865072250366,040a11f
DR,1239,153600,282,0.3546099290780142,358.01418439716315,891,0.0,150.21997755331088,891,0.0,147.48597081930416,1704,0,0,36.081865072250366,040a11f
DR,1239,184320,282,0.3191489361702128,351.9751773049645,891,0.0,132.03928170594838,891,0.0,130.5185185185185,1704,0,0,36.081865072250366,040a11f
DR,1239,215040,282,0.05319148936170213,248.52836879432624,891,0.0,116.84848484848484,891,0.0,116.14814814814815,1704,0,0,36.081865072250366,040a11f
DR,1239,245760,282,0.48226950354609927,424.29432624113474,891,0.004489337822671156,184.11784511784512,891,0.002244668911335578,181.63636363636363,1704,0,0,36.081865072250366,040a11f
DR,1239,276480,282,0.9397163120567376,491.90070921985813,891,0.9315375982042648,472.9786756453423,891,0.9191919191919192,467.87991021324353,1704,0,0,36.081865072250366,040a11f
DR,1239,307200,282,0.975177304964539,494.8723404255319,891,0.9248035914702581,469.7081930415264,891,0.898989898989899,459.16161616161617,1704,0,0,36.081865072250366,040a11f
sfl_tilt,1234,0,282,0.0,12.074468085106384,891,0.0,22.90347923681257,891,0.0,23.15712682379349,1983,951,52949540,178.9517171382904,040a11f
sfl_tilt,1234,30720,282,0.08865248226950355,258.16312056737587,891,0.0,108.68237934904602,891,0.0,107.8327721661055,1983,951,52949540,178.9517171382904,040a11f
sfl_tilt,1234,61440,282,0.07801418439716312,267.1170212765957,891,0.05723905723905724,184.92143658810326,891,0.03591470258136925,181.99775533108865,1983,951,52949540,178.9517171382904,040a11f
sfl_tilt,1234,92160,282,0.03900709219858156,229.15248226950354,891,0.0,124.41863075196409,891,0.0,123.65993265993266,1983,951,52949540,178.9517171382904,040a11f
sfl_tilt,1234,122880,282,0.11347517730496454,286.6170212765957,891,0.0,136.6969696969697,891,0.0,135.83164983164983,1983,951,52949540,178.9517171382904,040a11f
sfl_tilt,1234,153600,282,0.9361702127659575,489.59574468085106,891,0.39281705948372614,370.84175084175087,891,0.4051627384960718,367.0314253647587,1983,951,52949540,178.9517171382904,040a11f
sfl_tilt,1234,184320,282,0.03546099290780142,211.1631205673759,891,0.001122334455667789,123.91021324354658,891,0.002244668911335578,123.19416386083053,1983,951,52949540,178.9517171382904,040a11f
sfl_tilt,1234,215040,282,0.1524822695035461,297.3191489361702,891,0.001122334455667789,121.64309764309765,891,0.0,120.45903479236813,1983,951,52949540,178.9517171382904,040a11f
sfl_tilt,1234,245760,282,0.7340425531914894,462.8014184397163,891,0.0,141.53086419753086,891,0.0,143.0280583613917,1983,951,52949540,178.9517171382904,040a11f
sfl_tilt,1234,276480,282,0.9574468085106383,495.09929078014187,891,0.3176206509539843,309.80583613916946,891,0.32323232323232326,310.8136924803591,1983,951,52949540,178.9517171382904,040a11f
sfl_tilt,1234,307200,282,0.9078014184397163,485.8900709219858,891,0.8282828282828283,431.35016835016836,891,0.8058361391694725,422.78900112233447,1983,951,52949540,178.9517171382904,040a11f
DR,1240,0,282,0.0,36.265957446808514,891,0.0,15.409652076318743,891,0.0,15.228956228956228,2064,0,0,30.798398971557617,040a11f
DR,1240,30720,282,0.08156028368794327,251.32269503546098,891,0.0,107.33333333333333,891,0.0,106.7384960718294,2064,0,0,30.798398971557617,040a11f
DR,1240,61440,282,0.7411347517730497,460.13120567375887,891,0.015712682379349047,238.76094276094275,891,0.014590347923681257,235.8080808080808,2064,0,0,30.798398971557617,040a11f
DR,1240,92160,282,0.36524822695035464,386.9326241134752,891,0.0,160.90347923681256,891,0.0,159.35802469135803,2064,0,0,30.798398971557617,040a11f
DR,1240,122880,282,0.031914893617021274,180.854609929078,891,0.0,108.09652076318743,891,0.0,107.59820426487093,2064,0,0,30.798398971557617,040a11f
DR,1240,153600,282,0.13829787234042554,306.9645390070922,891,0.0,124.43322109988776,891,0.0,122.91470258136926,2064,0,0,30.798398971557617,040a11f
DR,1240,184320,282,0.42907801418439717,394.3900709219858,891,0.003367003367003367,172.33221099887766,891,0.001122334455667789,171.34231200897867,2064,0,0,30.798398971557617,040a11f
DR,1240,215040,282,0.05319148936170213,236.5744680851064,891,0.001122334455667789,127.12906846240179,891,0.0,126.96184062850729,2064,0,0,30.798398971557617,040a11f
DR,1240,245760,282,0.05673758865248227,253.82978723404256,891,0.001122334455667789,129.31537598204264,891,0.0,128.4781144781145,2064,0,0,30.798398971557617,040a11f
DR,1240,276480,282,0.06382978723404255,211.67730496453902,891,0.001122334455667789,120.38608305274973,891,0.0,119.35241301907969,2064,0,0,30.798398971557617,040a11f
DR,1240,307200,282,0.8156028368794326,477.4574468085106,891,0.08417508417508418,161.36139169472503,891,0.0707070707070707,158.1043771043771,2064,0,0,30.798398971557617,040a11f
sfl_tilt,1235,0,282,0.0,24.861702127659573,891,0.0,14.286195286195285,891,0.0,14.343434343434344,1827,942,58492438,184.59949588775635,040a11f
sfl_tilt,1235,30720,282,0.574468085106383,438.9929078014184,891,0.050505050505050504,258.98092031425364,891,0.05387205387205387,254.33333333333334,1827,942,58492438,184.59949588775635,040a11f
sfl_tilt,1235,61440,282,0.12411347517730496,277.4574468085106,891,0.0,125.62289562289563,891,0.0,124.65432098765432,1827,942,58492438,184.59949588775635,040a11f
sfl_tilt,1235,92160,282,0.09219858156028368,209.38652482269504,891,0.0,95.03254769921436,891,0.0,94.83501683501683,1827,942,58492438,184.59949588775635,040a11f
sfl_tilt,1235,122880,282,0.09929078014184398,246.3404255319149,891,0.0,105.72166105499439,891,0.001122334455667789,105.55218855218855,1827,942,58492438,184.59949588775635,040a11f
sfl_tilt,1235,153600,282,0.6985815602836879,446.37943262411346,891,0.02356902356902357,176.01907968574636,891,0.02132435465768799,171.90011223344555,1827,942,58492438,184.59949588775635,040a11f
sfl_tilt,1235,184320,282,0.8546099290780141,472.6276595744681,891,0.33221099887766553,281.5364758698092,891,0.31313131313131315,271.9674523007856,1827,942,58492438,184.59949588775635,040a11f
sfl_tilt,1235,215040,282,0.549645390070922,438.09574468085106,891,0.23681257014590348,238.06172839506172,891,0.2143658810325477,226.6206509539843,1827,942,58492438,184.59949588775635,040a11f
sfl_tilt,1235,245760,282,0.1879432624113475,307.52127659574467,891,0.0,117.74971941638609,891,0.0,117.00561167227833,1827,942,58492438,184.59949588775635,040a11f
sfl_tilt,1235,276480,282,0.9113475177304965,485.8049645390071,891,0.3164983164983165,288.42873176206507,891,0.3052749719416386,281.4186307519641,1827,942,58492438,184.59949588775635,040a11f
sfl_tilt,1235,307200,282,0.9680851063829787,494.3262411347518,891,0.5117845117845118,355.5578002244669,891,0.5028058361391695,352.5948372615039,1827,942,58492438,184.59949588775635,040a11f
sfl_tilt,1236,0,282,0.2375886524822695,250.56382978723406,891,0.0,54.31874298540965,891,0.0,54.672278338945006,1794,867,56880607,185.74312782287598,040a11f
sfl_tilt,1236,30720,282,0.2198581560283688,313.84751773049646,891,0.0,119.13131313131314,891,0.0,118.1705948372615,1794,867,56880607,185.74312782287598,040a11f
sfl_tilt,1236,61440,282,0.8475177304964538,483.9326241134752,891,0.18855218855218855,331.5061728395062,891,0.17845117845117844,326.68799102132436,1794,867,56880607,185.74312782287598,040a11f
sfl_tilt,1236,92160,282,0.07801418439716312,230.86170212765958,891,0.0,100.29292929292929,891,0.0,99.88664421997755,1794,867,56880607,185.74312782287598,040a11f
sfl_tilt,1236,122880,282,0.2872340425531915,360.21985815602835,891,0.001122334455667789,163.8114478114478,891,0.002244668911335578,162.1885521885522,1794,867,56880607,185.74312782287598,040a11f
sfl_tilt,1236,153600,282,0.12056737588652482,312.9326241134752,891,0.0,102.337822671156,891,0.0,102.5993265993266,1794,867,56880607,185.74312782287598,040a11f
sfl_tilt,1236,184320,282,0.15602836879432624,310.5177304964539,891,0.001122334455667789,137.17957351290684,891,0.003367003367003367,135.9483726150393,1794,867,56880607,185.74312782287598,040a11f
sfl_tilt,1236,215040,282,0.16666666666666666,384.49645390070924,891,0.44556677890011226,307.17620650953984,891,0.44332210998877664,304.1818181818182,1794,867,56880607,185.74312782287598,040a11f
sfl_tilt,1236,245760,282,0.8368794326241135,479.4751773049645,891,0.6576879910213244,396.2828282828283,891,0.6408529741863075,388.0628507295174,1794,867,56880607,185.74312782287598,040a11f
sfl_tilt,1236,276480,282,0.950354609929078,491.8723404255319,891,0.8383838383838383,434.69809203142535,891,0.8361391694725028,433.7901234567901,1794,867,56880607,185.74312782287598,040a11f
sfl_tilt,1236,307200,282,0.9468085106382979,491.59574468085106,891,0.22334455667789002,320.949494949495,891,0.23120089786756454,318.1705948372615,1794,867,56880607,185.74312782287598,040a11f
DR,1241,0,282,0.0,13.606382978723405,891,0.0,33.98765432098765,891,0.0,33.674523007856344,2100,0,0,27.73296284675598,040a11f
DR,1241,30720,282,0.09219858156028368,226.33333333333334,891,0.0,99.7665544332211,891,0.0,99.3973063973064,2100,0,0,27.73296284675598,040a11f
DR,1241,61440,282,0.20567375886524822,350.7517730496454,891,0.003367003367003367,181.36363636363637,891,0.005611672278338945,180.16161616161617,2100,0,0,27.73296284675598,040a11f
DR,1241,92160,282,0.028368794326241134,215.04964539007094,891,0.0,114.69921436588103,891,0.0,113.95173961840628,2100,0,0,27.73296284675598,040a11f
DR,1241,122880,282,0.0070921985815602835,150.12056737588654,891,0.0,92.73625140291807,891,0.0,92.4702581369248,2100,0,0,27.73296284675598,040a11f
DR,1241,153600,282,0.6418439716312057,449.65248226950354,891,0.004489337822671156,167.6206509539843,891,0.004489337822671156,167.16273849607182,2100,0,0,27.73296284675598,040a11f
DR,1241,184320,282,0.10283687943262411,300.6063829787234,891,0.0,128.40291806958473,891,0.0,127.13019079685746,2100,0,0,27.73296284675598,040a11f
DR,1241,215040,282,0.08865248226950355,261.36170212765956,891,0.0,126.31313131313131,891,0.0,125.41189674523008,2100,0,0,27.73296284675598,040a11f
DR,1241,245760,282,0.02127659574468085,165.96453900709218,891,0.0,111.20089786756454,891,0.0,110.50280583613917,2100,0,0,27.73296284675598,040a11f
DR,1241,276480,282,0.11347517730496454,257.01418439716315,891,0.0,111.45791245791246,891,0.001122334455667789,111.13804713804714,2100,0,0,27.73296284675598,040a11f
DR,1241,307200,282,0.900709219858156,489.1950354609929,891,0.1638608305274972,211.8114478114478,891,0.1414141414141414,199.96969696969697,2100,0,0,27.73296284675598,040a11f
DR,1242,0,282,0.0,12.843971631205674,891,0.0,24.810325476992144,891,0.0,24.274971941638608,1881,0,0,28.021297216415405,040a11f
DR,1242,30720,282,0.06028368794326241,232.14893617021278,891,0.0,111.23456790123457,891,0.0,110.48933782267116,1881,0,0,28.021297216415405,040a11f
DR,1242,61440,282,0.13829787234042554,284.91843971631204,891,0.0,121.01234567901234,891,0.0,119.94837261503928,1881,0,0,28.021297216415405,040a11f
DR,1242,92160,282,0.09574468085106383,267.6914893617021,891,0.0,114.55780022446689,891,0.0,113.6341189674523,1881,0,0,28.021297216415405,040a11f
DR,1242,122880,282,0.1276595744680851,299.21276595744683,891,0.0,127.0246913580247,891,0.0,126.09203142536475,1881,0,0,28.021297216415405,040a11f
DR,1242,153600,282,0.6099290780141844,437.11347517730496,891,0.06621773288439955,243.8148148148148,891,0.051627384960718295,240.8496071829405,1881,0,0,28.021297216415405,040a11f
DR,1242,184320,282,0.8829787234042553,487.38652482269504,891,0.468013468013468,407.27048260381594,891,0.47586980920314254,402.8686868686869,1881,0,0,28.021297216415405,040a11f
DR,1242,215040,282,0.08865248226950355,265.8262411347518,891,0.001122334455667789,137.56341189674524,891,0.0,136.95622895622895,1881,0,0,28.021297216415405,040a11f
DR,1242,245760,282,0.9680851063829787,494.9503546099291,891,0.9169472502805837,466.07519640852973,891,0.9068462401795735,462.7934904601571,1881,0,0,28.021297216415405,040a11f
DR,1242,276480,282,0.7269503546099291,469.8936170212766,891,0.4657687991021324,353.87205387205387,891,0.4612794612794613,352.026936026936,1881,0,0,28.021297216415405,040a11f
DR,1242,307200,282,0.9574468085106383,492.2411347517731,891,0.7474747474747475,398.0942760942761,891,0.7418630751964085,395.1077441077441,1881,0,0,28.021297216415405,040a11f
sfl_tilt,1237,0,282,0.0,14.673758865248226,891,0.0,28.612794612794612,891,0.0,28.033670033670035,1771,819,57100676,182.85545182228088,040a11f
sfl_tilt,1237,30720,282,0.13120567375886524,277.6914893617021,891,0.0,119.82379349046016,891,0.0,118.74635241301908,1771,819,57100676,182.85545182228088,040a11f
sfl_tilt,1237,61440,282,0.3971631205673759,387.07092198581563,891,0.0,160.31200897867564,891,0.0,158.09652076318744,1771,819,57100676,182.85545182228088,040a11f
sfl_tilt,1237,92160,282,0.25177304964539005,383.8936170212766,891,0.013468013468013467,103.327721661055,891,0.01122334455667789,104.65881032547699,1771,819,57100676,182.85545182228088,040a11f
sfl_tilt,1237,122880,282,0.5070921985815603,421.2517730496454,891,0.4478114478114478,307.6094276094276,891,0.4478114478114478,306.18069584736253,1771,819,57100676,182.85545182228088,040a11f
sfl_tilt,1237,153600,282,0.07446808510638298,222.89361702127658,891,0.001122334455667789,102.17957351290684,891,0.0,101.4287317620651,1771,819,57100676,182.85545182228088,040a11f
sfl_tilt,1237,184320,282,0.30851063829787234,363.86524822695037,891,0.001122334455667789,139.7070707070707,891,0.0,138.35241301907968,1771,819,57100676,182.85545182228088,040a11f
sfl_tilt,1237,215040,282,0.4326241134751773,376.1063829787234,891,0.05723905723905724,151.75533108866443,891,0.04264870931537598,148.64758698092032,1771,819,57100676,182.85545182228088,040a11f
sfl_tilt,1237,245760,282,0.9680851063829787,493.33687943262413,891,0.9169472502805837,466.8597081930415,891,0.9001122334455668,459.8776655443322,1771,819,57100676,182.85545182228088,040a11f
sfl_tilt,1237,276480,282,0.9822695035460993,495.9078014184397,891,0.867564534231201,445.90909090909093,891,0.8406285072951739,434.9371492704826,1771,819,57100676,182.85545182228088,040a11f
sfl_tilt,1237,307200,282,0.9680851063829787,490.0567375886525,891,0.5645342312008979,324.4466891133558,891,0.5555555555555556,320.79685746352413,1771,819,57100676,182.85545182228088,040a11f
DR,1243,0,282,0.0,50.719858156028366,891,0.0,43.55106621773288,891,0.0,43.210998877665546,1895,0,0,23.714149236679077,040a11f
DR,1243,30720,282,0.6808510638297872,453.1737588652482,891,0.002244668911335578,236.25364758698092,891,0.001122334455667789,232.86868686868686,1895,0,0,23.714149236679077,040a11f
DR,1243,61440,282,0.07446808510638298,222.74468085106383,891,0.0,102.09539842873176,891,0.0,101.67676767676768,1895,0,0,23.714149236679077,040a11f
DR,1243,92160,282,0.5602836879432624,408.3900709219858,891,0.09876543209876543,198.84399551066218,891,0.0931537598204265,193.34567901234567,1895,0,0,23.714149236679077,040a11f
DR,1243,122880,282,0.02127659574468085,257.4822695035461,891,0.2166105499438833,277.4208754208754,891,0.21212121212121213,275.47923681257015,1895,0,0,23.714149236679077,040a11f
DR,1243,153600,282,0.07092198581560284,265.322695035461,891,0.001122334455667789,128.48933782267116,891,0.0,127.55667789001123,1895,0,0,23.714149236679077,040a11f
DR,1243,184320,282,0.16666666666666666,325.968085106383,891,0.0,133.006734006734,891,0.0,132.0942760942761,1895,0,0,23.714149236679077,040a11f
DR,1243,215040,282,0.8900709219858156,481.52836879432624,891,0.08978675645342311,269.962962962963,891,0.08080808080808081,267.0852974186308,1895,0,0,23.714149236679077,040a11f
DR,1243,245760,282,0.9716312056737588,495.73758865248226,891,0.9102132435465768,463.45117845117846,891,0.8843995510662177,453.1818181818182,1895,0,0,23.714149236679077,040a11f
DR,1243,276480,282,0.3191489361702128,372.4574468085106,891,0.001122334455667789,145.30864197530863,891,0.0,143.82379349046016,1895,0,0,23.714149236679077,040a11f
DR,1243,307200,282,0.05673758865248227,331.1985815602837,891,0.409652076318743,294.8810325476992,891,0.4152637485970819,292.641975308642,1895,0,0,23.714149236679077,040a11f
sfl_tilt,1238,0,282,0.0,59.96808510638298,891,0.0,24.66442199775533,891,0.0,24.6307519640853,1815,898,59648054,171.21327686309814,040a11f
sfl_tilt,1238,30720,282,0.08156028368794327,224.3404255319149,891,0.0,104.60493827160494,891,0.0,104.09876543209876,1815,898,59648054,171.21327686309814,040a11f
sfl_tilt,1238,61440,282,0.07446808510638298,217.15602836879432,891,0.0,107.65993265993266,891,0.0,107.14141414141415,1815,898,59648054,171.21327686309814,040a11f
sfl_tilt,1238,92160,282,0.0673758865248227,214.86170212765958,891,0.003367003367003367,131.54320987654322,891,0.002244668911335578,130.3625140291807,1815,898,59648054,171.21327686309814,040a11f
sfl_tilt,1238,122880,282,0.9822695035460993,498.031914893617,891,0.8462401795735129,437.7250280583614,891,0.835016835016835,433.02581369248037,1815,898,59648054,171.21327686309814,040a11f
sfl_tilt,1238,153600,282,0.5319148936170213,415.9432624113475,891,0.31313131313131315,236.11335578002246,891,0.31200897867564537,235.65432098765433,1815,898,59648054,171.21327686309814,040a11f
sfl_tilt,1238,184320,282,0.2907801418439716,378.8333333333333,891,0.35914702581369246,252.4837261503928,891,0.35802469135802467,251.20763187429853,1815,898,59648054,171.21327686309814,040a11f
sfl_tilt,1238,215040,282,0.549645390070922,425.4609929078014,891,0.001122334455667789,184.69248035914703,891,0.001122334455667789,182.63636363636363,1815,898,59648054,171.21327686309814,040a11f
sfl_tilt,1238,245760,282,0.23049645390070922,345.13829787234044,891,0.0,155.67115600448935,891,0.0,153.93490460157128,1815,898,59648054,171.21327686309814,040a11f
sfl_tilt,1238,276480,282,0.04964539007092199,236.16666666666666,891,0.07856341189674523,188.4253647586981,891,0.0718294051627385,183.42424242424244,1815,898,59648054,171.21327686309814,040a11f
sfl_tilt,1238,307200,282,0.04964539007092199,215.08156028368793,891,0.0,112.35241301907969,891,0.0,111.69472502805836,1815,898,59648054,171.21327686309814,040a11f
DR,1244,0,282,0.0,17.49645390070922,891,0.0,70.46352413019079,891,0.0,71.62177328843995,1796,0,0,26.551377058029175,040a11f
DR,1244,30720,282,0.12056737588652482,272.51418439716315,891,0.0,122.63636363636364,891,0.0,121.39842873176207,1796,0,0,26.551377058029175,040a11f
DR,1244,61440,282,0.1773049645390071,291.8014184397163,891,0.0,107.71829405162738,891,0.0,107.06060606060606,1796,0,0,26.551377058029175,040a11f
DR,1244,92160,282,0.9929078014184397,498.3404255319149,891,0.8552188552188552,440.74747474747477,891,0.8529741863075196,439.5151515151515,1796,0,0,26.551377058029175,040a11f
DR,1244,122880,282,0.46099290780141844,402.58156028368796,891,0.001122334455667789,169.89674523007855,891,0.0,168.1436588103255,1796,0,0,26.551377058029175,040a11f
DR,1244,153600,282,0.13829787234042554,292.7304964539007,891,0.001122334455667789,110.08529741863074,891,0.0,109.13468013468014,1796,0,0,26.551377058029175,040a11f
DR,1244,184320,282,0.7588652482269503,467.67021276595744,891,0.003367003367003367,216.15600448933782,891,0.001122334455667789,212.89674523007855,1796,0,0,26.551377058029175,040a11f
DR,1244,215040,282,0.9148936170212766,478.75531914893617,891,0.39057239057239057,256.1447811447811,891,0.38496071829405165,253.59371492704827,1796,0,0,26.551377058029175,040a11f
DR,1244,245760,282,0.925531914893617,493.1063829787234,891,0.244668911335578,256.324354657688,891,0.26262626262626265,255.74859708193043,1796,0,0,26.551377058029175,040a11f
DR,1244,276480,282,0.5780141843971631,454.51063829787233,891,0.003367003367003367,128.78226711560046,891,0.001122334455667789,123.00112233445567,1796,0,0,26.551377058029175,040a11f
DR,1244,307200,282,0.25177304964539005,354.2304964539007,891,0.001122334455667789,149.29517396184062,891,0.006734006734006734,148.01234567901236,1796,0,0,26.551377058029175,040a11f
sfl_tilt,1239,0,282,0.0,15.411347517730496,891,0.0,24.16610549943883,891,0.0,24.206509539842873,1941,904,47108311,160.46826601028442,040a11f
sfl_tilt,1239,30720,282,0.05319148936170213,213.82269503546098,891,0.0,101.00897867564534,891,0.0,100.21548821548822,1941,904,47108311,160.46826601028442,040a11f
sfl_tilt,1239,61440,282,0.09929078014184398,259.56382978723406,891,0.0,112.85297418630752,891,0.0,112.23120089786757,1941,904,47108311,160.46826601028442,040a11f
sfl_tilt,1239,92160,282,0.29432624113475175,327.6914893617021,891,0.0,122.0909090909091,891,0.0,120.42985409652076,1941,904,47108311,160.46826601028442,040a11f
sfl_tilt,1239,122880,282,0.028368794326241134,190.77304964539007,891,0.001122334455667789,104.7665544332211,891,0.0,104.05611672278339,1941,904,47108311,160.46826601028442,040a11f
sfl_tilt,1239,153600,282,0.07446808510638298,266.7411347517731,891,0.001122334455667789,118.59708193041526,891,0.0,117.76543209876543,1941,904,47108311,160.46826601028442,040a11f
sfl_tilt,1239,184320,282,0.03900709219858156,265.18794326241135,891,0.0,96.79910213243546,891,0.0,96.51851851851852,1941,904,47108311,160.46826601028442,040a11f
sfl_tilt,1239,215040,282,0.1276595744680851,293.47163120567376,891,0.001122334455667789,125.72727272727273,891,0.0,124.68237934904602,1941,904,47108311,160.46826601028442,040a11f
sfl_tilt,1239,245760,282,0.02127659574468085,220.46453900709218,891,0.122334455667789,212.8641975308642,891,0.13692480359147025,212.98428731762064,1941,904,47108311,160.46826601028442,040a11f
sfl_tilt,1239,276480,282,0.11702127659574468,279.677304964539,891,0.0,122.83838383838383,891,0.0,122.05948372615039,1941,904,47108311,160.46826601028442,040a11f
sfl_tilt,1239,307200,282,0.1773049645390071,317.6808510638298,891,0.0,132.7104377104377,891,0.0,131.59708193041527,1941,904,47108311,160.46826601028442,040a11f
DR,1245,0,282,0.0,12.925531914893616,891,0.0,26.297418630751963,891,0.0,26.48260381593715,2095,0,0,18.564640998840332,040a11f
DR,1245,30720,282,0.1453900709219858,304.8723404255319,891,0.0,127.28058361391695,891,0.0,125.73625140291807,2095,0,0,18.564640998840332,040a11f
DR,1245,61440,282,0.25177304964539005,330.75531914893617,891,0.0,138.29741863075196,891,0.0,136.672278338945,2095,0,0,18.564640998840332,040a11f
DR,1245,92160,282,0.6382978723404256,442.3014184397163,891,0.0,207.0875420875421,891,0.001122334455667789,204.93602693602693,2095,0,0,18.564640998840332,040a11f
DR,1245,122880,282,0.031914893617021274,208.13475177304966,891,0.0,120.15039281705948,891,0.0,119.50953984287318,2095,0,0,18.564640998840332,040a11f
DR,1245,153600,282,0.03900709219858156,229.95744680851064,891,0.0,111.22109988776656,891,0.0,110.662177328844,2095,0,0,18.564640998840332,040a11f
DR,1245,184320,282,0.32978723404255317,369.1737588652482,891,0.001122334455667789,155.01795735129068,891,0.0,153.40628507295173,2095,0,0,18.564640998840332,040a11f
DR,1245,215040,282,0.02127659574468085,197.95035460992906,891,0.0,118.31088664421998,891,0.0,117.58922558922559,2095,0,0,18.564640998840332,040a11f
DR,1245,245760,282,0.014184397163120567,197.96808510638297,891,0.0,133.1672278338945,891,0.002244668911335578,132.99214365881033,2095,0,0,18.564640998840332,040a11f
DR,1245,276480,282,0.6312056737588653,450.3333333333333,891,0.003367003367003367,191.51402918069584,891,0.002244668911335578,186.90123456790124,2095,0,0,18.564640998840332,040a11f
DR,1245,307200,282,0.776595744680851,471.177304964539,891,0.18855218855218855,288.15263748597084,891,0.18855218855218855,286.04040404040404,2095,0,0,18.564640998840332,040a11f
sfl_tilt,1240,0,282,0.0,10.546099290780141,891,0.0,11.214365881032547,891,0.0,11.04601571268238,2058,1014,50724319,145.60873889923096,040a11f
sfl_tilt,1240,30720,282,0.10638297872340426,250.18794326241135,891,0.0,100.93602693602693,891,0.0,100.45679012345678,2058,1014,50724319,145.60873889923096,040a11f
sfl_tilt,1240,61440,282,0.014184397163120567,168.7836879432624,891,0.0,94.1952861952862,891,0.0,93.98428731762066,2058,1014,50724319,145.60873889923096,040a11f
sfl_tilt,1240,92160,282,0.1595744680851064,335.0567375886525,891,0.012345679012345678,174.82379349046016,891,0.008978675645342313,169.82828282828282,2058,1014,50724319,145.60873889923096,040a11f
sfl_tilt,1240,122880,282,0.40425531914893614,372.1489361702128,891,0.0,131.02356902356902,891,0.0,129.7104377104377,2058,1014,50724319,145.60873889923096,040a11f
sfl_tilt,1240,153600,282,0.05319148936170213,216.80141843971631,891,0.0,103.17957351290684,891,0.0,102.84624017957351,2058,1014,50724319,145.60873889923096,040a11f
sfl_tilt,1240,184320,282,0.17375886524822695,306.322695035461,891,0.001122334455667789,125.61279461279462,891,0.0,124.38608305274973,2058,1014,50724319,145.60873889923096,040a11f
sfl_tilt,1240,215040,282,0.5106382978723404,415.35460992907804,891,0.001122334455667789,157.5218855218855,891,0.001122334455667789,156.17957351290684,2058,1014,50724319,145.60873889923096,040a11f
sfl_tilt,1240,245760,282,0.10638297872340426,310.34397163120565,891,0.36251402918069586,254.7138047138047,891,0.3479236812570146,250.5993265993266,2058,1014,50724319,145.60873889923096,040a11f
sfl_tilt,1240,276480,282,0.05319148936170213,208.84397163120568,891,0.0,113.67003367003367,891,0.0,112.94163860830527,2058,1014,50724319,145.60873889923096,040a11f
sfl_tilt,1240,307200,282,0.05673758865248227,241.25531914893617,891,0.016835016835016835,161.06172839506172,891,0.02244668911335578,158.79349046015713,2058,1014,50724319,145.60873889923096,040a11f
DR,1246,0,282,0.0,29.599290780141843,891,0.0,13.542087542087542,891,0.0,13.401795735129069,1955,0,0,18.4321768283844,040a11f
DR,1246,30720,282,0.12411347517730496,271.90070921985813,891,0.0,117.87542087542087,891,0.0,116.90684624017958,1955,0,0,18.4321768283844,040a11f
DR,1246,61440,282,0.12056737588652482,274.35460992907804,891,0.0,123.18406285072952,891,0.0,121.94051627384961,1955,0,0,18.4321768283844,040a11f
DR,1246,92160,282,0.20567375886524822,302.35460992907804,891,0.0,128.90011223344555,891,0.0,127.6408529741863,1955,0,0,18.4321768283844,040a11f
DR,1246,122880,282,0.031914893617021274,205.92198581560282,891,0.0,113.58922558922559,891,0.0,112.71941638608305,1955,0,0,18.4321768283844,040a11f
DR,1246,153600,282,0.04609929078014184,251.5531914893617,891,0.03254769921436588,143.88103254769922,891,0.025813692480359147,134.19304152637486,1955,0,0,18.4321768283844,040a11f
DR,1246,184320,282,0.0851063829787234,271.1985815602837,891,0.001122334455667789,142.37485970819304,891,0.0,141.35578002244668,1955,0,0,18.4321768283844,040a11f
DR,1246,215040,282,0.031914893617021274,189.2127659574468,891,0.0,113.22783389450056,891,0.0,112.38608305274973,1955,0,0,18.4321768283844,040a11f
DR,1246,245760,282,0.11347517730496454,294.35460992907804,891,0.002244668911335578,158.70594837261504,891,0.004489337822671156,159.8260381593715,1955,0,0,18.4321768283844,040a11f
DR,1246,276480,282,0.9893617021276596,498.1241134751773,891,0.7811447811447811,410.45791245791247,891,0.7822671156004489,410.8888888888889,1955,0,0,18.4321768283844,040a11f
DR,1246,307200,282,0.9822695035460993,494.92907801418437,891,0.7171717171717171,384.1885521885522,891,0.7205387205387206,384.58473625140294,1955,0,0,18.4321768283844,040a11f
sfl_tilt,1241,0,282,0.0,13.939716312056738,891,0.0,32.64421997755331,891,0.0,33.93714927048261,1495,757,71561429,137.46779894828796,040a11f
sfl_tilt,1241,30720,282,0.32269503546099293,371.8510638297872,891,0.002244668911335578,178.21436588103253,891,0.0,175.60493827160494,1495,757,71561429,137.46779894828796,040a11f
sfl_tilt,1241,61440,282,0.10283687943262411,226.16666666666666,891,0.0,97.59034792368125,891,0.0,97.337822671156,1495,757,71561429,137.46779894828796,040a11f
sfl_tilt,1241,92160,282,0.2872340425531915,340.3156028368794,891,0.11672278338945005,148.4915824915825,891,0.1122334455667789,146.1986531986532,1495,757,71561429,137.46779894828796,040a11f
sfl_tilt,1241,122880,282,0.25177304964539005,309.79787234042556,891,0.0,106.1705948372615,891,0.0,105.38383838383838,1495,757,71561429,137.46779894828796,040a11f
sfl_tilt,1241,153600,282,0.8226950354609929,474.5567375886525,891,0.7160493827160493,393.1492704826038,891,0.7194163860830527,393.1156004489338,1495,757,71561429,137.46779894828796,040a11f
sfl_tilt,1241,184320,282,0.6134751773049646,425.0390070921986,891,0.007856341189674524,162.15600448933782,891,0.007856341189674524,159.94163860830528,1495,757,71561429,137.46779894828796,040a11f
sfl_tilt,1241,215040,282,0.8865248226950354,488.84751773049646,891,0.5218855218855218,409.3052749719416,891,0.49382716049382713,403.3355780022447,1495,757,71561429,137.46779894828796,040a11f
sfl_tilt,1241,245760,282,0.35815602836879434,416.04609929078015,891,0.4186307519640853,309.337822671156,891,0.41414141414141414,307.46576879910214,1495,757,71561429,137.46779894828796,040a11f
sfl_tilt,1241,276480,282,0.9822695035460993,495.0744680851064,891,0.10774410774410774,109.29741863075196,891,0.1111111111111111,111.57239057239057,1495,757,71561429,137.46779894828796,040a11f
sfl_tilt,1241,307200,282,0.9893617021276596,495.2517730496454,891,0.001122334455667789,56.30190796857463,891,0.001122334455667789,56.0662177328844,1495,757,71561429,137.46779894828796,040a11f
DR,1247,0,282,0.0,12.52482269503546,891,0.0,30.535353535353536,891,0.0,30.388327721661057,2155,0,0,18.814725875854492,040a11f
DR,1247,30720,282,0.031914893617021274,183.18085106382978,891,0.0,93.23232323232324,891,0.0,92.99775533108867,2155,0,0,18.814725875854492,040a11f
DR,1247,61440,282,0.13829787234042554,274.6418439716312,891,0.0,118.54994388327722,891,0.0,117.26262626262626,2155,0,0,18.814725875854492,040a11f
DR,1247,92160,282,0.40425531914893614,388.07801418439715,891,0.052749719416386086,206.37373737373738,891,0.03591470258136925,203.63187429854096,2155,0,0,18.814725875854492,040a11f
DR,1247,122880,282,0.024822695035460994,226.67375886524823,891,0.01122334455667789,162.70819304152639,891,0.014590347923681257,161.02469135802468,2155,0,0,18.814725875854492,040a11f
DR,1247,153600,282,0.1524822695035461,361.65248226950354,891,0.4601571268237935,318.648709315376,891,0.4601571268237935,318.7654320987654,2155,0,0,18.814725875854492,040a11f
DR,1247,184320,282,0.02127659574468085,175.13829787234042,891,0.001122334455667789,114.94500561167227,891,0.0,113.82379349046016,2155,0,0,18.814725875854492,040a11f
DR,1247,215040,282,0.028368794326241134,189.5709219858156,891,0.0,112.54433221099887,891,0.0,111.73063973063974,2155,0,0,18.814725875854492,040a11f
DR,1247,245760,282,0.03546099290780142,222.84751773049646,891,0.001122334455667789,133.10549943883277,891,0.002244668911335578,133.11335578002246,2155,0,0,18.814725875854492,040a11f
DR,1247,276480,282,0.05673758865248227,240.4078014184397,891,0.002244668911335578,132.79349046015713,891,0.0,132.03703703703704,2155,0,0,18.814725875854492,040a11f
DR,1247,307200,282,0.03900709219858156,220.72340425531914,891,0.004489337822671156,119.003367003367,891,0.003367003367003367,114.94051627384961,2155,0,0,18.814725875854492,040a11f
sfl_tilt,1242,0,282,0.014184397163120567,166.56028368794327,891,0.0,78.72502805836139,891,0.0,78.65881032547699,1951,950,52053141,128.04693508148193,040a11f
sfl_tilt,1242,30720,282,0.19858156028368795,318.0177304964539,891,0.006734006734006734,147.54208754208753,891,0.010101010101010102,144.00897867564535,1951,950,52053141,128.04693508148193,040a11f
sfl_tilt,1242,61440,282,0.25886524822695034,355.39716312056737,891,0.0,157.2053872053872,891,0.0,156.25476992143658,1951,950,52053141,128.04693508148193,040a11f
sfl_tilt,1242,92160,282,0.05319148936170213,249.48936170212767,891,0.020202020202020204,171.7598204264871,891,0.03591470258136925,167.54208754208753,1951,950,52053141,128.04693508148193,040a11f
sfl_tilt,1242,122880,282,0.3971631205673759,391.71276595744683,891,0.003367003367003367,174.15151515151516,891,0.003367003367003367,171.88215488215488,1951,950,52053141,128.04693508148193,040a11f
sfl_tilt,1242,153600,282,0.1702127659574468,323.06382978723406,891,0.001122334455667789,149.90011223344555,891,0.002244668911335578,148.70931537598204,1951,950,52053141,128.04693508148193,040a11f
sfl_tilt,1242,184320,282,0.7340425531914894,463.95390070921985,891,0.004489337822671156,205.3726150392817,891,0.006734006734006734,204.7766554433221,1951,950,52053141,128.04693508148193,040a11f
sfl_tilt,1242,215040,282,0.1773049645390071,332.63475177304963,891,0.02244668911335578,178.9371492704826,891,0.03367003367003367,175.75196408529743,1951,950,52053141,128.04693508148193,040a11f
sfl_tilt,1242,245760,282,0.6524822695035462,464.3510638297872,891,0.06172839506172839,172.5813692480359,891,0.06734006734006734,173.25028058361391,1951,950,52053141,128.04693508148193,040a11f
sfl_tilt,1242,276480,282,0.02127659574468085,199.0035460992908,891,0.0,107.05162738496072,891,0.0,106.40852974186308,1951,950,52053141,128.04693508148193,040a11f
sfl_tilt,1242,307200,282,0.014184397163120567,186.0921985815603,891,0.0,108.51066217732884,891,0.0,107.85858585858585,1951,950,52053141,128.04693508148193,040a11f
DR,1248,0,282,0.0,43.52836879432624,891,0.0,29.506172839506174,891,0.0,28.252525252525253,1906,0,0,18.529967069625854,040a11f
DR,1248,30720,282,0.05319148936170213,241.64893617021278,891,0.0,122.77665544332211,891,0.0,122.0,1906,0,0,18.529967069625854,040a11f
DR,1248,61440,282,0.16312056737588654,313.58156028368796,891,0.0,139.1739618406285,891,0.0,138.337822671156,1906,0,0,18.529967069625854,040a11f
DR,1248,92160,282,0.028368794326241134,216.13829787234042,891,0.0,129.13131313131314,891,0.002244668911335578,129.4320987654321,1906,0,0,18.529967069625854,040a11f
DR,1248,122880,282,0.03900709219858156,232.46099290780143,891,0.0,119.88103254769922,891,0.0,119.26936026936026,1906,0,0,18.529967069625854,040a11f
DR,1248,153600,282,0.014184397163120567,191.8581560283688,891,0.0,109.98877665544332,891,0.0,109.4074074074074,1906,0,0,18.529967069625854,040a11f
DR,1248,184320,282,0.07092198581560284,261.50354609929076,891,0.001122334455667789,114.89001122334456,891,0.0,114.0314253647587,1906,0,0,18.529967069625854,040a11f
DR,1248,215040,282,0.15602836879432624,350.97163120567376,891,0.35241301907968575,267.8507295173962,891,0.33221099887766553,262.2828282828283,1906,0,0,18.529967069625854,040a11f
DR,1248,245760,282,0.925531914893617,489.71985815602835,891,0.5308641975308642,343.3490460157127,891,0.5162738496071829,337.1515151515151,1906,0,0,18.529967069625854,040a11f
DR,1248,276480,282,0.9787234042553191,493.42907801418437,891,0.6621773288439955,363.4040404040404,891,0.6666666666666666,365.27384960718297,1906,0,0,18.529967069625854,040a11f
DR,1248,307200,282,0.46099290780141844,409.45390070921985,891,0.5196408529741863,314.3198653198653,891,0.5173961840628507,312.27946127946126,1906,0,0,18.529967069625854,040a11f
sfl_tilt,1243,0,282,0.0,12.620567375886525,891,0.0,20.578002244668912,891,0.0,20.849607182940517,1945,942,55978474,124.05318093299866,040a11f
sfl_tilt,1243,30720,282,0.1702127659574468,291.13120567375887,891,0.0,119.76543209876543,891,0.0,118.86307519640853,1945,942,55978474,124.05318093299866,040a11f
sfl_tilt,1243,61440,282,0.09574468085106383,225.2127659574468,891,0.0,101.46127946127946,891,0.0,101.03367003367003,1945,942,55978474,124.05318093299866,040a11f
sfl_tilt,1243,92160,282,0.11702127659574468,284.70567375886526,891,0.0,130.64534231200898,891,0.0,130.51739618406285,1945,942,55978474,124.05318093299866,040a11f
sfl_tilt,1243,122880,282,0.851063829787234,482.1595744680851,891,0.06172839506172839,285.25252525252523,891,0.050505050505050504,283.82828282828285,1945,942,55978474,124.05318093299866,040a11f
sfl_tilt,1243,153600,282,0.9361702127659575,493.27659574468083,891,0.8215488215488216,455.69809203142535,891,0.7946127946127947,447.6139169472503,1945,942,55978474,124.05318093299866,040a11f
sfl_tilt,1243,184320,282,0.9787234042553191,497.52127659574467,891,0.8024691358024691,419.52749719416386,891,0.7789001122334456,410.62177328843995,1945,942,55978474,124.05318093299866,040a11f
sfl_tilt,1243,215040,282,0.0425531914893617,237.43262411347519,891,0.0,166.36475869809203,891,0.0,161.60157126823793,1945,942,55978474,124.05318093299866,040a11f
sfl_tilt,1243,245760,282,0.024822695035460994,164.27659574468086,891,0.03479236812570146,149.86644219977552,891,0.03254769921436588,145.80359147025814,1945,942,55978474,124.05318093299866,040a11f
sfl_tilt,1243,276480,282,0.04609929078014184,204.51418439716312,891,0.0,97.95286195286195,891,0.0,97.78338945005612,1945,942,55978474,124.05318093299866,040a11f
sfl_tilt,1243,307200,282,0.7943262411347518,473.82978723404256,891,0.3838383838383838,340.06734006734007,891,0.3658810325476992,339.89786756453424,1945,942,55978474,124.05318093299866,040a11f
sfl_tilt,1244,0,282,0.0,15.205673758865249,891,0.0,32.68350168350168,891,0.0,32.36139169472503,1734,842,59122135,114.93257665634155,040a11f
sfl_tilt,1244,30720,282,0.18439716312056736,310.9078014184397,891,0.0,125.53086419753086,891,0.0,124.40965207631875,1734,842,59122135,114.93257665634155,040a11f
sfl_tilt,1244,61440,282,0.08156028368794327,256.65248226950354,891,0.0,113.32547699214366,891,0.0,112.49046015712682,1734,842,59122135,114.93257665634155,040a11f
sfl_tilt,1244,92160,282,0.13120567375886524,282.42198581560285,891,0.0,123.45117845117845,891,0.0,122.4769921436588,1734,842,59122135,114.93257665634155,040a11f
sfl_tilt,1244,122880,282,0.9858156028368794,498.4645390070922,891,0.9124579124579124,465.64983164983164,891,0.9046015712682379,462.94163860830525,1734,842,59122135,114.93257665634155,040a11f
sfl_tilt,1244,153600,282,0.15602836879432624,371.72340425531917,891,0.4567901234567901,319.3265993265993,891,0.45342312008978675,315.35353535353534,1734,842,59122135,114.93257665634155,040a11f
sfl_tilt,1244,184320,282,0.32269503546099293,388.1170212765957,891,0.0,117.4074074074074,891,0.0,116.54096520763187,1734,842,59122135,114.93257665634155,040a11f
sfl_tilt,1244,215040,282,0.16312056737588654,326.7269503546099,891,0.010101010101010102,155.327721661055,891,0.017957351290684626,151.31313131313132,1734,842,59122135,114.93257665634155,040a11f
sfl_tilt,1244,245760,282,0.10283687943262411,321.7730496453901,891,0.15039281705948374,187.65656565656565,891,0.13804713804713806,181.72278338945006,1734,842,59122135,114.93257665634155,040a11f
sfl_tilt,1244,276480,282,0.5921985815602837,446.6241134751773,891,0.0,61.81481481481482,891,0.0,61.91806958473625,1734,842,59122135,114.93257665634155,040a11f
sfl_tilt,1244,307200,282,0.9148936170212766,489.3829787234043,891,0.30078563411896747,332.317620650954,891,0.2839506172839506,328.1537598204265,1734,842,59122135,114.93257665634155,040a11f
sfl_tilt,1245,0,282,0.0,42.0886524822695,891,0.0,17.115600448933783,891,0.0,16.966329966329965,2030,982,49871284,108.93304705619812,040a11f
sfl_tilt,1245,30720,282,0.6347517730496454,445.42907801418437,891,0.11560044893378227,273.53423120089786,891,0.09427609427609428,268.50280583613915,2030,982,49871284,108.93304705619812,040a11f
sfl_tilt,1245,61440,282,0.0070921985815602835,152.45390070921985,891,0.0,90.06172839506173,891,0.0,89.76094276094275,2030,982,49871284,108.93304705619812,040a11f
sfl_tilt,1245,92160,282,0.1524822695035461,275.9326241134752,891,0.0,115.05162738496072,891,0.0,114.25589225589225,2030,982,49871284,108.93304705619812,040a11f
sfl_tilt,1245,122880,282,0.1276595744680851,304.07092198581563,891,0.0,125.73288439955107,891,0.0,124.7699214365881,2030,982,49871284,108.93304705619812,040a11f
sfl_tilt,1245,153600,282,0.01773049645390071,201.854609929078,891,0.001122334455667789,104.68911335578002,891,0.0,105.86195286195286,2030,982,49871284,108.93304705619812,040a11f
sfl_tilt,1245,184320,282,0.2375886524822695,384.43971631205676,891,0.05948372615039282,171.35690235690237,891,0.0707070707070707,178.8013468013468,2030,982,49871284,108.93304705619812,040a11f
sfl_tilt,1245,215040,282,0.5531914893617021,410.09929078014187,891,0.004489337822671156,153.003367003367,891,0.002244668911335578,150.78900112233447,2030,982,49871284,108.93304705619812,040a11f
sfl_tilt,1245,245760,282,0.08865248226950355,264.86879432624113,891,0.0,116.4253647586981,891,0.0,115.60830527497194,2030,982,49871284,108.93304705619812,040a11f
sfl_tilt,1245,276480,282,0.01773049645390071,260.9609929078014,891,0.26936026936026936,275.0280583613917,891,0.2738496071829405,273.8641975308642,2030,982,49871284,108.93304705619812,040a11f
sfl_tilt,1245,307200,282,0.010638297872340425,192.43971631205673,891,0.0707070707070707,187.68574635241302,891,0.07856341189674523,188.4219977553311,2030,982,49871284,108.93304705619812,040a11f
sfl_tilt,1246,0,282,0.0,13.97517730496454,891,0.0,20.95510662177329,891,0.0,21.7665544332211,1980,974,54327300,97.83452105522156,040a11f
sfl_tilt,1246,30720,282,0.07801418439716312,256.9503546099291,891,0.0,114.15937149270482,891,0.0,113.327721661055,1980,974,54327300,97.83452105522156,040a11f
sfl_tilt,1246,61440,282,0.1276595744680851,290.28014184397165,891,0.0,126.996632996633,891,0.0,126.04377104377105,1980,974,54327300,97.83452105522156,040a11f
sfl_tilt,1246,92160,282,0.11347517730496454,294.78014184397165,891,0.003367003367003367,156.67676767676767,891,0.001122334455667789,155.32884399551065,1980,974,54327300,97.83452105522156,040a11f
sfl_tilt,1246,122880,282,0.4397163120567376,447.9609929078014,891,0.0,75.74635241301908,891,0.002244668911335578,78.46240179573513,1980,974,54327300,97.83452105522156,040a11f
sfl_tilt,1246,153600,282,0.06028368794326241,318.89716312056737,891,0.4657687991021324,310.5645342312009,891,0.47362514029180697,314.02581369248037,1980,974,54327300,97.83452105522156,040a11f
sfl_tilt,1246,184320,282,0.0425531914893617,265.5070921985816,891,0.2716049382716049,257.20314253647587,891,0.2356902356902357,251.39955106621773,1980,974,54327300,97.83452105522156,040a11f
sfl_tilt,1246,215040,282,0.0035460992907801418,169.97517730496455,891,0.001122334455667789,127.25252525252525,891,0.003367003367003367,129.72615039281706,1980,974,54327300,97.83452105522156,040a11f
sfl_tilt,1246,245760,282,0.3333333333333333,390.8829787234043,891,0.03367003367003367,139.02918069584737,891,0.02356902356902357,131.1986531986532,1980,974,54327300,97.83452105522156,040a11f
sfl_tilt,1246,276480,282,0.9929078014184397,498.79432624113474,891,0.8148148148148148,423.962962962963,891,0.7934904601571269,415.1156004489338,1980,974,54327300,97.83452105522156,040a11f
sfl_tilt,1246,307200,282,0.03900709219858156,204.95744680851064,891,0.0,131.05836139169472,891,0.001122334455667789,129.7216610549944,1980,974,54327300,97.83452105522156,040a11f
sfl_tilt,1247,0,282,0.0,29.631205673758867,891,0.0,13.645342312008978,891,0.0,13.491582491582491,1916,909,52647906,84.84442806243896,040a11f
sfl_tilt,1247,30720,282,0.10283687943262411,237.56737588652481,891,0.0,100.96632996632997,891,0.0,100.43434343434343,1916,909,52647906,84.84442806243896,040a11f
sfl_tilt,1247,61440,282,0.031914893617021274,211.67730496453902,891,0.0,105.35802469135803,891,0.0,104.8608305274972,1916,909,52647906,84.84442806243896,040a11f
sfl_tilt,1247,92160,282,0.07801418439716312,255.94326241134752,891,0.0,120.15712682379349,891,0.0,119.38271604938272,1916,909,52647906,84.84442806243896,040a11f
sfl_tilt,1247,122880,282,0.07092198581560284,274.4468085106383,891,0.0,146.93153759820427,891,0.0,146.07631874298542,1916,909,52647906,84.84442806243896,040a11f
sfl_tilt,1247,153600,282,0.4645390070921986,423.34751773049646,891,0.18967452300785634,269.07856341189677,891,0.1840628507295174,267.341189674523,1916,909,52647906,84.84442806243896,040a11f
sfl_tilt,1247,184320,282,0.01773049645390071,184.4078014184397,891,0.0,108.22222222222223,891,0.0,107.45230078563412,1916,909,52647906,84.84442806243896,040a11f
sfl_tilt,1247,215040,282,0.12056737588652482,287.0,891,0.0,139.39618406285072,891,0.001122334455667789,139.16273849607182,1916,909,52647906,84.84442806243896,040a11f
sfl_tilt,1247,245760,282,0.12411347517730496,309.0354609929078,891,0.004489337822671156,154.80695847362514,891,0.005611672278338945,150.00561167227835,1916,909,52647906,84.84442806243896,040a11f
sfl_tilt,1247,276480,282,0.9609929078014184,494.5425531914894,891,0.7564534231200898,451.374859708193,891,0.7205387205387206,447.37149270482604,1916,909,52647906,84.84442806243896,040a11f
sfl_tilt,1247,307200,282,0.9361702127659575,486.209219858156,891,0.6161616161616161,345.5791245791246,891,0.5993265993265994,338.9371492704826,1916,909,52647906,84.84442806243896,040a11f
sfl_tilt,1248,0,282,0.0,13.21631205673759,891,0.0,35.47923681257014,891,0.0,36.641975308641975,1852,891,54168792,73.38719010353088,040a11f
sfl_tilt,1248,30720,282,0.15602836879432624,320.8262411347518,891,0.004489337822671156,178.21885521885523,891,0.008978675645342313,175.8473625140292,1852,891,54168792,73.38719010353088,040a11f
sfl_tilt,1248,61440,282,0.07446808510638298,250.24822695035462,891,0.0,119.30527497194164,891,0.0,118.46576879910214,1852,891,54168792,73.38719010353088,040a11f
sfl_tilt,1248,92160,282,0.05319148936170213,252.60638297872342,891,0.0,117.49382716049382,891,0.0,116.88327721661055,1852,891,54168792,73.38719010353088,040a11f
sfl_tilt,1248,122880,282,0.33687943262411346,389.677304964539,891,0.3681257014590348,309.2996632996633,891,0.35914702581369246,310.3131313131313,1852,891,54168792,73.38719010353088,040a11f
sfl_tilt,1248,153600,282,0.2872340425531915,305.84751773049646,891,0.001122334455667789,102.59371492704825,891,0.0,101.79012345679013,1852,891,54168792,73.38719010353088,040a11f
sfl_tilt,1248,184320,282,0.04609929078014184,209.13829787234042,891,0.001122334455667789,102.57014590347924,891,0.0,101.83501683501683,1852,891,54168792,73.38719010353088,040a11f
sfl_tilt,1248,215040,282,0.5567375886524822,454.98581560283685,891,0.014590347923681257,126.71829405162738,891,0.01122334455667789,119.38945005611673,1852,891,54168792,73.38719010353088,040a11f
sfl_tilt,1248,245760,282,0.74822695035461,472.28014184397165,891,0.18069584736251404,240.8462401795735,891,0.17620650953984288,231.3905723905724,1852,891,54168792,73.38719010353088,040a11f
sfl_tilt,1248,276480,282,0.0425531914893617,195.85106382978722,891,0.0,100.40291806958474,891,0.0,99.96969696969697,1852,891,54168792,73.38719010353088,040a11f
sfl_tilt,1248,307200,282,0.09929078014184398,253.9468085106383,891,0.013468013468013467,135.05836139169472,891,0.012345679012345678,132.79910213243548,1852,891,54168792,73.38719010353088,040a11f
