config,seed,step,random/n,random/success,random/mean_steps,verifai_dev/n,verifai_dev/success,verifai_dev/mean_steps,verifai_test/n,verifai_test/success,verifai_test/mean_steps,episodes,replays,scouted_steps,wall_time_sec,commit
DR,4,0,282,0.0,13.535460992907801,891,0.0,30.423120089786757,891,0.0,30.469135802469136,3299,0,0,50.300187826156616,ac91d2c
DR,4,61440,282,0.5780141843971631,436.7695035460993,891,0.0,208.69023569023568,891,0.0,207.27384960718294,3299,0,0,50.300187826156616,ac91d2c
DR,4,122880,282,0.024822695035460994,223.38297872340425,891,0.0,86.86980920314254,891,0.0,86.29854096520764,3299,0,0,50.300187826156616,ac91d2c
DR,4,184320,282,0.16666666666666666,307.0070921985816,891,0.0,131.81705948372615,891,0.0,130.61840628507295,3299,0,0,50.300187826156616,ac91d2c
DR,4,245760,282,0.4078014184397163,385.08156028368796,891,0.003367003367003367,166.3939393939394,891,0.001122334455667789,164.7070707070707,3299,0,0,50.300187826156616,ac91d2c
DR,4,307200,282,0.07801418439716312,264.63475177304963,891,0.0,122.46576879910214,891,0.0,121.56004489337823,3299,0,0,50.300187826156616,ac91d2c
DR,4,368640,282,0.2553191489361702,335.0567375886525,891,0.0,130.73961840628508,891,0.0,129.59034792368126,3299,0,0,50.300187826156616,ac91d2c
DR,4,430080,282,0.028368794326241134,195.47517730496455,891,0.0,119.75645342312009,891,0.001122334455667789,119.18181818181819,3299,0,0,50.300187826156616,ac91d2c
DR,4,491520,282,0.11347517730496454,291.0,891,0.0,131.71941638608305,891,0.0,133.64421997755332,3299,0,0,50.300187826156616,ac91d2c
DR,4,552960,282,0.23049645390070922,350.66312056737587,891,0.019079685746352413,146.14141414141415,891,0.015712682379349047,138.70145903479238,3299,0,0,50.300187826156616,ac91d2c
DR,4,614400,282,0.9184397163120568,487.5354609929078,891,0.08866442199775533,134.24242424242425,891,0.08080808080808081,137.90123456790124,3299,0,0,50.300187826156616,ac91d2c
DR,1,0,282,0.0,40.03900709219858,891,0.0,19.549943883277216,891,0.0,19.59483726150393,2765,0,0,50.90462303161621,ac91d2c
DR,1,61440,282,0.09219858156028368,248.86170212765958,891,0.0,111.98653198653199,891,0.0,111.331088664422,2765,0,0,50.90462303161621,ac91d2c
DR,1,122880,282,0.05673758865248227,253.53191489361703,891,0.01122334455667789,154.1526374859708,891,0.006734006734006734,148.7979797979798,2765,0,0,50.90462303161621,ac91d2c
DR,1,184320,282,0.11347517730496454,276.74468085106383,891,0.0,114.50953984287318,891,0.0,113.85521885521885,2765,0,0,50.90462303161621,ac91d2c
DR,1,245760,282,0.03546099290780142,204.4822695035461,891,0.0,111.70145903479236,891,0.0,111.03928170594837,2765,0,0,50.90462303161621,ac91d2c
DR,1,307200,282,0.9858156028368794,497.8191489361702,891,0.9068462401795735,462.39842873176207,891,0.9001122334455668,459.7699214365881,2765,0,0,50.90462303161621,ac91d2c
DR,1,368640,282,0.9822695035460993,493.5673758865248,891,0.1919191919191919,148.54769921436588,891,0.20763187429854096,155.06509539842872,2765,0,0,50.90462303161621,ac91d2c
DR,1,430080,282,0.1524822695035461,321.93617021276594,891,0.21099887766554434,203.60157126823793,891,0.22109988776655443,204.0527497194164,2765,0,0,50.90462303161621,ac91d2c
DR,1,491520,282,0.9929078014184397,496.9326241134752,891,0.12682379349046016,125.99102132435466,891,0.1111111111111111,118.81369248035915,2765,0,0,50.90462303161621,ac91d2c
DR,1,552960,282,0.975177304964539,489.2340425531915,891,0.001122334455667789,57.23905723905724,891,0.002244668911335578,57.43658810325477,2765,0,0,50.90462303161621,ac91d2c
DR,1,614400,282,0.9787234042553191,490.4822695035461,891,0.002244668911335578,56.86868686868687,891,0.0,56.35129068462402,2765,0,0,50.90462303161621,ac91d2c
DR,2,0,282,0.0,39.762411347517734,891,0.0,16.699214365881033,891,0.0,16.52749719416386,2424,0,0,50.8004310131073,ac91d2c
DR,2,61440,282,0.2127659574468085,295.63475177304963,891,0.0,107.28395061728395,891,0.0,106.6442199775533,2424,0,0,50.8004310131073,ac91d2c
DR,2,122880,282,0.4574468085106383,410.3829787234043,891,0.001122334455667789,161.50280583613917,891,0.001122334455667789,160.02244668911337,2424,0,0,50.8004310131073,ac91d2c
DR,2,184320,282,0.9822695035460993,496.1418439716312,891,0.8877665544332211,454.8619528619529,891,0.877665544332211,450.2121212121212,2424,0,0,50.8004310131073,ac91d2c
DR,2,245760,282,0.9609929078014184,494.1843971631206,891,0.6262626262626263,345.7654320987654,891,0.611672278338945,339.6139169472503,2424,0,0,50.8004310131073,ac91d2c
DR,2,307200,282,0.6666666666666666,433.5886524822695,891,0.0,144.50056116722783,891,0.0,141.87766554433222,2424,0,0,50.8004310131073,ac91d2c
DR,2,368640,282,0.20567375886524822,310.468085106383,891,0.0,110.99887766554433,891,0.0,110.4287317620651,2424,0,0,50.8004310131073,ac91d2c
DR,2,430080,282,0.9858156028368794,496.5496453900709,891,0.7744107744107744,407.32547699214365,891,0.7519640852974186,398.2962962962963,2424,0,0,50.8004310131073,ac91d2c
DR,2,491520,282,0.9361702127659575,485.290780141844,891,0.06060606060606061,246.7216610549944,891,0.05499438832772166,237.16273849607182,2424,0,0,50.8004310131073,ac91d2c
DR,2,552960,282,0.9893617021276596,495.2588652482269,891,0.002244668911335578,58.570145903479236,891,0.001122334455667789,58.250280583613915,2424,0,0,50.8004310131073,ac91d2c
DR,2,614400,282,0.9893617021276596,497.01063829787233,891,0.8630751964085297,446.0976430976431,891,0.8540965207631874,442.351290684624,2424,0,0,50.8004310131073,ac91d2c
DR,3,0,282,0.0,47.1063829787234,891,0.0,19.124579124579125,891,0.0,18.946127946127945,2696,0,0,50.53148078918457,ac91d2c
DR,3,61440,282,0.06028368794326241,226.68439716312056,891,0.0,108.15600448933782,891,0.0,107.68462401795735,2696,0,0,50.53148078918457,ac91d2c
DR,3,122880,282,0.18085106382978725,325.8758865248227,891,0.0,133.76543209876544,891,0.0,132.8260381593715,2696,0,0,50.53148078918457,ac91d2c
DR,3,184320,282,0.9929078014184397,497.5177304964539,891,0.6071829405162739,336.1425364758698,891,0.6273849607182941,343.625140291807,2696,0,0,50.53148078918457,ac91d2c
DR,3,245760,282,0.9858156028368794,493.6808510638298,891,0.003367003367003367,58.18406285072952,891,0.002244668911335578,58.01459034792368,2696,0,0,50.53148078918457,ac91d2c
DR,3,307200,282,0.1099290780141844,339.41843971631204,891,0.03367003367003367,132.8092031425365,891,0.05387205387205387,139.74747474747474,2696,0,0,50.53148078918457,ac91d2c
DR,3,368640,282,0.8581560283687943,482.2411347517731,891,0.09764309764309764,307.91358024691357,891,0.08641975308641975,304.2233445566779,2696,0,0,50.53148078918457,ac91d2c
DR,3,430080,282,0.07092198581560284,240.42198581560282,891,0.0,108.66329966329967,891,0.0,108.08641975308642,2696,0,0,50.53148078918457,ac91d2c
DR,3,491520,282,0.7127659574468085,465.6914893617021,891,0.2143658810325477,246.98877665544333,891,0.23007856341189675,251.34904601571267,2696,0,0,50.53148078918457,ac91d2c
DR,3,552960,282,0.6950354609929078,453.3829787234043,891,0.08754208754208755,219.5780022446689,891,0.08529741863075196,218.12121212121212,2696,0,0,50.53148078918457,ac91d2c
DR,3,614400,282,0.9893617021276596,496.3404255319149,891,0.08866442199775533,107.06060606060606,891,0.08080808080808081,102.42985409652076,2696,0,0,50.53148078918457,ac91d2c
DR,5,0,282,0.0,12.322695035460994,891,0.0,19.50841750841751,891,0.0,20.398428731762063,2969,0,0,51.11882495880127,ac91d2c
DR,5,61440,282,0.13829787234042554,287.1843971631206,891,0.0,127.79124579124579,891,0.0,126.5712682379349,2969,0,0,51.11882495880127,ac91d2c
DR,5,122880,282,0.7269503546099291,464.56382978723406,891,0.3793490460157127,303.3400673400673,891,0.3681257014590348,299.07744107744105,2969,0,0,51.11882495880127,ac91d2c
DR,5,184320,282,0.1595744680851064,308.0070921985816,891,0.001122334455667789,153.30639730639732,891,0.0,151.1492704826038,2969,0,0,51.11882495880127,ac91d2c
DR,5,245760,282,0.9716312056737588,494.4078014184397,891,0.8810325476992144,451.87991021324353,891,0.8698092031425365,447.20763187429856,2969,0,0,51.11882495880127,ac91d2c
DR,5,307200,282,0.9822695035460993,497.5886524822695,891,0.5937149270482603,328.9977553310887,891,0.6172839506172839,338.47474747474746,2969,0,0,51.11882495880127,ac91d2c
DR,5,368640,282,0.010638297872340425,173.69148936170214,891,0.012345679012345678,145.21324354657688,891,0.016835016835016835,144.16161616161617,2969,0,0,51.11882495880127,ac91d2c
DR,5,430080,282,0.09219858156028368,233.65248226950354,891,0.0,100.3625140291807,891,0.0,99.98204264870931,2969,0,0,51.11882495880127,ac91d2c
DR,5,491520,282,0.9893617021276596,496.3758865248227,891,0.867564534231201,447.0112233445567,891,0.8641975308641975,445.5117845117845,2969,0,0,51.11882495880127,ac91d2c
DR,5,552960,282,0.9893617021276596,495.3156028368794,891,0.001122334455667789,59.597081930415264,891,0.001122334455667789,59.288439955106625,2969,0,0,51.11882495880127,ac91d2c
DR,5,614400,282,0.9929078014184397,496.8758865248227,891,0.16835016835016836,137.38832772166106,891,0.17845117845117844,141.00224466891135,2969,0,0,51.11882495880127,ac91d2c
DR,6,0,282,0.0,10.918439716312056,891,0.0,18.95286195286195,891,0.0,18.515151515151516,2689,0,0,51.04102182388306,ac91d2c
DR,6,61440,282,0.05673758865248227,252.4468085106383,891,0.0,119.21885521885523,891,0.0,118.68574635241302,2689,0,0,51.04102182388306,ac91d2c
DR,6,122880,282,0.01773049645390071,202.9822695035461,891,0.0,120.26374859708193,891,0.0,119.53984287317621,2689,0,0,51.04102182388306,ac91d2c
DR,6,184320,282,0.875886524822695,483.5921985815603,891,0.04601571268237935,255.9584736251403,891,0.04601571268237935,250.1358024691358,2689,0,0,51.04102182388306,ac91d2c
DR,6,245760,282,0.4078014184397163,409.02836879432624,891,0.2671156004489338,265.77890011223343,891,0.265993265993266,264.9012345679012,2689,0,0,51.04102182388306,ac91d2c
DR,6,307200,282,0.34397163120567376,381.31205673758865,891,0.0,146.4320987654321,891,0.0,145.21212121212122,2689,0,0,51.04102182388306,ac91d2c
DR,6,368640,282,0.9609929078014184,493.63120567375887,891,0.8024691358024691,435.979797979798,891,0.7833894500561167,433.7037037037037,2689,0,0,51.04102182388306,ac91d2c
DR,6,430080,282,0.9290780141843972,491.0567375886525,891,0.4612794612794613,330.4702581369248,891,0.46464646464646464,332.341189674523,2689,0,0,51.04102182388306,ac91d2c
DR,6,491520,282,0.9858156028368794,495.5,891,0.8888888888888888,456.0179573512907,891,0.8911335578002245,457.2929292929293,2689,0,0,51.04102182388306,ac91d2c
DR,6,552960,282,0.8404255319148937,478.75531914893617,891,0.002244668911335578,221.35465768799102,891,0.001122334455667789,221.58810325476992,2689,0,0,51.04102182388306,ac91d2c
DR,6,614400,282,0.9822695035460993,494.8014184397163,891,0.48035914702581367,272.2121212121212,891,0.47362514029180697,269.36026936026934,2689,0,0,51.04102182388306,ac91d2c
DR,7,0,282,0.0,11.882978723404255,891,0.0,13.819304152637486,891,0.0,14.292929292929292,2929,0,0,60.29134273529053,ac91d2c
DR,7,61440,282,0.06028368794326241,237.27304964539007,891,0.0,113.20426487093154,891,0.0,112.48372615039281,2929,0,0,60.29134273529053,ac91d2c
DR,7,122880,282,0.09219858156028368,245.79787234042553,891,0.0,106.60606060606061,891,0.0,106.20314253647587,2929,0,0,60.29134273529053,ac91d2c
DR,7,184320,282,0.0673758865248227,266.79787234042556,891,0.025813692480359147,183.006734006734,891,0.03591470258136925,181.69921436588103,2929,0,0,60.29134273529053,ac91d2c
DR,7,245760,282,0.0673758865248227,246.6241134751773,891,0.0,121.25589225589225,891,0.0,120.26262626262626,2929,0,0,60.29134273529053,ac91d2c
DR,7,307200,282,0.2801418439716312,418.1418439716312,891,0.010101010101010102,123.58698092031425,891,0.006734006734006734,115.60942760942761,2929,0,0,60.29134273529053,ac91d2c
DR,7,368640,282,0.30851063829787234,377.40070921985813,891,0.0,146.20089786756452,891,0.0,143.62850729517396,2929,0,0,60.29134273529053,ac91d2c
DR,7,430080,282,0.9893617021276596,496.79432624113474,891,0.38159371492704824,237.78226711560046,891,0.36251402918069586,229.66442199775534,2929,0,0,60.29134273529053,ac91d2c
DR,7,491520,282,0.9716312056737588,489.1914893617021,891,0.21099887766554434,158.11335578002246,891,0.18518518518518517,147.02918069584737,2929,0,0,60.29134273529053,ac91d2c
DR,7,552960,282,0.9893617021276596,495.37943262411346,891,0.02244668911335578,73.1952861952862,891,0.020202020202020204,72.18406285072952,2929,0,0,60.29134273529053,ac91d2c
DR,7,614400,282,0.9822695035460993,496.790780141844,891,0.8900112233445566,457.2188552188552,891,0.8709315375982043,449.0976430976431,2929,0,0,60.29134273529053,ac91d2c
DR,10,0,282,0.0,71.09219858156028,891,0.0,46.7003367003367,891,0.0,46.334455667789,2792,0,0,60.77212882041931,ac91d2c
DR,10,61440,282,0.13120567375886524,286.51418439716315,891,0.0,128.02581369248037,891,0.0,126.91470258136926,2792,0,0,60.77212882041931,ac91d2c
DR,10,122880,282,0.05673758865248227,235.7872340425532,891,0.0,114.80583613916947,891,0.0,114.15263748597081,2792,0,0,60.77212882041931,ac91d2c
DR,10,184320,282,0.06382978723404255,201.6241134751773,891,0.0,99.00448933782268,891,0.0,98.993265993266,2792,0,0,60.77212882041931,ac91d2c
DR,10,245760,282,0.01773049645390071,178.2340425531915,891,0.0,107.95398428731762,891,0.0,107.44219977553311,2792,0,0,60.77212882041931,ac91d2c
DR,10,307200,282,0.975177304964539,496.4929078014184,891,0.3041526374859708,275.7452300785634,891,0.29741863075196406,272.04938271604937,2792,0,0,60.77212882041931,ac91d2c
DR,10,368640,282,0.9893617021276596,497.84397163120565,891,0.26374859708193044,186.98428731762064,891,0.2570145903479237,183.81705948372615,2792,0,0,60.77212882041931,ac91d2c
DR,10,430080,282,0.9929078014184397,497.24468085106383,891,0.9012345679012346,461.3658810325477,891,0.8765432098765432,450.9450056116723,2792,0,0,60.77212882041931,ac91d2c
DR,10,491520,282,0.875886524822695,487.031914893617,891,0.001122334455667789,185.9652076318743,891,0.0,182.5297418630752,2792,0,0,60.77212882041931,ac91d2c
DR,10,552960,282,0.9432624113475178,492.2836879432624,891,0.4994388327721661,340.27946127946126,891,0.5050505050505051,340.31088664422,2792,0,0,60.77212882041931,ac91d2c
DR,10,614400,282,0.9858156028368794,496.531914893617,891,0.9057239057239057,462.49270482603816,891,0.8866442199775533,454.25364758698095,2792,0,0,60.77212882041931,ac91d2c
DR,8,0,282,0.0,34.97872340425532,891,0.0,18.41526374859708,891,0.0,18.334455667789,2363,0,0,61.88226318359375,ac91d2c
DR,8,61440,282,0.20921985815602837,327.290780141844,891,0.0,145.2929292929293,891,0.0,144.0875420875421,2363,0,0,61.88226318359375,ac91d2c
DR,8,122880,282,0.0851063829787234,289.65602836879435,891,0.34231200897867564,289.54208754208753,891,0.3265993265993266,288.9012345679012,2363,0,0,61.88226318359375,ac91d2c
DR,8,184320,282,0.9822695035460993,496.2588652482269,891,0.5443322109988776,308.20089786756455,891,0.5117845117845118,294.12345679012344,2363,0,0,61.88226318359375,ac91d2c
DR,8,245760,282,0.9929078014184397,497.15602836879435,891,0.5701459034792368,318.07182940516276,891,0.5544332210998878,310.99214365881033,2363,0,0,61.88226318359375,ac91d2c
DR,8,307200,282,0.9893617021276596,495.29787234042556,891,0.0,58.59147025813692,891,0.0,58.607182940516275,2363,0,0,61.88226318359375,ac91d2c
DR,8,368640,282,0.5283687943262412,431.07801418439715,891,0.012345679012345678,180.5263748597082,891,0.014590347923681257,181.8080808080808,2363,0,0,61.88226318359375,ac91d2c
DR,8,430080,282,0.7375886524822695,477.6737588652482,891,0.0,72.30415263748597,891,0.0,72.12570145903479,2363,0,0,61.88226318359375,ac91d2c
DR,8,491520,282,0.9893617021276596,495.3014184397163,891,0.0,60.347923681257015,891,0.001122334455667789,60.58810325476992,2363,0,0,61.88226318359375,ac91d2c
DR,8,552960,282,0.9645390070921985,486.6099290780142,891,0.006734006734006734,65.18181818181819,891,0.006734006734006734,64.72951739618406,2363,0,0,61.88226318359375,ac91d2c
DR,8,614400,282,0.9929078014184397,497.4148936170213,891,0.6823793490460157,368.1380471380471,891,0.6621773288439955,359.29741863075196,2363,0,0,61.88226318359375,ac91d2c
DR,9,0,282,0.0,13.553191489361701,891,0.0,36.51402918069585,891,0.0,35.73737373737374,3365,0,0,61.68674087524414,ac91d2c
DR,9,61440,282,0.031914893617021274,196.5709219858156,891,0.0,103.14141414141415,891,0.0,102.80359147025814,3365,0,0,61.68674087524414,ac91d2c
DR,9,122880,282,0.1595744680851064,327.0673758865248,891,0.0,124.10998877665544,891,0.0,122.35465768799102,3365,0,0,61.68674087524414,ac91d2c
DR,9,184320,282,0.30141843971631205,363.1666666666667,891,0.001122334455667789,147.42312008978675,891,0.0,146.10549943883277,3365,0,0,61.68674087524414,ac91d2c
DR,9,245760,282,0.014184397163120567,257.0496453900709,891,0.025813692480359147,266.92817059483724,891,0.019079685746352413,263.76879910213245,3365,0,0,61.68674087524414,ac91d2c
DR,9,307200,282,0.9680851063829787,493.06382978723406,891,0.8395061728395061,435.42199775533106,891,0.8260381593714927,430.3052749719416,3365,0,0,61.68674087524414,ac91d2c
DR,9,368640,282,0.07446808510638298,328.8049645390071,891,0.24691358024691357,229.01683501683502,891,0.250280583613917,229.59034792368126,3365,0,0,61.68674087524414,ac91d2c
DR,9,430080,282,0.07801418439716312,260.4503546099291,891,0.004489337822671156,151.1470258136925,891,0.01122334455667789,151.09876543209876,3365,0,0,61.68674087524414,ac91d2c
DR,9,491520,282,0.03900709219858156,217.21985815602838,891,0.012345679012345678,124.8047138047138,891,0.003367003367003367,126.60493827160494,3365,0,0,61.68674087524414,ac91d2c
DR,9,552960,282,0.2375886524822695,364.3936170212766,891,0.008978675645342313,156.1526374859708,891,0.014590347923681257,156.8507295173962,3365,0,0,61.68674087524414,ac91d2c
DR,9,614400,282,0.9964539007092199,498.9113475177305,891,0.5409652076318743,306.3423120089787,891,0.5387205387205387,305.3995510662177,3365,0,0,61.68674087524414,ac91d2c
DR,12,0,282,0.0,39.9113475177305,891,0.0,40.95061728395062,891,0.0,40.046015712682376,2676,0,0,61.2861909866333,ac91d2c
DR,12,61440,282,0.08865248226950355,265.12056737588654,891,0.0,122.65319865319866,891,0.0,121.91133557800225,2676,0,0,61.2861909866333,ac91d2c
DR,12,122880,282,0.6134751773049646,463.1595744680851,891,0.4062850729517396,351.4320987654321,891,0.39169472502805835,341.84960718294053,2676,0,0,61.2861909866333,ac91d2c
DR,12,184320,282,0.9326241134751773,493.2695035460993,891,0.11784511784511785,125.6969696969697,891,0.10549943883277217,119.27946127946127,2676,0,0,61.2861909866333,ac91d2c
DR,12,245760,282,0.9893617021276596,496.28723404255317,891,0.3277216610549944,211.78563411896747,891,0.3176206509539843,207.62962962962962,2676,0,0,61.2861909866333,ac91d2c
DR,12,307200,282,0.9929078014184397,498.2482269503546,891,0.6879910213243546,372.23793490460156,891,0.6958473625140292,374.35690235690237,2676,0,0,61.2861909866333,ac91d2c
DR,12,368640,282,0.9858156028368794,494.71276595744683,891,0.016835016835016835,70.41077441077441,891,0.020202020202020204,71.39842873176207,2676,0,0,61.2861909866333,ac91d2c
DR,12,430080,282,0.028368794326241134,202.49290780141843,891,0.0,107.36139169472503,891,0.0,106.80359147025814,2676,0,0,61.2861909866333,ac91d2c
DR,12,491520,282,0.07092198581560284,245.94326241134752,891,0.0,108.19416386083053,891,0.0,107.62962962962963,2676,0,0,61.2861909866333,ac91d2c
DR,12,552960,282,0.9858156028368794,493.6737588652482,891,0.002244668911335578,58.28170594837262,891,0.0,57.888888888888886,2676,0,0,61.2861909866333,ac91d2c
DR,12,614400,282,0.9858156028368794,496.1737588652482,891,0.8484848484848485,439.4713804713805,891,0.8361391694725028,433.8092031425365,2676,0,0,61.2861909866333,ac91d2c
DR,11,0,282,0.0,22.0177304964539,891,0.0,15.428731762065095,891,0.0,15.595959595959595,2982,0,0,63.50348091125488,ac91d2c
DR,11,61440,282,0.3120567375886525,351.9645390070922,891,0.0,147.1537598204265,891,0.001122334455667789,145.1402918069585,2982,0,0,63.50348091125488,ac91d2c
DR,11,122880,282,0.024822695035460994,192.54609929078015,891,0.007856341189674524,143.58698092031426,891,0.007856341189674524,142.21324354657688,2982,0,0,63.50348091125488,ac91d2c
DR,11,184320,282,0.31560283687943264,365.50354609929076,891,0.003367003367003367,169.7115600448934,891,0.001122334455667789,167.11672278338946,2982,0,0,63.50348091125488,ac91d2c
DR,11,245760,282,0.8049645390070922,472.81205673758865,891,0.006734006734006734,230.45342312008978,891,0.005611672278338945,226.662177328844,2982,0,0,63.50348091125488,ac91d2c
DR,11,307200,282,0.9893617021276596,496.7163120567376,891,0.9135802469135802,465.719416386083,891,0.9023569023569024,461.7070707070707,2982,0,0,63.50348091125488,ac91d2c
DR,11,368640,282,0.975177304964539,495.3900709219858,891,0.7946127946127947,416.39618406285075,891,0.7878787878787878,413.7845117845118,2982,0,0,63.50348091125488,ac91d2c
DR,11,430080,282,0.014184397163120567,160.0886524822695,891,0.0,146.72278338945006,891,0.0,142.36139169472503,2982,0,0,63.50348091125488,ac91d2c
DR,11,491520,282,0.18439716312056736,312.1489361702128,891,0.0,119.92031425364759,891,0.0,118.81032547699215,2982,0,0,63.50348091125488,ac91d2c
DR,11,552960,282,0.9822695035460993,495.82978723404256,891,0.4994388327721661,300.8664421997755,891,0.4882154882154882,294.34567901234567,2982,0,0,63.50348091125488,ac91d2c
DR,11,614400,282,0.9858156028368794,497.41843971631204,891,0.4601571268237935,271.68125701459036,891,0.4556677890011223,269.60493827160496,2982,0,0,63.50348091125488,ac91d2c
DR,13,0,282,0.0,12.546099290780141,891,0.0,21.27833894500561,891,0.0,21.170594837261504,2630,0,0,80.17702198028564,ac91d2c
DR,13,61440,282,0.14184397163120568,288.71985815602835,891,0.0,128.64197530864197,891,0.0,127.665544332211,2630,0,0,80.17702198028564,ac91d2c
DR,13,122880,282,0.05319148936170213,227.03900709219857,891,0.0,124.3658810325477,891,0.0,123.29292929292929,2630,0,0,80.17702198028564,ac91d2c
DR,13,184320,282,0.9822695035460993,496.40425531914894,891,0.8507295173961841,440.0527497194164,891,0.8316498316498316,431.29517396184065,2630,0,0,80.17702198028564,ac91d2c
DR,13,245760,282,0.19148936170212766,255.47163120567376,891,0.0,96.8294051627385,891,0.0,96.5230078563412,2630,0,0,80.17702198028564,ac91d2c
DR,13,307200,282,0.9893617021276596,497.00354609929076,891,0.835016835016835,432.9012345679012,891,0.8058361391694725,420.8821548821549,2630,0,0,80.17702198028564,ac91d2c
DR,13,368640,282,0.05673758865248227,331.79787234042556,891,0.3602693602693603,305.25252525252523,891,0.3501683501683502,301.3692480359147,2630,0,0,80.17702198028564,ac91d2c
DR,13,430080,282,0.9929078014184397,498.04609929078015,891,0.8372615039281706,434.1638608305275,891,0.8316498316498316,431.4702581369248,2630,0,0,80.17702198028564,ac91d2c
DR,13,491520,282,0.40070921985815605,428.40425531914894,891,0.4826038159371493,345.76430976430976,891,0.4792368125701459,343.3063973063973,2630,0,0,80.17702198028564,ac91d2c
DR,13,552960,282,0.9893617021276596,495.36879432624113,891,0.001122334455667789,61.94500561167228,891,0.003367003367003367,62.029180695847366,2630,0,0,80.17702198028564,ac91d2c
DR,13,614400,282,0.9432624113475178,489.3085106382979,891,0.1739618406285073,140.93490460157128,891,0.186307519640853,145.5712682379349,2630,0,0,80.17702198028564,ac91d2c
DR,14,0,282,0.0,16.48936170212766,891,0.0,53.81818181818182,891,0.0,54.2020202020202,2770,0,0,81.081228017807,ac91d2c
DR,14,61440,282,0.19148936170212766,316.4326241134752,891,0.0,133.0594837261504,891,0.0,131.93490460157128,2770,0,0,81.081228017807,ac91d2c
DR,14,122880,282,0.16666666666666666,321.07801418439715,891,0.0,130.1773288439955,891,0.0,129.30527497194163,2770,0,0,81.081228017807,ac91d2c
DR,14,184320,282,0.05673758865248227,257.01418439716315,891,0.08866442199775533,191.84175084175084,891,0.07968574635241302,191.75084175084174,2770,0,0,81.081228017807,ac91d2c
DR,14,245760,282,0.05673758865248227,223.9113475177305,891,0.0,117.51290684624018,891,0.0,116.74635241301908,2770,0,0,81.081228017807,ac91d2c
DR,14,307200,282,0.900709219858156,485.56028368794324,891,0.5353535353535354,389.5286195286195,891,0.5252525252525253,382.94837261503926,2770,0,0,81.081228017807,ac91d2c
DR,14,368640,282,0.2375886524822695,373.17021276595744,891,0.43209876543209874,287.9203142536476,891,0.4377104377104377,288.699214365881,2770,0,0,81.081228017807,ac91d2c
DR,14,430080,282,0.9858156028368794,495.2482269503546,891,0.002244668911335578,57.44219977553311,891,0.001122334455667789,57.10213243546577,2770,0,0,81.081228017807,ac91d2c
DR,14,491520,282,0.9574468085106383,492.11347517730496,891,0.7239057239057239,389.0965207631874,891,0.7216610549943884,388.3692480359147,2770,0,0,81.081228017807,ac91d2c
DR,14,552960,282,0.9574468085106383,493.0886524822695,891,0.9124579124579124,464.72278338945006,891,0.9046015712682379,461.7665544332211,2770,0,0,81.081228017807,ac91d2c
DR,14,614400,282,0.9893617021276596,498.07092198581563,891,0.7789001122334456,410.1638608305275,891,0.7789001122334456,409.9079685746352,2770,0,0,81.081228017807,ac91d2c
DR,15,0,282,0.0,44.92198581560284,891,0.0,29.40516273849607,891,0.0,29.347923681257015,2710,0,0,80.14580988883972,ac91d2c
DR,15,61440,282,0.07092198581560284,252.0177304964539,891,0.0,116.0628507295174,891,0.0,115.32098765432099,2710,0,0,80.14580988883972,ac91d2c
DR,15,122880,282,0.1276595744680851,257.15248226950354,891,0.0,107.91919191919192,891,0.0,107.58698092031425,2710,0,0,80.14580988883972,ac91d2c
DR,15,184320,282,0.07446808510638298,267.5886524822695,891,0.0,124.21324354657688,891,0.0,123.1604938271605,2710,0,0,80.14580988883972,ac91d2c
DR,15,245760,282,0.4645390070921986,429.32978723404256,891,0.4668911335578002,321.645342312009,891,0.4612794612794613,317.712682379349,2710,0,0,80.14580988883972,ac91d2c
DR,15,307200,282,0.9858156028368794,496.7340425531915,891,0.8956228956228957,459.1840628507295,891,0.8933782267115601,457.96632996632997,2710,0,0,80.14580988883972,ac91d2c
DR,15,368640,282,0.40070921985815605,381.9113475177305,891,0.001122334455667789,147.44556677890012,891,0.0,145.33221099887766,2710,0,0,80.14580988883972,ac91d2c
DR,15,430080,282,0.03546099290780142,196.89716312056737,891,0.0,104.58585858585859,891,0.0,104.24579124579125,2710,0,0,80.14580988883972,ac91d2c
DR,15,491520,282,0.9929078014184397,497.8262411347518,891,0.8720538720538721,449.02918069584734,891,0.8608305274971941,444.0280583613917,2710,0,0,80.14580988883972,ac91d2c
DR,15,552960,282,0.975177304964539,488.88652482269504,891,0.002244668911335578,55.352413019079684,891,0.001122334455667789,55.033670033670035,2710,0,0,80.14580988883972,ac91d2c
DR,15,614400,282,0.9574468085106383,489.7340425531915,891,0.0,58.01234567901235,891,0.0,57.79573512906846,2710,0,0,80.14580988883972,ac91d2c
DR,16,0,282,0.0,19.627659574468087,891,0.0,49.22222222222222,891,0.0,48.674523007856344,2736,0,0,82.22649192810059,ac91d2c
DR,16,61440,282,0.06028368794326241,241.75177304964538,891,0.001122334455667789,130.11223344556677,891,0.0,129.20089786756452,2736,0,0,82.22649192810059,ac91d2c
DR,16,122880,282,0.1276595744680851,282.15602836879435,891,0.0,126.96745230078564,891,0.0,126.44107744107744,2736,0,0,82.22649192810059,ac91d2c
DR,16,184320,282,0.031914893617021274,184.645390070922,891,0.0,115.95286195286195,891,0.0,115.17845117845118,2736,0,0,82.22649192810059,ac91d2c
DR,16,245760,282,0.975177304964539,496.89716312056737,891,0.9326599326599326,472.9191919191919,891,0.9292929292929293,472.0561167227834,2736,0,0,82.22649192810059,ac91d2c
DR,16,307200,282,0.9787234042553191,494.18794326241135,891,0.36251402918069586,232.33557800224466,891,0.33221099887766553,220.0628507295174,2736,0,0,82.22649192810059,ac91d2c
DR,16,368640,282,0.9397163120567376,493.9822695035461,891,0.49158249158249157,290.24017957351293,891,0.4826038159371493,288.37598204264873,2736,0,0,82.22649192810059,ac91d2c
DR,16,430080,282,0.9893617021276596,495.31205673758865,891,0.0,60.16273849607183,891,0.002244668911335578,60.24242424242424,2736,0,0,82.22649192810059,ac91d2c
DR,16,491520,282,0.9787234042553191,494.2269503546099,891,0.7789001122334456,410.5791245791246,891,0.7687991021324355,406.320987654321,2736,0,0,82.22649192810059,ac91d2c
DR,16,552960,282,0.8687943262411347,475.90070921985813,891,0.08641975308641975,203.50392817059483,891,0.08305274971941638,198.63636363636363,2736,0,0,82.22649192810059,ac91d2c
DR,16,614400,282,0.6985815602836879,476.2659574468085,891,0.019079685746352413,173.50953984287318,891,0.013468013468013467,167.30190796857462,2736,0,0,82.22649192810059,ac91d2c
DR,17,0,282,0.0,15.127659574468085,891,0.0,37.021324354657686,891,0.0,37.09652076318743,2731,0,0,82.49186611175537,ac91d2c
DR,17,61440,282,0.04609929078014184,235.31914893617022,891,0.0,114.44893378226712,891,0.0,113.84399551066218,2731,0,0,82.49186611175537,ac91d2c
DR,17,122880,282,0.6170212765957447,441.5248226950355,891,0.001122334455667789,186.9483726150393,891,0.001122334455667789,184.8529741863075,2731,0,0,82.49186611175537,ac91d2c
DR,17,184320,282,0.3546099290780142,368.12056737588654,891,0.001122334455667789,135.08305274971943,891,0.0,133.89001122334454,2731,0,0,82.49186611175537,ac91d2c
DR,17,245760,282,0.9929078014184397,497.01418439716315,891,0.32323232323232326,215.17957351290684,891,0.33221099887766553,217.80246913580248,2731,0,0,82.49186611175537,ac91d2c
DR,17,307200,282,0.74822695035461,462.0248226950355,891,0.6812570145903479,372.5768799102132,891,0.6498316498316499,360.3636363636364,2731,0,0,82.49186611175537,ac91d2c
DR,17,368640,282,0.900709219858156,482.3404255319149,891,0.5611672278338945,325.8260381593715,891,0.5510662177328844,321.30415263748597,2731,0,0,82.49186611175537,ac91d2c
DR,17,430080,282,0.1099290780141844,259.84751773049646,891,0.001122334455667789,114.96071829405163,891,0.0,113.95847362514029,2731,0,0,82.49186611175537,ac91d2c
DR,17,491520,282,0.7375886524822695,464.322695035461,891,0.0718294051627385,221.07968574635242,891,0.058361391694725026,218.76430976430976,2731,0,0,82.49186611175537,ac91d2c
DR,17,552960,282,0.9858156028368794,495.5886524822695,891,0.6801346801346801,370.62850729517396,891,0.6666666666666666,364.38496071829405,2731,0,0,82.49186611175537,ac91d2c
DR,17,614400,282,0.9893617021276596,495.3049645390071,891,0.06285072951739619,92.57014590347924,891,0.06734006734006734,94.41414141414141,2731,0,0,82.49186611175537,ac91d2c
DR,18,0,282,0.0,44.326241134751776,891,0.0,19.607182940516275,891,0.0,19.399551066217732,2749,0,0,86.8069109916687,ac91d2c
DR,18,61440,282,0.2553191489361702,375.6808510638298,891,0.2760942760942761,289.15824915824913,891,0.25252525252525254,281.99214365881033,2749,0,0,86.8069109916687,ac91d2c
DR,18,122880,282,0.2730496453900709,386.27659574468083,891,0.4713804713804714,325.8294051627385,891,0.4668911335578002,323.2514029180696,2749,0,0,86.8069109916687,ac91d2c
DR,18,184320,282,0.20567375886524822,359.0070921985816,891,0.001122334455667789,86.39506172839506,891,0.0,87.23569023569024,2749,0,0,86.8069109916687,ac91d2c
DR,18,245760,282,0.9290780141843972,491.0425531914894,891,0.2143658810325477,268.3928170594837,891,0.2356902356902357,269.00785634118967,2749,0,0,86.8069109916687,ac91d2c
DR,18,307200,282,0.8936170212765957,481.3191489361702,891,0.7744107744107744,409.73737373737373,891,0.7485970819304153,399.00112233445566,2749,0,0,86.8069109916687,ac91d2c
DR,18,368640,282,0.2624113475177305,402.7836879432624,891,0.4377104377104377,299.38720538720537,891,0.43434343434343436,296.0617283950617,2749,0,0,86.8069109916687,ac91d2c
DR,18,430080,282,0.9929078014184397,497.50354609929076,891,0.7048260381593715,377.3771043771044,891,0.7037037037037037,376.24466891133557,2749,0,0,86.8069109916687,ac91d2c
DR,18,491520,282,0.9361702127659575,484.531914893617,891,0.7014590347923682,380.0796857463524,891,0.6778900112233446,370.21773288439954,2749,0,0,86.8069109916687,ac91d2c
DR,18,552960,282,0.9680851063829787,493.9751773049645,891,0.8765432098765432,450.43322109988776,891,0.8641975308641975,445.46801346801345,2749,0,0,86.8069109916687,ac91d2c
DR,18,614400,282,0.024822695035460994,154.95390070921985,891,0.0,137.1043771043771,891,0.0,134.30976430976432,2749,0,0,86.8069109916687,ac91d2c
DR,22,0,282,0.0,28.56382978723404,891,0.0,17.72166105499439,891,0.0,17.708193041526375,3493,0,0,93.24159121513367,ac91d2c
DR,22,61440,282,0.04964539007092199,216.4255319148936,891,0.0,100.60942760942761,891,0.0,100.23793490460157,3493,0,0,93.24159121513367,ac91d2c
DR,22,122880,282,0.07801418439716312,253.24822695035462,891,0.0,111.33894500561168,891,0.0,110.8574635241302,3493,0,0,93.24159121513367,ac91d2c
DR,22,184320,282,0.1524822695035461,313.77659574468083,891,0.001122334455667789,138.33221099887766,891,0.0,137.16498316498317,3493,0,0,93.24159121513367,ac91d2c
DR,22,245760,282,0.03546099290780142,225.4822695035461,891,0.03367003367003367,163.4388327721661,891,0.019079685746352413,160.16161616161617,3493,0,0,93.24159121513367,ac91d2c
DR,22,307200,282,0.0673758865248227,298.8900709219858,891,0.04264870931537598,140.5263748597082,891,0.07407407407407407,153.60044893378227,3493,0,0,93.24159121513367,ac91d2c
DR,22,368640,282,0.9787234042553191,495.07092198581563,891,0.8922558922558923,456.6273849607183,891,0.877665544332211,450.1054994388328,3493,0,0,93.24159121513367,ac91d2c
DR,22,430080,282,0.024822695035460994,193.19148936170214,891,0.0,112.9371492704826,891,0.0,112.31313131313131,3493,0,0,93.24159121513367,ac91d2c
DR,22,491520,282,0.09929078014184398,277.52836879432624,891,0.0,127.34567901234568,891,0.0,126.64646464646465,3493,0,0,93.24159121513367,ac91d2c
DR,22,552960,282,0.0673758865248227,252.21985815602838,891,0.0,120.71156004489337,891,0.0,119.92143658810325,3493,0,0,93.24159121513367,ac91d2c
DR,22,614400,282,0.23404255319148937,401.3333333333333,891,0.4051627384960718,293.4691358024691,891,0.40179573512906847,291.66329966329965,3493,0,0,93.24159121513367,ac91d2c
DR,20,0,282,0.0035460992907801418,56.0354609929078,891,0.0,20.24354657687991,891,0.0,20.175084175084177,2906,0,0,96.98585200309753,ac91d2c
DR,20,61440,282,0.900709219858156,481.43971631205676,891,0.7250280583613917,387.84736251402916,891,0.7037037037037037,379.4231200897868,2906,0,0,96.98585200309753,ac91d2c
DR,20,122880,282,0.1276595744680851,300.8936170212766,891,0.001122334455667789,126.82154882154882,891,0.0,125.79012345679013,2906,0,0,96.98585200309753,ac91d2c
DR,20,184320,282,0.06028368794326241,242.82624113475177,891,0.0,109.50841750841751,891,0.0,108.93265993265993,2906,0,0,96.98585200309753,ac91d2c
DR,20,245760,282,0.8546099290780141,487.6666666666667,891,0.002244668911335578,94.2401795735129,891,0.0,89.71941638608305,2906,0,0,96.98585200309753,ac91d2c
DR,20,307200,282,0.07092198581560284,285.3829787234043,891,0.09427609427609428,201.49943883277217,891,0.08866442199775533,200.17957351290684,2906,0,0,96.98585200309753,ac91d2c
DR,20,368640,282,0.04964539007092199,249.90070921985816,891,0.003367003367003367,135.60157126823793,891,0.001122334455667789,131.47923681257015,2906,0,0,96.98585200309753,ac91d2c
DR,20,430080,282,0.9787234042553191,494.39716312056737,891,0.8810325476992144,452.8428731762065,891,0.8731762065095399,448.9854096520763,2906,0,0,96.98585200309753,ac91d2c
DR,20,491520,282,0.9964539007092199,498.8936170212766,891,0.6868686868686869,369.3591470258137,891,0.6655443322109988,360.19191919191917,2906,0,0,96.98585200309753,ac91d2c
DR,20,552960,282,0.9893617021276596,495.28723404255317,891,0.016835016835016835,69.05723905723906,891,0.013468013468013467,67.99102132435466,2906,0,0,96.98585200309753,ac91d2c
DR,20,614400,282,0.9858156028368794,496.23758865248226,891,0.3164983164983165,209.24466891133557,891,0.30976430976430974,205.5398428731762,2906,0,0,96.98585200309753,ac91d2c
DR,21,0,282,0.0,16.54964539007092,891,0.0,51.866442199775534,891,0.0,52.52413019079686,2657,0,0,96.82511377334595,ac91d2c
DR,21,61440,282,0.16666666666666666,317.9645390070922,891,0.0,131.75533108866443,891,0.0,130.6206509539843,2657,0,0,96.82511377334595,ac91d2c
DR,21,122880,282,0.9964539007092199,498.48581560283685,891,0.9147025813692481,464.9652076318743,891,0.8933782267115601,456.7519640852974,2657,0,0,96.82511377334595,ac91d2c
DR,21,184320,282,0.9539007092198581,491.1276595744681,891,0.8204264870931538,453.2166105499439,891,0.8092031425364759,449.1863075196409,2657,0,0,96.82511377334595,ac91d2c
DR,21,245760,282,0.03900709219858156,186.5212765957447,891,0.0,113.14029180695847,891,0.0,112.41975308641975,2657,0,0,96.82511377334595,ac91d2c
DR,21,307200,282,0.5602836879432624,464.1950354609929,891,0.015712682379349047,149.07519640852973,891,0.008978675645342313,140.59034792368126,2657,0,0,96.82511377334595,ac91d2c
DR,21,368640,282,0.9893617021276596,495.38652482269504,891,0.09876543209876543,110.54769921436588,891,0.1122334455667789,115.17396184062851,2657,0,0,96.82511377334595,ac91d2c
DR,21,430080,282,0.9716312056737588,492.1489361702128,891,0.5948372615039281,339.29517396184065,891,0.5892255892255892,337.18967452300785,2657,0,0,96.82511377334595,ac91d2c
DR,21,491520,282,0.7588652482269503,454.7588652482269,891,0.0,167.58473625140292,891,0.003367003367003367,163.49270482603816,2657,0,0,96.82511377334595,ac91d2c
DR,21,552960,282,0.6737588652482269,468.5248226950355,891,0.03479236812570146,153.0942760942761,891,0.03254769921436588,153.43995510662177,2657,0,0,96.82511377334595,ac91d2c
DR,21,614400,282,0.9822695035460993,495.2340425531915,891,0.3063973063973064,209.54096520763187,891,0.2996632996632997,207.46576879910214,2657,0,0,96.82511377334595,ac91d2c
DR,19,0,282,0.0,15.25531914893617,891,0.0,42.55106621773288,891,0.0,43.2615039281706,2563,0,0,98.45165514945984,ac91d2c
DR,19,61440,282,0.5035460992907801,418.9822695035461,891,0.21773288439955107,291.24017957351293,891,0.21099887766554434,287.5353535353535,2563,0,0,98.45165514945984,ac91d2c
DR,19,122880,282,0.5780141843971631,437.86524822695037,891,0.001122334455667789,192.7732884399551,891,0.001122334455667789,191.6228956228956,2563,0,0,98.45165514945984,ac91d2c
DR,19,184320,282,0.9680851063829787,496.21276595744683,891,0.44556677890011226,263.388327721661,891,0.4219977553310887,253.08978675645344,2563,0,0,98.45165514945984,ac91d2c
DR,19,245760,282,0.9113475177304965,490.1595744680851,891,0.38608305274971944,235.35353535353536,891,0.3838383838383838,234.2300785634119,2563,0,0,98.45165514945984,ac91d2c
DR,19,307200,282,0.9645390070921985,495.51063829787233,891,0.6240179573512907,345.78900112233447,891,0.6049382716049383,335.95061728395063,2563,0,0,98.45165514945984,ac91d2c
DR,19,368640,282,0.9680851063829787,493.0390070921986,891,0.33557800224466894,309.381593714927,891,0.32996632996632996,303.35016835016836,2563,0,0,98.45165514945984,ac91d2c
DR,19,430080,282,0.9858156028368794,496.1489361702128,891,0.8933782267115601,457.10213243546576,891,0.8698092031425365,447.5499438832772,2563,0,0,98.45165514945984,ac91d2c
DR,19,491520,282,0.9893617021276596,497.78723404255317,891,0.3782267115600449,228.97530864197532,891,0.3602693602693603,222.8529741863075,2563,0,0,98.45165514945984,ac91d2c
DR,19,552960,282,0.9539007092198581,493.00354609929076,891,0.6610549943883277,358.80808080808083,891,0.6722783389450057,363.4848484848485,2563,0,0,98.45165514945984,ac91d2c
DR,19,614400,282,0.9858156028368794,496.75531914893617,891,0.8159371492704826,424.8731762065095,891,0.7934904601571269,415.7149270482604,2563,0,0,98.45165514945984,ac91d2c
DR,23,0,282,0.0,10.159574468085106,891,0.0,11.151515151515152,891,0.0,11.033670033670033,2736,0,0,95.65947794914246,ac91d2c
DR,23,61440,282,0.0425531914893617,225.77659574468086,891,0.0,118.05948372615039,891,0.0,117.37485970819304,2736,0,0,95.65947794914246,ac91d2c
DR,23,122880,282,0.014184397163120567,173.45035460992906,891,0.0,111.60942760942761,891,0.0,110.94388327721661,2736,0,0,95.65947794914246,ac91d2c
DR,23,184320,282,0.04964539007092199,253.79432624113474,891,0.21773288439955107,238.0561167227834,891,0.22109988776655443,237.8361391694725,2736,0,0,95.65947794914246,ac91d2c
DR,23,245760,282,0.6347517730496454,437.23758865248226,891,0.1728395061728395,246.72727272727272,891,0.1728395061728395,245.70482603815938,2736,0,0,95.65947794914246,ac91d2c
DR,23,307200,282,0.9929078014184397,498.2482269503546,891,0.9191919191919192,467.8810325476992,891,0.9068462401795735,462.638608305275,2736,0,0,95.65947794914246,ac91d2c
DR,23,368640,282,0.9893617021276596,498.08156028368796,891,0.8978675645342312,458.013468013468,891,0.8720538720538721,447.7878787878788,2736,0,0,95.65947794914246,ac91d2c
DR,23,430080,282,0.975177304964539,494.28014184397165,891,0.8540965207631874,440.24017957351293,891,0.8428731762065096,435.74747474747477,2736,0,0,95.65947794914246,ac91d2c
DR,23,491520,282,0.9964539007092199,498.531914893617,891,0.4837261503928171,280.8047138047138,891,0.4478114478114478,265.58249158249157,2736,0,0,95.65947794914246,ac91d2c
DR,23,552960,282,0.9645390070921985,492.48936170212767,891,0.2828282828282828,188.2783389450056,891,0.28058361391694725,187.3804713804714,2736,0,0,95.65947794914246,ac91d2c
DR,23,614400,282,0.9893617021276596,495.2482269503546,891,0.002244668911335578,59.03591470258137,891,0.003367003367003367,59.23232323232323,2736,0,0,95.65947794914246,ac91d2c
DR,24,0,282,0.0,28.343971631205672,891,0.0,38.18742985409652,891,0.0,37.739618406285075,2899,0,0,93.81096887588501,ac91d2c
DR,24,61440,282,0.22695035460992907,326.5425531914894,891,0.0,137.9090909090909,891,0.0,136.50392817059483,2899,0,0,93.81096887588501,ac91d2c
DR,24,122880,282,0.43617021276595747,411.64539007092196,891,0.1728395061728395,284.8136924803591,891,0.16498316498316498,283.307519640853,2899,0,0,93.81096887588501,ac91d2c
DR,24,184320,282,0.7304964539007093,469.7517730496454,891,0.4500561167227834,349.52300785634117,891,0.4511784511784512,349.8002244668911,2899,0,0,93.81096887588501,ac91d2c
DR,24,245760,282,0.03546099290780142,302.0,891,0.001122334455667789,104.97979797979798,891,0.003367003367003367,105.4320987654321,2899,0,0,93.81096887588501,ac91d2c
DR,24,307200,282,0.03900709219858156,183.9468085106383,891,0.001122334455667789,114.17396184062851,891,0.0,113.28170594837262,2899,0,0,93.81096887588501,ac91d2c
DR,24,368640,282,0.14893617021276595,291.6489361702128,891,0.0,115.87429854096521,891,0.0,115.11447811447812,2899,0,0,93.81096887588501,ac91d2c
DR,24,430080,282,0.9929078014184397,496.968085106383,891,0.3333333333333333,210.44444444444446,891,0.3254769921436588,206.92704826038158,2899,0,0,93.81096887588501,ac91d2c
DR,24,491520,282,0.9680851063829787,492.2163120567376,891,0.17732884399551066,142.63524130190797,891,0.19304152637485972,148.73625140291807,2899,0,0,93.81096887588501,ac91d2c
DR,24,552960,282,0.9893617021276596,497.2659574468085,891,0.7530864197530864,397.1492704826038,891,0.7295173961840629,387.66329966329965,2899,0,0,93.81096887588501,ac91d2c
DR,24,614400,282,0.9858156028368794,494.8936170212766,891,0.002244668911335578,58.84287317620651,891,0.001122334455667789,58.439955106621774,2899,0,0,93.81096887588501,ac91d2c
DR,27,0,282,0.0,32.42553191489362,891,0.0,16.723905723905723,891,0.0,16.693602693602692,2788,0,0,93.77756595611572,0e46824
DR,27,61440,282,0.09929078014184398,257.0886524822695,891,0.0,108.08080808080808,891,0.0,107.37934904601572,2788,0,0,93.77756595611572,0e46824
DR,27,122880,282,0.24822695035460993,362.0496453900709,891,0.0,145.3804713804714,891,0.0,143.09876543209876,2788,0,0,93.77756595611572,0e46824
DR,27,184320,282,0.0673758865248227,227.0212765957447,891,0.0,111.91919191919192,891,0.0,111.41189674523008,2788,0,0,93.77756595611572,0e46824
DR,27,245760,282,0.3262411347517731,358.32978723404256,891,0.0,132.26936026936028,891,0.0,131.0347923681257,2788,0,0,93.77756595611572,0e46824
DR,27,307200,282,0.975177304964539,494.4326241134752,891,0.7968574635241302,417.5634118967452,891,0.7946127946127947,416.70482603815935,2788,0,0,93.77756595611572,0e46824
DR,27,368640,282,0.9716312056737588,495.5,891,0.5869809203142536,356.0314253647587,891,0.5847362514029181,354.9034792368126,2788,0,0,93.77756595611572,0e46824
DR,27,430080,282,0.9858156028368794,496.34751773049646,891,0.7138047138047138,379.979797979798,891,0.6936026936026936,372.65656565656565,2788,0,0,93.77756595611572,0e46824
DR,27,491520,282,0.9893617021276596,495.4255319148936,891,0.010101010101010102,67.67340067340068,891,0.010101010101010102,67.42199775533109,2788,0,0,93.77756595611572,0e46824
DR,27,552960,282,0.9858156028368794,494.40070921985813,891,0.002244668911335578,60.245791245791246,891,0.001122334455667789,59.78226711560045,2788,0,0,93.77756595611572,0e46824
DR,27,614400,282,0.9964539007092199,498.40070921985813,891,0.13692480359147025,124.4983164983165,891,0.1335578002244669,122.15488215488216,2788,0,0,93.77756595611572,0e46824
DR,25,0,282,0.0,35.812056737588655,891,0.0,40.79124579124579,891,0.0,41.674523007856344,2654,0,0,96.19008708000183,0e46824
DR,25,61440,282,0.25177304964539005,342.5,891,0.0,151.47586980920315,891,0.001122334455667789,149.84062850729518,2654,0,0,96.19008708000183,0e46824
DR,25,122880,282,0.6205673758865248,455.15602836879435,891,0.031425364758698095,196.15937149270482,891,0.030303030303030304,185.4736251402918,2654,0,0,96.19008708000183,0e46824
DR,25,184320,282,0.06382978723404255,242.24822695035462,891,0.0,113.31313131313131,891,0.0,112.63299663299664,2654,0,0,96.19008708000183,0e46824
DR,25,245760,282,0.028368794326241134,228.67375886524823,891,0.0,125.72615039281706,891,0.001122334455667789,126.40852974186308,2654,0,0,96.19008708000183,0e46824
DR,25,307200,282,0.9326241134751773,491.9751773049645,891,0.3658810325476992,329.30415263748597,891,0.35353535353535354,322.1257014590348,2654,0,0,96.19008708000183,0e46824
DR,25,368640,282,0.40070921985815605,388.9929078014184,891,0.004489337822671156,166.20089786756452,891,0.002244668911335578,165.13019079685748,2654,0,0,96.19008708000183,0e46824
DR,25,430080,282,0.9787234042553191,495.88652482269504,891,0.9450056116722784,478.4870931537598,891,0.9438832772166106,477.9820426487093,2654,0,0,96.19008708000183,0e46824
DR,25,491520,282,0.9148936170212766,486.18794326241135,891,0.7822671156004489,414.4410774410774,891,0.7845117845117845,414.9057239057239,2654,0,0,96.19008708000183,0e46824
DR,25,552960,282,0.9964539007092199,498.3936170212766,891,0.23681257014590348,167.70145903479238,891,0.2031425364758698,152.40740740740742,2654,0,0,96.19008708000183,0e46824
DR,25,614400,282,0.9858156028368794,495.07092198581563,891,0.20089786756453423,153.96296296296296,891,0.21997755331088664,161.31986531986533,2654,0,0,96.19008708000183,0e46824
DR,28,0,282,0.0,17.617021276595743,891,0.0,70.23456790123457,891,0.0,69.72390572390573,2914,0,0,93.89440941810608,0e46824
DR,28,61440,282,0.0425531914893617,223.58510638297872,891,0.0,115.55443322109988,891,0.0,114.5712682379349,2914,0,0,93.89440941810608,0e46824
DR,28,122880,282,0.08156028368794327,254.9468085106383,891,0.0,112.19416386083053,891,0.0,111.57912457912458,2914,0,0,93.89440941810608,0e46824
DR,28,184320,282,0.0425531914893617,207.53546099290782,891,0.0,117.86531986531986,891,0.0,117.14141414141415,2914,0,0,93.89440941810608,0e46824
DR,28,245760,282,0.0673758865248227,254.26241134751774,891,0.0,126.94163860830527,891,0.0,126.09988776655443,2914,0,0,93.89440941810608,0e46824
DR,28,307200,282,0.04609929078014184,217.14893617021278,891,0.0,113.71829405162738,891,0.0,113.04377104377105,2914,0,0,93.89440941810608,0e46824
DR,28,368640,282,0.9822695035460993,496.6666666666667,891,0.8933782267115601,461.91582491582494,891,0.8933782267115601,459.3265993265993,2914,0,0,93.89440941810608,0e46824
DR,28,430080,282,0.7978723404255319,465.50354609929076,891,0.18855218855218855,235.0942760942761,891,0.17620650953984288,227.76543209876544,2914,0,0,93.89440941810608,0e46824
DR,28,491520,282,0.9822695035460993,491.968085106383,891,0.002244668911335578,56.11672278338945,891,0.0,55.65768799102133,2914,0,0,93.89440941810608,0e46824
DR,28,552960,282,0.975177304964539,490.51063829787233,891,0.001122334455667789,57.43322109988777,891,0.0,56.96969696969697,2914,0,0,93.89440941810608,0e46824
DR,28,614400,282,0.9822695035460993,495.51063829787233,891,0.4388327721661055,263.67003367003366,891,0.4489337822671156,266.1773288439955,2914,0,0,93.89440941810608,0e46824
DR,26,0,282,0.0,12.606382978723405,891,0.0,28.163860830527497,891,0.0,27.99102132435466,2770,0,0,96.22940397262573,0e46824
DR,26,61440,282,0.41843971631205673,364.1595744680851,891,0.02132435465768799,151.2828282828283,891,0.016835016835016835,148.0527497194164,2770,0,0,96.22940397262573,0e46824
DR,26,122880,282,0.1099290780141844,274.7695035460993,891,0.07968574635241302,214.8473625140292,891,0.07631874298540965,209.2053872053872,2770,0,0,96.22940397262573,0e46824
DR,26,184320,282,0.2695035460992908,357.39716312056737,891,0.001122334455667789,144.49046015712682,891,0.0,143.3793490460157,2770,0,0,96.22940397262573,0e46824
DR,26,245760,282,0.10638297872340426,254.35106382978722,891,0.001122334455667789,109.89113355780023,891,0.0,108.94388327721661,2770,0,0,96.22940397262573,0e46824
DR,26,307200,282,0.1595744680851064,307.63120567375887,891,0.0,132.54545454545453,891,0.0,131.60381593714928,2770,0,0,96.22940397262573,0e46824
DR,26,368640,282,0.5567375886524822,405.24468085106383,891,0.02132435465768799,158.2749719416386,891,0.025813692480359147,155.40628507295173,2770,0,0,96.22940397262573,0e46824
DR,26,430080,282,0.9893617021276596,496.4751773049645,891,0.2255892255892256,168.21099887766553,891,0.1919191919191919,153.96969696969697,2770,0,0,96.22940397262573,0e46824
DR,26,491520,282,0.9858156028368794,496.36170212765956,891,0.38047138047138046,263.4118967452301,891,0.36924803591470257,255.08305274971943,2770,0,0,96.22940397262573,0e46824
DR,26,552960,282,0.9929078014184397,498.031914893617,891,0.35802469135802467,219.69809203142538,891,0.34231200897867564,214.2401795735129,2770,0,0,96.22940397262573,0e46824
DR,26,614400,282,0.9929078014184397,496.7730496453901,891,0.06172839506172839,91.04938271604938,891,0.06958473625140292,94.0976430976431,2770,0,0,96.22940397262573,0e46824
DR,29,0,282,0.0,13.00709219858156,891,0.0,12.103254769921437,891,0.0,11.856341189674524,2623,0,0,95.80721521377563,0e46824
DR,29,61440,282,0.05319148936170213,275.0354609929078,891,0.3254769921436588,269.77777777777777,891,0.3400673400673401,270.76206509539844,2623,0,0,95.80721521377563,0e46824
DR,29,122880,282,0.6843971631205674,473.6170212765957,891,0.3400673400673401,331.08193041526374,891,0.34231200897867564,330.01571268237933,2623,0,0,95.80721521377563,0e46824
DR,29,184320,282,0.7021276595744681,477.5851063829787,891,0.23007856341189675,292.7833894500561,891,0.19640852974186307,278.6004489337823,2623,0,0,95.80721521377563,0e46824
DR,29,245760,282,0.9716312056737588,494.74468085106383,891,0.9337822671156004,473.5016835016835,891,0.9191919191919192,467.4040404040404,2623,0,0,95.80721521377563,0e46824
DR,29,307200,282,0.25886524822695034,352.3900709219858,891,0.0,137.02020202020202,891,0.0,135.97081930415263,2623,0,0,95.80721521377563,0e46824
DR,29,368640,282,0.04964539007092199,233.46808510638297,891,0.0,109.8294051627385,891,0.0,109.22558922558923,2623,0,0,95.80721521377563,0e46824
DR,29,430080,282,0.9893617021276596,496.98581560283685,891,0.9147025813692481,466.3860830527497,891,0.8877665544332211,455.1257014590348,2623,0,0,95.80721521377563,0e46824
DR,29,491520,282,0.9787234042553191,490.50354609929076,891,0.001122334455667789,55.572390572390574,891,0.0,55.18181818181818,2623,0,0,95.80721521377563,0e46824
DR,29,552960,282,0.9858156028368794,494.6063829787234,891,0.001122334455667789,59.56677890011223,891,0.002244668911335578,59.78787878787879,2623,0,0,95.80721521377563,0e46824
DR,29,614400,282,0.9858156028368794,493.63120567375887,891,0.002244668911335578,55.970819304152634,891,0.001122334455667789,55.63860830527497,2623,0,0,95.80721521377563,0e46824
DR,30,0,282,0.0,30.45390070921986,891,0.0,38.021324354657686,891,0.0,38.397306397306394,2518,0,0,99.0335578918457,0e46824
DR,30,61440,282,0.375886524822695,390.7304964539007,891,0.017957351290684626,210.4803591470258,891,0.016835016835016835,206.3030303030303,2518,0,0,99.0335578918457,0e46824
DR,30,122880,282,0.18439716312056736,317.6843971631206,891,0.0,139.79573512906848,891,0.0,138.79685746352413,2518,0,0,99.0335578918457,0e46824
DR,30,184320,282,0.9858156028368794,496.2836879432624,891,0.797979797979798,418.23569023569024,891,0.7890011223344556,414.97418630751963,2518,0,0,99.0335578918457,0e46824
DR,30,245760,282,0.031914893617021274,227.42198581560282,891,0.008978675645342313,154.13131313131314,891,0.010101010101010102,152.324354657688,2518,0,0,99.0335578918457,0e46824
DR,30,307200,282,0.9893617021276596,497.13829787234044,891,0.5454545454545454,310.6026936026936,891,0.5499438832772167,312.4826038159371,2518,0,0,99.0335578918457,0e46824
DR,30,368640,282,0.9929078014184397,497.531914893617,891,0.7418630751964085,394.42424242424244,891,0.7362514029180696,391.0381593714927,2518,0,0,99.0335578918457,0e46824
DR,30,430080,282,0.9929078014184397,498.86879432624113,891,0.8103254769921436,422.3591470258137,891,0.7991021324354658,418.04938271604937,2518,0,0,99.0335578918457,0e46824
DR,30,491520,282,0.9716312056737588,493.7482269503546,891,0.19304152637485972,167.30639730639732,891,0.20987654320987653,172.42312008978675,2518,0,0,99.0335578918457,0e46824
DR,30,552960,282,0.9822695035460993,495.1063829787234,891,0.7833894500561167,411.14365881032546,891,0.7710437710437711,405.95735129068464,2518,0,0,99.0335578918457,0e46824
DR,30,614400,282,0.9787234042553191,493.71985815602835,891,0.372615039281706,244.20987654320987,891,0.35241301907968575,235.23793490460156,2518,0,0,99.0335578918457,0e46824
DR,31,0,282,0.0,12.453900709219859,891,0.0,26.40740740740741,891,0.0,26.175084175084177,2722,0,0,100.34292197227478,0e46824
DR,31,61440,282,0.07092198581560284,243.27304964539007,891,0.0,108.40179573512907,891,0.0,107.49719416386083,2722,0,0,100.34292197227478,0e46824
DR,31,122880,282,0.1950354609929078,335.4326241134752,891,0.0,104.05611672278339,891,0.001122334455667789,103.60044893378226,2722,0,0,100.34292197227478,0e46824
DR,31,184320,282,0.07446808510638298,250.9113475177305,891,0.0,113.14478114478115,891,0.0,112.58024691358025,2722,0,0,100.34292197227478,0e46824
DR,31,245760,282,0.549645390070922,419.4468085106383,891,0.13804713804713806,229.7149270482604,891,0.12682379349046016,222.86868686868686,2722,0,0,100.34292197227478,0e46824
DR,31,307200,282,0.19148936170212766,344.70567375886526,891,0.11335578002244669,207.29068462401796,891,0.10998877665544332,201.81705948372615,2722,0,0,100.34292197227478,0e46824
DR,31,368640,282,0.5212765957446809,418.63475177304963,891,0.001122334455667789,152.02469135802468,891,0.0,150.2884399551066,2722,0,0,100.34292197227478,0e46824
DR,31,430080,282,0.6879432624113475,457.1666666666667,891,0.5723905723905723,357.7833894500561,891,0.5578002244668911,352.79910213243545,2722,0,0,100.34292197227478,0e46824
DR,31,491520,282,0.9858156028368794,496.6418439716312,891,0.8608305274971941,444.5061728395062,891,0.8552188552188552,442.0987654320988,2722,0,0,100.34292197227478,0e46824
DR,31,552960,282,0.9893617021276596,497.2163120567376,891,0.8372615039281706,434.27946127946126,891,0.8372615039281706,433.48597081930416,2722,0,0,100.34292197227478,0e46824
DR,31,614400,282,0.9929078014184397,497.7517730496454,891,0.8428731762065096,436.27946127946126,891,0.8383838383838383,434.0628507295174,2722,0,0,100.34292197227478,0e46824
DR,33,0,282,0.0,16.131205673758867,891,0.0,28.042648709315376,891,0.0,28.7979797979798,2703,0,0,100.58074712753296,0e46824
DR,33,61440,282,0.07092198581560284,234.95744680851064,891,0.0,114.58585858585859,891,0.0,113.87542087542087,2703,0,0,100.58074712753296,0e46824
DR,33,122880,282,0.0425531914893617,225.22340425531914,891,0.0,109.14029180695847,891,0.0,108.68574635241302,2703,0,0,100.58074712753296,0e46824
DR,33,184320,282,0.9858156028368794,497.7695035460993,891,0.6397306397306397,349.2693602693603,891,0.6139169472502806,338.07182940516276,2703,0,0,100.58074712753296,0e46824
DR,33,245760,282,0.9787234042553191,493.6276595744681,891,0.003367003367003367,64.07519640852975,891,0.008978675645342313,65.9057239057239,2703,0,0,100.58074712753296,0e46824
DR,33,307200,282,0.9822695035460993,495.21276595744683,891,0.31986531986531985,207.03591470258138,891,0.31200897867564537,202.98765432098764,2703,0,0,100.58074712753296,0e46824
DR,33,368640,282,0.01773049645390071,175.34397163120568,891,0.0,117.8675645342312,891,0.001122334455667789,117.15039281705948,2703,0,0,100.58074712753296,0e46824
DR,33,430080,282,0.975177304964539,489.86524822695037,891,0.0,56.45454545454545,891,0.0,56.11896745230079,2703,0,0,100.58074712753296,0e46824
DR,33,491520,282,0.9929078014184397,497.7340425531915,891,0.6127946127946128,336.7497194163861,891,0.5757575757575758,320.60381593714925,2703,0,0,100.58074712753296,0e46824
DR,33,552960,282,0.9858156028368794,493.7517730496454,891,0.005611672278338945,61.280583613916946,891,0.005611672278338945,61.941638608305276,2703,0,0,100.58074712753296,0e46824
DR,33,614400,282,0.9893617021276596,495.27659574468083,891,0.002244668911335578,58.8327721661055,891,0.001122334455667789,58.4287317620651,2703,0,0,100.58074712753296,0e46824
DR,32,0,282,0.0,34.58510638297872,891,0.0,33.83726150392817,891,0.0,34.582491582491585,2719,0,0,101.70926904678345,0e46824
DR,32,61440,282,0.14184397163120568,292.56382978723406,891,0.0,119.90796857463525,891,0.0,118.9304152637486,2719,0,0,101.70926904678345,0e46824
DR,32,122880,282,0.1347517730496454,308.6737588652482,891,0.004489337822671156,141.26262626262627,891,0.003367003367003367,139.06958473625141,2719,0,0,101.70926904678345,0e46824
DR,32,184320,282,0.8865248226950354,482.1808510638298,891,0.0931537598204265,244.24915824915826,891,0.07856341189674523,237.3793490460157,2719,0,0,101.70926904678345,0e46824
DR,32,245760,282,0.2978723404255319,333.40425531914894,891,0.0,117.60942760942761,891,0.001122334455667789,117.03254769921436,2719,0,0,101.70926904678345,0e46824
DR,32,307200,282,0.9539007092198581,492.4929078014184,891,0.7901234567901234,415.2053872053872,891,0.7867564534231201,413.92255892255895,2719,0,0,101.70926904678345,0e46824
DR,32,368640,282,0.7446808510638298,440.87943262411346,891,0.09539842873176206,200.72727272727272,891,0.09539842873176206,194.24130190796856,2719,0,0,101.70926904678345,0e46824
DR,32,430080,282,0.9361702127659575,490.2269503546099,891,0.9124579124579124,465.1952861952862,891,0.8866442199775533,454.47699214365883,2719,0,0,101.70926904678345,0e46824
DR,32,491520,282,0.9929078014184397,496.99645390070924,891,0.23793490460157127,172.34343434343435,891,0.20763187429854096,160.8181818181818,2719,0,0,101.70926904678345,0e46824
DR,32,552960,282,0.975177304964539,488.72340425531917,891,0.002244668911335578,55.72615039281706,891,0.001122334455667789,55.40852974186308,2719,0,0,101.70926904678345,0e46824
DR,32,614400,282,0.9787234042553191,490.37943262411346,891,0.001122334455667789,55.721661054994385,891,0.001122334455667789,55.51851851851852,2719,0,0,101.70926904678345,0e46824
DR,34,0,282,0.0,32.43617021276596,891,0.0,43.221099887766556,891,0.0,43.68574635241302,2862,0,0,100.350182056427,0e46824
DR,34,61440,282,0.10283687943262411,270.49645390070924,891,0.0,121.13131313131314,891,0.0,120.17171717171718,2862,0,0,100.350182056427,0e46824
DR,34,122880,282,0.02127659574468085,174.43971631205673,891,0.0,102.8013468013468,891,0.0,102.26038159371492,2862,0,0,100.350182056427,0e46824
DR,34,184320,282,0.0035460992907801418,180.9964539007092,891,0.0,116.21997755331088,891,0.0,115.3097643097643,2862,0,0,100.350182056427,0e46824
DR,34,245760,282,0.06382978723404255,256.47163120567376,891,0.0,127.93827160493827,891,0.0,126.5959595959596,2862,0,0,100.350182056427,0e46824
DR,34,307200,282,0.975177304964539,497.87943262411346,891,0.4601571268237935,275.4635241301908,891,0.4511784511784512,273.1189674523008,2862,0,0,100.350182056427,0e46824
DR,34,368640,282,0.9858156028368794,497.06382978723406,891,0.8720538720538721,448.28619528619527,891,0.8698092031425365,447.280583613917,2862,0,0,100.350182056427,0e46824
DR,34,430080,282,0.9929078014184397,496.99645390070924,891,0.4556677890011223,271.75982042648707,891,0.43434343434343436,262.4141414141414,2862,0,0,100.350182056427,0e46824
DR,34,491520,282,0.9964539007092199,498.4432624113475,891,0.7014590347923682,375.05162738496074,891,0.7048260381593715,377.4523007856341,2862,0,0,100.350182056427,0e46824
DR,34,552960,282,0.9822695035460993,496.6985815602837,891,0.8540965207631874,440.3591470258137,891,0.8383838383838383,433.93602693602696,2862,0,0,100.350182056427,0e46824
DR,34,614400,282,0.9929078014184397,497.28723404255317,891,0.07631874298540965,100.19079685746352,891,0.07968574635241302,100.03030303030303,2862,0,0,100.350182056427,0e46824
DR,35,0,282,0.0,46.184397163120565,891,0.0,18.300785634118967,891,0.0,18.14702581369248,2651,0,0,100.14082622528076,0e46824
DR,35,61440,282,0.03546099290780142,214.04255319148936,891,0.0,103.7003367003367,891,0.0,103.15488215488216,2651,0,0,100.14082622528076,0e46824
DR,35,122880,282,0.07092198581560284,221.7304964539007,891,0.0,103.63973063973064,891,0.0,103.25476992143659,2651,0,0,100.14082622528076,0e46824
DR,35,184320,282,0.3120567375886525,392.2730496453901,891,0.020202020202020204,144.20089786756452,891,0.020202020202020204,134.30078563411897,2651,0,0,100.14082622528076,0e46824
DR,35,245760,282,0.925531914893617,490.2659574468085,891,0.43209876543209874,377.4556677890011,891,0.4264870931537598,371.7003367003367,2651,0,0,100.14082622528076,0e46824
DR,35,307200,282,0.9893617021276596,496.6950354609929,891,0.030303030303030304,73.77104377104376,891,0.029180695847362513,73.48035914702581,2651,0,0,100.14082622528076,0e46824
DR,35,368640,282,0.9787234042553191,497.2482269503546,891,0.745230078563412,393.652076318743,891,0.7239057239057239,385.50056116722783,2651,0,0,100.14082622528076,0e46824
DR,35,430080,282,0.9787234042553191,493.1985815602837,891,0.001122334455667789,56.7665544332211,891,0.0,56.57351290684624,2651,0,0,100.14082622528076,0e46824
DR,35,491520,282,0.9645390070921985,488.63120567375887,891,0.0,58.82491582491583,891,0.002244668911335578,59.180695847362514,2651,0,0,100.14082622528076,0e46824
DR,35,552960,282,0.9964539007092199,498.4432624113475,891,0.5207631874298541,297.80583613916946,891,0.5241301907968574,298.8675645342312,2651,0,0,100.14082622528076,0e46824
DR,35,614400,282,0.9893617021276596,495.27659574468083,891,0.002244668911335578,58.35578002244669,891,0.001122334455667789,58.021324354657686,2651,0,0,100.14082622528076,0e46824
DR,36,0,282,0.0,43.52836879432624,891,0.0,19.19753086419753,891,0.0,19.09203142536476,2639,0,0,101.49023795127869,0e46824
DR,36,61440,282,0.1276595744680851,278.677304964539,891,0.0,129.36026936026937,891,0.0,128.41301907968574,2639,0,0,101.49023795127869,0e46824
DR,36,122880,282,0.6205673758865248,448.5921985815603,891,0.002244668911335578,204.34567901234567,891,0.001122334455667789,202.65993265993265,2639,0,0,101.49023795127869,0e46824
DR,36,184320,282,0.9184397163120568,490.0567375886525,891,0.07295173961840629,223.6206509539843,891,0.06509539842873176,216.16947250280583,2639,0,0,101.49023795127869,0e46824
DR,36,245760,282,0.7588652482269503,452.2695035460993,891,0.26936026936026936,214.40965207631874,891,0.2671156004489338,212.77216610549945,2639,0,0,101.49023795127869,0e46824
DR,36,307200,282,0.10283687943262411,268.92907801418437,891,0.001122334455667789,131.65993265993265,891,0.0,130.01234567901236,2639,0,0,101.49023795127869,0e46824
DR,36,368640,282,0.9858156028368794,495.60283687943263,891,0.9259259259259259,470.67003367003366,891,0.9057239057239057,462.18742985409654,2639,0,0,101.49023795127869,0e46824
DR,36,430080,282,0.9893617021276596,495.4148936170213,891,0.020202020202020204,71.16947250280583,891,0.017957351290684626,70.89113355780023,2639,0,0,101.49023795127869,0e46824
DR,36,491520,282,0.9822695035460993,493.4645390070922,891,0.019079685746352413,72.37822671156005,891,0.017957351290684626,71.28956228956228,2639,0,0,101.49023795127869,0e46824
DR,36,552960,282,0.14893617021276595,276.09929078014187,891,0.0,162.75420875420875,891,0.0,161.9584736251403,2639,0,0,101.49023795127869,0e46824
DR,36,614400,282,0.9822695035460993,495.56382978723406,891,0.819304152637486,427.5959595959596,891,0.8058361391694725,421.82379349046016,2639,0,0,101.49023795127869,0e46824
DR,37,0,282,0.0035460992907801418,82.27304964539007,891,0.0,39.28731762065095,891,0.0,38.52637485970819,2704,0,0,96.45909214019775,0e46824
DR,37,61440,282,0.14893617021276595,310.0673758865248,891,0.0,125.42087542087542,891,0.0,124.30078563411897,2704,0,0,96.45909214019775,0e46824
DR,37,122880,282,0.2765957446808511,350.9645390070922,891,0.0,135.03254769921438,891,0.001122334455667789,133.93939393939394,2704,0,0,96.45909214019775,0e46824
DR,37,184320,282,0.09574468085106383,268.09929078014187,891,0.0,113.43097643097643,891,0.0,112.85634118967452,2704,0,0,96.45909214019775,0e46824
DR,37,245760,282,0.18439716312056736,327.1843971631206,891,0.0,139.4702581369248,891,0.0,138.64646464646464,2704,0,0,96.45909214019775,0e46824
DR,37,307200,282,0.14184397163120568,322.322695035461,891,0.015712682379349047,166.3030303030303,891,0.013468013468013467,162.95286195286195,2704,0,0,96.45909214019775,0e46824
DR,37,368640,282,0.8404255319148937,487.72340425531917,891,0.013468013468013467,139.6240179573513,891,0.014590347923681257,134.26262626262627,2704,0,0,96.45909214019775,0e46824
DR,37,430080,282,0.9219858156028369,483.86524822695037,891,0.7441077441077442,394.85858585858585,891,0.7429854096520763,394.12794612794613,2704,0,0,96.45909214019775,0e46824
DR,37,491520,282,0.9893617021276596,495.28014184397165,891,0.020202020202020204,70.89450056116723,891,0.016835016835016835,69.32996632996633,2704,0,0,96.45909214019775,0e46824
DR,37,552960,282,0.9893617021276596,495.2730496453901,891,0.002244668911335578,57.00561167227834,891,0.001122334455667789,56.64421997755331,2704,0,0,96.45909214019775,0e46824
DR,37,614400,282,0.9148936170212766,484.9609929078014,891,0.04264870931537598,254.49719416386083,891,0.04040404040404041,248.96632996632997,2704,0,0,96.45909214019775,0e46824
DR,39,0,282,0.0,13.22340425531915,891,0.0,33.898989898989896,891,0.0,33.78114478114478,2679,0,0,96.24575591087341,0e46824
DR,39,61440,282,0.0673758865248227,222.39007092198582,891,0.0,101.44219977553311,891,0.0,101.04826038159372,2679,0,0,96.24575591087341,0e46824
DR,39,122880,282,0.16666666666666666,304.6276595744681,891,0.0,127.85634118967452,891,0.0,126.82491582491582,2679,0,0,96.24575591087341,0e46824
DR,39,184320,282,0.5638297872340425,431.52836879432624,891,0.001122334455667789,169.7182940516274,891,0.001122334455667789,168.0594837261504,2679,0,0,96.24575591087341,0e46824
DR,39,245760,282,0.10638297872340426,298.64539007092196,891,0.1425364758698092,197.2895622895623,891,0.1335578002244669,196.4803591470258,2679,0,0,96.24575591087341,0e46824
DR,39,307200,282,0.900709219858156,487.59574468085106,891,0.0,76.69809203142536,891,0.0,76.34567901234568,2679,0,0,96.24575591087341,0e46824
DR,39,368640,282,0.9929078014184397,496.9078014184397,891,0.03367003367003367,78.50841750841751,891,0.029180695847362513,75.51515151515152,2679,0,0,96.24575591087341,0e46824
DR,39,430080,282,0.9929078014184397,497.45390070921985,891,0.7239057239057239,388.5432098765432,891,0.7070707070707071,381.3063973063973,2679,0,0,96.24575591087341,0e46824
DR,39,491520,282,0.9787234042553191,496.04609929078015,891,0.7598204264870931,402.5331088664422,891,0.7519640852974186,399.5050505050505,2679,0,0,96.24575591087341,0e46824
DR,39,552960,282,0.9787234042553191,496.1737588652482,891,0.712682379349046,383.6161616161616,891,0.7014590347923682,379.2581369248036,2679,0,0,96.24575591087341,0e46824
DR,39,614400,282,0.6702127659574468,470.4078014184397,891,0.25925925925925924,257.337822671156,891,0.2772166105499439,260.327721661055,2679,0,0,96.24575591087341,0e46824
DR,41,0,282,0.0,38.4822695035461,891,0.0,35.325476992143656,891,0.0,35.494949494949495,2714,0,0,95.45832800865173,0e46824
DR,41,61440,282,0.09574468085106383,245.7836879432624,891,0.0,107.92480359147025,891,0.0,107.30751964085297,2714,0,0,95.45832800865173,0e46824
DR,41,122880,282,0.11702127659574468,282.02836879432624,891,0.0,122.87654320987654,891,0.0,121.97643097643098,2714,0,0,95.45832800865173,0e46824
DR,41,184320,282,0.031914893617021274,202.84751773049646,891,0.0,105.93153759820426,891,0.0,105.58810325476992,2714,0,0,95.45832800865173,0e46824
DR,41,245760,282,0.9184397163120568,488.1985815602837,891,0.3153759820426487,295.39842873176207,891,0.2996632996632997,287.81257014590346,2714,0,0,95.45832800865173,0e46824
DR,41,307200,282,0.5141843971631206,464.43617021276594,891,0.001122334455667789,103.70145903479236,891,0.001122334455667789,99.5331088664422,2714,0,0,95.45832800865173,0e46824
DR,41,368640,282,0.975177304964539,495.3510638297872,891,0.8181818181818182,426.4702581369248,891,0.7968574635241302,417.9584736251403,2714,0,0,95.45832800865173,0e46824
DR,41,430080,282,0.024822695035460994,289.93971631205676,891,0.001122334455667789,143.84399551066218,891,0.001122334455667789,139.44668911335577,2714,0,0,95.45832800865173,0e46824
DR,41,491520,282,0.14893617021276595,301.08156028368796,891,0.0,137.2334455667789,891,0.0,134.30639730639732,2714,0,0,95.45832800865173,0e46824
DR,41,552960,282,0.8049645390070922,474.790780141844,891,0.5375982042648709,360.3063973063973,891,0.5420875420875421,362.37149270482604,2714,0,0,95.45832800865173,0e46824
DR,41,614400,282,0.9858156028368794,494.93617021276594,891,0.007856341189674524,66.07070707070707,891,0.008978675645342313,66.48821548821549,2714,0,0,95.45832800865173,0e46824
DR,38,0,282,0.0,29.20567375886525,891,0.0,29.004489337822672,891,0.0,28.939393939393938,2780,0,0,98.20870471000671,0e46824
DR,38,61440,282,0.010638297872340425,176.38652482269504,891,0.0,103.50729517396184,891,0.0,103.06172839506173,2780,0,0,98.20870471000671,0e46824
DR,38,122880,282,0.9787234042553191,495.8191489361702,891,0.7721661054994389,407.60493827160496,891,0.7654320987654321,404.8967452300786,2780,0,0,98.20870471000671,0e46824
DR,38,184320,282,0.7872340425531915,481.5070921985816,891,0.03367003367003367,172.46801346801348,891,0.038159371492704826,169.74859708193043,2780,0,0,98.20870471000671,0e46824
DR,38,245760,282,0.9858156028368794,497.2304964539007,891,0.7025813692480359,380.05387205387206,891,0.6823793490460157,371.7946127946128,2780,0,0,98.20870471000671,0e46824
DR,38,307200,282,0.02127659574468085,183.29432624113474,891,0.0,134.41526374859708,891,0.0,134.03254769921438,2780,0,0,98.20870471000671,0e46824
DR,38,368640,282,0.9822695035460993,496.09929078014187,891,0.8451178451178452,437.6206509539843,891,0.8271604938271605,430.0617283950617,2780,0,0,98.20870471000671,0e46824
DR,38,430080,282,0.9893617021276596,495.3156028368794,891,0.002244668911335578,59.41414141414141,891,0.002244668911335578,59.5331088664422,2780,0,0,98.20870471000671,0e46824
DR,38,491520,282,0.9964539007092199,498.5531914893617,891,0.38496071829405165,237.66442199775534,891,0.36924803591470257,230.96632996632997,2780,0,0,98.20870471000671,0e46824
DR,38,552960,282,0.9858156028368794,495.60283687943263,891,0.8888888888888888,455.4231200897868,891,0.8686868686868687,446.84960718294053,2780,0,0,98.20870471000671,0e46824
DR,38,614400,282,0.9822695035460993,492.1808510638298,891,0.002244668911335578,56.707070707070706,891,0.001122334455667789,56.34567901234568,2780,0,0,98.20870471000671,0e46824
DR,40,0,282,0.0,13.368794326241135,891,0.0,25.707070707070706,891,0.0,25.75084175084175,2549,0,0,98.0393590927124,0e46824
DR,40,61440,282,0.41843971631205673,388.17021276595744,891,0.001122334455667789,188.003367003367,891,0.0,186.1459034792368,2549,0,0,98.0393590927124,0e46824
DR,40,122880,282,0.9929078014184397,499.3156028368794,891,0.8170594837261503,426.60381593714925,891,0.8047138047138047,421.1537598204265,2549,0,0,98.0393590927124,0e46824
DR,40,184320,282,0.475177304964539,417.0354609929078,891,0.001122334455667789,178.06060606060606,891,0.0,176.006734006734,2549,0,0,98.0393590927124,0e46824
DR,40,245760,282,0.014184397163120567,184.02482269503545,891,0.0,108.14478114478115,891,0.0,107.42985409652076,2549,0,0,98.0393590927124,0e46824
DR,40,307200,282,0.9858156028368794,493.86170212765956,891,0.0,57.20987654320987,891,0.001122334455667789,57.166105499438835,2549,0,0,98.0393590927124,0e46824
DR,40,368640,282,0.9929078014184397,497.1489361702128,891,0.47474747474747475,278.41750841750843,891,0.4781144781144781,279.7306397306397,2549,0,0,98.0393590927124,0e46824
DR,40,430080,282,0.9716312056737588,492.21276595744683,891,0.001122334455667789,58.08978675645342,891,0.002244668911335578,58.40179573512907,2549,0,0,98.0393590927124,0e46824
DR,40,491520,282,0.9858156028368794,495.177304964539,891,0.002244668911335578,56.58585858585859,891,0.001122334455667789,56.25476992143659,2549,0,0,98.0393590927124,0e46824
DR,40,552960,282,0.9858156028368794,493.70567375886526,891,0.002244668911335578,57.05162738496072,891,0.001122334455667789,56.65881032547699,2549,0,0,98.0393590927124,0e46824
DR,40,614400,282,0.9716312056737588,494.5531914893617,891,0.7463524130190797,397.9652076318743,891,0.7463524130190797,398.1043771043771,2549,0,0,98.0393590927124,0e46824
DR,42,0,282,0.0,42.09574468085106,891,0.0,17.439955106621774,891,0.0,17.29405162738496,3065,0,0,97.01300811767578,0e46824
DR,42,61440,282,0.40070921985815605,375.67021276595744,891,0.001122334455667789,150.0549943883277,891,0.0,148.54657687991022,3065,0,0,97.01300811767578,0e46824
DR,42,122880,282,0.9716312056737588,495.4468085106383,891,0.7059483726150393,424.38496071829405,891,0.6790123456790124,416.7351290684624,3065,0,0,97.01300811767578,0e46824
DR,42,184320,282,0.01773049645390071,188.42198581560282,891,0.0,103.31649831649831,891,0.0,103.01010101010101,3065,0,0,97.01300811767578,0e46824
DR,42,245760,282,0.0851063829787234,271.5496453900709,891,0.0,125.87654320987654,891,0.0,125.94837261503928,3065,0,0,97.01300811767578,0e46824
DR,42,307200,282,0.0425531914893617,219.53900709219857,891,0.0,111.41526374859708,891,0.0,110.8675645342312,3065,0,0,97.01300811767578,0e46824
DR,42,368640,282,0.851063829787234,468.4645390070922,891,0.5061728395061729,303.0347923681257,891,0.500561167227834,301.47474747474746,3065,0,0,97.01300811767578,0e46824
DR,42,430080,282,0.08865248226950355,288.0070921985816,891,0.09764309764309764,196.81032547699215,891,0.09427609427609428,193.39842873176207,3065,0,0,97.01300811767578,0e46824
DR,42,491520,282,0.7375886524822695,468.42198581560285,891,0.04713804713804714,147.20875420875421,891,0.052749719416386086,147.06060606060606,3065,0,0,97.01300811767578,0e46824
DR,42,552960,282,0.9858156028368794,496.38652482269504,891,0.8832772166105499,452.9910213243547,891,0.8698092031425365,447.22109988776657,3065,0,0,97.01300811767578,0e46824
DR,42,614400,282,0.9858156028368794,494.6737588652482,891,0.038159371492704826,85.05836139169473,891,0.026936026936026935,79.7598204264871,3065,0,0,97.01300811767578,0e46824
DR,43,0,282,0.0,30.26241134751773,891,0.0,44.023569023569024,891,0.0,45.04489337822671,2991,0,0,125.41226816177368,0e46824
DR,43,61440,282,0.3333333333333333,349.07801418439715,891,0.001122334455667789,139.83501683501683,891,0.0,137.83501683501683,2991,0,0,125.41226816177368,0e46824
DR,43,122880,282,0.7375886524822695,465.91843971631204,891,0.11447811447811448,241.88215488215488,891,0.10437710437710437,240.8540965207632,2991,0,0,125.41226816177368,0e46824
DR,43,184320,282,0.0425531914893617,247.2695035460993,891,0.0,127.53984287317621,891,0.0,126.24354657687991,2991,0,0,125.41226816177368,0e46824
DR,43,245760,282,0.08156028368794327,268.13475177304963,891,0.028058361391694726,166.0460157126824,891,0.03367003367003367,161.1358024691358,2991,0,0,125.41226816177368,0e46824
DR,43,307200,282,0.5460992907801419,434.1666666666667,891,0.014590347923681257,197.29854096520762,891,0.019079685746352413,195.44781144781146,2991,0,0,125.41226816177368,0e46824
DR,43,368640,282,0.15602836879432624,314.0390070921986,891,0.0,130.38159371492705,891,0.0,130.52076318742985,2991,0,0,125.41226816177368,0e46824
DR,43,430080,282,0.74822695035461,466.97872340425533,891,0.18742985409652077,255.41750841750843,891,0.1840628507295174,244.59708193041527,2991,0,0,125.41226816177368,0e46824
DR,43,491520,282,0.5177304964539007,424.60283687943263,891,0.0,100.34792368125702,891,0.0,98.78002244668912,2991,0,0,125.41226816177368,0e46824
DR,43,552960,282,0.9964539007092199,498.8900709219858,891,0.6677890011223344,360.4253647586981,891,0.6498316498316499,353.40628507295173,2991,0,0,125.41226816177368,0e46824
DR,43,614400,282,0.9893617021276596,498.0248226950355,891,0.9281705948372615,471.10213243546576,891,0.9191919191919192,467.699214365881,2991,0,0,125.41226816177368,0e46824
DR,46,0,282,0.0,88.64539007092199,891,0.0,41.60157126823793,891,0.0,41.44107744107744,2982,0,0,124.64705491065979,0e46824
DR,46,61440,282,0.08865248226950355,249.4078014184397,891,0.0,108.53647586980921,891,0.0,107.94388327721661,2982,0,0,124.64705491065979,0e46824
DR,46,122880,282,0.1099290780141844,294.47163120567376,891,0.001122334455667789,142.22558922558923,891,0.001122334455667789,139.29068462401796,2982,0,0,124.64705491065979,0e46824
DR,46,184320,282,0.08156028368794327,259.32978723404256,891,0.0,118.4253647586981,891,0.0,117.89786756453424,2982,0,0,124.64705491065979,0e46824
DR,46,245760,282,0.06382978723404255,260.12056737588654,891,0.01122334455667789,157.0549943883277,891,0.014590347923681257,154.78002244668912,2982,0,0,124.64705491065979,0e46824
DR,46,307200,282,0.05673758865248227,240.55673758865248,891,0.0,124.30078563411897,891,0.0,123.20763187429854,2982,0,0,124.64705491065979,0e46824
DR,46,368640,282,0.8014184397163121,481.7411347517731,891,0.003367003367003367,108.23232323232324,891,0.001122334455667789,103.99775533108867,2982,0,0,124.64705491065979,0e46824
DR,46,430080,282,0.9822695035460993,493.9148936170213,891,0.1750841750841751,146.37037037037038,891,0.186307519640853,150.35465768799102,2982,0,0,124.64705491065979,0e46824
DR,46,491520,282,0.950354609929078,491.3262411347518,891,0.5712682379349046,317.41301907968574,891,0.5488215488215489,307.90684624017956,2982,0,0,124.64705491065979,0e46824
DR,46,552960,282,0.9964539007092199,498.4113475177305,891,0.3277216610549944,212.8641975308642,891,0.3221099887766554,209.83389450056117,2982,0,0,124.64705491065979,0e46824
DR,46,614400,282,0.9219858156028369,482.26241134751774,891,0.16161616161616163,242.58473625140292,891,0.14702581369248036,234.03367003367003,2982,0,0,124.64705491065979,0e46824
DR,44,0,282,0.0,10.826241134751774,891,0.0,19.570145903479236,891,0.0,19.052749719416386,2631,0,0,126.3161039352417,0e46824
DR,44,61440,282,0.4148936170212766,397.9432624113475,891,0.0,190.7732884399551,891,0.0,189.51402918069584,2631,0,0,126.3161039352417,0e46824
DR,44,122880,282,0.3191489361702128,372.4078014184397,891,0.0,162.1604938271605,891,0.0,161.3793490460157,2631,0,0,126.3161039352417,0e46824
DR,44,184320,282,0.0425531914893617,208.53191489361703,891,0.0,119.34792368125702,891,0.0,118.42648709315375,2631,0,0,126.3161039352417,0e46824
DR,44,245760,282,1.0,500.0,891,0.819304152637486,426.82828282828285,891,0.8058361391694725,422.3557800224467,2631,0,0,126.3161039352417,0e46824
DR,44,307200,282,0.450354609929078,439.32978723404256,891,0.8372615039281706,436.2502805836139,891,0.8237934904601572,430.2783389450056,2631,0,0,126.3161039352417,0e46824
DR,44,368640,282,0.9822695035460993,494.3900709219858,891,0.3108866442199775,201.09652076318744,891,0.30078563411896747,196.21099887766553,2631,0,0,126.3161039352417,0e46824
DR,44,430080,282,0.9858156028368794,496.9751773049645,891,0.6318742985409652,344.23569023569024,891,0.6004489337822672,330.85634118967454,2631,0,0,126.3161039352417,0e46824
DR,44,491520,282,0.9822695035460993,494.7836879432624,891,0.5499438832772167,307.01571268237933,891,0.5218855218855218,294.91806958473626,2631,0,0,126.3161039352417,0e46824
DR,44,552960,282,0.9964539007092199,499.2588652482269,891,0.6172839506172839,337.6374859708193,891,0.6026936026936027,330.679012345679,2631,0,0,126.3161039352417,0e46824
DR,44,614400,282,0.9822695035460993,494.8758865248227,891,0.6879910213243546,377.1773288439955,891,0.691358024691358,377.8945005611672,2631,0,0,126.3161039352417,0e46824
DR,45,0,282,0.010638297872340425,56.48936170212766,891,0.0,19.28956228956229,891,0.0,19.199775533108866,3071,0,0,126.34083390235901,0e46824
DR,45,61440,282,0.07446808510638298,246.62765957446808,891,0.0,122.22334455667789,891,0.0,121.41414141414141,3071,0,0,126.34083390235901,0e46824
DR,45,122880,282,0.22340425531914893,336.01418439716315,891,0.0,140.50617283950618,891,0.0,141.337822671156,3071,0,0,126.34083390235901,0e46824
DR,45,184320,282,0.9290780141843972,484.6063829787234,891,0.4837261503928171,294.36700336700335,891,0.4725028058361392,289.7901234567901,3071,0,0,126.34083390235901,0e46824
DR,45,245760,282,0.8297872340425532,477.2659574468085,891,0.18967452300785634,289.42648709315375,891,0.19304152637485972,287.5881032547699,3071,0,0,126.34083390235901,0e46824
DR,45,307200,282,0.9645390070921985,491.82978723404256,891,0.8305274971941639,432.43995510662177,891,0.8327721661054994,433.10886644219977,3071,0,0,126.34083390235901,0e46824
DR,45,368640,282,0.05319148936170213,256.34751773049646,891,0.008978675645342313,156.58249158249157,891,0.01122334455667789,157.76430976430976,3071,0,0,126.34083390235901,0e46824
DR,45,430080,282,0.6702127659574468,457.9078014184397,891,0.04040404040404041,216.86531986531986,891,0.04152637485970819,212.7732884399551,3071,0,0,126.34083390235901,0e46824
DR,45,491520,282,0.9893617021276596,496.822695035461,891,0.4377104377104377,259.40179573512904,891,0.4107744107744108,247.59147025813692,3071,0,0,126.34083390235901,0e46824
DR,45,552960,282,0.450354609929078,399.9929078014184,891,0.017957351290684626,152.76879910213245,891,0.02132435465768799,150.0460157126824,3071,0,0,126.34083390235901,0e46824
DR,45,614400,282,0.03900709219858156,217.9964539007092,891,0.007856341189674524,123.02356902356902,891,0.006734006734006734,121.25140291806959,3071,0,0,126.34083390235901,0e46824
DR,47,0,282,0.0,11.202127659574469,891,0.0,20.745230078563413,891,0.0,20.35016835016835,2932,0,0,124.55742907524109,0e46824
DR,47,61440,282,0.475177304964539,365.7269503546099,891,0.0,116.29854096520764,891,0.001122334455667789,115.73625140291807,2932,0,0,124.55742907524109,0e46824
DR,47,122880,282,0.06382978723404255,229.95744680851064,891,0.0,108.27833894500561,891,0.0,107.55667789001123,2932,0,0,124.55742907524109,0e46824
DR,47,184320,282,0.20921985815602837,309.11347517730496,891,0.001122334455667789,111.42312008978675,891,0.0,110.39955106621774,2932,0,0,124.55742907524109,0e46824
DR,47,245760,282,0.549645390070922,391.57092198581563,891,0.10213243546576879,151.43771043771045,891,0.0920314253647587,148.00224466891135,2932,0,0,124.55742907524109,0e46824
DR,47,307200,282,0.10283687943262411,272.6843971631206,891,0.0,123.29517396184063,891,0.0,122.42985409652076,2932,0,0,124.55742907524109,0e46824
DR,47,368640,282,0.9042553191489362,487.23758865248226,891,0.25252525252525254,275.9438832772166,891,0.250280583613917,270.98092031425364,2932,0,0,124.55742907524109,0e46824
DR,47,430080,282,0.9893617021276596,497.2659574468085,891,0.9259259259259259,470.5173961840629,891,0.9046015712682379,461.8821548821549,2932,0,0,124.55742907524109,0e46824
DR,47,491520,282,0.900709219858156,480.6099290780142,891,0.3894500561167228,256.8619528619529,891,0.39730639730639733,259.42199775533106,2932,0,0,124.55742907524109,0e46824
DR,47,552960,282,0.6382978723404256,461.27659574468083,891,0.37037037037037035,324.23120089786755,891,0.36251402918069586,320.317620650954,2932,0,0,124.55742907524109,0e46824
DR,47,614400,282,0.9858156028368794,493.71276595744683,891,0.001122334455667789,57.387205387205384,891,0.001122334455667789,57.08641975308642,2932,0,0,124.55742907524109,0e46824
DR,48,0,282,0.0,39.755319148936174,891,0.0,20.86307519640853,891,0.0,20.73961840628507,2613,0,0,127.88085389137268,0e46824
DR,48,61440,282,0.15602836879432624,319.2659574468085,891,0.0,159.5016835016835,891,0.0,158.03367003367003,2613,0,0,127.88085389137268,0e46824
DR,48,122880,282,0.29432624113475175,370.56382978723406,891,0.09988776655443322,252.83389450056117,891,0.08866442199775533,247.4837261503928,2613,0,0,127.88085389137268,0e46824
DR,48,184320,282,0.08156028368794327,266.60283687943263,891,0.0,125.19304152637486,891,0.0,124.1604938271605,2613,0,0,127.88085389137268,0e46824
DR,48,245760,282,0.9609929078014184,494.8900709219858,891,0.13019079685746351,151.31425364758698,891,0.10662177328843996,140.72727272727272,2613,0,0,127.88085389137268,0e46824
DR,48,307200,282,0.549645390070922,450.3085106382979,891,0.1414141414141414,194.0482603815937,891,0.11784511784511785,184.24803591470257,2613,0,0,127.88085389137268,0e46824
DR,48,368640,282,0.9893617021276596,498.20212765957444,891,0.19640852974186307,156.08641975308643,891,0.1750841750841751,145.32996632996634,2613,0,0,127.88085389137268,0e46824
DR,48,430080,282,0.7056737588652482,476.28723404255317,891,0.001122334455667789,112.1604938271605,891,0.0,104.85072951739619,2613,0,0,127.88085389137268,0e46824
DR,48,491520,282,0.9822695035460993,492.0744680851064,891,0.002244668911335578,56.57687991021324,891,0.001122334455667789,56.270482603815935,2613,0,0,127.88085389137268,0e46824
DR,48,552960,282,0.9858156028368794,496.677304964539,891,0.6475869809203143,354.9910213243547,891,0.6408529741863075,352.20314253647587,2613,0,0,127.88085389137268,0e46824
DR,48,614400,282,0.9078014184397163,479.7163120567376,891,0.39169472502805835,304.8574635241302,891,0.36924803591470257,295.28619528619527,2613,0,0,127.88085389137268,0e46824
DR,49,0,282,0.0,43.57446808510638,891,0.0,45.95847362514029,891,0.0,46.84960718294052,2618,0,0,21.488667011260986,578e982
DR,49,61440,282,0.04964539007092199,227.89361702127658,891,0.0,107.14365881032548,891,0.0,106.51290684624018,2618,0,0,21.488667011260986,578e982
DR,49,122880,282,0.37943262411347517,367.4113475177305,891,0.001122334455667789,133.02132435465768,891,0.0,131.58249158249157,2618,0,0,21.488667011260986,578e982
DR,49,184320,282,0.14893617021276595,304.6489361702128,891,0.0,127.25925925925925,891,0.0,126.12345679012346,2618,0,0,21.488667011260986,578e982
DR,49,245760,282,0.12411347517730496,400.6950354609929,891,0.0,119.95398428731762,891,0.001122334455667789,117.36812570145904,2618,0,0,21.488667011260986,578e982
DR,49,307200,282,0.9964539007092199,499.7517730496454,891,0.8058361391694725,423.04938271604937,891,0.7912457912457912,416.51627384960716,2618,0,0,21.488667011260986,578e982
DR,49,368640,282,0.975177304964539,496.85460992907804,891,0.49719416386083054,284.7665544332211,891,0.47474747474747475,276.09539842873176,2618,0,0,21.488667011260986,578e982
DR,49,430080,282,0.9468085106382979,492.9503546099291,891,0.7631874298540965,404.83501683501686,891,0.7384960718294051,395.3726150392817,2618,0,0,21.488667011260986,578e982
DR,49,491520,282,0.9858156028368794,495.7482269503546,891,0.3602693602693603,220.98877665544333,891,0.3479236812570146,216.1043771043771,2618,0,0,21.488667011260986,578e982
DR,49,552960,282,0.9858156028368794,497.3510638297872,891,0.8013468013468014,420.7676767676768,891,0.7845117845117845,413.7351290684624,2618,0,0,21.488667011260986,578e982
DR,49,614400,282,0.9787234042553191,494.9432624113475,891,0.7295173961840629,390.4691358024691,891,0.7272727272727273,389.53872053872055,2618,0,0,21.488667011260986,578e982
DR,50,0,282,0.0,12.209219858156029,891,0.0,11.40628507295174,891,0.0,11.332210998877665,2609,0,0,21.335826873779297,578e982
DR,50,61440,282,0.1773049645390071,266.82978723404256,891,0.0,98.9719416386083,891,0.0,98.60157126823793,2609,0,0,21.335826873779297,578e982
DR,50,122880,282,0.0070921985815602835,178.7163120567376,891,0.0,96.21885521885523,891,0.0,95.89113355780023,2609,0,0,21.335826873779297,578e982
DR,50,184320,282,0.20212765957446807,332.59929078014187,891,0.001122334455667789,139.8507295173962,891,0.0,137.8675645342312,2609,0,0,21.335826873779297,578e982
DR,50,245760,282,0.8546099290780141,481.9078014184397,891,0.7474747474747475,398.7800224466891,891,0.7362514029180696,394.0089786756453,2609,0,0,21.335826873779297,578e982
DR,50,307200,282,0.0425531914893617,333.1950354609929,891,0.122334455667789,252.23120089786755,891,0.11784511784511785,254.996632996633,2609,0,0,21.335826873779297,578e982
DR,50,368640,282,0.8829787234042553,482.59574468085106,891,0.7676767676767676,406.6296296296296,891,0.745230078563412,397.4466891133558,2609,0,0,21.335826873779297,578e982
DR,50,430080,282,0.6453900709219859,466.7340425531915,891,0.44219977553310885,344.979797979798,891,0.43434343434343436,339.0920314253648,2609,0,0,21.335826873779297,578e982
DR,50,491520,282,0.9148936170212766,485.70567375886526,891,0.5061728395061729,314.7429854096521,891,0.48035914702581367,308.8507295173962,2609,0,0,21.335826873779297,578e982
DR,50,552960,282,0.9964539007092199,498.4822695035461,891,0.8529741863075196,440.9304152637486,891,0.8406285072951739,435.93265993265993,2609,0,0,21.335826873779297,578e982
DR,50,614400,282,0.9609929078014184,494.6489361702128,891,0.835016835016835,432.8855218855219,891,0.819304152637486,426.023569023569,2609,0,0,21.335826873779297,578e982
DR,53,0,282,0.0,29.117021276595743,891,0.0,28.88327721661055,891,0.0,27.725028058361392,2922,0,0,21.437199115753174,578e982
DR,53,61440,282,0.0425531914893617,216.3758865248227,891,0.0,104.0213243546577,891,0.0,103.58361391694724,2922,0,0,21.437199115753174,578e982
DR,53,122880,282,0.10638297872340426,288.2730496453901,891,0.001122334455667789,128.35802469135803,891,0.0,127.5712682379349,2922,0,0,21.437199115753174,578e982
DR,53,184320,282,0.8156028368794326,474.4432624113475,891,0.001122334455667789,217.003367003367,891,0.0,214.8574635241302,2922,0,0,21.437199115753174,578e982
DR,53,245760,282,0.09574468085106383,300.709219858156,891,0.002244668911335578,111.8080808080808,891,0.001122334455667789,113.88552188552188,2922,0,0,21.437199115753174,578e982
DR,53,307200,282,0.0425531914893617,228.8049645390071,891,0.0,118.37149270482604,891,0.0,117.87766554433222,2922,0,0,21.437199115753174,578e982
DR,53,368640,282,0.7553191489361702,469.76241134751774,891,0.004489337822671156,124.04377104377105,891,0.007856341189674524,120.62962962962963,2922,0,0,21.437199115753174,578e982
DR,53,430080,282,0.48936170212765956,436.78723404255317,891,0.1750841750841751,209.24130190796856,891,0.1537598204264871,200.53872053872053,2922,0,0,21.437199115753174,578e982
DR,53,491520,282,0.9822695035460993,494.3014184397163,891,0.14927048260381592,129.64534231200898,891,0.16498316498316498,135.89337822671155,2922,0,0,21.437199115753174,578e982
DR,53,552960,282,0.9787234042553191,492.43971631205676,891,0.0,56.464646464646464,891,0.0,56.31874298540965,2922,0,0,21.437199115753174,578e982
DR,53,614400,282,0.9893617021276596,495.2730496453901,891,0.007856341189674524,63.494949494949495,891,0.012345679012345678,65.21661054994388,2922,0,0,21.437199115753174,578e982
DR,51,0,282,0.0,14.47872340425532,891,0.0,36.93490460157127,891,0.0,36.48372615039282,2845,0,0,21.786810874938965,578e982
DR,51,61440,282,0.25886524822695034,325.24468085106383,891,0.0,127.11223344556677,891,0.0,126.0628507295174,2845,0,0,21.786810874938965,578e982
DR,51,122880,282,0.36524822695035464,385.42198581560285,891,0.0,179.4702581369248,891,0.001122334455667789,177.66442199775534,2845,0,0,21.786810874938965,578e982
DR,51,184320,282,0.3191489361702128,398.1666666666667,891,0.12457912457912458,239.32996632996634,891,0.11447811447811448,230.31649831649833,2845,0,0,21.786810874938965,578e982
DR,51,245760,282,0.6985815602836879,460.8049645390071,891,0.002244668911335578,200.65993265993265,891,0.0,199.11335578002246,2845,0,0,21.786810874938965,578e982
DR,51,307200,282,0.05673758865248227,207.09574468085106,891,0.001122334455667789,131.1806958473625,891,0.001122334455667789,129.93153759820427,2845,0,0,21.786810874938965,578e982
DR,51,368640,282,0.9964539007092199,499.83687943262413,891,0.797979797979798,418.31874298540964,891,0.7845117845117845,412.2087542087542,2845,0,0,21.786810874938965,578e982
DR,51,430080,282,0.9929078014184397,496.9468085106383,891,0.26038159371492703,185.75420875420875,891,0.24017957351290684,176.90123456790124,2845,0,0,21.786810874938965,578e982
DR,51,491520,282,0.9893617021276596,495.25531914893617,891,0.0,56.96408529741863,891,0.0,56.85297418630752,2845,0,0,21.786810874938965,578e982
DR,51,552960,282,0.9893617021276596,495.2730496453901,891,0.0,57.00785634118967,891,0.0,56.7003367003367,2845,0,0,21.786810874938965,578e982
DR,51,614400,282,0.9893617021276596,495.2730496453901,891,0.001122334455667789,57.23232323232323,891,0.001122334455667789,56.978675645342314,2845,0,0,21.786810874938965,578e982
DR,52,0,282,0.0,52.170212765957444,891,0.0,23.35129068462402,891,0.0,23.115600448933783,2708,0,0,21.831726789474487,578e982
DR,52,61440,282,0.25886524822695034,337.97872340425533,891,0.0,144.6026936026936,891,0.0,143.1324354657688,2708,0,0,21.831726789474487,578e982
DR,52,122880,282,0.0070921985815602835,187.63475177304966,891,0.0,129.17620650953984,891,0.0,128.91919191919192,2708,0,0,21.831726789474487,578e982
DR,52,184320,282,0.9893617021276596,497.5673758865248,891,0.9270482603815937,480.631874298541,891,0.9259259259259259,478.1380471380471,2708,0,0,21.831726789474487,578e982
DR,52,245760,282,0.9964539007092199,498.6099290780142,891,0.6655443322109988,360.6835016835017,891,0.6419753086419753,351.0617283950617,2708,0,0,21.831726789474487,578e982
DR,52,307200,282,0.010638297872340425,243.88652482269504,891,0.0,217.62850729517396,891,0.0,214.21099887766553,2708,0,0,21.831726789474487,578e982
DR,52,368640,282,0.07092198581560284,228.87234042553192,891,0.0,123.16835016835017,891,0.003367003367003367,122.89674523007857,2708,0,0,21.831726789474487,578e982
DR,52,430080,282,0.7163120567375887,462.59574468085106,891,0.19977553310886645,224.68799102132436,891,0.21997755331088664,229.55443322109988,2708,0,0,21.831726789474487,578e982
DR,52,491520,282,0.5780141843971631,415.3723404255319,891,0.012345679012345678,129.90684624017956,891,0.012345679012345678,128.95622895622895,2708,0,0,21.831726789474487,578e982
DR,52,552960,282,0.9964539007092199,498.42198581560285,891,0.30078563411896747,200.5364758698092,891,0.2884399551066218,194.83838383838383,2708,0,0,21.831726789474487,578e982
DR,52,614400,282,0.20567375886524822,414.70212765957444,891,0.09090909090909091,196.15488215488216,891,0.09652076318742986,193.1571268237935,2708,0,0,21.831726789474487,578e982
DR,54,0,282,0.0,35.58510638297872,891,0.0,20.69472502805836,891,0.0,20.735129068462403,2831,0,0,21.896682262420654,578e982
DR,54,61440,282,0.0851063829787234,256.0673758865248,891,0.013468013468013467,173.77553310886645,891,0.024691358024691357,171.59371492704827,2831,0,0,21.896682262420654,578e982
DR,54,122880,282,0.14184397163120568,287.62056737588654,891,0.0,119.17732884399551,891,0.001122334455667789,118.53086419753086,2831,0,0,21.896682262420654,578e982
DR,54,184320,282,0.9219858156028369,488.90070921985813,891,0.5869809203142536,396.0897867564534,891,0.5802469135802469,393.9236812570146,2831,0,0,21.896682262420654,578e982
DR,54,245760,282,0.9113475177304965,490.63475177304963,891,0.42312008978675647,361.1077441077441,891,0.41301907968574636,355.37149270482604,2831,0,0,21.896682262420654,578e982
DR,54,307200,282,0.2765957446808511,319.35460992907804,891,0.003367003367003367,172.94276094276094,891,0.002244668911335578,168.94163860830528,2831,0,0,21.896682262420654,578e982
DR,54,368640,282,0.01773049645390071,170.93617021276594,891,0.03928170594837262,149.8597081930415,891,0.037037037037037035,145.89001122334454,2831,0,0,21.896682262420654,578e982
DR,54,430080,282,0.9964539007092199,498.8936170212766,891,0.7586980920314254,401.1885521885522,891,0.7542087542087542,398.6778900112233,2831,0,0,21.896682262420654,578e982
DR,54,491520,282,0.9929078014184397,496.9574468085106,891,0.13019079685746351,125.85409652076319,891,0.11560044893378227,118.28731762065095,2831,0,0,21.896682262420654,578e982
DR,54,552960,282,0.9929078014184397,497.89716312056737,891,0.8608305274971941,443.3468013468013,891,0.8428731762065096,436.42199775533106,2831,0,0,21.896682262420654,578e982
DR,54,614400,282,0.2198581560283688,385.25531914893617,891,0.47362514029180697,311.56677890011224,891,0.45791245791245794,305.1705948372615,2831,0,0,21.896682262420654,578e982
DR,55,0,282,0.0,55.02836879432624,891,0.0,47.415263748597084,891,0.0,48.48148148148148,2696,0,0,22.32652497291565,97d5fd5
DR,55,61440,282,0.18085106382978725,307.97163120567376,891,0.0,125.35690235690235,891,0.0,124.25476992143659,2696,0,0,22.32652497291565,97d5fd5
DR,55,122880,282,0.1099290780141844,284.177304964539,891,0.0,135.62177328843995,891,0.0,134.6195286195286,2696,0,0,22.32652497291565,97d5fd5
DR,55,184320,282,0.19858156028368795,332.01418439716315,891,0.287317620650954,249.64983164983164,891,0.29068462401795736,249.34904601571267,2696,0,0,22.32652497291565,97d5fd5
DR,55,245760,282,0.03546099290780142,187.5177304964539,891,0.0,100.66329966329967,891,0.0,100.15151515151516,2696,0,0,22.32652497291565,97d5fd5
DR,55,307200,282,0.9893617021276596,498.6950354609929,891,0.9248035914702581,469.3524130190797,891,0.9057239057239057,462.23793490460156,2696,0,0,22.32652497291565,97d5fd5
DR,55,368640,282,0.8262411347517731,477.90425531914894,891,0.468013468013468,366.2323232323232,891,0.4657687991021324,361.5331088664422,2696,0,0,22.32652497291565,97d5fd5
DR,55,430080,282,0.9787234042553191,497.3085106382979,891,0.6206509539842873,342.16498316498314,891,0.5937149270482603,330.4466891133558,2696,0,0,22.32652497291565,97d5fd5
DR,55,491520,282,0.9893617021276596,495.6950354609929,891,0.24130190796857465,177.78900112233447,891,0.21885521885521886,169.0347923681257,2696,0,0,22.32652497291565,97d5fd5
DR,55,552960,282,0.9893617021276596,497.2340425531915,891,0.7934904601571269,417.8619528619529,891,0.77665544332211,410.013468013468,2696,0,0,22.32652497291565,97d5fd5
DR,55,614400,282,0.9929078014184397,497.9822695035461,891,0.8787878787878788,452.0482603815937,891,0.8608305274971941,443.9517396184063,2696,0,0,22.32652497291565,97d5fd5
DR,57,0,282,0.0,27.77659574468085,891,0.0,13.610549943883278,891,0.0,13.530864197530864,2714,0,0,22.676543951034546,97d5fd5
DR,57,61440,282,0.07092198581560284,244.08510638297872,891,0.0,110.58922558922559,891,0.0,110.0,2714,0,0,22.676543951034546,97d5fd5
DR,57,122880,282,0.22695035460992907,353.5531914893617,891,0.002244668911335578,165.98877665544333,891,0.008978675645342313,165.68125701459036,2714,0,0,22.676543951034546,97d5fd5
DR,57,184320,282,0.21631205673758866,348.06382978723406,891,0.0,95.30190796857464,891,0.0,93.23120089786757,2714,0,0,22.676543951034546,97d5fd5
DR,57,245760,282,0.45390070921985815,414.6914893617021,891,0.10101010101010101,226.9450056116723,891,0.08866442199775533,221.9539842873176,2714,0,0,22.676543951034546,97d5fd5
DR,57,307200,282,0.03900709219858156,225.40425531914894,891,0.10437710437710437,199.18294051627385,891,0.12457912457912458,200.12457912457913,2714,0,0,22.676543951034546,97d5fd5
DR,57,368640,282,0.9858156028368794,497.06028368794324,891,0.5286195286195287,300.18294051627385,891,0.5375982042648709,304.1122334455668,2714,0,0,22.676543951034546,97d5fd5
DR,57,430080,282,0.9858156028368794,498.0886524822695,891,0.5454545454545454,307.53423120089786,891,0.5521885521885522,310.1773288439955,2714,0,0,22.676543951034546,97d5fd5
DR,57,491520,282,0.9078014184397163,478.45390070921985,891,0.41975308641975306,309.35016835016836,891,0.4051627384960718,304.4433221099888,2714,0,0,22.676543951034546,97d5fd5
DR,57,552960,282,0.7695035460992907,452.47163120567376,891,0.2648709315375982,213.83501683501683,891,0.25925925925925924,211.7216610549944,2714,0,0,22.676543951034546,97d5fd5
DR,57,614400,282,0.9858156028368794,493.63829787234044,891,0.002244668911335578,55.970819304152634,891,0.001122334455667789,55.64421997755331,2714,0,0,22.676543951034546,97d5fd5
DR,56,0,282,0.0,13.319148936170214,891,0.0,36.470258136924805,891,0.0,35.519640852974184,2650,0,0,22.931900024414062,97d5fd5
DR,56,61440,282,0.0425531914893617,215.03191489361703,891,0.03479236812570146,163.06509539842872,891,0.016835016835016835,159.1986531986532,2650,0,0,22.931900024414062,97d5fd5
DR,56,122880,282,0.6099290780141844,447.60283687943263,891,0.026936026936026935,258.0022446689113,891,0.038159371492704826,256.04040404040404,2650,0,0,22.931900024414062,97d5fd5
DR,56,184320,282,0.031914893617021274,188.34397163120568,891,0.0,109.69135802469135,891,0.0,109.17171717171718,2650,0,0,22.931900024414062,97d5fd5
DR,56,245760,282,0.9078014184397163,490.5531914893617,891,0.5084175084175084,385.1290684624018,891,0.5050505050505051,384.8136924803591,2650,0,0,22.931900024414062,97d5fd5
DR,56,307200,282,0.9822695035460993,496.90070921985813,891,0.8069584736251403,421.38496071829405,891,0.8035914702581369,419.37149270482604,2650,0,0,22.931900024414062,97d5fd5
DR,56,368640,282,0.9893617021276596,497.5921985815603,891,0.9180695847362514,467.92255892255895,891,0.9068462401795735,462.8092031425365,2650,0,0,22.931900024414062,97d5fd5
DR,56,430080,282,0.6879432624113475,467.177304964539,891,0.6285072951739619,402.61503928170595,891,0.6105499438832772,393.35353535353534,2650,0,0,22.931900024414062,97d5fd5
DR,56,491520,282,0.9929078014184397,498.41843971631204,891,0.8327721661054994,433.36700336700335,891,0.819304152637486,426.6509539842873,2650,0,0,22.931900024414062,97d5fd5
DR,56,552960,282,0.9609929078014184,493.3936170212766,891,0.7654320987654321,429.9315375982043,891,0.7598204264870931,429.8967452300786,2650,0,0,22.931900024414062,97d5fd5
DR,56,614400,282,0.9893617021276596,495.3049645390071,891,0.002244668911335578,58.94276094276094,891,0.002244668911335578,59.09203142536476,2650,0,0,22.931900024414062,97d5fd5
DR,58,0,282,0.028368794326241134,88.40070921985816,891,0.0,30.99102132435466,891,0.0,30.850729517396186,3011,0,0,22.67865490913391,97d5fd5
DR,58,61440,282,0.06028368794326241,222.34751773049646,891,0.0,106.51290684624018,891,0.0,105.89562289562289,3011,0,0,22.67865490913391,97d5fd5
DR,58,122880,282,0.03546099290780142,189.0531914893617,891,0.0,109.54320987654322,891,0.0,108.80695847362514,3011,0,0,22.67865490913391,97d5fd5
DR,58,184320,282,0.05319148936170213,240.59574468085106,891,0.015712682379349047,135.79012345679013,891,0.025813692480359147,135.41301907968574,3011,0,0,22.67865490913391,97d5fd5
DR,58,245760,282,0.7163120567375887,434.3014184397163,891,0.038159371492704826,150.53423120089786,891,0.038159371492704826,148.4668911335578,3011,0,0,22.67865490913391,97d5fd5
DR,58,307200,282,0.875886524822695,477.34751773049646,891,0.41975308641975306,312.0482603815937,891,0.41975308641975306,308.81032547699215,3011,0,0,22.67865490913391,97d5fd5
DR,58,368640,282,0.02127659574468085,156.99290780141843,891,0.0,101.60718294051627,891,0.0,101.3591470258137,3011,0,0,22.67865490913391,97d5fd5
DR,58,430080,282,0.8687943262411347,481.5921985815603,891,0.47362514029180697,337.0796857463524,891,0.45454545454545453,326.9584736251403,3011,0,0,22.67865490913391,97d5fd5
DR,58,491520,282,0.9929078014184397,497.0496453900709,891,0.5836139169472503,330.3400673400673,891,0.5589225589225589,319.9820426487093,3011,0,0,22.67865490913391,97d5fd5
DR,58,552960,282,0.9716312056737588,494.0390070921986,891,0.4691358024691358,273.6475869809203,891,0.4590347923681257,268.7586980920314,3011,0,0,22.67865490913391,97d5fd5
DR,58,614400,282,0.29432624113475175,336.56028368794324,891,0.0,113.48484848484848,891,0.0,112.75308641975309,3011,0,0,22.67865490913391,97d5fd5
DR,60,0,282,0.0,30.925531914893618,891,0.0,15.305274971941639,891,0.0,15.117845117845118,2731,0,0,22.517718076705933,97d5fd5
DR,60,61440,282,0.1773049645390071,310.5496453900709,891,0.0,132.26599326599327,891,0.0,131.17171717171718,2731,0,0,22.517718076705933,97d5fd5
DR,60,122880,282,0.46099290780141844,421.06028368794324,891,0.003367003367003367,191.87766554433222,891,0.002244668911335578,190.8496071829405,2731,0,0,22.517718076705933,97d5fd5
DR,60,184320,282,0.5921985815602837,437.7730496453901,891,0.024691358024691357,214.31986531986533,891,0.017957351290684626,210.79910213243548,2731,0,0,22.517718076705933,97d5fd5
DR,60,245760,282,0.38652482269503546,403.4822695035461,891,0.0,141.34343434343435,891,0.0,142.006734006734,2731,0,0,22.517718076705933,97d5fd5
DR,60,307200,282,0.31560283687943264,408.07092198581563,891,0.0,99.75308641975309,891,0.0,96.38945005611673,2731,0,0,22.517718076705933,97d5fd5
DR,60,368640,282,0.36879432624113473,387.9113475177305,891,0.0,149.02918069584737,891,0.0,147.9124579124579,2731,0,0,22.517718076705933,97d5fd5
DR,60,430080,282,0.9858156028368794,496.4751773049645,891,0.5028058361391695,289.17957351290687,891,0.5072951739618407,291.76879910213245,2731,0,0,22.517718076705933,97d5fd5
DR,60,491520,282,0.9893617021276596,495.4148936170213,891,0.006734006734006734,63.46127946127946,891,0.007856341189674524,63.75645342312009,2731,0,0,22.517718076705933,97d5fd5
DR,60,552960,282,0.40070921985815605,445.4751773049645,891,0.02132435465768799,198.84175084175084,891,0.020202020202020204,191.39506172839506,2731,0,0,22.517718076705933,97d5fd5
DR,60,614400,282,0.9822695035460993,495.56382978723406,891,0.6891133557800224,395.28843995510664,891,0.6868686868686869,394.2255892255892,2731,0,0,22.517718076705933,97d5fd5
DR,59,0,282,0.0,13.74822695035461,891,0.0,24.554433221099888,891,0.0,24.226711560044894,2751,0,0,23.01563811302185,97d5fd5
DR,59,61440,282,0.5886524822695035,440.07092198581563,891,0.007856341189674524,237.77553310886645,891,0.010101010101010102,233.44668911335577,2751,0,0,23.01563811302185,97d5fd5
DR,59,122880,282,0.06028368794326241,232.02482269503545,891,0.0,106.3973063973064,891,0.0,105.80246913580247,2751,0,0,23.01563811302185,97d5fd5
DR,59,184320,282,0.11702127659574468,307.48936170212767,891,0.02356902356902357,201.25589225589226,891,0.03591470258136925,200.90684624017956,2751,0,0,23.01563811302185,97d5fd5
DR,59,245760,282,0.21631205673758866,351.790780141844,891,0.001122334455667789,158.32547699214365,891,0.001122334455667789,157.93490460157128,2751,0,0,23.01563811302185,97d5fd5
DR,59,307200,282,0.2375886524822695,346.8333333333333,891,0.0,151.1358024691358,891,0.0,149.9483726150393,2751,0,0,23.01563811302185,97d5fd5
DR,59,368640,282,0.9893617021276596,498.4751773049645,891,0.7508417508417509,421.4489337822671,891,0.745230078563412,415.94276094276097,2751,0,0,23.01563811302185,97d5fd5
DR,59,430080,282,0.975177304964539,494.3049645390071,891,0.835016835016835,432.6835016835017,891,0.8338945005611672,432.2345679012346,2751,0,0,23.01563811302185,97d5fd5
DR,59,491520,282,0.8865248226950354,485.09574468085106,891,0.8608305274971941,444.1144781144781,891,0.8529741863075196,440.5050505050505,2751,0,0,23.01563811302185,97d5fd5
DR,59,552960,282,0.9929078014184397,498.06382978723406,891,0.7081930415263749,381.04264870931536,891,0.7037037037037037,378.27048260381594,2751,0,0,23.01563811302185,97d5fd5
DR,59,614400,282,0.9858156028368794,494.97163120567376,891,0.002244668911335578,59.28170594837262,891,0.001122334455667789,58.95847362514029,2751,0,0,23.01563811302185,97d5fd5
DR,61,0,282,0.0,15.48936170212766,891,0.0,29.803591470258137,891,0.0,29.6307519640853,2799,0,0,23.535624027252197,97d5fd5
DR,61,61440,282,0.04964539007092199,222.04609929078015,891,0.0,107.41526374859708,891,0.0,106.85409652076319,2799,0,0,23.535624027252197,97d5fd5
DR,61,122880,282,0.10283687943262411,270.177304964539,891,0.001122334455667789,147.8181818181818,891,0.0,145.95622895622895,2799,0,0,23.535624027252197,97d5fd5
DR,61,184320,282,0.03546099290780142,198.92198581560282,891,0.001122334455667789,132.46576879910214,891,0.003367003367003367,133.4882154882155,2799,0,0,23.535624027252197,97d5fd5
DR,61,245760,282,0.13829787234042554,310.1276595744681,891,0.0,138.80246913580248,891,0.0,137.5813692480359,2799,0,0,23.535624027252197,97d5fd5
DR,61,307200,282,0.3829787234042553,387.4503546099291,891,0.0,159.84175084175084,891,0.0,159.20426487093152,2799,0,0,23.535624027252197,97d5fd5
DR,61,368640,282,0.8617021276595744,486.47872340425533,891,0.3445566778900112,316.7609427609428,891,0.31874298540965207,305.8989898989899,2799,0,0,23.535624027252197,97d5fd5
DR,61,430080,282,0.9858156028368794,497.2588652482269,891,0.9191919191919192,467.68462401795733,891,0.898989898989899,459.6060606060606,2799,0,0,23.535624027252197,97d5fd5
DR,61,491520,282,0.9858156028368794,495.15602836879435,891,0.2884399551066218,190.39618406285072,891,0.29854096520763185,194.11223344556677,2799,0,0,23.535624027252197,97d5fd5
DR,61,552960,282,0.9893617021276596,497.40425531914894,891,0.8260381593714927,430.374859708193,891,0.8148148148148148,425.9977553310887,2799,0,0,23.535624027252197,97d5fd5
DR,61,614400,282,0.9822695035460993,494.7411347517731,891,0.2962962962962963,193.86868686868686,891,0.29068462401795736,190.68350168350167,2799,0,0,23.535624027252197,97d5fd5
DR,62,0,282,0.0,25.890070921985817,891,0.0,57.854096520763186,891,0.0,56.47699214365881,2782,0,0,23.94723916053772,97d5fd5
DR,62,61440,282,0.02127659574468085,227.38652482269504,891,0.30303030303030304,283.6969696969697,891,0.30976430976430974,279.6307519640853,2782,0,0,23.94723916053772,97d5fd5
DR,62,122880,282,0.3404255319148936,373.59574468085106,891,0.001122334455667789,145.74298540965208,891,0.0,144.31762065095398,2782,0,0,23.94723916053772,97d5fd5
DR,62,184320,282,0.031914893617021274,210.0886524822695,891,0.003367003367003367,143.6374859708193,891,0.005611672278338945,143.1010101010101,2782,0,0,23.94723916053772,97d5fd5
DR,62,245760,282,0.04964539007092199,229.7304964539007,891,0.0,111.37037037037037,891,0.0,110.75196408529742,2782,0,0,23.94723916053772,97d5fd5
DR,62,307200,282,0.5957446808510638,440.0177304964539,891,0.001122334455667789,158.12457912457913,891,0.0,155.61054994388329,2782,0,0,23.94723916053772,97d5fd5
DR,62,368640,282,0.9893617021276596,497.2411347517731,891,0.367003367003367,232.28395061728395,891,0.3613916947250281,228.77777777777777,2782,0,0,23.94723916053772,97d5fd5
DR,62,430080,282,0.9645390070921985,491.4751773049645,891,0.26262626262626265,243.29405162738496,891,0.28058361391694725,248.07856341189674,2782,0,0,23.94723916053772,97d5fd5
DR,62,491520,282,0.9822695035460993,493.1737588652482,891,0.0,58.53872053872054,891,0.0,58.25925925925926,2782,0,0,23.94723916053772,97d5fd5
DR,62,552960,282,0.9858156028368794,493.6418439716312,891,0.002244668911335578,56.960718294051624,891,0.001122334455667789,56.62401795735129,2782,0,0,23.94723916053772,97d5fd5
DR,62,614400,282,0.9893617021276596,496.63120567375887,891,0.8765432098765432,450.50953984287315,891,0.8787878787878788,451.17283950617286,2782,0,0,23.94723916053772,97d5fd5
DR,63,0,282,0.0,22.865248226950353,891,0.0,18.85185185185185,891,0.0,19.531986531986533,2773,0,0,23.251102924346924,97d5fd5
DR,63,61440,282,0.0673758865248227,218.9255319148936,891,0.0,102.22895622895624,891,0.0,101.83501683501683,2773,0,0,23.251102924346924,97d5fd5
DR,63,122880,282,0.3191489361702128,362.3191489361702,891,0.003367003367003367,164.25925925925927,891,0.007856341189674524,162.0594837261504,2773,0,0,23.251102924346924,97d5fd5
DR,63,184320,282,0.031914893617021274,223.6595744680851,891,0.0,116.39393939393939,891,0.0,115.662177328844,2773,0,0,23.251102924346924,97d5fd5
DR,63,245760,282,0.09219858156028368,283.3156028368794,891,0.0,118.38047138047138,891,0.0,117.08641975308642,2773,0,0,23.251102924346924,97d5fd5
DR,63,307200,282,0.975177304964539,497.13475177304963,891,0.7822671156004489,410.0617283950617,891,0.7957351290684624,414.72727272727275,2773,0,0,23.251102924346924,97d5fd5
DR,63,368640,282,0.2695035460992908,417.92198581560285,891,0.27946127946127947,260.8249158249158,891,0.2884399551066218,259.31537598204267,2773,0,0,23.251102924346924,97d5fd5
DR,63,430080,282,0.9822695035460993,492.209219858156,891,0.0,55.592592592592595,891,0.0,55.37373737373738,2773,0,0,23.251102924346924,97d5fd5
DR,63,491520,282,0.9822695035460993,496.1489361702128,891,0.4983164983164983,285.4556677890011,891,0.49607182940516276,283.82716049382714,2773,0,0,23.251102924346924,97d5fd5
DR,63,552960,282,0.9929078014184397,498.2517730496454,891,0.49719416386083054,287.81032547699215,891,0.49382716049382713,285.24017957351293,2773,0,0,23.251102924346924,97d5fd5
DR,63,614400,282,0.624113475177305,461.49645390070924,891,0.050505050505050504,179.22222222222223,891,0.05387205387205387,180.45903479236813,2773,0,0,23.251102924346924,97d5fd5
DR,64,0,282,0.0,79.822695035461,891,0.0,53.45117845117845,891,0.0,53.28956228956229,3022,0,0,23.65347409248352,97d5fd5
DR,64,61440,282,0.12056737588652482,297.36170212765956,891,0.0,131.93827160493828,891,0.0,131.17845117845118,3022,0,0,23.65347409248352,97d5fd5
DR,64,122880,282,0.09929078014184398,271.1170212765957,891,0.0,119.7384960718294,891,0.0,120.10662177328844,3022,0,0,23.65347409248352,97d5fd5
DR,64,184320,282,0.05319148936170213,227.52836879432624,891,0.0,107.58024691358025,891,0.0,107.18069584736251,3022,0,0,23.65347409248352,97d5fd5
DR,64,245760,282,0.12056737588652482,323.6595744680851,891,0.16610549943883277,228.1503928170595,891,0.14814814814814814,224.55443322109988,3022,0,0,23.65347409248352,97d5fd5
DR,64,307200,282,0.0673758865248227,228.8758865248227,891,0.001122334455667789,124.48035914702581,891,0.0,123.43434343434343,3022,0,0,23.65347409248352,97d5fd5
DR,64,368640,282,0.9680851063829787,494.33687943262413,891,0.7643097643097643,402.9012345679012,891,0.7564534231200898,399.358024691358,3022,0,0,23.65347409248352,97d5fd5
DR,64,430080,282,0.9397163120567376,489.822695035461,891,0.345679012345679,324.39506172839504,891,0.31986531986531985,318.0729517396184,3022,0,0,23.65347409248352,97d5fd5
DR,64,491520,282,0.3617021276595745,387.58156028368796,891,0.16947250280583614,209.12345679012347,891,0.143658810325477,201.12682379349047,3022,0,0,23.65347409248352,97d5fd5
DR,64,552960,282,0.9645390070921985,492.3191489361702,891,0.5342312008978676,317.0527497194164,891,0.5364758698092031,316.7766554433221,3022,0,0,23.65347409248352,97d5fd5
DR,64,614400,282,0.9929078014184397,497.7304964539007,891,0.18518518518518517,146.8540965207632,891,0.1638608305274972,136.50056116722783,3022,0,0,23.65347409248352,97d5fd5
DR,65,0,282,0.0,33.88297872340426,891,0.0,16.534231200897867,891,0.0,16.515151515151516,2752,0,0,23.55400323867798,97d5fd5
DR,65,61440,282,0.19858156028368795,327.98581560283685,891,0.0,150.8125701459035,891,0.0,149.47586980920315,2752,0,0,23.55400323867798,97d5fd5
DR,65,122880,282,0.031914893617021274,204.9113475177305,891,0.0,114.44781144781145,891,0.0,113.662177328844,2752,0,0,23.55400323867798,97d5fd5
DR,65,184320,282,0.19858156028368795,289.87943262411346,891,0.0,106.26038159371492,891,0.0,105.75533108866442,2752,0,0,23.55400323867798,97d5fd5
DR,65,245760,282,0.07092198581560284,271.7695035460993,891,0.09988776655443322,195.67789001122335,891,0.07744107744107744,186.62962962962962,2752,0,0,23.55400323867798,97d5fd5
DR,65,307200,282,0.9858156028368794,497.0,891,0.8484848484848485,438.4343434343434,891,0.8260381593714927,429.2457912457912,2752,0,0,23.55400323867798,97d5fd5
DR,65,368640,282,0.9929078014184397,496.9645390070922,891,0.34231200897867564,219.2469135802469,891,0.3288439955106622,212.9551066217733,2752,0,0,23.55400323867798,97d5fd5
DR,65,430080,282,0.9858156028368794,493.6489361702128,891,0.0,56.631874298540964,891,0.0,56.2615039281706,2752,0,0,23.55400323867798,97d5fd5
DR,65,491520,282,0.9893617021276596,495.25531914893617,891,0.002244668911335578,58.682379349046016,891,0.001122334455667789,58.20987654320987,2752,0,0,23.55400323867798,97d5fd5
DR,65,552960,282,0.9822695035460993,494.6170212765957,891,0.45791245791245794,263.45903479236813,891,0.4500561167227834,260.44444444444446,2752,0,0,23.55400323867798,97d5fd5
DR,65,614400,282,0.9858156028368794,493.65602836879435,891,0.024691358024691357,69.48035914702581,891,0.012345679012345678,64.6969696969697,2752,0,0,23.55400323867798,97d5fd5
DR,66,0,282,0.0,22.833333333333332,891,0.0,14.387205387205388,891,0.0,14.225589225589225,2942,0,0,22.97791290283203,97d5fd5
DR,66,61440,282,0.07801418439716312,248.7695035460993,891,0.0,111.78114478114477,891,0.0,111.05499438832773,2942,0,0,22.97791290283203,97d5fd5
DR,66,122880,282,0.9609929078014184,495.32978723404256,891,0.9090909090909091,462.61279461279463,891,0.8843995510662177,452.65656565656565,2942,0,0,22.97791290283203,97d5fd5
DR,66,184320,282,0.24113475177304963,331.41843971631204,891,0.0,128.61167227833894,891,0.0,127.74298540965208,2942,0,0,22.97791290283203,97d5fd5
DR,66,245760,282,0.0425531914893617,256.78014184397165,891,0.0,102.01122334455668,891,0.0,102.10662177328844,2942,0,0,22.97791290283203,97d5fd5
DR,66,307200,282,0.05319148936170213,220.86170212765958,891,0.0,117.8080808080808,891,0.0,117.03928170594837,2942,0,0,22.97791290283203,97d5fd5
DR,66,368640,282,0.21631205673758866,331.3900709219858,891,0.001122334455667789,124.86195286195286,891,0.0,123.76879910213243,2942,0,0,22.97791290283203,97d5fd5
DR,66,430080,282,0.2695035460992908,399.06028368794324,891,0.4702581369248036,309.9674523007856,891,0.4500561167227834,301.7384960718294,2942,0,0,22.97791290283203,97d5fd5
DR,66,491520,282,0.9858156028368794,497.5744680851064,891,0.2570145903479237,181.0527497194164,891,0.23120089786756454,169.12682379349047,2942,0,0,22.97791290283203,97d5fd5
DR,66,552960,282,0.9858156028368794,495.8936170212766,891,0.0718294051627385,95.49382716049382,891,0.0707070707070707,93.91694725028059,2942,0,0,22.97791290283203,97d5fd5
DR,66,614400,282,0.9964539007092199,498.41843971631204,891,0.4298540965207632,257.4107744107744,891,0.43097643097643096,258.9079685746352,2942,0,0,22.97791290283203,97d5fd5
DR,67,0,282,0.0,14.638297872340425,891,0.0,18.763187429854096,891,0.0,18.530864197530864,2561,0,0,22.294092893600464,97d5fd5
DR,67,61440,282,0.04609929078014184,212.92198581560282,891,0.0,101.46464646464646,891,0.0,101.0695847362514,2561,0,0,22.294092893600464,97d5fd5
DR,67,122880,282,0.4397163120567376,410.28014184397165,891,0.0,167.7149270482604,891,0.001122334455667789,166.08080808080808,2561,0,0,22.294092893600464,97d5fd5
DR,67,184320,282,0.028368794326241134,246.15602836879432,891,0.250280583613917,256.51402918069584,891,0.265993265993266,256.25589225589226,2561,0,0,22.294092893600464,97d5fd5
DR,67,245760,282,0.9964539007092199,498.5354609929078,891,0.35802469135802467,230.67115600448935,891,0.36363636363636365,232.05836139169472,2561,0,0,22.294092893600464,97d5fd5
DR,67,307200,282,0.9929078014184397,497.83687943262413,891,0.3041526374859708,201.78451178451178,891,0.3075196408529742,201.92704826038158,2561,0,0,22.294092893600464,97d5fd5
DR,67,368640,282,0.9858156028368794,494.71985815602835,891,0.1122334455667789,115.81481481481481,891,0.12121212121212122,118.70370370370371,2561,0,0,22.294092893600464,97d5fd5
DR,67,430080,282,0.9680851063829787,485.64539007092196,891,0.001122334455667789,56.68574635241302,891,0.0,56.230078563411894,2561,0,0,22.294092893600464,97d5fd5
DR,67,491520,282,1.0,500.0,891,0.39169472502805835,242.10213243546576,891,0.3838383838383838,237.62626262626262,2561,0,0,22.294092893600464,97d5fd5
DR,67,552960,282,0.9893617021276596,495.3333333333333,891,0.025813692480359147,75.04040404040404,891,0.015712682379349047,71.23569023569024,2561,0,0,22.294092893600464,97d5fd5
DR,67,614400,282,0.9042553191489362,458.1418439716312,891,0.002244668911335578,55.235690235690235,891,0.001122334455667789,54.931537598204265,2561,0,0,22.294092893600464,97d5fd5
DR,68,0,282,0.0,11.840425531914894,891,0.0,27.150392817059483,891,0.0,26.774410774410775,3151,0,0,21.75915002822876,97d5fd5
DR,68,61440,282,0.09929078014184398,226.63475177304966,891,0.0,98.42760942760943,891,0.0,98.11111111111111,3151,0,0,21.75915002822876,97d5fd5
DR,68,122880,282,0.03546099290780142,237.86879432624113,891,0.001122334455667789,129.9573512906846,891,0.0,127.55780022446689,3151,0,0,21.75915002822876,97d5fd5
DR,68,184320,282,0.9219858156028369,490.29787234042556,891,0.16498316498316498,311.57800224466894,891,0.15488215488215487,306.8731762065095,3151,0,0,21.75915002822876,97d5fd5
DR,68,245760,282,0.06382978723404255,224.94326241134752,891,0.0,103.86307519640853,891,0.0,103.36026936026936,3151,0,0,21.75915002822876,97d5fd5
DR,68,307200,282,0.03900709219858156,198.2127659574468,891,0.0,106.84287317620651,891,0.0,106.17508417508418,3151,0,0,21.75915002822876,97d5fd5
DR,68,368640,282,0.031914893617021274,222.69858156028369,891,0.058361391694725026,173.94612794612794,891,0.0819304152637486,174.76094276094275,3151,0,0,21.75915002822876,97d5fd5
DR,68,430080,282,0.7907801418439716,475.28723404255317,891,0.186307519640853,216.3030303030303,891,0.22109988776655443,228.08978675645344,3151,0,0,21.75915002822876,97d5fd5
DR,68,491520,282,0.9929078014184397,497.78014184397165,891,0.409652076318743,248.9539842873176,891,0.3872053872053872,240.331088664422,3151,0,0,21.75915002822876,97d5fd5
DR,68,552960,282,0.9893617021276596,497.37943262411346,891,0.7407407407407407,392.74410774410774,891,0.7643097643097643,402.14814814814815,3151,0,0,21.75915002822876,97d5fd5
DR,68,614400,282,0.9964539007092199,499.9148936170213,891,0.9337822671156004,473.85409652076316,891,0.9315375982042648,473.4803591470258,3151,0,0,21.75915002822876,97d5fd5
DR,69,0,282,0.0,11.21985815602837,891,0.0,19.95959595959596,891,0.0,19.310886644219977,3103,0,0,22.095492839813232,97d5fd5
DR,69,61440,282,0.0425531914893617,221.1418439716312,891,0.0,106.91470258136926,891,0.0,106.32210998877666,3103,0,0,22.095492839813232,97d5fd5
DR,69,122880,282,0.14893617021276595,313.0248226950355,891,0.0,132.48709315375982,891,0.0,130.40516273849607,3103,0,0,22.095492839813232,97d5fd5
DR,69,184320,282,0.03900709219858156,213.53191489361703,891,0.0,115.45454545454545,891,0.0,114.73063973063974,3103,0,0,22.095492839813232,97d5fd5
DR,69,245760,282,0.014184397163120567,198.32978723404256,891,0.02244668911335578,147.8462401795735,891,0.01122334455667789,144.06397306397307,3103,0,0,22.095492839813232,97d5fd5
DR,69,307200,282,0.05319148936170213,227.97163120567376,891,0.001122334455667789,123.29517396184063,891,0.004489337822671156,122.55106621773288,3103,0,0,22.095492839813232,97d5fd5
DR,69,368640,282,0.925531914893617,487.49645390070924,891,0.5241301907968574,361.5263748597082,891,0.5207631874298541,356.1705948372615,3103,0,0,22.095492839813232,97d5fd5
DR,69,430080,282,0.776595744680851,472.72340425531917,891,0.4590347923681257,327.57575757575756,891,0.4612794612794613,323.652076318743,3103,0,0,22.095492839813232,97d5fd5
DR,69,491520,282,0.950354609929078,491.8049645390071,891,0.6083052749719416,333.45117845117846,891,0.5735129068462402,319.37822671156005,3103,0,0,22.095492839813232,97d5fd5
DR,69,552960,282,0.9787234042553191,496.3085106382979,891,0.16049382716049382,138.25701459034792,891,0.15039281705948374,133.25140291806957,3103,0,0,22.095492839813232,97d5fd5
DR,69,614400,282,0.9893617021276596,497.468085106383,891,0.8832772166105499,454.07182940516276,891,0.8518518518518519,441.59708193041524,3103,0,0,22.095492839813232,97d5fd5
DR,71,0,282,0.0,65.9645390070922,891,0.0,44.58585858585859,891,0.0,43.56341189674523,2848,0,0,22.126273155212402,97d5fd5
DR,71,61440,282,0.2978723404255319,355.7304964539007,891,0.0,156.56341189674524,891,0.0,155.02132435465768,2848,0,0,22.126273155212402,97d5fd5
DR,71,122880,282,0.12056737588652482,264.06028368794324,891,0.001122334455667789,115.89001122334456,891,0.0,114.91919191919192,2848,0,0,22.126273155212402,97d5fd5
DR,71,184320,282,0.34397163120567376,353.6170212765957,891,0.020202020202020204,149.83726150392818,891,0.025813692480359147,147.2861952861953,2848,0,0,22.126273155212402,97d5fd5
DR,71,245760,282,0.3475177304964539,355.84397163120565,891,0.001122334455667789,134.23793490460156,891,0.0,132.62962962962962,2848,0,0,22.126273155212402,97d5fd5
DR,71,307200,282,0.09574468085106383,266.87943262411346,891,0.0,121.6902356902357,891,0.0,120.69248035914703,2848,0,0,22.126273155212402,97d5fd5
DR,71,368640,282,0.07801418439716312,247.2304964539007,891,0.0,122.19416386083053,891,0.0,121.0909090909091,2848,0,0,22.126273155212402,97d5fd5
DR,71,430080,282,0.8794326241134752,487.1595744680851,891,0.9057239057239057,462.8574635241302,891,0.8832772166105499,453.5129068462402,2848,0,0,22.126273155212402,97d5fd5
DR,71,491520,282,0.9858156028368794,496.3829787234043,891,0.4219977553310887,256.04938271604937,891,0.41301907968574636,250.93265993265993,2848,0,0,22.126273155212402,97d5fd5
DR,71,552960,282,0.9858156028368794,496.9751773049645,891,0.2356902356902357,165.324354657688,891,0.20202020202020202,151.10886644219977,2848,0,0,22.126273155212402,97d5fd5
DR,71,614400,282,0.9858156028368794,495.56028368794324,891,0.8608305274971941,444.63973063973066,891,0.8552188552188552,441.6801346801347,2848,0,0,22.126273155212402,97d5fd5
DR,72,0,282,0.0,12.180851063829786,891,0.0,29.071829405162738,891,0.0,28.610549943883278,2999,0,0,22.13763999938965,97d5fd5
DR,72,61440,282,0.03546099290780142,221.8049645390071,891,0.0,112.28619528619528,891,0.0,111.85409652076319,2999,0,0,22.13763999938965,97d5fd5
DR,72,122880,282,0.42907801418439717,414.92907801418437,891,0.0,178.32547699214365,891,0.0,176.20426487093152,2999,0,0,22.13763999938965,97d5fd5
DR,72,184320,282,0.4929078014184397,429.5744680851064,891,0.024691358024691357,211.46127946127947,891,0.03254769921436588,203.55331088664423,2999,0,0,22.13763999938965,97d5fd5
DR,72,245760,282,0.9893617021276596,496.8085106382979,891,0.13468013468013468,133.81369248035915,891,0.12345679012345678,127.97418630751964,2999,0,0,22.13763999938965,97d5fd5
DR,72,307200,282,0.9893617021276596,495.59929078014187,891,0.026936026936026935,73.64646464646465,891,0.02244668911335578,71.58698092031425,2999,0,0,22.13763999938965,97d5fd5
DR,72,368640,282,0.1879432624113475,417.1950354609929,891,0.21885521885521886,279.84736251402916,891,0.20089786756453423,272.9124579124579,2999,0,0,22.13763999938965,97d5fd5
DR,72,430080,282,0.01773049645390071,145.56028368794327,891,0.0,131.46576879910214,891,0.0,128.64309764309763,2999,0,0,22.13763999938965,97d5fd5
DR,72,491520,282,0.9219858156028369,489.9432624113475,891,0.7777777777777778,410.8956228956229,891,0.7665544332210998,406.46127946127945,2999,0,0,22.13763999938965,97d5fd5
DR,72,552960,282,0.9858156028368794,493.6489361702128,891,0.002244668911335578,56.72390572390572,891,0.0,56.27946127946128,2999,0,0,22.13763999938965,97d5fd5
DR,72,614400,282,0.9929078014184397,496.9751773049645,891,0.06734006734006734,93.0909090909091,891,0.04938271604938271,85.77441077441077,2999,0,0,22.13763999938965,97d5fd5
DR,70,0,282,0.0070921985815602835,66.69148936170212,891,0.0,26.017957351290686,891,0.0,25.891133557800224,2678,0,0,22.32806086540222,97d5fd5
DR,70,61440,282,0.11347517730496454,279.8333333333333,891,0.07744107744107744,200.43995510662177,891,0.06958473625140292,195.60044893378227,2678,0,0,22.32806086540222,97d5fd5
DR,70,122880,282,0.0425531914893617,243.52482269503545,891,0.0,116.25028058361391,891,0.0,115.62177328843995,2678,0,0,22.32806086540222,97d5fd5
DR,70,184320,282,0.8297872340425532,484.3333333333333,891,0.45791245791245794,362.679012345679,891,0.45230078563411896,353.8855218855219,2678,0,0,22.32806086540222,97d5fd5
DR,70,245760,282,0.7907801418439716,456.72340425531917,891,0.04489337822671156,166.17620650953984,891,0.04040404040404041,162.21661054994388,2678,0,0,22.32806086540222,97d5fd5
DR,70,307200,282,0.8333333333333334,464.52836879432624,891,0.18518518518518517,215.68799102132436,891,0.16610549943883277,208.31762065095398,2678,0,0,22.32806086540222,97d5fd5
DR,70,368640,282,1.0,500.0,891,0.7384960718294051,393.2615039281706,891,0.7485970819304153,397.0897867564534,2678,0,0,22.32806086540222,97d5fd5
DR,70,430080,282,0.9822695035460993,493.92198581560285,891,0.03479236812570146,79.20089786756454,891,0.026936026936026935,75.93939393939394,2678,0,0,22.32806086540222,97d5fd5
DR,70,491520,282,0.9858156028368794,496.49645390070924,891,0.49719416386083054,284.9674523007856,891,0.4691358024691358,272.2615039281706,2678,0,0,22.32806086540222,97d5fd5
DR,70,552960,282,0.9787234042553191,493.1276595744681,891,0.1919191919191919,147.9584736251403,891,0.2053872053872054,153.00112233445566,2678,0,0,22.32806086540222,97d5fd5
DR,70,614400,282,0.9822695035460993,494.20567375886526,891,0.04040404040404041,81.16161616161617,891,0.030303030303030304,76.45679012345678,2678,0,0,22.32806086540222,97d5fd5
DR,73,0,282,0.0,13.624113475177305,891,0.0,13.599326599326599,891,0.0,13.566778900112233,3120,0,0,23.353383779525757,97d5fd5
DR,73,61440,282,0.04964539007092199,229.96808510638297,891,0.001122334455667789,127.4354657687991,891,0.003367003367003367,126.45342312008978,3120,0,0,23.353383779525757,97d5fd5
DR,73,122880,282,0.07801418439716312,263.790780141844,891,0.0,135.70594837261504,891,0.0,134.61167227833894,3120,0,0,23.353383779525757,97d5fd5
DR,73,184320,282,0.2801418439716312,373.06382978723406,891,0.007856341189674524,168.6240179573513,891,0.012345679012345678,168.82716049382717,3120,0,0,23.353383779525757,97d5fd5
DR,73,245760,282,0.5425531914893617,439.1099290780142,891,0.4478114478114478,307.7497194163861,891,0.4444444444444444,304.351290684624,3120,0,0,23.353383779525757,97d5fd5
DR,73,307200,282,0.49645390070921985,429.66312056737587,891,0.03928170594837262,159.98540965207633,891,0.026936026936026935,150.73737373737373,3120,0,0,23.353383779525757,97d5fd5
DR,73,368640,282,0.14184397163120568,312.84397163120565,891,0.01122334455667789,156.67452300785635,891,0.014590347923681257,154.4635241301908,3120,0,0,23.353383779525757,97d5fd5
DR,73,430080,282,0.02127659574468085,194.10992907801418,891,0.0,112.36924803591471,891,0.0,111.71941638608305,3120,0,0,23.353383779525757,97d5fd5
DR,73,491520,282,0.4574468085106383,402.3900709219858,891,0.0,154.4320987654321,891,0.005611672278338945,153.08305274971943,3120,0,0,23.353383779525757,97d5fd5
DR,73,552960,282,0.6063829787234043,452.17021276595744,891,0.0,78.16835016835017,891,0.002244668911335578,82.41414141414141,3120,0,0,23.353383779525757,97d5fd5
DR,73,614400,282,0.9964539007092199,498.9113475177305,891,0.7833894500561167,411.7418630751964,891,0.7654320987654321,404.11335578002246,3120,0,0,23.353383779525757,97d5fd5
DR,74,0,282,0.0,32.49645390070922,891,0.0,33.78002244668912,891,0.0,33.45454545454545,2706,0,0,23.3976731300354,97d5fd5
DR,74,61440,282,0.0851063829787234,276.5354609929078,891,0.001122334455667789,130.21324354657688,891,0.0,129.0415263748597,2706,0,0,23.3976731300354,97d5fd5
DR,74,122880,282,0.7163120567375887,466.54609929078015,891,0.4511784511784512,340.84511784511784,891,0.45454545454545453,338.41638608305277,2706,0,0,23.3976731300354,97d5fd5
DR,74,184320,282,0.9893617021276596,498.2659574468085,891,0.5218855218855218,298.5117845117845,891,0.4983164983164983,287.7631874298541,2706,0,0,23.3976731300354,97d5fd5
DR,74,245760,282,0.2872340425531915,424.62056737588654,891,0.3468013468013468,294.37149270482604,891,0.3434343434343434,291.01571268237933,2706,0,0,23.3976731300354,97d5fd5
DR,74,307200,282,0.9893617021276596,498.26241134751774,891,0.8641975308641975,444.294051627385,891,0.8439955106621774,436.47923681257015,2706,0,0,23.3976731300354,97d5fd5
DR,74,368640,282,0.024822695035460994,191.25531914893617,891,0.0,105.50729517396184,891,0.0,105.06734006734007,2706,0,0,23.3976731300354,97d5fd5
DR,74,430080,282,0.09219858156028368,307.98936170212767,891,0.32996632996632996,251.90684624017956,891,0.3164983164983165,245.58585858585857,2706,0,0,23.3976731300354,97d5fd5
DR,74,491520,282,0.9822695035460993,493.13120567375887,891,0.0,57.04489337822671,891,0.0,56.78563411896745,2706,0,0,23.3976731300354,97d5fd5
DR,74,552960,282,0.9893617021276596,495.29787234042556,891,0.002244668911335578,58.4983164983165,891,0.001122334455667789,58.10998877665544,2706,0,0,23.3976731300354,97d5fd5
DR,74,614400,282,0.9893617021276596,495.25531914893617,891,0.0,57.51851851851852,891,0.001122334455667789,57.26374859708193,2706,0,0,23.3976731300354,97d5fd5
DR,75,0,282,0.0070921985815602835,116.74113475177305,891,0.0,47.94837261503928,891,0.0,47.176206509539846,2716,0,0,23.462953090667725,97d5fd5
DR,75,61440,282,0.599290780141844,421.21276595744683,891,0.0,156.9472502805836,891,0.0,153.65095398428733,2716,0,0,23.462953090667725,97d5fd5
DR,75,122880,282,0.08156028368794327,267.0390070921986,891,0.0,113.79012345679013,891,0.0,113.1885521885522,2716,0,0,23.462953090667725,97d5fd5
DR,75,184320,282,0.05319148936170213,209.68794326241135,891,0.0,104.08417508417509,891,0.0,103.71492704826038,2716,0,0,23.462953090667725,97d5fd5
DR,75,245760,282,0.19148936170212766,326.9468085106383,891,0.001122334455667789,118.01459034792369,891,0.0,116.97418630751964,2716,0,0,23.462953090667725,97d5fd5
DR,75,307200,282,0.6843971631205674,435.17021276595744,891,0.001122334455667789,142.93939393939394,891,0.002244668911335578,141.28731762065095,2716,0,0,23.462953090667725,97d5fd5
DR,75,368640,282,0.9184397163120568,480.8900709219858,891,0.2828282828282828,257.0763187429854,891,0.2738496071829405,249.8608305274972,2716,0,0,23.462953090667725,97d5fd5
DR,75,430080,282,0.9929078014184397,497.0,891,0.4725028058361392,277.76206509539844,891,0.45342312008978675,268.88664421997754,2716,0,0,23.462953090667725,97d5fd5
DR,75,491520,282,0.9858156028368794,496.25531914893617,891,0.3041526374859708,205.1526374859708,891,0.3052749719416386,205.6127946127946,2716,0,0,23.462953090667725,97d5fd5
DR,75,552960,282,0.9822695035460993,495.968085106383,891,0.8855218855218855,454.8249158249158,891,0.8731762065095399,449.5578002244669,2716,0,0,23.462953090667725,97d5fd5
DR,75,614400,282,1.0,500.0,891,0.6812570145903479,366.6902356902357,891,0.6745230078563412,364.33221099887766,2716,0,0,23.462953090667725,97d5fd5
DR,78,0,282,0.0,12.648936170212766,891,0.0,19.292929292929294,891,0.0,19.38159371492705,2720,0,0,23.082143783569336,97d5fd5
DR,78,61440,282,0.11347517730496454,267.7695035460993,891,0.0,114.82379349046016,891,0.0,113.993265993266,2720,0,0,23.082143783569336,97d5fd5
DR,78,122880,282,0.19858156028368795,326.3829787234043,891,0.001122334455667789,141.98204264870932,891,0.0,140.58024691358025,2720,0,0,23.082143783569336,97d5fd5
DR,78,184320,282,0.22695035460992907,343.3900709219858,891,0.001122334455667789,124.99214365881032,891,0.0,123.87766554433222,2720,0,0,23.082143783569336,97d5fd5
DR,78,245760,282,0.0,166.3581560283688,891,0.0,111.71492704826038,891,0.0,111.05836139169473,2720,0,0,23.082143783569336,97d5fd5
DR,78,307200,282,0.5815602836879432,442.86170212765956,891,0.015712682379349047,167.89001122334454,891,0.008978675645342313,170.993265993266,2720,0,0,23.082143783569336,97d5fd5
DR,78,368640,282,0.9893617021276596,495.28723404255317,891,0.07631874298540965,97.38496071829405,891,0.0718294051627385,95.67003367003367,2720,0,0,23.082143783569336,97d5fd5
DR,78,430080,282,0.9539007092198581,490.13120567375887,891,0.7250280583613917,390.4848484848485,891,0.7272727272727273,390.993265993266,2720,0,0,23.082143783569336,97d5fd5
DR,78,491520,282,0.7411347517730497,412.8723404255319,891,0.0,55.49719416386083,891,0.001122334455667789,55.517396184062854,2720,0,0,23.082143783569336,97d5fd5
DR,78,552960,282,0.9893617021276596,495.29787234042556,891,0.10325476992143659,109.73961840628508,891,0.10213243546576879,108.74410774410775,2720,0,0,23.082143783569336,97d5fd5
DR,78,614400,282,0.925531914893617,487.68794326241135,891,0.014590347923681257,242.3804713804714,891,0.016835016835016835,242.1986531986532,2720,0,0,23.082143783569336,97d5fd5
DR,76,0,282,0.0,13.358156028368795,891,0.0,31.892255892255893,891,0.0,32.18406285072952,2673,0,0,23.76303219795227,97d5fd5
DR,76,61440,282,0.0425531914893617,214.89007092198582,891,0.001122334455667789,136.12121212121212,891,0.0,134.22109988776654,2673,0,0,23.76303219795227,97d5fd5
DR,76,122880,282,0.475177304964539,416.36170212765956,891,0.12457912457912458,270.699214365881,891,0.12906846240179573,266.9270482603816,2673,0,0,23.76303219795227,97d5fd5
DR,76,184320,282,0.9148936170212766,483.5390070921986,891,0.5925925925925926,335.983164983165,891,0.5757575757575758,329.17620650953984,2673,0,0,23.76303219795227,97d5fd5
DR,76,245760,282,0.09929078014184398,242.38652482269504,891,0.0,108.07968574635241,891,0.001122334455667789,107.47811447811448,2673,0,0,23.76303219795227,97d5fd5
DR,76,307200,282,0.624113475177305,432.7482269503546,891,0.1919191919191919,243.37822671156005,891,0.19304152637485972,241.95622895622895,2673,0,0,23.76303219795227,97d5fd5
DR,76,368640,282,0.9929078014184397,497.71985815602835,891,0.9405162738496072,476.324354657688,891,0.9382716049382716,475.60381593714925,2673,0,0,23.76303219795227,97d5fd5
DR,76,430080,282,0.975177304964539,494.58156028368796,891,0.025813692480359147,71.48821548821549,891,0.029180695847362513,73.28956228956228,2673,0,0,23.76303219795227,97d5fd5
DR,76,491520,282,0.9432624113475178,489.8191489361702,891,0.8226711560044894,428.06509539842875,891,0.8282828282828283,429.9517396184063,2673,0,0,23.76303219795227,97d5fd5
DR,76,552960,282,0.9893617021276596,495.6985815602837,891,0.32098765432098764,209.90011223344555,891,0.3108866442199775,205.4253647586981,2673,0,0,23.76303219795227,97d5fd5
DR,76,614400,282,0.875886524822695,479.209219858156,891,0.007856341189674524,217.31088664421998,891,0.010101010101010102,215.77104377104376,2673,0,0,23.76303219795227,97d5fd5
DR,77,0,282,0.0,27.386524822695037,891,0.0,26.30415263748597,891,0.0,26.074074074074073,2701,0,0,23.793777227401733,97d5fd5
DR,77,61440,282,0.07446808510638298,248.37234042553192,891,0.001122334455667789,147.68462401795736,891,0.0,145.68237934904602,2701,0,0,23.793777227401733,97d5fd5
DR,77,122880,282,0.04964539007092199,290.36170212765956,891,0.2962962962962963,254.56677890011224,891,0.29292929292929293,252.11672278338946,2701,0,0,23.793777227401733,97d5fd5
DR,77,184320,282,0.9893617021276596,497.07092198581563,891,0.12794612794612795,121.6442199775533,891,0.11672278338945005,115.79349046015713,2701,0,0,23.793777227401733,97d5fd5
DR,77,245760,282,0.10283687943262411,309.8900709219858,891,0.250280583613917,235.93041526374859,891,0.250280583613917,234.97530864197532,2701,0,0,23.793777227401733,97d5fd5
DR,77,307200,282,0.624113475177305,444.1063829787234,891,0.07968574635241302,215.83838383838383,891,0.05948372615039282,209.57014590347924,2701,0,0,23.793777227401733,97d5fd5
DR,77,368640,282,0.9822695035460993,495.98936170212767,891,0.8664421997755332,446.020202020202,891,0.8473625140291807,438.4253647586981,2701,0,0,23.793777227401733,97d5fd5
DR,77,430080,282,0.9787234042553191,493.531914893617,891,0.008978675645342313,65.52749719416386,891,0.013468013468013467,67.16498316498317,2701,0,0,23.793777227401733,97d5fd5
DR,77,491520,282,0.9609929078014184,493.5496453900709,891,0.26374859708193044,179.45679012345678,891,0.26262626262626265,178.24242424242425,2701,0,0,23.793777227401733,97d5fd5
DR,77,552960,282,0.9893617021276596,497.78014184397165,891,0.4511784511784512,267.31088664422,891,0.4612794612794613,272.4713804713805,2701,0,0,23.793777227401733,97d5fd5
DR,77,614400,282,0.8226950354609929,465.1843971631206,891,0.24691358024691357,276.5533108866442,891,0.2345679012345679,268.2783389450056,2701,0,0,23.793777227401733,97d5fd5
DR,80,0,282,0.0,18.73049645390071,891,0.0,29.457912457912457,891,0.0,29.35016835016835,2676,0,0,23.218769073486328,97d5fd5
DR,80,61440,282,0.5212765957446809,428.2411347517731,891,0.0,221.3872053872054,891,0.001122334455667789,219.29180695847361,2676,0,0,23.218769073486328,97d5fd5
DR,80,122880,282,0.3617021276595745,435.68794326241135,891,0.024691358024691357,159.5185185185185,891,0.031425364758698095,162.2716049382716,2676,0,0,23.218769073486328,97d5fd5
DR,80,184320,282,0.11347517730496454,273.4503546099291,891,0.0,125.28507295173962,891,0.0,124.28170594837262,2676,0,0,23.218769073486328,97d5fd5
DR,80,245760,282,0.23404255319148937,343.06028368794324,891,0.0,148.64197530864197,891,0.0,146.89786756453424,2676,0,0,23.218769073486328,97d5fd5
DR,80,307200,282,0.4858156028368794,413.8191489361702,891,0.002244668911335578,186.02469135802468,891,0.001122334455667789,185.49270482603816,2676,0,0,23.218769073486328,97d5fd5
DR,80,368640,282,0.8049645390070922,466.22340425531917,891,0.5331088664421998,316.65432098765433,891,0.5140291806958474,308.99887766554434,2676,0,0,23.218769073486328,97d5fd5
DR,80,430080,282,0.9893617021276596,496.6666666666667,891,0.877665544332211,450.003367003367,891,0.856341189674523,441.70482603815935,2676,0,0,23.218769073486328,97d5fd5
DR,80,491520,282,0.9822695035460993,493.02127659574467,891,0.0,57.125701459034794,891,0.0,56.94051627384961,2676,0,0,23.218769073486328,97d5fd5
DR,80,552960,282,0.9893617021276596,495.41843971631204,891,0.007856341189674524,66.79124579124579,891,0.006734006734006734,66.13692480359147,2676,0,0,23.218769073486328,97d5fd5
DR,80,614400,282,0.9893617021276596,497.06028368794324,891,0.8956228956228957,457.91133557800225,891,0.8877665544332211,454.5566778900112,2676,0,0,23.218769073486328,97d5fd5
DR,79,0,282,0.028368794326241134,137.31205673758865,891,0.0,54.313131313131315,891,0.0,54.43434343434343,2826,0,0,23.571604013442993,97d5fd5
DR,79,61440,282,0.06382978723404255,223.31560283687944,891,0.0,113.93153759820426,891,0.001122334455667789,113.3097643097643,2826,0,0,23.571604013442993,97d5fd5
DR,79,122880,282,0.06028368794326241,258.031914893617,891,0.001122334455667789,146.0662177328844,891,0.004489337822671156,144.98540965207633,2826,0,0,23.571604013442993,97d5fd5
DR,79,184320,282,0.9148936170212766,489.177304964539,891,0.4792368125701459,388.8776655443322,891,0.47474747474747475,381.1268237934905,2826,0,0,23.571604013442993,97d5fd5
DR,79,245760,282,0.024822695035460994,211.66666666666666,891,0.0,108.70931537598204,891,0.0,108.08417508417509,2826,0,0,23.571604013442993,97d5fd5
DR,79,307200,282,0.925531914893617,487.7340425531915,891,0.44556677890011226,354.381593714927,891,0.4388327721661055,348.652076318743,2826,0,0,23.571604013442993,97d5fd5
DR,79,368640,282,0.5567375886524822,434.8191489361702,891,0.3658810325476992,264.1043771043771,891,0.36363636363636365,262.27946127946126,2826,0,0,23.571604013442993,97d5fd5
DR,79,430080,282,0.9893617021276596,497.36170212765956,891,0.8035914702581369,420.4882154882155,891,0.7912457912457912,415.41638608305277,2826,0,0,23.571604013442993,97d5fd5
DR,79,491520,282,0.9858156028368794,497.2836879432624,891,0.7811447811447811,410.92143658810323,891,0.7654320987654321,404.93602693602696,2826,0,0,23.571604013442993,97d5fd5
DR,79,552960,282,0.9893617021276596,495.3758865248227,891,0.005611672278338945,67.26599326599326,891,0.007856341189674524,67.32098765432099,2826,0,0,23.571604013442993,97d5fd5
DR,79,614400,282,0.9893617021276596,496.3829787234043,891,0.345679012345679,220.73737373737373,891,0.33221099887766553,215.40516273849607,2826,0,0,23.571604013442993,97d5fd5
DR,81,0,282,0.0,37.52482269503546,891,0.0,18.099887766554435,891,0.0,18.088664421997755,2838,0,0,23.375083208084106,97d5fd5
DR,81,61440,282,0.13829787234042554,307.1418439716312,891,0.0,134.64197530864197,891,0.0,133.78002244668912,2838,0,0,23.375083208084106,97d5fd5
DR,81,122880,282,0.031914893617021274,204.1241134751773,891,0.0,119.67115600448933,891,0.001122334455667789,118.73737373737374,2838,0,0,23.375083208084106,97d5fd5
DR,81,184320,282,0.0425531914893617,219.9964539007092,891,0.0,109.48260381593715,891,0.0,109.02356902356902,2838,0,0,23.375083208084106,97d5fd5
DR,81,245760,282,0.13120567375886524,298.3156028368794,891,0.22895622895622897,242.6139169472503,891,0.2143658810325477,236.5993265993266,2838,0,0,23.375083208084106,97d5fd5
DR,81,307200,282,0.14893617021276595,361.2659574468085,891,0.4769921436588103,312.80359147025814,891,0.4657687991021324,307.8439955106622,2838,0,0,23.375083208084106,97d5fd5
DR,81,368640,282,0.9893617021276596,496.97163120567376,891,0.8900112233445566,455.84736251402916,891,0.8720538720538721,448.61279461279463,2838,0,0,23.375083208084106,97d5fd5
DR,81,430080,282,0.9858156028368794,495.468085106383,891,0.6419753086419753,349.91582491582494,891,0.632996632996633,347.2188552188552,2838,0,0,23.375083208084106,97d5fd5
DR,81,491520,282,0.9432624113475178,489.7730496453901,891,0.2884399551066218,290.84511784511784,891,0.265993265993266,285.1358024691358,2838,0,0,23.375083208084106,97d5fd5
DR,81,552960,282,0.9893617021276596,496.8936170212766,891,0.7070707070707071,381.26711560044896,891,0.7104377104377104,382.6902356902357,2838,0,0,23.375083208084106,97d5fd5
DR,81,614400,282,0.9858156028368794,497.5390070921986,891,0.23007856341189675,168.69472502805837,891,0.21548821548821548,161.29405162738496,2838,0,0,23.375083208084106,97d5fd5
DR,82,0,282,0.0,40.07446808510638,891,0.0,45.02244668911336,891,0.0,45.744107744107744,2648,0,0,23.705771923065186,97d5fd5
DR,82,61440,282,0.19858156028368795,345.1985815602837,891,0.16161616161616163,234.1818181818182,891,0.15488215488215487,233.02581369248037,2648,0,0,23.705771923065186,97d5fd5
DR,82,122880,282,0.25177304964539005,359.04609929078015,891,0.001122334455667789,147.55443322109988,891,0.0,146.13019079685748,2648,0,0,23.705771923065186,97d5fd5
DR,82,184320,282,0.9361702127659575,489.31205673758865,891,0.6487093153759821,360.55555555555554,891,0.6341189674523008,354.94276094276097,2648,0,0,23.705771923065186,97d5fd5
DR,82,245760,282,0.07092198581560284,236.79432624113474,891,0.03479236812570146,138.72727272727272,891,0.019079685746352413,135.4803591470258,2648,0,0,23.705771923065186,97d5fd5
DR,82,307200,282,0.9964539007092199,498.8936170212766,891,0.36924803591470257,235.23456790123456,891,0.36363636363636365,231.7104377104377,2648,0,0,23.705771923065186,97d5fd5
DR,82,368640,282,0.9929078014184397,497.84397163120565,891,0.6307519640852974,344.15263748597084,891,0.5858585858585859,325.5925925925926,2648,0,0,23.705771923065186,97d5fd5
DR,82,430080,282,0.9290780141843972,486.7588652482269,891,0.2547699214365881,227.1043771043771,891,0.2334455667789001,224.7149270482604,2648,0,0,23.705771923065186,97d5fd5
DR,82,491520,282,0.9858156028368794,496.9113475177305,891,0.8002244668911336,420.0325476992144,891,0.792368125701459,416.983164983165,2648,0,0,23.705771923065186,97d5fd5
DR,82,552960,282,0.9858156028368794,495.8758865248227,891,0.8855218855218855,453.35690235690237,891,0.8653198653198653,445.20763187429856,2648,0,0,23.705771923065186,97d5fd5
DR,82,614400,282,0.950354609929078,477.51063829787233,891,0.002244668911335578,56.631874298540964,891,0.0,56.20314253647587,2648,0,0,23.705771923065186,97d5fd5
DR,83,0,282,0.03546099290780142,72.35460992907801,891,0.0,25.23905723905724,891,0.0,25.251402918069584,2836,0,0,23.22820472717285,97d5fd5
DR,83,61440,282,0.0851063829787234,231.1631205673759,891,0.0,116.32323232323232,891,0.0,115.62962962962963,2836,0,0,23.22820472717285,97d5fd5
DR,83,122880,282,0.0425531914893617,224.36524822695034,891,0.0,110.1705948372615,891,0.0,109.68350168350169,2836,0,0,23.22820472717285,97d5fd5
DR,83,184320,282,0.549645390070922,430.71985815602835,891,0.006734006734006734,181.4803591470258,891,0.005611672278338945,175.96408529741862,2836,0,0,23.22820472717285,97d5fd5
DR,83,245760,282,0.20212765957446807,331.3829787234043,891,0.001122334455667789,153.16498316498317,891,0.004489337822671156,151.94163860830528,2836,0,0,23.22820472717285,97d5fd5
DR,83,307200,282,0.1099290780141844,275.1737588652482,891,0.0,119.31088664421998,891,0.0,118.60942760942761,2836,0,0,23.22820472717285,97d5fd5
DR,83,368640,282,0.5673758865248227,434.71276595744683,891,0.003367003367003367,177.66778900112234,891,0.007856341189674524,176.97418630751963,2836,0,0,23.22820472717285,97d5fd5
DR,83,430080,282,0.8581560283687943,479.56028368794324,891,0.41975308641975306,310.4870931537598,891,0.42536475869809204,308.20314253647587,2836,0,0,23.22820472717285,97d5fd5
DR,83,491520,282,0.9822695035460993,495.63475177304963,891,0.936026936026936,474.95735129068464,891,0.9281705948372615,471.55555555555554,2836,0,0,23.22820472717285,97d5fd5
DR,83,552960,282,0.5070921985815603,421.9645390070922,891,0.1447811447811448,246.39955106621773,891,0.15824915824915825,246.74074074074073,2836,0,0,23.22820472717285,97d5fd5
DR,83,614400,282,0.7340425531914894,462.5673758865248,891,0.0,197.46240179573513,891,0.0,196.58361391694726,2836,0,0,23.22820472717285,97d5fd5
DR,84,0,282,0.0,12.060283687943262,891,0.0,24.703703703703702,891,0.0,24.27048260381594,2767,0,0,23.433056116104126,97d5fd5
DR,84,61440,282,0.07801418439716312,252.6595744680851,891,0.0,106.99102132435466,891,0.0,106.23120089786757,2767,0,0,23.433056116104126,97d5fd5
DR,84,122880,282,0.028368794326241134,237.9468085106383,891,0.2053872053872054,244.9685746352413,891,0.16947250280583614,241.64534231200898,2767,0,0,23.433056116104126,97d5fd5
DR,84,184320,282,0.8014184397163121,474.790780141844,891,0.03367003367003367,258.2648709315376,891,0.02132435465768799,254.33670033670035,2767,0,0,23.433056116104126,97d5fd5
DR,84,245760,282,0.851063829787234,483.3191489361702,891,0.0,65.58249158249158,891,0.0,67.41526374859708,2767,0,0,23.433056116104126,97d5fd5
DR,84,307200,282,0.08156028368794327,247.84751773049646,891,0.001122334455667789,134.84848484848484,891,0.0,133.43771043771045,2767,0,0,23.433056116104126,97d5fd5
DR,84,368640,282,0.9822695035460993,497.43971631205676,891,0.696969696969697,376.35016835016836,891,0.6823793490460157,372.4713804713805,2767,0,0,23.433056116104126,97d5fd5
DR,84,430080,282,0.9432624113475178,491.26241134751774,891,0.6127946127946128,411.4803591470258,891,0.6094276094276094,407.9450056116723,2767,0,0,23.433056116104126,97d5fd5
DR,84,491520,282,0.9929078014184397,497.6808510638298,891,0.3265993265993266,212.92255892255892,891,0.29292929292929293,198.07182940516273,2767,0,0,23.433056116104126,97d5fd5
DR,84,552960,282,0.9822695035460993,492.1170212765957,891,0.003367003367003367,58.936026936026934,891,0.001122334455667789,58.38383838383838,2767,0,0,23.433056116104126,97d5fd5
DR,84,614400,282,0.9964539007092199,498.40070921985813,891,0.3389450056116723,212.20314253647587,891,0.32098765432098764,204.94949494949495,2767,0,0,23.433056116104126,97d5fd5
DR,85,0,282,0.0,58.00709219858156,891,0.0,39.8709315375982,891,0.0,39.769921436588106,2789,0,0,22.959889888763428,97d5fd5
DR,85,61440,282,0.10283687943262411,239.54964539007094,891,0.0,100.37261503928171,891,0.0,99.95959595959596,2789,0,0,22.959889888763428,97d5fd5
DR,85,122880,282,0.08865248226950355,266.59929078014187,891,0.001122334455667789,126.19977553310886,891,0.0,125.06509539842874,2789,0,0,22.959889888763428,97d5fd5
DR,85,184320,282,0.04609929078014184,227.17730496453902,891,0.001122334455667789,127.49158249158249,891,0.0,126.13355780022447,2789,0,0,22.959889888763428,97d5fd5
DR,85,245760,282,0.07092198581560284,242.56737588652481,891,0.001122334455667789,111.28843995510663,891,0.0,110.31313131313131,2789,0,0,22.959889888763428,97d5fd5
DR,85,307200,282,0.9609929078014184,492.56382978723406,891,0.15712682379349047,134.35914702581368,891,0.16722783389450055,138.44893378226712,2789,0,0,22.959889888763428,97d5fd5
DR,85,368640,282,0.9858156028368794,494.4078014184397,891,0.12570145903479238,121.11223344556677,891,0.12570145903479238,121.55443322109988,2789,0,0,22.959889888763428,97d5fd5
DR,85,430080,282,0.9929078014184397,497.209219858156,891,0.8742985409652076,448.9517396184063,891,0.8518518518518519,439.8956228956229,2789,0,0,22.959889888763428,97d5fd5
DR,85,491520,282,0.9822695035460993,493.00354609929076,891,0.0,57.008978675645345,891,0.0,56.70258136924804,2789,0,0,22.959889888763428,97d5fd5
DR,85,552960,282,0.9858156028368794,495.209219858156,891,0.3075196408529742,201.3973063973064,891,0.30303030303030304,199.59708193041527,2789,0,0,22.959889888763428,97d5fd5
DR,85,614400,282,0.9858156028368794,493.7269503546099,891,0.001122334455667789,57.09203142536476,891,0.001122334455667789,56.82716049382716,2789,0,0,22.959889888763428,97d5fd5
DR,87,0,282,0.0,13.890070921985815,891,0.0,29.28956228956229,891,0.0,29.069584736251404,2943,0,0,23.057609796524048,97d5fd5
DR,87,61440,282,0.10283687943262411,279.2482269503546,891,0.0,128.0942760942761,891,0.0,127.17508417508418,2943,0,0,23.057609796524048,97d5fd5
DR,87,122880,282,0.13120567375886524,286.9929078014184,891,0.001122334455667789,147.3759820426487,891,0.0,146.11447811447812,2943,0,0,23.057609796524048,97d5fd5
DR,87,184320,282,0.9929078014184397,498.00354609929076,891,0.5982042648709316,329.35016835016836,891,0.5578002244668911,312.6060606060606,2943,0,0,23.057609796524048,97d5fd5
DR,87,245760,282,0.03546099290780142,215.36170212765958,891,0.001122334455667789,104.10437710437711,891,0.001122334455667789,101.1391694725028,2943,0,0,23.057609796524048,97d5fd5
DR,87,307200,282,0.01773049645390071,182.0212765957447,891,0.0,103.9057239057239,891,0.0,103.60381593714926,2943,0,0,23.057609796524048,97d5fd5
DR,87,368640,282,0.1595744680851064,304.01418439716315,891,0.0,138.31200897867564,891,0.0,137.24915824915826,2943,0,0,23.057609796524048,97d5fd5
DR,87,430080,282,0.8652482269503546,474.3262411347518,891,0.6049382716049383,345.09315375982044,891,0.6015712682379349,343.9371492704826,2943,0,0,23.057609796524048,97d5fd5
DR,87,491520,282,0.9787234042553191,494.3581560283688,891,0.8439955106621774,436.9124579124579,891,0.8395061728395061,434.9719416386083,2943,0,0,23.057609796524048,97d5fd5
DR,87,552960,282,0.9680851063829787,491.8404255319149,891,0.7968574635241302,418.71156004489336,891,0.7878787878787878,414.70482603815935,2943,0,0,23.057609796524048,97d5fd5
DR,87,614400,282,0.9539007092198581,478.63829787234044,891,0.002244668911335578,55.86307519640853,891,0.0,55.39955106621773,2943,0,0,23.057609796524048,97d5fd5
DR,88,0,282,0.0,24.425531914893618,891,0.0,25.298540965207632,891,0.0,24.958473625140293,2810,0,0,22.83322501182556,97d5fd5
DR,88,61440,282,0.06382978723404255,234.3758865248227,891,0.0,111.7699214365881,891,0.0,111.03030303030303,2810,0,0,22.83322501182556,97d5fd5
DR,88,122880,282,0.05319148936170213,247.21985815602838,891,0.0,122.05387205387206,891,0.0,121.18630751964085,2810,0,0,22.83322501182556,97d5fd5
DR,88,184320,282,0.9893617021276596,497.02836879432624,891,0.8271604938271605,429.4186307519641,891,0.8103254769921436,422.5151515151515,2810,0,0,22.83322501182556,97d5fd5
DR,88,245760,282,0.375886524822695,394.09574468085106,891,0.016835016835016835,181.69135802469137,891,0.019079685746352413,181.68911335578002,2810,0,0,22.83322501182556,97d5fd5
DR,88,307200,282,0.1702127659574468,298.38652482269504,891,0.0,124.15824915824916,891,0.0,122.9371492704826,2810,0,0,22.83322501182556,97d5fd5
DR,88,368640,282,0.20212765957446807,305.26241134751774,891,0.0,116.90796857463525,891,0.0,116.09315375982042,2810,0,0,22.83322501182556,97d5fd5
DR,88,430080,282,0.9680851063829787,494.7730496453901,891,0.6879910213243546,369.04713804713805,891,0.7025813692480359,375.4983164983165,2810,0,0,22.83322501182556,97d5fd5
DR,88,491520,282,0.8014184397163121,459.8049645390071,891,0.08080808080808081,188.33221099887766,891,0.07856341189674523,187.61167227833894,2810,0,0,22.83322501182556,97d5fd5
DR,88,552960,282,0.9539007092198581,483.10283687943263,891,0.0,56.352413019079684,891,0.0,56.04713804713805,2810,0,0,22.83322501182556,97d5fd5
DR,88,614400,282,0.9326241134751773,491.7411347517731,891,0.45791245791245794,266.307519640853,891,0.45791245791245794,265.4455667789001,2810,0,0,22.83322501182556,97d5fd5
DR,86,0,282,0.0,45.829787234042556,891,0.0,46.53086419753087,891,0.0,47.09203142536476,2577,0,0,23.566927909851074,97d5fd5
DR,86,61440,282,0.4148936170212766,384.9468085106383,891,0.001122334455667789,159.0448933782267,891,0.0,157.27272727272728,2577,0,0,23.566927909851074,97d5fd5
DR,86,122880,282,0.4574468085106383,391.7695035460993,891,0.3041526374859708,222.0493827160494,891,0.2772166105499439,211.16498316498317,2577,0,0,23.566927909851074,97d5fd5
DR,86,184320,282,0.07092198581560284,248.2127659574468,891,0.0,127.04489337822672,891,0.0,125.6936026936027,2577,0,0,23.566927909851074,97d5fd5
DR,86,245760,282,0.9822695035460993,496.2730496453901,891,0.44556677890011226,310.15263748597084,891,0.4287317620650954,300.8956228956229,2577,0,0,23.566927909851074,97d5fd5
DR,86,307200,282,0.9964539007092199,498.4929078014184,891,0.7789001122334456,409.05723905723903,891,0.7732884399551067,406.45454545454544,2577,0,0,23.566927909851074,97d5fd5
DR,86,368640,282,0.6276595744680851,429.35460992907804,891,0.003367003367003367,145.2828282828283,891,0.004489337822671156,143.14141414141415,2577,0,0,23.566927909851074,97d5fd5
DR,86,430080,282,0.7056737588652482,457.22340425531917,891,0.6127946127946128,338.2918069584736,891,0.621773288439955,342.16161616161617,2577,0,0,23.566927909851074,97d5fd5
DR,86,491520,282,0.9716312056737588,493.2659574468085,891,0.42312008978675647,251.48709315375982,891,0.42424242424242425,251.02918069584737,2577,0,0,23.566927909851074,97d5fd5
DR,86,552960,282,0.9858156028368794,495.01063829787233,891,0.31425364758698093,202.15937149270482,891,0.3052749719416386,198.07519640852973,2577,0,0,23.566927909851074,97d5fd5
DR,86,614400,282,0.9964539007092199,498.4609929078014,891,0.7901234567901234,414.1997755331089,891,0.7777777777777778,408.9887766554433,2577,0,0,23.566927909851074,97d5fd5
DR,89,0,282,0.0,29.50354609929078,891,0.0,15.885521885521886,891,0.0,15.947250280583614,2786,0,0,23.4175386428833,97d5fd5
DR,89,61440,282,0.8120567375886525,466.4503546099291,891,0.6083052749719416,341.4500561167228,891,0.5869809203142536,333.1604938271605,2786,0,0,23.4175386428833,97d5fd5
DR,89,122880,282,0.6914893617021277,468.6489361702128,891,0.10662177328843996,173.7003367003367,891,0.08529741863075196,163.7946127946128,2786,0,0,23.4175386428833,97d5fd5
DR,89,184320,282,0.8120567375886525,475.5673758865248,891,0.02356902356902357,214.22109988776654,891,0.02132435465768799,204.8641975308642,2786,0,0,23.4175386428833,97d5fd5
DR,89,245760,282,0.20212765957446807,305.97163120567376,891,0.0,117.44781144781145,891,0.0,116.5016835016835,2786,0,0,23.4175386428833,97d5fd5
DR,89,307200,282,0.04964539007092199,222.75177304964538,891,0.019079685746352413,142.79349046015713,891,0.02244668911335578,140.9023569023569,2786,0,0,23.4175386428833,97d5fd5
DR,89,368640,282,0.2765957446808511,415.84751773049646,891,0.30303030303030304,303.9236812570146,891,0.2839506172839506,295.4343434343434,2786,0,0,23.4175386428833,97d5fd5
DR,89,430080,282,0.9858156028368794,494.2304964539007,891,0.18181818181818182,143.49943883277217,891,0.1941638608305275,148.29405162738496,2786,0,0,23.4175386428833,97d5fd5
DR,89,491520,282,0.9787234042553191,496.20212765957444,891,0.1840628507295174,147.39169472502806,891,0.16610549943883277,138.15937149270482,2786,0,0,23.4175386428833,97d5fd5
DR,89,552960,282,0.9893617021276596,497.7304964539007,891,0.7171717171717171,381.94837261503926,891,0.7272727272727273,386.351290684624,2786,0,0,23.4175386428833,97d5fd5
DR,89,614400,282,0.41134751773049644,406.7836879432624,891,0.0,113.5297418630752,891,0.0,111.70707070707071,2786,0,0,23.4175386428833,97d5fd5
DR,90,0,282,0.0,42.283687943262414,891,0.0,20.367003367003367,891,0.0,20.28956228956229,2655,0,0,23.207305908203125,97d5fd5
DR,90,61440,282,0.0673758865248227,235.65248226950354,891,0.0,105.11896745230078,891,0.0,104.6374859708193,2655,0,0,23.207305908203125,97d5fd5
DR,90,122880,282,0.07801418439716312,265.70212765957444,891,0.0,120.30864197530865,891,0.0,119.67676767676768,2655,0,0,23.207305908203125,97d5fd5
DR,90,184320,282,0.24822695035460993,344.5496453900709,891,0.001122334455667789,142.58585858585857,891,0.001122334455667789,142.04713804713805,2655,0,0,23.207305908203125,97d5fd5
DR,90,245760,282,0.8156028368794326,475.52836879432624,891,0.05499438832772166,210.25364758698092,891,0.04377104377104377,205.0,2655,0,0,23.207305908203125,97d5fd5
DR,90,307200,282,0.09929078014184398,347.90425531914894,891,0.1526374859708193,187.38945005611671,891,0.1739618406285073,195.62514029180696,2655,0,0,23.207305908203125,97d5fd5
DR,90,368640,282,0.9893617021276596,495.8936170212766,891,0.7946127946127947,417.1257014590348,891,0.7755331088664422,410.1043771043771,2655,0,0,23.207305908203125,97d5fd5
DR,90,430080,282,0.9858156028368794,497.5851063829787,891,0.35129068462401797,223.30639730639732,891,0.32435465768799104,211.99551066217734,2655,0,0,23.207305908203125,97d5fd5
DR,90,491520,282,0.9787234042553191,494.82978723404256,891,0.6352413019079686,359.7833894500561,891,0.6026936026936027,350.24691358024694,2655,0,0,23.207305908203125,97d5fd5
DR,90,552960,282,0.8794326241134752,484.21985815602835,891,0.4590347923681257,326.40628507295173,891,0.4489337822671156,320.17171717171715,2655,0,0,23.207305908203125,97d5fd5
DR,90,614400,282,0.9858156028368794,493.6666666666667,891,0.002244668911335578,57.622895622895626,891,0.0,57.14029180695847,2655,0,0,23.207305908203125,97d5fd5
DR,91,0,282,0.0,11.75177304964539,891,0.0,13.78226711560045,891,0.0,14.180695847362514,2987,0,0,25.40047788619995,97d5fd5
DR,91,61440,282,0.06382978723404255,234.95744680851064,891,0.0,103.05723905723906,891,0.0,102.60044893378226,2987,0,0,25.40047788619995,97d5fd5
DR,91,122880,282,0.03900709219858156,207.77659574468086,891,0.0,116.15937149270482,891,0.0,115.50729517396184,2987,0,0,25.40047788619995,97d5fd5
DR,91,184320,282,0.4645390070921986,430.59929078014187,891,0.001122334455667789,79.38047138047138,891,0.0,77.96632996632997,2987,0,0,25.40047788619995,97d5fd5
DR,91,245760,282,0.9893617021276596,497.63475177304963,891,0.856341189674523,442.4107744107744,891,0.8507295173961841,439.1470258136925,2987,0,0,25.40047788619995,97d5fd5
DR,91,307200,282,0.06382978723404255,235.61347517730496,891,0.001122334455667789,113.10774410774411,891,0.0,112.13355780022447,2987,0,0,25.40047788619995,97d5fd5
DR,91,368640,282,0.7092198581560284,459.6666666666667,891,0.38271604938271603,312.51402918069584,891,0.3793490460157127,310.0662177328844,2987,0,0,25.40047788619995,97d5fd5
DR,91,430080,282,0.9574468085106383,492.5567375886525,891,0.1638608305274972,136.679012345679,891,0.14814814814814814,128.5331088664422,2987,0,0,25.40047788619995,97d5fd5
DR,91,491520,282,0.9078014184397163,484.8936170212766,891,0.6419753086419753,349.52749719416386,891,0.6127946127946128,337.65432098765433,2987,0,0,25.40047788619995,97d5fd5
DR,91,552960,282,0.9893617021276596,496.79787234042556,891,0.3052749719416386,205.2783389450056,891,0.2772166105499439,193.672278338945,2987,0,0,25.40047788619995,97d5fd5
DR,91,614400,282,0.9929078014184397,496.93971631205676,891,0.15824915824915825,138.1851851851852,891,0.1425364758698092,130.28731762065095,2987,0,0,25.40047788619995,97d5fd5
DR,93,0,282,0.0,34.5709219858156,891,0.0,15.384960718294051,891,0.0,15.232323232323232,2792,0,0,25.66818881034851,97d5fd5
DR,93,61440,282,0.5106382978723404,429.0921985815603,891,0.001122334455667789,178.7598204264871,891,0.001122334455667789,175.3905723905724,2792,0,0,25.66818881034851,97d5fd5
DR,93,122880,282,0.16312056737588654,327.5851063829787,891,0.0,140.8563411896745,891,0.0,140.4668911335578,2792,0,0,25.66818881034851,97d5fd5
DR,93,184320,282,0.648936170212766,467.0496453900709,891,0.31874298540965207,293.354657687991,891,0.29292929292929293,283.06734006734007,2792,0,0,25.66818881034851,97d5fd5
DR,93,245760,282,0.22340425531914893,326.1489361702128,891,0.0,125.40291806958474,891,0.0,124.24130190796858,2792,0,0,25.66818881034851,97d5fd5
DR,93,307200,282,0.599290780141844,417.4574468085106,891,0.010101010101010102,155.40740740740742,891,0.01122334455667789,152.82042648709316,2792,0,0,25.66818881034851,97d5fd5
DR,93,368640,282,0.06028368794326241,207.24113475177305,891,0.001122334455667789,117.44219977553311,891,0.0,116.50953984287318,2792,0,0,25.66818881034851,97d5fd5
DR,93,430080,282,0.9964539007092199,499.93971631205676,891,0.8608305274971941,444.07856341189677,891,0.8507295173961841,439.84960718294053,2792,0,0,25.66818881034851,97d5fd5
DR,93,491520,282,0.9893617021276596,497.7163120567376,891,0.8395061728395061,435.15263748597084,891,0.8395061728395061,434.73400673400675,2792,0,0,25.66818881034851,97d5fd5
DR,93,552960,282,0.9858156028368794,494.5744680851064,891,0.0,57.180695847362514,891,0.0,56.92929292929293,2792,0,0,25.66818881034851,97d5fd5
DR,93,614400,282,0.9787234042553191,493.5390070921986,891,0.5196408529741863,305.38945005611674,891,0.5196408529741863,305.64646464646466,2792,0,0,25.66818881034851,97d5fd5
DR,92,0,282,0.0,11.74113475177305,891,0.0,20.410774410774412,891,0.0,20.08080808080808,2941,0,0,25.933762073516846,97d5fd5
DR,92,61440,282,0.5780141843971631,439.7340425531915,891,0.001122334455667789,214.993265993266,891,0.001122334455667789,211.96296296296296,2941,0,0,25.933762073516846,97d5fd5
DR,92,122880,282,0.21631205673758866,335.00354609929076,891,0.0,141.31088664421998,891,0.0,140.2716049382716,2941,0,0,25.933762073516846,97d5fd5
DR,92,184320,282,0.08865248226950355,286.54609929078015,891,0.07856341189674523,219.2716049382716,891,0.07856341189674523,216.22446689113355,2941,0,0,25.933762073516846,97d5fd5
DR,92,245760,282,0.6560283687943262,441.65602836879435,891,0.45230078563411896,322.1223344556678,891,0.4478114478114478,317.8956228956229,2941,0,0,25.933762073516846,97d5fd5
DR,92,307200,282,0.9822695035460993,495.6595744680851,891,0.7362514029180696,389.79685746352413,891,0.7463524130190797,393.14365881032546,2941,0,0,25.933762073516846,97d5fd5
DR,92,368640,282,0.9893617021276596,497.56028368794324,891,0.6868686868686869,368.55218855218857,891,0.6936026936026936,371.53872053872055,2941,0,0,25.933762073516846,97d5fd5
DR,92,430080,282,0.08156028368794327,264.9609929078014,891,0.0,156.93265993265993,891,0.0,154.55892255892255,2941,0,0,25.933762073516846,97d5fd5
DR,92,491520,282,0.6312056737588653,418.59574468085106,891,0.24691358024691357,209.5050505050505,891,0.22895622895622897,202.0415263748597,2941,0,0,25.933762073516846,97d5fd5
DR,92,552960,282,0.9858156028368794,494.531914893617,891,0.23905723905723905,171.88327721661054,891,0.24130190796857465,173.5263748597082,2941,0,0,25.933762073516846,97d5fd5
DR,92,614400,282,0.9787234042553191,493.08156028368796,891,0.25140291806958476,174.22222222222223,891,0.250280583613917,172.93490460157128,2941,0,0,25.933762073516846,97d5fd5
DR,94,0,282,0.0,37.308510638297875,891,0.0,15.815937149270482,891,0.0,15.637485970819304,2964,0,0,25.76415491104126,97d5fd5
DR,94,61440,282,0.6099290780141844,448.2588652482269,891,0.0,182.19753086419752,891,0.002244668911335578,175.96071829405162,2964,0,0,25.76415491104126,97d5fd5
DR,94,122880,282,0.9787234042553191,496.3014184397163,891,0.8496071829405163,438.36475869809203,891,0.8237934904601572,427.93265993265993,2964,0,0,25.76415491104126,97d5fd5
DR,94,184320,282,0.06382978723404255,234.95035460992906,891,0.0,110.41301907968575,891,0.0,109.87654320987654,2964,0,0,25.76415491104126,97d5fd5
DR,94,245760,282,0.2978723404255319,338.71985815602835,891,0.0,121.95847362514029,891,0.0,120.79349046015713,2964,0,0,25.76415491104126,97d5fd5
DR,94,307200,282,0.375886524822695,377.97163120567376,891,0.001122334455667789,133.26599326599327,891,0.0,131.59259259259258,2964,0,0,25.76415491104126,97d5fd5
DR,94,368640,282,0.34397163120567376,376.6418439716312,891,0.13916947250280584,191.86868686868686,891,0.12570145903479238,185.12008978675647,2964,0,0,25.76415491104126,97d5fd5
DR,94,430080,282,0.07446808510638298,219.3049645390071,891,0.001122334455667789,109.94276094276094,891,0.0,109.45005611672278,2964,0,0,25.76415491104126,97d5fd5
DR,94,491520,282,0.975177304964539,495.4503546099291,891,0.8877665544332211,455.8136924803591,891,0.8888888888888888,455.7037037037037,2964,0,0,25.76415491104126,97d5fd5
DR,94,552960,282,0.6063829787234043,437.2695035460993,891,0.4994388327721661,306.18742985409654,891,0.48597081930415265,301.38271604938274,2964,0,0,25.76415491104126,97d5fd5
DR,94,614400,282,0.9858156028368794,495.3014184397163,891,0.4264870931537598,249.83838383838383,891,0.4175084175084175,245.30078563411897,2964,0,0,25.76415491104126,97d5fd5
DR,95,0,282,0.0,17.21985815602837,891,0.0,14.496071829405162,891,0.0,14.601571268237935,2743,0,0,25.51027011871338,97d5fd5
DR,95,61440,282,0.0851063829787234,238.9787234042553,891,0.0,108.26038159371492,891,0.0,107.73063973063974,2743,0,0,25.51027011871338,97d5fd5
DR,95,122880,282,0.05673758865248227,245.13829787234042,891,0.0,112.16610549943883,891,0.0,111.43658810325476,2743,0,0,25.51027011871338,97d5fd5
DR,95,184320,282,0.19858156028368795,336.1808510638298,891,0.0,130.41189674523008,891,0.0,129.43658810325476,2743,0,0,25.51027011871338,97d5fd5
DR,95,245760,282,0.1347517730496454,309.63475177304963,891,0.0,138.34567901234567,891,0.0,137.41189674523008,2743,0,0,25.51027011871338,97d5fd5
DR,95,307200,282,0.425531914893617,412.6276595744681,891,0.001122334455667789,161.29741863075196,891,0.0,160.36812570145904,2743,0,0,25.51027011871338,97d5fd5
DR,95,368640,282,0.8546099290780141,483.2163120567376,891,0.7429854096520763,393.2962962962963,891,0.7104377104377104,379.48148148148147,2743,0,0,25.51027011871338,97d5fd5
DR,95,430080,282,0.9609929078014184,491.50354609929076,891,0.42424242424242425,293.25252525252523,891,0.39730639730639733,280.83501683501686,2743,0,0,25.51027011871338,97d5fd5
DR,95,491520,282,0.975177304964539,494.531914893617,891,0.8439955106621774,437.1818181818182,891,0.8327721661054994,432.24242424242425,2743,0,0,25.51027011871338,97d5fd5
DR,95,552960,282,0.9929078014184397,497.0248226950355,891,0.5185185185185185,299.17957351290687,891,0.4994388327721661,290.4320987654321,2743,0,0,25.51027011871338,97d5fd5
DR,95,614400,282,0.9680851063829787,486.1099290780142,891,0.001122334455667789,55.09539842873176,891,0.001122334455667789,55.03703703703704,2743,0,0,25.51027011871338,97d5fd5
DR,96,0,282,0.0,11.205673758865249,891,0.0,11.55331088664422,891,0.0,11.480359147025814,2749,0,0,25.52619695663452,97d5fd5
DR,96,61440,282,0.3333333333333333,382.93617021276594,891,0.0,164.09203142536475,891,0.0,163.56004489337823,2749,0,0,25.52619695663452,97d5fd5
DR,96,122880,282,0.31560283687943264,367.6985815602837,891,0.0,151.98428731762064,891,0.0,150.60493827160494,2749,0,0,25.52619695663452,97d5fd5
DR,96,184320,282,0.6382978723404256,451.82978723404256,891,0.17620650953984288,262.6868686868687,891,0.16161616161616163,256.705948372615,2749,0,0,25.52619695663452,97d5fd5
DR,96,245760,282,0.07092198581560284,220.60283687943263,891,0.0,107.41638608305276,891,0.0,106.94612794612794,2749,0,0,25.52619695663452,97d5fd5
DR,96,307200,282,0.16666666666666666,293.177304964539,891,0.0,118.9270482603816,891,0.0,118.00448933782268,2749,0,0,25.52619695663452,97d5fd5
DR,96,368640,282,0.9858156028368794,495.20212765957444,891,0.24354657687991021,170.82828282828282,891,0.2166105499438833,159.3759820426487,2749,0,0,25.52619695663452,97d5fd5
DR,96,430080,282,0.9822695035460993,496.4148936170213,891,0.9315375982042648,473.26038159371495,891,0.9349046015712682,474.4781144781145,2749,0,0,25.52619695663452,97d5fd5
DR,96,491520,282,0.1099290780141844,271.65248226950354,891,0.001122334455667789,124.42648709315375,891,0.001122334455667789,123.34343434343434,2749,0,0,25.52619695663452,97d5fd5
DR,96,552960,282,0.9326241134751773,490.02836879432624,891,0.5701459034792368,357.5881032547699,891,0.5634118967452301,353.37822671156005,2749,0,0,25.52619695663452,97d5fd5
DR,96,614400,282,0.7943262411347518,475.9326241134752,891,0.25925925925925924,265.679012345679,891,0.27048260381593714,268.36026936026934,2749,0,0,25.52619695663452,97d5fd5
DR,1001,0,282,0.0,15.450354609929079,891,0.0,33.8361391694725,891,0.0,33.854096520763186,2699,0,0,22.439494132995605,e600d30
DR,1001,61440,282,0.05673758865248227,198.73758865248226,891,0.0,100.7665544332211,891,0.0,100.18294051627385,2699,0,0,22.439494132995605,e600d30
DR,1001,122880,282,0.19148936170212766,326.21276595744683,891,0.001122334455667789,141.1941638608305,891,0.0,138.89674523007855,2699,0,0,22.439494132995605,e600d30
DR,1001,184320,282,0.06028368794326241,251.91843971631207,891,0.0,117.46127946127946,891,0.0,116.89674523007857,2699,0,0,22.439494132995605,e600d30
DR,1001,245760,282,0.14184397163120568,303.17021276595744,891,0.001122334455667789,150.23456790123456,891,0.001122334455667789,148.6969696969697,2699,0,0,22.439494132995605,e600d30
DR,1001,307200,282,0.9858156028368794,496.8510638297872,891,0.7497194163860831,398.6026936026936,891,0.7474747474747475,397.17957351290687,2699,0,0,22.439494132995605,e600d30
DR,1001,368640,282,0.9858156028368794,497.7163120567376,891,0.7250280583613917,385.8024691358025,891,0.7025813692480359,376.7497194163861,2699,0,0,22.439494132995605,e600d30
DR,1001,430080,282,0.24468085106382978,390.8758865248227,891,0.6576879910213244,366.3625140291807,891,0.6498316498316499,364.3905723905724,2699,0,0,22.439494132995605,e600d30
DR,1001,491520,282,0.9787234042553191,493.0673758865248,891,0.1750841750841751,140.64309764309763,891,0.19528619528619529,148.27272727272728,2699,0,0,22.439494132995605,e600d30
DR,1001,552960,282,0.9893617021276596,496.18794326241135,891,0.37037037037037035,227.52076318742985,891,0.37037037037037035,226.4253647586981,2699,0,0,22.439494132995605,e600d30
DR,1001,614400,282,0.975177304964539,493.2269503546099,891,0.3894500561167228,233.7766554433221,891,0.3939393939393939,234.3759820426487,2699,0,0,22.439494132995605,e600d30
DR,1002,0,282,0.0,84.8581560283688,891,0.0,38.230078563411894,891,0.0,38.04152637485971,2852,0,0,22.360963106155396,e600d30
DR,1002,61440,282,0.10638297872340426,280.29787234042556,891,0.0,128.986531986532,891,0.0,128.08866442199775,2852,0,0,22.360963106155396,e600d30
DR,1002,122880,282,0.20212765957446807,338.2517730496454,891,0.001122334455667789,131.89113355780023,891,0.0,130.76767676767676,2852,0,0,22.360963106155396,e600d30
DR,1002,184320,282,0.9787234042553191,495.4468085106383,891,0.5263748597081931,298.9236812570146,891,0.5173961840628507,295.57800224466894,2852,0,0,22.360963106155396,e600d30
DR,1002,245760,282,0.2553191489361702,347.87943262411346,891,0.0,119.91470258136926,891,0.0,118.66442199775533,2852,0,0,22.360963106155396,e600d30
DR,1002,307200,282,0.11702127659574468,263.07801418439715,891,0.03928170594837262,146.1290684624018,891,0.031425364758698095,143.63187429854096,2852,0,0,22.360963106155396,e600d30
DR,1002,368640,282,0.9326241134751773,491.0886524822695,891,0.38496071829405165,233.9438832772166,891,0.37373737373737376,229.58922558922558,2852,0,0,22.360963106155396,e600d30
DR,1002,430080,282,0.8546099290780141,453.2588652482269,891,0.001122334455667789,55.295173961840625,891,0.0,54.81593714927048,2852,0,0,22.360963106155396,e600d30
DR,1002,491520,282,0.9893617021276596,495.322695035461,891,0.07968574635241302,98.84960718294052,891,0.08417508417508418,100.37934904601572,2852,0,0,22.360963106155396,e600d30
DR,1002,552960,282,0.9787234042553191,493.8936170212766,891,0.5544332210998878,310.7014590347924,891,0.5274971941638609,300.0527497194164,2852,0,0,22.360963106155396,e600d30
DR,1002,614400,282,0.9929078014184397,496.9255319148936,891,0.34118967452300786,213.89450056116723,891,0.3389450056116723,212.7138047138047,2852,0,0,22.360963106155396,e600d30
DR,1003,0,282,0.0,62.00709219858156,891,0.0,33.16161616161616,891,0.0,32.82491582491583,3083,0,0,22.188302755355835,e600d30
DR,1003,61440,282,0.11347517730496454,270.88652482269504,891,0.0,114.50280583613917,891,0.0,113.67452300785634,3083,0,0,22.188302755355835,e600d30
DR,1003,122880,282,0.07092198581560284,274.6914893617021,891,0.0,134.64197530864197,891,0.0,131.98204264870932,3083,0,0,22.188302755355835,e600d30
DR,1003,184320,282,0.13120567375886524,300.36170212765956,891,0.001122334455667789,133.69023569023568,891,0.0,132.79236812570147,3083,0,0,22.188302755355835,e600d30
DR,1003,245760,282,0.549645390070922,429.40425531914894,891,0.002244668911335578,181.7149270482604,891,0.0,180.5712682379349,3083,0,0,22.188302755355835,e600d30
DR,1003,307200,282,0.028368794326241134,196.36524822695034,891,0.001122334455667789,107.9236812570146,891,0.0,107.02693602693603,3083,0,0,22.188302755355835,e600d30
DR,1003,368640,282,0.0673758865248227,263.64539007092196,891,0.0,128.69248035914703,891,0.0,127.21436588103255,3083,0,0,22.188302755355835,e600d30
DR,1003,430080,282,0.8723404255319149,487.23758865248226,891,0.04264870931537598,128.7351290684624,891,0.031425364758698095,125.75869809203142,3083,0,0,22.188302755355835,e600d30
DR,1003,491520,282,0.9929078014184397,496.9255319148936,891,0.08754208754208755,108.26374859708193,891,0.0920314253647587,109.67452300785634,3083,0,0,22.188302755355835,e600d30
DR,1003,552960,282,0.9858156028368794,494.9468085106383,891,0.002244668911335578,56.906846240179576,891,0.001122334455667789,56.58136924803591,3083,0,0,22.188302755355835,e600d30
DR,1003,614400,282,0.9893617021276596,495.36879432624113,891,0.003367003367003367,62.93714927048261,891,0.004489337822671156,63.046015712682376,3083,0,0,22.188302755355835,e600d30
DR,1005,0,282,0.0,16.05673758865248,891,0.0,40.15488215488215,891,0.0,40.77104377104377,2589,0,0,22.233552932739258,e600d30
DR,1005,61440,282,0.03900709219858156,196.58510638297872,891,0.0,124.14141414141415,891,0.0,122.72615039281706,2589,0,0,22.233552932739258,e600d30
DR,1005,122880,282,0.09219858156028368,239.0531914893617,891,0.0,108.48709315375982,891,0.0,107.83164983164983,2589,0,0,22.233552932739258,e600d30
DR,1005,184320,282,0.18085106382978725,328.4645390070922,891,0.001122334455667789,124.62738496071829,891,0.0,123.4983164983165,2589,0,0,22.233552932739258,e600d30
DR,1005,245760,282,0.10283687943262411,278.8085106382979,891,0.0,126.78787878787878,891,0.0,126.006734006734,2589,0,0,22.233552932739258,e600d30
DR,1005,307200,282,0.8546099290780141,477.29787234042556,891,0.7306397306397306,394.6206509539843,891,0.7328843995510662,395.5218855218855,2589,0,0,22.233552932739258,e600d30
DR,1005,368640,282,0.9645390070921985,492.5496453900709,891,0.8698092031425365,448.72053872053874,891,0.867564534231201,447.04264870931536,2589,0,0,22.233552932739258,e600d30
DR,1005,430080,282,0.9893617021276596,495.3333333333333,891,0.10774410774410774,111.83838383838383,891,0.10662177328843996,110.95173961840628,2589,0,0,22.233552932739258,e600d30
DR,1005,491520,282,0.9893617021276596,499.0070921985816,891,0.7598204264870931,404.5723905723906,891,0.7519640852974186,400.86531986531986,2589,0,0,22.233552932739258,e600d30
DR,1005,552960,282,0.9822695035460993,492.0354609929078,891,0.002244668911335578,56.24130190796858,891,0.001122334455667789,55.89562289562289,2589,0,0,22.233552932739258,e600d30
DR,1005,614400,282,0.9893617021276596,495.322695035461,891,0.10998877665544332,114.74298540965208,891,0.12682379349046016,121.22334455667789,2589,0,0,22.233552932739258,e600d30
DR,1006,0,282,0.0,71.41134751773049,891,0.0,51.77777777777778,891,0.0,52.33557800224467,2899,0,0,22.442851781845093,e600d30
DR,1006,61440,282,0.4787234042553192,423.79432624113474,891,0.002244668911335578,212.9618406285073,891,0.002244668911335578,213.26599326599327,2899,0,0,22.442851781845093,e600d30
DR,1006,122880,282,0.6134751773049646,443.57801418439715,891,0.001122334455667789,198.07968574635242,891,0.001122334455667789,196.74747474747474,2899,0,0,22.442851781845093,e600d30
DR,1006,184320,282,0.1773049645390071,314.76241134751774,891,0.012345679012345678,156.82042648709316,891,0.013468013468013467,154.60381593714928,2899,0,0,22.442851781845093,e600d30
DR,1006,245760,282,0.13829787234042554,290.84751773049646,891,0.005611672278338945,138.8641975308642,891,0.007856341189674524,137.4354657687991,2899,0,0,22.442851781845093,e600d30
DR,1006,307200,282,0.22340425531914893,340.2588652482269,891,0.0,141.58922558922558,891,0.0,139.92817059483727,2899,0,0,22.442851781845093,e600d30
DR,1006,368640,282,0.9893617021276596,497.47163120567376,891,0.44556677890011226,267.09539842873176,891,0.4399551066217733,265.1907968574635,2899,0,0,22.442851781845093,e600d30
DR,1006,430080,282,0.028368794326241134,168.4787234042553,891,0.0,112.05274971941638,891,0.0,109.69921436588103,2899,0,0,22.442851781845093,e600d30
DR,1006,491520,282,0.1950354609929078,311.7836879432624,891,0.0,118.85858585858585,891,0.0,117.90796857463525,2899,0,0,22.442851781845093,e600d30
DR,1006,552960,282,0.9113475177304965,489.45390070921985,891,0.6554433221099888,404.5375982042649,891,0.6408529741863075,395.36026936026934,2899,0,0,22.442851781845093,e600d30
DR,1006,614400,282,0.9964539007092199,499.27659574468083,891,0.8069584736251403,420.49607182940514,891,0.7946127946127947,415.1739618406285,2899,0,0,22.442851781845093,e600d30
DR,1004,0,282,0.0,15.429078014184396,891,0.0,42.18855218855219,891,0.0,43.24242424242424,2645,0,0,22.65220618247986,e600d30
DR,1004,61440,282,0.5035460992907801,414.38652482269504,891,0.001122334455667789,183.20650953984287,891,0.001122334455667789,181.0482603815937,2645,0,0,22.65220618247986,e600d30
DR,1004,122880,282,0.975177304964539,495.58156028368796,891,0.8787878787878788,451.47699214365883,891,0.867564534231201,446.8047138047138,2645,0,0,22.65220618247986,e600d30
DR,1004,184320,282,0.06382978723404255,308.48581560283685,891,0.32996632996632996,276.25364758698095,891,0.3277216610549944,273.5084175084175,2645,0,0,22.65220618247986,e600d30
DR,1004,245760,282,0.06382978723404255,239.03900709219857,891,0.001122334455667789,114.65881032547699,891,0.0,113.66778900112233,2645,0,0,22.65220618247986,e600d30
DR,1004,307200,282,0.9893617021276596,495.322695035461,891,0.028058361391694726,75.4040404040404,891,0.03367003367003367,77.53647586980921,2645,0,0,22.65220618247986,e600d30
DR,1004,368640,282,0.7163120567375887,473.6276595744681,891,0.6677890011223344,408.33894500561166,891,0.6318742985409652,394.973063973064,2645,0,0,22.65220618247986,e600d30
DR,1004,430080,282,0.9929078014184397,497.0567375886525,891,0.5162738496071829,297.1750841750842,891,0.5072951739618407,293.14814814814815,2645,0,0,22.65220618247986,e600d30
DR,1004,491520,282,0.9893617021276596,496.82978723404256,891,0.34118967452300786,216.02244668911337,891,0.3344556677890011,213.29741863075196,2645,0,0,22.65220618247986,e600d30
DR,1004,552960,282,0.9893617021276596,496.62056737588654,891,0.8877665544332211,455.4983164983165,891,0.8843995510662177,453.72615039281703,2645,0,0,22.65220618247986,e600d30
DR,1004,614400,282,0.9964539007092199,498.5,891,0.9102132435465768,464.016835016835,891,0.8967452300785634,458.1402918069585,2645,0,0,22.65220618247986,e600d30
DR,1007,0,282,0.010638297872340425,65.7872340425532,891,0.0,32.07519640852974,891,0.0,32.370370370370374,2783,0,0,23.27305006980896,e600d30
DR,1007,61440,282,0.16312056737588654,312.1808510638298,891,0.0,136.68462401795736,891,0.0,135.61167227833894,2783,0,0,23.27305006980896,e600d30
DR,1007,122880,282,0.20212765957446807,300.02127659574467,891,0.0,133.5084175084175,891,0.0,132.2861952861953,2783,0,0,23.27305006980896,e600d30
DR,1007,184320,282,0.9716312056737588,493.57092198581563,891,0.7991021324354658,418.3625140291807,891,0.8024691358024691,419.1178451178451,2783,0,0,23.27305006980896,e600d30
DR,1007,245760,282,0.7021276595744681,460.9148936170213,891,0.0,214.6195286195286,891,0.0,210.4949494949495,2783,0,0,23.27305006980896,e600d30
DR,1007,307200,282,0.06028368794326241,207.63475177304966,891,0.0,98.22222222222223,891,0.0,98.05050505050505,2783,0,0,23.27305006980896,e600d30
DR,1007,368640,282,0.1453900709219858,279.6737588652482,891,0.0,112.17845117845118,891,0.0,111.42424242424242,2783,0,0,23.27305006980896,e600d30
DR,1007,430080,282,0.9822695035460993,494.3900709219858,891,0.05611672278338945,88.00785634118968,891,0.04489337822671156,83.16947250280583,2783,0,0,23.27305006980896,e600d30
DR,1007,491520,282,0.9893617021276596,495.27659574468083,891,0.0,57.26936026936027,891,0.001122334455667789,57.145903479236814,2783,0,0,23.27305006980896,e600d30
DR,1007,552960,282,0.9964539007092199,499.29787234042556,891,0.8709315375982043,447.5375982042649,891,0.8552188552188552,440.79236812570144,2783,0,0,23.27305006980896,e600d30
DR,1007,614400,282,0.9858156028368794,493.63829787234044,891,0.002244668911335578,56.65432098765432,891,0.001122334455667789,56.31874298540965,2783,0,0,23.27305006980896,e600d30
DR,1011,0,282,0.0,30.76595744680851,891,0.0,14.222222222222221,891,0.0,14.105499438832773,3355,0,0,23.10094690322876,e600d30
DR,1011,61440,282,0.03900709219858156,207.25531914893617,891,0.0,122.25476992143659,891,0.0,120.94388327721661,3355,0,0,23.10094690322876,e600d30
DR,1011,122880,282,0.08865248226950355,288.81205673758865,891,0.019079685746352413,167.12008978675647,891,0.013468013468013467,162.69921436588103,3355,0,0,23.10094690322876,e600d30
DR,1011,184320,282,0.24468085106382978,380.9326241134752,891,0.001122334455667789,71.37934904601572,891,0.0,70.39955106621774,3355,0,0,23.10094690322876,e600d30
DR,1011,245760,282,0.07092198581560284,276.2411347517731,891,0.01122334455667789,156.50280583613917,891,0.017957351290684626,154.64983164983164,3355,0,0,23.10094690322876,e600d30
DR,1011,307200,282,0.031914893617021274,199.31560283687944,891,0.0,120.48372615039281,891,0.0,119.90796857463525,3355,0,0,23.10094690322876,e600d30
DR,1011,368640,282,0.1099290780141844,281.28723404255317,891,0.0,117.74410774410775,891,0.0,117.07968574635241,3355,0,0,23.10094690322876,e600d30
DR,1011,430080,282,0.1453900709219858,296.01418439716315,891,0.0,119.46352413019079,891,0.0,118.80695847362514,3355,0,0,23.10094690322876,e600d30
DR,1011,491520,282,0.0673758865248227,251.26241134751774,891,0.0,118.15600448933782,891,0.0,117.4006734006734,3355,0,0,23.10094690322876,e600d30
DR,1011,552960,282,0.851063829787234,484.8900709219858,891,0.2166105499438833,236.61167227833894,891,0.22895622895622897,239.70931537598204,3355,0,0,23.10094690322876,e600d30
DR,1011,614400,282,0.40070921985815605,426.66312056737587,891,0.3041526374859708,255.65432098765433,891,0.3108866442199775,255.12682379349047,3355,0,0,23.10094690322876,e600d30
DR,1008,0,282,0.0,10.684397163120567,891,0.0,11.784511784511784,891,0.0,11.693602693602694,2670,0,0,23.86352801322937,e600d30
DR,1008,61440,282,0.2127659574468085,339.07092198581563,891,0.001122334455667789,171.36363636363637,891,0.001122334455667789,170.0516273849607,2670,0,0,23.86352801322937,e600d30
DR,1008,122880,282,0.35106382978723405,376.06382978723406,891,0.31425364758698093,271.0729517396184,891,0.28619528619528617,265.2895622895623,2670,0,0,23.86352801322937,e600d30
DR,1008,184320,282,0.8546099290780141,487.8900709219858,891,0.2536475869809203,312.28619528619527,891,0.2671156004489338,315.95061728395063,2670,0,0,23.86352801322937,e600d30
DR,1008,245760,282,0.9787234042553191,493.4822695035461,891,0.028058361391694726,81.10774410774411,891,0.028058361391694726,79.92817059483725,2670,0,0,23.86352801322937,e600d30
DR,1008,307200,282,0.9822695035460993,493.34751773049646,891,0.15039281705948374,137.01907968574636,891,0.16610549943883277,142.88215488215488,2670,0,0,23.86352801322937,e600d30
DR,1008,368640,282,0.03900709219858156,205.32978723404256,891,0.06172839506172839,159.23456790123456,891,0.05387205387205387,155.17508417508418,2670,0,0,23.86352801322937,e600d30
DR,1008,430080,282,0.3049645390070922,388.6843971631206,891,0.0,101.66329966329967,891,0.0,101.1986531986532,2670,0,0,23.86352801322937,e600d30
DR,1008,491520,282,0.9929078014184397,498.38652482269504,891,0.44107744107744107,262.7216610549944,891,0.4332210998877666,259.81257014590346,2670,0,0,23.86352801322937,e600d30
DR,1008,552960,282,0.9609929078014184,494.6595744680851,891,0.36251402918069586,224.46127946127947,891,0.3378226711560045,215.1952861952862,2670,0,0,23.86352801322937,e600d30
DR,1008,614400,282,0.9680851063829787,485.40070921985813,891,0.002244668911335578,55.210998877665546,891,0.001122334455667789,54.896745230078565,2670,0,0,23.86352801322937,e600d30
DR,1009,0,282,0.01773049645390071,189.31560283687944,891,0.0,75.46127946127946,891,0.0,74.662177328844,2739,0,0,23.70257806777954,e600d30
DR,1009,61440,282,0.43617021276595747,356.0886524822695,891,0.004489337822671156,124.76767676767676,891,0.004489337822671156,124.80022446689114,2739,0,0,23.70257806777954,e600d30
DR,1009,122880,282,0.3049645390070922,352.67021276595744,891,0.0,134.65207631874298,891,0.001122334455667789,133.43097643097644,2739,0,0,23.70257806777954,e600d30
DR,1009,184320,282,0.0425531914893617,227.5921985815603,891,0.0,116.25701459034792,891,0.0,115.5746352413019,2739,0,0,23.70257806777954,e600d30
DR,1009,245760,282,0.23404255319148937,316.209219858156,891,0.0,118.0976430976431,891,0.0,117.19304152637486,2739,0,0,23.70257806777954,e600d30
DR,1009,307200,282,0.08865248226950355,268.2588652482269,891,0.03928170594837262,155.03367003367003,891,0.037037037037037035,151.1526374859708,2739,0,0,23.70257806777954,e600d30
DR,1009,368640,282,0.4078014184397163,411.9574468085106,891,0.46464646464646464,305.334455667789,891,0.4556677890011223,301.7699214365881,2739,0,0,23.70257806777954,e600d30
DR,1009,430080,282,0.9929078014184397,497.9468085106383,891,0.7822671156004489,410.76430976430976,891,0.7710437710437711,406.5286195286195,2739,0,0,23.70257806777954,e600d30
DR,1009,491520,282,0.9893617021276596,497.968085106383,891,0.6296296296296297,346.83838383838383,891,0.6273849607182941,345.682379349046,2739,0,0,23.70257806777954,e600d30
DR,1009,552960,282,0.9609929078014184,492.65248226950354,891,0.4612794612794613,265.983164983165,891,0.4500561167227834,261.3625140291807,2739,0,0,23.70257806777954,e600d30
DR,1009,614400,282,0.9964539007092199,498.5673758865248,891,0.4186307519640853,253.1773288439955,891,0.4219977553310887,253.30415263748597,2739,0,0,23.70257806777954,e600d30
DR,1010,0,282,0.0,34.726950354609926,891,0.0,15.035914702581369,891,0.0,14.891133557800224,3021,0,0,23.391260147094727,e600d30
DR,1010,61440,282,0.9645390070921985,490.5,891,0.6868686868686869,375.4006734006734,891,0.6868686868686869,374.76206509539844,3021,0,0,23.391260147094727,e600d30
DR,1010,122880,282,0.1702127659574468,293.63120567375887,891,0.0,114.29405162738496,891,0.0,113.48709315375982,3021,0,0,23.391260147094727,e600d30
DR,1010,184320,282,0.0851063829787234,265.15602836879435,891,0.0,118.0942760942761,891,0.0,117.40965207631875,3021,0,0,23.391260147094727,e600d30
DR,1010,245760,282,0.44680851063829785,432.59574468085106,891,0.18742985409652077,244.75084175084174,891,0.21773288439955107,250.5218855218855,3021,0,0,23.391260147094727,e600d30
DR,1010,307200,282,0.9574468085106383,495.79432624113474,891,0.6823793490460157,368.1930415263749,891,0.691358024691358,373.0314253647587,3021,0,0,23.391260147094727,e600d30
DR,1010,368640,282,0.9929078014184397,497.01063829787233,891,0.36475869809203143,232.19753086419752,891,0.33108866442199775,218.0527497194164,3021,0,0,23.391260147094727,e600d30
DR,1010,430080,282,0.6347517730496454,413.63829787234044,891,0.006734006734006734,131.68574635241302,891,0.010101010101010102,133.9652076318743,3021,0,0,23.391260147094727,e600d30
DR,1010,491520,282,0.014184397163120567,175.73758865248226,891,0.0,118.57800224466891,891,0.0,119.11672278338945,3021,0,0,23.391260147094727,e600d30
DR,1010,552960,282,0.9929078014184397,498.3191489361702,891,0.8114478114478114,422.8742985409652,891,0.8047138047138047,420.2514029180696,3021,0,0,23.391260147094727,e600d30
DR,1010,614400,282,0.975177304964539,497.0496453900709,891,0.7710437710437711,406.63973063973066,891,0.7878787878787878,412.8428731762065,3021,0,0,23.391260147094727,e600d30
DR,1012,0,282,0.0,13.936170212765957,891,0.0,36.11672278338945,891,0.0,36.54657687991021,2537,0,0,23.612594842910767,e600d30
DR,1012,61440,282,0.05673758865248227,211.0921985815603,891,0.0,100.07968574635241,891,0.0,99.67452300785634,2537,0,0,23.612594842910767,e600d30
DR,1012,122880,282,0.17375886524822695,372.32978723404256,891,0.4489337822671156,316.1212121212121,891,0.44668911335578004,312.46127946127945,2537,0,0,23.612594842910767,e600d30
DR,1012,184320,282,0.06382978723404255,252.4787234042553,891,0.0,122.00448933782268,891,0.0,121.08417508417509,2537,0,0,23.612594842910767,e600d30
DR,1012,245760,282,0.7127659574468085,449.6418439716312,891,0.09876543209876543,228.49270482603816,891,0.10213243546576879,222.60157126823793,2537,0,0,23.612594842910767,e600d30
DR,1012,307200,282,0.9858156028368794,497.5354609929078,891,0.9427609427609428,477.59708193041524,891,0.9438832772166106,477.84960718294053,2537,0,0,23.612594842910767,e600d30
DR,1012,368640,282,0.9929078014184397,498.2304964539007,891,0.7867564534231201,413.46801346801345,891,0.7845117845117845,413.0415263748597,2537,0,0,23.612594842910767,e600d30
DR,1012,430080,282,0.09219858156028368,324.02127659574467,891,0.4298540965207632,293.8462401795735,891,0.4062850729517396,285.50729517396184,2537,0,0,23.612594842910767,e600d30
DR,1012,491520,282,0.41134751773049644,392.07092198581563,891,0.42536475869809204,285.41638608305277,891,0.4264870931537598,285.368125701459,2537,0,0,23.612594842910767,e600d30
DR,1012,552960,282,0.9822695035460993,494.7269503546099,891,0.4624017957351291,280.2300785634119,891,0.44332210998877664,271.55555555555554,2537,0,0,23.612594842910767,e600d30
DR,1012,614400,282,0.9858156028368794,494.2163120567376,891,0.001122334455667789,61.996632996633,891,0.003367003367003367,62.55331088664422,2537,0,0,23.612594842910767,e600d30
DR,1014,0,282,0.0,53.251773049645394,891,0.0,20.723905723905723,891,0.0,20.601571268237937,2672,0,0,23.78917407989502,db97b08
DR,1014,61440,282,0.2198581560283688,315.9468085106383,891,0.0,130.1537598204265,891,0.0,128.95959595959596,2672,0,0,23.78917407989502,db97b08
DR,1014,122880,282,0.20567375886524822,304.4148936170213,891,0.0,117.39281705948373,891,0.0,116.61952861952862,2672,0,0,23.78917407989502,db97b08
DR,1014,184320,282,0.04609929078014184,217.30141843971631,891,0.0,118.33221099887767,891,0.0,117.49270482603816,2672,0,0,23.78917407989502,db97b08
DR,1014,245760,282,0.9893617021276596,495.36879432624113,891,0.016835016835016835,69.672278338945,891,0.024691358024691357,73.64870931537598,2672,0,0,23.78917407989502,db97b08
DR,1014,307200,282,0.9893617021276596,495.6099290780142,891,0.007856341189674524,64.65656565656566,891,0.006734006734006734,63.96969696969697,2672,0,0,23.78917407989502,db97b08
DR,1014,368640,282,0.9822695035460993,492.9929078014184,891,0.04040404040404041,82.02918069584736,891,0.029180695847362513,77.48933782267116,2672,0,0,23.78917407989502,db97b08
DR,1014,430080,282,0.9929078014184397,497.06382978723406,891,0.31313131313131315,205.02132435465768,891,0.3063973063973064,202.2020202020202,2672,0,0,23.78917407989502,db97b08
DR,1014,491520,282,0.9858156028368794,495.822695035461,891,0.38496071829405165,242.63636363636363,891,0.37037037037037035,235.09988776655445,2672,0,0,23.78917407989502,db97b08
DR,1014,552960,282,0.8723404255319149,441.7340425531915,891,0.002244668911335578,55.10437710437711,891,0.001122334455667789,54.803591470258134,2672,0,0,23.78917407989502,db97b08
DR,1014,614400,282,0.950354609929078,491.01418439716315,891,0.003367003367003367,60.39057239057239,891,0.002244668911335578,60.38496071829405,2672,0,0,23.78917407989502,db97b08
DR,1013,0,282,0.0,36.40425531914894,891,0.0,15.793490460157127,891,0.0,15.650953984287318,2610,0,0,23.938113927841187,db97b08
DR,1013,61440,282,0.0425531914893617,202.44326241134752,891,0.0,99.95061728395062,891,0.0,99.57239057239057,2610,0,0,23.938113927841187,db97b08
DR,1013,122880,282,0.031914893617021274,188.62056737588654,891,0.0,114.64534231200898,891,0.0,113.55892255892256,2610,0,0,23.938113927841187,db97b08
DR,1013,184320,282,0.04964539007092199,250.854609929078,891,0.004489337822671156,142.90460157126824,891,0.004489337822671156,140.010101010101,2610,0,0,23.938113927841187,db97b08
DR,1013,245760,282,0.9929078014184397,498.12056737588654,891,0.7721661054994389,410.1099887766554,891,0.7620650953984287,405.59820426487096,2610,0,0,23.938113927841187,db97b08
DR,1013,307200,282,0.9361702127659575,490.9574468085106,891,0.3782267115600449,329.3221099887767,891,0.3658810325476992,322.9405162738496,2610,0,0,23.938113927841187,db97b08
DR,1013,368640,282,0.9184397163120568,481.7517730496454,891,0.5353535353535354,318.58473625140294,891,0.5129068462401796,313.76879910213245,2610,0,0,23.938113927841187,db97b08
DR,1013,430080,282,0.9822695035460993,494.70212765957444,891,0.122334455667789,121.17171717171718,891,0.13692480359147025,128.31649831649833,2610,0,0,23.938113927841187,db97b08
DR,1013,491520,282,0.9858156028368794,494.5851063829787,891,0.004489337822671156,63.07631874298541,891,0.007856341189674524,64.47474747474747,2610,0,0,23.938113927841187,db97b08
DR,1013,552960,282,0.9787234042553191,495.9574468085106,891,0.7755331088664422,409.75982042648707,891,0.7643097643097643,404.88327721661057,2610,0,0,23.938113927841187,db97b08
DR,1013,614400,282,0.9893617021276596,495.322695035461,891,0.001122334455667789,60.04264870931537,891,0.001122334455667789,59.709315375982044,2610,0,0,23.938113927841187,db97b08
DR,1015,0,282,0.0,11.443262411347519,891,0.0,18.368125701459036,891,0.0,18.18742985409652,2749,0,0,23.445318937301636,db97b08
DR,1015,61440,282,0.04964539007092199,244.36170212765958,891,0.0,122.37934904601572,891,0.0,121.34343434343434,2749,0,0,23.445318937301636,db97b08
DR,1015,122880,282,0.2801418439716312,321.2269503546099,891,0.0,108.77328843995511,891,0.0,108.15488215488216,2749,0,0,23.445318937301636,db97b08
DR,1015,184320,282,0.3120567375886525,353.2730496453901,891,0.16049382716049382,165.1324354657688,891,0.15712682379349047,163.56565656565655,2749,0,0,23.445318937301636,db97b08
DR,1015,245760,282,0.9716312056737588,495.3404255319149,891,0.734006734006734,391.84736251402916,891,0.7014590347923682,378.7239057239057,2749,0,0,23.445318937301636,db97b08
DR,1015,307200,282,0.028368794326241134,164.68794326241135,891,0.0,100.33557800224467,891,0.0,100.04377104377105,2749,0,0,23.445318937301636,db97b08
DR,1015,368640,282,0.9822695035460993,492.2269503546099,891,0.0,56.235690235690235,891,0.0,56.02020202020202,2749,0,0,23.445318937301636,db97b08
DR,1015,430080,282,0.9822695035460993,496.22340425531917,891,0.0931537598204265,108.56004489337823,891,0.07856341189674523,101.90796857463525,2749,0,0,23.445318937301636,db97b08
DR,1015,491520,282,0.9929078014184397,497.9609929078014,891,0.574635241301908,322.658810325477,891,0.5443322109988776,308.9607182940516,2749,0,0,23.445318937301636,db97b08
DR,1015,552960,282,0.3191489361702128,347.6843971631206,891,0.0,110.78002244668912,891,0.0,110.18294051627385,2749,0,0,23.445318937301636,db97b08
DR,1015,614400,282,0.23404255319148937,410.68794326241135,891,0.20089786756453423,211.62514029180696,891,0.186307519640853,203.7171717171717,2749,0,0,23.445318937301636,db97b08
DR,1016,0,282,0.0,10.457446808510639,891,0.0,11.151515151515152,891,0.0,11.033670033670033,2723,0,0,23.72324800491333,db97b08
DR,1016,61440,282,0.07092198581560284,239.95035460992906,891,0.0,108.38383838383838,891,0.0,107.80583613916947,2723,0,0,23.72324800491333,db97b08
DR,1016,122880,282,0.4929078014184397,428.60283687943263,891,0.012345679012345678,194.17957351290684,891,0.012345679012345678,186.25252525252526,2723,0,0,23.72324800491333,db97b08
DR,1016,184320,282,0.0035460992907801418,214.9964539007092,891,0.02244668911335578,169.50729517396184,891,0.016835016835016835,174.99775533108865,2723,0,0,23.72324800491333,db97b08
DR,1016,245760,282,0.03900709219858156,229.82269503546098,891,0.0,106.60830527497194,891,0.0,106.51066217732884,2723,0,0,23.72324800491333,db97b08
DR,1016,307200,282,0.8865248226950354,485.07801418439715,891,0.006734006734006734,98.11560044893378,891,0.002244668911335578,98.95286195286195,2723,0,0,23.72324800491333,db97b08
DR,1016,368640,282,0.9822695035460993,494.01418439716315,891,0.06060606060606061,90.59483726150393,891,0.05948372615039282,90.65319865319866,2723,0,0,23.72324800491333,db97b08
DR,1016,430080,282,0.9822695035460993,492.9609929078014,891,0.0,56.94276094276094,891,0.0,56.641975308641975,2723,0,0,23.72324800491333,db97b08
DR,1016,491520,282,0.9893617021276596,497.86170212765956,891,0.8327721661054994,430.7654320987654,891,0.8271604938271605,428.68125701459036,2723,0,0,23.72324800491333,db97b08
DR,1016,552960,282,0.9858156028368794,496.4503546099291,891,0.34118967452300786,212.07295173961842,891,0.32435465768799104,206.02581369248037,2723,0,0,23.72324800491333,db97b08
DR,1016,614400,282,0.9858156028368794,496.97872340425533,891,0.755331088664422,397.86083052749717,891,0.7362514029180696,389.75084175084174,2723,0,0,23.72324800491333,db97b08
DR,1017,0,282,0.0,14.560283687943262,891,0.0,39.008978675645345,891,0.0,39.81481481481482,2662,0,0,23.847943782806396,db97b08
DR,1017,61440,282,0.06382978723404255,267.39716312056737,891,0.0,133.1604938271605,891,0.0,132.24915824915826,2662,0,0,23.847943782806396,db97b08
DR,1017,122880,282,0.3546099290780142,377.57092198581563,891,0.0,172.1840628507295,891,0.001122334455667789,169.97418630751963,2662,0,0,23.847943782806396,db97b08
DR,1017,184320,282,0.1950354609929078,311.4078014184397,891,0.0,120.48484848484848,891,0.0,119.46576879910214,2662,0,0,23.847943782806396,db97b08
DR,1017,245760,282,0.22695035460992907,337.0248226950355,891,0.001122334455667789,122.7418630751964,891,0.0,121.68799102132435,2662,0,0,23.847943782806396,db97b08
DR,1017,307200,282,0.3262411347517731,396.50354609929076,891,0.43434343434343436,293.611672278339,891,0.43658810325476993,292.8552188552189,2662,0,0,23.847943782806396,db97b08
DR,1017,368640,282,0.9929078014184397,496.93617021276594,891,0.10549943883277217,115.45791245791246,891,0.08866442199775533,107.74523007856341,2662,0,0,23.847943782806396,db97b08
DR,1017,430080,282,0.3546099290780142,379.07801418439715,891,0.2962962962962963,225.48933782267116,891,0.2772166105499439,217.65207631874298,2662,0,0,23.847943782806396,db97b08
DR,1017,491520,282,0.8085106382978723,476.822695035461,891,0.8496071829405163,440.50953984287315,891,0.8529741863075196,442.19191919191917,2662,0,0,23.847943782806396,db97b08
DR,1017,552960,282,0.9893617021276596,495.322695035461,891,0.004489337822671156,62.292929292929294,891,0.003367003367003367,61.67340067340067,2662,0,0,23.847943782806396,db97b08
DR,1017,614400,282,0.9964539007092199,499.74468085106383,891,0.8058361391694725,420.314253647587,891,0.7991021324354658,417.41750841750843,2662,0,0,23.847943782806396,db97b08
DR,1018,0,282,0.0070921985815602835,68.7872340425532,891,0.0,26.77553310886644,891,0.0,26.601571268237937,2832,0,0,23.920693159103394,db97b08
DR,1018,61440,282,0.13829787234042554,273.51418439716315,891,0.001122334455667789,121.11896745230078,891,0.0,120.0909090909091,2832,0,0,23.920693159103394,db97b08
DR,1018,122880,282,0.07092198581560284,214.85106382978722,891,0.0,112.8641975308642,891,0.0,112.13355780022447,2832,0,0,23.920693159103394,db97b08
DR,1018,184320,282,0.05319148936170213,247.47163120567376,891,0.0,113.62289562289563,891,0.0,112.92255892255892,2832,0,0,23.920693159103394,db97b08
DR,1018,245760,282,0.06382978723404255,233.4964539007092,891,0.001122334455667789,132.64197530864197,891,0.0,131.2716049382716,2832,0,0,23.920693159103394,db97b08
DR,1018,307200,282,0.9716312056737588,493.64539007092196,891,0.9483726150392817,479.58698092031426,891,0.9427609427609428,477.4691358024691,2832,0,0,23.920693159103394,db97b08
DR,1018,368640,282,0.9787234042553191,494.2517730496454,891,0.8832772166105499,453.51066217732887,891,0.8765432098765432,449.94163860830525,2832,0,0,23.920693159103394,db97b08
DR,1018,430080,282,0.9858156028368794,496.031914893617,891,0.9068462401795735,462.75084175084174,891,0.8843995510662177,454.324354657688,2832,0,0,23.920693159103394,db97b08
DR,1018,491520,282,0.8297872340425532,459.7695035460993,891,0.08754208754208755,197.23456790123456,891,0.07968574635241302,193.68013468013467,2832,0,0,23.920693159103394,db97b08
DR,1018,552960,282,0.8617021276595744,470.93617021276594,891,0.7182940516273849,388.06397306397304,891,0.7261503928170595,391.18069584736253,2832,0,0,23.920693159103394,db97b08
DR,1018,614400,282,0.9397163120567376,488.1950354609929,891,0.547699214365881,320.0460157126824,891,0.5420875420875421,317.27272727272725,2832,0,0,23.920693159103394,db97b08
DR,1019,0,282,0.0,26.854609929078013,891,0.0,13.748597081930415,891,0.0,13.52749719416386,3187,0,0,23.173006057739258,11c2a8b
DR,1019,61440,282,0.776595744680851,452.1418439716312,891,0.6161616161616161,345.46127946127945,891,0.5982042648709316,337.9719416386083,3187,0,0,23.173006057739258,11c2a8b
DR,1019,122880,282,0.02127659574468085,177.56737588652481,891,0.0,104.7351290684624,891,0.0,104.2581369248036,3187,0,0,23.173006057739258,11c2a8b
DR,1019,184320,282,0.024822695035460994,213.36879432624113,891,0.0,112.67901234567901,891,0.0,112.03030303030303,3187,0,0,23.173006057739258,11c2a8b
DR,1019,245760,282,0.5319148936170213,437.93971631205676,891,0.3939393939393939,314.44444444444446,891,0.388327721661055,316.0460157126824,3187,0,0,23.173006057739258,11c2a8b
DR,1019,307200,282,0.48936170212765956,442.86170212765956,891,0.02244668911335578,115.5297418630752,891,0.019079685746352413,115.06509539842874,3187,0,0,23.173006057739258,11c2a8b
DR,1019,368640,282,0.7340425531914894,466.02836879432624,891,0.388327721661055,294.7070707070707,891,0.3894500561167228,293.65656565656565,3187,0,0,23.173006057739258,11c2a8b
DR,1019,430080,282,0.4787234042553192,420.1666666666667,891,0.002244668911335578,160.1436588103255,891,0.0,158.71941638608305,3187,0,0,23.173006057739258,11c2a8b
DR,1019,491520,282,0.9929078014184397,496.9148936170213,891,0.050505050505050504,87.31537598204265,891,0.04152637485970819,83.51290684624018,3187,0,0,23.173006057739258,11c2a8b
DR,1019,552960,282,0.031914893617021274,244.58510638297872,891,0.19977553310886645,231.60381593714928,891,0.17845117845117844,222.88327721661054,3187,0,0,23.173006057739258,11c2a8b
DR,1019,614400,282,0.05319148936170213,279.98581560283685,891,0.2671156004489338,242.55443322109988,891,0.23793490460157127,233.665544332211,3187,0,0,23.173006057739258,11c2a8b
DR,1021,0,282,0.0,14.886524822695035,891,0.0,21.67452300785634,891,0.0,21.4006734006734,2967,0,0,22.895013093948364,11c2a8b
DR,1021,61440,282,0.13829787234042554,240.07801418439718,891,0.0,99.88103254769922,891,0.0,99.49719416386083,2967,0,0,22.895013093948364,11c2a8b
DR,1021,122880,282,0.0425531914893617,208.59574468085106,891,0.0,117.45230078563412,891,0.0,116.70594837261504,2967,0,0,22.895013093948364,11c2a8b
DR,1021,184320,282,0.4219858156028369,360.7340425531915,891,0.012345679012345678,123.26599326599326,891,0.015712682379349047,123.0695847362514,2967,0,0,22.895013093948364,11c2a8b
DR,1021,245760,282,0.05673758865248227,241.2340425531915,891,0.05723905723905724,160.9472502805836,891,0.038159371492704826,158.62177328843995,2967,0,0,22.895013093948364,11c2a8b
DR,1021,307200,282,0.9680851063829787,494.62056737588654,891,0.6363636363636364,408.7957351290685,891,0.6296296296296297,402.685746352413,2967,0,0,22.895013093948364,11c2a8b
DR,1021,368640,282,0.9113475177304965,490.23758865248226,891,0.569023569023569,387.4691358024691,891,0.5443322109988776,375.9023569023569,2967,0,0,22.895013093948364,11c2a8b
DR,1021,430080,282,0.20212765957446807,342.0070921985816,891,0.0,136.7946127946128,891,0.0,135.993265993266,2967,0,0,22.895013093948364,11c2a8b
DR,1021,491520,282,0.02127659574468085,198.18085106382978,891,0.0,111.91806958473624,891,0.0,111.29854096520764,2967,0,0,22.895013093948364,11c2a8b
DR,1021,552960,282,0.9609929078014184,493.4645390070922,891,0.8698092031425365,448.8552188552189,891,0.856341189674523,442.705948372615,2967,0,0,22.895013093948364,11c2a8b
DR,1021,614400,282,0.9893617021276596,495.92907801418437,891,0.2996632996632997,199.86980920314252,891,0.3052749719416386,200.8989898989899,2967,0,0,22.895013093948364,11c2a8b
DR,1020,0,282,0.0,12.9822695035461,891,0.0,27.94500561167228,891,0.0,27.03030303030303,2659,0,0,23.49274182319641,11c2a8b
DR,1020,61440,282,0.03546099290780142,209.79432624113474,891,0.0,101.72727272727273,891,0.0,101.1705948372615,2659,0,0,23.49274182319641,11c2a8b
DR,1020,122880,282,0.6276595744680851,437.92198581560285,891,0.12570145903479238,252.24579124579125,891,0.11896745230078563,249.35802469135803,2659,0,0,23.49274182319641,11c2a8b
DR,1020,184320,282,0.07801418439716312,260.7517730496454,891,0.0,135.88103254769922,891,0.001122334455667789,136.98428731762064,2659,0,0,23.49274182319641,11c2a8b
DR,1020,245760,282,0.8120567375886525,476.2836879432624,891,0.06509539842873176,237.8226711560045,891,0.058361391694725026,227.45679012345678,2659,0,0,23.49274182319641,11c2a8b
DR,1020,307200,282,0.9964539007092199,498.88652482269504,891,0.5443322109988776,311.8731762065095,891,0.5364758698092031,308.02244668911334,2659,0,0,23.49274182319641,11c2a8b
DR,1020,368640,282,0.9964539007092199,499.9574468085106,891,0.21885521885521886,170.20875420875421,891,0.2132435465768799,165.8013468013468,2659,0,0,23.49274182319641,11c2a8b
DR,1020,430080,282,0.9822695035460993,493.56028368794324,891,0.010101010101010102,63.96745230078563,891,0.007856341189674524,63.470258136924805,2659,0,0,23.49274182319641,11c2a8b
DR,1020,491520,282,0.9893617021276596,495.3191489361702,891,0.002244668911335578,59.809203142536475,891,0.001122334455667789,59.225589225589225,2659,0,0,23.49274182319641,11c2a8b
DR,1020,552960,282,0.6773049645390071,468.04609929078015,891,0.48035914702581367,275.4231200897868,891,0.468013468013468,269.95061728395063,2659,0,0,23.49274182319641,11c2a8b
DR,1020,614400,282,0.9858156028368794,496.0851063829787,891,0.4500561167227834,271.43322109988776,891,0.4332210998877666,263.6644219977553,2659,0,0,23.49274182319641,11c2a8b
DR,1022,0,282,0.19148936170212766,264.4751773049645,891,0.0,56.21773288439955,891,0.001122334455667789,56.00785634118967,2657,0,0,23.42748785018921,11c2a8b
DR,1022,61440,282,0.031914893617021274,192.02482269503545,891,0.0,101.3658810325477,891,0.0,100.85072951739619,2657,0,0,23.42748785018921,11c2a8b
DR,1022,122880,282,0.36879432624113473,347.8581560283688,891,0.001122334455667789,116.02918069584736,891,0.0,114.68686868686869,2657,0,0,23.42748785018921,11c2a8b
DR,1022,184320,282,0.20921985815602837,313.76241134751774,891,0.0,120.52188552188552,891,0.0,119.66666666666667,2657,0,0,23.42748785018921,11c2a8b
DR,1022,245760,282,0.9184397163120568,489.1276595744681,891,0.11784511784511785,196.9337822671156,891,0.10549943883277217,187.94276094276094,2657,0,0,23.42748785018921,11c2a8b
DR,1022,307200,282,0.3723404255319149,408.3085106382979,891,0.4388327721661055,300.4534231200898,891,0.43658810325476993,296.7418630751964,2657,0,0,23.42748785018921,11c2a8b
DR,1022,368640,282,0.723404255319149,458.7588652482269,891,0.3153759820426487,270.24691358024694,891,0.30976430976430974,268.4141414141414,2657,0,0,23.42748785018921,11c2a8b
DR,1022,430080,282,0.9929078014184397,497.1099290780142,891,0.26823793490460157,189.2020202020202,891,0.25140291806958476,180.59034792368126,2657,0,0,23.42748785018921,11c2a8b
DR,1022,491520,282,0.9858156028368794,496.6843971631206,891,0.8170594837261503,429.2053872053872,891,0.8114478114478114,425.71604938271605,2657,0,0,23.42748785018921,11c2a8b
DR,1022,552960,282,0.9858156028368794,494.5390070921986,891,0.2839506172839506,187.10213243546576,891,0.29180695847362514,189.65207631874298,2657,0,0,23.42748785018921,11c2a8b
DR,1022,614400,282,0.02127659574468085,263.2517730496454,891,0.0,178.20763187429853,891,0.0,174.53759820426487,2657,0,0,23.42748785018921,11c2a8b
DR,1023,0,282,0.0,14.46808510638298,891,0.0,37.30639730639731,891,0.0,36.83052749719416,2639,0,0,22.956745386123657,11c2a8b
DR,1023,61440,282,0.04609929078014184,210.89007092198582,891,0.0,101.50841750841751,891,0.0,101.20426487093154,2639,0,0,22.956745386123657,11c2a8b
DR,1023,122880,282,0.05319148936170213,206.03546099290782,891,0.001122334455667789,101.16161616161617,891,0.0,100.46576879910214,2639,0,0,22.956745386123657,11c2a8b
DR,1023,184320,282,0.4148936170212766,380.7482269503546,891,0.002244668911335578,141.87654320987653,891,0.0,139.996632996633,2639,0,0,22.956745386123657,11c2a8b
DR,1023,245760,282,0.05319148936170213,242.61702127659575,891,0.0,126.2996632996633,891,0.0,125.50953984287318,2639,0,0,22.956745386123657,11c2a8b
DR,1023,307200,282,0.9893617021276596,496.09929078014187,891,0.3265993265993266,212.73849607182942,891,0.31874298540965207,210.23120089786755,2639,0,0,22.956745386123657,11c2a8b
DR,1023,368640,282,0.9680851063829787,496.0354609929078,891,0.7441077441077442,392.6576879910213,891,0.7171717171717171,382.341189674523,2639,0,0,22.956745386123657,11c2a8b
DR,1023,430080,282,0.9822695035460993,496.968085106383,891,0.8799102132435466,451.4523007856341,891,0.8641975308641975,445.15824915824913,2639,0,0,22.956745386123657,11c2a8b
DR,1023,491520,282,0.9539007092198581,491.01063829787233,891,0.7744107744107744,409.5241301907969,891,0.7620650953984287,404.351290684624,2639,0,0,22.956745386123657,11c2a8b
DR,1023,552960,282,0.9929078014184397,498.5886524822695,891,0.5970819304152637,330.56228956228955,891,0.5622895622895623,315.6902356902357,2639,0,0,22.956745386123657,11c2a8b
DR,1023,614400,282,0.975177304964539,490.0673758865248,891,0.002244668911335578,58.290684624017956,891,0.0,57.956228956228955,2639,0,0,22.956745386123657,11c2a8b
DR,1024,0,282,0.0,35.54609929078014,891,0.0,15.968574635241302,891,0.0,15.91358024691358,2813,0,0,23.259192943572998,11c2a8b
DR,1024,61440,282,0.07092198581560284,250.43617021276594,891,0.0,115.04601571268238,891,0.0,114.25476992143659,2813,0,0,23.259192943572998,11c2a8b
DR,1024,122880,282,0.014184397163120567,193.92198581560282,891,0.001122334455667789,132.59147025813692,891,0.0,131.1919191919192,2813,0,0,23.259192943572998,11c2a8b
DR,1024,184320,282,0.05673758865248227,235.06028368794327,891,0.002244668911335578,143.31200897867564,891,0.001122334455667789,141.7766554433221,2813,0,0,23.259192943572998,11c2a8b
DR,1024,245760,282,0.2907801418439716,369.31205673758865,891,0.03479236812570146,199.61503928170595,891,0.038159371492704826,194.71941638608305,2813,0,0,23.259192943572998,11c2a8b
DR,1024,307200,282,0.03546099290780142,182.54964539007094,891,0.0,106.39393939393939,891,0.0,105.96296296296296,2813,0,0,23.259192943572998,11c2a8b
DR,1024,368640,282,0.9113475177304965,490.1985815602837,891,0.5634118967452301,400.12345679012344,891,0.5499438832772167,399.2053872053872,2813,0,0,23.259192943572998,11c2a8b
DR,1024,430080,282,0.8829787234042553,486.78014184397165,891,0.4399551066217733,374.2065095398429,891,0.4377104377104377,367.93939393939394,2813,0,0,23.259192943572998,11c2a8b
DR,1024,491520,282,0.9290780141843972,494.02836879432624,891,0.32435465768799104,323.57126823793493,891,0.3333333333333333,326.7081930415264,2813,0,0,23.259192943572998,11c2a8b
DR,1024,552960,282,0.9574468085106383,489.91843971631204,891,0.4668911335578002,285.9674523007856,891,0.44219977553310885,276.15824915824913,2813,0,0,23.259192943572998,11c2a8b
DR,1024,614400,282,0.9893617021276596,495.26241134751774,891,0.001122334455667789,58.55106621773288,891,0.001122334455667789,58.22334455667789,2813,0,0,23.259192943572998,11c2a8b
DR,1025,0,282,0.014184397163120567,138.96099290780143,891,0.0,48.01795735129068,891,0.0,47.5959595959596,2772,0,0,25.17011308670044,11c2a8b
DR,1025,61440,282,0.2730496453900709,365.1737588652482,891,0.005611672278338945,200.9337822671156,891,0.006734006734006734,200.05836139169472,2772,0,0,25.17011308670044,11c2a8b
DR,1025,122880,282,0.17375886524822695,310.60283687943263,891,0.0,137.7205387205387,891,0.0,137.32210998877665,2772,0,0,25.17011308670044,11c2a8b
DR,1025,184320,282,0.06382978723404255,208.61347517730496,891,0.0,98.89562289562289,891,0.0,98.91470258136926,2772,0,0,25.17011308670044,11c2a8b
DR,1025,245760,282,0.9113475177304965,479.9751773049645,891,0.4612794612794613,284.25925925925924,891,0.4377104377104377,275.0314253647587,2772,0,0,25.17011308670044,11c2a8b
DR,1025,307200,282,0.0851063829787234,241.75531914893617,891,0.0,112.79461279461279,891,0.0,112.13355780022447,2772,0,0,25.17011308670044,11c2a8b
DR,1025,368640,282,0.9822695035460993,496.62056737588654,891,0.9551066217732884,481.7519640852974,891,0.9472502805836139,478.79236812570144,2772,0,0,25.17011308670044,11c2a8b
DR,1025,430080,282,0.9893617021276596,495.322695035461,891,0.08754208754208755,101.90460157126824,891,0.08866442199775533,101.61391694725027,2772,0,0,25.17011308670044,11c2a8b
DR,1025,491520,282,0.9964539007092199,498.4822695035461,891,0.8664421997755332,446.49046015712685,891,0.8529741863075196,440.2457912457912,2772,0,0,25.17011308670044,11c2a8b
DR,1025,552960,282,0.9645390070921985,492.74468085106383,891,0.8709315375982043,448.55218855218857,891,0.8574635241301908,442.95959595959596,2772,0,0,25.17011308670044,11c2a8b
DR,1025,614400,282,0.9787234042553191,494.0496453900709,891,0.856341189674523,442.1997755331089,891,0.8372615039281706,434.2547699214366,2772,0,0,25.17011308670044,11c2a8b
DR,1026,0,282,0.0,11.152482269503546,891,0.0,11.30976430976431,891,0.0,11.175084175084175,2631,0,0,24.795664072036743,11c2a8b
DR,1026,61440,282,0.11347517730496454,298.8014184397163,891,0.0,127.34118967452301,891,0.0,126.2996632996633,2631,0,0,24.795664072036743,11c2a8b
DR,1026,122880,282,0.04609929078014184,229.7163120567376,891,0.001122334455667789,108.39393939393939,891,0.0,107.67564534231201,2631,0,0,24.795664072036743,11c2a8b
DR,1026,184320,282,0.8794326241134752,481.4645390070922,891,0.7216610549943884,388.976430976431,891,0.7182940516273849,387.83052749719417,2631,0,0,24.795664072036743,11c2a8b
DR,1026,245760,282,0.9822695035460993,496.6914893617021,891,0.4567901234567901,362.22446689113355,891,0.44219977553310885,358.75757575757575,2631,0,0,24.795664072036743,11c2a8b
DR,1026,307200,282,0.03900709219858156,192.86879432624113,891,0.0,105.34118967452301,891,0.0,104.80246913580247,2631,0,0,24.795664072036743,11c2a8b
DR,1026,368640,282,0.9432624113475178,489.1595744680851,891,0.5622895622895623,328.675645342312,891,0.5443322109988776,320.93490460157125,2631,0,0,24.795664072036743,11c2a8b
DR,1026,430080,282,0.950354609929078,477.5886524822695,891,0.002244668911335578,55.9337822671156,891,0.0,55.50617283950617,2631,0,0,24.795664072036743,11c2a8b
DR,1026,491520,282,0.9468085106382979,475.75531914893617,891,0.002244668911335578,55.28395061728395,891,0.001122334455667789,54.98316498316498,2631,0,0,24.795664072036743,11c2a8b
DR,1026,552960,282,0.9893617021276596,497.7588652482269,891,0.7138047138047138,395.43995510662177,891,0.6924803591470258,389.92143658810323,2631,0,0,24.795664072036743,11c2a8b
DR,1026,614400,282,1.0,500.0,891,0.4983164983164983,288.24915824915826,891,0.49270482603815935,285.8439955106622,2631,0,0,24.795664072036743,11c2a8b
DR,1028,0,282,0.0,55.230496453900706,891,0.0,21.17732884399551,891,0.0,21.058361391694724,2664,0,0,24.861050128936768,11c2a8b
DR,1028,61440,282,0.07446808510638298,248.96099290780143,891,0.0,114.22446689113356,891,0.0,113.59708193041526,2664,0,0,24.861050128936768,11c2a8b
DR,1028,122880,282,0.12411347517730496,271.47872340425533,891,0.0,114.59147025813692,891,0.0,113.92255892255892,2664,0,0,24.861050128936768,11c2a8b
DR,1028,184320,282,0.06382978723404255,255.79787234042553,891,0.0,132.4320987654321,891,0.0,131.57912457912457,2664,0,0,24.861050128936768,11c2a8b
DR,1028,245760,282,0.42907801418439717,392.66312056737587,891,0.001122334455667789,143.69248035914703,891,0.0,142.1806958473625,2664,0,0,24.861050128936768,11c2a8b
DR,1028,307200,282,0.9822695035460993,495.1985815602837,891,0.01122334455667789,66.66442199775533,891,0.019079685746352413,69.92817059483725,2664,0,0,24.861050128936768,11c2a8b
DR,1028,368640,282,0.9929078014184397,498.2695035460993,891,0.8237934904601572,430.1212121212121,891,0.8215488215488216,428.1335578002245,2664,0,0,24.861050128936768,11c2a8b
DR,1028,430080,282,0.9822695035460993,494.43971631205676,891,0.3108866442199775,214.68911335578002,891,0.2940516273849607,207.5162738496072,2664,0,0,24.861050128936768,11c2a8b
DR,1028,491520,282,0.9858156028368794,493.6418439716312,891,0.002244668911335578,56.210998877665546,891,0.001122334455667789,55.896745230078565,2664,0,0,24.861050128936768,11c2a8b
DR,1028,552960,282,0.9929078014184397,497.0,891,0.07744107744107744,97.53086419753086,891,0.07295173961840629,94.45230078563412,2664,0,0,24.861050128936768,11c2a8b
DR,1028,614400,282,0.9964539007092199,498.40070921985813,891,0.37037037037037035,226.1672278338945,891,0.367003367003367,224.97979797979798,2664,0,0,24.861050128936768,11c2a8b
DR,1027,0,282,0.0,12.24468085106383,891,0.0,11.227833894500561,891,0.0,11.130190796857464,2843,0,0,25.352129220962524,11c2a8b
DR,1027,61440,282,0.5106382978723404,426.8758865248227,891,0.03928170594837262,257.84736251402916,891,0.04713804713804714,256.1863075196409,2843,0,0,25.352129220962524,11c2a8b
DR,1027,122880,282,0.10283687943262411,276.3085106382979,891,0.0,114.41189674523008,891,0.0,113.69921436588103,2843,0,0,25.352129220962524,11c2a8b
DR,1027,184320,282,0.7801418439716312,473.38652482269504,891,0.3501683501683502,321.6835016835017,891,0.34118967452300786,321.7542087542088,2843,0,0,25.352129220962524,11c2a8b
DR,1027,245760,282,0.9645390070921985,494.7482269503546,891,0.9001122334455668,459.19416386083054,891,0.8900112233445566,455.8428731762065,2843,0,0,25.352129220962524,11c2a8b
DR,1027,307200,282,0.5106382978723404,393.3900709219858,891,0.001122334455667789,124.78563411896745,891,0.002244668911335578,123.92143658810325,2843,0,0,25.352129220962524,11c2a8b
DR,1027,368640,282,0.0,157.0531914893617,891,0.0,158.3771043771044,891,0.0,159.74747474747474,2843,0,0,25.352129220962524,11c2a8b
DR,1027,430080,282,0.9574468085106383,491.7340425531915,891,0.6386083052749719,374.95735129068464,891,0.6363636363636364,371.9652076318743,2843,0,0,25.352129220962524,11c2a8b
DR,1027,491520,282,0.9219858156028369,488.3829787234043,891,0.04601571268237935,86.12345679012346,891,0.051627384960718295,86.88103254769922,2843,0,0,25.352129220962524,11c2a8b
DR,1027,552960,282,0.975177304964539,488.6595744680851,891,0.002244668911335578,55.30751964085297,891,0.001122334455667789,55.01234567901235,2843,0,0,25.352129220962524,11c2a8b
DR,1027,614400,282,0.9893617021276596,495.29432624113474,891,0.03479236812570146,77.41638608305276,891,0.031425364758698095,76.03030303030303,2843,0,0,25.352129220962524,11c2a8b
DR,1029,0,282,0.0,32.38652482269504,891,0.0,16.255892255892256,891,0.0,16.07631874298541,2984,0,0,24.99708914756775,11c2a8b
DR,1029,61440,282,0.36879432624113473,344.76241134751774,891,0.0,111.00897867564534,891,0.0,110.2996632996633,2984,0,0,24.99708914756775,11c2a8b
DR,1029,122880,282,0.0851063829787234,281.06028368794324,891,0.0,140.8507295173962,891,0.0,140.36026936026937,2984,0,0,24.99708914756775,11c2a8b
DR,1029,184320,282,0.05319148936170213,231.10992907801418,891,0.01122334455667789,151.11223344556677,891,0.013468013468013467,149.53759820426487,2984,0,0,24.99708914756775,11c2a8b
DR,1029,245760,282,0.0425531914893617,211.7340425531915,891,0.0,117.26711560044893,891,0.0,116.49943883277217,2984,0,0,24.99708914756775,11c2a8b
DR,1029,307200,282,0.41134751773049644,387.71985815602835,891,0.024691358024691357,165.7564534231201,891,0.024691358024691357,162.4421997755331,2984,0,0,24.99708914756775,11c2a8b
DR,1029,368640,282,0.24113475177304963,325.177304964539,891,0.0,116.006734006734,891,0.0,115.10998877665544,2984,0,0,24.99708914756775,11c2a8b
DR,1029,430080,282,0.09219858156028368,260.8156028368794,891,0.001122334455667789,123.31088664421998,891,0.0,122.11896745230078,2984,0,0,24.99708914756775,11c2a8b
DR,1029,491520,282,0.950354609929078,491.83687943262413,891,0.2884399551066218,202.73400673400673,891,0.29292929292929293,204.86868686868686,2984,0,0,24.99708914756775,11c2a8b
DR,1029,552960,282,0.9964539007092199,498.4113475177305,891,0.4983164983164983,285.0684624017957,891,0.49158249158249157,282.4466891133558,2984,0,0,24.99708914756775,11c2a8b
DR,1029,614400,282,0.925531914893617,482.59574468085106,891,0.2222222222222222,251.5813692480359,891,0.20650953984287318,243.99887766554434,2984,0,0,24.99708914756775,11c2a8b
DR,1030,0,282,0.0,11.24468085106383,891,0.0,23.69023569023569,891,0.0,24.542087542087543,2719,0,0,25.29044508934021,11c2a8b
DR,1030,61440,282,0.6843971631205674,460.47163120567376,891,0.001122334455667789,153.53535353535352,891,0.001122334455667789,153.78900112233447,2719,0,0,25.29044508934021,11c2a8b
DR,1030,122880,282,0.03900709219858156,217.70921985815602,891,0.0,106.8361391694725,891,0.0,106.334455667789,2719,0,0,25.29044508934021,11c2a8b
DR,1030,184320,282,0.1702127659574468,318.6985815602837,891,0.0,144.54769921436588,891,0.0,144.29180695847361,2719,0,0,25.29044508934021,11c2a8b
DR,1030,245760,282,0.05319148936170213,225.94326241134752,891,0.0,116.99102132435466,891,0.0,116.17620650953984,2719,0,0,25.29044508934021,11c2a8b
DR,1030,307200,282,0.5673758865248227,440.36524822695037,891,0.001122334455667789,186.38832772166106,891,0.001122334455667789,184.84848484848484,2719,0,0,25.29044508934021,11c2a8b
DR,1030,368640,282,0.9716312056737588,493.20212765957444,891,0.06397306397306397,91.83501683501683,891,0.06734006734006734,93.2682379349046,2719,0,0,25.29044508934021,11c2a8b
DR,1030,430080,282,0.9893617021276596,496.81205673758865,891,0.9270482603815937,470.68911335578,891,0.9135802469135802,465.33221099887766,2719,0,0,25.29044508934021,11c2a8b
DR,1030,491520,282,0.9609929078014184,496.1170212765957,891,0.1414141414141414,134.45566778900113,891,0.12682379349046016,128.92368125701458,2719,0,0,25.29044508934021,11c2a8b
DR,1030,552960,282,0.9858156028368794,494.6276595744681,891,0.006734006734006734,66.5297418630752,891,0.010101010101010102,67.45791245791246,2719,0,0,25.29044508934021,11c2a8b
DR,1030,614400,282,0.9929078014184397,497.6666666666667,891,0.8855218855218855,454.5791245791246,891,0.877665544332211,451.1156004489338,2719,0,0,25.29044508934021,11c2a8b
DR,1031,0,282,0.0,40.04964539007092,891,0.0,17.32996632996633,891,0.0,17.221099887766556,2947,0,0,26.425092220306396,11c2a8b
DR,1031,61440,282,0.2127659574468085,298.82978723404256,891,0.0,114.68574635241302,891,0.0,113.36812570145904,2947,0,0,26.425092220306396,11c2a8b
DR,1031,122880,282,0.06028368794326241,226.9078014184397,891,0.0,126.63299663299664,891,0.0,126.08866442199775,2947,0,0,26.425092220306396,11c2a8b
DR,1031,184320,282,0.32269503546099293,348.0070921985816,891,0.007856341189674524,127.16835016835017,891,0.010101010101010102,125.15151515151516,2947,0,0,26.425092220306396,11c2a8b
DR,1031,245760,282,0.07092198581560284,232.39716312056737,891,0.001122334455667789,108.12570145903479,891,0.0,107.23905723905725,2947,0,0,26.425092220306396,11c2a8b
DR,1031,307200,282,0.15602836879432624,305.52836879432624,891,0.0,128.7317620650954,891,0.0,127.88888888888889,2947,0,0,26.425092220306396,11c2a8b
DR,1031,368640,282,0.9964539007092199,499.27659574468083,891,0.5634118967452301,315.1257014590348,891,0.5342312008978676,301.8013468013468,2947,0,0,26.425092220306396,11c2a8b
DR,1031,430080,282,0.9716312056737588,493.79432624113474,891,0.8787878787878788,452.351290684624,891,0.8765432098765432,450.84062850729515,2947,0,0,26.425092220306396,11c2a8b
DR,1031,491520,282,0.9858156028368794,495.5,891,0.7441077441077442,397.28170594837263,891,0.7396184062850729,395.04489337822673,2947,0,0,26.425092220306396,11c2a8b
DR,1031,552960,282,0.9822695035460993,493.3829787234043,891,0.143658810325477,127.91919191919192,891,0.15039281705948374,131.1358024691358,2947,0,0,26.425092220306396,11c2a8b
DR,1031,614400,282,0.9893617021276596,495.2588652482269,891,0.002244668911335578,58.62626262626262,891,0.001122334455667789,58.12682379349046,2947,0,0,26.425092220306396,11c2a8b
DR,1032,0,282,0.0,13.73049645390071,891,0.0,36.30639730639731,891,0.0,36.529741863075195,2622,0,0,27.219801902770996,11c2a8b
DR,1032,61440,282,0.44680851063829785,408.3829787234043,891,0.012345679012345678,211.7699214365881,891,0.014590347923681257,207.46576879910214,2622,0,0,27.219801902770996,11c2a8b
DR,1032,122880,282,0.3971631205673759,427.1737588652482,891,0.4657687991021324,325.2895622895623,891,0.44556677890011226,317.01234567901236,2622,0,0,27.219801902770996,11c2a8b
DR,1032,184320,282,0.425531914893617,408.23758865248226,891,0.14702581369248036,245.5297418630752,891,0.13468013468013468,240.85858585858585,2622,0,0,27.219801902770996,11c2a8b
DR,1032,245760,282,0.42907801418439717,395.9148936170213,891,0.001122334455667789,155.0976430976431,891,0.0,152.8395061728395,2622,0,0,27.219801902770996,11c2a8b
DR,1032,307200,282,0.9893617021276596,498.48581560283685,891,0.5937149270482603,330.013468013468,891,0.5712682379349046,320.5364758698092,2622,0,0,27.219801902770996,11c2a8b
DR,1032,368640,282,0.776595744680851,473.7836879432624,891,0.4388327721661055,343.57575757575756,891,0.43546576879910215,342.20089786756455,2622,0,0,27.219801902770996,11c2a8b
DR,1032,430080,282,1.0,500.0,891,0.936026936026936,474.64646464646466,891,0.9304152637485971,472.73400673400675,2622,0,0,27.219801902770996,11c2a8b
DR,1032,491520,282,0.9929078014184397,498.4822695035461,891,0.2850729517396184,194.6195286195286,891,0.29068462401795736,196.5016835016835,2622,0,0,27.219801902770996,11c2a8b
DR,1032,552960,282,0.9929078014184397,497.3262411347518,891,0.2884399551066218,191.44444444444446,891,0.2716049382716049,184.02918069584737,2622,0,0,27.219801902770996,11c2a8b
DR,1032,614400,282,0.9893617021276596,495.27659574468083,891,0.002244668911335578,58.42087542087542,891,0.001122334455667789,58.068462401795735,2622,0,0,27.219801902770996,11c2a8b
DR,1033,0,282,0.0,14.354609929078014,891,0.0,11.435465768799101,891,0.0,11.261503928170594,2620,0,0,26.564947843551636,11c2a8b
DR,1033,61440,282,0.1773049645390071,296.4609929078014,891,0.0,119.60044893378226,891,0.0,118.79236812570146,2620,0,0,26.564947843551636,11c2a8b
DR,1033,122880,282,0.7801418439716312,465.86879432624113,891,0.016835016835016835,205.73849607182942,891,0.015712682379349047,201.91358024691357,2620,0,0,26.564947843551636,11c2a8b
DR,1033,184320,282,0.9858156028368794,494.93971631205676,891,0.27946127946127947,185.7317620650954,891,0.27497194163860833,183.46127946127947,2620,0,0,26.564947843551636,11c2a8b
DR,1033,245760,282,0.031914893617021274,183.2163120567376,891,0.0,106.37598204264872,891,0.0,106.0695847362514,2620,0,0,26.564947843551636,11c2a8b
DR,1033,307200,282,0.9787234042553191,495.3723404255319,891,0.8552188552188552,439.84062850729515,891,0.8439955106621774,435.7800224466891,2620,0,0,26.564947843551636,11c2a8b
DR,1033,368640,282,0.4574468085106383,412.4113475177305,891,0.0,174.12345679012347,891,0.0,172.71941638608305,2620,0,0,26.564947843551636,11c2a8b
DR,1033,430080,282,0.9929078014184397,498.2695035460993,891,0.7373737373737373,389.60830527497194,891,0.7081930415263749,378.341189674523,2620,0,0,26.564947843551636,11c2a8b
DR,1033,491520,282,0.9787234042553191,495.8156028368794,891,0.8742985409652076,449.80583613916946,891,0.8686868686868687,447.4455667789001,2620,0,0,26.564947843551636,11c2a8b
DR,1033,552960,282,0.975177304964539,494.9078014184397,891,0.3153759820426487,203.33333333333334,891,0.2940516273849607,194.69248035914703,2620,0,0,26.564947843551636,11c2a8b
DR,1033,614400,282,0.9148936170212766,488.31205673758865,891,0.10998877665544332,112.54208754208754,891,0.11896745230078563,115.33333333333333,2620,0,0,26.564947843551636,11c2a8b
DR,1034,0,282,0.0,15.74468085106383,891,0.0,37.55331088664422,891,0.0,37.17732884399551,2722,0,0,26.641851902008057,11c2a8b
DR,1034,61440,282,0.07092198581560284,239.79787234042553,891,0.0,110.55331088664423,891,0.0,109.94725028058362,2722,0,0,26.641851902008057,11c2a8b
DR,1034,122880,282,0.3049645390070922,410.1843971631206,891,0.44107744107744107,329.52525252525254,891,0.4399551066217733,327.05836139169475,2722,0,0,26.641851902008057,11c2a8b
DR,1034,184320,282,0.08156028368794327,231.09574468085106,891,0.001122334455667789,104.98877665544332,891,0.0,104.2300785634119,2722,0,0,26.641851902008057,11c2a8b
DR,1034,245760,282,0.09574468085106383,242.9113475177305,891,0.001122334455667789,109.86531986531986,891,0.0,108.9753086419753,2722,0,0,26.641851902008057,11c2a8b
DR,1034,307200,282,0.9680851063829787,493.59574468085106,891,0.5892255892255892,333.13916947250283,891,0.5735129068462402,326.8439955106622,2722,0,0,26.641851902008057,11c2a8b
DR,1034,368640,282,0.9716312056737588,497.09574468085106,891,0.7216610549943884,431.12345679012344,891,0.6778900112233446,426.0112233445567,2722,0,0,26.641851902008057,11c2a8b
DR,1034,430080,282,0.9787234042553191,496.00354609929076,891,0.8922558922558923,456.41975308641975,891,0.8832772166105499,452.6868686868687,2722,0,0,26.641851902008057,11c2a8b
DR,1034,491520,282,0.9929078014184397,496.91843971631204,891,0.03254769921436588,83.06060606060606,891,0.04264870931537598,86.5230078563412,2722,0,0,26.641851902008057,11c2a8b
DR,1034,552960,282,0.975177304964539,494.3829787234043,891,0.4702581369248036,278.030303030303,891,0.4489337822671156,267.59820426487096,2722,0,0,26.641851902008057,11c2a8b
DR,1034,614400,282,0.9893617021276596,495.29432624113474,891,0.02244668911335578,72.77216610549944,891,0.025813692480359147,74.34567901234568,2722,0,0,26.641851902008057,11c2a8b
DR,1035,0,282,0.0,51.53900709219858,891,0.0,22.281705948372615,891,0.0,22.074074074074073,2685,0,0,26.64081311225891,11c2a8b
DR,1035,61440,282,0.03900709219858156,226.14893617021278,891,0.0,109.23232323232324,891,0.0,108.58585858585859,2685,0,0,26.64081311225891,11c2a8b
DR,1035,122880,282,0.4858156028368794,447.5886524822695,891,0.4208754208754209,346.2390572390572,891,0.4118967452300786,341.7878787878788,2685,0,0,26.64081311225891,11c2a8b
DR,1035,184320,282,0.0425531914893617,209.17021276595744,891,0.0,115.66105499438832,891,0.0,114.98540965207631,2685,0,0,26.64081311225891,11c2a8b
DR,1035,245760,282,0.5709219858156028,438.8723404255319,891,0.05499438832772166,219.55331088664423,891,0.06734006734006734,217.78563411896747,2685,0,0,26.64081311225891,11c2a8b
DR,1035,307200,282,0.8368794326241135,477.968085106383,891,0.7328843995510662,393.79910213243545,891,0.7081930415263749,383.7239057239057,2685,0,0,26.64081311225891,11c2a8b
DR,1035,368640,282,0.9787234042553191,493.5851063829787,891,0.001122334455667789,58.07070707070707,891,0.002244668911335578,58.66105499438833,2685,0,0,26.64081311225891,11c2a8b
DR,1035,430080,282,0.8971631205673759,483.031914893617,891,0.6509539842873177,363.73961840628505,891,0.6464646464646465,361.8013468013468,2685,0,0,26.64081311225891,11c2a8b
DR,1035,491520,282,0.31560283687943264,404.2411347517731,891,0.24691358024691357,231.16161616161617,891,0.23120089786756454,224.45230078563412,2685,0,0,26.64081311225891,11c2a8b
DR,1035,552960,282,0.9822695035460993,494.2304964539007,891,0.028058361391694726,77.3625140291807,891,0.04152637485970819,82.71380471380472,2685,0,0,26.64081311225891,11c2a8b
DR,1035,614400,282,0.9822695035460993,492.09574468085106,891,0.002244668911335578,58.26374859708193,891,0.002244668911335578,58.28170594837262,2685,0,0,26.64081311225891,11c2a8b
DR,1036,0,282,0.0,53.730496453900706,891,0.0,23.03030303030303,891,0.0,22.836139169472503,2887,0,0,26.42802882194519,11c2a8b
DR,1036,61440,282,0.04964539007092199,231.95390070921985,891,0.0,110.1391694725028,891,0.0,109.52525252525253,2887,0,0,26.42802882194519,11c2a8b
DR,1036,122880,282,0.5212765957446809,452.6808510638298,891,0.026936026936026935,155.10213243546576,891,0.03479236812570146,156.42648709315375,2887,0,0,26.42802882194519,11c2a8b
DR,1036,184320,282,0.010638297872340425,168.5531914893617,891,0.0920314253647587,220.7766554433221,891,0.08641975308641975,216.34567901234567,2887,0,0,26.42802882194519,11c2a8b
DR,1036,245760,282,0.08156028368794327,270.322695035461,891,0.0,118.05948372615039,891,0.0,117.3030303030303,2887,0,0,26.42802882194519,11c2a8b
DR,1036,307200,282,0.2978723404255319,375.95390070921985,891,0.001122334455667789,101.18518518518519,891,0.0,99.03367003367003,2887,0,0,26.42802882194519,11c2a8b
DR,1036,368640,282,0.9893617021276596,496.4078014184397,891,0.6419753086419753,350.7564534231201,891,0.6419753086419753,350.84062850729515,2887,0,0,26.42802882194519,11c2a8b
DR,1036,430080,282,0.9929078014184397,497.177304964539,891,0.6745230078563412,363.09090909090907,891,0.6599326599326599,358.3928170594837,2887,0,0,26.42802882194519,11c2a8b
DR,1036,491520,282,0.9361702127659575,491.4468085106383,891,0.3277216610549944,210.06172839506172,891,0.32996632996632996,209.98877665544333,2887,0,0,26.42802882194519,11c2a8b
DR,1036,552960,282,0.9929078014184397,497.677304964539,891,0.8933782267115601,457.00112233445566,891,0.8821548821548821,452.5959595959596,2887,0,0,26.42802882194519,11c2a8b
DR,1036,614400,282,0.9858156028368794,496.09929078014187,891,0.8911335578002245,456.81705948372615,891,0.877665544332211,450.6004489337823,2887,0,0,26.42802882194519,11c2a8b
DR,1037,0,282,0.0,13.343971631205674,891,0.0,32.50729517396184,891,0.0,32.69248035914703,2644,0,0,27.40091586112976,11c2a8b
DR,1037,61440,282,0.0851063829787234,255.95390070921985,891,0.0,113.26374859708193,891,0.0,112.41638608305276,2644,0,0,27.40091586112976,11c2a8b
DR,1037,122880,282,0.15602836879432624,295.45390070921985,891,0.0,122.92143658810325,891,0.001122334455667789,122.03815937149271,2644,0,0,27.40091586112976,11c2a8b
DR,1037,184320,282,0.6312056737588653,457.52127659574467,891,0.028058361391694726,129.8193041526375,891,0.02132435465768799,126.54208754208754,2644,0,0,27.40091586112976,11c2a8b
DR,1037,245760,282,0.25177304964539005,325.01063829787233,891,0.0,116.7351290684624,891,0.0,115.82267115600449,2644,0,0,27.40091586112976,11c2a8b
DR,1037,307200,282,0.2801418439716312,361.2411347517731,891,0.0,148.12345679012347,891,0.0,146.72727272727272,2644,0,0,27.40091586112976,11c2a8b
DR,1037,368640,282,0.9893617021276596,496.97872340425533,891,0.9113355780022446,463.7901234567901,891,0.8810325476992144,451.62626262626264,2644,0,0,27.40091586112976,11c2a8b
DR,1037,430080,282,0.9787234042553191,490.35460992907804,891,0.0,55.71268237934905,891,0.001122334455667789,55.54320987654321,2644,0,0,27.40091586112976,11c2a8b
DR,1037,491520,282,0.9929078014184397,496.7730496453901,891,0.12682379349046016,118.63187429854096,891,0.12794612794612795,117.99551066217732,2644,0,0,27.40091586112976,11c2a8b
DR,1037,552960,282,0.9609929078014184,491.56028368794324,891,0.45454545454545453,262.6599326599327,891,0.4388327721661055,256.2996632996633,2644,0,0,27.40091586112976,11c2a8b
DR,1037,614400,282,0.9858156028368794,496.8404255319149,891,0.6958473625140292,375.5993265993266,891,0.6992143658810326,376.59371492704827,2644,0,0,27.40091586112976,11c2a8b
DR,1038,0,282,0.0,22.372340425531913,891,0.0,27.399551066217732,891,0.0,27.774410774410775,2767,0,0,27.789151191711426,11c2a8b
DR,1038,61440,282,0.9822695035460993,494.3049645390071,891,0.8810325476992144,452.3905723905724,891,0.8709315375982043,448.1358024691358,2767,0,0,27.789151191711426,11c2a8b
DR,1038,122880,282,0.1099290780141844,234.1950354609929,891,0.0,102.58249158249158,891,0.0,102.1391694725028,2767,0,0,27.789151191711426,11c2a8b
DR,1038,184320,282,0.09574468085106383,296.82978723404256,891,0.08529741863075196,201.58361391694726,891,0.07631874298540965,198.81369248035915,2767,0,0,27.789151191711426,11c2a8b
DR,1038,245760,282,0.07446808510638298,229.88652482269504,891,0.001122334455667789,123.93827160493827,891,0.0,122.89225589225589,2767,0,0,27.789151191711426,11c2a8b
DR,1038,307200,282,0.9326241134751773,491.3049645390071,891,0.5207631874298541,364.12008978675647,891,0.5162738496071829,358.28395061728395,2767,0,0,27.789151191711426,11c2a8b
DR,1038,368640,282,0.9858156028368794,495.09574468085106,891,0.0,56.87317620650954,891,0.0,56.74523007856341,2767,0,0,27.789151191711426,11c2a8b
DR,1038,430080,282,0.9893617021276596,496.8156028368794,891,0.9326599326599326,473.6228956228956,891,0.9236812570145904,469.5948372615039,2767,0,0,27.789151191711426,11c2a8b
DR,1038,491520,282,0.9645390070921985,494.78014184397165,891,0.45791245791245794,269.9887766554433,891,0.4556677890011223,267.58361391694723,2767,0,0,27.789151191711426,11c2a8b
DR,1038,552960,282,0.9929078014184397,497.4751773049645,891,0.19079685746352412,152.67003367003366,891,0.20763187429854096,159.74971941638609,2767,0,0,27.789151191711426,11c2a8b
DR,1038,614400,282,0.9893617021276596,495.2836879432624,891,0.0,58.38608305274972,891,0.001122334455667789,58.23456790123457,2767,0,0,27.789151191711426,11c2a8b
DR,1039,0,282,0.0,15.698581560283689,891,0.0,45.2648709315376,891,0.0,46.43322109988777,3014,0,0,27.674255847930908,11c2a8b
DR,1039,61440,282,0.3723404255319149,392.08156028368796,891,0.002244668911335578,182.53198653198652,891,0.002244668911335578,179.9124579124579,3014,0,0,27.674255847930908,11c2a8b
DR,1039,122880,282,0.37943262411347517,371.8014184397163,891,0.001122334455667789,141.83726150392818,891,0.0,140.34006734006735,3014,0,0,27.674255847930908,11c2a8b
DR,1039,184320,282,0.2375886524822695,360.790780141844,891,0.004489337822671156,162.70594837261504,891,0.01122334455667789,161.8294051627385,3014,0,0,27.674255847930908,11c2a8b
DR,1039,245760,282,0.9290780141843972,488.4822695035461,891,0.34118967452300786,381.0684624017957,891,0.3221099887766554,376.9124579124579,3014,0,0,27.674255847930908,11c2a8b
DR,1039,307200,282,0.9858156028368794,496.50354609929076,891,0.531986531986532,305.1627384960718,891,0.5331088664421998,304.4276094276094,3014,0,0,27.674255847930908,11c2a8b
DR,1039,368640,282,0.9148936170212766,481.72340425531917,891,0.3367003367003367,252.83726150392818,891,0.31874298540965207,248.4814814814815,3014,0,0,27.674255847930908,11c2a8b
DR,1039,430080,282,0.9929078014184397,497.1063829787234,891,0.7620650953984287,401.50729517396184,891,0.7530864197530864,398.26599326599325,3014,0,0,27.674255847930908,11c2a8b
DR,1039,491520,282,0.028368794326241134,168.07801418439718,891,0.0,98.03479236812571,891,0.0,97.84624017957351,3014,0,0,27.674255847930908,11c2a8b
DR,1039,552960,282,0.031914893617021274,182.96808510638297,891,0.0,103.00448933782268,891,0.0,102.67901234567901,3014,0,0,27.674255847930908,11c2a8b
DR,1039,614400,282,0.6560283687943262,438.01418439716315,891,0.2222222222222222,218.334455667789,891,0.21212121212121213,211.89786756453424,3014,0,0,27.674255847930908,11c2a8b
DR,1040,0,282,0.0,15.184397163120567,891,0.0,32.34231200897867,891,0.0,31.569023569023567,3238,0,0,27.54843807220459,11c2a8b
DR,1040,61440,282,0.1702127659574468,312.7163120567376,891,0.04938271604938271,204.46576879910214,891,0.052749719416386086,200.993265993266,3238,0,0,27.54843807220459,11c2a8b
DR,1040,122880,282,0.10283687943262411,296.1950354609929,891,0.0,134.4006734006734,891,0.0,135.16498316498317,3238,0,0,27.54843807220459,11c2a8b
DR,1040,184320,282,0.2198581560283688,339.709219858156,891,0.001122334455667789,134.91919191919192,891,0.0,133.92255892255892,3238,0,0,27.54843807220459,11c2a8b
DR,1040,245760,282,0.9645390070921985,494.0744680851064,891,0.6711560044893379,429.294051627385,891,0.6554433221099888,424.4635241301908,3238,0,0,27.54843807220459,11c2a8b
DR,1040,307200,282,0.03546099290780142,206.43971631205673,891,0.0,122.96745230078564,891,0.001122334455667789,122.17171717171718,3238,0,0,27.54843807220459,11c2a8b
DR,1040,368640,282,0.1276595744680851,281.677304964539,891,0.0,111.12570145903479,891,0.0,110.41414141414141,3238,0,0,27.54843807220459,11c2a8b
DR,1040,430080,282,0.5851063829787234,429.45390070921985,891,0.0,132.95959595959596,891,0.0,131.59147025813692,3238,0,0,27.54843807220459,11c2a8b
DR,1040,491520,282,0.09574468085106383,276.9645390070922,891,0.003367003367003367,130.78675645342312,891,0.001122334455667789,129.23120089786755,3238,0,0,27.54843807220459,11c2a8b
DR,1040,552960,282,0.3120567375886525,360.8829787234043,891,0.0,129.1492704826038,891,0.0,127.7317620650954,3238,0,0,27.54843807220459,11c2a8b
DR,1040,614400,282,0.30851063829787234,353.5531914893617,891,0.0,124.29517396184063,891,0.0,123.01346801346801,3238,0,0,27.54843807220459,11c2a8b
DR,1041,0,282,0.0,11.861702127659575,891,0.0,15.874298540965208,891,0.0,15.564534231200899,2620,0,0,27.82623791694641,11c2a8b
DR,1041,61440,282,0.07446808510638298,241.4964539007092,891,0.0,107.2401795735129,891,0.0,106.59147025813692,2620,0,0,27.82623791694641,11c2a8b
DR,1041,122880,282,0.975177304964539,494.9751773049645,891,0.856341189674523,441.4410774410774,891,0.8574635241301908,441.24466891133557,2620,0,0,27.82623791694641,11c2a8b
DR,1041,184320,282,0.975177304964539,494.01418439716315,891,0.7182940516273849,385.2716049382716,891,0.7194163860830527,385.8945005611672,2620,0,0,27.82623791694641,11c2a8b
DR,1041,245760,282,0.031914893617021274,191.91489361702128,891,0.05611672278338945,173.78900112233447,891,0.04264870931537598,169.2850729517396,2620,0,0,27.82623791694641,11c2a8b
DR,1041,307200,282,0.16666666666666666,329.0673758865248,891,0.0,131.9057239057239,891,0.0,130.9023569023569,2620,0,0,27.82623791694641,11c2a8b
DR,1041,368640,282,0.900709219858156,491.65248226950354,891,0.15151515151515152,230.34904601571267,891,0.16947250280583614,234.40404040404042,2620,0,0,27.82623791694641,11c2a8b
DR,1041,430080,282,0.9893617021276596,498.1099290780142,891,0.3389450056116723,220.03254769921438,891,0.33108866442199775,215.06846240179573,2620,0,0,27.82623791694641,11c2a8b
DR,1041,491520,282,0.9893617021276596,495.4113475177305,891,0.22671156004489337,169.76767676767676,891,0.23007856341189675,171.2794612794613,2620,0,0,27.82623791694641,11c2a8b
DR,1041,552960,282,0.8333333333333334,477.4609929078014,891,0.8428731762065096,436.4320987654321,891,0.8473625140291807,438.57800224466894,2620,0,0,27.82623791694641,11c2a8b
DR,1041,614400,282,0.9361702127659575,494.031914893617,891,0.5645342312008979,315.17620650953984,891,0.5802469135802469,320.5331088664422,2620,0,0,27.82623791694641,11c2a8b
DR,1042,0,282,0.0,13.382978723404255,891,0.0,28.995510662177328,891,0.0,29.04040404040404,2840,0,0,27.670872926712036,11c2a8b
DR,1042,61440,282,0.2695035460992908,341.4503546099291,891,0.0,147.20089786756452,891,0.0,145.97306397306397,2840,0,0,27.670872926712036,11c2a8b
DR,1042,122880,282,0.01773049645390071,170.7695035460993,891,0.0,106.22446689113356,891,0.0,105.70594837261504,2840,0,0,27.670872926712036,11c2a8b
DR,1042,184320,282,0.06382978723404255,257.27659574468083,891,0.0,94.72502805836139,891,0.0,94.48821548821549,2840,0,0,27.670872926712036,11c2a8b
DR,1042,245760,282,0.45390070921985815,402.2163120567376,891,0.003367003367003367,179.87766554433222,891,0.001122334455667789,179.17171717171718,2840,0,0,27.670872926712036,11c2a8b
DR,1042,307200,282,0.2198581560283688,329.8758865248227,891,0.008978675645342313,148.6172839506173,891,0.012345679012345678,147.07070707070707,2840,0,0,27.670872926712036,11c2a8b
DR,1042,368640,282,0.4148936170212766,412.2659574468085,891,0.06060606060606061,152.69921436588103,891,0.04826038159371493,142.9539842873176,2840,0,0,27.670872926712036,11c2a8b
DR,1042,430080,282,0.975177304964539,494.14539007092196,891,0.2334455667789001,172.40852974186308,891,0.24354657687991021,174.9158249158249,2840,0,0,27.670872926712036,11c2a8b
DR,1042,491520,282,0.9929078014184397,498.031914893617,891,0.7396184062850729,392.7676767676768,891,0.7272727272727273,387.7171717171717,2840,0,0,27.670872926712036,11c2a8b
DR,1042,552960,282,0.8829787234042553,488.2695035460993,891,0.37373737373737376,231.12682379349047,891,0.3569023569023569,225.66105499438834,2840,0,0,27.670872926712036,11c2a8b
DR,1042,614400,282,0.9964539007092199,498.9078014184397,891,0.5813692480359147,323.6442199775533,891,0.5791245791245792,322.95286195286195,2840,0,0,27.670872926712036,11c2a8b
DR,1043,0,282,0.0,41.755319148936174,891,0.0,17.818181818181817,891,0.0,17.707070707070706,2807,0,0,28.398643970489502,11c2a8b
DR,1043,61440,282,0.04964539007092199,219.96099290780143,891,0.0,107.2996632996633,891,0.0,106.88552188552188,2807,0,0,28.398643970489502,11c2a8b
DR,1043,122880,282,0.031914893617021274,212.37943262411346,891,0.0,108.25140291806959,891,0.0,107.67901234567901,2807,0,0,28.398643970489502,11c2a8b
DR,1043,184320,282,0.6205673758865248,453.468085106383,891,0.4781144781144781,351.57126823793493,891,0.4668911335578002,347.4074074074074,2807,0,0,28.398643970489502,11c2a8b
DR,1043,245760,282,0.4645390070921986,400.58156028368796,891,0.030303030303030304,168.63299663299662,891,0.02244668911335578,166.2435465768799,2807,0,0,28.398643970489502,11c2a8b
DR,1043,307200,282,0.5070921985815603,381.86170212765956,891,0.002244668911335578,109.37485970819304,891,0.004489337822671156,109.4354657687991,2807,0,0,28.398643970489502,11c2a8b
DR,1043,368640,282,0.09929078014184398,231.68439716312056,891,0.002244668911335578,103.57912457912458,891,0.0,102.4769921436588,2807,0,0,28.398643970489502,11c2a8b
DR,1043,430080,282,0.9539007092198581,490.1489361702128,891,0.6509539842873177,365.33894500561166,891,0.6251402918069585,355.09988776655445,2807,0,0,28.398643970489502,11c2a8b
DR,1043,491520,282,0.9397163120567376,472.290780141844,891,0.002244668911335578,55.11784511784512,891,0.001122334455667789,54.819304152637486,2807,0,0,28.398643970489502,11c2a8b
DR,1043,552960,282,0.9893617021276596,497.13475177304963,891,0.8473625140291807,444.7418630751964,891,0.8473625140291807,442.80359147025814,2807,0,0,28.398643970489502,11c2a8b
DR,1043,614400,282,0.9787234042553191,497.322695035461,891,0.14814814814814814,323.3939393939394,891,0.13916947250280584,317.76879910213245,2807,0,0,28.398643970489502,11c2a8b
DR,1044,0,282,0.0,66.69148936170212,891,0.0,40.04264870931537,891,0.0,39.759820426487096,2632,0,0,29.178873300552368,11c2a8b
DR,1044,61440,282,0.8546099290780141,483.6843971631206,891,0.2839506172839506,358.0325476992144,891,0.2772166105499439,355.14590347923684,2632,0,0,29.178873300552368,11c2a8b
DR,1044,122880,282,0.9361702127659575,493.6489361702128,891,0.5847362514029181,431.2065095398429,891,0.5600448933782267,426.65656565656565,2632,0,0,29.178873300552368,11c2a8b
DR,1044,184320,282,0.1773049645390071,324.38652482269504,891,0.0,152.12008978675647,891,0.001122334455667789,153.36812570145904,2632,0,0,29.178873300552368,11c2a8b
DR,1044,245760,282,0.9858156028368794,497.7588652482269,891,0.5521885521885522,314.0561167227834,891,0.5488215488215489,311.7014590347924,2632,0,0,29.178873300552368,11c2a8b
DR,1044,307200,282,0.024822695035460994,184.89716312056737,891,0.0,117.10998877665544,891,0.003367003367003367,116.665544332211,2632,0,0,29.178873300552368,11c2a8b
DR,1044,368640,282,0.9574468085106383,492.7517730496454,891,0.45791245791245794,280.368125701459,891,0.43097643097643096,269.09988776655445,2632,0,0,29.178873300552368,11c2a8b
DR,1044,430080,282,0.9822695035460993,492.209219858156,891,0.002244668911335578,56.813692480359144,891,0.0,56.36139169472503,2632,0,0,29.178873300552368,11c2a8b
DR,1044,491520,282,0.9893617021276596,495.36170212765956,891,0.003367003367003367,60.67340067340067,891,0.002244668911335578,59.93265993265993,2632,0,0,29.178873300552368,11c2a8b
DR,1044,552960,282,0.9893617021276596,495.3333333333333,891,0.03367003367003367,77.96071829405163,891,0.03254769921436588,78.337822671156,2632,0,0,29.178873300552368,11c2a8b
DR,1044,614400,282,0.9716312056737588,493.4822695035461,891,0.21885521885521886,238.81369248035915,891,0.2053872053872054,233.07968574635242,2632,0,0,29.178873300552368,11c2a8b
DR,1045,0,282,0.0,42.801418439716315,891,0.0,18.232323232323232,891,0.0,18.028058361391693,2671,0,0,28.974722862243652,11c2a8b
DR,1045,61440,282,0.6702127659574468,451.72340425531917,891,0.002244668911335578,238.57687991021325,891,0.001122334455667789,235.13019079685748,2671,0,0,28.974722862243652,11c2a8b
DR,1045,122880,282,0.028368794326241134,193.63475177304966,891,0.04377104377104377,189.11896745230078,891,0.05723905723905724,193.5993265993266,2671,0,0,28.974722862243652,11c2a8b
DR,1045,184320,282,0.5709219858156028,425.8723404255319,891,0.003367003367003367,201.0942760942761,891,0.001122334455667789,197.7530864197531,2671,0,0,28.974722862243652,11c2a8b
DR,1045,245760,282,0.010638297872340425,176.12056737588654,891,0.003367003367003367,131.9618406285073,891,0.004489337822671156,130.5230078563412,2671,0,0,28.974722862243652,11c2a8b
DR,1045,307200,282,0.9645390070921985,493.04609929078015,891,0.0,61.258136924803594,891,0.002244668911335578,61.898989898989896,2671,0,0,28.974722862243652,11c2a8b
DR,1045,368640,282,0.9113475177304965,492.98936170212767,891,0.20763187429854096,155.01459034792367,891,0.1750841750841751,143.24130190796856,2671,0,0,28.974722862243652,11c2a8b
DR,1045,430080,282,0.975177304964539,491.2588652482269,891,0.0,55.539842873176205,891,0.0,55.35914702581369,2671,0,0,28.974722862243652,11c2a8b
DR,1045,491520,282,0.9893617021276596,495.322695035461,891,0.10213243546576879,107.72727272727273,891,0.10886644219977554,110.29517396184063,2671,0,0,28.974722862243652,11c2a8b
DR,1045,552960,282,0.9716312056737588,492.3262411347518,891,0.21997755331088664,194.4837261503928,891,0.21212121212121213,188.8709315375982,2671,0,0,28.974722862243652,11c2a8b
DR,1045,614400,282,0.9929078014184397,497.8262411347518,891,0.9068462401795735,462.3063973063973,891,0.8843995510662177,453.3052749719416,2671,0,0,28.974722862243652,11c2a8b
DR,1046,0,282,0.0,35.773049645390074,891,0.0,15.417508417508417,891,0.0,15.282828282828282,2747,0,0,28.628468990325928,11c2a8b
DR,1046,61440,282,0.1524822695035461,268.78014184397165,891,0.0,105.91245791245791,891,0.0,105.54882154882155,2747,0,0,28.628468990325928,11c2a8b
DR,1046,122880,282,0.16666666666666666,303.6170212765957,891,0.0,121.47811447811448,891,0.0,120.53984287317621,2747,0,0,28.628468990325928,11c2a8b
DR,1046,184320,282,0.4148936170212766,380.4326241134752,891,0.001122334455667789,131.84511784511784,891,0.0,130.23905723905725,2747,0,0,28.628468990325928,11c2a8b
DR,1046,245760,282,0.10638297872340426,290.57801418439715,891,0.13916947250280584,217.665544332211,891,0.12682379349046016,211.7216610549944,2747,0,0,28.628468990325928,11c2a8b
DR,1046,307200,282,0.024822695035460994,231.94326241134752,891,0.21099887766554434,237.74635241301908,891,0.1919191919191919,234.2368125701459,2747,0,0,28.628468990325928,11c2a8b
DR,1046,368640,282,0.9787234042553191,494.60283687943263,891,0.8047138047138047,420.7564534231201,891,0.8013468013468014,419.37598204264873,2747,0,0,28.628468990325928,11c2a8b
DR,1046,430080,282,0.9929078014184397,497.790780141844,891,0.39169472502805835,240.1806958473625,891,0.36363636363636365,228.9652076318743,2747,0,0,28.628468990325928,11c2a8b
DR,1046,491520,282,0.9893617021276596,496.42907801418437,891,0.8945005611672279,457.388327721661,891,0.8765432098765432,449.9315375982043,2747,0,0,28.628468990325928,11c2a8b
DR,1046,552960,282,0.9893617021276596,497.64539007092196,891,0.6520763187429854,354.1156004489338,891,0.622895622895623,341.40179573512904,2747,0,0,28.628468990325928,11c2a8b
DR,1046,614400,282,0.9893617021276596,497.28014184397165,891,0.7272727272727273,385.52525252525254,891,0.7025813692480359,376.010101010101,2747,0,0,28.628468990325928,11c2a8b
DR,1047,0,282,0.0,10.177304964539006,891,0.0,11.151515151515152,891,0.0,11.033670033670033,2745,0,0,28.51149296760559,11c2a8b
DR,1047,61440,282,0.06028368794326241,211.46453900709218,891,0.0,105.334455667789,891,0.0,105.04601571268238,2745,0,0,28.51149296760559,11c2a8b
DR,1047,122880,282,0.6560283687943262,451.1276595744681,891,0.35241301907968575,312.7867564534231,891,0.3602693602693603,311.5117845117845,2745,0,0,28.51149296760559,11c2a8b
DR,1047,184320,282,0.010638297872340425,199.97517730496455,891,0.0,109.77553310886644,891,0.0,109.28731762065095,2745,0,0,28.51149296760559,11c2a8b
DR,1047,245760,282,0.10283687943262411,298.24468085106383,891,0.0,125.77777777777777,891,0.0,125.81705948372615,2745,0,0,28.51149296760559,11c2a8b
DR,1047,307200,282,0.9042553191489362,484.9645390070922,891,0.34231200897867564,338.5578002244669,891,0.34118967452300786,333.8092031425365,2745,0,0,28.51149296760559,11c2a8b
DR,1047,368640,282,0.6170212765957447,463.8936170212766,891,0.45342312008978675,345.4118967452301,891,0.45791245791245794,347.98428731762067,2745,0,0,28.51149296760559,11c2a8b
DR,1047,430080,282,0.9822695035460993,496.14539007092196,891,0.7721661054994389,407.9057239057239,891,0.7687991021324355,406.1492704826038,2745,0,0,28.51149296760559,11c2a8b
DR,1047,491520,282,0.9893617021276596,496.7517730496454,891,0.3052749719416386,199.27048260381594,891,0.29068462401795736,193.51066217732884,2745,0,0,28.51149296760559,11c2a8b
DR,1047,552960,282,0.9893617021276596,495.290780141844,891,0.001122334455667789,59.50617283950617,891,0.001122334455667789,59.43883277216611,2745,0,0,28.51149296760559,11c2a8b
DR,1047,614400,282,0.9539007092198581,479.48581560283685,891,0.002244668911335578,55.78226711560045,891,0.001122334455667789,55.47811447811448,2745,0,0,28.51149296760559,11c2a8b
DR,1048,0,282,0.03546099290780142,72.677304964539,891,0.0,21.85746352413019,891,0.0,21.81257014590348,2776,0,0,28.85237717628479,11c2a8b
DR,1048,61440,282,0.07801418439716312,234.47517730496455,891,0.0,106.24691358024691,891,0.0,105.4320987654321,2776,0,0,28.85237717628479,11c2a8b
DR,1048,122880,282,0.20212765957446807,362.3049645390071,891,0.20987654320987653,260.63299663299665,891,0.2031425364758698,258.4635241301908,2776,0,0,28.85237717628479,11c2a8b
DR,1048,184320,282,0.975177304964539,496.09574468085106,891,0.8945005611672279,457.17845117845116,891,0.8877665544332211,454.280583613917,2776,0,0,28.85237717628479,11c2a8b
DR,1048,245760,282,0.375886524822695,400.97163120567376,891,0.014590347923681257,175.75196408529743,891,0.025813692480359147,172.3030303030303,2776,0,0,28.85237717628479,11c2a8b
DR,1048,307200,282,0.06382978723404255,233.10283687943263,891,0.0,124.47586980920315,891,0.0,123.51290684624018,2776,0,0,28.85237717628479,11c2a8b
DR,1048,368640,282,0.9148936170212766,493.2411347517731,891,0.3153759820426487,316.4870931537598,891,0.3063973063973064,308.41301907968574,2776,0,0,28.85237717628479,11c2a8b
DR,1048,430080,282,0.9929078014184397,497.78723404255317,891,0.5645342312008979,317.0740740740741,891,0.5836139169472503,324.24242424242425,2776,0,0,28.85237717628479,11c2a8b
DR,1048,491520,282,0.9858156028368794,494.47163120567376,891,0.2356902356902357,166.12794612794613,891,0.24130190796857465,168.1840628507295,2776,0,0,28.85237717628479,11c2a8b
DR,1048,552960,282,0.9787234042553191,493.6418439716312,891,0.002244668911335578,58.95735129068463,891,0.0,58.472502805836136,2776,0,0,28.85237717628479,11c2a8b
DR,1048,614400,282,0.975177304964539,488.6808510638298,891,0.002244668911335578,55.38383838383838,891,0.001122334455667789,55.068462401795735,2776,0,0,28.85237717628479,11c2a8b
DR,1049,0,282,0.0,11.312056737588652,891,0.0,14.118967452300785,891,0.0,13.94837261503928,2778,0,0,28.40708875656128,11c2a8b
DR,1049,61440,282,0.07446808510638298,248.89361702127658,891,0.0,112.85858585858585,891,0.0,112.29180695847363,2778,0,0,28.40708875656128,11c2a8b
DR,1049,122880,282,0.5460992907801419,426.33687943262413,891,0.287317620650954,287.2042648709315,891,0.28058361391694725,285.25364758698095,2778,0,0,28.40708875656128,11c2a8b
DR,1049,184320,282,0.9858156028368794,496.4751773049645,891,0.6790123456790124,369.33221099887766,891,0.654320987654321,359.27384960718297,2778,0,0,28.40708875656128,11c2a8b
DR,1049,245760,282,0.16312056737588654,311.4609929078014,891,0.0,131.4186307519641,891,0.0,130.5185185185185,2778,0,0,28.40708875656128,11c2a8b
DR,1049,307200,282,0.04609929078014184,211.47163120567376,891,0.0,107.64646464646465,891,0.0,106.96184062850729,2778,0,0,28.40708875656128,11c2a8b
DR,1049,368640,282,0.925531914893617,489.65602836879435,891,0.8664421997755332,446.03591470258135,891,0.8585858585858586,442.7631874298541,2778,0,0,28.40708875656128,11c2a8b
DR,1049,430080,282,0.9929078014184397,497.1418439716312,891,0.7732884399551067,410.01571268237933,891,0.7665544332210998,407.51066217732887,2778,0,0,28.40708875656128,11c2a8b
DR,1049,491520,282,0.9893617021276596,495.4113475177305,891,0.265993265993266,181.7250280583614,891,0.27048260381593714,182.55218855218854,2778,0,0,28.40708875656128,11c2a8b
DR,1049,552960,282,0.9716312056737588,494.031914893617,891,0.21099887766554434,156.9652076318743,891,0.22783389450056116,163.4983164983165,2778,0,0,28.40708875656128,11c2a8b
DR,1049,614400,282,0.9893617021276596,495.28723404255317,891,0.002244668911335578,60.980920314253645,891,0.003367003367003367,60.886644219977555,2778,0,0,28.40708875656128,11c2a8b
DR,1050,0,282,0.0,38.00709219858156,891,0.0,20.789001122334454,891,0.0,20.89337822671156,2724,0,0,28.477352142333984,11c2a8b
DR,1050,61440,282,0.04609929078014184,224.36524822695034,891,0.0,106.62514029180696,891,0.0,106.10886644219977,2724,0,0,28.477352142333984,11c2a8b
DR,1050,122880,282,0.02127659574468085,179.45744680851064,891,0.0,120.01795735129069,891,0.0,118.18181818181819,2724,0,0,28.477352142333984,11c2a8b
DR,1050,184320,282,0.2730496453900709,344.71276595744683,891,0.0,140.8529741863075,891,0.0,141.22222222222223,2724,0,0,28.477352142333984,11c2a8b
DR,1050,245760,282,0.3617021276595745,380.0851063829787,891,0.016835016835016835,181.2929292929293,891,0.026936026936026935,178.4186307519641,2724,0,0,28.477352142333984,11c2a8b
DR,1050,307200,282,0.34397163120567376,410.65248226950354,891,0.0,81.9371492704826,891,0.0,80.8989898989899,2724,0,0,28.477352142333984,11c2a8b
DR,1050,368640,282,0.9574468085106383,490.2482269503546,891,0.6857463524130191,373.7317620650954,891,0.6868686868686869,374.22222222222223,2724,0,0,28.477352142333984,11c2a8b
DR,1050,430080,282,0.9822695035460993,495.86170212765956,891,0.5948372615039281,332.91133557800225,891,0.5622895622895623,320.4253647586981,2724,0,0,28.477352142333984,11c2a8b
DR,1050,491520,282,0.975177304964539,495.5177304964539,891,0.31874298540965207,205.49382716049382,891,0.2962962962962963,196.10549943883277,2724,0,0,28.477352142333984,11c2a8b
DR,1050,552960,282,0.9893617021276596,497.6418439716312,891,0.8395061728395061,435.2581369248036,891,0.8372615039281706,433.5768799102132,2724,0,0,28.477352142333984,11c2a8b
DR,1050,614400,282,0.9929078014184397,497.79787234042556,891,0.5948372615039281,328.5578002244669,891,0.5723905723905723,318.8181818181818,2724,0,0,28.477352142333984,11c2a8b
DR,1051,0,282,0.0,12.301418439716311,891,0.0,27.176206509539842,891,0.0,26.58249158249158,2591,0,0,28.82964277267456,11c2a8b
DR,1051,61440,282,0.06382978723404255,223.3581560283688,891,0.0,105.0763187429854,891,0.0,104.67789001122334,2591,0,0,28.82964277267456,11c2a8b
DR,1051,122880,282,0.23049645390070922,361.5,891,0.4725028058361392,313.67452300785635,891,0.4668911335578002,310.8226711560045,2591,0,0,28.82964277267456,11c2a8b
DR,1051,184320,282,0.9964539007092199,498.4822695035461,891,0.7687991021324355,405.8686868686869,891,0.7699214365881033,406.1986531986532,2591,0,0,28.82964277267456,11c2a8b
DR,1051,245760,282,0.07092198581560284,222.4255319148936,891,0.001122334455667789,101.84736251402919,891,0.0,101.04938271604938,2591,0,0,28.82964277267456,11c2a8b
DR,1051,307200,282,0.9964539007092199,498.47872340425533,891,0.7957351290684624,420.25252525252523,891,0.7845117845117845,414.95735129068464,2591,0,0,28.82964277267456,11c2a8b
DR,1051,368640,282,0.9929078014184397,498.17021276595744,891,0.9180695847362514,467.5308641975309,891,0.898989898989899,460.27272727272725,2591,0,0,28.82964277267456,11c2a8b
DR,1051,430080,282,0.9822695035460993,494.50354609929076,891,0.3872053872053872,237.46240179573513,891,0.3782267115600449,233.84175084175084,2591,0,0,28.82964277267456,11c2a8b
DR,1051,491520,282,0.9858156028368794,493.6418439716312,891,0.002244668911335578,56.21324354657688,891,0.001122334455667789,55.896745230078565,2591,0,0,28.82964277267456,11c2a8b
DR,1051,552960,282,0.9858156028368794,496.7269503546099,891,0.5353535353535354,305.71380471380473,891,0.5252525252525253,302.8787878787879,2591,0,0,28.82964277267456,11c2a8b
DR,1051,614400,282,0.9148936170212766,483.2659574468085,891,0.7396184062850729,395.9820426487093,891,0.7429854096520763,397.7833894500561,2591,0,0,28.82964277267456,11c2a8b
DR,1052,0,282,0.0,12.01063829787234,891,0.0,11.186307519640852,891,0.0,11.080808080808081,3052,0,0,28.841262817382812,11c2a8b
DR,1052,61440,282,0.1524822695035461,293.89716312056737,891,0.0,131.56004489337823,891,0.001122334455667789,130.13019079685748,3052,0,0,28.841262817382812,11c2a8b
DR,1052,122880,282,0.10638297872340426,292.04609929078015,891,0.0,127.6408529741863,891,0.0,127.04826038159372,3052,0,0,28.841262817382812,11c2a8b
DR,1052,184320,282,0.11347517730496454,289.92907801418437,891,0.0,156.52413019079685,891,0.002244668911335578,155.64646464646464,3052,0,0,28.841262817382812,11c2a8b
DR,1052,245760,282,0.10638297872340426,275.7340425531915,891,0.15712682379349047,198.44781144781146,891,0.15151515151515152,197.95959595959596,3052,0,0,28.841262817382812,11c2a8b
DR,1052,307200,282,0.06382978723404255,283.97163120567376,891,0.030303030303030304,141.4781144781145,891,0.025813692480359147,147.69248035914703,3052,0,0,28.841262817382812,11c2a8b
DR,1052,368640,282,0.0425531914893617,223.75886524822695,891,0.0,124.6902356902357,891,0.0,123.84287317620651,3052,0,0,28.841262817382812,11c2a8b
DR,1052,430080,282,0.9893617021276596,496.9468085106383,891,0.9225589225589226,468.368125701459,891,0.9023569023569024,460.347923681257,3052,0,0,28.841262817382812,11c2a8b
DR,1052,491520,282,0.9964539007092199,498.7340425531915,891,0.9158249158249159,466.3490460157127,891,0.8967452300785634,458.98765432098764,3052,0,0,28.841262817382812,11c2a8b
DR,1052,552960,282,0.9468085106382979,490.28723404255317,891,0.8900112233445566,455.95286195286195,891,0.8698092031425365,447.48597081930416,3052,0,0,28.841262817382812,11c2a8b
DR,1052,614400,282,0.9893617021276596,495.2517730496454,891,0.001122334455667789,56.81593714927048,891,0.001122334455667789,56.60493827160494,3052,0,0,28.841262817382812,11c2a8b
DR,1053,0,282,0.10283687943262411,121.56737588652483,891,0.0,37.056116722783386,891,0.0,37.011223344556676,2869,0,0,28.705183029174805,11c2a8b
DR,1053,61440,282,0.13120567375886524,290.8262411347518,891,0.0,137.4219977553311,891,0.0,135.9506172839506,2869,0,0,28.705183029174805,11c2a8b
DR,1053,122880,282,0.0851063829787234,260.031914893617,891,0.0,115.07744107744108,891,0.0,114.45679012345678,2869,0,0,28.705183029174805,11c2a8b
DR,1053,184320,282,0.024822695035460994,201.39361702127658,891,0.003367003367003367,123.76430976430976,891,0.002244668911335578,117.9023569023569,2869,0,0,28.705183029174805,11c2a8b
DR,1053,245760,282,0.7943262411347518,469.4326241134752,891,0.07856341189674523,215.84399551066218,891,0.0718294051627385,215.0448933782267,2869,0,0,28.705183029174805,11c2a8b
DR,1053,307200,282,0.7092198581560284,446.00354609929076,891,0.06734006734006734,171.64758698092032,891,0.05499438832772166,169.22895622895624,2869,0,0,28.705183029174805,11c2a8b
DR,1053,368640,282,0.0673758865248227,260.52836879432624,891,0.03367003367003367,168.01907968574636,891,0.03591470258136925,163.00897867564535,2869,0,0,28.705183029174805,11c2a8b
DR,1053,430080,282,0.2695035460992908,336.031914893617,891,0.0,118.26374859708193,891,0.0,117.45117845117845,2869,0,0,28.705183029174805,11c2a8b
DR,1053,491520,282,0.9858156028368794,493.63829787234044,891,0.0,55.986531986531986,891,0.001122334455667789,55.78338945005612,2869,0,0,28.705183029174805,11c2a8b
DR,1053,552960,282,0.9929078014184397,497.06382978723406,891,0.10549943883277217,110.8641975308642,891,0.09988776655443322,107.50841750841751,2869,0,0,28.705183029174805,11c2a8b
DR,1053,614400,282,0.9645390070921985,493.93971631205676,891,0.20426487093153758,153.4287317620651,891,0.17732884399551066,141.71268237934905,2869,0,0,28.705183029174805,11c2a8b
DR,1054,0,282,0.0,31.71631205673759,891,0.0,15.784511784511784,891,0.0,15.748597081930415,2715,0,0,28.649893045425415,11c2a8b
DR,1054,61440,282,0.05319148936170213,227.38297872340425,891,0.0,111.4354657687991,891,0.0,110.49158249158249,2715,0,0,28.649893045425415,11c2a8b
DR,1054,122880,282,0.01773049645390071,212.07801418439718,891,0.0,116.29517396184063,891,0.0,116.28619528619528,2715,0,0,28.649893045425415,11c2a8b
DR,1054,184320,282,0.0851063829787234,259.9645390070922,891,0.0,123.08305274971941,891,0.0,122.88552188552188,2715,0,0,28.649893045425415,11c2a8b
DR,1054,245760,282,0.9787234042553191,494.67021276595744,891,0.029180695847362513,79.3030303030303,891,0.03928170594837262,82.63075196408529,2715,0,0,28.649893045425415,11c2a8b
DR,1054,307200,282,0.9361702127659575,488.79432624113474,891,0.05499438832772166,107.20650953984287,891,0.05499438832772166,110.93153759820426,2715,0,0,28.649893045425415,11c2a8b
DR,1054,368640,282,0.9609929078014184,482.36170212765956,891,0.002244668911335578,55.22222222222222,891,0.001122334455667789,54.92368125701459,2715,0,0,28.649893045425415,11c2a8b
DR,1054,430080,282,0.9929078014184397,497.91843971631204,891,0.4657687991021324,276.1380471380471,891,0.43546576879910215,262.3973063973064,2715,0,0,28.649893045425415,11c2a8b
DR,1054,491520,282,0.9680851063829787,485.48581560283685,891,0.002244668911335578,55.42312008978676,891,0.001122334455667789,55.10213243546577,2715,0,0,28.649893045425415,11c2a8b
DR,1054,552960,282,0.9680851063829787,485.4645390070922,891,0.002244668911335578,55.41189674523008,891,0.001122334455667789,55.0942760942761,2715,0,0,28.649893045425415,11c2a8b
DR,1054,614400,282,0.9432624113475178,474.1276595744681,891,0.002244668911335578,55.535353535353536,891,0.001122334455667789,55.21212121212121,2715,0,0,28.649893045425415,11c2a8b
DR,1055,0,282,0.028368794326241134,117.56737588652483,891,0.0,67.76430976430976,891,0.0,68.02693602693603,3130,0,0,27.294229984283447,11c2a8b
DR,1055,61440,282,0.09929078014184398,258.5567375886525,891,0.0,110.37149270482604,891,0.0,109.67340067340068,3130,0,0,27.294229984283447,11c2a8b
DR,1055,122880,282,0.5177304964539007,433.07092198581563,891,0.0,170.14814814814815,891,0.002244668911335578,163.65207631874298,3130,0,0,27.294229984283447,11c2a8b
DR,1055,184320,282,0.1950354609929078,359.5531914893617,891,0.0,70.95061728395062,891,0.0,72.5959595959596,3130,0,0,27.294229984283447,11c2a8b
DR,1055,245760,282,0.20567375886524822,360.97872340425533,891,0.003367003367003367,91.67901234567901,891,0.004489337822671156,93.68237934904602,3130,0,0,27.294229984283447,11c2a8b
DR,1055,307200,282,0.03900709219858156,203.13829787234042,891,0.0,115.89674523007857,891,0.0,115.06734006734007,3130,0,0,27.294229984283447,11c2a8b
DR,1055,368640,282,0.024822695035460994,177.08156028368793,891,0.0,108.92592592592592,891,0.0,108.40291806958474,3130,0,0,27.294229984283447,11c2a8b
DR,1055,430080,282,0.03900709219858156,196.79432624113474,891,0.0,115.74971941638609,891,0.0,115.05050505050505,3130,0,0,27.294229984283447,11c2a8b
DR,1055,491520,282,0.9042553191489362,489.6489361702128,891,0.07856341189674523,154.8574635241302,891,0.08080808080808081,159.89337822671155,3130,0,0,27.294229984283447,11c2a8b
DR,1055,552960,282,0.9645390070921985,490.89716312056737,891,0.6094276094276094,343.52076318742985,891,0.5970819304152637,338.38720538720537,3130,0,0,27.294229984283447,11c2a8b
DR,1055,614400,282,0.975177304964539,493.7730496453901,891,0.7283950617283951,390.51627384960716,891,0.7093153759820426,381.6936026936027,3130,0,0,27.294229984283447,11c2a8b
DR,1056,0,282,0.0,11.98936170212766,891,0.0,25.401795735129067,891,0.0,25.22895622895623,2851,0,0,27.993946075439453,11c2a8b
DR,1056,61440,282,0.13829787234042554,292.12056737588654,891,0.0,134.40628507295173,891,0.0,133.0280583613917,2851,0,0,27.993946075439453,11c2a8b
DR,1056,122880,282,0.0425531914893617,206.93262411347519,891,0.0,101.17171717171718,891,0.0,100.87317620650954,2851,0,0,27.993946075439453,11c2a8b
DR,1056,184320,282,0.10283687943262411,273.8936170212766,891,0.01122334455667789,158.87317620650953,891,0.01122334455667789,157.0628507295174,2851,0,0,27.993946075439453,11c2a8b
DR,1056,245760,282,0.9326241134751773,491.68794326241135,891,0.8709315375982043,448.037037037037,891,0.8608305274971941,443.5645342312009,2851,0,0,27.993946075439453,11c2a8b
DR,1056,307200,282,0.9822695035460993,495.2517730496454,891,0.7946127946127947,423.2121212121212,891,0.7890011223344556,419.92255892255895,2851,0,0,27.993946075439453,11c2a8b
DR,1056,368640,282,0.05673758865248227,217.38652482269504,891,0.001122334455667789,125.22446689113356,891,0.003367003367003367,124.43097643097643,2851,0,0,27.993946075439453,11c2a8b
DR,1056,430080,282,0.9893617021276596,495.322695035461,891,0.010101010101010102,67.49943883277217,891,0.008978675645342313,66.44556677890012,2851,0,0,27.993946075439453,11c2a8b
DR,1056,491520,282,0.9929078014184397,497.15248226950354,891,0.3176206509539843,204.68350168350167,891,0.30303030303030304,198.55667789001123,2851,0,0,27.993946075439453,11c2a8b
DR,1056,552960,282,0.9822695035460993,494.6489361702128,891,0.6475869809203143,380.5858585858586,891,0.6554433221099888,381.52749719416386,2851,0,0,27.993946075439453,11c2a8b
DR,1056,614400,282,0.9929078014184397,497.7163120567376,891,0.1919191919191919,150.44556677890012,891,0.16049382716049382,135.83838383838383,2851,0,0,27.993946075439453,11c2a8b
DR,1057,0,282,0.0,87.46808510638297,891,0.0,35.976430976430976,891,0.0,35.91582491582491,2753,0,0,27.87831711769104,11c2a8b
DR,1057,61440,282,0.14893617021276595,287.8510638297872,891,0.0,121.29180695847363,891,0.0,120.337822671156,2753,0,0,27.87831711769104,11c2a8b
DR,1057,122880,282,0.21631205673758866,316.3191489361702,891,0.0,125.61167227833894,891,0.0,124.65881032547699,2753,0,0,27.87831711769104,11c2a8b
DR,1057,184320,282,0.875886524822695,482.2482269503546,891,0.7901234567901234,415.6947250280584,891,0.7654320987654321,405.5544332210999,2753,0,0,27.87831711769104,11c2a8b
DR,1057,245760,282,0.9893617021276596,496.16312056737587,891,0.07295173961840629,98.96745230078564,891,0.06060606060606061,92.72839506172839,2753,0,0,27.87831711769104,11c2a8b
DR,1057,307200,282,0.03546099290780142,187.5177304964539,891,0.0,98.04713804713805,891,0.0,97.66666666666667,2753,0,0,27.87831711769104,11c2a8b
DR,1057,368640,282,0.9539007092198581,494.9078014184397,891,0.5196408529741863,393.09090909090907,891,0.5129068462401796,386.83052749719417,2753,0,0,27.87831711769104,11c2a8b
DR,1057,430080,282,0.9893617021276596,495.31205673758865,891,0.001122334455667789,59.427609427609426,891,0.001122334455667789,59.15263748597082,2753,0,0,27.87831711769104,11c2a8b
DR,1057,491520,282,0.9858156028368794,494.5354609929078,891,0.0,58.88439955106622,891,0.001122334455667789,59.15375982042649,2753,0,0,27.87831711769104,11c2a8b
DR,1057,552960,282,0.9929078014184397,497.8262411347518,891,0.8159371492704826,424.22222222222223,891,0.792368125701459,414.9337822671156,2753,0,0,27.87831711769104,11c2a8b
DR,1057,614400,282,0.975177304964539,495.6170212765957,891,0.5364758698092031,303.1010101010101,891,0.5173961840628507,295.4624017957351,2753,0,0,27.87831711769104,11c2a8b
DR,1058,0,282,0.0,11.581560283687944,891,0.0,13.975308641975309,891,0.0,13.58361391694725,3126,0,0,27.804960012435913,11c2a8b
DR,1058,61440,282,0.10638297872340426,281.3049645390071,891,0.0,133.4882154882155,891,0.0,132.42648709315375,3126,0,0,27.804960012435913,11c2a8b
DR,1058,122880,282,0.14893617021276595,304.7269503546099,891,0.0,125.41077441077441,891,0.0,124.54769921436588,3126,0,0,27.804960012435913,11c2a8b
DR,1058,184320,282,0.031914893617021274,213.53546099290782,891,0.0,125.44444444444444,891,0.002244668911335578,126.60606060606061,3126,0,0,27.804960012435913,11c2a8b
DR,1058,245760,282,0.04609929078014184,275.89716312056737,891,0.07631874298540965,165.63860830527497,891,0.06734006734006734,157.80022446689114,3126,0,0,27.804960012435913,11c2a8b
DR,1058,307200,282,0.5460992907801419,430.6276595744681,891,0.005611672278338945,176.6228956228956,891,0.005611672278338945,175.2962962962963,3126,0,0,27.804960012435913,11c2a8b
DR,1058,368640,282,0.574468085106383,443.4609929078014,891,0.5072951739618407,339.0044893378227,891,0.4904601571268238,331.9102132435466,3126,0,0,27.804960012435913,11c2a8b
DR,1058,430080,282,0.07092198581560284,234.86879432624113,891,0.0,113.48372615039281,891,0.0,112.64309764309765,3126,0,0,27.804960012435913,11c2a8b
DR,1058,491520,282,0.05319148936170213,250.0035460992908,891,0.010101010101010102,105.672278338945,891,0.019079685746352413,109.7699214365881,3126,0,0,27.804960012435913,11c2a8b
DR,1058,552960,282,0.9893617021276596,498.6666666666667,891,0.7542087542087542,398.58249158249157,891,0.7441077441077442,394.12794612794613,3126,0,0,27.804960012435913,11c2a8b
DR,1058,614400,282,0.9964539007092199,498.3900709219858,891,0.43209876543209874,251.25589225589226,891,0.41975308641975306,245.54096520763187,3126,0,0,27.804960012435913,11c2a8b
DR,1059,0,282,0.0,39.09929078014184,891,0.0,17.488215488215488,891,0.0,17.364758698092032,2649,0,0,28.234729051589966,11c2a8b
DR,1059,61440,282,0.11347517730496454,262.0354609929078,891,0.0,115.14814814814815,891,0.001122334455667789,114.58922558922559,2649,0,0,28.234729051589966,11c2a8b
DR,1059,122880,282,0.43617021276595747,385.2304964539007,891,0.001122334455667789,148.26038159371492,891,0.001122334455667789,145.92368125701458,2649,0,0,28.234729051589966,11c2a8b
DR,1059,184320,282,0.01773049645390071,191.90070921985816,891,0.0,106.2300785634119,891,0.0,105.56228956228956,2649,0,0,28.234729051589966,11c2a8b
DR,1059,245760,282,0.7978723404255319,473.3049645390071,891,0.26374859708193044,300.83389450056114,891,0.25813692480359146,297.8002244668911,2649,0,0,28.234729051589966,11c2a8b
DR,1059,307200,282,0.9893617021276596,495.3723404255319,891,0.005611672278338945,64.49158249158249,891,0.008978675645342313,65.7631874298541,2649,0,0,28.234729051589966,11c2a8b
DR,1059,368640,282,0.9929078014184397,497.6418439716312,891,0.4994388327721661,289.8843995510662,891,0.5117845117845118,293.56004489337823,2649,0,0,28.234729051589966,11c2a8b
DR,1059,430080,282,0.9893617021276596,496.24468085106383,891,0.6576879910213244,355.381593714927,891,0.6610549943883277,357.1515151515151,2649,0,0,28.234729051589966,11c2a8b
DR,1059,491520,282,0.9716312056737588,494.01063829787233,891,0.7609427609427609,400.8439955106622,891,0.7373737373737373,391.1122334455668,2649,0,0,28.234729051589966,11c2a8b
DR,1059,552960,282,0.9787234042553191,492.87943262411346,891,0.030303030303030304,78.56902356902357,891,0.030303030303030304,78.53872053872054,2649,0,0,28.234729051589966,11c2a8b
DR,1059,614400,282,0.9858156028368794,495.62056737588654,891,0.9023569023569024,460.7721661054994,891,0.8832772166105499,452.705948372615,2649,0,0,28.234729051589966,11c2a8b
DR,1060,0,282,0.0,13.72695035460993,891,0.0,39.42087542087542,891,0.0,39.41414141414141,2557,0,0,28.32667112350464,11c2a8b
DR,1060,61440,282,0.1276595744680851,329.01418439716315,891,0.42536475869809204,297.1638608305275,891,0.4208754208754209,294.2368125701459,2557,0,0,28.32667112350464,11c2a8b
DR,1060,122880,282,0.5709219858156028,427.02127659574467,891,0.002244668911335578,195.1840628507295,891,0.003367003367003367,191.96745230078562,2557,0,0,28.32667112350464,11c2a8b
DR,1060,184320,282,0.8262411347517731,455.2411347517731,891,0.18181818181818182,171.95622895622895,891,0.17620650953984288,169.67003367003366,2557,0,0,28.32667112350464,11c2a8b
DR,1060,245760,282,0.1524822695035461,291.93971631205676,891,0.0,116.26038159371492,891,0.0,115.331088664422,2557,0,0,28.32667112350464,11c2a8b
DR,1060,307200,282,0.9822695035460993,496.56382978723406,891,0.9259259259259259,474.82716049382714,891,0.9270482603815937,475.63524130190797,2557,0,0,28.32667112350464,11c2a8b
DR,1060,368640,282,0.18085106382978725,363.8014184397163,891,0.3793490460157127,259.79910213243545,891,0.3759820426487093,258.1672278338945,2557,0,0,28.32667112350464,11c2a8b
DR,1060,430080,282,0.8900709219858156,474.4113475177305,891,0.2356902356902357,197.5746352413019,891,0.24242424242424243,199.1402918069585,2557,0,0,28.32667112350464,11c2a8b
DR,1060,491520,282,0.9645390070921985,495.3156028368794,891,0.8125701459034792,423.27272727272725,891,0.8013468013468014,418.8675645342312,2557,0,0,28.32667112350464,11c2a8b
DR,1060,552960,282,0.9893617021276596,498.322695035461,891,0.1425364758698092,130.19977553310886,891,0.13468013468013468,125.0909090909091,2557,0,0,28.32667112350464,11c2a8b
DR,1060,614400,282,0.9787234042553191,490.59929078014187,891,0.002244668911335578,56.544332210998874,891,0.0,56.11560044893378,2557,0,0,28.32667112350464,11c2a8b
DR,1061,0,282,0.0,14.843971631205674,891,0.0,40.490460157126826,891,0.0,41.24691358024691,2865,0,0,27.364983081817627,11c2a8b
DR,1061,61440,282,0.14893617021276595,280.0531914893617,891,0.0,116.94388327721661,891,0.0,116.22109988776656,2865,0,0,27.364983081817627,11c2a8b
DR,1061,122880,282,0.1773049645390071,296.0744680851064,891,0.0,116.38720538720538,891,0.0,115.64983164983165,2865,0,0,27.364983081817627,11c2a8b
DR,1061,184320,282,0.30851063829787234,371.2269503546099,891,0.008978675645342313,163.59147025813692,891,0.008978675645342313,163.12794612794613,2865,0,0,27.364983081817627,11c2a8b
DR,1061,245760,282,0.5283687943262412,411.1063829787234,891,0.037037037037037035,186.92143658810326,891,0.03591470258136925,182.57014590347924,2865,0,0,27.364983081817627,11c2a8b
DR,1061,307200,282,0.09219858156028368,285.3723404255319,891,0.038159371492704826,179.23905723905725,891,0.04152637485970819,179.92592592592592,2865,0,0,27.364983081817627,11c2a8b
DR,1061,368640,282,0.36879432624113473,364.5886524822695,891,0.0,123.93939393939394,891,0.0,122.93153759820426,2865,0,0,27.364983081817627,11c2a8b
DR,1061,430080,282,0.9219858156028369,485.42907801418437,891,0.6285072951739619,354.1043771043771,891,0.6251402918069585,352.58361391694723,2865,0,0,27.364983081817627,11c2a8b
DR,1061,491520,282,0.9929078014184397,496.9645390070922,891,0.38608305274971944,238.39169472502806,891,0.3771043771043771,233.5230078563412,2865,0,0,27.364983081817627,11c2a8b
DR,1061,552960,282,0.9822695035460993,492.968085106383,891,0.0,56.694725028058365,891,0.0,56.413019079685746,2865,0,0,27.364983081817627,11c2a8b
DR,1061,614400,282,0.9929078014184397,497.91843971631204,891,0.2772166105499439,184.59820426487093,891,0.244668911335578,170.45117845117846,2865,0,0,27.364983081817627,11c2a8b
DR,1062,0,282,0.0,13.9822695035461,891,0.0,15.45679012345679,891,0.0,15.198653198653199,2898,0,0,27.81358790397644,11c2a8b
DR,1062,61440,282,0.24113475177304963,355.13475177304963,891,0.002244668911335578,195.75869809203144,891,0.002244668911335578,195.1425364758698,2898,0,0,27.81358790397644,11c2a8b
DR,1062,122880,282,0.41134751773049644,396.0248226950355,891,0.0,183.71268237934905,891,0.001122334455667789,181.5746352413019,2898,0,0,27.81358790397644,11c2a8b
DR,1062,184320,282,0.13120567375886524,288.14539007092196,891,0.0,136.44444444444446,891,0.0,135.0516273849607,2898,0,0,27.81358790397644,11c2a8b
DR,1062,245760,282,0.5425531914893617,433.93617021276594,891,0.007856341189674524,163.5151515151515,891,0.019079685746352413,161.58249158249157,2898,0,0,27.81358790397644,11c2a8b
DR,1062,307200,282,0.028368794326241134,193.40070921985816,891,0.0,111.60157126823793,891,0.0,111.02918069584736,2898,0,0,27.81358790397644,11c2a8b
DR,1062,368640,282,0.9787234042553191,496.13475177304963,891,0.8956228956228957,457.77104377104376,891,0.8888888888888888,455.331088664422,2898,0,0,27.81358790397644,11c2a8b
DR,1062,430080,282,0.6631205673758865,436.36879432624113,891,0.345679012345679,253.9573512906846,891,0.3221099887766554,243.08866442199775,2898,0,0,27.81358790397644,11c2a8b
DR,1062,491520,282,0.9893617021276596,495.25531914893617,891,0.003367003367003367,60.582491582491585,891,0.005611672278338945,61.313131313131315,2898,0,0,27.81358790397644,11c2a8b
DR,1062,552960,282,0.8475177304964538,476.8581560283688,891,0.7586980920314254,405.46801346801345,891,0.7362514029180696,395.8249158249158,2898,0,0,27.81358790397644,11c2a8b
DR,1062,614400,282,0.9858156028368794,497.6418439716312,891,0.8518518518518519,440.2783389450056,891,0.8462401795735129,437.2682379349046,2898,0,0,27.81358790397644,11c2a8b
DR,1064,0,282,0.0,12.24468085106383,891,0.0,29.916947250280582,891,0.0,29.15600448933782,2653,0,0,27.522163152694702,11c2a8b
DR,1064,61440,282,0.07446808510638298,227.05673758865248,891,0.0,104.3625140291807,891,0.0,104.02020202020202,2653,0,0,27.522163152694702,11c2a8b
DR,1064,122880,282,0.4148936170212766,393.7517730496454,891,0.001122334455667789,145.5252525252525,891,0.001122334455667789,144.1638608305275,2653,0,0,27.522163152694702,11c2a8b
DR,1064,184320,282,0.13120567375886524,313.09574468085106,891,0.0,136.41750841750843,891,0.0,135.54994388327722,2653,0,0,27.522163152694702,11c2a8b
DR,1064,245760,282,0.9858156028368794,497.2340425531915,891,0.8294051627384961,429.956228956229,891,0.8204264870931538,426.5768799102132,2653,0,0,27.522163152694702,11c2a8b
DR,1064,307200,282,0.925531914893617,481.34397163120565,891,0.5914702581369248,336.8372615039282,891,0.5869809203142536,334.6374859708193,2653,0,0,27.522163152694702,11c2a8b
DR,1064,368640,282,0.35815602836879434,390.6666666666667,891,0.0,139.4668911335578,891,0.0,138.26038159371492,2653,0,0,27.522163152694702,11c2a8b
DR,1064,430080,282,0.9716312056737588,496.06382978723406,891,0.31200897867564537,203.87542087542087,891,0.2839506172839506,192.53759820426487,2653,0,0,27.522163152694702,11c2a8b
DR,1064,491520,282,0.9716312056737588,493.43617021276594,891,0.12345679012345678,126.46464646464646,891,0.1111111111111111,119.68574635241302,2653,0,0,27.522163152694702,11c2a8b
DR,1064,552960,282,0.975177304964539,494.2482269503546,891,0.038159371492704826,83.09315375982042,891,0.03479236812570146,81.40965207631875,2653,0,0,27.522163152694702,11c2a8b
DR,1064,614400,282,0.9964539007092199,498.42198581560285,891,0.3995510662177329,244.4983164983165,891,0.40404040404040403,247.49943883277217,2653,0,0,27.522163152694702,11c2a8b
DR,1063,0,282,0.0,10.457446808510639,891,0.0,13.312008978675646,891,0.0,13.338945005611672,2820,0,0,27.934702157974243,11c2a8b
DR,1063,61440,282,0.12056737588652482,297.8156028368794,891,0.001122334455667789,144.07968574635242,891,0.0,142.7003367003367,2820,0,0,27.934702157974243,11c2a8b
DR,1063,122880,282,0.05319148936170213,231.0921985815603,891,0.0,132.22446689113355,891,0.0,130.74410774410774,2820,0,0,27.934702157974243,11c2a8b
DR,1063,184320,282,0.1524822695035461,318.11347517730496,891,0.0,147.7171717171717,891,0.0,147.07070707070707,2820,0,0,27.934702157974243,11c2a8b
DR,1063,245760,282,0.1453900709219858,303.70212765957444,891,0.18742985409652077,236.989898989899,891,0.17845117845117844,230.74298540965208,2820,0,0,27.934702157974243,11c2a8b
DR,1063,307200,282,0.02127659574468085,178.58510638297872,891,0.008978675645342313,127.14927048260381,891,0.013468013468013467,126.84960718294052,2820,0,0,27.934702157974243,11c2a8b
DR,1063,368640,282,0.9929078014184397,498.1099290780142,891,0.8181818181818182,426.5499438832772,891,0.8058361391694725,421.6307519640853,2820,0,0,27.934702157974243,11c2a8b
DR,1063,430080,282,0.9929078014184397,497.8758865248227,891,0.4713804713804714,277.06060606060606,891,0.46464646464646464,273.7283950617284,2820,0,0,27.934702157974243,11c2a8b
DR,1063,491520,282,0.9929078014184397,496.9255319148936,891,0.10101010101010101,110.1010101010101,891,0.08866442199775533,104.30415263748597,2820,0,0,27.934702157974243,11c2a8b
DR,1063,552960,282,0.9858156028368794,496.531914893617,891,0.8529741863075196,439.685746352413,891,0.8428731762065096,435.5881032547699,2820,0,0,27.934702157974243,11c2a8b
DR,1063,614400,282,0.9893617021276596,495.4113475177305,891,0.016835016835016835,68.27272727272727,891,0.02132435465768799,69.83389450056117,2820,0,0,27.934702157974243,11c2a8b
DR,1065,0,282,0.0,15.9822695035461,891,0.0,31.31537598204265,891,0.0,31.043771043771045,2737,0,0,27.827589988708496,11c2a8b
DR,1065,61440,282,0.03546099290780142,216.9078014184397,891,0.0,109.87991021324355,891,0.0,108.93265993265993,2737,0,0,27.827589988708496,11c2a8b
DR,1065,122880,282,0.08865248226950355,285.52127659574467,891,0.0,130.46240179573513,891,0.0,129.14478114478115,2737,0,0,27.827589988708496,11c2a8b
DR,1065,184320,282,0.05319148936170213,250.4255319148936,891,0.004489337822671156,150.4837261503928,891,0.006734006734006734,150.35241301907968,2737,0,0,27.827589988708496,11c2a8b
DR,1065,245760,282,0.9858156028368794,496.52127659574467,891,0.9124579124579124,470.6835016835017,891,0.9090909090909091,466.90460157126824,2737,0,0,27.827589988708496,11c2a8b
DR,1065,307200,282,0.9716312056737588,495.14539007092196,891,0.28619528619528617,307.9955106621773,891,0.24242424242424243,296.59034792368124,2737,0,0,27.827589988708496,11c2a8b
DR,1065,368640,282,0.7553191489361702,471.06028368794324,891,0.32323232323232326,292.8092031425365,891,0.31874298540965207,289.90460157126824,2737,0,0,27.827589988708496,11c2a8b
DR,1065,430080,282,0.9858156028368794,495.1489361702128,891,0.0,58.68350168350168,891,0.001122334455667789,59.04040404040404,2737,0,0,27.827589988708496,11c2a8b
DR,1065,491520,282,0.9645390070921985,492.56028368794324,891,0.5230078563411896,360.6835016835017,891,0.5095398428731762,354.9270482603816,2737,0,0,27.827589988708496,11c2a8b
DR,1065,552960,282,0.9893617021276596,495.34751773049646,891,0.0819304152637486,104.03254769921436,891,0.09988776655443322,110.95398428731762,2737,0,0,27.827589988708496,11c2a8b
DR,1065,614400,282,0.9609929078014184,486.8936170212766,891,0.001122334455667789,58.033670033670035,891,0.002244668911335578,58.78114478114478,2737,0,0,27.827589988708496,11c2a8b
DR,1066,0,282,0.0,32.351063829787236,891,0.0,17.722783389450058,891,0.0,17.646464646464647,2626,0,0,27.88194489479065,11c2a8b
DR,1066,61440,282,0.1453900709219858,279.86524822695037,891,0.0,124.55555555555556,891,0.0,123.665544332211,2626,0,0,27.88194489479065,11c2a8b
DR,1066,122880,282,0.29432624113475175,365.5248226950355,891,0.001122334455667789,156.24579124579125,891,0.0,154.63524130190797,2626,0,0,27.88194489479065,11c2a8b
DR,1066,184320,282,0.10283687943262411,317.6985815602837,891,0.3838383838383838,282.57351290684625,891,0.3782267115600449,281.29517396184065,2626,0,0,27.88194489479065,11c2a8b
DR,1066,245760,282,0.8297872340425532,472.2411347517731,891,0.6105499438832772,345.6060606060606,891,0.5982042648709316,339.8069584736251,2626,0,0,27.88194489479065,11c2a8b
DR,1066,307200,282,0.2695035460992908,347.14539007092196,891,0.002244668911335578,143.92368125701458,891,0.003367003367003367,142.03030303030303,2626,0,0,27.88194489479065,11c2a8b
DR,1066,368640,282,0.1276595744680851,294.20212765957444,891,0.0,126.52749719416386,891,0.0,125.45342312008978,2626,0,0,27.88194489479065,11c2a8b
DR,1066,430080,282,0.9893617021276596,495.36524822695037,891,0.0,60.696969696969695,891,0.003367003367003367,61.34118967452301,2626,0,0,27.88194489479065,11c2a8b
DR,1066,491520,282,0.9787234042553191,493.3404255319149,891,0.31200897867564537,216.68462401795736,891,0.31200897867564537,215.8361391694725,2626,0,0,27.88194489479065,11c2a8b
DR,1066,552960,282,0.9929078014184397,497.0886524822695,891,0.755331088664422,398.66105499438834,891,0.734006734006734,389.8428731762065,2626,0,0,27.88194489479065,11c2a8b
DR,1066,614400,282,0.9680851063829787,493.15248226950354,891,0.4208754208754209,355.77104377104376,891,0.4051627384960718,349.65432098765433,2626,0,0,27.88194489479065,11c2a8b
DR,1067,0,282,0.01773049645390071,93.97872340425532,891,0.0,53.450056116722784,891,0.0,53.876543209876544,2669,0,0,27.372684001922607,11c2a8b
DR,1067,61440,282,0.13829787234042554,285.3936170212766,891,0.0,121.0246913580247,891,0.0,120.21885521885523,2669,0,0,27.372684001922607,11c2a8b
DR,1067,122880,282,0.10283687943262411,267.42907801418437,891,0.0,111.79124579124579,891,0.0,111.28731762065095,2669,0,0,27.372684001922607,11c2a8b
DR,1067,184320,282,0.0673758865248227,244.72340425531914,891,0.0,112.58473625140292,891,0.0,111.99887766554433,2669,0,0,27.372684001922607,11c2a8b
DR,1067,245760,282,0.2375886524822695,327.5496453900709,891,0.0,124.5230078563412,891,0.0,123.58698092031425,2669,0,0,27.372684001922607,11c2a8b
DR,1067,307200,282,0.975177304964539,495.1418439716312,891,0.8372615039281706,434.8619528619529,891,0.8249158249158249,428.9023569023569,2669,0,0,27.372684001922607,11c2a8b
DR,1067,368640,282,0.9858156028368794,496.97163120567376,891,0.09427609427609428,108.02020202020202,891,0.08978675645342311,105.64758698092031,2669,0,0,27.372684001922607,11c2a8b
DR,1067,430080,282,0.1702127659574468,351.4432624113475,891,0.16835016835016836,231.40516273849607,891,0.16049382716049382,223.4421997755331,2669,0,0,27.372684001922607,11c2a8b
DR,1067,491520,282,0.4716312056737589,412.89716312056737,891,0.08529741863075196,181.6206509539843,891,0.08529741863075196,181.07856341189674,2669,0,0,27.372684001922607,11c2a8b
DR,1067,552960,282,0.9893617021276596,496.20212765957444,891,0.18742985409652077,145.79910213243548,891,0.16610549943883277,135.5117845117845,2669,0,0,27.372684001922607,11c2a8b
DR,1067,614400,282,0.9858156028368794,496.27659574468083,891,0.9023569023569024,460.78900112233447,891,0.8855218855218855,453.67452300785635,2669,0,0,27.372684001922607,11c2a8b
DR,1068,0,282,0.0,36.648936170212764,891,0.0,16.200897867564535,891,0.0,16.10662177328844,3192,0,0,27.795327186584473,11c2a8b
DR,1068,61440,282,0.9326241134751773,482.71276595744683,891,0.5364758698092031,312.38271604938274,891,0.5286195286195287,308.989898989899,3192,0,0,27.795327186584473,11c2a8b
DR,1068,122880,282,0.9716312056737588,495.2695035460993,891,0.8237934904601572,427.89337822671155,891,0.8181818181818182,425.5881032547699,3192,0,0,27.795327186584473,11c2a8b
DR,1068,184320,282,0.04609929078014184,213.39007092198582,891,0.001122334455667789,132.55106621773288,891,0.0,131.0493827160494,3192,0,0,27.795327186584473,11c2a8b
DR,1068,245760,282,0.09929078014184398,290.38652482269504,891,0.005611672278338945,153.92368125701458,891,0.012345679012345678,157.18967452300785,3192,0,0,27.795327186584473,11c2a8b
DR,1068,307200,282,0.3475177304964539,345.0531914893617,891,0.0,113.92817059483725,891,0.0,113.32323232323232,3192,0,0,27.795327186584473,11c2a8b
DR,1068,368640,282,0.08156028368794327,251.53900709219857,891,0.0,113.21436588103255,891,0.0,112.61279461279462,3192,0,0,27.795327186584473,11c2a8b
DR,1068,430080,282,0.35815602836879434,370.29787234042556,891,0.0,135.8428731762065,891,0.0,134.21099887766553,3192,0,0,27.795327186584473,11c2a8b
DR,1068,491520,282,0.024822695035460994,190.61702127659575,891,0.006734006734006734,129.1459034792368,891,0.010101010101010102,127.89562289562289,3192,0,0,27.795327186584473,11c2a8b
DR,1068,552960,282,0.950354609929078,490.6595744680851,891,0.27048260381593714,230.49943883277217,891,0.2345679012345679,218.08193041526374,3192,0,0,27.795327186584473,11c2a8b
DR,1068,614400,282,0.648936170212766,426.8510638297872,891,0.0718294051627385,158.8159371492705,891,0.06958473625140292,155.88552188552188,3192,0,0,27.795327186584473,11c2a8b
DR,1069,0,282,0.0,14.77304964539007,891,0.0,39.91245791245791,891,0.0,39.65319865319865,2752,0,0,27.854790925979614,11c2a8b
DR,1069,61440,282,0.0425531914893617,226.50709219858157,891,0.0,109.33333333333333,891,0.0,108.76430976430976,2752,0,0,27.854790925979614,11c2a8b
DR,1069,122880,282,0.11347517730496454,252.18794326241135,891,0.0,110.46464646464646,891,0.0,109.60493827160494,2752,0,0,27.854790925979614,11c2a8b
DR,1069,184320,282,0.031914893617021274,209.08510638297872,891,0.001122334455667789,134.679012345679,891,0.004489337822671156,133.86195286195286,2752,0,0,27.854790925979614,11c2a8b
DR,1069,245760,282,0.1099290780141844,279.5673758865248,891,0.002244668911335578,145.7171717171717,891,0.004489337822671156,144.1818181818182,2752,0,0,27.854790925979614,11c2a8b
DR,1069,307200,282,0.9893617021276596,497.99645390070924,891,0.6767676767676768,369.05162738496074,891,0.6509539842873177,357.33670033670035,2752,0,0,27.854790925979614,11c2a8b
DR,1069,368640,282,0.9787234042553191,494.56382978723406,891,0.6857463524130191,372.69135802469134,891,0.6689113355780022,365.60157126823793,2752,0,0,27.854790925979614,11c2a8b
DR,1069,430080,282,0.9609929078014184,495.60283687943263,891,0.9090909090909091,463.94163860830525,891,0.8911335578002245,455.9977553310887,2752,0,0,27.854790925979614,11c2a8b
DR,1069,491520,282,0.9893617021276596,496.77659574468083,891,0.8451178451178452,437.69135802469134,891,0.8260381593714927,429.7384960718294,2752,0,0,27.854790925979614,11c2a8b
DR,1069,552960,282,0.9929078014184397,496.98581560283685,891,0.2356902356902357,173.30078563411897,891,0.20875420875420875,162.89786756453424,2752,0,0,27.854790925979614,11c2a8b
DR,1069,614400,282,0.9893617021276596,497.65602836879435,891,0.287317620650954,191.79685746352413,891,0.26823793490460157,183.63299663299662,2752,0,0,27.854790925979614,11c2a8b
DR,1071,0,282,0.0,11.624113475177305,891,0.0,11.225589225589225,891,0.0,11.131313131313131,2793,0,0,27.569496154785156,11c2a8b
DR,1071,61440,282,0.05673758865248227,252.9964539007092,891,0.0,120.71941638608305,891,0.0,120.03815937149271,2793,0,0,27.569496154785156,11c2a8b
DR,1071,122880,282,0.024822695035460994,179.14893617021278,891,0.0,102.71268237934905,891,0.0,102.05274971941638,2793,0,0,27.569496154785156,11c2a8b
DR,1071,184320,282,0.024822695035460994,198.35106382978722,891,0.0,104.02356902356902,891,0.0,103.4074074074074,2793,0,0,27.569496154785156,11c2a8b
DR,1071,245760,282,0.1595744680851064,324.7411347517731,891,0.002244668911335578,154.42087542087543,891,0.002244668911335578,150.5780022446689,2793,0,0,27.569496154785156,11c2a8b
DR,1071,307200,282,0.9893617021276596,495.31205673758865,891,0.002244668911335578,59.72839506172839,891,0.006734006734006734,61.55555555555556,2793,0,0,27.569496154785156,11c2a8b
DR,1071,368640,282,0.9929078014184397,496.97872340425533,891,0.4175084175084175,254.5712682379349,891,0.40404040404040403,247.53086419753086,2793,0,0,27.569496154785156,11c2a8b
DR,1071,430080,282,0.9893617021276596,496.40070921985813,891,0.67003367003367,363.81032547699215,891,0.6520763187429854,356.0415263748597,2793,0,0,27.569496154785156,11c2a8b
DR,1071,491520,282,0.9822695035460993,494.6914893617021,891,0.002244668911335578,60.205387205387204,891,0.004489337822671156,61.16273849607183,2793,0,0,27.569496154785156,11c2a8b
DR,1071,552960,282,0.5567375886524822,460.18794326241135,891,0.27497194163860833,239.09203142536475,891,0.265993265993266,235.94949494949495,2793,0,0,27.569496154785156,11c2a8b
DR,1071,614400,282,0.9858156028368794,497.0851063829787,891,0.8945005611672279,457.672278338945,891,0.8641975308641975,445.2962962962963,2793,0,0,27.569496154785156,11c2a8b
DR,1070,0,282,0.010638297872340425,77.80141843971631,891,0.0,28.916947250280582,891,0.0,28.809203142536475,3317,0,0,27.784985065460205,11c2a8b
DR,1070,61440,282,0.9539007092198581,487.5496453900709,891,0.7867564534231201,413.94276094276097,891,0.7833894500561167,412.7912457912458,3317,0,0,27.784985065460205,11c2a8b
DR,1070,122880,282,0.19148936170212766,332.42198581560285,891,0.0,141.59147025813692,891,0.0,141.41750841750843,3317,0,0,27.784985065460205,11c2a8b
DR,1070,184320,282,0.0425531914893617,215.1950354609929,891,0.0,107.36812570145904,891,0.0,106.91133557800225,3317,0,0,27.784985065460205,11c2a8b
DR,1070,245760,282,0.4432624113475177,395.6063829787234,891,0.001122334455667789,172.83164983164983,891,0.0,170.40516273849607,3317,0,0,27.784985065460205,11c2a8b
DR,1070,307200,282,0.06028368794326241,205.54964539007094,891,0.0,116.02244668911335,891,0.0,115.13804713804714,3317,0,0,27.784985065460205,11c2a8b
DR,1070,368640,282,0.8581560283687943,484.65248226950354,891,0.04264870931537598,133.44781144781146,891,0.03591470258136925,132.11111111111111,3317,0,0,27.784985065460205,11c2a8b
DR,1070,430080,282,0.028368794326241134,177.25886524822695,891,0.029180695847362513,141.46240179573513,891,0.02244668911335578,138.44556677890012,3317,0,0,27.784985065460205,11c2a8b
DR,1070,491520,282,0.010638297872340425,156.12056737588654,891,0.026936026936026935,155.95286195286195,891,0.025813692480359147,151.64870931537598,3317,0,0,27.784985065460205,11c2a8b
DR,1070,552960,282,0.9432624113475178,495.1808510638298,891,0.2244668911335578,178.72278338945006,891,0.19304152637485972,165.99775533108865,3317,0,0,27.784985065460205,11c2a8b
DR,1070,614400,282,0.9858156028368794,493.79432624113474,891,0.002244668911335578,61.42424242424242,891,0.001122334455667789,60.60830527497194,3317,0,0,27.784985065460205,11c2a8b
DR,1072,0,282,0.0,19.404255319148938,891,0.0,37.2368125701459,891,0.0,36.65432098765432,2871,0,0,27.886040210723877,11c2a8b
DR,1072,61440,282,0.3262411347517731,356.91843971631204,891,0.0,153.17171717171718,891,0.0,151.4186307519641,2871,0,0,27.886040210723877,11c2a8b
DR,1072,122880,282,0.04964539007092199,217.39716312056737,891,0.0,103.18630751964085,891,0.0,102.70707070707071,2871,0,0,27.886040210723877,11c2a8b
DR,1072,184320,282,0.34397163120567376,382.21985815602835,891,0.001122334455667789,160.9685746352413,891,0.0,161.04377104377105,2871,0,0,27.886040210723877,11c2a8b
DR,1072,245760,282,0.39361702127659576,408.51063829787233,891,0.002244668911335578,92.62850729517396,891,0.005611672278338945,91.70145903479236,2871,0,0,27.886040210723877,11c2a8b
DR,1072,307200,282,0.9822695035460993,497.3191489361702,891,0.7822671156004489,409.645342312009,891,0.7699214365881033,404.4781144781145,2871,0,0,27.886040210723877,11c2a8b
DR,1072,368640,282,0.9893617021276596,496.2730496453901,891,0.31313131313131315,204.70819304152639,891,0.3052749719416386,200.4949494949495,2871,0,0,27.886040210723877,11c2a8b
DR,1072,430080,282,0.9787234042553191,494.27659574468083,891,0.6722783389450057,373.83838383838383,891,0.6767676767676768,375.30864197530866,2871,0,0,27.886040210723877,11c2a8b
DR,1072,491520,282,0.9539007092198581,494.822695035461,891,0.797979797979798,415.18518518518516,891,0.7856341189674523,411.09090909090907,2871,0,0,27.886040210723877,11c2a8b
DR,1072,552960,282,0.9609929078014184,494.13120567375887,891,0.8013468013468014,416.9337822671156,891,0.792368125701459,413.6475869809203,2871,0,0,27.886040210723877,11c2a8b
DR,1072,614400,282,0.9893617021276596,497.0886524822695,891,0.5140291806958474,298.15039281705947,891,0.5375982042648709,307.685746352413,2871,0,0,27.886040210723877,11c2a8b
DR,1073,0,282,0.028368794326241134,176.55673758865248,891,0.0,47.26262626262626,891,0.0,47.00673400673401,2566,0,0,28.42311191558838,11c2a8b
DR,1073,61440,282,0.524822695035461,440.02127659574467,891,0.4713804713804714,343.4915824915825,891,0.4657687991021324,340.4141414141414,2566,0,0,28.42311191558838,11c2a8b
DR,1073,122880,282,0.9822695035460993,494.3156028368794,891,0.4208754208754209,256.8641975308642,891,0.42312008978675647,257.685746352413,2566,0,0,28.42311191558838,11c2a8b
DR,1073,184320,282,0.7836879432624113,481.48936170212767,891,0.04713804713804714,160.0314253647587,891,0.04152637485970819,154.02581369248037,2566,0,0,28.42311191558838,11c2a8b
DR,1073,245760,282,0.7907801418439716,468.5744680851064,891,0.7946127946127947,417.71604938271605,891,0.7833894500561167,413.35016835016836,2566,0,0,28.42311191558838,11c2a8b
DR,1073,307200,282,0.07801418439716312,241.854609929078,891,0.0,108.49943883277217,891,0.0,107.91021324354658,2566,0,0,28.42311191558838,11c2a8b
DR,1073,368640,282,0.20212765957446807,360.48581560283685,891,0.372615039281706,273.03367003367003,891,0.3771043771043771,272.4938271604938,2566,0,0,28.42311191558838,11c2a8b
DR,1073,430080,282,0.9822695035460993,495.7730496453901,891,0.8080808080808081,420.7744107744108,891,0.7867564534231201,412.1773288439955,2566,0,0,28.42311191558838,11c2a8b
DR,1073,491520,282,0.5319148936170213,395.89716312056737,891,0.003367003367003367,150.98877665544333,891,0.002244668911335578,151.11335578002246,2566,0,0,28.42311191558838,11c2a8b
DR,1073,552960,282,0.9468085106382979,487.7588652482269,891,0.6374859708193041,355.6778900112233,891,0.6430976430976431,357.3703703703704,2566,0,0,28.42311191558838,11c2a8b
DR,1073,614400,282,0.851063829787234,480.8262411347518,891,0.4051627384960718,241.03367003367003,891,0.3984287317620651,238.25925925925927,2566,0,0,28.42311191558838,11c2a8b
DR,1075,0,282,0.0,12.21631205673759,891,0.0,26.24915824915825,891,0.0,25.448933782267115,2719,0,0,27.290250062942505,11c2a8b
DR,1075,61440,282,0.16666666666666666,302.43617021276594,891,0.0,120.61054994388327,891,0.0,119.45230078563412,2719,0,0,27.290250062942505,11c2a8b
DR,1075,122880,282,0.05673758865248227,242.6950354609929,891,0.0,130.42648709315375,891,0.0,129.0594837261504,2719,0,0,27.290250062942505,11c2a8b
DR,1075,184320,282,0.04609929078014184,222.60992907801418,891,0.0,120.78002244668912,891,0.0,119.99887766554433,2719,0,0,27.290250062942505,11c2a8b
DR,1075,245760,282,0.14893617021276595,312.8723404255319,891,0.0,141.5117845117845,891,0.0,139.7530864197531,2719,0,0,27.290250062942505,11c2a8b
DR,1075,307200,282,0.9858156028368794,497.0496453900709,891,0.8922558922558923,456.2682379349046,891,0.8843995510662177,453.0695847362514,2719,0,0,27.290250062942505,11c2a8b
DR,1075,368640,282,0.9858156028368794,497.4113475177305,891,0.6936026936026936,371.9270482603816,891,0.6565656565656566,358.037037037037,2719,0,0,27.290250062942505,11c2a8b
DR,1075,430080,282,0.9893617021276596,496.7482269503546,891,0.5050505050505051,291.50953984287315,891,0.5173961840628507,296.40628507295173,2719,0,0,27.290250062942505,11c2a8b
DR,1075,491520,282,0.9609929078014184,491.1808510638298,891,0.7867564534231201,414.956228956229,891,0.7631874298540965,405.04489337822673,2719,0,0,27.290250062942505,11c2a8b
DR,1075,552960,282,0.19858156028368795,348.9432624113475,891,0.2166105499438833,218.23120089786755,891,0.22334455667789002,217.73063973063972,2719,0,0,27.290250062942505,11c2a8b
DR,1075,614400,282,0.9893617021276596,497.9326241134752,891,0.8619528619528619,445.06397306397304,891,0.8552188552188552,442.2547699214366,2719,0,0,27.290250062942505,11c2a8b
DR,1074,0,282,0.46808510638297873,372.21985815602835,891,0.0,121.20875420875421,891,0.0,118.27833894500561,2626,0,0,27.886594772338867,11c2a8b
DR,1074,61440,282,0.12411347517730496,264.40070921985813,891,0.0,108.29405162738496,891,0.0,107.69248035914703,2626,0,0,27.886594772338867,11c2a8b
DR,1074,122880,282,0.7198581560283688,456.1063829787234,891,0.001122334455667789,195.8563411896745,891,0.001122334455667789,193.21885521885523,2626,0,0,27.886594772338867,11c2a8b
DR,1074,184320,282,0.9822695035460993,495.5425531914894,891,0.6531986531986532,359.4006734006734,891,0.6374859708193041,352.86307519640854,2626,0,0,27.886594772338867,11c2a8b
DR,1074,245760,282,0.03900709219858156,218.69148936170214,891,0.0,112.75196408529742,891,0.0,112.14702581369248,2626,0,0,27.886594772338867,11c2a8b
DR,1074,307200,282,0.13120567375886524,300.74468085106383,891,0.001122334455667789,135.83052749719417,891,0.0,134.11111111111111,2626,0,0,27.886594772338867,11c2a8b
DR,1074,368640,282,0.9609929078014184,493.01063829787233,891,0.3793490460157127,353.7811447811448,891,0.3658810325476992,347.5364758698092,2626,0,0,27.886594772338867,11c2a8b
DR,1074,430080,282,0.9397163120567376,488.8510638297872,891,0.675645342312009,371.39169472502806,891,0.6644219977553311,367.2267115600449,2626,0,0,27.886594772338867,11c2a8b
DR,1074,491520,282,0.9822695035460993,493.2304964539007,891,0.002244668911335578,61.89001122334456,891,0.007856341189674524,64.39618406285074,2626,0,0,27.886594772338867,11c2a8b
DR,1074,552960,282,0.9716312056737588,493.0921985815603,891,0.7160493827160493,386.39618406285075,891,0.6879910213243546,375.3052749719416,2626,0,0,27.886594772338867,11c2a8b
DR,1074,614400,282,0.9893617021276596,497.0921985815603,891,0.8159371492704826,425.24466891133557,891,0.8013468013468014,419.43771043771045,2626,0,0,27.886594772338867,11c2a8b
DR,1076,0,282,0.9219858156028369,465.4929078014184,891,0.002244668911335578,55.101010101010104,891,0.0,54.51066217732885,2568,0,0,28.298725128173828,11c2a8b
DR,1076,61440,282,0.028368794326241134,175.82978723404256,891,0.0,100.80920314253648,891,0.0,100.61503928170595,2568,0,0,28.298725128173828,11c2a8b
DR,1076,122880,282,0.9716312056737588,494.73758865248226,891,0.038159371492704826,79.43322109988776,891,0.031425364758698095,77.55106621773288,2568,0,0,28.298725128173828,11c2a8b
DR,1076,184320,282,0.42907801418439717,415.9929078014184,891,0.002244668911335578,122.20538720538721,891,0.001122334455667789,124.48597081930416,2568,0,0,28.298725128173828,11c2a8b
DR,1076,245760,282,0.1347517730496454,307.27659574468083,891,0.001122334455667789,121.5993265993266,891,0.0,120.54769921436588,2568,0,0,28.298725128173828,11c2a8b
DR,1076,307200,282,0.06028368794326241,331.8333333333333,891,0.4332210998877666,302.4556677890011,891,0.43434343434343436,299.8484848484849,2568,0,0,28.298725128173828,11c2a8b
DR,1076,368640,282,0.9432624113475178,486.56382978723406,891,0.5095398428731762,302.90909090909093,891,0.47586980920314254,289.973063973064,2568,0,0,28.298725128173828,11c2a8b
DR,1076,430080,282,0.9893617021276596,495.2730496453901,891,0.001122334455667789,57.74523007856341,891,0.001122334455667789,57.64309764309764,2568,0,0,28.298725128173828,11c2a8b
DR,1076,491520,282,0.9893617021276596,495.2730496453901,891,0.002244668911335578,57.38945005611672,891,0.001122334455667789,57.063973063973066,2568,0,0,28.298725128173828,11c2a8b
DR,1076,552960,282,0.9148936170212766,487.6666666666667,891,0.3939393939393939,237.9405162738496,891,0.38608305274971944,234.44893378226712,2568,0,0,28.298725128173828,11c2a8b
DR,1076,614400,282,0.9929078014184397,496.95390070921985,891,0.32435465768799104,211.8193041526375,891,0.31425364758698093,206.46240179573513,2568,0,0,28.298725128173828,11c2a8b
DR,1077,0,282,0.0,35.61702127659574,891,0.0,15.89337822671156,891,0.0,15.84287317620651,2723,0,0,27.569295167922974,11c2a8b
DR,1077,61440,282,0.0851063829787234,259.5248226950355,891,0.0,113.16161616161617,891,0.0,112.46464646464646,2723,0,0,27.569295167922974,11c2a8b
DR,1077,122880,282,0.1276595744680851,308.63120567375887,891,0.017957351290684626,165.29517396184062,891,0.020202020202020204,160.5331088664422,2723,0,0,27.569295167922974,11c2a8b
DR,1077,184320,282,0.9326241134751773,482.71985815602835,891,0.5656565656565656,323.7384960718294,891,0.5353535353535354,312.11335578002246,2723,0,0,27.569295167922974,11c2a8b
DR,1077,245760,282,0.975177304964539,496.2836879432624,891,0.7643097643097643,417.51402918069584,891,0.7474747474747475,409.93602693602696,2723,0,0,27.569295167922974,11c2a8b
DR,1077,307200,282,0.9645390070921985,495.0886524822695,891,0.8933782267115601,456.8069584736251,891,0.8731762065095399,448.638608305275,2723,0,0,27.569295167922974,11c2a8b
DR,1077,368640,282,0.04964539007092199,216.1241134751773,891,0.0,119.82491582491582,891,0.0,118.83389450056117,2723,0,0,27.569295167922974,11c2a8b
DR,1077,430080,282,0.11702127659574468,278.00354609929076,891,0.0,114.19079685746352,891,0.0,113.49270482603816,2723,0,0,27.569295167922974,11c2a8b
DR,1077,491520,282,0.9893617021276596,496.75531914893617,891,0.06397306397306397,90.70370370370371,891,0.05948372615039282,88.52413019079685,2723,0,0,27.569295167922974,11c2a8b
DR,1077,552960,282,0.9822695035460993,493.9148936170213,891,0.04601571268237935,83.0729517396184,891,0.03254769921436588,77.337822671156,2723,0,0,27.569295167922974,11c2a8b
DR,1077,614400,282,0.975177304964539,489.8333333333333,891,0.002244668911335578,55.686868686868685,891,0.001122334455667789,55.3692480359147,2723,0,0,27.569295167922974,11c2a8b
DR,1078,0,282,0.0,11.74822695035461,891,0.0,22.870931537598203,891,0.0,21.39618406285073,2800,0,0,27.56664490699768,11c2a8b
DR,1078,61440,282,0.18439716312056736,307.2411347517731,891,0.0,131.7283950617284,891,0.0,130.7530864197531,2800,0,0,27.56664490699768,11c2a8b
DR,1078,122880,282,0.6453900709219859,445.7695035460993,891,0.001122334455667789,200.3759820426487,891,0.001122334455667789,197.78563411896747,2800,0,0,27.56664490699768,11c2a8b
DR,1078,184320,282,0.08156028368794327,263.51063829787233,891,0.014590347923681257,138.5780022446689,891,0.02244668911335578,135.62626262626262,2800,0,0,27.56664490699768,11c2a8b
DR,1078,245760,282,0.028368794326241134,183.76241134751774,891,0.0,119.1638608305275,891,0.0,118.34231200897868,2800,0,0,27.56664490699768,11c2a8b
DR,1078,307200,282,0.7021276595744681,473.1950354609929,891,0.0,121.76430976430976,891,0.0,115.48933782267116,2800,0,0,27.56664490699768,11c2a8b
DR,1078,368640,282,0.9893617021276596,495.3085106382979,891,0.0,58.98765432098765,891,0.001122334455667789,59.21436588103255,2800,0,0,27.56664490699768,11c2a8b
DR,1078,430080,282,0.9822695035460993,494.01063829787233,891,0.0,57.47586980920314,891,0.0,57.31200897867564,2800,0,0,27.56664490699768,11c2a8b
DR,1078,491520,282,0.9858156028368794,494.57801418439715,891,0.09539842873176206,106.52188552188552,891,0.0920314253647587,104.0314253647587,2800,0,0,27.56664490699768,11c2a8b
DR,1078,552960,282,0.9539007092198581,490.0921985815603,891,0.0,58.41077441077441,891,0.0,58.196408529741866,2800,0,0,27.56664490699768,11c2a8b
DR,1078,614400,282,0.9893617021276596,495.25531914893617,891,0.002244668911335578,56.73063973063973,891,0.001122334455667789,56.39618406285073,2800,0,0,27.56664490699768,11c2a8b
DR,1079,0,282,0.0,10.212765957446809,891,0.0,11.151515151515152,891,0.0,11.033670033670033,2716,0,0,27.71252989768982,11c2a8b
DR,1079,61440,282,0.13120567375886524,283.60283687943263,891,0.0,113.24803591470258,891,0.0,112.48597081930416,2716,0,0,27.71252989768982,11c2a8b
DR,1079,122880,282,0.26595744680851063,351.60283687943263,891,0.0,145.6206509539843,891,0.0,145.27384960718294,2716,0,0,27.71252989768982,11c2a8b
DR,1079,184320,282,0.9929078014184397,499.33687943262413,891,0.9337822671156004,473.9438832772166,891,0.936026936026936,475.0392817059484,2716,0,0,27.71252989768982,11c2a8b
DR,1079,245760,282,0.2765957446808511,384.13829787234044,891,0.4175084175084175,303.1705948372615,891,0.41301907968574636,298.40179573512904,2716,0,0,27.71252989768982,11c2a8b
DR,1079,307200,282,0.2553191489361702,362.33687943262413,891,0.06846240179573512,203.46240179573513,891,0.06285072951739619,198.2267115600449,2716,0,0,27.71252989768982,11c2a8b
DR,1079,368640,282,0.06028368794326241,319.0390070921986,891,0.4657687991021324,308.7979797979798,891,0.468013468013468,312.0325476992144,2716,0,0,27.71252989768982,11c2a8b
DR,1079,430080,282,0.9929078014184397,497.25531914893617,891,0.9337822671156004,474.10886644219977,891,0.936026936026936,474.6531986531987,2716,0,0,27.71252989768982,11c2a8b
DR,1079,491520,282,0.975177304964539,492.0177304964539,891,0.002244668911335578,59.97194163860831,891,0.0,59.352413019079684,2716,0,0,27.71252989768982,11c2a8b
DR,1079,552960,282,0.9893617021276596,495.3156028368794,891,0.0,60.821548821548824,891,0.001122334455667789,60.65319865319865,2716,0,0,27.71252989768982,11c2a8b
DR,1079,614400,282,0.9964539007092199,498.4148936170213,891,0.3793490460157127,235.08305274971943,891,0.3782267115600449,235.80246913580248,2716,0,0,27.71252989768982,11c2a8b
DR,1081,0,282,0.0,10.893617021276595,891,0.0,19.11672278338945,891,0.0,17.97418630751964,2827,0,0,27.271152019500732,11c2a8b
DR,1081,61440,282,0.0673758865248227,239.02482269503545,891,0.0,112.91358024691358,891,0.0,112.21324354657688,2827,0,0,27.271152019500732,11c2a8b
DR,1081,122880,282,0.06382978723404255,232.9078014184397,891,0.0,110.53984287317621,891,0.0,109.97306397306397,2827,0,0,27.271152019500732,11c2a8b
DR,1081,184320,282,0.03900709219858156,224.79078014184398,891,0.0,113.72951739618406,891,0.0,113.08193041526376,2827,0,0,27.271152019500732,11c2a8b
DR,1081,245760,282,0.24468085106382978,339.9503546099291,891,0.0,131.01907968574636,891,0.0,129.46576879910214,2827,0,0,27.271152019500732,11c2a8b
DR,1081,307200,282,0.1879432624113475,320.0425531914894,891,0.003367003367003367,140.59259259259258,891,0.002244668911335578,139.7699214365881,2827,0,0,27.271152019500732,11c2a8b
DR,1081,368640,282,0.9893617021276596,498.06382978723406,891,0.6139169472502806,342.8675645342312,891,0.5993265993265994,336.2985409652076,2827,0,0,27.271152019500732,11c2a8b
DR,1081,430080,282,0.9858156028368794,496.0531914893617,891,0.6767676767676768,365.41526374859706,891,0.6666666666666666,361.05836139169475,2827,0,0,27.271152019500732,11c2a8b
DR,1081,491520,282,0.975177304964539,488.82978723404256,891,0.002244668911335578,56.21324354657688,891,0.001122334455667789,55.92031425364759,2827,0,0,27.271152019500732,11c2a8b
DR,1081,552960,282,0.9822695035460993,495.82978723404256,891,0.675645342312009,370.9259259259259,891,0.6644219977553311,366.016835016835,2827,0,0,27.271152019500732,11c2a8b
DR,1081,614400,282,0.8368794326241135,475.63120567375887,891,0.37037037037037035,260.08193041526374,891,0.3658810325476992,257.1268237934905,2827,0,0,27.271152019500732,11c2a8b
DR,1080,0,282,0.0,57.741134751773046,891,0.0,33.28731762065095,891,0.0,33.17732884399551,2662,0,0,28.52608633041382,11c2a8b
DR,1080,61440,282,0.6950354609929078,463.92907801418437,891,0.17845117845117844,240.73288439955107,891,0.17059483726150393,235.13019079685748,2662,0,0,28.52608633041382,11c2a8b
DR,1080,122880,282,0.5780141843971631,443.6241134751773,891,0.09764309764309764,219.52076318742985,891,0.07968574635241302,218.7138047138047,2662,0,0,28.52608633041382,11c2a8b
DR,1080,184320,282,0.3404255319148936,354.84751773049646,891,0.005611672278338945,118.18406285072952,891,0.006734006734006734,116.8361391694725,2662,0,0,28.52608633041382,11c2a8b
DR,1080,245760,282,0.1773049645390071,383.86524822695037,891,0.48035914702581367,319.54545454545456,891,0.4691358024691358,314.83052749719417,2662,0,0,28.52608633041382,11c2a8b
DR,1080,307200,282,0.04609929078014184,240.1418439716312,891,0.019079685746352413,159.4736251402918,891,0.019079685746352413,157.21436588103253,2662,0,0,28.52608633041382,11c2a8b
DR,1080,368640,282,0.1453900709219858,315.0425531914894,891,0.001122334455667789,139.89674523007855,891,0.0,138.23793490460156,2662,0,0,28.52608633041382,11c2a8b
DR,1080,430080,282,0.9964539007092199,498.7695035460993,891,0.6823793490460157,367.9854096520763,891,0.6599326599326599,358.3995510662177,2662,0,0,28.52608633041382,11c2a8b
DR,1080,491520,282,0.9964539007092199,498.42198581560285,891,0.4713804713804714,275.29068462401796,891,0.4500561167227834,266.75982042648707,2662,0,0,28.52608633041382,11c2a8b
DR,1080,552960,282,0.9893617021276596,496.5851063829787,891,0.07295173961840629,94.31313131313131,891,0.06285072951739619,90.14141414141415,2662,0,0,28.52608633041382,11c2a8b
DR,1080,614400,282,0.925531914893617,465.9503546099291,891,0.002244668911335578,55.133557800224466,891,0.001122334455667789,54.8327721661055,2662,0,0,28.52608633041382,11c2a8b
DR,1082,0,282,0.0,13.96808510638298,891,0.0,33.45679012345679,891,0.0,33.552188552188554,2843,0,0,27.93851375579834,11c2a8b
DR,1082,61440,282,0.4078014184397163,397.1276595744681,891,0.0,193.7732884399551,891,0.0,193.4635241301908,2843,0,0,27.93851375579834,11c2a8b
DR,1082,122880,282,0.09929078014184398,310.09929078014187,891,0.024691358024691357,123.27497194163861,891,0.04040404040404041,127.61728395061728,2843,0,0,27.93851375579834,11c2a8b
DR,1082,184320,282,0.9893617021276596,497.13829787234044,891,0.8552188552188552,441.1290684624018,891,0.856341189674523,441.1750841750842,2843,0,0,27.93851375579834,11c2a8b
DR,1082,245760,282,0.9787234042553191,492.6170212765957,891,0.002244668911335578,59.358024691358025,891,0.003367003367003367,59.717171717171716,2843,0,0,27.93851375579834,11c2a8b
DR,1082,307200,282,0.16312056737588654,310.95390070921985,891,0.18855218855218855,192.9124579124579,891,0.18967452300785634,192.61054994388329,2843,0,0,27.93851375579834,11c2a8b
DR,1082,368640,282,0.4078014184397163,413.6808510638298,891,0.15712682379349047,229.7530864197531,891,0.12682379349046016,221.50617283950618,2843,0,0,27.93851375579834,11c2a8b
DR,1082,430080,282,0.0673758865248227,231.25177304964538,891,0.0,108.334455667789,891,0.0,107.81257014590348,2843,0,0,27.93851375579834,11c2a8b
DR,1082,491520,282,0.22340425531914893,345.322695035461,891,0.0,125.43995510662177,891,0.0,124.71380471380472,2843,0,0,27.93851375579834,11c2a8b
DR,1082,552960,282,0.9822695035460993,496.28014184397165,891,0.04377104377104377,87.55555555555556,891,0.058361391694725026,92.26599326599326,2843,0,0,27.93851375579834,11c2a8b
DR,1082,614400,282,0.9822695035460993,496.8723404255319,891,0.867564534231201,446.90684624017956,891,0.8552188552188552,441.9382716049383,2843,0,0,27.93851375579834,11c2a8b
DR,1083,0,282,0.0,37.734042553191486,891,0.0,19.64085297418631,891,0.0,19.55892255892256,2917,0,0,27.853885889053345,11c2a8b
DR,1083,61440,282,0.2872340425531915,358.6808510638298,891,0.05387205387205387,201.32323232323233,891,0.03928170594837262,198.84848484848484,2917,0,0,27.853885889053345,11c2a8b
DR,1083,122880,282,0.2765957446808511,348.86879432624113,891,0.0,151.25140291806957,891,0.0,149.5196408529742,2917,0,0,27.853885889053345,11c2a8b
DR,1083,184320,282,0.0673758865248227,269.78014184397165,891,0.0,101.67115600448933,891,0.0,101.86644219977553,2917,0,0,27.853885889053345,11c2a8b
DR,1083,245760,282,0.8723404255319149,486.1808510638298,891,0.12008978675645342,121.42312008978675,891,0.12794612794612795,126.68574635241302,2917,0,0,27.853885889053345,11c2a8b
DR,1083,307200,282,0.9822695035460993,493.37943262411346,891,0.0,57.62850729517396,891,0.0,57.425364758698095,2917,0,0,27.853885889053345,11c2a8b
DR,1083,368640,282,0.9893617021276596,495.28014184397165,891,0.10998877665544332,110.68574635241302,891,0.11896745230078563,113.21773288439955,2917,0,0,27.853885889053345,11c2a8b
DR,1083,430080,282,0.0035460992907801418,166.40070921985816,891,0.0,114.5993265993266,891,0.0,114.33221099887767,2917,0,0,27.853885889053345,11c2a8b
DR,1083,491520,282,0.30851063829787234,340.8191489361702,891,0.0,106.00448933782268,891,0.0,106.25701459034792,2917,0,0,27.853885889053345,11c2a8b
DR,1083,552960,282,0.9964539007092199,499.48936170212767,891,0.6139169472502806,337.9753086419753,891,0.5982042648709316,331.50280583613915,2917,0,0,27.853885889053345,11c2a8b
DR,1083,614400,282,0.9893617021276596,497.86524822695037,891,0.9135802469135802,465.18967452300785,891,0.9090909090909091,463.2199775533109,2917,0,0,27.853885889053345,11c2a8b
DR,1084,0,282,0.0035460992907801418,18.106382978723403,891,0.001122334455667789,51.195286195286194,891,0.0,51.851851851851855,2964,0,0,28.164308071136475,11c2a8b
DR,1084,61440,282,0.24822695035460993,350.78723404255317,891,0.0,153.341189674523,891,0.0,154.41301907968574,2964,0,0,28.164308071136475,11c2a8b
DR,1084,122880,282,0.04964539007092199,222.61347517730496,891,0.0,123.21773288439955,891,0.0,122.23232323232324,2964,0,0,28.164308071136475,11c2a8b
DR,1084,184320,282,0.04964539007092199,238.38652482269504,891,0.0,128.59820426487093,891,0.001122334455667789,129.78787878787878,2964,0,0,28.164308071136475,11c2a8b
DR,1084,245760,282,0.9787234042553191,495.06382978723406,891,0.9214365881032548,468.51066217732887,891,0.9079685746352413,463.91582491582494,2964,0,0,28.164308071136475,11c2a8b
DR,1084,307200,282,0.9432624113475178,487.1843971631206,891,0.47586980920314254,291.22109988776657,891,0.4556677890011223,282.9854096520763,2964,0,0,28.164308071136475,11c2a8b
DR,1084,368640,282,0.9539007092198581,493.2659574468085,891,0.21548821548821548,162.09203142536475,891,0.20426487093153758,156.04713804713805,2964,0,0,28.164308071136475,11c2a8b
DR,1084,430080,282,0.8900709219858156,479.90425531914894,891,0.6588103254769921,364.36700336700335,891,0.6419753086419753,357.0,2964,0,0,28.164308071136475,11c2a8b
DR,1084,491520,282,0.03900709219858156,189.23758865248226,891,0.0,104.19640852974186,891,0.0,103.8641975308642,2964,0,0,28.164308071136475,11c2a8b
DR,1084,552960,282,0.4858156028368794,398.9113475177305,891,0.006734006734006734,152.01683501683502,891,0.013468013468013467,149.6060606060606,2964,0,0,28.164308071136475,11c2a8b
DR,1084,614400,282,0.9893617021276596,495.91843971631204,891,0.48148148148148145,283.75533108866443,891,0.4612794612794613,273.63973063973066,2964,0,0,28.164308071136475,11c2a8b
DR,1085,0,282,0.0070921985815602835,60.177304964539005,891,0.0,46.778900112233444,891,0.0,46.966329966329965,2912,0,0,27.830853939056396,11c2a8b
DR,1085,61440,282,0.0673758865248227,243.8581560283688,891,0.001122334455667789,125.04713804713805,891,0.0,124.08080808080808,2912,0,0,27.830853939056396,11c2a8b
DR,1085,122880,282,0.031914893617021274,198.68439716312056,891,0.0,109.41077441077441,891,0.0,108.94949494949495,2912,0,0,27.830853939056396,11c2a8b
DR,1085,184320,282,0.23049645390070922,336.8510638297872,891,0.0,137.013468013468,891,0.001122334455667789,137.334455667789,2912,0,0,27.830853939056396,11c2a8b
DR,1085,245760,282,0.9680851063829787,494.0390070921986,891,0.8383838383838383,442.2895622895623,891,0.8237934904601572,435.2895622895623,2912,0,0,27.830853939056396,11c2a8b
DR,1085,307200,282,0.8014184397163121,456.16312056737587,891,0.14814814814814814,198.21436588103253,891,0.1447811447811448,191.70819304152639,2912,0,0,27.830853939056396,11c2a8b
DR,1085,368640,282,0.11702127659574468,268.06382978723406,891,0.0,112.9753086419753,891,0.0,112.1705948372615,2912,0,0,27.830853939056396,11c2a8b
DR,1085,430080,282,0.9822695035460993,496.17021276595744,891,0.051627384960718295,88.58810325476992,891,0.04938271604938271,86.79910213243546,2912,0,0,27.830853939056396,11c2a8b
DR,1085,491520,282,0.9822695035460993,494.290780141844,891,0.001122334455667789,59.043771043771045,891,0.001122334455667789,58.85297418630752,2912,0,0,27.830853939056396,11c2a8b
DR,1085,552960,282,0.9858156028368794,493.6170212765957,891,0.002244668911335578,55.704826038159375,891,0.001122334455667789,55.38945005611672,2912,0,0,27.830853939056396,11c2a8b
DR,1085,614400,282,0.975177304964539,496.89716312056737,891,0.4792368125701459,276.8787878787879,891,0.4657687991021324,270.6071829405163,2912,0,0,27.830853939056396,11c2a8b
DR,1086,0,282,0.0,14.23758865248227,891,0.0,30.72951739618406,891,0.0,31.465768799102133,2864,0,0,27.475955963134766,11c2a8b
DR,1086,61440,282,0.4432624113475177,409.2304964539007,891,0.020202020202020204,228.1077441077441,891,0.02132435465768799,224.986531986532,2864,0,0,27.475955963134766,11c2a8b
DR,1086,122880,282,0.23049645390070922,322.84751773049646,891,0.0,130.0875420875421,891,0.0,129.02918069584737,2864,0,0,27.475955963134766,11c2a8b
DR,1086,184320,282,0.25177304964539005,342.8758865248227,891,0.0,144.4781144781145,891,0.0,142.65544332211,2864,0,0,27.475955963134766,11c2a8b
DR,1086,245760,282,0.6524822695035462,473.209219858156,891,0.008978675645342313,172.4219977553311,891,0.004489337822671156,170.77441077441077,2864,0,0,27.475955963134766,11c2a8b
DR,1086,307200,282,0.07446808510638298,224.74822695035462,891,0.0,112.15712682379349,891,0.0,111.51515151515152,2864,0,0,27.475955963134766,11c2a8b
DR,1086,368640,282,0.0673758865248227,218.58156028368793,891,0.0,115.60830527497194,891,0.0,114.84848484848484,2864,0,0,27.475955963134766,11c2a8b
DR,1086,430080,282,0.36524822695035464,418.56382978723406,891,0.2143658810325477,218.39506172839506,891,0.1941638608305275,209.2716049382716,2864,0,0,27.475955963134766,11c2a8b
DR,1086,491520,282,0.9893617021276596,496.5390070921986,891,0.48709315375982043,283.62626262626264,891,0.46464646464646464,274.82716049382714,2864,0,0,27.475955963134766,11c2a8b
DR,1086,552960,282,0.8581560283687943,484.9609929078014,891,0.15600448933782268,230.9551066217733,891,0.1750841750841751,230.13355780022448,2864,0,0,27.475955963134766,11c2a8b
DR,1086,614400,282,0.9858156028368794,493.6276595744681,891,0.002244668911335578,55.991021324354655,891,0.001122334455667789,55.68911335578002,2864,0,0,27.475955963134766,11c2a8b
DR,1087,0,282,0.0,16.581560283687942,891,0.0,53.77665544332211,891,0.0,54.12457912457913,2794,0,0,27.675676107406616,11c2a8b
DR,1087,61440,282,0.028368794326241134,205.56382978723406,891,0.0,104.8675645342312,891,0.0,104.29629629629629,2794,0,0,27.675676107406616,11c2a8b
DR,1087,122880,282,0.2730496453900709,364.36524822695037,891,0.0,148.29517396184062,891,0.001122334455667789,146.63973063973063,2794,0,0,27.675676107406616,11c2a8b
DR,1087,184320,282,0.13829787234042554,316.9574468085106,891,0.001122334455667789,150.38159371492705,891,0.002244668911335578,149.74298540965208,2794,0,0,27.675676107406616,11c2a8b
DR,1087,245760,282,0.13829787234042554,344.5921985815603,891,0.005611672278338945,112.50841750841751,891,0.01122334455667789,114.51739618406285,2794,0,0,27.675676107406616,11c2a8b
DR,1087,307200,282,0.45390070921985815,419.0390070921986,891,0.06734006734006734,207.665544332211,891,0.04938271604938271,203.8574635241302,2794,0,0,27.675676107406616,11c2a8b
DR,1087,368640,282,0.9822695035460993,496.1808510638298,891,0.6857463524130191,404.13692480359146,891,0.6588103254769921,395.20089786756455,2794,0,0,27.675676107406616,11c2a8b
DR,1087,430080,282,0.9929078014184397,496.93971631205676,891,0.20426487093153758,161.95622895622895,891,0.19304152637485972,157.01795735129068,2794,0,0,27.675676107406616,11c2a8b
DR,1087,491520,282,0.3900709219858156,371.78014184397165,891,0.0,117.94949494949495,891,0.0,117.08754208754209,2794,0,0,27.675676107406616,11c2a8b
DR,1087,552960,282,0.9929078014184397,497.40070921985813,891,0.8305274971941639,431.0594837261504,891,0.8226711560044894,427.8249158249158,2794,0,0,27.675676107406616,11c2a8b
DR,1087,614400,282,0.9539007092198581,492.468085106383,891,0.5521885521885522,358.1537598204265,891,0.5387205387205387,346.5544332210999,2794,0,0,27.675676107406616,11c2a8b
DR,1088,0,282,0.0,11.932624113475176,891,0.0,24.56341189674523,891,0.0,23.98989898989899,2698,0,0,28.153062105178833,11c2a8b
DR,1088,61440,282,0.07801418439716312,242.1950354609929,891,0.0,114.66442199775533,891,0.0,113.94837261503928,2698,0,0,28.153062105178833,11c2a8b
DR,1088,122880,282,0.7836879432624113,474.72340425531917,891,0.006734006734006734,204.32547699214365,891,0.005611672278338945,196.8047138047138,2698,0,0,28.153062105178833,11c2a8b
DR,1088,184320,282,0.9361702127659575,491.88652482269504,891,0.41975308641975306,248.996632996633,891,0.4175084175084175,247.99102132435465,2698,0,0,28.153062105178833,11c2a8b
DR,1088,245760,282,0.1595744680851064,356.7695035460993,891,0.3995510662177329,289.40291806958476,891,0.3984287317620651,288.50280583613915,2698,0,0,28.153062105178833,11c2a8b
DR,1088,307200,282,0.3262411347517731,392.1276595744681,891,0.2356902356902357,251.43322109988776,891,0.21885521885521886,246.78114478114477,2698,0,0,28.153062105178833,11c2a8b
DR,1088,368640,282,0.12411347517730496,277.60283687943263,891,0.001122334455667789,133.38832772166106,891,0.0,131.77890011223346,2698,0,0,28.153062105178833,11c2a8b
DR,1088,430080,282,0.9822695035460993,497.468085106383,891,0.43546576879910215,260.7609427609428,891,0.4186307519640853,252.45791245791247,2698,0,0,28.153062105178833,11c2a8b
DR,1088,491520,282,0.9680851063829787,493.5673758865248,891,0.4837261503928171,277.5959595959596,891,0.49382716049382713,282.19191919191917,2698,0,0,28.153062105178833,11c2a8b
DR,1088,552960,282,0.9539007092198581,493.79432624113474,891,0.287317620650954,194.08978675645344,891,0.2570145903479237,183.14478114478115,2698,0,0,28.153062105178833,11c2a8b
DR,1088,614400,282,0.9929078014184397,497.0921985815603,891,0.7789001122334456,409.4523007856341,891,0.7687991021324355,404.60157126823793,2698,0,0,28.153062105178833,11c2a8b
DR,1089,0,282,0.0,27.56028368794326,891,0.0,12.974186307519641,891,0.0,12.856341189674524,2899,0,0,27.938868045806885,11c2a8b
DR,1089,61440,282,0.2553191489361702,338.1808510638298,891,0.0,139.95959595959596,891,0.0,138.44893378226712,2899,0,0,27.938868045806885,11c2a8b
DR,1089,122880,282,0.4326241134751773,395.9432624113475,891,0.001122334455667789,164.6240179573513,891,0.0,162.8428731762065,2899,0,0,27.938868045806885,11c2a8b
DR,1089,184320,282,0.9787234042553191,498.8191489361702,891,0.26936026936026936,274.4388327721661,891,0.26936026936026936,267.3097643097643,2899,0,0,27.938868045806885,11c2a8b
DR,1089,245760,282,0.14184397163120568,305.91843971631204,891,0.02132435465768799,186.57239057239056,891,0.031425364758698095,184.95622895622895,2899,0,0,27.938868045806885,11c2a8b
DR,1089,307200,282,0.9609929078014184,494.52127659574467,891,0.9012345679012346,460.7744107744108,891,0.8978675645342312,459.41301907968574,2899,0,0,27.938868045806885,11c2a8b
DR,1089,368640,282,0.08156028368794327,322.3085106382979,891,0.4062850729517396,287.8114478114478,891,0.3950617283950617,284.2255892255892,2899,0,0,27.938868045806885,11c2a8b
DR,1089,430080,282,0.03546099290780142,208.23758865248226,891,0.0,103.24579124579125,891,0.0,102.92143658810325,2899,0,0,27.938868045806885,11c2a8b
DR,1089,491520,282,0.975177304964539,495.09574468085106,891,0.6644219977553311,376.1571268237935,891,0.6453423120089786,368.35016835016836,2899,0,0,27.938868045806885,11c2a8b
DR,1089,552960,282,0.9822695035460993,491.9645390070922,891,0.002244668911335578,55.78675645342312,891,0.001122334455667789,55.46127946127946,2899,0,0,27.938868045806885,11c2a8b
DR,1089,614400,282,0.9893617021276596,495.27659574468083,891,0.002244668911335578,57.819304152637486,891,0.001122334455667789,57.450056116722784,2899,0,0,27.938868045806885,11c2a8b
DR,1090,0,282,0.0035460992907801418,45.663120567375884,891,0.0,18.24915824915825,891,0.0,18.164983164983166,2719,0,0,27.86473512649536,11c2a8b
DR,1090,61440,282,0.1879432624113475,298.77659574468083,891,0.0,128.2716049382716,891,0.0,127.13131313131314,2719,0,0,27.86473512649536,11c2a8b
DR,1090,122880,282,0.1347517730496454,314.17021276595744,891,0.0,131.55667789001123,891,0.0,131.02918069584737,2719,0,0,27.86473512649536,11c2a8b
DR,1090,184320,282,0.20921985815602837,333.5851063829787,891,0.0,139.78338945005612,891,0.0,138.64646464646464,2719,0,0,27.86473512649536,11c2a8b
DR,1090,245760,282,0.1453900709219858,293.8758865248227,891,0.014590347923681257,136.06846240179573,891,0.013468013468013467,134.15824915824916,2719,0,0,27.86473512649536,11c2a8b
DR,1090,307200,282,0.9645390070921985,493.7269503546099,891,0.2334455667789001,173.44781144781146,891,0.22109988776655443,167.60830527497194,2719,0,0,27.86473512649536,11c2a8b
DR,1090,368640,282,0.9645390070921985,490.3191489361702,891,0.8002244668911336,419.77104377104376,891,0.7811447811447811,411.8686868686869,2719,0,0,27.86473512649536,11c2a8b
DR,1090,430080,282,1.0,500.0,891,0.7261503928170595,385.2065095398429,891,0.7295173961840629,386.79910213243545,2719,0,0,27.86473512649536,11c2a8b
DR,1090,491520,282,0.9645390070921985,491.4432624113475,891,0.547699214365881,322.013468013468,891,0.5297418630751964,315.0,2719,0,0,27.86473512649536,11c2a8b
DR,1090,552960,282,0.8900709219858156,487.58156028368796,891,0.3479236812570146,259.2929292929293,891,0.3613916947250281,258.4320987654321,2719,0,0,27.86473512649536,11c2a8b
DR,1090,614400,282,0.9787234042553191,494.8900709219858,891,0.5982042648709316,330.56228956228955,891,0.5768799102132436,321.5218855218855,2719,0,0,27.86473512649536,11c2a8b
DR,1091,0,282,0.0,37.663120567375884,891,0.0,16.088664421997755,891,0.0,15.895622895622896,2573,0,0,27.89528775215149,11c2a8b
DR,1091,61440,282,0.1950354609929078,315.1595744680851,891,0.0,118.48484848484848,891,0.0,117.29180695847363,2573,0,0,27.89528775215149,11c2a8b
DR,1091,122880,282,0.0851063829787234,266.77659574468083,891,0.0,117.06172839506173,891,0.0,116.45679012345678,2573,0,0,27.89528775215149,11c2a8b
DR,1091,184320,282,0.1453900709219858,289.177304964539,891,0.001122334455667789,110.1358024691358,891,0.0,109.18967452300785,2573,0,0,27.89528775215149,11c2a8b
DR,1091,245760,282,0.6560283687943262,442.677304964539,891,0.1728395061728395,252.63973063973063,891,0.17620650953984288,251.8742985409652,2573,0,0,27.89528775215149,11c2a8b
DR,1091,307200,282,0.9397163120567376,486.20212765957444,891,0.4444444444444444,276.641975308642,891,0.4444444444444444,276.16161616161617,2573,0,0,27.89528775215149,11c2a8b
DR,1091,368640,282,0.8475177304964538,488.5744680851064,891,0.06734006734006734,199.44107744107745,891,0.058361391694725026,192.11335578002246,2573,0,0,27.89528775215149,11c2a8b
DR,1091,430080,282,0.9893617021276596,496.17021276595744,891,0.08754208754208755,103.40291806958474,891,0.06958473625140292,94.42087542087542,2573,0,0,27.89528775215149,11c2a8b
DR,1091,491520,282,0.9290780141843972,491.2411347517731,891,0.5488215488215489,307.2682379349046,891,0.5129068462401796,292.72951739618406,2573,0,0,27.89528775215149,11c2a8b
DR,1091,552960,282,0.9929078014184397,496.9432624113475,891,0.14702581369248036,130.3872053872054,891,0.13804713804713806,124.85072951739619,2573,0,0,27.89528775215149,11c2a8b
DR,1091,614400,282,0.9893617021276596,496.43617021276594,891,0.058361391694725026,87.95173961840628,891,0.05387205387205387,85.75533108866442,2573,0,0,27.89528775215149,11c2a8b
DR,1092,0,282,0.0,12.836879432624114,891,0.0,28.723905723905723,891,0.0,28.450056116722784,2724,0,0,28.028972864151,11c2a8b
DR,1092,61440,282,0.32978723404255317,370.5921985815603,891,0.0,179.0594837261504,891,0.0,176.324354657688,2724,0,0,28.028972864151,11c2a8b
DR,1092,122880,282,0.75177304964539,470.6985815602837,891,0.31986531986531985,337.1043771043771,891,0.29741863075196406,331.7485970819304,2724,0,0,28.028972864151,11c2a8b
DR,1092,184320,282,0.04609929078014184,197.15602836879432,891,0.0,103.29405162738496,891,0.0,103.13804713804714,2724,0,0,28.028972864151,11c2a8b
DR,1092,245760,282,0.4219858156028369,396.57801418439715,891,0.001122334455667789,172.11447811447812,891,0.0,170.010101010101,2724,0,0,28.028972864151,11c2a8b
DR,1092,307200,282,0.975177304964539,495.74468085106383,891,0.9169472502805837,466.1043771043771,891,0.9046015712682379,461.5286195286195,2724,0,0,28.028972864151,11c2a8b
DR,1092,368640,282,0.9290780141843972,484.14539007092196,891,0.5757575757575758,329.9304152637486,891,0.5723905723905723,327.7497194163861,2724,0,0,28.028972864151,11c2a8b
DR,1092,430080,282,0.9929078014184397,498.3049645390071,891,0.8518518518518519,439.45791245791247,891,0.8226711560044894,427.9405162738496,2724,0,0,28.028972864151,11c2a8b
DR,1092,491520,282,0.9822695035460993,494.08156028368796,891,0.16722783389450055,140.98204264870932,891,0.19079685746352412,149.88888888888889,2724,0,0,28.028972864151,11c2a8b
DR,1092,552960,282,0.9397163120567376,487.34397163120565,891,0.5129068462401796,307.1380471380471,891,0.5016835016835017,302.13019079685745,2724,0,0,28.028972864151,11c2a8b
DR,1092,614400,282,0.9964539007092199,498.40070921985813,891,0.20650953984287318,156.08978675645344,891,0.18069584736251404,144.67003367003366,2724,0,0,28.028972864151,11c2a8b
DR,1093,0,282,0.0,13.074468085106384,891,0.0,31.76094276094276,891,0.0,31.276094276094277,2723,0,0,27.405395984649658,11c2a8b
DR,1093,61440,282,0.06028368794326241,208.75886524822695,891,0.0,99.58810325476992,891,0.0,99.24579124579125,2723,0,0,27.405395984649658,11c2a8b
DR,1093,122880,282,0.0673758865248227,255.18794326241135,891,0.006734006734006734,146.665544332211,891,0.008978675645342313,143.87878787878788,2723,0,0,27.405395984649658,11c2a8b
DR,1093,184320,282,0.028368794326241134,245.17730496453902,891,0.0,108.22895622895624,891,0.0,106.68237934904602,2723,0,0,27.405395984649658,11c2a8b
DR,1093,245760,282,0.11347517730496454,267.5921985815603,891,0.0,112.67564534231201,891,0.0,112.05948372615039,2723,0,0,27.405395984649658,11c2a8b
DR,1093,307200,282,0.9929078014184397,498.4609929078014,891,0.7418630751964085,393.6666666666667,891,0.7497194163860831,396.31874298540964,2723,0,0,27.405395984649658,11c2a8b
DR,1093,368640,282,0.975177304964539,490.40425531914894,891,0.002244668911335578,55.88552188552188,891,0.0,55.44107744107744,2723,0,0,27.405395984649658,11c2a8b
DR,1093,430080,282,0.9893617021276596,496.40425531914894,891,0.2132435465768799,157.23456790123456,891,0.18181818181818182,143.4949494949495,2723,0,0,27.405395984649658,11c2a8b
DR,1093,491520,282,0.9822695035460993,496.40425531914894,891,0.3557800224466891,220.2334455667789,891,0.34118967452300786,214.3905723905724,2723,0,0,27.405395984649658,11c2a8b
DR,1093,552960,282,0.9858156028368794,497.6099290780142,891,0.6621773288439955,358.2918069584736,891,0.6790123456790124,365.4433221099888,2723,0,0,27.405395984649658,11c2a8b
DR,1093,614400,282,0.9858156028368794,495.6950354609929,891,0.4332210998877666,252.11111111111111,891,0.42424242424242425,248.55892255892255,2723,0,0,27.405395984649658,11c2a8b
DR,1094,0,282,0.0,12.50354609929078,891,0.0,17.714927048260382,891,0.0,17.879910213243548,2876,0,0,27.496325969696045,11c2a8b
DR,1094,61440,282,0.1347517730496454,265.89716312056737,891,0.0,108.80695847362514,891,0.0,108.12682379349046,2876,0,0,27.496325969696045,11c2a8b
DR,1094,122880,282,0.6737588652482269,458.822695035461,891,0.03254769921436588,229.79236812570147,891,0.029180695847362513,226.42985409652076,2876,0,0,27.496325969696045,11c2a8b
DR,1094,184320,282,0.16666666666666666,341.6489361702128,891,0.0,65.01459034792369,891,0.0,64.91358024691358,2876,0,0,27.496325969696045,11c2a8b
DR,1094,245760,282,0.35106382978723405,396.531914893617,891,0.0,67.39169472502806,891,0.0,67.53647586980921,2876,0,0,27.496325969696045,11c2a8b
DR,1094,307200,282,0.04964539007092199,259.28723404255317,891,0.0,110.4287317620651,891,0.0,112.68350168350169,2876,0,0,27.496325969696045,11c2a8b
DR,1094,368640,282,0.851063829787234,484.4574468085106,891,0.08080808080808081,174.83164983164983,891,0.08641975308641975,170.59034792368126,2876,0,0,27.496325969696045,11c2a8b
DR,1094,430080,282,0.9184397163120568,491.8758865248227,891,0.12008978675645342,171.25701459034792,891,0.09876543209876543,161.00224466891135,2876,0,0,27.496325969696045,11c2a8b
DR,1094,491520,282,0.9893617021276596,495.36524822695037,891,0.007856341189674524,62.71380471380471,891,0.004489337822671156,61.43883277216611,2876,0,0,27.496325969696045,11c2a8b
DR,1094,552960,282,0.9539007092198581,478.64539007092196,891,0.002244668911335578,55.73063973063973,891,0.0,55.268237934904604,2876,0,0,27.496325969696045,11c2a8b
DR,1094,614400,282,0.9716312056737588,493.5567375886525,891,0.8731762065095399,450.0942760942761,891,0.8720538720538721,449.300785634119,2876,0,0,27.496325969696045,11c2a8b
DR,1095,0,282,0.0,13.407801418439716,891,0.0,25.44107744107744,891,0.0,24.30415263748597,2688,0,0,28.2124981880188,11c2a8b
DR,1095,61440,282,0.30141843971631205,377.7695035460993,891,0.0,176.5331088664422,891,0.0,176.75196408529743,2688,0,0,28.2124981880188,11c2a8b
DR,1095,122880,282,0.08156028368794327,252.36524822695034,891,0.0,115.28170594837262,891,0.0,114.69472502805836,2688,0,0,28.2124981880188,11c2a8b
DR,1095,184320,282,0.5106382978723404,415.02836879432624,891,0.014590347923681257,188.83838383838383,891,0.015712682379349047,186.04713804713805,2688,0,0,28.2124981880188,11c2a8b
DR,1095,245760,282,0.0425531914893617,199.99290780141843,891,0.002244668911335578,124.65656565656566,891,0.003367003367003367,123.9337822671156,2688,0,0,28.2124981880188,11c2a8b
DR,1095,307200,282,0.9893617021276596,498.3333333333333,891,0.8911335578002245,456.3591470258137,891,0.8843995510662177,454.2233445566779,2688,0,0,28.2124981880188,11c2a8b
DR,1095,368640,282,0.9929078014184397,497.98936170212767,891,0.8204264870931538,427.14365881032546,891,0.7991021324354658,418.2570145903479,2688,0,0,28.2124981880188,11c2a8b
DR,1095,430080,282,0.9716312056737588,494.1276595744681,891,0.9034792368125701,461.2065095398429,891,0.8933782267115601,457.19640852974186,2688,0,0,28.2124981880188,11c2a8b
DR,1095,491520,282,0.9539007092198581,494.48936170212767,891,0.24579124579124578,175.1986531986532,891,0.21997755331088664,164.1818181818182,2688,0,0,28.2124981880188,11c2a8b
DR,1095,552960,282,0.9893617021276596,495.3758865248227,891,0.002244668911335578,64.35465768799102,891,0.001122334455667789,64.05387205387206,2688,0,0,28.2124981880188,11c2a8b
DR,1095,614400,282,0.9929078014184397,499.17021276595744,891,0.4186307519640853,254.9584736251403,891,0.4074074074074074,249.66778900112234,2688,0,0,28.2124981880188,11c2a8b
DR,1096,0,282,0.03900709219858156,65.59219858156028,891,0.0,22.050505050505052,891,0.0,22.021324354657686,2620,0,0,28.261940956115723,11c2a8b
DR,1096,61440,282,0.0851063829787234,258.17021276595744,891,0.0,117.09539842873176,891,0.0,116.22895622895624,2620,0,0,28.261940956115723,11c2a8b
DR,1096,122880,282,0.3900709219858156,385.6595744680851,891,0.0,164.4186307519641,891,0.001122334455667789,162.60044893378227,2620,0,0,28.261940956115723,11c2a8b
DR,1096,184320,282,0.9609929078014184,492.58156028368796,891,0.8237934904601572,428.719416386083,891,0.8125701459034792,424.24915824915826,2620,0,0,28.261940956115723,11c2a8b
DR,1096,245760,282,0.3829787234042553,397.1489361702128,891,0.006734006734006734,133.86868686868686,891,0.004489337822671156,126.8294051627385,2620,0,0,28.261940956115723,11c2a8b
DR,1096,307200,282,0.9716312056737588,494.0921985815603,891,0.20763187429854096,157.54096520763187,891,0.2334455667789001,167.6206509539843,2620,0,0,28.261940956115723,11c2a8b
DR,1096,368640,282,0.9893617021276596,495.3156028368794,891,0.0,60.480359147025816,891,0.001122334455667789,60.95061728395062,2620,0,0,28.261940956115723,11c2a8b
DR,1096,430080,282,0.9858156028368794,494.8829787234043,891,0.002244668911335578,59.61952861952862,891,0.0,59.04040404040404,2620,0,0,28.261940956115723,11c2a8b
DR,1096,491520,282,0.925531914893617,485.6843971631206,891,0.5970819304152637,340.7586980920314,891,0.5847362514029181,335.20763187429856,2620,0,0,28.261940956115723,11c2a8b
DR,1096,552960,282,0.9964539007092199,498.4113475177305,891,0.33108866442199775,212.3804713804714,891,0.30303030303030304,200.675645342312,2620,0,0,28.261940956115723,11c2a8b
DR,1096,614400,282,0.9964539007092199,498.48581560283685,891,0.8529741863075196,441.6408529741863,891,0.8540965207631874,442.13916947250283,2620,0,0,28.261940956115723,11c2a8b
DR,1097,0,282,0.0,12.099290780141844,891,0.0,27.27048260381594,891,0.0,26.91358024691358,2761,0,0,21.978394746780396,11c2a8b
DR,1097,61440,282,0.10283687943262411,237.04255319148936,891,0.0,101.78675645342312,891,0.0,101.34006734006734,2761,0,0,21.978394746780396,11c2a8b
DR,1097,122880,282,0.0673758865248227,245.58510638297872,891,0.0,118.05948372615039,891,0.0,117.18518518518519,2761,0,0,21.978394746780396,11c2a8b
DR,1097,184320,282,0.9680851063829787,496.66312056737587,891,0.9472502805836139,479.314253647587,891,0.9393939393939394,476.320987654321,2761,0,0,21.978394746780396,11c2a8b
DR,1097,245760,282,0.17375886524822695,361.79787234042556,891,0.4219977553310887,284.2345679012346,891,0.4175084175084175,281.5679012345679,2761,0,0,21.978394746780396,11c2a8b
DR,1097,307200,282,0.7801418439716312,451.3758865248227,891,0.06397306397306397,166.34006734006735,891,0.06060606060606061,164.17508417508418,2761,0,0,21.978394746780396,11c2a8b
DR,1097,368640,282,0.1702127659574468,280.7482269503546,891,0.0,105.85634118967452,891,0.0,105.72278338945006,2761,0,0,21.978394746780396,11c2a8b
DR,1097,430080,282,0.8581560283687943,478.1914893617021,891,0.5701459034792368,329.5611672278339,891,0.5622895622895623,325.69135802469134,2761,0,0,21.978394746780396,11c2a8b
DR,1097,491520,282,0.9290780141843972,486.56028368794324,891,0.44556677890011226,278.46576879910214,891,0.4332210998877666,273.48933782267113,2761,0,0,21.978394746780396,11c2a8b
DR,1097,552960,282,0.9964539007092199,499.1666666666667,891,0.7845117845117845,410.5892255892256,891,0.7665544332210998,403.17845117845116,2761,0,0,21.978394746780396,11c2a8b
DR,1097,614400,282,0.9893617021276596,498.02127659574467,891,0.9214365881032548,468.73961840628505,891,0.9113355780022446,464.67003367003366,2761,0,0,21.978394746780396,11c2a8b
DR,1098,0,282,0.03900709219858156,79.84397163120568,891,0.0,24.637485970819306,891,0.0,24.615039281705947,2946,0,0,21.132487058639526,11c2a8b
DR,1098,61440,282,0.08156028368794327,237.42198581560282,891,0.0,108.5746352413019,891,0.0,107.94276094276094,2946,0,0,21.132487058639526,11c2a8b
DR,1098,122880,282,0.2730496453900709,381.3085106382979,891,0.030303030303030304,157.58249158249157,891,0.028058361391694726,147.48597081930416,2946,0,0,21.132487058639526,11c2a8b
DR,1098,184320,282,0.11347517730496454,270.64539007092196,891,0.02132435465768799,148.46464646464648,891,0.03367003367003367,146.36700336700338,2946,0,0,21.132487058639526,11c2a8b
DR,1098,245760,282,0.3546099290780142,370.1950354609929,891,0.001122334455667789,153.7699214365881,891,0.0,151.68911335578002,2946,0,0,21.132487058639526,11c2a8b
DR,1098,307200,282,0.9042553191489362,487.5177304964539,891,0.008978675645342313,160.63299663299662,891,0.008978675645342313,161.3804713804714,2946,0,0,21.132487058639526,11c2a8b
DR,1098,368640,282,0.0425531914893617,198.2127659574468,891,0.0,100.92929292929293,891,0.0,100.71380471380472,2946,0,0,21.132487058639526,11c2a8b
DR,1098,430080,282,0.031914893617021274,212.27659574468086,891,0.002244668911335578,135.6240179573513,891,0.001122334455667789,136.72727272727272,2946,0,0,21.132487058639526,11c2a8b
DR,1098,491520,282,0.9893617021276596,496.71276595744683,891,0.22109988776655443,164.9057239057239,891,0.1919191919191919,151.78226711560046,2946,0,0,21.132487058639526,11c2a8b
DR,1098,552960,282,0.9893617021276596,495.28014184397165,891,0.0,60.235690235690235,891,0.002244668911335578,60.40965207631874,2946,0,0,21.132487058639526,11c2a8b
DR,1098,614400,282,0.9929078014184397,498.12056737588654,891,0.48148148148148145,279.93265993265993,891,0.4668911335578002,274.12794612794613,2946,0,0,21.132487058639526,11c2a8b
DR,1099,0,282,0.0,19.822695035460992,891,0.0,44.36363636363637,891,0.0,44.75869809203142,2971,0,0,21.09050226211548,11c2a8b
DR,1099,61440,282,0.39361702127659576,405.7695035460993,891,0.03591470258136925,214.88103254769922,891,0.03367003367003367,205.02132435465768,2971,0,0,21.09050226211548,11c2a8b
DR,1099,122880,282,0.08156028368794327,261.47872340425533,891,0.0,115.70707070707071,891,0.0,114.96296296296296,2971,0,0,21.09050226211548,11c2a8b
DR,1099,184320,282,0.05673758865248227,248.3581560283688,891,0.013468013468013467,157.0662177328844,891,0.014590347923681257,154.15824915824916,2971,0,0,21.09050226211548,11c2a8b
DR,1099,245760,282,0.9858156028368794,494.79787234042556,891,0.02244668911335578,74.95735129068463,891,0.029180695847362513,77.06060606060606,2971,0,0,21.09050226211548,11c2a8b
DR,1099,307200,282,0.028368794326241134,200.93262411347519,891,0.0,105.71043771043772,891,0.0,105.05836139169473,2971,0,0,21.09050226211548,11c2a8b
DR,1099,368640,282,0.723404255319149,455.0567375886525,891,0.1447811447811448,230.05836139169472,891,0.1447811447811448,228.5263748597082,2971,0,0,21.09050226211548,11c2a8b
DR,1099,430080,282,0.723404255319149,467.322695035461,891,0.34231200897867564,283.6026936026936,891,0.33557800224466894,278.2502805836139,2971,0,0,21.09050226211548,11c2a8b
DR,1099,491520,282,0.9680851063829787,491.78723404255317,891,0.15824915824915825,142.06060606060606,891,0.18181818181818182,149.70482603815938,2971,0,0,21.09050226211548,11c2a8b
DR,1099,552960,282,0.925531914893617,491.08156028368796,891,0.2828282828282828,211.35578002244668,891,0.23232323232323232,193.02581369248037,2971,0,0,21.09050226211548,11c2a8b
DR,1099,614400,282,0.9680851063829787,492.07801418439715,891,0.8035914702581369,421.98428731762067,891,0.7755331088664422,410.52525252525254,2971,0,0,21.09050226211548,11c2a8b
DR,1100,0,282,0.0,15.0,891,0.0,37.89001122334456,891,0.0,38.98765432098765,2813,0,0,20.35319972038269,11c2a8b
DR,1100,61440,282,0.09929078014184398,268.20212765957444,891,0.0,114.91582491582491,891,0.0,114.08193041526376,2813,0,0,20.35319972038269,11c2a8b
DR,1100,122880,282,0.04609929078014184,224.83333333333334,891,0.0,107.02581369248036,891,0.0,106.5263748597082,2813,0,0,20.35319972038269,11c2a8b
DR,1100,184320,282,0.09574468085106383,272.1985815602837,891,0.0,117.93490460157126,891,0.0,117.18518518518519,2813,0,0,20.35319972038269,11c2a8b
DR,1100,245760,282,0.0851063829787234,230.60638297872342,891,0.0,105.60493827160494,891,0.0,105.33894500561168,2813,0,0,20.35319972038269,11c2a8b
DR,1100,307200,282,0.5531914893617021,417.4503546099291,891,0.16947250280583614,236.13468013468014,891,0.15937149270482603,229.16498316498317,2813,0,0,20.35319972038269,11c2a8b
DR,1100,368640,282,0.8120567375886525,472.6489361702128,891,0.8170594837261503,426.49943883277217,891,0.7991021324354658,418.95061728395063,2813,0,0,20.35319972038269,11c2a8b
DR,1100,430080,282,0.6666666666666666,427.5851063829787,891,0.2783389450056117,215.25140291806957,891,0.2615039281705948,208.20314253647587,2813,0,0,20.35319972038269,11c2a8b
DR,1100,491520,282,0.9787234042553191,490.468085106383,891,0.001122334455667789,57.0942760942761,891,0.001122334455667789,56.82828282828283,2813,0,0,20.35319972038269,11c2a8b
DR,1100,552960,282,0.9929078014184397,496.91843971631204,891,0.010101010101010102,72.83164983164983,891,0.016835016835016835,75.06172839506173,2813,0,0,20.35319972038269,11c2a8b
DR,1100,614400,282,0.9787234042553191,495.6595744680851,891,0.590347923681257,339.78563411896744,891,0.5858585858585859,338.317620650954,2813,0,0,20.35319972038269,11c2a8b
DR,1104,0,282,0.0,13.322695035460994,891,0.0,27.836139169472503,891,0.0,28.397306397306398,3156,0,0,27.72882890701294,223444b
DR,1104,61440,282,0.12056737588652482,286.34751773049646,891,0.0,115.18967452300785,891,0.0,114.25589225589225,3156,0,0,27.72882890701294,223444b
DR,1104,122880,282,0.12411347517730496,293.86170212765956,891,0.0,133.27609427609428,891,0.0,131.9719416386083,3156,0,0,27.72882890701294,223444b
DR,1104,184320,282,0.9893617021276596,498.1418439716312,891,0.9158249158249159,465.6296296296296,891,0.8956228956228957,457.54882154882154,3156,0,0,27.72882890701294,223444b
DR,1104,245760,282,0.07446808510638298,246.4113475177305,891,0.0,124.42424242424242,891,0.0,123.11784511784512,3156,0,0,27.72882890701294,223444b
DR,1104,307200,282,0.03900709219858156,257.62056737588654,891,0.28619528619528617,258.969696969697,891,0.265993265993266,253.88664421997754,3156,0,0,27.72882890701294,223444b
DR,1104,368640,282,0.14184397163120568,286.9822695035461,891,0.0,119.72839506172839,891,0.0,118.68462401795735,3156,0,0,27.72882890701294,223444b
DR,1104,430080,282,0.13120567375886524,300.3191489361702,891,0.0,123.22671156004489,891,0.0,122.00785634118968,3156,0,0,27.72882890701294,223444b
DR,1104,491520,282,0.6808510638297872,448.42198581560285,891,0.44107744107744107,297.7081930415264,891,0.4298540965207632,293.16947250280583,3156,0,0,27.72882890701294,223444b
DR,1104,552960,282,0.14893617021276595,318.64539007092196,891,0.002244668911335578,139.02020202020202,891,0.001122334455667789,137.41189674523008,3156,0,0,27.72882890701294,223444b
DR,1104,614400,282,0.028368794326241134,242.67730496453902,891,0.08080808080808081,179.5230078563412,891,0.06958473625140292,172.48709315375982,3156,0,0,27.72882890701294,223444b
DR,1101,0,282,0.0,13.670212765957446,891,0.0,34.35353535353536,891,0.0,34.26599326599327,2664,0,0,28.539851903915405,223444b
DR,1101,61440,282,0.06382978723404255,221.52482269503545,891,0.0,117.73063973063974,891,0.0,116.92480359147025,2664,0,0,28.539851903915405,223444b
DR,1101,122880,282,0.03900709219858156,226.24468085106383,891,0.0,121.53535353535354,891,0.0,120.46801346801347,2664,0,0,28.539851903915405,223444b
DR,1101,184320,282,0.04609929078014184,231.24113475177305,891,0.003367003367003367,139.04713804713805,891,0.005611672278338945,141.7182940516274,2664,0,0,28.539851903915405,223444b
DR,1101,245760,282,0.6666666666666666,462.7269503546099,891,0.013468013468013467,100.03254769921436,891,0.013468013468013467,103.20089786756454,2664,0,0,28.539851903915405,223444b
DR,1101,307200,282,0.8475177304964538,485.0248226950355,891,0.36924803591470257,310.21099887766553,891,0.35914702581369246,305.1099887766554,2664,0,0,28.539851903915405,223444b
DR,1101,368640,282,1.0,500.0,891,0.5723905723905723,321.8047138047138,891,0.569023569023569,320.682379349046,2664,0,0,28.539851903915405,223444b
DR,1101,430080,282,0.8085106382978723,464.48581560283685,891,0.3793490460157127,282.4298540965208,891,0.367003367003367,276.20089786756455,2664,0,0,28.539851903915405,223444b
DR,1101,491520,282,0.9893617021276596,498.0248226950355,891,0.611672278338945,336.6071829405163,891,0.622895622895623,341.59034792368124,2664,0,0,28.539851903915405,223444b
DR,1101,552960,282,0.9929078014184397,496.8936170212766,891,0.2615039281705948,178.02020202020202,891,0.26262626262626265,177.78002244668912,2664,0,0,28.539851903915405,223444b
DR,1101,614400,282,0.9964539007092199,498.5070921985816,891,0.8451178451178452,437.2985409652076,891,0.8316498316498316,431.89337822671155,2664,0,0,28.539851903915405,223444b
DR,1102,0,282,0.0,12.77304964539007,891,0.0,23.830527497194165,891,0.0,23.977553310886645,2855,0,0,28.292481899261475,223444b
DR,1102,61440,282,0.09574468085106383,252.53191489361703,891,0.0,119.69584736251403,891,0.0,118.87991021324355,2855,0,0,28.292481899261475,223444b
DR,1102,122880,282,0.6808510638297872,463.8404255319149,891,0.07295173961840629,171.30751964085297,891,0.08305274971941638,171.20987654320987,2855,0,0,28.292481899261475,223444b
DR,1102,184320,282,0.08865248226950355,261.82978723404256,891,0.02244668911335578,151.36812570145904,891,0.019079685746352413,148.63860830527497,2855,0,0,28.292481899261475,223444b
DR,1102,245760,282,0.8297872340425532,481.4929078014184,891,0.006734006734006734,121.70707070707071,891,0.004489337822671156,121.28507295173962,2855,0,0,28.292481899261475,223444b
DR,1102,307200,282,0.375886524822695,376.09929078014187,891,0.0,124.45005611672278,891,0.001122334455667789,123.72278338945006,2855,0,0,28.292481899261475,223444b
DR,1102,368640,282,0.9822695035460993,495.1063829787234,891,0.9315375982042648,473.0145903479237,891,0.9304152637485971,472.5611672278339,2855,0,0,28.292481899261475,223444b
DR,1102,430080,282,0.0673758865248227,254.62765957446808,891,0.0,113.52188552188552,891,0.0,112.91582491582491,2855,0,0,28.292481899261475,223444b
DR,1102,491520,282,0.8156028368794326,472.56382978723406,891,0.4994388327721661,310.88664421997754,891,0.48148148148148145,303.5881032547699,2855,0,0,28.292481899261475,223444b
DR,1102,552960,282,0.975177304964539,490.9609929078014,891,0.0,56.88439955106622,891,0.0,56.754208754208754,2855,0,0,28.292481899261475,223444b
DR,1102,614400,282,0.776595744680851,477.3900709219858,891,0.2727272727272727,283.1885521885522,891,0.24017957351290684,274.40291806958476,2855,0,0,28.292481899261475,223444b
DR,1103,0,282,0.0,36.89007092198582,891,0.0,24.85185185185185,891,0.0,24.7317620650954,2645,0,0,28.373913049697876,223444b
DR,1103,61440,282,0.10638297872340426,271.5354609929078,891,0.0,114.26936026936026,891,0.0,113.37598204264872,2645,0,0,28.373913049697876,223444b
DR,1103,122880,282,0.07092198581560284,248.54964539007094,891,0.0,119.665544332211,891,0.0,118.94388327721661,2645,0,0,28.373913049697876,223444b
DR,1103,184320,282,0.39361702127659576,383.99645390070924,891,0.007856341189674524,185.2368125701459,891,0.005611672278338945,182.64421997755332,2645,0,0,28.373913049697876,223444b
DR,1103,245760,282,0.9929078014184397,498.4432624113475,891,0.9147025813692481,466.0280583613917,891,0.9079685746352413,463.04713804713805,2645,0,0,28.373913049697876,223444b
DR,1103,307200,282,0.8226950354609929,480.20212765957444,891,0.004489337822671156,195.1503928170595,891,0.005611672278338945,187.19304152637486,2645,0,0,28.373913049697876,223444b
DR,1103,368640,282,0.9716312056737588,494.98936170212767,891,0.7138047138047138,384.34567901234567,891,0.7115600448933782,383.2053872053872,2645,0,0,28.373913049697876,223444b
DR,1103,430080,282,0.3617021276595745,344.34751773049646,891,0.001122334455667789,109.4040404040404,891,0.0,108.49046015712682,2645,0,0,28.373913049697876,223444b
DR,1103,491520,282,0.9822695035460993,495.15248226950354,891,0.654320987654321,359.979797979798,891,0.6419753086419753,355.45117845117846,2645,0,0,28.373913049697876,223444b
DR,1103,552960,282,0.9716312056737588,494.34397163120565,891,0.8035914702581369,422.6902356902357,891,0.7912457912457912,417.638608305275,2645,0,0,28.373913049697876,223444b
DR,1103,614400,282,0.9680851063829787,492.87943262411346,891,0.621773288439955,368.0830527497194,891,0.6172839506172839,366.05836139169475,2645,0,0,28.373913049697876,223444b
DR,1105,0,282,0.0,45.794326241134755,891,0.0,44.098765432098766,891,0.0,44.696969696969695,2799,0,0,28.524172067642212,223444b
DR,1105,61440,282,0.5886524822695035,441.20567375886526,891,0.03254769921436588,251.8080808080808,891,0.02356902356902357,247.2828282828283,2799,0,0,28.524172067642212,223444b
DR,1105,122880,282,0.24822695035460993,343.9255319148936,891,0.001122334455667789,128.44332210998877,891,0.0,127.28395061728395,2799,0,0,28.524172067642212,223444b
DR,1105,184320,282,0.8333333333333334,488.71276595744683,891,0.3041526374859708,328.34567901234567,891,0.287317620650954,322.8967452300786,2799,0,0,28.524172067642212,223444b
DR,1105,245760,282,0.9893617021276596,495.3510638297872,891,0.244668911335578,172.1492704826038,891,0.25813692480359146,177.42760942760944,2799,0,0,28.524172067642212,223444b
DR,1105,307200,282,0.75177304964539,460.8156028368794,891,0.001122334455667789,156.27721661054994,891,0.0,154.7351290684624,2799,0,0,28.524172067642212,223444b
DR,1105,368640,282,0.014184397163120567,165.34751773049646,891,0.0,101.84511784511784,891,0.0,101.25140291806959,2799,0,0,28.524172067642212,223444b
DR,1105,430080,282,0.07446808510638298,261.14539007092196,891,0.0,115.45566778900113,891,0.0,114.77890011223344,2799,0,0,28.524172067642212,223444b
DR,1105,491520,282,0.9929078014184397,497.92198581560285,891,0.4444444444444444,264.6599326599327,891,0.4163860830527497,252.0628507295174,2799,0,0,28.524172067642212,223444b
DR,1105,552960,282,0.9822695035460993,493.66312056737587,891,0.001122334455667789,60.99775533108866,891,0.005611672278338945,62.54769921436588,2799,0,0,28.524172067642212,223444b
DR,1105,614400,282,0.9574468085106383,490.5673758865248,891,0.1829405162738496,146.91919191919192,891,0.19865319865319866,153.4186307519641,2799,0,0,28.524172067642212,223444b
DR,1106,0,282,0.0,51.237588652482266,891,0.0,43.55780022446689,891,0.0,43.48148148148148,2987,0,0,28.589592218399048,223444b
DR,1106,61440,282,0.7978723404255319,475.8723404255319,891,0.013468013468013467,285.93602693602696,891,0.019079685746352413,283.2985409652076,2987,0,0,28.589592218399048,223444b
DR,1106,122880,282,0.12056737588652482,283.5177304964539,891,0.001122334455667789,131.92704826038158,891,0.0,130.65544332211,2987,0,0,28.589592218399048,223444b
DR,1106,184320,282,0.04964539007092199,252.07801418439718,891,0.06621773288439955,192.24915824915826,891,0.04938271604938271,190.31986531986533,2987,0,0,28.589592218399048,223444b
DR,1106,245760,282,0.9893617021276596,496.10283687943263,891,0.6734006734006734,363.16947250280583,891,0.691358024691358,370.4343434343434,2987,0,0,28.589592218399048,223444b
DR,1106,307200,282,0.06028368794326241,242.96453900709218,891,0.013468013468013467,159.06846240179573,891,0.010101010101010102,156.30190796857462,2987,0,0,28.589592218399048,223444b
DR,1106,368640,282,0.22340425531914893,354.42198581560285,891,0.016835016835016835,157.35129068462402,891,0.02132435465768799,159.87766554433222,2987,0,0,28.589592218399048,223444b
DR,1106,430080,282,0.2624113475177305,363.5673758865248,891,0.0,134.35690235690237,891,0.0,133.675645342312,2987,0,0,28.589592218399048,223444b
DR,1106,491520,282,0.875886524822695,478.9751773049645,891,0.7115600448933782,386.9382716049383,891,0.7081930415263749,385.35353535353534,2987,0,0,28.589592218399048,223444b
DR,1106,552960,282,0.6666666666666666,427.85460992907804,891,0.13468013468013468,167.40740740740742,891,0.1425364758698092,169.20875420875421,2987,0,0,28.589592218399048,223444b
DR,1106,614400,282,0.031914893617021274,200.86879432624113,891,0.04040404040404041,135.9450056116723,891,0.04489337822671156,135.658810325477,2987,0,0,28.589592218399048,223444b
DR,1107,0,282,0.0,42.833333333333336,891,0.0,18.631874298540964,891,0.0,18.554433221099888,2651,0,0,28.095298051834106,223444b
DR,1107,61440,282,0.13120567375886524,290.87943262411346,891,0.001122334455667789,153.9618406285073,891,0.0,152.07744107744108,2651,0,0,28.095298051834106,223444b
DR,1107,122880,282,0.1524822695035461,295.73758865248226,891,0.001122334455667789,126.26038159371492,891,0.0,125.1358024691358,2651,0,0,28.095298051834106,223444b
DR,1107,184320,282,0.1453900709219858,307.8723404255319,891,0.001122334455667789,135.74074074074073,891,0.0,134.92929292929293,2651,0,0,28.095298051834106,223444b
DR,1107,245760,282,0.7198581560283688,466.75531914893617,891,0.38496071829405165,323.0112233445567,891,0.38159371492704824,320.51627384960716,2651,0,0,28.095298051834106,223444b
DR,1107,307200,282,0.20921985815602837,337.3262411347518,891,0.014590347923681257,167.12457912457913,891,0.020202020202020204,164.46464646464648,2651,0,0,28.095298051834106,223444b
DR,1107,368640,282,0.9893617021276596,495.31205673758865,891,0.003367003367003367,60.1638608305275,891,0.002244668911335578,59.98428731762065,2651,0,0,28.095298051834106,223444b
DR,1107,430080,282,0.9964539007092199,499.91843971631204,891,0.8810325476992144,452.0729517396184,891,0.8630751964085297,445.3860830527497,2651,0,0,28.095298051834106,223444b
DR,1107,491520,282,0.5851063829787234,451.4468085106383,891,0.15151515151515152,203.07407407407408,891,0.17957351290684623,211.23569023569024,2651,0,0,28.095298051834106,223444b
DR,1107,552960,282,0.9893617021276596,495.2730496453901,891,0.002244668911335578,56.72839506172839,891,0.0,56.2996632996633,2651,0,0,28.095298051834106,223444b
DR,1107,614400,282,0.9822695035460993,491.968085106383,891,0.002244668911335578,55.9618406285073,891,0.001122334455667789,55.65319865319865,2651,0,0,28.095298051834106,223444b
DR,1108,0,282,0.0,27.113475177304963,891,0.0,13.735129068462403,891,0.0,13.530864197530864,2805,0,0,27.836628913879395,223444b
DR,1108,61440,282,0.13120567375886524,247.61702127659575,891,0.0,101.8294051627385,891,0.0,101.37822671156005,2805,0,0,27.836628913879395,223444b
DR,1108,122880,282,0.07446808510638298,274.3156028368794,891,0.0,129.1290684624018,891,0.0,129.40965207631874,2805,0,0,27.836628913879395,223444b
DR,1108,184320,282,0.12411347517730496,294.2163120567376,891,0.006734006734006734,145.28731762065095,891,0.003367003367003367,142.27609427609428,2805,0,0,27.836628913879395,223444b
DR,1108,245760,282,0.07092198581560284,309.28723404255317,891,0.38159371492704824,276.68462401795733,891,0.37485970819304154,274.72278338945006,2805,0,0,27.836628913879395,223444b
DR,1108,307200,282,0.8936170212765957,486.63120567375887,891,0.1739618406285073,299.79910213243545,891,0.16161616161616163,293.93602693602696,2805,0,0,27.836628913879395,223444b
DR,1108,368640,282,0.9822695035460993,495.9255319148936,891,0.8462401795735129,438.1268237934905,891,0.8226711560044894,428.53423120089786,2805,0,0,27.836628913879395,223444b
DR,1108,430080,282,0.9468085106382979,494.6666666666667,891,0.936026936026936,474.58024691358025,891,0.9169472502805837,467.1739618406285,2805,0,0,27.836628913879395,223444b
DR,1108,491520,282,0.9893617021276596,495.3049645390071,891,0.012345679012345678,67.006734006734,891,0.013468013468013467,67.32884399551067,2805,0,0,27.836628913879395,223444b
DR,1108,552960,282,0.9858156028368794,496.6914893617021,891,0.8428731762065096,436.40179573512904,891,0.8417508417508418,435.5173961840629,2805,0,0,27.836628913879395,223444b
DR,1108,614400,282,0.9893617021276596,497.29787234042556,891,0.8181818181818182,426.56677890011224,891,0.8181818181818182,425.97081930415266,2805,0,0,27.836628913879395,223444b
DR,1109,0,282,0.0,10.98581560283688,891,0.0,15.88888888888889,891,0.0,15.41077441077441,2882,0,0,27.67888593673706,223444b
DR,1109,61440,282,0.1347517730496454,289.37943262411346,891,0.0,117.40179573512907,891,0.0,116.36924803591471,2882,0,0,27.67888593673706,223444b
DR,1109,122880,282,0.32978723404255317,357.50354609929076,891,0.001122334455667789,133.53086419753086,891,0.0,131.97755331088663,2882,0,0,27.67888593673706,223444b
DR,1109,184320,282,0.06382978723404255,261.78014184397165,891,0.0,124.72839506172839,891,0.0,123.88215488215488,2882,0,0,27.67888593673706,223444b
DR,1109,245760,282,0.19148936170212766,322.9148936170213,891,0.001122334455667789,116.66666666666667,891,0.0,115.7384960718294,2882,0,0,27.67888593673706,223444b
DR,1109,307200,282,0.13829787234042554,282.36879432624113,891,0.06509539842873176,147.06172839506172,891,0.051627384960718295,144.97530864197532,2882,0,0,27.67888593673706,223444b
DR,1109,368640,282,0.9361702127659575,482.63475177304963,891,0.35353535353535354,242.69809203142538,891,0.3288439955106622,233.10325476992145,2882,0,0,27.67888593673706,223444b
DR,1109,430080,282,0.4716312056737589,390.6914893617021,891,0.04152637485970819,189.82154882154882,891,0.04489337822671156,190.73288439955107,2882,0,0,27.67888593673706,223444b
DR,1109,491520,282,0.9361702127659575,488.85460992907804,891,0.654320987654321,361.7845117845118,891,0.6554433221099888,362.020202020202,2882,0,0,27.67888593673706,223444b
DR,1109,552960,282,0.9964539007092199,498.4822695035461,891,0.8608305274971941,444.9517396184063,891,0.8484848484848485,439.8956228956229,2882,0,0,27.67888593673706,223444b
DR,1109,614400,282,0.9893617021276596,496.83687943262413,891,0.26374859708193044,183.4186307519641,891,0.2558922558922559,179.6273849607183,2882,0,0,27.67888593673706,223444b
DR,1110,0,282,0.0,31.97517730496454,891,0.0,15.551066217732885,891,0.0,15.493827160493828,2907,0,0,27.308915853500366,223444b
DR,1110,61440,282,0.24468085106382978,333.85460992907804,891,0.0,144.78787878787878,891,0.0,143.4668911335578,2907,0,0,27.308915853500366,223444b
DR,1110,122880,282,0.031914893617021274,189.1241134751773,891,0.0,96.92929292929293,891,0.0,96.68799102132435,2907,0,0,27.308915853500366,223444b
DR,1110,184320,282,0.8971631205673759,491.07092198581563,891,0.0707070707070707,255.11447811447812,891,0.052749719416386086,250.72727272727272,2907,0,0,27.308915853500366,223444b
DR,1110,245760,282,0.12411347517730496,289.7163120567376,891,0.0,138.58698092031426,891,0.0,136.986531986532,2907,0,0,27.308915853500366,223444b
DR,1110,307200,282,0.09929078014184398,292.1170212765957,891,0.0,128.05050505050505,891,0.0,127.09203142536475,2907,0,0,27.308915853500366,223444b
DR,1110,368640,282,0.9893617021276596,496.4078014184397,891,0.48709315375982043,286.8922558922559,891,0.4904601571268238,287.82154882154884,2907,0,0,27.308915853500366,223444b
DR,1110,430080,282,0.5177304964539007,457.92907801418437,891,0.4590347923681257,348.4702581369248,891,0.4590347923681257,344.74635241301905,2907,0,0,27.308915853500366,223444b
DR,1110,491520,282,0.9929078014184397,498.0673758865248,891,0.8967452300785634,458.16610549943886,891,0.8787878787878788,450.675645342312,2907,0,0,27.308915853500366,223444b
DR,1110,552960,282,0.9822695035460993,495.9078014184397,891,0.6094276094276094,370.6139169472503,891,0.5948372615039281,364.1313131313131,2907,0,0,27.308915853500366,223444b
DR,1110,614400,282,0.01773049645390071,242.03191489361703,891,0.0,211.42312008978675,891,0.0,210.70482603815938,2907,0,0,27.308915853500366,223444b
DR,1111,0,282,0.0,12.141843971631205,891,0.0,29.56341189674523,891,0.0,27.803591470258137,2662,0,0,28.089630842208862,223444b
DR,1111,61440,282,0.07446808510638298,253.9822695035461,891,0.0,104.24579124579125,891,0.0,103.5959595959596,2662,0,0,28.089630842208862,223444b
DR,1111,122880,282,0.599290780141844,449.8014184397163,891,0.24354657687991021,296.41301907968574,891,0.23120089786756454,292.3838383838384,2662,0,0,28.089630842208862,223444b
DR,1111,184320,282,0.4078014184397163,399.4503546099291,891,0.07407407407407407,195.88327721661054,891,0.06172839506172839,194.2716049382716,2662,0,0,28.089630842208862,223444b
DR,1111,245760,282,0.48936170212765956,437.49645390070924,891,0.38159371492704824,295.0628507295174,891,0.37485970819304154,288.58249158249157,2662,0,0,28.089630842208862,223444b
DR,1111,307200,282,0.8333333333333334,478.322695035461,891,0.003367003367003367,208.90347923681256,891,0.003367003367003367,208.56565656565655,2662,0,0,28.089630842208862,223444b
DR,1111,368640,282,0.9539007092198581,491.290780141844,891,0.0,58.856341189674524,891,0.0,59.11784511784512,2662,0,0,28.089630842208862,223444b
DR,1111,430080,282,0.9787234042553191,496.58156028368796,891,0.9371492704826038,474.7665544332211,891,0.9292929292929293,471.665544332211,2662,0,0,28.089630842208862,223444b
DR,1111,491520,282,0.75177304964539,479.56382978723406,891,0.008978675645342313,150.67340067340066,891,0.003367003367003367,142.89113355780023,2662,0,0,28.089630842208862,223444b
DR,1111,552960,282,0.9929078014184397,497.0744680851064,891,0.2760942760942761,194.1537598204265,891,0.25252525252525254,183.67340067340066,2662,0,0,28.089630842208862,223444b
DR,1111,614400,282,0.9822695035460993,495.2269503546099,891,0.5207631874298541,299.1245791245791,891,0.5039281705948373,292.4006734006734,2662,0,0,28.089630842208862,223444b
DR,1112,0,282,0.0,38.89716312056738,891,0.0,19.783389450056116,891,0.0,19.77777777777778,2642,0,0,28.11863088607788,223444b
DR,1112,61440,282,0.03546099290780142,198.32624113475177,891,0.0,100.91806958473624,891,0.0,100.3557800224467,2642,0,0,28.11863088607788,223444b
DR,1112,122880,282,0.34397163120567376,393.3404255319149,891,0.017957351290684626,187.79573512906848,891,0.02132435465768799,183.26599326599327,2642,0,0,28.11863088607788,223444b
DR,1112,184320,282,0.2553191489361702,323.72340425531917,891,0.0,117.14141414141415,891,0.001122334455667789,116.66105499438832,2642,0,0,28.11863088607788,223444b
DR,1112,245760,282,0.07801418439716312,285.63829787234044,891,0.010101010101010102,111.20202020202021,891,0.004489337822671156,108.93265993265993,2642,0,0,28.11863088607788,223444b
DR,1112,307200,282,0.5921985815602837,449.9113475177305,891,0.12570145903479238,188.8193041526375,891,0.10998877665544332,179.09652076318744,2642,0,0,28.11863088607788,223444b
DR,1112,368640,282,0.9680851063829787,494.0744680851064,891,0.5836139169472503,323.368125701459,891,0.5869809203142536,325.0392817059484,2642,0,0,28.11863088607788,223444b
DR,1112,430080,282,0.975177304964539,495.6489361702128,891,0.34118967452300786,214.45454545454547,891,0.33108866442199775,210.50953984287318,2642,0,0,28.11863088607788,223444b
DR,1112,491520,282,0.9964539007092199,498.40070921985813,891,0.34231200897867564,216.25813692480358,891,0.3378226711560045,213.12345679012347,2642,0,0,28.11863088607788,223444b
DR,1112,552960,282,0.9858156028368794,495.74468085106383,891,0.7991021324354658,418.7384960718294,891,0.8103254769921436,422.87991021324353,2642,0,0,28.11863088607788,223444b
DR,1112,614400,282,0.9822695035460993,494.63120567375887,891,0.37373737373737376,227.04377104377105,891,0.37373737373737376,226.4848484848485,2642,0,0,28.11863088607788,223444b
DR,1113,0,282,0.0,15.397163120567376,891,0.0,39.23793490460157,891,0.0,39.33557800224467,3044,0,0,29.001128911972046,223444b
DR,1113,61440,282,0.33687943262411346,382.5425531914894,891,0.0,162.8563411896745,891,0.0,160.8563411896745,3044,0,0,29.001128911972046,223444b
DR,1113,122880,282,0.13829787234042554,293.1241134751773,891,0.001122334455667789,120.58585858585859,891,0.0,119.59034792368125,3044,0,0,29.001128911972046,223444b
DR,1113,184320,282,0.9078014184397163,489.6489361702128,891,0.003367003367003367,98.14927048260381,891,0.010101010101010102,94.46127946127946,3044,0,0,29.001128911972046,223444b
DR,1113,245760,282,0.975177304964539,492.36170212765956,891,0.8316498316498316,433.9450056116723,891,0.8327721661054994,433.01907968574636,3044,0,0,29.001128911972046,223444b
DR,1113,307200,282,0.9893617021276596,495.28723404255317,891,0.06172839506172839,89.44107744107744,891,0.058361391694725026,88.20987654320987,3044,0,0,29.001128911972046,223444b
DR,1113,368640,282,0.30141843971631205,422.6489361702128,891,0.30078563411896747,264.1178451178451,891,0.30190796857463525,262.9618406285073,3044,0,0,29.001128911972046,223444b
DR,1113,430080,282,0.010638297872340425,154.7659574468085,891,0.001122334455667789,108.2300785634119,891,0.0,107.03367003367003,3044,0,0,29.001128911972046,223444b
DR,1113,491520,282,0.23404255319148937,356.0886524822695,891,0.34231200897867564,259.67003367003366,891,0.345679012345679,259.0628507295174,3044,0,0,29.001128911972046,223444b
DR,1113,552960,282,0.9893617021276596,496.5248226950355,891,0.20426487093153758,158.17508417508418,891,0.18181818181818182,147.6161616161616,3044,0,0,29.001128911972046,223444b
DR,1113,614400,282,0.9858156028368794,496.3581560283688,891,0.22783389450056116,172.5331088664422,891,0.20763187429854096,163.42985409652076,3044,0,0,29.001128911972046,223444b
DR,1114,0,282,0.0,13.624113475177305,891,0.0,35.829405162738496,891,0.0,34.6341189674523,2567,0,0,29.028279781341553,223444b
DR,1114,61440,282,0.09574468085106383,275.97163120567376,891,0.001122334455667789,156.5151515151515,891,0.003367003367003367,155.52076318742985,2567,0,0,29.028279781341553,223444b
DR,1114,122880,282,0.9822695035460993,496.4148936170213,891,0.5578002244668911,323.2042648709315,891,0.5241301907968574,313.14590347923684,2567,0,0,29.028279781341553,223444b
DR,1114,184320,282,0.9680851063829787,493.84397163120565,891,0.016835016835016835,66.37373737373737,891,0.017957351290684626,67.11111111111111,2567,0,0,29.028279781341553,223444b
DR,1114,245760,282,0.04964539007092199,336.4113475177305,891,0.01122334455667789,127.13468013468014,891,0.012345679012345678,129.10549943883277,2567,0,0,29.028279781341553,223444b
DR,1114,307200,282,0.04609929078014184,247.30141843971631,891,0.0,122.87654320987654,891,0.0,121.84399551066218,2567,0,0,29.028279781341553,223444b
DR,1114,368640,282,0.9858156028368794,494.3333333333333,891,0.026936026936026935,75.0213243546577,891,0.03591470258136925,78.03928170594837,2567,0,0,29.028279781341553,223444b
DR,1114,430080,282,0.5,455.3900709219858,891,0.49270482603815935,388.63973063973066,891,0.4702581369248036,384.48372615039284,2567,0,0,29.028279781341553,223444b
DR,1114,491520,282,0.9822695035460993,495.3333333333333,891,0.8092031425364759,421.983164983165,891,0.8013468013468014,418.2233445566779,2567,0,0,29.028279781341553,223444b
DR,1114,552960,282,0.9680851063829787,494.27659574468083,891,0.8148148148148148,424.02918069584734,891,0.7968574635241302,416.37598204264873,2567,0,0,29.028279781341553,223444b
DR,1114,614400,282,0.9858156028368794,493.63829787234044,891,0.0,55.68574635241302,891,0.001122334455667789,55.564534231200895,2567,0,0,29.028279781341553,223444b
DR,1115,0,282,0.0,42.91843971631206,891,0.0,17.30976430976431,891,0.0,17.176206509539842,2689,0,0,28.993243932724,223444b
DR,1115,61440,282,0.05319148936170213,244.51063829787233,891,0.0,127.56341189674524,891,0.0,126.29068462401796,2689,0,0,28.993243932724,223444b
DR,1115,122880,282,0.09219858156028368,267.0496453900709,891,0.001122334455667789,123.38159371492705,891,0.0,122.35690235690235,2689,0,0,28.993243932724,223444b
DR,1115,184320,282,0.9893617021276596,497.5673758865248,891,0.186307519640853,152.06060606060606,891,0.17957351290684623,148.1986531986532,2689,0,0,28.993243932724,223444b
DR,1115,245760,282,0.30141843971631205,360.2304964539007,891,0.001122334455667789,142.50280583613917,891,0.0,141.16498316498317,2689,0,0,28.993243932724,223444b
DR,1115,307200,282,0.9574468085106383,492.58156028368796,891,0.7407407407407407,398.94612794612794,891,0.7250280583613917,394.2278338945006,2689,0,0,28.993243932724,223444b
DR,1115,368640,282,0.5673758865248227,439.8191489361702,891,0.44219977553310885,301.9079685746352,891,0.44219977553310885,300.023569023569,2689,0,0,28.993243932724,223444b
DR,1115,430080,282,0.9787234042553191,494.42907801418437,891,0.8787878787878788,451.4949494949495,891,0.856341189674523,442.6936026936027,2689,0,0,28.993243932724,223444b
DR,1115,491520,282,0.9893617021276596,498.01418439716315,891,0.9102132435465768,463.5173961840629,891,0.8900112233445566,455.4758698092031,2689,0,0,28.993243932724,223444b
DR,1115,552960,282,0.9929078014184397,498.12056737588654,891,0.36475869809203143,223.8058361391695,891,0.34118967452300786,215.58585858585857,2689,0,0,28.993243932724,223444b
DR,1115,614400,282,0.6205673758865248,449.3333333333333,891,0.44332210998877664,304.58698092031426,891,0.4388327721661055,301.5566778900112,2689,0,0,28.993243932724,223444b
DR,1116,0,282,0.0,13.26950354609929,891,0.0,22.7665544332211,891,0.0,22.26936026936027,2830,0,0,29.09729504585266,223444b
DR,1116,61440,282,0.10283687943262411,304.95390070921985,891,0.001122334455667789,149.47586980920315,891,0.0,148.45342312008978,2830,0,0,29.09729504585266,223444b
DR,1116,122880,282,0.07446808510638298,259.78014184397165,891,0.001122334455667789,127.23120089786757,891,0.0,126.03703703703704,2830,0,0,29.09729504585266,223444b
DR,1116,184320,282,0.42907801418439717,406.20567375886526,891,0.001122334455667789,154.7205387205387,891,0.0,153.78114478114477,2830,0,0,29.09729504585266,223444b
DR,1116,245760,282,0.18439716312056736,318.8085106382979,891,0.008978675645342313,131.4601571268238,891,0.012345679012345678,129.76879910213245,2830,0,0,29.09729504585266,223444b
DR,1116,307200,282,0.01773049645390071,194.59574468085106,891,0.013468013468013467,119.67115600448933,891,0.007856341189674524,117.12233445566778,2830,0,0,29.09729504585266,223444b
DR,1116,368640,282,0.7304964539007093,456.84751773049646,891,0.35129068462401797,279.09090909090907,891,0.3602693602693603,279.15937149270485,2830,0,0,29.09729504585266,223444b
DR,1116,430080,282,0.9858156028368794,497.2588652482269,891,0.6835016835016835,372.40852974186305,891,0.6812570145903479,371.62850729517396,2830,0,0,29.09729504585266,223444b
DR,1116,491520,282,0.9929078014184397,496.9822695035461,891,0.37373737373737376,236.11672278338946,891,0.3602693602693603,230.013468013468,2830,0,0,29.09729504585266,223444b
DR,1116,552960,282,0.9929078014184397,497.1099290780142,891,0.29741863075196406,201.89113355780023,891,0.28170594837261503,194.70594837261504,2830,0,0,29.09729504585266,223444b
DR,1116,614400,282,0.7872340425531915,468.02127659574467,891,0.6318742985409652,352.7149270482604,891,0.6083052749719416,343.5791245791246,2830,0,0,29.09729504585266,223444b
DR,1117,0,282,0.0,39.723404255319146,891,0.0,16.866442199775534,891,0.0,16.774410774410775,2643,0,0,28.794669151306152,223444b
DR,1117,61440,282,0.08156028368794327,252.10992907801418,891,0.0,114.1672278338945,891,0.0,113.39955106621774,2643,0,0,28.794669151306152,223444b
DR,1117,122880,282,0.20921985815602837,367.09574468085106,891,0.42424242424242425,308.4253647586981,891,0.42424242424242425,306.368125701459,2643,0,0,28.794669151306152,223444b
DR,1117,184320,282,0.03546099290780142,265.177304964539,891,0.18069584736251404,230.327721661055,891,0.19304152637485972,228.44332210998877,2643,0,0,28.794669151306152,223444b
DR,1117,245760,282,0.24822695035460993,357.6170212765957,891,0.001122334455667789,151.74298540965208,891,0.0,150.29854096520762,2643,0,0,28.794669151306152,223444b
DR,1117,307200,282,0.9929078014184397,496.90070921985813,891,0.03928170594837262,82.7665544332211,891,0.04152637485970819,82.23569023569024,2643,0,0,28.794669151306152,223444b
DR,1117,368640,282,0.9929078014184397,498.7482269503546,891,0.547699214365881,310.0976430976431,891,0.5443322109988776,307.98428731762067,2643,0,0,28.794669151306152,223444b
DR,1117,430080,282,0.9822695035460993,492.0425531914894,891,0.002244668911335578,56.019079685746355,891,0.0,55.60157126823793,2643,0,0,28.794669151306152,223444b
DR,1117,491520,282,0.9858156028368794,493.6418439716312,891,0.002244668911335578,56.15263748597082,891,0.001122334455667789,55.84511784511785,2643,0,0,28.794669151306152,223444b
DR,1117,552960,282,0.9716312056737588,493.177304964539,891,0.029180695847362513,74.04040404040404,891,0.029180695847362513,74.05723905723906,2643,0,0,28.794669151306152,223444b
DR,1117,614400,282,0.9858156028368794,495.1666666666667,891,0.16161616161616163,134.94276094276094,891,0.16835016835016836,137.87317620650953,2643,0,0,28.794669151306152,223444b
DR,1118,0,282,0.0,11.546099290780141,891,0.0,25.419753086419753,891,0.0,24.13804713804714,2840,0,0,28.831077098846436,223444b
DR,1118,61440,282,0.1950354609929078,301.531914893617,891,0.001122334455667789,118.65656565656566,891,0.0,117.38720538720538,2840,0,0,28.831077098846436,223444b
DR,1118,122880,282,0.3723404255319149,405.5425531914894,891,0.001122334455667789,148.55331088664423,891,0.007856341189674524,140.36363636363637,2840,0,0,28.831077098846436,223444b
DR,1118,184320,282,0.44680851063829785,400.06028368794324,891,0.002244668911335578,168.1919191919192,891,0.0,165.65432098765433,2840,0,0,28.831077098846436,223444b
DR,1118,245760,282,0.010638297872340425,219.4822695035461,891,0.0,177.19753086419752,891,0.0,175.679012345679,2840,0,0,28.831077098846436,223444b
DR,1118,307200,282,0.03546099290780142,221.7872340425532,891,0.0,117.46127946127946,891,0.0,116.72727272727273,2840,0,0,28.831077098846436,223444b
DR,1118,368640,282,0.975177304964539,494.3191489361702,891,0.2345679012345679,184.72727272727272,891,0.24803591470258138,187.1290684624018,2840,0,0,28.831077098846436,223444b
DR,1118,430080,282,0.8936170212765957,479.7411347517731,891,0.34231200897867564,241.49270482603816,891,0.3389450056116723,239.3827160493827,2840,0,0,28.831077098846436,223444b
DR,1118,491520,282,0.9893617021276596,496.59929078014187,891,0.4511784511784512,266.73625140291807,891,0.44332210998877664,262.65656565656565,2840,0,0,28.831077098846436,223444b
DR,1118,552960,282,0.9822695035460993,493.1950354609929,891,0.0,57.87766554433221,891,0.0,57.570145903479236,2840,0,0,28.831077098846436,223444b
DR,1118,614400,282,0.7588652482269503,460.5496453900709,891,0.5937149270482603,341.47474747474746,891,0.5892255892255892,339.3164983164983,2840,0,0,28.831077098846436,223444b
DR,1119,0,282,0.0035460992907801418,117.63120567375887,891,0.0,64.81593714927048,891,0.0,64.0,3189,0,0,28.602893114089966,223444b
DR,1119,61440,282,0.07801418439716312,228.82269503546098,891,0.0,102.09652076318743,891,0.0,101.65768799102132,3189,0,0,28.602893114089966,223444b
DR,1119,122880,282,0.03546099290780142,216.36524822695034,891,0.0,120.51964085297419,891,0.0,120.4320987654321,3189,0,0,28.602893114089966,223444b
DR,1119,184320,282,0.09929078014184398,277.4113475177305,891,0.0,122.79797979797979,891,0.0,122.21212121212122,3189,0,0,28.602893114089966,223444b
DR,1119,245760,282,0.09929078014184398,277.8404255319149,891,0.0,121.00561167227833,891,0.0,120.21099887766555,3189,0,0,28.602893114089966,223444b
DR,1119,307200,282,0.32978723404255317,377.43617021276594,891,0.0,147.37149270482604,891,0.0,146.25701459034792,3189,0,0,28.602893114089966,223444b
DR,1119,368640,282,0.23049645390070922,349.49645390070924,891,0.001122334455667789,146.73288439955107,891,0.008978675645342313,145.25813692480358,3189,0,0,28.602893114089966,223444b
DR,1119,430080,282,0.18085106382978725,313.13120567375887,891,0.001122334455667789,121.04264870931537,891,0.0,119.993265993266,3189,0,0,28.602893114089966,223444b
DR,1119,491520,282,0.9822695035460993,496.7411347517731,891,0.8451178451178452,437.56004489337823,891,0.8237934904601572,429.34455667789,3189,0,0,28.602893114089966,223444b
DR,1119,552960,282,0.07801418439716312,337.3085106382979,891,0.3288439955106622,265.3703703703704,891,0.33557800224466894,263.996632996633,3189,0,0,28.602893114089966,223444b
DR,1119,614400,282,0.14184397163120568,381.4255319148936,891,0.41414141414141414,294.9102132435466,891,0.40404040404040403,288.976430976431,3189,0,0,28.602893114089966,223444b
DR,1120,0,282,0.0,10.53191489361702,891,0.0,12.389450056116722,891,0.0,12.326599326599327,2693,0,0,28.86681604385376,223444b
DR,1120,61440,282,0.06382978723404255,231.2659574468085,891,0.0,105.94051627384961,891,0.0,105.26374859708193,2693,0,0,28.86681604385376,223444b
DR,1120,122880,282,0.08156028368794327,259.23758865248226,891,0.0,115.23793490460157,891,0.0,114.668911335578,2693,0,0,28.86681604385376,223444b
DR,1120,184320,282,0.1950354609929078,341.0354609929078,891,0.0,137.59259259259258,891,0.0,137.0841750841751,2693,0,0,28.86681604385376,223444b
DR,1120,245760,282,0.6312056737588653,452.21985815602835,891,0.3613916947250281,289.28170594837263,891,0.36363636363636365,287.0808080808081,2693,0,0,28.86681604385376,223444b
DR,1120,307200,282,0.5673758865248227,436.7482269503546,891,0.10549943883277217,233.7631874298541,891,0.10886644219977554,228.86644219977552,2693,0,0,28.86681604385376,223444b
DR,1120,368640,282,0.9822695035460993,497.1808510638298,891,0.7418630751964085,392.0213243546577,891,0.7104377104377104,379.5746352413019,2693,0,0,28.86681604385376,223444b
DR,1120,430080,282,0.9929078014184397,497.40070921985813,891,0.8911335578002245,457.73737373737373,891,0.8799102132435466,452.1335578002245,2693,0,0,28.86681604385376,223444b
DR,1120,491520,282,0.9645390070921985,490.97163120567376,891,0.654320987654321,362.5061728395062,891,0.6386083052749719,355.4803591470258,2693,0,0,28.86681604385376,223444b
DR,1120,552960,282,1.0,500.0,891,0.6307519640852974,344.28619528619527,891,0.6049382716049383,333.9539842873176,2693,0,0,28.86681604385376,223444b
DR,1120,614400,282,0.9893617021276596,497.5354609929078,891,0.6015712682379349,366.2502805836139,891,0.5869809203142536,362.8024691358025,2693,0,0,28.86681604385376,223444b
DR,1123,0,282,0.04609929078014184,93.14539007092199,891,0.0,28.92929292929293,891,0.0,28.87878787878788,2773,0,0,28.69895911216736,223444b
DR,1123,61440,282,0.11702127659574468,262.4468085106383,891,0.0,116.65095398428731,891,0.0,115.83838383838383,2773,0,0,28.69895911216736,223444b
DR,1123,122880,282,0.12411347517730496,282.1489361702128,891,0.0,118.07070707070707,891,0.0,117.3625140291807,2773,0,0,28.69895911216736,223444b
DR,1123,184320,282,0.0851063829787234,279.88652482269504,891,0.0,126.09652076318743,891,0.0,125.6026936026936,2773,0,0,28.69895911216736,223444b
DR,1123,245760,282,0.9929078014184397,499.36879432624113,891,0.8664421997755332,445.6161616161616,891,0.8529741863075196,440.82042648709313,2773,0,0,28.69895911216736,223444b
DR,1123,307200,282,0.9929078014184397,497.4503546099291,891,0.8159371492704826,424.92143658810323,891,0.8170594837261503,424.7586980920314,2773,0,0,28.69895911216736,223444b
DR,1123,368640,282,0.0070921985815602835,170.96453900709218,891,0.0,107.34231200897868,891,0.0,106.71941638608305,2773,0,0,28.69895911216736,223444b
DR,1123,430080,282,0.9893617021276596,496.7304964539007,891,0.8585858585858586,442.9786756453423,891,0.8507295173961841,439.76879910213245,2773,0,0,28.69895911216736,223444b
DR,1123,491520,282,0.9929078014184397,498.2411347517731,891,0.7968574635241302,418.0044893378227,891,0.7856341189674523,413.18069584736253,2773,0,0,28.69895911216736,223444b
DR,1123,552960,282,0.8723404255319149,480.468085106383,891,0.7519640852974186,402.0213243546577,891,0.7384960718294051,396.5375982042649,2773,0,0,28.69895911216736,223444b
DR,1123,614400,282,0.7269503546099291,465.90070921985813,891,0.1941638608305275,224.75533108866443,891,0.2143658810325477,232.8574635241302,2773,0,0,28.69895911216736,223444b
DR,1121,0,282,0.5,276.68794326241135,891,0.001122334455667789,53.02581369248036,891,0.0,52.30190796857463,2616,0,0,29.42429280281067,223444b
DR,1121,61440,282,0.2198581560283688,348.4113475177305,891,0.0,148.42760942760944,891,0.0,147.92255892255892,2616,0,0,29.42429280281067,223444b
DR,1121,122880,282,0.9432624113475178,487.35460992907804,891,0.5881032547699214,333.68462401795733,891,0.5555555555555556,320.9854096520763,2616,0,0,29.42429280281067,223444b
DR,1121,184320,282,0.10283687943262411,276.36879432624113,891,0.001122334455667789,125.56341189674524,891,0.0,124.42760942760943,2616,0,0,29.42429280281067,223444b
DR,1121,245760,282,0.014184397163120567,166.81914893617022,891,0.0,105.63636363636364,891,0.0,104.95173961840628,2616,0,0,29.42429280281067,223444b
DR,1121,307200,282,0.9574468085106383,492.6666666666667,891,0.30303030303030304,355.94276094276097,891,0.3063973063973064,351.5218855218855,2616,0,0,29.42429280281067,223444b
DR,1121,368640,282,0.9787234042553191,491.01418439716315,891,0.002244668911335578,55.5993265993266,891,0.001122334455667789,55.295173961840625,2616,0,0,29.42429280281067,223444b
DR,1121,430080,282,0.9893617021276596,496.1489361702128,891,0.8215488215488216,428.3591470258137,891,0.8024691358024691,419.81705948372615,2616,0,0,29.42429280281067,223444b
DR,1121,491520,282,0.9716312056737588,494.63829787234044,891,0.8159371492704826,425.685746352413,891,0.8125701459034792,424.29517396184065,2616,0,0,29.42429280281067,223444b
DR,1121,552960,282,0.9645390070921985,493.98936170212767,891,0.3468013468013468,217.4837261503928,891,0.3254769921436588,209.45903479236813,2616,0,0,29.42429280281067,223444b
DR,1121,614400,282,0.9929078014184397,498.3156028368794,891,0.35129068462401797,225.99102132435465,891,0.3490460157126824,225.07631874298542,2616,0,0,29.42429280281067,223444b
DR,1122,0,282,0.0,13.843971631205674,891,0.0,34.88439955106622,891,0.0,35.29405162738496,2643,0,0,29.56895399093628,223444b
DR,1122,61440,282,0.45390070921985815,416.67021276595744,891,0.001122334455667789,203.88888888888889,891,0.001122334455667789,203.8395061728395,2643,0,0,29.56895399093628,223444b
DR,1122,122880,282,0.20921985815602837,326.71985815602835,891,0.001122334455667789,153.6026936026936,891,0.0,152.47586980920315,2643,0,0,29.56895399093628,223444b
DR,1122,184320,282,0.6063829787234043,431.9822695035461,891,0.01122334455667789,204.30864197530863,891,0.01122334455667789,200.41077441077442,2643,0,0,29.56895399093628,223444b
DR,1122,245760,282,0.028368794326241134,188.43617021276594,891,0.001122334455667789,102.23232323232324,891,0.0,101.39281705948373,2643,0,0,29.56895399093628,223444b
DR,1122,307200,282,0.9645390070921985,491.71985815602835,891,0.014590347923681257,72.00112233445567,891,0.024691358024691357,75.22109988776656,2643,0,0,29.56895399093628,223444b
DR,1122,368640,282,0.5212765957446809,399.0921985815603,891,0.19304152637485972,185.41077441077442,891,0.18069584736251404,180.01571268237936,2643,0,0,29.56895399093628,223444b
DR,1122,430080,282,0.9893617021276596,495.25531914893617,891,0.002244668911335578,56.799102132435465,891,0.001122334455667789,56.47699214365881,2643,0,0,29.56895399093628,223444b
DR,1122,491520,282,0.9822695035460993,495.93617021276594,891,0.8103254769921436,421.9371492704826,891,0.7856341189674523,412.3928170594837,2643,0,0,29.56895399093628,223444b
DR,1122,552960,282,0.9964539007092199,498.38652482269504,891,0.2547699214365881,172.25028058361391,891,0.2255892255892256,160.54433221099887,2643,0,0,29.56895399093628,223444b
DR,1122,614400,282,0.9858156028368794,496.36524822695037,891,0.2031425364758698,158.6307519640853,891,0.18742985409652077,150.89786756453424,2643,0,0,29.56895399093628,223444b
DR,1124,0,282,0.0,23.97517730496454,891,0.0,37.833894500561165,891,0.0,37.28619528619529,2793,0,0,29.355613231658936,223444b
DR,1124,61440,282,0.09219858156028368,272.82978723404256,891,0.0,116.72615039281706,891,0.0,115.86644219977553,2793,0,0,29.355613231658936,223444b
DR,1124,122880,282,0.925531914893617,481.4609929078014,891,0.5521885521885522,320.13692480359146,891,0.5274971941638609,309.91582491582494,2793,0,0,29.355613231658936,223444b
DR,1124,184320,282,0.6312056737588653,448.531914893617,891,0.002244668911335578,207.80359147025814,891,0.001122334455667789,205.4781144781145,2793,0,0,29.355613231658936,223444b
DR,1124,245760,282,0.9609929078014184,493.81205673758865,891,0.3961840628507295,393.1245791245791,891,0.372615039281706,394.03591470258135,2793,0,0,29.355613231658936,223444b
DR,1124,307200,282,0.8865248226950354,473.8049645390071,891,0.3984287317620651,260.4713804713805,891,0.38608305274971944,255.33670033670035,2793,0,0,29.355613231658936,223444b
DR,1124,368640,282,0.024822695035460994,180.82978723404256,891,0.0,107.1604938271605,891,0.0,106.41526374859708,2793,0,0,29.355613231658936,223444b
DR,1124,430080,282,0.6985815602836879,447.5531914893617,891,0.3569023569023569,289.06397306397304,891,0.35129068462401797,287.9618406285073,2793,0,0,29.355613231658936,223444b
DR,1124,491520,282,0.9822695035460993,492.0248226950355,891,0.002244668911335578,55.66442199775533,891,0.001122334455667789,55.333333333333336,2793,0,0,29.355613231658936,223444b
DR,1124,552960,282,0.9645390070921985,491.5886524822695,891,0.08080808080808081,119.31762065095398,891,0.07295173961840629,114.86307519640853,2793,0,0,29.355613231658936,223444b
DR,1124,614400,282,0.9964539007092199,499.290780141844,891,0.734006734006734,389.8002244668911,891,0.7182940516273849,382.03591470258135,2793,0,0,29.355613231658936,223444b
DR,1127,0,282,0.0,32.93971631205674,891,0.0,17.0662177328844,891,0.0,16.978675645342314,2911,0,0,31.13221001625061,223444b
DR,1127,61440,282,0.08865248226950355,248.69148936170214,891,0.0,111.22222222222223,891,0.0,110.41414141414141,2911,0,0,31.13221001625061,223444b
DR,1127,122880,282,0.07446808510638298,254.0212765957447,891,0.0,132.64758698092032,891,0.0,131.22895622895624,2911,0,0,31.13221001625061,223444b
DR,1127,184320,282,0.8687943262411347,479.790780141844,891,0.09090909090909091,273.73737373737373,891,0.09090909090909091,267.79910213243545,2911,0,0,31.13221001625061,223444b
DR,1127,245760,282,0.8368794326241135,471.9929078014184,891,0.3894500561167228,293.5656565656566,891,0.38159371492704824,287.6801346801347,2911,0,0,31.13221001625061,223444b
DR,1127,307200,282,0.09219858156028368,237.41489361702128,891,0.0,117.44556677890012,891,0.0,116.56902356902357,2911,0,0,31.13221001625061,223444b
DR,1127,368640,282,0.8475177304964538,478.8333333333333,891,0.48484848484848486,344.02918069584734,891,0.4882154882154882,345.10886644219977,2911,0,0,31.13221001625061,223444b
DR,1127,430080,282,0.9929078014184397,498.08156028368796,891,0.531986531986532,304.7766554433221,891,0.5140291806958474,296.1986531986532,2911,0,0,31.13221001625061,223444b
DR,1127,491520,282,0.9822695035460993,496.3262411347518,891,0.8686868686868687,447.4758698092031,891,0.8574635241301908,442.06734006734007,2911,0,0,31.13221001625061,223444b
DR,1127,552960,282,0.975177304964539,497.1950354609929,891,0.8664421997755332,446.38271604938274,891,0.856341189674523,442.5308641975309,2911,0,0,31.13221001625061,223444b
DR,1127,614400,282,0.9716312056737588,487.5425531914894,891,0.0,56.240179573512904,891,0.0,55.851851851851855,2911,0,0,31.13221001625061,223444b
DR,1128,0,282,0.0,13.436170212765957,891,0.0,30.084175084175083,891,0.0,30.196408529741863,2779,0,0,30.85832190513611,223444b
DR,1128,61440,282,0.16312056737588654,261.4822695035461,891,0.0,102.05499438832773,891,0.0,101.672278338945,2779,0,0,30.85832190513611,223444b
DR,1128,122880,282,0.08865248226950355,262.99645390070924,891,0.0,116.34680134680134,891,0.0,115.65095398428731,2779,0,0,30.85832190513611,223444b
DR,1128,184320,282,0.5957446808510638,447.1489361702128,891,0.005611672278338945,112.1885521885522,891,0.005611672278338945,113.5959595959596,2779,0,0,30.85832190513611,223444b
DR,1128,245760,282,0.01773049645390071,184.9964539007092,891,0.0,107.08754208754209,891,0.0,106.41750841750842,2779,0,0,30.85832190513611,223444b
DR,1128,307200,282,0.24468085106382978,341.38652482269504,891,0.41301907968574636,266.27946127946126,891,0.4006734006734007,262.2098765432099,2779,0,0,30.85832190513611,223444b
DR,1128,368640,282,0.9822695035460993,495.8936170212766,891,0.4051627384960718,251.44893378226712,891,0.38159371492704824,241.50056116722783,2779,0,0,30.85832190513611,223444b
DR,1128,430080,282,0.8120567375886525,474.28723404255317,891,0.32323232323232326,313.294051627385,891,0.29180695847362514,304.58473625140294,2779,0,0,30.85832190513611,223444b
DR,1128,491520,282,0.9822695035460993,494.6241134751773,891,0.37149270482603813,226.662177328844,891,0.3793490460157127,229.09539842873176,2779,0,0,30.85832190513611,223444b
DR,1128,552960,282,0.9858156028368794,496.57092198581563,891,0.6936026936026936,374.9652076318743,891,0.6891133557800224,373.3726150392817,2779,0,0,30.85832190513611,223444b
DR,1128,614400,282,0.9858156028368794,495.56382978723406,891,0.6689113355780022,402.0415263748597,891,0.6442199775533108,399.0628507295174,2779,0,0,30.85832190513611,223444b
DR,1130,0,282,0.0,32.90780141843972,891,0.0,15.171717171717171,891,0.0,14.993265993265993,2806,0,0,30.8023099899292,223444b
DR,1130,61440,282,0.06382978723404255,209.38297872340425,891,0.0,103.52749719416386,891,0.0,103.34343434343434,2806,0,0,30.8023099899292,223444b
DR,1130,122880,282,0.12056737588652482,291.07092198581563,891,0.0,123.18294051627385,891,0.0,122.37261503928171,2806,0,0,30.8023099899292,223444b
DR,1130,184320,282,0.13120567375886524,286.9609929078014,891,0.006734006734006734,147.57014590347924,891,0.010101010101010102,145.6060606060606,2806,0,0,30.8023099899292,223444b
DR,1130,245760,282,0.0673758865248227,257.79787234042556,891,0.0,123.74410774410775,891,0.0,123.17620650953984,2806,0,0,30.8023099899292,223444b
DR,1130,307200,282,0.5957446808510638,442.1170212765957,891,0.04264870931537598,185.2895622895623,891,0.04826038159371493,189.24466891133557,2806,0,0,30.8023099899292,223444b
DR,1130,368640,282,0.9787234042553191,495.709219858156,891,0.4444444444444444,263.98092031425364,891,0.4388327721661055,261.5858585858586,2806,0,0,30.8023099899292,223444b
DR,1130,430080,282,0.8971631205673759,485.3085106382979,891,0.8810325476992144,453.1470258136925,891,0.877665544332211,450.8361391694725,2806,0,0,30.8023099899292,223444b
DR,1130,491520,282,0.9893617021276596,496.709219858156,891,0.2334455667789001,174.27272727272728,891,0.23007856341189675,173.0841750841751,2806,0,0,30.8023099899292,223444b
DR,1130,552960,282,0.9858156028368794,495.13120567375887,891,0.0,56.560044893378226,891,0.0,56.37598204264871,2806,0,0,30.8023099899292,223444b
DR,1130,614400,282,0.9893617021276596,495.29787234042556,891,0.004489337822671156,63.43097643097643,891,0.006734006734006734,64.91245791245791,2806,0,0,30.8023099899292,223444b
DR,1125,0,282,0.0,14.957446808510639,891,0.0,36.64309764309764,891,0.0,36.45342312008979,2896,0,0,31.699656009674072,223444b
DR,1125,61440,282,0.0851063829787234,287.1595744680851,891,0.019079685746352413,180.5746352413019,891,0.019079685746352413,176.33221099887766,2896,0,0,31.699656009674072,223444b
DR,1125,122880,282,0.5638297872340425,399.531914893617,891,0.08529741863075196,170.28395061728395,891,0.07744107744107744,166.56004489337823,2896,0,0,31.699656009674072,223444b
DR,1125,184320,282,0.01773049645390071,174.16666666666666,891,0.0,104.01234567901234,891,0.0,103.64983164983165,2896,0,0,31.699656009674072,223444b
DR,1125,245760,282,0.9397163120567376,492.8758865248227,891,0.10662177328843996,164.02581369248037,891,0.09764309764309764,167.91470258136926,2896,0,0,31.699656009674072,223444b
DR,1125,307200,282,0.01773049645390071,216.86170212765958,891,0.0707070707070707,180.22558922558923,891,0.04938271604938271,169.41526374859708,2896,0,0,31.699656009674072,223444b
DR,1125,368640,282,0.8581560283687943,485.968085106383,891,0.2772166105499439,266.9685746352413,891,0.2772166105499439,265.27946127946126,2896,0,0,31.699656009674072,223444b
DR,1125,430080,282,0.9858156028368794,496.5567375886525,891,0.5488215488215489,309.6363636363636,891,0.5162738496071829,295.0325476992144,2896,0,0,31.699656009674072,223444b
DR,1125,491520,282,0.9893617021276596,498.09929078014187,891,0.6599326599326599,356.75533108866443,891,0.6285072951739619,343.70482603815935,2896,0,0,31.699656009674072,223444b
DR,1125,552960,282,1.0,500.0,891,0.6868686868686869,367.4343434343434,891,0.6621773288439955,356.81930415263747,2896,0,0,31.699656009674072,223444b
DR,1125,614400,282,0.9290780141843972,488.2269503546099,891,0.03591470258136925,255.69921436588103,891,0.03479236812570146,255.55667789001123,2896,0,0,31.699656009674072,223444b
DR,1126,0,282,0.0,16.48936170212766,891,0.0,38.58024691358025,891,0.0,38.56565656565657,2695,0,0,31.627259016036987,223444b
DR,1126,61440,282,0.3829787234042553,387.95390070921985,891,0.005611672278338945,205.50056116722783,891,0.010101010101010102,201.67115600448935,2695,0,0,31.627259016036987,223444b
DR,1126,122880,282,0.9539007092198581,494.56028368794324,891,0.7384960718294051,438.58024691358025,891,0.7104377104377104,431.8507295173962,2695,0,0,31.627259016036987,223444b
DR,1126,184320,282,0.1276595744680851,285.5921985815603,891,0.001122334455667789,119.7351290684624,891,0.0,118.69809203142536,2695,0,0,31.627259016036987,223444b
DR,1126,245760,282,0.09574468085106383,251.17375886524823,891,0.04377104377104377,155.24466891133557,891,0.050505050505050504,156.1492704826038,2695,0,0,31.627259016036987,223444b
DR,1126,307200,282,0.3829787234042553,401.4148936170213,891,0.012345679012345678,185.63973063973063,891,0.029180695847362513,184.96296296296296,2695,0,0,31.627259016036987,223444b
DR,1126,368640,282,0.9787234042553191,498.0390070921986,891,0.7037037037037037,375.8574635241302,891,0.675645342312009,365.09315375982044,2695,0,0,31.627259016036987,223444b
DR,1126,430080,282,0.9893617021276596,495.4255319148936,891,0.02244668911335578,70.78675645342312,891,0.025813692480359147,72.39393939393939,2695,0,0,31.627259016036987,223444b
DR,1126,491520,282,0.24822695035460993,351.4929078014184,891,0.0931537598204265,174.55443322109988,891,0.09090909090909091,169.10213243546576,2695,0,0,31.627259016036987,223444b
DR,1126,552960,282,0.975177304964539,493.91843971631204,891,0.6980920314253648,377.98428731762067,891,0.6734006734006734,368.31088664422,2695,0,0,31.627259016036987,223444b
DR,1126,614400,282,0.9822695035460993,495.43617021276594,891,0.7564534231200898,401.8024691358025,891,0.7598204264870931,402.5589225589226,2695,0,0,31.627259016036987,223444b
DR,1129,0,282,0.0,15.131205673758865,891,0.0,29.717171717171716,891,0.0,30.063973063973062,3201,0,0,31.449937105178833,223444b
DR,1129,61440,282,0.20212765957446807,367.8049645390071,891,0.10101010101010101,183.21099887766553,891,0.11784511784511785,188.01571268237936,3201,0,0,31.449937105178833,223444b
DR,1129,122880,282,0.25177304964539005,357.59929078014187,891,0.0,146.76094276094275,891,0.0,142.9405162738496,3201,0,0,31.449937105178833,223444b
DR,1129,184320,282,0.1702127659574468,379.02836879432624,891,0.004489337822671156,106.38496071829405,891,0.008978675645342313,108.06846240179574,3201,0,0,31.449937105178833,223444b
DR,1129,245760,282,0.3120567375886525,379.9751773049645,891,0.0,150.54096520763187,891,0.0,150.48260381593715,3201,0,0,31.449937105178833,223444b
DR,1129,307200,282,0.02127659574468085,183.99290780141843,891,0.002244668911335578,130.47250280583614,891,0.005611672278338945,129.8327721661055,3201,0,0,31.449937105178833,223444b
DR,1129,368640,282,0.024822695035460994,195.16666666666666,891,0.003367003367003367,140.1470258136925,891,0.006734006734006734,142.5746352413019,3201,0,0,31.449937105178833,223444b
DR,1129,430080,282,0.0851063829787234,276.34751773049646,891,0.002244668911335578,132.07856341189674,891,0.001122334455667789,129.78114478114477,3201,0,0,31.449937105178833,223444b
DR,1129,491520,282,0.9645390070921985,494.7482269503546,891,0.24803591470258138,196.12345679012347,891,0.24691358024691357,198.02356902356902,3201,0,0,31.449937105178833,223444b
DR,1129,552960,282,0.8546099290780141,484.5886524822695,891,0.07744107744107744,180.668911335578,891,0.10437710437710437,181.73063973063972,3201,0,0,31.449937105178833,223444b
DR,1129,614400,282,0.9858156028368794,494.7482269503546,891,0.002244668911335578,64.63075196408529,891,0.003367003367003367,64.43658810325476,3201,0,0,31.449937105178833,223444b
DR,1132,0,282,0.0,13.166666666666666,891,0.0,13.727272727272727,891,0.0,13.964085297418631,3081,0,0,32.62178611755371,223444b
DR,1132,61440,282,0.3120567375886525,358.65602836879435,891,0.0,165.8226711560045,891,0.001122334455667789,163.8956228956229,3081,0,0,32.62178611755371,223444b
DR,1132,122880,282,0.16312056737588654,297.9468085106383,891,0.0,127.55892255892256,891,0.0,126.38496071829405,3081,0,0,32.62178611755371,223444b
DR,1132,184320,282,0.08156028368794327,259.5851063829787,891,0.001122334455667789,113.79461279461279,891,0.0,112.9753086419753,3081,0,0,32.62178611755371,223444b
DR,1132,245760,282,0.4219858156028369,401.4609929078014,891,0.003367003367003367,155.35914702581368,891,0.002244668911335578,156.58024691358025,3081,0,0,32.62178611755371,223444b
DR,1132,307200,282,0.04964539007092199,254.06028368794327,891,0.0,114.91694725028059,891,0.0,114.8327721661055,3081,0,0,32.62178611755371,223444b
DR,1132,368640,282,0.07092198581560284,241.2872340425532,891,0.0,113.28731762065095,891,0.0,112.73737373737374,3081,0,0,32.62178611755371,223444b
DR,1132,430080,282,0.9468085106382979,490.1666666666667,891,0.0,64.19304152637486,891,0.005611672278338945,66.27721661054994,3081,0,0,32.62178611755371,223444b
DR,1132,491520,282,0.6985815602836879,471.031914893617,891,0.08978675645342311,198.4354657687991,891,0.08529741863075196,193.5780022446689,3081,0,0,32.62178611755371,223444b
DR,1132,552960,282,0.8900709219858156,490.6985815602837,891,0.04713804713804714,112.8361391694725,891,0.038159371492704826,103.65095398428731,3081,0,0,32.62178611755371,223444b
DR,1132,614400,282,0.9680851063829787,492.3723404255319,891,0.8181818181818182,428.1358024691358,891,0.8092031425364759,423.8552188552189,3081,0,0,32.62178611755371,223444b
DR,1133,0,282,0.0,59.12056737588652,891,0.0,27.650953984287316,891,0.0,27.581369248035916,2731,0,0,32.915083169937134,223444b
DR,1133,61440,282,0.07092198581560284,257.790780141844,891,0.0,119.01234567901234,891,0.0,118.38832772166106,2731,0,0,32.915083169937134,223444b
DR,1133,122880,282,0.2553191489361702,317.7411347517731,891,0.0,111.75308641975309,891,0.0,110.77441077441077,2731,0,0,32.915083169937134,223444b
DR,1133,184320,282,0.74822695035461,467.0425531914894,891,0.33108866442199775,305.80808080808083,891,0.2996632996632997,298.2648709315376,2731,0,0,32.915083169937134,223444b
DR,1133,245760,282,0.028368794326241134,193.2836879432624,891,0.10325476992143659,198.675645342312,891,0.09764309764309764,191.0662177328844,2731,0,0,32.915083169937134,223444b
DR,1133,307200,282,0.6560283687943262,460.4574468085106,891,0.12682379349046016,202.64197530864197,891,0.10549943883277217,190.74298540965208,2731,0,0,32.915083169937134,223444b
DR,1133,368640,282,0.9680851063829787,492.51418439716315,891,0.5039281705948373,288.3030303030303,891,0.5039281705948373,288.97081930415266,2731,0,0,32.915083169937134,223444b
DR,1133,430080,282,0.9432624113475178,486.3758865248227,891,0.46352413019079686,316.60157126823793,891,0.4444444444444444,308.19191919191917,2731,0,0,32.915083169937134,223444b
DR,1133,491520,282,0.9893617021276596,496.9432624113475,891,0.9023569023569024,461.3030303030303,891,0.8754208754208754,449.76430976430976,2731,0,0,32.915083169937134,223444b
DR,1133,552960,282,0.9858156028368794,493.7517730496454,891,0.012345679012345678,64.38608305274973,891,0.006734006734006734,62.50617283950617,2731,0,0,32.915083169937134,223444b
DR,1133,614400,282,0.9893617021276596,495.3156028368794,891,0.002244668911335578,59.81144781144781,891,0.002244668911335578,59.665544332211,2731,0,0,32.915083169937134,223444b
DR,1131,0,282,0.0,14.656028368794326,891,0.0,37.95510662177329,891,0.0,38.02805836139169,2647,0,0,32.968433141708374,223444b
DR,1131,61440,282,0.0425531914893617,204.82978723404256,891,0.0,101.28395061728395,891,0.0,100.73961840628508,2647,0,0,32.968433141708374,223444b
DR,1131,122880,282,0.9929078014184397,497.27659574468083,891,0.8204264870931538,426.2648709315376,891,0.8125701459034792,423.12008978675647,2647,0,0,32.968433141708374,223444b
DR,1131,184320,282,0.4219858156028369,405.1170212765957,891,0.37037037037037035,299.67003367003366,891,0.3569023569023569,294.0112233445567,2647,0,0,32.968433141708374,223444b
DR,1131,245760,282,0.5177304964539007,412.59929078014187,891,0.08754208754208755,209.23905723905725,891,0.08529741863075196,207.3939393939394,2647,0,0,32.968433141708374,223444b
DR,1131,307200,282,0.024822695035460994,191.40070921985816,891,0.020202020202020204,145.74410774410774,891,0.007856341189674524,141.90011223344555,2647,0,0,32.968433141708374,223444b
DR,1131,368640,282,0.9893617021276596,496.9255319148936,891,0.0707070707070707,97.26374859708193,891,0.07407407407407407,97.6026936026936,2647,0,0,32.968433141708374,223444b
DR,1131,430080,282,0.9645390070921985,493.3581560283688,891,0.7205387205387206,386.3625140291807,891,0.7160493827160493,385.4354657687991,2647,0,0,32.968433141708374,223444b
DR,1131,491520,282,0.74822695035461,463.8900709219858,891,0.38047138047138046,281.5331088664422,891,0.38047138047138046,278.9315375982043,2647,0,0,32.968433141708374,223444b
DR,1131,552960,282,0.9361702127659575,489.3900709219858,891,0.8226711560044894,428.6531986531987,891,0.8035914702581369,420.6801346801347,2647,0,0,32.968433141708374,223444b
DR,1131,614400,282,0.9574468085106383,493.91843971631204,891,0.42536475869809204,376.5331088664422,891,0.4118967452300786,372.88327721661057,2647,0,0,32.968433141708374,223444b
DR,1135,0,282,0.0,13.75886524822695,891,0.0,12.130190796857464,891,0.0,12.06060606060606,2715,0,0,32.56229209899902,223444b
DR,1135,61440,282,0.8368794326241135,483.0070921985816,891,0.04489337822671156,295.14814814814815,891,0.05611672278338945,288.5084175084175,2715,0,0,32.56229209899902,223444b
DR,1135,122880,282,0.1773049645390071,308.1063829787234,891,0.0,116.87654320987654,891,0.0,116.01907968574635,2715,0,0,32.56229209899902,223444b
DR,1135,184320,282,0.3475177304964539,376.968085106383,891,0.0,150.4736251402918,891,0.0,148.70482603815938,2715,0,0,32.56229209899902,223444b
DR,1135,245760,282,0.9609929078014184,493.6985815602837,891,0.590347923681257,360.0392817059484,891,0.5982042648709316,359.08193041526374,2715,0,0,32.56229209899902,223444b
DR,1135,307200,282,0.9432624113475178,490.4326241134752,891,0.8069584736251403,422.73625140291807,891,0.7934904601571269,417.37149270482604,2715,0,0,32.56229209899902,223444b
DR,1135,368640,282,0.11702127659574468,259.0744680851064,891,0.0,105.12233445566778,891,0.0,104.59708193041526,2715,0,0,32.56229209899902,223444b
DR,1135,430080,282,0.9929078014184397,497.1737588652482,891,0.8226711560044894,427.7003367003367,891,0.8305274971941639,430.9315375982043,2715,0,0,32.56229209899902,223444b
DR,1135,491520,282,0.9893617021276596,496.1489361702128,891,0.867564534231201,447.1638608305275,891,0.8439955106621774,437.49719416386085,2715,0,0,32.56229209899902,223444b
DR,1135,552960,282,0.9929078014184397,497.9078014184397,891,0.37037037037037035,226.4736251402918,891,0.367003367003367,225.20650953984287,2715,0,0,32.56229209899902,223444b
DR,1135,614400,282,0.9893617021276596,497.5567375886525,891,0.37485970819304154,232.2794612794613,891,0.37373737373737376,231.8540965207632,2715,0,0,32.56229209899902,223444b
DR,1134,0,282,0.29432624113475175,316.5070921985816,891,0.0,108.61054994388327,891,0.0,108.23905723905725,2546,0,0,33.59011936187744,223444b
DR,1134,61440,282,0.3829787234042553,382.97163120567376,891,0.001122334455667789,151.30976430976432,891,0.0,149.43658810325476,2546,0,0,33.59011936187744,223444b
DR,1134,122880,282,0.1773049645390071,321.40070921985813,891,0.0,125.92817059483725,891,0.0,124.88215488215488,2546,0,0,33.59011936187744,223444b
DR,1134,184320,282,0.07446808510638298,269.20212765957444,891,0.006734006734006734,152.2749719416386,891,0.01122334455667789,151.69360269360268,2546,0,0,33.59011936187744,223444b
DR,1134,245760,282,0.9929078014184397,498.8723404255319,891,0.35802469135802467,228.1818181818182,891,0.3557800224466891,227.00785634118967,2546,0,0,33.59011936187744,223444b
DR,1134,307200,282,0.925531914893617,484.8156028368794,891,0.5701459034792368,327.82828282828285,891,0.5443322109988776,318.10662177328845,2546,0,0,33.59011936187744,223444b
DR,1134,368640,282,0.9893617021276596,497.6241134751773,891,0.8484848484848485,439.06060606060606,891,0.8383838383838383,434.83501683501686,2546,0,0,33.59011936187744,223444b
DR,1134,430080,282,0.9964539007092199,498.90425531914894,891,0.8810325476992144,453.19640852974186,891,0.8731762065095399,449.00112233445566,2546,0,0,33.59011936187744,223444b
DR,1134,491520,282,0.9964539007092199,499.86524822695037,891,0.4074074074074074,248.53198653198652,891,0.4062850729517396,247.07631874298542,2546,0,0,33.59011936187744,223444b
DR,1134,552960,282,0.9893617021276596,496.64539007092196,891,0.8787878787878788,451.41301907968574,891,0.8641975308641975,445.1863075196409,2546,0,0,33.59011936187744,223444b
DR,1134,614400,282,0.9822695035460993,496.1418439716312,891,0.7946127946127947,419.2087542087542,891,0.77665544332211,411.49270482603816,2546,0,0,33.59011936187744,223444b
DR,1136,0,282,0.0035460992907801418,17.70212765957447,891,0.0,45.04040404040404,891,0.0,45.39618406285073,2697,0,0,33.34871220588684,223444b
DR,1136,61440,282,0.03900709219858156,209.13475177304966,891,0.0,103.61167227833894,891,0.0,103.05162738496072,2697,0,0,33.34871220588684,223444b
DR,1136,122880,282,0.8014184397163121,474.5673758865248,891,0.003367003367003367,265.53423120089786,891,0.007856341189674524,263.2514029180696,2697,0,0,33.34871220588684,223444b
DR,1136,184320,282,0.03546099290780142,206.01418439716312,891,0.0,112.05274971941638,891,0.0,111.47138047138047,2697,0,0,33.34871220588684,223444b
DR,1136,245760,282,0.5141843971631206,425.66312056737587,891,0.02356902356902357,219.2962962962963,891,0.03479236812570146,218.11335578002246,2697,0,0,33.34871220588684,223444b
DR,1136,307200,282,0.3049645390070922,377.968085106383,891,0.3378226711560045,241.5252525252525,891,0.3108866442199775,230.55892255892255,2697,0,0,33.34871220588684,223444b
DR,1136,368640,282,0.5070921985815603,375.9078014184397,891,0.03367003367003367,120.02020202020202,891,0.028058361391694726,117.51627384960719,2697,0,0,33.34871220588684,223444b
DR,1136,430080,282,0.8581560283687943,479.0921985815603,891,0.037037037037037035,241.55555555555554,891,0.037037037037037035,242.7699214365881,2697,0,0,33.34871220588684,223444b
DR,1136,491520,282,0.9290780141843972,487.4609929078014,891,0.6734006734006734,369.0594837261504,891,0.6778900112233446,370.8316498316498,2697,0,0,33.34871220588684,223444b
DR,1136,552960,282,0.9893617021276596,495.39716312056737,891,0.2166105499438833,161.30864197530863,891,0.2345679012345679,167.35241301907968,2697,0,0,33.34871220588684,223444b
DR,1136,614400,282,0.9893617021276596,495.3404255319149,891,0.18967452300785634,148.18294051627385,891,0.20875420875420875,155.0426487093154,2697,0,0,33.34871220588684,223444b
DR,1138,0,282,0.010638297872340425,67.18439716312056,891,0.0,25.920314253647586,891,0.0,25.901234567901234,2731,0,0,35.48095703125,223444b
DR,1138,61440,282,0.9822695035460993,494.4503546099291,891,0.4511784511784512,271.27721661054994,891,0.44332210998877664,266.0796857463524,2731,0,0,35.48095703125,223444b
DR,1138,122880,282,0.09574468085106383,305.91843971631204,891,0.1526374859708193,243.07631874298542,891,0.1414141414141414,237.51066217732884,2731,0,0,35.48095703125,223444b
DR,1138,184320,282,0.2801418439716312,347.48581560283685,891,0.001122334455667789,133.7283950617284,891,0.0,132.36363636363637,2731,0,0,35.48095703125,223444b
DR,1138,245760,282,0.9609929078014184,496.34751773049646,891,0.2143658810325477,213.12008978675647,891,0.17957351290684623,205.69809203142538,2731,0,0,35.48095703125,223444b
DR,1138,307200,282,0.9858156028368794,495.0673758865248,891,0.001122334455667789,57.48821548821549,891,0.0,57.32996632996633,2731,0,0,35.48095703125,223444b
DR,1138,368640,282,0.9893617021276596,497.56028368794324,891,0.6677890011223344,360.358024691358,891,0.6610549943883277,357.1997755331089,2731,0,0,35.48095703125,223444b
DR,1138,430080,282,0.13120567375886524,285.6241134751773,891,0.0,115.66105499438832,891,0.0,114.96408529741863,2731,0,0,35.48095703125,223444b
DR,1138,491520,282,0.9929078014184397,497.93617021276594,891,0.5443322109988776,308.6094276094276,891,0.547699214365881,309.0549943883277,2731,0,0,35.48095703125,223444b
DR,1138,552960,282,0.9716312056737588,487.1418439716312,891,0.002244668911335578,55.282828282828284,891,0.001122334455667789,54.991021324354655,2731,0,0,35.48095703125,223444b
DR,1138,614400,282,0.9858156028368794,495.9113475177305,891,0.3613916947250281,232.29854096520762,891,0.3501683501683502,227.996632996633,2731,0,0,35.48095703125,223444b
DR,1139,0,282,0.0,12.645390070921986,891,0.0,21.51851851851852,891,0.0,21.382716049382715,2837,0,0,34.99959206581116,223444b
DR,1139,61440,282,0.10638297872340426,272.7304964539007,891,0.0,118.14702581369248,891,0.0,117.40628507295175,2837,0,0,34.99959206581116,223444b
DR,1139,122880,282,0.7624113475177305,463.8191489361702,891,0.10437710437710437,257.0594837261504,891,0.10213243546576879,251.59371492704827,2837,0,0,34.99959206581116,223444b
DR,1139,184320,282,0.31560283687943264,372.5248226950355,891,0.1728395061728395,230.5263748597082,891,0.1739618406285073,229.9573512906846,2837,0,0,34.99959206581116,223444b
DR,1139,245760,282,0.04964539007092199,208.19858156028369,891,0.001122334455667789,107.98765432098766,891,0.0,107.19640852974186,2837,0,0,34.99959206581116,223444b
DR,1139,307200,282,0.6808510638297872,459.08156028368796,891,0.06734006734006734,208.29405162738496,891,0.052749719416386086,206.31425364758698,2837,0,0,34.99959206581116,223444b
DR,1139,368640,282,0.9893617021276596,497.48936170212767,891,0.9113355780022446,464.14365881032546,891,0.9057239057239057,462.0381593714927,2837,0,0,34.99959206581116,223444b
DR,1139,430080,282,0.9787234042553191,494.5390070921986,891,0.0,58.97418630751964,891,0.003367003367003367,59.84511784511785,2837,0,0,34.99959206581116,223444b
DR,1139,491520,282,0.9787234042553191,494.6985815602837,891,0.5768799102132436,342.1111111111111,891,0.5634118967452301,334.2648709315376,2837,0,0,34.99959206581116,223444b
DR,1139,552960,282,0.9929078014184397,498.1666666666667,891,0.7631874298540965,401.30415263748597,891,0.7575757575757576,398.4882154882155,2837,0,0,34.99959206581116,223444b
DR,1139,614400,282,0.9893617021276596,496.6170212765957,891,0.9169472502805837,466.9977553310887,891,0.9068462401795735,462.3221099887767,2837,0,0,34.99959206581116,223444b
DR,1137,0,282,0.7056737588652482,365.33687943262413,891,0.0,91.88776655443323,891,0.0,91.67564534231201,2691,0,0,35.909645080566406,223444b
DR,1137,61440,282,0.20212765957446807,297.2269503546099,891,0.0,111.07744107744108,891,0.0,110.64983164983165,2691,0,0,35.909645080566406,223444b
DR,1137,122880,282,0.9042553191489362,489.8262411347518,891,0.877665544332211,451.0561167227834,891,0.8731762065095399,449.4107744107744,2691,0,0,35.909645080566406,223444b
DR,1137,184320,282,0.9858156028368794,496.6241134751773,891,0.8125701459034792,423.77104377104376,891,0.7934904601571269,416.3164983164983,2691,0,0,35.909645080566406,223444b
DR,1137,245760,282,0.20921985815602837,350.65248226950354,891,0.04601571268237935,185.68125701459036,891,0.04377104377104377,179.69809203142538,2691,0,0,35.909645080566406,223444b
DR,1137,307200,282,0.9680851063829787,493.88652482269504,891,0.7699214365881033,423.7766554433221,891,0.7654320987654321,421.76430976430976,2691,0,0,35.909645080566406,223444b
DR,1137,368640,282,0.04964539007092199,288.66312056737587,891,0.0,205.4702581369248,891,0.0,204.668911335578,2691,0,0,35.909645080566406,223444b
DR,1137,430080,282,0.7730496453900709,449.3085106382979,891,0.04826038159371493,180.40852974186308,891,0.05387205387205387,178.03367003367003,2691,0,0,35.909645080566406,223444b
DR,1137,491520,282,0.375886524822695,387.1063829787234,891,0.01122334455667789,198.8193041526375,891,0.01122334455667789,198.40291806958473,2691,0,0,35.909645080566406,223444b
DR,1137,552960,282,0.9858156028368794,494.54609929078015,891,0.003367003367003367,62.08417508417509,891,0.002244668911335578,60.77553310886644,2691,0,0,35.909645080566406,223444b
DR,1137,614400,282,0.9361702127659575,471.71276595744683,891,0.002244668911335578,55.499438832772164,891,0.001122334455667789,55.17957351290685,2691,0,0,35.909645080566406,223444b
DR,1140,0,282,0.0,13.074468085106384,891,0.0,33.44444444444444,891,0.0,33.053872053872055,2727,0,0,35.590725898742676,223444b
DR,1140,61440,282,0.0425531914893617,192.60638297872342,891,0.0,108.4074074074074,891,0.0,107.61054994388327,2727,0,0,35.590725898742676,223444b
DR,1140,122880,282,0.07446808510638298,289.8404255319149,891,0.026936026936026935,156.68799102132436,891,0.029180695847362513,163.17283950617283,2727,0,0,35.590725898742676,223444b
DR,1140,184320,282,0.028368794326241134,210.03191489361703,891,0.0,127.70931537598204,891,0.002244668911335578,127.09203142536475,2727,0,0,35.590725898742676,223444b
DR,1140,245760,282,0.9290780141843972,489.9468085106383,891,0.3344556677890011,373.5813692480359,891,0.33108866442199775,370.4231200897868,2727,0,0,35.590725898742676,223444b
DR,1140,307200,282,0.9893617021276596,495.36524822695037,891,0.002244668911335578,61.33670033670034,891,0.001122334455667789,60.9652076318743,2727,0,0,35.590725898742676,223444b
DR,1140,368640,282,0.950354609929078,490.31205673758865,891,0.7946127946127947,416.8136924803591,891,0.7890011223344556,414.69135802469134,2727,0,0,35.590725898742676,223444b
DR,1140,430080,282,0.7943262411347518,458.5744680851064,891,0.08529741863075196,178.4781144781145,891,0.07968574635241302,174.26150392817058,2727,0,0,35.590725898742676,223444b
DR,1140,491520,282,0.975177304964539,496.2269503546099,891,0.8911335578002245,455.93602693602696,891,0.8888888888888888,455.320987654321,2727,0,0,35.590725898742676,223444b
DR,1140,552960,282,0.9964539007092199,499.2695035460993,891,0.5286195286195287,300.52300785634117,891,0.49719416386083054,286.7665544332211,2727,0,0,35.590725898742676,223444b
DR,1140,614400,282,0.9929078014184397,498.13829787234044,891,0.8888888888888888,455.4388327721661,891,0.8821548821548821,452.15039281705947,2727,0,0,35.590725898742676,223444b
DR,1141,0,282,0.0,35.5,891,0.0,16.997755331088666,891,0.0,16.966329966329965,2807,0,0,34.90143084526062,223444b
DR,1141,61440,282,0.11702127659574468,284.6276595744681,891,0.0,121.49158249158249,891,0.0,120.54994388327722,2807,0,0,34.90143084526062,223444b
DR,1141,122880,282,0.031914893617021274,212.7340425531915,891,0.0,104.32435465768799,891,0.0,103.94163860830527,2807,0,0,34.90143084526062,223444b
DR,1141,184320,282,0.4432624113475177,415.5744680851064,891,0.001122334455667789,81.84848484848484,891,0.001122334455667789,82.72390572390573,2807,0,0,34.90143084526062,223444b
DR,1141,245760,282,0.13120567375886524,286.7304964539007,891,0.0,138.71268237934905,891,0.0,138.0561167227834,2807,0,0,34.90143084526062,223444b
DR,1141,307200,282,0.9822695035460993,496.14539007092196,891,0.9124579124579124,464.73625140291807,891,0.8900112233445566,455.668911335578,2807,0,0,34.90143084526062,223444b
DR,1141,368640,282,0.9893617021276596,496.31205673758865,891,0.1335578002244669,127.27721661054994,891,0.12008978675645342,120.672278338945,2807,0,0,34.90143084526062,223444b
DR,1141,430080,282,0.9716312056737588,494.4574468085106,891,0.2166105499438833,158.9472502805836,891,0.19079685746352412,147.33894500561166,2807,0,0,34.90143084526062,223444b
DR,1141,491520,282,0.9858156028368794,494.6276595744681,891,0.003367003367003367,61.535353535353536,891,0.003367003367003367,61.108866442199776,2807,0,0,34.90143084526062,223444b
DR,1141,552960,282,0.9822695035460993,494.77659574468083,891,0.001122334455667789,59.33670033670034,891,0.001122334455667789,58.9023569023569,2807,0,0,34.90143084526062,223444b
DR,1141,614400,282,0.9361702127659575,489.7836879432624,891,0.0,57.05274971941638,891,0.0,56.92480359147026,2807,0,0,34.90143084526062,223444b
DR,1142,0,282,0.0,11.131205673758865,891,0.0,13.141414141414142,891,0.0,12.75645342312009,2660,0,0,34.792624950408936,223444b
DR,1142,61440,282,0.06382978723404255,220.47163120567376,891,0.0,105.10998877665544,891,0.0,104.72390572390573,2660,0,0,34.792624950408936,223444b
DR,1142,122880,282,0.8156028368794326,462.67021276595744,891,0.29292929292929293,250.34792368125702,891,0.28058361391694725,241.99775533108865,2660,0,0,34.792624950408936,223444b
DR,1142,184320,282,0.25886524822695034,333.177304964539,891,0.001122334455667789,117.40516273849607,891,0.0,116.30078563411897,2660,0,0,34.792624950408936,223444b
DR,1142,245760,282,0.04609929078014184,236.98581560283688,891,0.0,125.0628507295174,891,0.0,124.2648709315376,2660,0,0,34.792624950408936,223444b
DR,1142,307200,282,0.9929078014184397,498.6914893617021,891,0.4590347923681257,273.4635241301908,891,0.45791245791245794,272.1470258136925,2660,0,0,34.792624950408936,223444b
DR,1142,368640,282,0.9929078014184397,497.468085106383,891,0.4377104377104377,263.2132435465769,891,0.43546576879910215,260.95061728395063,2660,0,0,34.792624950408936,223444b
DR,1142,430080,282,0.3191489361702128,370.52836879432624,891,0.0,132.92480359147027,891,0.0,131.8114478114478,2660,0,0,34.792624950408936,223444b
DR,1142,491520,282,0.9893617021276596,495.27659574468083,891,0.002244668911335578,58.290684624017956,891,0.001122334455667789,57.91582491582491,2660,0,0,34.792624950408936,223444b
DR,1142,552960,282,0.9858156028368794,496.1595744680851,891,0.8900112233445566,455.6060606060606,891,0.8686868686868687,446.5701459034792,2660,0,0,34.792624950408936,223444b
DR,1142,614400,282,0.9893617021276596,496.65602836879435,891,0.8821548821548821,453.04489337822673,891,0.8821548821548821,452.7934904601571,2660,0,0,34.792624950408936,223444b
DR,1144,0,282,0.0,51.336879432624116,891,0.0,38.898989898989896,891,0.0,38.06172839506173,2713,0,0,31.397100687026978,223444b
DR,1144,61440,282,0.04964539007092199,206.42198581560282,891,0.0,97.34231200897868,891,0.0,97.0280583613917,2713,0,0,31.397100687026978,223444b
DR,1144,122880,282,0.14893617021276595,270.8262411347518,891,0.0,109.11223344556677,891,0.0,108.44893378226712,2713,0,0,31.397100687026978,223444b
DR,1144,184320,282,0.3333333333333333,428.3510638297872,891,0.1739618406285073,242.20987654320987,891,0.18742985409652077,244.31649831649833,2713,0,0,31.397100687026978,223444b
DR,1144,245760,282,0.6773049645390071,464.27659574468083,891,0.024691358024691357,125.12570145903479,891,0.026936026936026935,126.25028058361391,2713,0,0,31.397100687026978,223444b
DR,1144,307200,282,0.0425531914893617,197.13120567375887,891,0.0,111.77216610549944,891,0.0,111.12570145903479,2713,0,0,31.397100687026978,223444b
DR,1144,368640,282,0.9787234042553191,491.62056737588654,891,0.0,55.88215488215488,891,0.0,55.63299663299663,2713,0,0,31.397100687026978,223444b
DR,1144,430080,282,0.9822695035460993,496.66312056737587,891,0.5061728395061729,288.0347923681257,891,0.48597081930415265,279.4915824915825,2713,0,0,31.397100687026978,223444b
DR,1144,491520,282,0.9787234042553191,492.65602836879435,891,0.11560044893378227,114.34118967452301,891,0.10437710437710437,111.58585858585859,2713,0,0,31.397100687026978,223444b
DR,1144,552960,282,0.9929078014184397,496.93971631205676,891,0.22895622895622897,170.06958473625141,891,0.2356902356902357,173.01122334455667,2713,0,0,31.397100687026978,223444b
DR,1144,614400,282,0.9893617021276596,495.26241134751774,891,0.002244668911335578,58.57575757575758,891,0.001122334455667789,58.2615039281706,2713,0,0,31.397100687026978,223444b
DR,1143,0,282,0.0,24.69858156028369,891,0.0,16.904601571268238,891,0.0,16.8675645342312,2608,0,0,31.946475982666016,223444b
DR,1143,61440,282,0.14893617021276595,280.86524822695037,891,0.0,118.61952861952862,891,0.0,117.8608305274972,2608,0,0,31.946475982666016,223444b
DR,1143,122880,282,0.09929078014184398,279.7304964539007,891,0.0,127.62962962962963,891,0.0,127.02693602693603,2608,0,0,31.946475982666016,223444b
DR,1143,184320,282,0.9148936170212766,489.83687943262413,891,0.7059483726150393,400.96408529741865,891,0.6857463524130191,392.15824915824913,2608,0,0,31.946475982666016,223444b
DR,1143,245760,282,0.24468085106382978,355.89716312056737,891,0.0,147.93265993265993,891,0.002244668911335578,147.05836139169472,2608,0,0,31.946475982666016,223444b
DR,1143,307200,282,0.5638297872340425,418.07801418439715,891,0.015712682379349047,163.42087542087543,891,0.015712682379349047,160.7037037037037,2608,0,0,31.946475982666016,223444b
DR,1143,368640,282,0.9893617021276596,495.2659574468085,891,0.001122334455667789,58.52300785634119,891,0.001122334455667789,58.25364758698092,2608,0,0,31.946475982666016,223444b
DR,1143,430080,282,0.9858156028368794,495.13120567375887,891,0.7093153759820426,378.3658810325477,891,0.6801346801346801,366.86307519640854,2608,0,0,31.946475982666016,223444b
DR,1143,491520,282,0.7624113475177305,471.0,891,0.0,191.2861952861953,891,0.0,187.70145903479238,2608,0,0,31.946475982666016,223444b
DR,1143,552960,282,0.6737588652482269,444.42907801418437,891,0.44556677890011226,285.59034792368124,891,0.4444444444444444,285.00561167227835,2608,0,0,31.946475982666016,223444b
DR,1143,614400,282,0.04964539007092199,286.49645390070924,891,0.002244668911335578,270.8395061728395,891,0.001122334455667789,264.01907968574636,2608,0,0,31.946475982666016,223444b
DR,1146,0,282,0.0,29.609929078014183,891,0.0,14.654320987654321,891,0.0,14.555555555555555,2811,0,0,31.274818658828735,223444b
DR,1146,61440,282,0.13120567375886524,261.10283687943263,891,0.0,107.23905723905725,891,0.0,106.57687991021325,2811,0,0,31.274818658828735,223444b
DR,1146,122880,282,0.5319148936170213,436.02127659574467,891,0.01122334455667789,223.4421997755331,891,0.013468013468013467,219.1492704826038,2811,0,0,31.274818658828735,223444b
DR,1146,184320,282,0.0673758865248227,280.98581560283685,891,0.0,119.08080808080808,891,0.001122334455667789,120.94388327721661,2811,0,0,31.274818658828735,223444b
DR,1146,245760,282,0.2730496453900709,368.3581560283688,891,0.0,90.46464646464646,891,0.0,91.003367003367,2811,0,0,31.274818658828735,223444b
DR,1146,307200,282,0.9609929078014184,491.75531914893617,891,0.8462401795735129,437.27384960718297,891,0.8406285072951739,434.8462401795735,2811,0,0,31.274818658828735,223444b
DR,1146,368640,282,0.9822695035460993,495.01418439716315,891,0.3468013468013468,216.61054994388329,891,0.3333333333333333,210.59147025813692,2811,0,0,31.274818658828735,223444b
DR,1146,430080,282,0.9858156028368794,495.92198581560285,891,0.8092031425364759,422.7699214365881,891,0.8035914702581369,420.13468013468014,2811,0,0,31.274818658828735,223444b
DR,1146,491520,282,0.9893617021276596,495.29787234042556,891,0.19640852974186307,147.62177328843995,891,0.2053872053872054,151.8709315375982,2811,0,0,31.274818658828735,223444b
DR,1146,552960,282,0.02127659574468085,170.81914893617022,891,0.0,107.02356902356902,891,0.0,106.43322109988776,2811,0,0,31.274818658828735,223444b
DR,1146,614400,282,0.024822695035460994,193.38652482269504,891,0.0,99.94837261503928,891,0.0,99.32435465768799,2811,0,0,31.274818658828735,223444b
DR,1145,0,282,0.0,20.20567375886525,891,0.0,14.62401795735129,891,0.0,14.72615039281706,2889,0,0,32.2307870388031,223444b
DR,1145,61440,282,0.2907801418439716,372.1489361702128,891,0.002244668911335578,177.4702581369248,891,0.0,175.65432098765433,2889,0,0,32.2307870388031,223444b
DR,1145,122880,282,0.09929078014184398,269.81205673758865,891,0.0,121.42312008978675,891,0.0,120.66442199775533,2889,0,0,32.2307870388031,223444b
DR,1145,184320,282,0.6134751773049646,439.93971631205676,891,0.001122334455667789,173.82379349046016,891,0.0,172.25140291806957,2889,0,0,32.2307870388031,223444b
DR,1145,245760,282,0.3546099290780142,393.9503546099291,891,0.012345679012345678,164.1436588103255,891,0.016835016835016835,163.9438832772166,2889,0,0,32.2307870388031,223444b
DR,1145,307200,282,0.25886524822695034,359.8014184397163,891,0.005611672278338945,152.11223344556677,891,0.006734006734006734,150.45230078563412,2889,0,0,32.2307870388031,223444b
DR,1145,368640,282,0.950354609929078,491.70212765957444,891,0.48148148148148145,371.91133557800225,891,0.4624017957351291,364.3265993265993,2889,0,0,32.2307870388031,223444b
DR,1145,430080,282,0.9893617021276596,496.531914893617,891,0.31200897867564537,204.8709315375982,891,0.29180695847362514,196.03367003367003,2889,0,0,32.2307870388031,223444b
DR,1145,491520,282,0.9858156028368794,495.68794326241135,891,0.8125701459034792,425.40852974186305,891,0.7968574635241302,419.1515151515151,2889,0,0,32.2307870388031,223444b
DR,1145,552960,282,0.9893617021276596,497.6489361702128,891,0.2536475869809203,177.57351290684625,891,0.23232323232323232,167.8148148148148,2889,0,0,32.2307870388031,223444b
DR,1145,614400,282,0.9858156028368794,493.6276595744681,891,0.002244668911335578,55.90909090909091,891,0.001122334455667789,55.58585858585859,2889,0,0,32.2307870388031,223444b
DR,1147,0,282,0.0,16.28014184397163,891,0.0,46.78338945005612,891,0.0,47.07182940516274,2648,0,0,32.14598798751831,223444b
DR,1147,61440,282,0.0035460992907801418,162.4822695035461,891,0.0,114.07070707070707,891,0.0,113.8294051627385,2648,0,0,32.14598798751831,223444b
DR,1147,122880,282,0.1099290780141844,287.52127659574467,891,0.001122334455667789,125.58810325476992,891,0.002244668911335578,123.94725028058362,2648,0,0,32.14598798751831,223444b
DR,1147,184320,282,0.9716312056737588,493.5851063829787,891,0.6520763187429854,354.33894500561166,891,0.6666666666666666,360.327721661055,2648,0,0,32.14598798751831,223444b
DR,1147,245760,282,0.9680851063829787,493.0496453900709,891,0.6487093153759821,358.56228956228955,891,0.6273849607182941,349.6307519640853,2648,0,0,32.14598798751831,223444b
DR,1147,307200,282,0.04964539007092199,198.13475177304966,891,0.0,109.06060606060606,891,0.0,108.49158249158249,2648,0,0,32.14598798751831,223444b
DR,1147,368640,282,0.8120567375886525,475.54609929078015,891,0.4826038159371493,360.45903479236813,891,0.48148148148148145,358.1245791245791,2648,0,0,32.14598798751831,223444b
DR,1147,430080,282,0.9290780141843972,492.62056737588654,891,0.3063973063973064,198.3973063973064,891,0.2738496071829405,186.12008978675647,2648,0,0,32.14598798751831,223444b
DR,1147,491520,282,0.9326241134751773,486.3049645390071,891,0.19079685746352412,279.5353535353535,891,0.17957351290684623,277.38945005611674,2648,0,0,32.14598798751831,223444b
DR,1147,552960,282,0.9929078014184397,497.31205673758865,891,0.2648709315375982,181.1077441077441,891,0.22671156004489337,165.1840628507295,2648,0,0,32.14598798751831,223444b
DR,1147,614400,282,0.9893617021276596,495.3014184397163,891,0.002244668911335578,59.03703703703704,891,0.001122334455667789,58.61952861952862,2648,0,0,32.14598798751831,223444b
DR,1148,0,282,0.0,21.134751773049647,891,0.0,14.84736251402918,891,0.0,14.99551066217733,2618,0,0,32.395012855529785,223444b
DR,1148,61440,282,0.09929078014184398,275.60283687943263,891,0.001122334455667789,152.32210998877665,891,0.0,150.39169472502806,2618,0,0,32.395012855529785,223444b
DR,1148,122880,282,0.45390070921985815,430.48581560283685,891,0.07295173961840629,164.8013468013468,891,0.06060606060606061,151.11560044893378,2618,0,0,32.395012855529785,223444b
DR,1148,184320,282,0.0425531914893617,227.15602836879432,891,0.001122334455667789,108.91470258136926,891,0.0,108.01459034792369,2618,0,0,32.395012855529785,223444b
DR,1148,245760,282,0.25886524822695034,373.42907801418437,891,0.02356902356902357,181.52076318742985,891,0.025813692480359147,177.45679012345678,2618,0,0,32.395012855529785,223444b
DR,1148,307200,282,0.8581560283687943,482.4609929078014,891,0.3838383838383838,246.3973063973064,891,0.38496071829405165,245.993265993266,2618,0,0,32.395012855529785,223444b
DR,1148,368640,282,0.9929078014184397,498.1489361702128,891,0.1122334455667789,113.7598204264871,891,0.11335578002244669,112.87654320987654,2618,0,0,32.395012855529785,223444b
DR,1148,430080,282,0.9929078014184397,498.07801418439715,891,0.9191919191919192,467.74747474747477,891,0.8978675645342312,458.73288439955104,2618,0,0,32.395012855529785,223444b
DR,1148,491520,282,0.925531914893617,489.40425531914894,891,0.5375982042648709,376.7665544332211,891,0.5432098765432098,369.90460157126824,2618,0,0,32.395012855529785,223444b
DR,1148,552960,282,0.9893617021276596,495.28014184397165,891,0.002244668911335578,59.85746352413019,891,0.002244668911335578,59.97755331088664,2618,0,0,32.395012855529785,223444b
DR,1148,614400,282,0.9822695035460993,494.21276595744683,891,0.4175084175084175,245.91694725028057,891,0.4186307519640853,246.01234567901236,2618,0,0,32.395012855529785,223444b
DR,1149,0,282,0.0,11.26241134751773,891,0.0,23.59259259259259,891,0.0,23.03591470258137,2795,0,0,29.6113760471344,223444b
DR,1149,61440,282,0.36879432624113473,378.01418439716315,891,0.0,165.74298540965208,891,0.0,164.12345679012347,2795,0,0,29.6113760471344,223444b
DR,1149,122880,282,0.975177304964539,496.09574468085106,891,0.41975308641975306,255.8540965207632,891,0.41975308641975306,255.89113355780023,2795,0,0,29.6113760471344,223444b
DR,1149,184320,282,0.10638297872340426,301.09929078014187,891,0.04601571268237935,172.50953984287318,891,0.05948372615039282,172.15937149270482,2795,0,0,29.6113760471344,223444b
DR,1149,245760,282,0.17375886524822695,324.8936170212766,891,0.0,118.00897867564534,891,0.0,113.5050505050505,2795,0,0,29.6113760471344,223444b
DR,1149,307200,282,0.9893617021276596,497.5177304964539,891,0.3793490460157127,234.39842873176207,891,0.35353535353535354,223.8013468013468,2795,0,0,29.6113760471344,223444b
DR,1149,368640,282,0.024822695035460994,172.27659574468086,891,0.030303030303030304,134.34792368125702,891,0.03254769921436588,133.08080808080808,2795,0,0,29.6113760471344,223444b
DR,1149,430080,282,0.6524822695035462,447.0921985815603,891,0.006734006734006734,181.33333333333334,891,0.006734006734006734,177.97530864197532,2795,0,0,29.6113760471344,223444b
DR,1149,491520,282,0.9787234042553191,495.8829787234043,891,0.819304152637486,428.5544332210999,891,0.8170594837261503,426.98428731762067,2795,0,0,29.6113760471344,223444b
DR,1149,552960,282,0.9858156028368794,495.6666666666667,891,0.7216610549943884,385.37373737373736,891,0.7070707070707071,378.5791245791246,2795,0,0,29.6113760471344,223444b
DR,1149,614400,282,0.9893617021276596,495.3900709219858,891,0.18855218855218855,149.25476992143658,891,0.20202020202020202,154.22222222222223,2795,0,0,29.6113760471344,223444b
DR,1150,0,282,0.0,14.25531914893617,891,0.0,30.18742985409652,891,0.0,30.003367003367003,2763,0,0,29.45931100845337,223444b
DR,1150,61440,282,0.07801418439716312,264.79432624113474,891,0.0,131.996632996633,891,0.001122334455667789,130.56677890011224,2763,0,0,29.45931100845337,223444b
DR,1150,122880,282,0.08865248226950355,270.6241134751773,891,0.0,114.7351290684624,891,0.0,114.08417508417509,2763,0,0,29.45931100845337,223444b
DR,1150,184320,282,0.9326241134751773,492.9078014184397,891,0.29741863075196406,319.1627384960718,891,0.2951739618406285,314.65656565656565,2763,0,0,29.45931100845337,223444b
DR,1150,245760,282,0.7127659574468085,463.9822695035461,891,0.003367003367003367,169.46576879910214,891,0.0,163.8641975308642,2763,0,0,29.45931100845337,223444b
DR,1150,307200,282,0.950354609929078,493.38652482269504,891,0.8754208754208754,458.7250280583614,891,0.8720538720538721,460.1189674523008,2763,0,0,29.45931100845337,223444b
DR,1150,368640,282,0.4219858156028369,354.6950354609929,891,0.0,111.28395061728395,891,0.001122334455667789,110.96745230078564,2763,0,0,29.45931100845337,223444b
DR,1150,430080,282,0.9645390070921985,492.8156028368794,891,0.898989898989899,459.60381593714925,891,0.8855218855218855,454.1223344556678,2763,0,0,29.45931100845337,223444b
DR,1150,491520,282,0.900709219858156,480.59574468085106,891,0.696969696969697,380.280583613917,891,0.6812570145903479,373.8709315375982,2763,0,0,29.45931100845337,223444b
DR,1150,552960,282,0.9787234042553191,494.36170212765956,891,0.6285072951739619,351.8092031425365,891,0.6094276094276094,343.93265993265993,2763,0,0,29.45931100845337,223444b
DR,1150,614400,282,0.9680851063829787,492.63120567375887,891,0.26374859708193044,293.4500561167228,891,0.2547699214365881,288.27946127946126,2763,0,0,29.45931100845337,223444b
DR,1151,0,282,0.0,18.30496453900709,891,0.0,12.655443322109988,891,0.0,12.444444444444445,2613,0,0,29.157290935516357,223444b
DR,1151,61440,282,0.22340425531914893,322.7659574468085,891,0.0,136.39842873176207,891,0.0,135.01795735129068,2613,0,0,29.157290935516357,223444b
DR,1151,122880,282,0.9893617021276596,496.42198581560285,891,0.11560044893378227,120.0,891,0.12570145903479238,123.11672278338945,2613,0,0,29.157290935516357,223444b
DR,1151,184320,282,0.02127659574468085,208.20567375886526,891,0.0,112.05611672278339,891,0.0,111.50617283950618,2613,0,0,29.157290935516357,223444b
DR,1151,245760,282,0.8829787234042553,484.5,891,0.015712682379349047,266.87654320987656,891,0.014590347923681257,266.1818181818182,2613,0,0,29.157290935516357,223444b
DR,1151,307200,282,0.01773049645390071,263.2482269503546,891,0.0,266.66778900112234,891,0.0,264.50392817059486,2613,0,0,29.157290935516357,223444b
DR,1151,368640,282,0.9858156028368794,494.95390070921985,891,0.6419753086419753,355.27048260381594,891,0.6363636363636364,351.68462401795733,2613,0,0,29.157290935516357,223444b
DR,1151,430080,282,0.9680851063829787,492.86170212765956,891,0.489337822671156,318.5993265993266,891,0.4601571268237935,308.24242424242425,2613,0,0,29.157290935516357,223444b
DR,1151,491520,282,0.9609929078014184,491.84397163120565,891,0.4074074074074074,302.4388327721661,891,0.4062850729517396,299.56902356902356,2613,0,0,29.157290935516357,223444b
DR,1151,552960,282,0.9893617021276596,497.6666666666667,891,0.8417508417508418,436.4500561167228,891,0.8383838383838383,434.4074074074074,2613,0,0,29.157290935516357,223444b
DR,1151,614400,282,0.851063829787234,470.1595744680851,891,0.6677890011223344,367.7867564534231,891,0.6554433221099888,362.81032547699215,2613,0,0,29.157290935516357,223444b
DR,1152,0,282,0.0,14.343971631205674,891,0.0,14.286195286195285,891,0.0,14.015712682379348,2936,0,0,28.67268419265747,223444b
DR,1152,61440,282,0.12056737588652482,265.81205673758865,891,0.0,116.51627384960719,891,0.0,115.66778900112233,2936,0,0,28.67268419265747,223444b
DR,1152,122880,282,0.1276595744680851,282.57801418439715,891,0.001122334455667789,131.69135802469137,891,0.0,130.6195286195286,2936,0,0,28.67268419265747,223444b
DR,1152,184320,282,0.02127659574468085,197.09574468085106,891,0.0,104.55443322109988,891,0.0,104.1425364758698,2936,0,0,28.67268419265747,223444b
DR,1152,245760,282,0.03900709219858156,213.84397163120568,891,0.001122334455667789,115.34680134680134,891,0.0,114.42760942760943,2936,0,0,28.67268419265747,223444b
DR,1152,307200,282,0.14184397163120568,298.6985815602837,891,0.001122334455667789,129.34904601571267,891,0.0,128.1952861952862,2936,0,0,28.67268419265747,223444b
DR,1152,368640,282,0.9964539007092199,498.4113475177305,891,0.22783389450056116,171.13019079685748,891,0.22334455667789002,168.9438832772166,2936,0,0,28.67268419265747,223444b
DR,1152,430080,282,0.975177304964539,496.0177304964539,891,0.745230078563412,402.6801346801347,891,0.7081930415263749,386.5723905723906,2936,0,0,28.67268419265747,223444b
DR,1152,491520,282,0.975177304964539,494.13475177304963,891,0.2356902356902357,171.3872053872054,891,0.24691358024691357,175.98765432098764,2936,0,0,28.67268419265747,223444b
DR,1152,552960,282,0.9858156028368794,495.4645390070922,891,0.39730639730639733,240.7104377104377,891,0.38496071829405165,234.30864197530863,2936,0,0,28.67268419265747,223444b
DR,1152,614400,282,0.9964539007092199,498.4113475177305,891,0.2558922558922559,183.4219977553311,891,0.24242424242424243,175.665544332211,2936,0,0,28.67268419265747,223444b
DR,1153,0,282,0.0,10.847517730496454,891,0.0,14.345679012345679,891,0.0,14.353535353535353,2972,0,0,29.032235145568848,223444b
DR,1153,61440,282,0.14893617021276595,294.0070921985816,891,0.001122334455667789,127.8989898989899,891,0.003367003367003367,125.81818181818181,2972,0,0,29.032235145568848,223444b
DR,1153,122880,282,0.1879432624113475,365.2836879432624,891,0.4511784511784512,308.1952861952862,891,0.44219977553310885,303.7676767676768,2972,0,0,29.032235145568848,223444b
DR,1153,184320,282,0.9645390070921985,494.18794326241135,891,0.005611672278338945,70.60381593714926,891,0.0,71.53872053872054,2972,0,0,29.032235145568848,223444b
DR,1153,245760,282,0.06382978723404255,251.5531914893617,891,0.002244668911335578,138.3030303030303,891,0.003367003367003367,138.76879910213245,2972,0,0,29.032235145568848,223444b
DR,1153,307200,282,0.07801418439716312,275.43971631205676,891,0.0,128.42424242424244,891,0.0,127.79124579124579,2972,0,0,29.032235145568848,223444b
DR,1153,368640,282,0.4787234042553192,418.36524822695037,891,0.0,148.89113355780023,891,0.0,145.19640852974186,2972,0,0,29.032235145568848,223444b
DR,1153,430080,282,0.06028368794326241,243.6418439716312,891,0.0,117.82716049382717,891,0.0,116.95173961840628,2972,0,0,29.032235145568848,223444b
DR,1153,491520,282,0.9893617021276596,496.65602836879435,891,0.9147025813692481,466.50729517396184,891,0.8911335578002245,456.9259259259259,2972,0,0,29.032235145568848,223444b
DR,1153,552960,282,0.9858156028368794,495.677304964539,891,0.7845117845117845,414.54096520763187,891,0.77665544332211,411.39506172839504,2972,0,0,29.032235145568848,223444b
DR,1153,614400,282,0.8546099290780141,481.5,891,0.468013468013468,338.04713804713805,891,0.4725028058361392,339.7317620650954,2972,0,0,29.032235145568848,223444b
DR,1154,0,282,0.0,12.198581560283689,891,0.0,11.881032547699215,891,0.0,11.7665544332211,3133,0,0,28.892964124679565,223444b
DR,1154,61440,282,0.18439716312056736,333.99645390070924,891,0.1414141414141414,235.44668911335577,891,0.13804713804713806,233.8294051627385,3133,0,0,28.892964124679565,223444b
DR,1154,122880,282,0.09219858156028368,247.7127659574468,891,0.0,113.04938271604938,891,0.001122334455667789,112.5712682379349,3133,0,0,28.892964124679565,223444b
DR,1154,184320,282,0.1347517730496454,295.83687943262413,891,0.0,138.09539842873176,891,0.0,136.26936026936028,3133,0,0,28.892964124679565,223444b
DR,1154,245760,282,0.03546099290780142,207.43617021276594,891,0.0,108.11447811447812,891,0.0,107.67901234567901,3133,0,0,28.892964124679565,223444b
DR,1154,307200,282,0.9893617021276596,496.790780141844,891,0.9135802469135802,464.8900112233446,891,0.8900112233445566,455.2693602693603,3133,0,0,28.892964124679565,223444b
DR,1154,368640,282,0.2907801418439716,372.15602836879435,891,0.0,126.02020202020202,891,0.0,125.53535353535354,3133,0,0,28.892964124679565,223444b
DR,1154,430080,282,0.975177304964539,495.21985815602835,891,0.9438832772166106,477.7497194163861,891,0.9270482603815937,471.0347923681257,3133,0,0,28.892964124679565,223444b
DR,1154,491520,282,0.08156028368794327,255.89716312056737,891,0.001122334455667789,127.63524130190797,891,0.0,126.21212121212122,3133,0,0,28.892964124679565,223444b
DR,1154,552960,282,0.9858156028368794,495.1808510638298,891,0.0,57.133557800224466,891,0.001122334455667789,57.00785634118967,3133,0,0,28.892964124679565,223444b
DR,1154,614400,282,0.5035460992907801,456.6666666666667,891,0.4152637485970819,343.1627384960718,891,0.4006734006734007,337.1739618406285,3133,0,0,28.892964124679565,223444b
DR,1157,0,282,0.0,12.00709219858156,891,0.0,14.372615039281706,891,0.0,14.361391694725029,2771,0,0,34.8415789604187,223444b
DR,1157,61440,282,0.04964539007092199,193.63120567375887,891,0.0,96.68462401795735,891,0.0,96.43995510662177,2771,0,0,34.8415789604187,223444b
DR,1157,122880,282,0.0851063829787234,284.0177304964539,891,0.0,81.84960718294052,891,0.0,81.15712682379349,2771,0,0,34.8415789604187,223444b
DR,1157,184320,282,0.8581560283687943,484.7695035460993,891,0.0,72.99775533108867,891,0.002244668911335578,73.0628507295174,2771,0,0,34.8415789604187,223444b
DR,1157,245760,282,0.13829787234042554,294.4645390070922,891,0.0,119.0729517396184,891,0.0,118.33557800224467,2771,0,0,34.8415789604187,223444b
DR,1157,307200,282,0.04609929078014184,210.10638297872342,891,0.0,110.85634118967452,891,0.0,110.18518518518519,2771,0,0,34.8415789604187,223444b
DR,1157,368640,282,0.9787234042553191,493.0851063829787,891,0.002244668911335578,62.093153759820424,891,0.007856341189674524,64.02244668911335,2771,0,0,34.8415789604187,223444b
DR,1157,430080,282,0.975177304964539,496.79432624113474,891,0.23007856341189675,165.67003367003366,891,0.20426487093153758,153.63187429854096,2771,0,0,34.8415789604187,223444b
DR,1157,491520,282,0.9432624113475178,474.02836879432624,891,0.002244668911335578,55.51178451178451,891,0.0,55.06285072951739,2771,0,0,34.8415789604187,223444b
DR,1157,552960,282,0.9929078014184397,497.8049645390071,891,0.8698092031425365,447.682379349046,891,0.856341189674523,441.6778900112233,2771,0,0,34.8415789604187,223444b
DR,1157,614400,282,0.9858156028368794,497.3085106382979,891,0.8159371492704826,427.5813692480359,891,0.8069584736251403,423.1515151515151,2771,0,0,34.8415789604187,223444b
DR,1158,0,282,0.0,13.50709219858156,891,0.0,32.65768799102133,891,0.0,32.7384960718294,2599,0,0,35.94164991378784,223444b
DR,1158,61440,282,0.04964539007092199,237.03546099290782,891,0.0,128.38159371492705,891,0.0,127.20987654320987,2599,0,0,35.94164991378784,223444b
DR,1158,122880,282,0.1099290780141844,279.48581560283685,891,0.001122334455667789,125.69584736251403,891,0.0,124.60381593714926,2599,0,0,35.94164991378784,223444b
DR,1158,184320,282,0.599290780141844,431.08156028368796,891,0.001122334455667789,165.8529741863075,891,0.001122334455667789,163.8956228956229,2599,0,0,35.94164991378784,223444b
DR,1158,245760,282,0.10638297872340426,265.0390070921986,891,0.001122334455667789,110.46801346801347,891,0.0,109.69921436588103,2599,0,0,35.94164991378784,223444b
DR,1158,307200,282,0.09219858156028368,303.64539007092196,891,0.052749719416386086,191.11896745230078,891,0.04601571268237935,189.0415263748597,2599,0,0,35.94164991378784,223444b
DR,1158,368640,282,0.9929078014184397,496.92198581560285,891,0.13916947250280584,129.59147025813692,891,0.1638608305274972,139.5263748597082,2599,0,0,35.94164991378784,223444b
DR,1158,430080,282,0.8546099290780141,478.9929078014184,891,0.43209876543209874,351.668911335578,891,0.43209876543209874,347.62850729517396,2599,0,0,35.94164991378784,223444b
DR,1158,491520,282,0.9893617021276596,495.2730496453901,891,0.001122334455667789,57.56677890011223,891,0.0,57.17957351290685,2599,0,0,35.94164991378784,223444b
DR,1158,552960,282,0.9929078014184397,496.97163120567376,891,0.2334455667789001,166.72727272727272,891,0.20202020202020202,153.43995510662177,2599,0,0,35.94164991378784,223444b
DR,1158,614400,282,0.9929078014184397,496.9929078014184,891,0.2772166105499439,189.50392817059483,891,0.2570145903479237,181.324354657688,2599,0,0,35.94164991378784,223444b
DR,1155,0,282,0.0,39.99290780141844,891,0.0,44.79349046015712,891,0.0,44.612794612794616,2821,0,0,36.19866871833801,223444b
DR,1155,61440,282,0.11702127659574468,294.5177304964539,891,0.0,124.47474747474747,891,0.0,123.19304152637486,2821,0,0,36.19866871833801,223444b
DR,1155,122880,282,0.7553191489361702,476.90425531914894,891,0.29741863075196406,333.317620650954,891,0.25140291806958476,315.68462401795733,2821,0,0,36.19866871833801,223444b
DR,1155,184320,282,0.16666666666666666,312.7730496453901,891,0.001122334455667789,159.28395061728395,891,0.002244668911335578,157.658810325477,2821,0,0,36.19866871833801,223444b
DR,1155,245760,282,0.09929078014184398,257.18794326241135,891,0.001122334455667789,126.46015712682379,891,0.0,125.32210998877666,2821,0,0,36.19866871833801,223444b
DR,1155,307200,282,0.9858156028368794,497.2836879432624,891,0.48148148148148145,304.5353535353535,891,0.48148148148148145,307.37373737373736,2821,0,0,36.19866871833801,223444b
DR,1155,368640,282,0.8156028368794326,477.9503546099291,891,0.6509539842873177,389.4276094276094,891,0.6363636363636364,382.32547699214365,2821,0,0,36.19866871833801,223444b
DR,1155,430080,282,0.9964539007092199,498.50354609929076,891,0.9270482603815937,471.1290684624018,891,0.920314253647587,468.6531986531987,2821,0,0,36.19866871833801,223444b
DR,1155,491520,282,0.9858156028368794,495.63475177304963,891,0.48148148148148145,274.19191919191917,891,0.4713804713804714,270.79910213243545,2821,0,0,36.19866871833801,223444b
DR,1155,552960,282,0.9893617021276596,496.4645390070922,891,0.6251402918069585,347.4276094276094,891,0.6296296296296297,349.19416386083054,2821,0,0,36.19866871833801,223444b
DR,1155,614400,282,0.9822695035460993,494.92198581560285,891,0.31425364758698093,203.09203142536475,891,0.31200897867564537,201.0875420875421,2821,0,0,36.19866871833801,223444b
DR,1156,0,282,0.0,57.141843971631204,891,0.0,29.062850729517397,891,0.0,29.190796857463525,3061,0,0,36.384608030319214,223444b
DR,1156,61440,282,0.1347517730496454,250.0,891,0.0,105.25701459034792,891,0.001122334455667789,105.1705948372615,3061,0,0,36.384608030319214,223444b
DR,1156,122880,282,0.17375886524822695,321.40070921985813,891,0.0,136.40740740740742,891,0.0,134.90460157126824,3061,0,0,36.384608030319214,223444b
DR,1156,184320,282,0.29432624113475175,365.66312056737587,891,0.01122334455667789,170.93490460157128,891,0.01122334455667789,168.16161616161617,3061,0,0,36.384608030319214,223444b
DR,1156,245760,282,0.39361702127659576,371.86879432624113,891,0.001122334455667789,138.48260381593715,891,0.0,136.73400673400673,3061,0,0,36.384608030319214,223444b
DR,1156,307200,282,0.9929078014184397,497.2269503546099,891,0.8911335578002245,455.72053872053874,891,0.8731762065095399,448.5353535353535,3061,0,0,36.384608030319214,223444b
DR,1156,368640,282,0.07092198581560284,340.9503546099291,891,0.4601571268237935,306.0662177328844,891,0.45342312008978675,305.50729517396184,3061,0,0,36.384608030319214,223444b
DR,1156,430080,282,0.014184397163120567,168.48581560283688,891,0.06734006734006734,204.91021324354656,891,0.06846240179573512,204.01795735129068,3061,0,0,36.384608030319214,223444b
DR,1156,491520,282,0.8687943262411347,481.38652482269504,891,0.050505050505050504,228.44893378226712,891,0.05499438832772166,229.79685746352413,3061,0,0,36.384608030319214,223444b
DR,1156,552960,282,0.9929078014184397,497.4255319148936,891,0.3894500561167228,240.21436588103253,891,0.3782267115600449,234.41750841750843,3061,0,0,36.384608030319214,223444b
DR,1156,614400,282,0.9893617021276596,496.3333333333333,891,0.1627384960718294,141.50392817059483,891,0.17957351290684623,146.35578002244668,3061,0,0,36.384608030319214,223444b
DR,1159,0,282,0.014184397163120567,74.43617021276596,891,0.0,24.69472502805836,891,0.0,24.62962962962963,2810,0,0,35.80131506919861,223444b
DR,1159,61440,282,0.07092198581560284,198.8581560283688,891,0.0,94.11335578002245,891,0.0,93.88103254769922,2810,0,0,35.80131506919861,223444b
DR,1159,122880,282,0.03546099290780142,198.01063829787233,891,0.0,103.16498316498317,891,0.0,102.55892255892256,2810,0,0,35.80131506919861,223444b
DR,1159,184320,282,0.06028368794326241,278.58156028368796,891,0.11447811447811448,208.45791245791247,891,0.09652076318742986,204.28058361391695,2810,0,0,35.80131506919861,223444b
DR,1159,245760,282,0.15602836879432624,284.09929078014187,891,0.001122334455667789,112.73961840628508,891,0.0,111.81930415263749,2810,0,0,35.80131506919861,223444b
DR,1159,307200,282,0.26595744680851063,356.9326241134752,891,0.24354657687991021,220.0482603815937,891,0.24354657687991021,219.07744107744108,2810,0,0,35.80131506919861,223444b
DR,1159,368640,282,0.9787234042553191,494.9645390070922,891,0.7957351290684624,417.34455667789,891,0.7957351290684624,416.8316498316498,2810,0,0,35.80131506919861,223444b
DR,1159,430080,282,0.8581560283687943,477.709219858156,891,0.797979797979798,419.1515151515151,891,0.7676767676767676,406.8114478114478,2810,0,0,35.80131506919861,223444b
DR,1159,491520,282,0.9929078014184397,497.02836879432624,891,0.26038159371492703,184.006734006734,891,0.2558922558922559,181.54545454545453,2810,0,0,35.80131506919861,223444b
DR,1159,552960,282,0.9893617021276596,496.97872340425533,891,0.8047138047138047,420.9079685746352,891,0.8092031425364759,423.0392817059484,2810,0,0,35.80131506919861,223444b
DR,1159,614400,282,0.8262411347517731,461.3156028368794,891,0.04938271604938271,187.46576879910214,891,0.05499438832772166,185.0,2810,0,0,35.80131506919861,223444b
DR,1160,0,282,0.0,11.840425531914894,891,0.0,24.74635241301908,891,0.0,23.49270482603816,2639,0,0,35.5957088470459,223444b
DR,1160,61440,282,0.04964539007092199,225.06737588652481,891,0.0,106.13804713804714,891,0.0,105.62289562289563,2639,0,0,35.5957088470459,223444b
DR,1160,122880,282,0.010638297872340425,172.86524822695034,891,0.0,95.8361391694725,891,0.0,95.59708193041526,2639,0,0,35.5957088470459,223444b
DR,1160,184320,282,0.1595744680851064,312.86524822695037,891,0.0,149.4388327721661,891,0.001122334455667789,147.8462401795735,2639,0,0,35.5957088470459,223444b
DR,1160,245760,282,0.7021276595744681,453.37943262411346,891,0.3557800224466891,283.61728395061726,891,0.3602693602693603,282.0561167227834,2639,0,0,35.5957088470459,223444b
DR,1160,307200,282,0.9929078014184397,498.45390070921985,891,0.9079685746352413,462.5959595959596,891,0.8945005611672279,457.3726150392817,2639,0,0,35.5957088470459,223444b
DR,1160,368640,282,0.9539007092198581,492.5390070921986,891,0.7463524130190797,397.5375982042649,891,0.7474747474747475,397.9315375982043,2639,0,0,35.5957088470459,223444b
DR,1160,430080,282,0.23404255319148937,353.85460992907804,891,0.15937149270482603,214.64421997755332,891,0.1447811447811448,208.33557800224466,2639,0,0,35.5957088470459,223444b
DR,1160,491520,282,0.9574468085106383,490.0354609929078,891,0.5589225589225589,322.8069584736251,891,0.5230078563411896,307.0527497194164,2639,0,0,35.5957088470459,223444b
DR,1160,552960,282,0.30141843971631205,400.8085106382979,891,0.48484848484848486,321.7800224466891,891,0.4882154882154882,323.1571268237935,2639,0,0,35.5957088470459,223444b
DR,1160,614400,282,0.4574468085106383,408.8085106382979,891,0.028058361391694726,202.70482603815938,891,0.029180695847362513,200.9090909090909,2639,0,0,35.5957088470459,223444b
DR,1161,0,282,0.0,16.50709219858156,891,0.0,49.45117845117845,891,0.0,49.896745230078565,2649,0,0,36.08503603935242,223444b
DR,1161,61440,282,0.13120567375886524,288.81205673758865,891,0.0,128.3973063973064,891,0.0,127.4287317620651,2649,0,0,36.08503603935242,223444b
DR,1161,122880,282,0.46099290780141844,392.40070921985813,891,0.001122334455667789,146.75420875420875,891,0.001122334455667789,145.12682379349047,2649,0,0,36.08503603935242,223444b
DR,1161,184320,282,0.9893617021276596,497.71276595744683,891,0.8327721661054994,431.83501683501686,891,0.8103254769921436,422.46801346801345,2649,0,0,36.08503603935242,223444b
DR,1161,245760,282,0.11347517730496454,309.0,891,0.0,127.24466891133558,891,0.0,125.8080808080808,2649,0,0,36.08503603935242,223444b
DR,1161,307200,282,0.9787234042553191,496.28723404255317,891,0.29180695847362514,219.16161616161617,891,0.287317620650954,216.658810325477,2649,0,0,36.08503603935242,223444b
DR,1161,368640,282,0.9929078014184397,499.3156028368794,891,0.8810325476992144,451.9607182940516,891,0.8731762065095399,449.4713804713805,2649,0,0,36.08503603935242,223444b
DR,1161,430080,282,0.9787234042553191,495.75531914893617,891,0.9012345679012346,460.0561167227834,891,0.8922558922558923,456.60493827160496,2649,0,0,36.08503603935242,223444b
DR,1161,491520,282,0.9893617021276596,497.968085106383,891,0.8911335578002245,457.04264870931536,891,0.877665544332211,451.334455667789,2649,0,0,36.08503603935242,223444b
DR,1161,552960,282,0.7907801418439716,469.74468085106383,891,0.4074074074074074,301.2188552188552,891,0.4118967452300786,297.21773288439954,2649,0,0,36.08503603935242,223444b
DR,1161,614400,282,0.5212765957446809,450.83687943262413,891,0.5039281705948373,375.7912457912458,891,0.5016835016835017,376.04713804713805,2649,0,0,36.08503603935242,223444b
DR,1162,0,282,0.06382978723404255,201.86170212765958,891,0.0,50.333333333333336,891,0.0,49.37373737373738,2832,0,0,35.90794396400452,223444b
DR,1162,61440,282,0.06028368794326241,249.17375886524823,891,0.0,115.00897867564534,891,0.0,114.41526374859708,2832,0,0,35.90794396400452,223444b
DR,1162,122880,282,0.12056737588652482,309.4326241134752,891,0.11560044893378227,215.0875420875421,891,0.1122334455667789,213.64870931537598,2832,0,0,35.90794396400452,223444b
DR,1162,184320,282,0.03900709219858156,204.91843971631207,891,0.0,105.9685746352413,891,0.0,105.38383838383838,2832,0,0,35.90794396400452,223444b
DR,1162,245760,282,0.03546099290780142,208.09929078014184,891,0.0,112.08866442199775,891,0.0,111.38496071829405,2832,0,0,35.90794396400452,223444b
DR,1162,307200,282,0.9929078014184397,498.2695035460993,891,0.9102132435465768,464.2390572390572,891,0.8922558922558923,457.4354657687991,2832,0,0,35.90794396400452,223444b
DR,1162,368640,282,0.9858156028368794,496.8758865248227,891,0.6801346801346801,366.82716049382714,891,0.6408529741863075,350.9472502805836,2832,0,0,35.90794396400452,223444b
DR,1162,430080,282,0.9893617021276596,495.28014184397165,891,0.0,59.8675645342312,891,0.0,59.552188552188554,2832,0,0,35.90794396400452,223444b
DR,1162,491520,282,0.6347517730496454,445.33687943262413,891,0.14702581369248036,233.59371492704827,891,0.13692480359147025,227.03703703703704,2832,0,0,35.90794396400452,223444b
DR,1162,552960,282,0.9893617021276596,495.3049645390071,891,0.003367003367003367,59.92255892255892,891,0.004489337822671156,60.582491582491585,2832,0,0,35.90794396400452,223444b
DR,1162,614400,282,0.9822695035460993,493.5851063829787,891,0.001122334455667789,61.72278338945006,891,0.001122334455667789,61.10774410774411,2832,0,0,35.90794396400452,223444b
DR,1163,0,282,0.0035460992907801418,62.822695035460995,891,0.0,26.322109988776656,891,0.0,26.332210998877667,2771,0,0,36.1409809589386,223444b
DR,1163,61440,282,0.07446808510638298,235.5212765957447,891,0.002244668911335578,130.40516273849607,891,0.001122334455667789,128.88327721661054,2771,0,0,36.1409809589386,223444b
DR,1163,122880,282,0.1453900709219858,267.70567375886526,891,0.0,108.46464646464646,891,0.0,107.95622895622895,2771,0,0,36.1409809589386,223444b
DR,1163,184320,282,0.9432624113475178,490.709219858156,891,0.058361391694725026,265.0280583613917,891,0.03928170594837262,261.0145903479237,2771,0,0,36.1409809589386,223444b
DR,1163,245760,282,0.5390070921985816,404.24468085106383,891,0.22109988776655443,199.7250280583614,891,0.2166105499438833,196.79349046015713,2771,0,0,36.1409809589386,223444b
DR,1163,307200,282,0.03900709219858156,192.93971631205673,891,0.001122334455667789,101.32659932659932,891,0.0,100.52413019079685,2771,0,0,36.1409809589386,223444b
DR,1163,368640,282,0.9893617021276596,496.78723404255317,891,0.41414141414141414,254.43097643097644,891,0.4051627384960718,251.62962962962962,2771,0,0,36.1409809589386,223444b
DR,1163,430080,282,0.9822695035460993,496.42198581560285,891,0.745230078563412,399.8709315375982,891,0.7328843995510662,396.00112233445566,2771,0,0,36.1409809589386,223444b
DR,1163,491520,282,0.6560283687943262,452.0851063829787,891,0.43097643097643096,302.7699214365881,891,0.43546576879910215,302.4433221099888,2771,0,0,36.1409809589386,223444b
DR,1163,552960,282,0.9858156028368794,493.6418439716312,891,0.001122334455667789,56.235690235690235,891,0.001122334455667789,55.980920314253645,2771,0,0,36.1409809589386,223444b
DR,1163,614400,282,0.9964539007092199,498.4609929078014,891,0.7104377104377104,380.65544332211,891,0.7093153759820426,379.58473625140294,2771,0,0,36.1409809589386,223444b
DR,1164,0,282,0.0,13.170212765957446,891,0.0,27.349046015712684,891,0.0,27.525252525252526,2716,0,0,36.00420308113098,223444b
DR,1164,61440,282,0.08156028368794327,247.04255319148936,891,0.0,112.74410774410775,891,0.0,112.1885521885522,2716,0,0,36.00420308113098,223444b
DR,1164,122880,282,0.15602836879432624,281.28014184397165,891,0.001122334455667789,117.59708193041526,891,0.0,116.54433221099887,2716,0,0,36.00420308113098,223444b
DR,1164,184320,282,0.17375886524822695,326.177304964539,891,0.0,136.22446689113355,891,0.0,134.87991021324353,2716,0,0,36.00420308113098,223444b
DR,1164,245760,282,0.9680851063829787,493.5744680851064,891,0.7037037037037037,380.7631874298541,891,0.675645342312009,369.36700336700335,2716,0,0,36.00420308113098,223444b
DR,1164,307200,282,0.28368794326241137,409.84397163120565,891,0.45342312008978675,313.962962962963,891,0.4489337822671156,309.9259259259259,2716,0,0,36.00420308113098,223444b
DR,1164,368640,282,0.9893617021276596,497.6950354609929,891,0.9214365881032548,468.2783389450056,891,0.9113355780022446,464.4388327721661,2716,0,0,36.00420308113098,223444b
DR,1164,430080,282,0.8900709219858156,482.8262411347518,891,0.19977553310886645,289.7901234567901,891,0.1919191919191919,280.6139169472503,2716,0,0,36.00420308113098,223444b
DR,1164,491520,282,0.0035460992907801418,212.81560283687944,891,0.0,138.5151515151515,891,0.0,142.1358024691358,2716,0,0,36.00420308113098,223444b
DR,1164,552960,282,0.8865248226950354,487.9751773049645,891,0.20875420875420875,155.7699214365881,891,0.1829405162738496,143.92480359147027,2716,0,0,36.00420308113098,223444b
DR,1164,614400,282,0.4397163120567376,448.6666666666667,891,0.09764309764309764,202.85521885521885,891,0.11560044893378227,198.54882154882154,2716,0,0,36.00420308113098,223444b
DR,1166,0,282,0.0,15.76950354609929,891,0.0,46.92255892255892,891,0.0,48.4668911335578,2855,0,0,35.674375772476196,223444b
DR,1166,61440,282,0.04609929078014184,202.96808510638297,891,0.0,107.29629629629629,891,0.0,106.75308641975309,2855,0,0,35.674375772476196,223444b
DR,1166,122880,282,0.03546099290780142,230.79432624113474,891,0.0,119.49719416386083,891,0.0,118.91358024691358,2855,0,0,35.674375772476196,223444b
DR,1166,184320,282,0.8156028368794326,475.7836879432624,891,0.26823793490460157,334.07182940516276,891,0.244668911335578,327.26374859708193,2855,0,0,35.674375772476196,223444b
DR,1166,245760,282,0.9858156028368794,497.2269503546099,891,0.8327721661054994,432.38720538720537,891,0.8148148148148148,424.8361391694725,2855,0,0,35.674375772476196,223444b
DR,1166,307200,282,0.1702127659574468,261.8758865248227,891,0.001122334455667789,99.19079685746352,891,0.0,98.41526374859708,2855,0,0,35.674375772476196,223444b
DR,1166,368640,282,0.07092198581560284,213.81560283687944,891,0.001122334455667789,100.58136924803591,891,0.0,99.85297418630752,2855,0,0,35.674375772476196,223444b
DR,1166,430080,282,0.9929078014184397,498.4078014184397,891,0.6083052749719416,336.043771043771,891,0.621773288439955,341.1358024691358,2855,0,0,35.674375772476196,223444b
DR,1166,491520,282,0.9858156028368794,493.63829787234044,891,0.0,55.996632996633,891,0.0,55.69584736251403,2855,0,0,35.674375772476196,223444b
DR,1166,552960,282,0.9893617021276596,495.4113475177305,891,0.20875420875420875,158.65207631874298,891,0.2166105499438833,160.88103254769922,2855,0,0,35.674375772476196,223444b
DR,1166,614400,282,0.9893617021276596,495.29432624113474,891,0.09090909090909091,103.5016835016835,891,0.09764309764309764,105.66666666666667,2855,0,0,35.674375772476196,223444b
DR,1165,0,282,0.0,14.02127659574468,891,0.0,38.15375982042649,891,0.0,37.89786756453423,2518,0,0,36.59343099594116,223444b
DR,1165,61440,282,0.6099290780141844,450.4113475177305,891,0.10213243546576879,241.8114478114478,891,0.08305274971941638,244.7037037037037,2518,0,0,36.59343099594116,223444b
DR,1165,122880,282,0.8581560283687943,483.3581560283688,891,0.47586980920314254,400.24017957351293,891,0.4769921436588103,397.5925925925926,2518,0,0,36.59343099594116,223444b
DR,1165,184320,282,0.04609929078014184,204.54255319148936,891,0.001122334455667789,105.07407407407408,891,0.0,104.16947250280583,2518,0,0,36.59343099594116,223444b
DR,1165,245760,282,0.6170212765957447,454.2836879432624,891,0.2255892255892256,229.66666666666666,891,0.24242424242424243,234.1739618406285,2518,0,0,36.59343099594116,223444b
DR,1165,307200,282,0.9645390070921985,493.6489361702128,891,0.8686868686868687,446.8002244668911,891,0.8451178451178452,436.86980920314255,2518,0,0,36.59343099594116,223444b
DR,1165,368640,282,0.9858156028368794,496.3085106382979,891,0.0718294051627385,96.03367003367003,891,0.06958473625140292,94.09876543209876,2518,0,0,36.59343099594116,223444b
DR,1165,430080,282,0.9858156028368794,495.48581560283685,891,0.797979797979798,420.28619528619527,891,0.7789001122334456,413.17845117845116,2518,0,0,36.59343099594116,223444b
DR,1165,491520,282,0.9822695035460993,493.8404255319149,891,0.007856341189674524,70.41414141414141,891,0.006734006734006734,69.26038159371492,2518,0,0,36.59343099594116,223444b
DR,1165,552960,282,0.9893617021276596,495.2517730496454,891,0.002244668911335578,56.92929292929293,891,0.001122334455667789,56.60157126823793,2518,0,0,36.59343099594116,223444b
DR,1165,614400,282,0.9787234042553191,493.89716312056737,891,0.012345679012345678,74.58136924803591,891,0.012345679012345678,73.26374859708193,2518,0,0,36.59343099594116,223444b
DR,1167,0,282,0.0,14.627659574468085,891,0.0,40.73400673400673,891,0.0,41.121212121212125,2969,0,0,35.31199836730957,223444b
DR,1167,61440,282,0.1453900709219858,302.07801418439715,891,0.006734006734006734,162.37373737373738,891,0.01122334455667789,159.9573512906846,2969,0,0,35.31199836730957,223444b
DR,1167,122880,282,0.26595744680851063,356.0567375886525,891,0.0,150.1672278338945,891,0.001122334455667789,147.3625140291807,2969,0,0,35.31199836730957,223444b
DR,1167,184320,282,0.03546099290780142,184.7872340425532,891,0.0,116.59147025813692,891,0.0,115.62514029180696,2969,0,0,35.31199836730957,223444b
DR,1167,245760,282,0.2978723404255319,373.00354609929076,891,0.007856341189674524,169.2817059483726,891,0.008978675645342313,169.73400673400673,2969,0,0,35.31199836730957,223444b
DR,1167,307200,282,0.37943262411347517,388.49645390070924,891,0.001122334455667789,138.99887766554434,891,0.0,137.4320987654321,2969,0,0,35.31199836730957,223444b
DR,1167,368640,282,0.14893617021276595,293.7659574468085,891,0.0,126.71829405162738,891,0.0,125.37822671156005,2969,0,0,35.31199836730957,223444b
DR,1167,430080,282,0.9787234042553191,493.15602836879435,891,0.10213243546576879,110.97081930415264,891,0.11335578002244669,115.72278338945006,2969,0,0,35.31199836730957,223444b
DR,1167,491520,282,0.031914893617021274,211.88652482269504,891,0.001122334455667789,117.34904601571269,891,0.0,116.18967452300785,2969,0,0,35.31199836730957,223444b
DR,1167,552960,282,0.9893617021276596,495.25531914893617,891,0.0,57.19977553310887,891,0.0,57.01683501683502,2969,0,0,35.31199836730957,223444b
DR,1167,614400,282,0.9822695035460993,492.93971631205676,891,0.0,56.10662177328844,891,0.0,55.89225589225589,2969,0,0,35.31199836730957,223444b
DR,1168,0,282,0.0,13.829787234042554,891,0.0,32.93827160493827,891,0.0,32.91358024691358,2847,0,0,35.657257080078125,223444b
DR,1168,61440,282,0.06028368794326241,216.8049645390071,891,0.0,101.2334455667789,891,0.0,100.85521885521885,2847,0,0,35.657257080078125,223444b
DR,1168,122880,282,0.07801418439716312,234.7695035460993,891,0.001122334455667789,108.42312008978675,891,0.0,107.60044893378226,2847,0,0,35.657257080078125,223444b
DR,1168,184320,282,0.17375886524822695,330.92198581560285,891,0.0,117.78002244668912,891,0.0,115.60044893378226,2847,0,0,35.657257080078125,223444b
DR,1168,245760,282,0.9680851063829787,493.97872340425533,891,0.7081930415263749,383.70482603815935,891,0.6947250280583613,378.4343434343434,2847,0,0,35.657257080078125,223444b
DR,1168,307200,282,0.5212765957446809,394.0177304964539,891,0.002244668911335578,125.22895622895624,891,0.003367003367003367,124.41638608305276,2847,0,0,35.657257080078125,223444b
DR,1168,368640,282,0.7801418439716312,468.36524822695037,891,0.11447811447811448,236.2469135802469,891,0.10886644219977554,230.39169472502806,2847,0,0,35.657257080078125,223444b
DR,1168,430080,282,0.9609929078014184,492.1170212765957,891,0.7968574635241302,418.46127946127945,891,0.7968574635241302,418.02918069584734,2847,0,0,35.657257080078125,223444b
DR,1168,491520,282,0.9858156028368794,497.6170212765957,891,0.20202020202020202,158.9405162738496,891,0.17957351290684623,148.0381593714927,2847,0,0,35.657257080078125,223444b
DR,1168,552960,282,0.9858156028368794,494.70212765957444,891,0.02244668911335578,72.82042648709316,891,0.024691358024691357,73.53872053872054,2847,0,0,35.657257080078125,223444b
DR,1168,614400,282,0.9893617021276596,495.2695035460993,891,0.001122334455667789,57.931537598204265,891,0.001122334455667789,57.656565656565654,2847,0,0,35.657257080078125,223444b
DR,1169,0,282,0.0,62.38652482269504,891,0.0,45.594837261503926,891,0.0,44.462401795735126,2736,0,0,35.98232102394104,223444b
DR,1169,61440,282,0.05319148936170213,269.38652482269504,891,0.0,139.0594837261504,891,0.0,136.47586980920315,2736,0,0,35.98232102394104,223444b
DR,1169,122880,282,0.04964539007092199,231.27659574468086,891,0.0,128.54320987654322,891,0.0,127.34567901234568,2736,0,0,35.98232102394104,223444b
DR,1169,184320,282,0.18439716312056736,353.50354609929076,891,0.08417508417508418,217.70594837261504,891,0.07631874298540965,214.52076318742985,2736,0,0,35.98232102394104,223444b
DR,1169,245760,282,0.031914893617021274,243.28014184397162,891,0.0,125.45005611672278,891,0.0,125.08641975308642,2736,0,0,35.98232102394104,223444b
DR,1169,307200,282,0.9929078014184397,499.41843971631204,891,0.8159371492704826,425.5151515151515,891,0.7991021324354658,418.6778900112233,2736,0,0,35.98232102394104,223444b
DR,1169,368640,282,0.7553191489361702,457.5567375886525,891,0.4208754208754209,300.1952861952862,891,0.41975308641975306,299.1122334455668,2736,0,0,35.98232102394104,223444b
DR,1169,430080,282,0.9822695035460993,493.290780141844,891,0.06172839506172839,94.8047138047138,891,0.07407407407407407,99.03367003367003,2736,0,0,35.98232102394104,223444b
DR,1169,491520,282,0.9645390070921985,492.9468085106383,891,0.7205387205387206,388.56004489337823,891,0.6958473625140292,378.59371492704827,2736,0,0,35.98232102394104,223444b
DR,1169,552960,282,0.9680851063829787,488.88652482269504,891,0.0,57.17396184062851,891,0.0,56.833894500561165,2736,0,0,35.98232102394104,223444b
DR,1169,614400,282,0.9858156028368794,496.3581560283688,891,0.9248035914702581,470.4500561167228,891,0.9034792368125701,461.4040404040404,2736,0,0,35.98232102394104,223444b
DR,1171,0,282,0.0,17.46808510638298,891,0.0,11.480359147025814,891,0.0,11.374859708193041,3036,0,0,35.96175694465637,223444b
DR,1171,61440,282,0.14893617021276595,288.47163120567376,891,0.0,112.48260381593715,891,0.0,111.55443322109988,3036,0,0,35.96175694465637,223444b
DR,1171,122880,282,0.02127659574468085,193.03191489361703,891,0.004489337822671156,144.5151515151515,891,0.008978675645342313,142.0549943883277,3036,0,0,35.96175694465637,223444b
DR,1171,184320,282,0.48936170212765956,429.26241134751774,891,0.33221099887766553,292.13019079685745,891,0.32996632996632996,287.5746352413019,3036,0,0,35.96175694465637,223444b
DR,1171,245760,282,0.04609929078014184,227.0531914893617,891,0.0,116.31649831649831,891,0.0,115.59034792368125,3036,0,0,35.96175694465637,223444b
DR,1171,307200,282,0.9680851063829787,493.86879432624113,891,0.9023569023569024,460.38496071829405,891,0.8810325476992144,451.79236812570144,3036,0,0,35.96175694465637,223444b
DR,1171,368640,282,0.44680851063829785,414.43971631205676,891,0.44332210998877664,304.57126823793493,891,0.43546576879910215,300.9472502805836,3036,0,0,35.96175694465637,223444b
DR,1171,430080,282,0.0070921985815602835,173.29078014184398,891,0.0,146.22895622895624,891,0.0,144.9618406285073,3036,0,0,35.96175694465637,223444b
DR,1171,491520,282,0.9326241134751773,490.3262411347518,891,0.8170594837261503,428.47923681257015,891,0.7890011223344556,417.9315375982043,3036,0,0,35.96175694465637,223444b
DR,1171,552960,282,0.9858156028368794,494.65248226950354,891,0.10213243546576879,114.04489337822672,891,0.10662177328843996,116.03367003367003,3036,0,0,35.96175694465637,223444b
DR,1171,614400,282,0.9893617021276596,495.4148936170213,891,0.02356902356902357,72.38271604938272,891,0.019079685746352413,70.74523007856341,3036,0,0,35.96175694465637,223444b
DR,1170,0,282,0.0,32.209219858156025,891,0.0,47.81481481481482,891,0.0,47.49382716049383,2638,0,0,36.51536417007446,223444b
DR,1170,61440,282,0.4787234042553192,396.22340425531917,891,0.003367003367003367,167.46801346801348,891,0.003367003367003367,165.4803591470258,2638,0,0,36.51536417007446,223444b
DR,1170,122880,282,0.5780141843971631,434.7482269503546,891,0.001122334455667789,200.88552188552188,891,0.001122334455667789,198.43322109988776,2638,0,0,36.51536417007446,223444b
DR,1170,184320,282,0.4078014184397163,359.0921985815603,891,0.003367003367003367,146.98092031425364,891,0.003367003367003367,145.26599326599327,2638,0,0,36.51536417007446,223444b
DR,1170,245760,282,0.9716312056737588,494.97872340425533,891,0.6644219977553311,360.4624017957351,891,0.6475869809203143,352.45454545454544,2638,0,0,36.51536417007446,223444b
DR,1170,307200,282,0.14893617021276595,283.9609929078014,891,0.0,119.5297418630752,891,0.0,118.4668911335578,2638,0,0,36.51536417007446,223444b
DR,1170,368640,282,0.8085106382978723,480.97163120567376,891,0.5881032547699214,424.4141414141414,891,0.5679012345679012,413.5218855218855,2638,0,0,36.51536417007446,223444b
DR,1170,430080,282,0.9964539007092199,498.60283687943263,891,0.632996632996633,346.6296296296296,891,0.6071829405162739,336.1638608305275,2638,0,0,36.51536417007446,223444b
DR,1170,491520,282,0.9893617021276596,497.3191489361702,891,0.38496071829405165,238.76094276094275,891,0.37485970819304154,234.08193041526374,2638,0,0,36.51536417007446,223444b
DR,1170,552960,282,0.9893617021276596,495.3014184397163,891,0.002244668911335578,58.50617283950617,891,0.0,58.18406285072952,2638,0,0,36.51536417007446,223444b
DR,1170,614400,282,0.9893617021276596,495.28723404255317,891,0.020202020202020204,71.1425364758698,891,0.02132435465768799,71.30751964085297,2638,0,0,36.51536417007446,223444b
DR,1172,0,282,0.10283687943262411,70.33333333333333,891,0.002244668911335578,53.79012345679013,891,0.001122334455667789,53.60942760942761,2675,0,0,36.81015706062317,223444b
DR,1172,61440,282,0.09574468085106383,252.87943262411346,891,0.0,112.82828282828282,891,0.0,112.21885521885523,2675,0,0,36.81015706062317,223444b
DR,1172,122880,282,0.04964539007092199,222.8581560283688,891,0.002244668911335578,154.0527497194164,891,0.004489337822671156,151.986531986532,2675,0,0,36.81015706062317,223444b
DR,1172,184320,282,0.3723404255319149,401.07801418439715,891,0.0,89.18742985409652,891,0.001122334455667789,88.26374859708193,2675,0,0,36.81015706062317,223444b
DR,1172,245760,282,0.06028368794326241,234.24822695035462,891,0.0,116.32323232323232,891,0.0,115.66105499438832,2675,0,0,36.81015706062317,223444b
DR,1172,307200,282,0.6702127659574468,450.2730496453901,891,0.004489337822671156,213.00448933782266,891,0.001122334455667789,209.55106621773288,2675,0,0,36.81015706062317,223444b
DR,1172,368640,282,0.18085106382978725,334.79432624113474,891,0.11560044893378227,227.5230078563412,891,0.10774410774410774,222.16498316498317,2675,0,0,36.81015706062317,223444b
DR,1172,430080,282,0.6560283687943262,441.28723404255317,891,0.2143658810325477,253.6195286195286,891,0.19865319865319866,246.66329966329965,2675,0,0,36.81015706062317,223444b
DR,1172,491520,282,0.9893617021276596,495.3014184397163,891,0.001122334455667789,61.517396184062854,891,0.003367003367003367,62.00448933782267,2675,0,0,36.81015706062317,223444b
DR,1172,552960,282,0.9929078014184397,497.6914893617021,891,0.47474747474747475,276.68125701459036,891,0.47586980920314254,276.91582491582494,2675,0,0,36.81015706062317,223444b
DR,1172,614400,282,0.9822695035460993,493.70212765957444,891,0.020202020202020204,71.46801346801347,891,0.028058361391694726,74.69809203142536,2675,0,0,36.81015706062317,223444b
DR,1173,0,282,0.0,10.865248226950355,891,0.0,13.709315375982042,891,0.0,13.599326599326599,2707,0,0,36.183758020401,223444b
DR,1173,61440,282,0.07446808510638298,272.4255319148936,891,0.0,124.85297418630752,891,0.0,123.98653198653199,2707,0,0,36.183758020401,223444b
DR,1173,122880,282,0.04609929078014184,224.06737588652481,891,0.002244668911335578,134.36026936026937,891,0.0,131.59147025813692,2707,0,0,36.183758020401,223444b
DR,1173,184320,282,0.2198581560283688,329.61347517730496,891,0.0,139.54657687991022,891,0.001122334455667789,138.1425364758698,2707,0,0,36.183758020401,223444b
DR,1173,245760,282,0.04609929078014184,223.53900709219857,891,0.0,118.70482603815937,891,0.0,117.86195286195286,2707,0,0,36.183758020401,223444b
DR,1173,307200,282,0.4787234042553192,420.43971631205676,891,0.4175084175084175,307.50729517396184,891,0.4175084175084175,302.4489337822671,2707,0,0,36.183758020401,223444b
DR,1173,368640,282,0.9539007092198581,494.5496453900709,891,0.936026936026936,474.8114478114478,891,0.9180695847362514,467.668911335578,2707,0,0,36.183758020401,223444b
DR,1173,430080,282,0.9397163120567376,486.20212765957444,891,0.6666666666666666,366.71156004489336,891,0.6565656565656566,361.4781144781145,2707,0,0,36.183758020401,223444b
DR,1173,491520,282,0.18085106382978725,374.77659574468083,891,0.46352413019079686,302.013468013468,891,0.4444444444444444,294.2457912457912,2707,0,0,36.183758020401,223444b
DR,1173,552960,282,0.9929078014184397,499.11347517730496,891,0.4826038159371493,281.74410774410774,891,0.4769921436588103,279.38945005611674,2707,0,0,36.183758020401,223444b
DR,1173,614400,282,0.9893617021276596,495.2659574468085,891,0.0,58.47362514029181,891,0.0,58.47138047138047,2707,0,0,36.183758020401,223444b
DR,1174,0,282,0.0,31.69503546099291,891,0.0,14.493827160493828,891,0.0,14.35578002244669,2500,0,0,36.4243438243866,223444b
DR,1174,61440,282,0.11347517730496454,265.52836879432624,891,0.0,106.1986531986532,891,0.0,105.30527497194164,2500,0,0,36.4243438243866,223444b
DR,1174,122880,282,0.5531914893617021,430.0354609929078,891,0.001122334455667789,172.11223344556677,891,0.0,170.4388327721661,2500,0,0,36.4243438243866,223444b
DR,1174,184320,282,0.35815602836879434,412.7163120567376,891,0.2760942760942761,255.1077441077441,891,0.24242424242424243,242.35578002244668,2500,0,0,36.4243438243866,223444b
DR,1174,245760,282,0.375886524822695,386.43617021276594,891,0.4276094276094276,286.648709315376,891,0.4264870931537598,285.6644219977553,2500,0,0,36.4243438243866,223444b
DR,1174,307200,282,0.975177304964539,495.6276595744681,891,0.5656565656565656,319.7542087542088,891,0.5622895622895623,315.4691358024691,2500,0,0,36.4243438243866,223444b
DR,1174,368640,282,0.24113475177304963,326.76241134751774,891,0.0,117.45342312008978,891,0.0,116.58473625140292,2500,0,0,36.4243438243866,223444b
DR,1174,430080,282,0.8829787234042553,485.06028368794324,891,0.3041526374859708,322.12008978675647,891,0.30078563411896747,318.64309764309763,2500,0,0,36.4243438243866,223444b
DR,1174,491520,282,0.9858156028368794,496.87943262411346,891,0.5667789001122334,320.14141414141415,891,0.5510662177328844,312.1257014590348,2500,0,0,36.4243438243866,223444b
DR,1174,552960,282,0.9787234042553191,490.51418439716315,891,0.002244668911335578,55.69921436588103,891,0.001122334455667789,55.37373737373738,2500,0,0,36.4243438243866,223444b
DR,1174,614400,282,0.05319148936170213,344.5390070921986,891,0.004489337822671156,117.67452300785634,891,0.001122334455667789,115.55106621773288,2500,0,0,36.4243438243866,223444b
DR,1175,0,282,0.0,35.86524822695036,891,0.0,31.104377104377104,891,0.0,31.414141414141415,2686,0,0,36.903059005737305,223444b
DR,1175,61440,282,0.41134751773049644,386.2588652482269,891,0.0,176.31762065095398,891,0.0,174.03367003367003,2686,0,0,36.903059005737305,223444b
DR,1175,122880,282,0.04964539007092199,222.0212765957447,891,0.0,115.22222222222223,891,0.0,114.5050505050505,2686,0,0,36.903059005737305,223444b
DR,1175,184320,282,0.13120567375886524,301.6418439716312,891,0.0,131.71268237934905,891,0.0,130.58810325476992,2686,0,0,36.903059005737305,223444b
DR,1175,245760,282,0.5602836879432624,436.2836879432624,891,0.052749719416386086,206.19753086419752,891,0.05387205387205387,197.20650953984287,2686,0,0,36.903059005737305,223444b
DR,1175,307200,282,0.9787234042553191,494.98581560283685,891,0.02244668911335578,70.41975308641975,891,0.024691358024691357,71.78338945005612,2686,0,0,36.903059005737305,223444b
DR,1175,368640,282,0.9822695035460993,495.790780141844,891,0.8249158249158249,428.82042648709313,891,0.8047138047138047,420.92817059483724,2686,0,0,36.903059005737305,223444b
DR,1175,430080,282,0.9787234042553191,494.1099290780142,891,0.5824915824915825,332.3400673400673,891,0.5813692480359147,331.04040404040404,2686,0,0,36.903059005737305,223444b
DR,1175,491520,282,0.8226950354609929,465.13475177304963,891,0.4725028058361392,302.7721661054994,891,0.46352413019079686,300.0,2686,0,0,36.903059005737305,223444b
DR,1175,552960,282,0.9822695035460993,495.2836879432624,891,0.4511784511784512,263.70931537598204,891,0.4556677890011223,265.6734006734007,2686,0,0,36.903059005737305,223444b
DR,1175,614400,282,0.9858156028368794,495.98581560283685,891,0.8978675645342312,459.3063973063973,891,0.877665544332211,450.4668911335578,2686,0,0,36.903059005737305,223444b
DR,1176,0,282,0.0,61.0531914893617,891,0.0,25.687991021324354,891,0.0,25.60830527497194,2568,0,0,36.539937019348145,223444b
DR,1176,61440,282,0.0673758865248227,248.67730496453902,891,0.0,110.2581369248036,891,0.0,109.6936026936027,2568,0,0,36.539937019348145,223444b
DR,1176,122880,282,0.03900709219858156,250.69148936170214,891,0.0,118.28619528619528,891,0.0,117.64870931537598,2568,0,0,36.539937019348145,223444b
DR,1176,184320,282,0.4326241134751773,396.9574468085106,891,0.001122334455667789,138.63636363636363,891,0.001122334455667789,137.39281705948372,2568,0,0,36.539937019348145,223444b
DR,1176,245760,282,0.9893617021276596,496.21276595744683,891,0.9113355780022446,463.9057239057239,891,0.8866442199775533,454.1257014590348,2568,0,0,36.539937019348145,223444b
DR,1176,307200,282,0.9929078014184397,497.4609929078014,891,0.734006734006734,391.73961840628505,891,0.7149270482603816,383.0875420875421,2568,0,0,36.539937019348145,223444b
DR,1176,368640,282,0.9964539007092199,498.5673758865248,891,0.12121212121212122,124.00448933782268,891,0.11672278338945005,120.29180695847363,2568,0,0,36.539937019348145,223444b
DR,1176,430080,282,0.8191489361702128,473.8404255319149,891,0.0,156.63973063973063,891,0.0,154.08080808080808,2568,0,0,36.539937019348145,223444b
DR,1176,491520,282,0.9787234042553191,493.7304964539007,891,0.5207631874298541,328.18069584736253,891,0.5196408529741863,326.8507295173962,2568,0,0,36.539937019348145,223444b
DR,1176,552960,282,0.9822695035460993,495.82978723404256,891,0.7351290684624018,391.1257014590348,891,0.7194163860830527,384.80359147025814,2568,0,0,36.539937019348145,223444b
DR,1176,614400,282,0.9929078014184397,497.0496453900709,891,0.3176206509539843,210.64197530864197,891,0.30303030303030304,203.81369248035915,2568,0,0,36.539937019348145,223444b
DR,1177,0,282,0.0,13.49290780141844,891,0.0,35.15937149270483,891,0.0,34.29180695847362,2481,0,0,36.460508823394775,223444b
DR,1177,61440,282,0.3120567375886525,372.04609929078015,891,0.0,165.9584736251403,891,0.0,164.1806958473625,2481,0,0,36.460508823394775,223444b
DR,1177,122880,282,0.10638297872340426,270.2659574468085,891,0.0,111.7665544332211,891,0.0,111.05499438832773,2481,0,0,36.460508823394775,223444b
DR,1177,184320,282,0.0673758865248227,251.95744680851064,891,0.001122334455667789,114.04040404040404,891,0.0,113.1705948372615,2481,0,0,36.460508823394775,223444b
DR,1177,245760,282,0.9539007092198581,492.27659574468083,891,0.3490460157126824,345.334455667789,891,0.34231200897867564,338.74410774410774,2481,0,0,36.460508823394775,223444b
DR,1177,307200,282,0.9893617021276596,498.2482269503546,891,0.4792368125701459,281.3063973063973,891,0.46352413019079686,272.97418630751963,2481,0,0,36.460508823394775,223444b
DR,1177,368640,282,0.9929078014184397,498.4645390070922,891,0.7687991021324355,405.92817059483724,891,0.7699214365881033,406.2042648709315,2481,0,0,36.460508823394775,223444b
DR,1177,430080,282,0.9574468085106383,490.59929078014187,891,0.7878787878787878,414.50953984287315,891,0.7732884399551067,408.3726150392817,2481,0,0,36.460508823394775,223444b
DR,1177,491520,282,0.9858156028368794,496.78723404255317,891,0.8641975308641975,445.44781144781143,891,0.8529741863075196,440.1885521885522,2481,0,0,36.460508823394775,223444b
DR,1177,552960,282,0.9680851063829787,492.209219858156,891,0.23120089786756454,168.7104377104377,891,0.24017957351290684,171.8395061728395,2481,0,0,36.460508823394775,223444b
DR,1177,614400,282,0.9893617021276596,495.7411347517731,891,0.5162738496071829,299.5151515151515,891,0.4983164983164983,291.8092031425365,2481,0,0,36.460508823394775,223444b
DR,1178,0,282,0.03546099290780142,111.7872340425532,891,0.0,41.99326599326599,891,0.0,41.927048260381596,2849,0,0,36.61226177215576,223444b
DR,1178,61440,282,0.031914893617021274,190.29078014184398,891,0.0,107.91245791245791,891,0.0,107.18069584736251,2849,0,0,36.61226177215576,223444b
DR,1178,122880,282,0.09929078014184398,285.6170212765957,891,0.001122334455667789,160.92704826038158,891,0.006734006734006734,160.31986531986533,2849,0,0,36.61226177215576,223444b
DR,1178,184320,282,0.04609929078014184,197.2659574468085,891,0.0,95.59708193041526,891,0.0,95.4769921436588,2849,0,0,36.61226177215576,223444b
DR,1178,245760,282,0.07801418439716312,237.7695035460993,891,0.0,118.4736251402918,891,0.0,117.39169472502806,2849,0,0,36.61226177215576,223444b
DR,1178,307200,282,0.8794326241134752,483.790780141844,891,0.8664421997755332,446.68462401795733,891,0.8698092031425365,448.2098765432099,2849,0,0,36.61226177215576,223444b
DR,1178,368640,282,0.8829787234042553,472.86170212765956,891,0.2940516273849607,219.92929292929293,891,0.2772166105499439,213.30864197530863,2849,0,0,36.61226177215576,223444b
DR,1178,430080,282,0.950354609929078,490.1418439716312,891,0.11784511784511785,161.7283950617284,891,0.10549943883277217,157.72390572390572,2849,0,0,36.61226177215576,223444b
DR,1178,491520,282,0.9893617021276596,495.2482269503546,891,0.0,56.86980920314254,891,0.001122334455667789,56.68799102132436,2849,0,0,36.61226177215576,223444b
DR,1178,552960,282,0.9893617021276596,495.27659574468083,891,0.002244668911335578,58.156004489337825,891,0.001122334455667789,57.813692480359144,2849,0,0,36.61226177215576,223444b
DR,1178,614400,282,0.9787234042553191,494.209219858156,891,0.7104377104377104,394.5117845117845,891,0.7104377104377104,391.61279461279463,2849,0,0,36.61226177215576,223444b
DR,1179,0,282,0.0,67.52482269503547,891,0.0,43.46576879910213,891,0.0,42.08641975308642,2932,0,0,36.53076982498169,223444b
DR,1179,61440,282,0.03546099290780142,199.2163120567376,891,0.0,109.28619528619528,891,0.001122334455667789,108.01346801346801,2932,0,0,36.53076982498169,223444b
DR,1179,122880,282,0.07801418439716312,262.4468085106383,891,0.005611672278338945,152.92704826038158,891,0.001122334455667789,151.2996632996633,2932,0,0,36.53076982498169,223444b
DR,1179,184320,282,0.08156028368794327,282.1666666666667,891,0.0,132.37149270482604,891,0.0,130.7216610549944,2932,0,0,36.53076982498169,223444b
DR,1179,245760,282,0.02127659574468085,228.66666666666666,891,0.1537598204264871,199.51066217732884,891,0.14029180695847362,192.88327721661054,2932,0,0,36.53076982498169,223444b
DR,1179,307200,282,0.06382978723404255,230.4078014184397,891,0.0,120.80359147025814,891,0.0,119.78226711560045,2932,0,0,36.53076982498169,223444b
DR,1179,368640,282,0.9858156028368794,497.51063829787233,891,0.9012345679012346,465.7429854096521,891,0.8956228956228957,464.50953984287315,2932,0,0,36.53076982498169,223444b
DR,1179,430080,282,0.9326241134751773,491.70212765957444,891,0.4219977553310887,301.0740740740741,891,0.40179573512906847,297.1189674523008,2932,0,0,36.53076982498169,223444b
DR,1179,491520,282,0.9787234042553191,494.677304964539,891,0.7586980920314254,403.6778900112233,891,0.7508417508417509,400.3591470258137,2932,0,0,36.53076982498169,223444b
DR,1179,552960,282,0.9964539007092199,498.5070921985816,891,0.2738496071829405,189.3973063973064,891,0.28619528619528617,193.93041526374859,2932,0,0,36.53076982498169,223444b
DR,1179,614400,282,0.9964539007092199,498.4113475177305,891,0.20763187429854096,161.9405162738496,891,0.19079685746352412,153.8092031425365,2932,0,0,36.53076982498169,223444b
DR,1180,0,282,0.0,34.312056737588655,891,0.0,16.43658810325477,891,0.0,16.433221099887767,2762,0,0,36.39774489402771,223444b
DR,1180,61440,282,0.3191489361702128,341.84751773049646,891,0.001122334455667789,128.82828282828282,891,0.0,127.10549943883277,2762,0,0,36.39774489402771,223444b
DR,1180,122880,282,0.2198581560283688,324.12056737588654,891,0.001122334455667789,127.56228956228956,891,0.0,126.327721661055,2762,0,0,36.39774489402771,223444b
DR,1180,184320,282,0.2553191489361702,343.63120567375887,891,0.001122334455667789,139.0426487093154,891,0.0,137.8013468013468,2762,0,0,36.39774489402771,223444b
DR,1180,245760,282,0.7801418439716312,475.6843971631206,891,0.050505050505050504,155.42424242424244,891,0.06958473625140292,153.54882154882154,2762,0,0,36.39774489402771,223444b
DR,1180,307200,282,0.031914893617021274,275.86170212765956,891,0.23793490460157127,262.63524130190797,891,0.22895622895622897,256.81257014590346,2762,0,0,36.39774489402771,223444b
DR,1180,368640,282,0.9680851063829787,494.3333333333333,891,0.8709315375982043,448.5476992143659,891,0.8597081930415263,443.986531986532,2762,0,0,36.39774489402771,223444b
DR,1180,430080,282,0.9787234042553191,493.0425531914894,891,0.025813692480359147,74.81257014590348,891,0.017957351290684626,71.46015712682379,2762,0,0,36.39774489402771,223444b
DR,1180,491520,282,0.6702127659574468,443.54609929078015,891,0.3602693602693603,281.5016835016835,891,0.3400673400673401,278.44781144781143,2762,0,0,36.39774489402771,223444b
DR,1180,552960,282,0.9929078014184397,496.98936170212767,891,0.2356902356902357,171.88664421997754,891,0.20763187429854096,159.65095398428733,2762,0,0,36.39774489402771,223444b
DR,1180,614400,282,0.11702127659574468,304.177304964539,891,0.0,144.32996632996634,891,0.0,141.37485970819304,2762,0,0,36.39774489402771,223444b
DR,1183,0,282,0.0,13.212765957446809,891,0.0,33.80246913580247,891,0.0,33.85297418630752,2847,0,0,35.855624198913574,223444b
DR,1183,61440,282,0.8156028368794326,478.5248226950355,891,0.15039281705948374,327.2918069584736,891,0.14927048260381592,322.0875420875421,2847,0,0,35.855624198913574,223444b
DR,1183,122880,282,0.21631205673758866,341.1914893617021,891,0.0,154.97081930415263,891,0.0,152.86868686868686,2847,0,0,35.855624198913574,223444b
DR,1183,184320,282,0.9964539007092199,498.7340425531915,891,0.6139169472502806,338.14365881032546,891,0.611672278338945,337.2457912457912,2847,0,0,35.855624198913574,223444b
DR,1183,245760,282,0.18439716312056736,287.06382978723406,891,0.0,106.95959595959596,891,0.0,106.4287317620651,2847,0,0,35.855624198913574,223444b
DR,1183,307200,282,0.031914893617021274,171.86524822695034,891,0.0,95.24803591470258,891,0.0,95.11111111111111,2847,0,0,35.855624198913574,223444b
DR,1183,368640,282,0.1099290780141844,283.0390070921986,891,0.001122334455667789,139.32210998877665,891,0.0,137.08529741863074,2847,0,0,35.855624198913574,223444b
DR,1183,430080,282,0.950354609929078,491.677304964539,891,0.5847362514029181,360.0381593714927,891,0.5824915824915825,359.1952861952862,2847,0,0,35.855624198913574,223444b
DR,1183,491520,282,0.9609929078014184,492.66312056737587,891,0.7205387205387206,389.0392817059484,891,0.7014590347923682,381.2502805836139,2847,0,0,35.855624198913574,223444b
DR,1183,552960,282,0.9716312056737588,494.52836879432624,891,0.07407407407407407,100.06397306397307,891,0.08641975308641975,103.45903479236813,2847,0,0,35.855624198913574,223444b
DR,1183,614400,282,0.9858156028368794,496.1985815602837,891,0.8608305274971941,444.15488215488216,891,0.8428731762065096,436.5723905723906,2847,0,0,35.855624198913574,223444b
DR,1181,0,282,0.0,14.308510638297872,891,0.0,38.10549943883277,891,0.0,38.30751964085297,2763,0,0,36.29800319671631,223444b
DR,1181,61440,282,0.12056737588652482,284.07092198581563,891,0.001122334455667789,140.1425364758698,891,0.003367003367003367,138.78338945005612,2763,0,0,36.29800319671631,223444b
DR,1181,122880,282,0.07801418439716312,234.60638297872342,891,0.0,109.87991021324355,891,0.0,109.4983164983165,2763,0,0,36.29800319671631,223444b
DR,1181,184320,282,0.975177304964539,494.48936170212767,891,0.6992143658810326,377.5286195286195,891,0.6947250280583613,375.7979797979798,2763,0,0,36.29800319671631,223444b
DR,1181,245760,282,0.12056737588652482,278.57801418439715,891,0.0,127.94163860830527,891,0.0,126.89113355780023,2763,0,0,36.29800319671631,223444b
DR,1181,307200,282,0.6595744680851063,449.71276595744683,891,0.010101010101010102,188.98428731762064,891,0.012345679012345678,188.45342312008978,2763,0,0,36.29800319671631,223444b
DR,1181,368640,282,0.9609929078014184,494.7695035460993,891,0.19640852974186307,236.5162738496072,891,0.17732884399551066,226.0549943883277,2763,0,0,36.29800319671631,223444b
DR,1181,430080,282,0.8723404255319149,483.34751773049646,891,0.3434343434343434,329.962962962963,891,0.3445566778900112,325.51627384960716,2763,0,0,36.29800319671631,223444b
DR,1181,491520,282,0.7411347517730497,481.2588652482269,891,0.0,79.45230078563412,891,0.0,78.63187429854096,2763,0,0,36.29800319671631,223444b
DR,1181,552960,282,0.1524822695035461,373.9432624113475,891,0.4725028058361392,308.6734006734007,891,0.4601571268237935,303.7732884399551,2763,0,0,36.29800319671631,223444b
DR,1181,614400,282,0.9893617021276596,497.2163120567376,891,0.7149270482603816,400.8989898989899,891,0.7070707070707071,397.84511784511784,2763,0,0,36.29800319671631,223444b
DR,1182,0,282,0.0,37.63120567375886,891,0.0,16.845117845117844,891,0.0,16.663299663299664,2787,0,0,36.107905864715576,223444b
DR,1182,61440,282,0.03900709219858156,202.9255319148936,891,0.0,128.48260381593715,891,0.0,126.98653198653199,2787,0,0,36.107905864715576,223444b
DR,1182,122880,282,0.09219858156028368,276.8156028368794,891,0.001122334455667789,126.9719416386083,891,0.0,125.996632996633,2787,0,0,36.107905864715576,223444b
DR,1182,184320,282,0.9787234042553191,495.7517730496454,891,0.8013468013468014,419.30415263748597,891,0.7934904601571269,416.3771043771044,2787,0,0,36.107905864715576,223444b
DR,1182,245760,282,0.2801418439716312,361.99645390070924,891,0.001122334455667789,143.993265993266,891,0.0,143.1885521885522,2787,0,0,36.107905864715576,223444b
DR,1182,307200,282,0.02127659574468085,197.58510638297872,891,0.0,121.39169472502806,891,0.0,120.74410774410775,2787,0,0,36.107905864715576,223444b
DR,1182,368640,282,0.6666666666666666,459.4609929078014,891,0.4657687991021324,339.1212121212121,891,0.4713804713804714,334.8361391694725,2787,0,0,36.107905864715576,223444b
DR,1182,430080,282,0.9787234042553191,493.2482269503546,891,0.001122334455667789,56.91919191919192,891,0.0,56.56116722783389,2787,0,0,36.107905864715576,223444b
DR,1182,491520,282,0.9929078014184397,496.9255319148936,891,0.11335578002244669,114.76206509539843,891,0.09988776655443322,108.01346801346801,2787,0,0,36.107905864715576,223444b
DR,1182,552960,282,0.6595744680851063,466.0744680851064,891,0.3265993265993266,286.1122334455668,891,0.29854096520763185,275.90909090909093,2787,0,0,36.107905864715576,223444b
DR,1182,614400,282,0.9858156028368794,495.1595744680851,891,0.02244668911335578,71.87429854096521,891,0.017957351290684626,70.29854096520764,2787,0,0,36.107905864715576,223444b
DR,1184,0,282,0.0,13.099290780141844,891,0.0,26.50280583613917,891,0.0,26.58249158249158,2748,0,0,36.011805057525635,223444b
DR,1184,61440,282,0.1879432624113475,300.6737588652482,891,0.0,128.43322109988776,891,0.0,127.35016835016835,2748,0,0,36.011805057525635,223444b
DR,1184,122880,282,0.03900709219858156,209.45744680851064,891,0.001122334455667789,100.0,891,0.0,99.25252525252525,2748,0,0,36.011805057525635,223444b
DR,1184,184320,282,0.08156028368794327,241.56028368794327,891,0.001122334455667789,115.31425364758698,891,0.0,114.2996632996633,2748,0,0,36.011805057525635,223444b
DR,1184,245760,282,0.1453900709219858,304.07801418439715,891,0.0,137.00112233445566,891,0.002244668911335578,136.99551066217734,2748,0,0,36.011805057525635,223444b
DR,1184,307200,282,0.9964539007092199,499.56382978723406,891,0.819304152637486,427.1515151515151,891,0.8069584736251403,421.62626262626264,2748,0,0,36.011805057525635,223444b
DR,1184,368640,282,0.9787234042553191,490.88652482269504,891,0.002244668911335578,57.333333333333336,891,0.001122334455667789,57.34904601571268,2748,0,0,36.011805057525635,223444b
DR,1184,430080,282,0.975177304964539,493.2517730496454,891,0.5308641975308642,315.4298540965208,891,0.5375982042648709,317.39842873176207,2748,0,0,36.011805057525635,223444b
DR,1184,491520,282,0.9893617021276596,496.78723404255317,891,0.2850729517396184,193.8529741863075,891,0.27048260381593714,187.87878787878788,2748,0,0,36.011805057525635,223444b
DR,1184,552960,282,0.9893617021276596,497.0070921985816,891,0.5499438832772167,310.4500561167228,891,0.547699214365881,309.38047138047136,2748,0,0,36.011805057525635,223444b
DR,1184,614400,282,0.9929078014184397,497.8156028368794,891,0.5757575757575758,320.81705948372615,891,0.5813692480359147,323.0,2748,0,0,36.011805057525635,223444b
DR,1185,0,282,0.0,14.00354609929078,891,0.0,34.462401795735126,891,0.0,34.67115600448934,2579,0,0,36.79342699050903,223444b
DR,1185,61440,282,0.10638297872340426,250.04255319148936,891,0.0,110.01795735129069,891,0.0,108.98316498316498,2579,0,0,36.79342699050903,223444b
DR,1185,122880,282,0.2907801418439716,383.1950354609929,891,0.0,99.41638608305276,891,0.0,100.42648709315375,2579,0,0,36.79342699050903,223444b
DR,1185,184320,282,0.08156028368794327,289.8829787234043,891,0.25252525252525254,237.57687991021325,891,0.244668911335578,236.57239057239056,2579,0,0,36.79342699050903,223444b
DR,1185,245760,282,0.9290780141843972,492.49645390070924,891,0.11335578002244669,130.62177328843995,891,0.11335578002244669,134.68013468013467,2579,0,0,36.79342699050903,223444b
DR,1185,307200,282,0.9787234042553191,496.15602836879435,891,0.3950617283950617,241.70931537598204,891,0.38496071829405165,237.78451178451178,2579,0,0,36.79342699050903,223444b
DR,1185,368640,282,0.9893617021276596,495.3191489361702,891,0.002244668911335578,59.58361391694725,891,0.001122334455667789,59.17171717171717,2579,0,0,36.79342699050903,223444b
DR,1185,430080,282,0.975177304964539,494.2836879432624,891,0.6139169472502806,351.5263748597082,891,0.5982042648709316,345.65544332211,2579,0,0,36.79342699050903,223444b
DR,1185,491520,282,0.9929078014184397,497.79787234042556,891,0.6801346801346801,366.006734006734,891,0.67003367003367,362.55555555555554,2579,0,0,36.79342699050903,223444b
DR,1185,552960,282,0.975177304964539,493.56028368794324,891,0.003367003367003367,67.64534231200898,891,0.003367003367003367,66.54545454545455,2579,0,0,36.79342699050903,223444b
DR,1185,614400,282,0.975177304964539,493.3156028368794,891,0.4152637485970819,270.2895622895623,891,0.37037037037037035,256.8092031425365,2579,0,0,36.79342699050903,223444b
DR,1187,0,282,0.0035460992907801418,58.205673758865245,891,0.0,22.96969696969697,891,0.0,22.748597081930416,3001,0,0,36.380573987960815,223444b
DR,1187,61440,282,0.07446808510638298,239.2836879432624,891,0.0,117.51851851851852,891,0.0,116.62738496071829,3001,0,0,36.380573987960815,223444b
DR,1187,122880,282,0.08865248226950355,263.1985815602837,891,0.001122334455667789,122.11784511784512,891,0.0,120.99887766554433,3001,0,0,36.380573987960815,223444b
DR,1187,184320,282,0.24468085106382978,344.13829787234044,891,0.001122334455667789,127.9304152637486,891,0.0,126.71717171717172,3001,0,0,36.380573987960815,223444b
DR,1187,245760,282,0.14184397163120568,296.83687943262413,891,0.0,145.52076318742985,891,0.002244668911335578,144.45342312008978,3001,0,0,36.380573987960815,223444b
DR,1187,307200,282,0.6205673758865248,438.0248226950355,891,0.21548821548821548,269.3973063973064,891,0.19528619528619529,262.85858585858585,3001,0,0,36.380573987960815,223444b
DR,1187,368640,282,0.9929078014184397,498.42198581560285,891,0.813692480359147,424.35690235690237,891,0.8114478114478114,423.1324354657688,3001,0,0,36.380573987960815,223444b
DR,1187,430080,282,0.0070921985815602835,168.71985815602838,891,0.01122334455667789,129.11223344556677,891,0.003367003367003367,126.68237934904602,3001,0,0,36.380573987960815,223444b
DR,1187,491520,282,0.9822695035460993,494.04609929078015,891,0.001122334455667789,59.878787878787875,891,0.001122334455667789,59.70819304152638,3001,0,0,36.380573987960815,223444b
DR,1187,552960,282,0.9893617021276596,495.28014184397165,891,0.002244668911335578,57.54882154882155,891,0.0,57.121212121212125,3001,0,0,36.380573987960815,223444b
DR,1187,614400,282,0.9822695035460993,493.6099290780142,891,0.015712682379349047,66.36363636363636,891,0.016835016835016835,67.67340067340068,3001,0,0,36.380573987960815,223444b
DR,1186,0,282,0.11702127659574468,97.29078014184397,891,0.0,49.56677890011223,891,0.001122334455667789,49.039281705948376,2675,0,0,37.033116817474365,223444b
DR,1186,61440,282,0.07801418439716312,246.74113475177305,891,0.0,114.81705948372615,891,0.0,114.08417508417509,2675,0,0,37.033116817474365,223444b
DR,1186,122880,282,0.05319148936170213,239.27304964539007,891,0.0,122.5712682379349,891,0.0,121.71492704826038,2675,0,0,37.033116817474365,223444b
DR,1186,184320,282,0.36524822695035464,378.0070921985816,891,0.001122334455667789,165.64646464646464,891,0.002244668911335578,165.21548821548822,2675,0,0,37.033116817474365,223444b
DR,1186,245760,282,0.028368794326241134,202.1595744680851,891,0.0,107.95735129068463,891,0.0,107.52076318742985,2675,0,0,37.033116817474365,223444b
DR,1186,307200,282,0.9893617021276596,497.9468085106383,891,0.8451178451178452,437.26711560044896,891,0.8361391694725028,433.1627384960718,2675,0,0,37.033116817474365,223444b
DR,1186,368640,282,0.9326241134751773,489.73758865248226,891,0.489337822671156,309.49719416386085,891,0.4725028058361392,304.45791245791247,2675,0,0,37.033116817474365,223444b
DR,1186,430080,282,0.9929078014184397,497.21985815602835,891,0.8686868686868687,446.43322109988776,891,0.8496071829405163,439.21099887766553,2675,0,0,37.033116817474365,223444b
DR,1186,491520,282,0.5390070921985816,394.95390070921985,891,0.003367003367003367,128.34455667789,891,0.002244668911335578,125.63299663299664,2675,0,0,37.033116817474365,223444b
DR,1186,552960,282,0.9858156028368794,494.5248226950355,891,0.0,57.2368125701459,891,0.0,56.97306397306397,2675,0,0,37.033116817474365,223444b
DR,1186,614400,282,0.9964539007092199,498.40070921985813,891,0.2940516273849607,195.56677890011224,891,0.27048260381593714,185.01122334455667,2675,0,0,37.033116817474365,223444b
DR,1188,0,282,0.0,12.925531914893616,891,0.0,20.62962962962963,891,0.0,20.997755331088666,2755,0,0,36.54199194908142,223444b
DR,1188,61440,282,0.04609929078014184,197.78014184397162,891,0.0,98.9270482603816,891,0.0,98.62850729517396,2755,0,0,36.54199194908142,223444b
DR,1188,122880,282,0.07092198581560284,261.17021276595744,891,0.0,137.73288439955107,891,0.0,136.69472502805837,2755,0,0,36.54199194908142,223444b
DR,1188,184320,282,0.25177304964539005,368.01063829787233,891,0.0,124.15712682379349,891,0.0,125.48035914702581,2755,0,0,36.54199194908142,223444b
DR,1188,245760,282,0.28368794326241137,350.06028368794324,891,0.001122334455667789,119.1919191919192,891,0.0,118.15600448933782,2755,0,0,36.54199194908142,223444b
DR,1188,307200,282,0.9964539007092199,498.8900709219858,891,0.8720538720538721,448.94837261503926,891,0.8585858585858586,443.4388327721661,2755,0,0,36.54199194908142,223444b
DR,1188,368640,282,0.975177304964539,495.86170212765956,891,0.8686868686868687,446.76206509539844,891,0.8451178451178452,437.307519640853,2755,0,0,36.54199194908142,223444b
DR,1188,430080,282,0.9645390070921985,491.9822695035461,891,0.38271604938271603,314.7609427609428,891,0.3838383838383838,311.08417508417506,2755,0,0,36.54199194908142,223444b
DR,1188,491520,282,0.9929078014184397,498.1666666666667,891,0.510662177328844,294.989898989899,891,0.5050505050505051,292.962962962963,2755,0,0,36.54199194908142,223444b
DR,1188,552960,282,0.9858156028368794,496.12056737588654,891,0.37149270482603813,233.69809203142538,891,0.33108866442199775,217.83838383838383,2755,0,0,36.54199194908142,223444b
DR,1188,614400,282,0.9893617021276596,497.8581560283688,891,0.8821548821548821,453.7171717171717,891,0.8597081930415263,444.1773288439955,2755,0,0,36.54199194908142,223444b
DR,1189,0,282,0.0,47.40780141843972,891,0.0,27.341189674523008,891,0.0,27.346801346801346,2727,0,0,36.481913805007935,223444b
DR,1189,61440,282,0.010638297872340425,175.10992907801418,891,0.0,115.11896745230078,891,0.0,114.71380471380472,2727,0,0,36.481913805007935,223444b
DR,1189,122880,282,0.48226950354609927,408.5531914893617,891,0.001122334455667789,181.22446689113355,891,0.0,179.5263748597082,2727,0,0,36.481913805007935,223444b
DR,1189,184320,282,0.19148936170212766,315.38652482269504,891,0.0,128.4882154882155,891,0.0,127.29292929292929,2727,0,0,36.481913805007935,223444b
DR,1189,245760,282,0.5035460992907801,406.90070921985813,891,0.010101010101010102,178.40740740740742,891,0.012345679012345678,175.40852974186308,2727,0,0,36.481913805007935,223444b
DR,1189,307200,282,0.9184397163120568,488.99645390070924,891,0.856341189674523,441.07070707070704,891,0.8361391694725028,432.83501683501686,2727,0,0,36.481913805007935,223444b
DR,1189,368640,282,0.975177304964539,494.1914893617021,891,0.9259259259259259,470.6509539842873,891,0.9057239057239057,462.03591470258135,2727,0,0,36.481913805007935,223444b
DR,1189,430080,282,0.9964539007092199,499.2588652482269,891,0.44107744107744107,263.06397306397304,891,0.43434343434343436,258.8922558922559,2727,0,0,36.481913805007935,223444b
DR,1189,491520,282,0.09929078014184398,252.4468085106383,891,0.0,101.5645342312009,891,0.0,101.08080808080808,2727,0,0,36.481913805007935,223444b
DR,1189,552960,282,0.9964539007092199,499.8262411347518,891,0.7934904601571269,414.0482603815937,891,0.7811447811447811,409.58024691358025,2727,0,0,36.481913805007935,223444b
DR,1189,614400,282,0.9893617021276596,495.39716312056737,891,0.06846240179573512,94.59483726150393,891,0.04601571268237935,85.62401795735128,2727,0,0,36.481913805007935,223444b
DR,1190,0,282,0.0,11.432624113475176,891,0.0,23.19753086419753,891,0.0,23.696969696969695,2600,0,0,36.6378378868103,223444b
DR,1190,61440,282,0.1347517730496454,311.8936170212766,891,0.001122334455667789,161.88439955106622,891,0.003367003367003367,160.22222222222223,2600,0,0,36.6378378868103,223444b
DR,1190,122880,282,0.07446808510638298,210.96808510638297,891,0.0,96.22783389450056,891,0.0,96.01234567901234,2600,0,0,36.6378378868103,223444b
DR,1190,184320,282,0.0673758865248227,288.6063829787234,891,0.19977553310886645,240.42087542087543,891,0.186307519640853,233.1885521885522,2600,0,0,36.6378378868103,223444b
DR,1190,245760,282,0.2198581560283688,387.76241134751774,891,0.37485970819304154,281.7250280583614,891,0.36475869809203143,274.20314253647587,2600,0,0,36.6378378868103,223444b
DR,1190,307200,282,0.9929078014184397,497.0,891,0.46464646464646464,275.8731762065095,891,0.4489337822671156,267.16947250280583,2600,0,0,36.6378378868103,223444b
DR,1190,368640,282,0.9893617021276596,495.2730496453901,891,0.001122334455667789,57.47138047138047,891,0.001122334455667789,57.19753086419753,2600,0,0,36.6378378868103,223444b
DR,1190,430080,282,0.9787234042553191,493.8510638297872,891,0.30078563411896747,197.3793490460157,891,0.3041526374859708,198.25476992143658,2600,0,0,36.6378378868103,223444b
DR,1190,491520,282,0.3617021276595745,420.4503546099291,891,0.409652076318743,252.54320987654322,891,0.39169472502805835,244.73063973063972,2600,0,0,36.6378378868103,223444b
DR,1190,552960,282,0.9113475177304965,478.4432624113475,891,0.19640852974186307,245.0482603815937,891,0.1840628507295174,238.0347923681257,2600,0,0,36.6378378868103,223444b
DR,1190,614400,282,0.9787234042553191,493.48936170212767,891,0.020202020202020204,68.99775533108867,891,0.015712682379349047,68.34904601571269,2600,0,0,36.6378378868103,223444b
DR,1191,0,282,0.0,18.95744680851064,891,0.0,25.23793490460157,891,0.0,25.06509539842873,2766,0,0,36.23101592063904,223444b
DR,1191,61440,282,0.04964539007092199,251.00709219858157,891,0.0,145.51066217732884,891,0.001122334455667789,144.98877665544333,2766,0,0,36.23101592063904,223444b
DR,1191,122880,282,0.1702127659574468,329.0354609929078,891,0.1717171717171717,247.60157126823793,891,0.15937149270482603,241.1919191919192,2766,0,0,36.23101592063904,223444b
DR,1191,184320,282,0.11347517730496454,302.3085106382979,891,0.0,130.40516273849607,891,0.0,130.7037037037037,2766,0,0,36.23101592063904,223444b
DR,1191,245760,282,0.9574468085106383,492.52127659574467,891,0.0718294051627385,100.70370370370371,891,0.06734006734006734,98.48597081930416,2766,0,0,36.23101592063904,223444b
DR,1191,307200,282,0.07446808510638298,230.63829787234042,891,0.0,117.91694725028059,891,0.0,116.91021324354658,2766,0,0,36.23101592063904,223444b
DR,1191,368640,282,0.599290780141844,439.6276595744681,891,0.47474747474747475,326.2929292929293,891,0.47586980920314254,326.85634118967454,2766,0,0,36.23101592063904,223444b
DR,1191,430080,282,0.9822695035460993,493.17021276595744,891,0.0,56.77665544332211,891,0.0,56.4635241301908,2766,0,0,36.23101592063904,223444b
DR,1191,491520,282,0.6879432624113475,449.8758865248227,891,0.28058361391694725,247.9090909090909,891,0.2570145903479237,239.5263748597082,2766,0,0,36.23101592063904,223444b
DR,1191,552960,282,0.8723404255319149,477.8723404255319,891,0.6801346801346801,375.7586980920314,891,0.6632996632996633,368.95510662177327,2766,0,0,36.23101592063904,223444b
DR,1191,614400,282,0.9716312056737588,494.22340425531917,891,0.8395061728395061,436.9079685746352,891,0.8383838383838383,435.7564534231201,2766,0,0,36.23101592063904,223444b
DR,1192,0,282,0.0,33.52836879432624,891,0.0,15.345679012345679,891,0.0,15.260381593714927,2969,0,0,36.42288017272949,223444b
DR,1192,61440,282,0.7907801418439716,478.5496453900709,891,0.37373737373737376,343.2368125701459,891,0.3602693602693603,338.53872053872055,2969,0,0,36.42288017272949,223444b
DR,1192,122880,282,0.2695035460992908,371.1063829787234,891,0.0,151.6172839506173,891,0.0,150.78675645342312,2969,0,0,36.42288017272949,223444b
DR,1192,184320,282,0.7056737588652482,460.79787234042556,891,0.003367003367003367,214.10998877665546,891,0.002244668911335578,214.2794612794613,2969,0,0,36.42288017272949,223444b
DR,1192,245760,282,0.12411347517730496,284.06028368794324,891,0.001122334455667789,119.12682379349046,891,0.0,118.16835016835017,2969,0,0,36.42288017272949,223444b
DR,1192,307200,282,0.07446808510638298,259.65248226950354,891,0.001122334455667789,133.30976430976432,891,0.002244668911335578,133.47586980920315,2969,0,0,36.42288017272949,223444b
DR,1192,368640,282,0.4645390070921986,422.71985815602835,891,0.04938271604938271,153.45791245791247,891,0.06172839506172839,161.0594837261504,2969,0,0,36.42288017272949,223444b
DR,1192,430080,282,0.9893617021276596,497.47872340425533,891,0.941638608305275,476.4826038159371,891,0.9214365881032548,468.5117845117845,2969,0,0,36.42288017272949,223444b
DR,1192,491520,282,0.4716312056737589,365.6099290780142,891,0.016835016835016835,171.87542087542087,891,0.017957351290684626,171.07856341189674,2969,0,0,36.42288017272949,223444b
DR,1192,552960,282,0.9929078014184397,497.1843971631206,891,0.7239057239057239,387.4668911335578,891,0.7227833894500562,385.84062850729515,2969,0,0,36.42288017272949,223444b
DR,1192,614400,282,0.9645390070921985,484.1595744680851,891,0.002244668911335578,55.707070707070706,891,0.0,55.255892255892256,2969,0,0,36.42288017272949,223444b
DR,1195,0,282,0.0,11.950354609929079,891,0.0,18.792368125701458,891,0.0,18.120089786756452,2718,0,0,36.01156210899353,223444b
DR,1195,61440,282,0.1099290780141844,262.34751773049646,891,0.0,113.28619528619528,891,0.0,112.672278338945,2718,0,0,36.01156210899353,223444b
DR,1195,122880,282,0.02127659574468085,195.43617021276594,891,0.0,105.32547699214366,891,0.0,104.89786756453424,2718,0,0,36.01156210899353,223444b
DR,1195,184320,282,0.2730496453900709,365.1595744680851,891,0.0,142.97643097643098,891,0.0,141.61840628507295,2718,0,0,36.01156210899353,223444b
DR,1195,245760,282,0.6950354609929078,444.36879432624113,891,0.001122334455667789,160.1290684624018,891,0.001122334455667789,158.3692480359147,2718,0,0,36.01156210899353,223444b
DR,1195,307200,282,0.975177304964539,492.40070921985813,891,0.001122334455667789,57.517396184062854,891,0.0,57.26711560044893,2718,0,0,36.01156210899353,223444b
DR,1195,368640,282,0.9893617021276596,495.28723404255317,891,0.001122334455667789,58.221099887766556,891,0.0,57.89225589225589,2718,0,0,36.01156210899353,223444b
DR,1195,430080,282,0.9716312056737588,495.0744680851064,891,0.8922558922558923,456.8619528619529,891,0.8945005611672279,458.15937149270485,2718,0,0,36.01156210899353,223444b
DR,1195,491520,282,0.9929078014184397,498.04609929078015,891,0.6262626262626263,344.5959595959596,891,0.6139169472502806,341.15937149270485,2718,0,0,36.01156210899353,223444b
DR,1195,552960,282,0.9893617021276596,495.3156028368794,891,0.002244668911335578,59.03030303030303,891,0.001122334455667789,58.64646464646464,2718,0,0,36.01156210899353,223444b
DR,1195,614400,282,0.9893617021276596,496.50354609929076,891,0.25140291806958476,184.7351290684624,891,0.22671156004489337,174.07295173961842,2718,0,0,36.01156210899353,223444b
DR,1193,0,282,0.0,13.865248226950355,891,0.0,31.94500561167228,891,0.0,31.5645342312009,2542,0,0,36.430022954940796,223444b
DR,1193,61440,282,0.1276595744680851,283.2411347517731,891,0.0,119.13131313131314,891,0.0,118.24242424242425,2542,0,0,36.430022954940796,223444b
DR,1193,122880,282,0.25886524822695034,328.63829787234044,891,0.001122334455667789,117.34231200897868,891,0.001122334455667789,116.49158249158249,2542,0,0,36.430022954940796,223444b
DR,1193,184320,282,0.024822695035460994,196.97517730496455,891,0.0,109.47250280583614,891,0.0,108.97081930415264,2542,0,0,36.430022954940796,223444b
DR,1193,245760,282,0.9893617021276596,496.7588652482269,891,0.038159371492704826,81.39057239057239,891,0.04152637485970819,83.27833894500561,2542,0,0,36.430022954940796,223444b
DR,1193,307200,282,0.9893617021276596,496.14539007092196,891,0.9124579124579124,465.57575757575756,891,0.898989898989899,459.83838383838383,2542,0,0,36.430022954940796,223444b
DR,1193,368640,282,0.7907801418439716,477.45390070921985,891,0.7025813692480359,415.2783389450056,891,0.6801346801346801,405.3063973063973,2542,0,0,36.430022954940796,223444b
DR,1193,430080,282,0.9219858156028369,485.86170212765956,891,0.6734006734006734,365.020202020202,891,0.696969696969697,374.317620650954,2542,0,0,36.430022954940796,223444b
DR,1193,491520,282,0.9929078014184397,497.3758865248227,891,0.31874298540965207,205.33557800224466,891,0.2951739618406285,195.81705948372615,2542,0,0,36.430022954940796,223444b
DR,1193,552960,282,0.9858156028368794,496.95390070921985,891,0.40291806958473625,250.99551066217734,891,0.4006734006734007,250.18967452300785,2542,0,0,36.430022954940796,223444b
DR,1193,614400,282,0.975177304964539,495.3191489361702,891,0.6588103254769921,399.6004489337823,891,0.6531986531986532,395.27272727272725,2542,0,0,36.430022954940796,223444b
DR,1194,0,282,0.0070921985815602835,25.347517730496453,891,0.0,49.12682379349046,891,0.0,49.55892255892256,2605,0,0,36.66161108016968,223444b
DR,1194,61440,282,0.09219858156028368,237.08510638297872,891,0.0,104.2682379349046,891,0.0,103.78451178451178,2605,0,0,36.66161108016968,223444b
DR,1194,122880,282,0.05673758865248227,222.38297872340425,891,0.0,123.2682379349046,891,0.0,122.06846240179574,2605,0,0,36.66161108016968,223444b
DR,1194,184320,282,0.03900709219858156,229.9113475177305,891,0.12121212121212122,202.0482603815937,891,0.10886644219977554,196.1459034792368,2605,0,0,36.66161108016968,223444b
DR,1194,245760,282,0.9219858156028369,490.34397163120565,891,0.2345679012345679,306.3793490460157,891,0.21773288439955107,298.1907968574635,2605,0,0,36.66161108016968,223444b
DR,1194,307200,282,0.9929078014184397,498.49645390070924,891,0.8709315375982043,448.38047138047136,891,0.8630751964085297,445.5117845117845,2605,0,0,36.66161108016968,223444b
DR,1194,368640,282,0.9468085106382979,492.15602836879435,891,0.8069584736251403,420.9786756453423,891,0.7878787878787878,413.3164983164983,2605,0,0,36.66161108016968,223444b
DR,1194,430080,282,0.9929078014184397,496.968085106383,891,0.17957351290684623,145.74635241301908,891,0.1447811447811448,130.30190796857462,2605,0,0,36.66161108016968,223444b
DR,1194,491520,282,0.950354609929078,489.3333333333333,891,0.494949494949495,282.42199775533106,891,0.4769921436588103,275.1245791245791,2605,0,0,36.66161108016968,223444b
DR,1194,552960,282,0.9680851063829787,491.92198581560285,891,0.24017957351290684,195.91358024691357,891,0.21997755331088664,188.23569023569024,2605,0,0,36.66161108016968,223444b
DR,1194,614400,282,0.9964539007092199,498.4113475177305,891,0.35914702581369246,225.95286195286195,891,0.3400673400673401,218.14141414141415,2605,0,0,36.66161108016968,223444b
DR,1196,0,282,0.0,12.677304964539006,891,0.0,34.288439955106625,891,0.0,32.941638608305276,2720,0,0,36.14808011054993,223444b
DR,1196,61440,282,0.05673758865248227,208.70921985815602,891,0.0,104.17283950617283,891,0.0,103.91133557800225,2720,0,0,36.14808011054993,223444b
DR,1196,122880,282,0.07092198581560284,218.4787234042553,891,0.0,98.38832772166106,891,0.0,97.96408529741863,2720,0,0,36.14808011054993,223444b
DR,1196,184320,282,0.5319148936170213,456.1489361702128,891,0.45791245791245794,376.59147025813695,891,0.45230078563411896,370.87205387205387,2720,0,0,36.14808011054993,223444b
DR,1196,245760,282,0.23404255319148937,325.2269503546099,891,0.001122334455667789,116.60157126823793,891,0.0,115.63187429854096,2720,0,0,36.14808011054993,223444b
DR,1196,307200,282,0.9787234042553191,494.468085106383,891,0.7530864197530864,400.41301907968574,891,0.7508417508417509,399.40965207631876,2720,0,0,36.14808011054993,223444b
DR,1196,368640,282,0.9964539007092199,498.62056737588654,891,0.7721661054994389,405.56228956228955,891,0.7530864197530864,397.9405162738496,2720,0,0,36.14808011054993,223444b
DR,1196,430080,282,0.8652482269503546,465.07092198581563,891,0.35241301907968575,244.70258136924804,891,0.3378226711560045,238.3973063973064,2720,0,0,36.14808011054993,223444b
DR,1196,491520,282,0.950354609929078,487.9609929078014,891,0.0,57.18406285072952,891,0.0,56.988776655443324,2720,0,0,36.14808011054993,223444b
DR,1196,552960,282,0.9929078014184397,497.08156028368796,891,0.14029180695847362,128.26936026936028,891,0.11560044893378227,118.18181818181819,2720,0,0,36.14808011054993,223444b
DR,1196,614400,282,1.0,500.0,891,0.7216610549943884,382.93602693602696,891,0.7250280583613917,384.74747474747477,2720,0,0,36.14808011054993,223444b
DR,1197,0,282,0.0,11.843971631205674,891,0.0,20.55780022446689,891,0.0,20.687991021324354,2729,0,0,31.920021772384644,223444b
DR,1197,61440,282,0.12411347517730496,267.17021276595744,891,0.0,112.54769921436588,891,0.0,111.6969696969697,2729,0,0,31.920021772384644,223444b
DR,1197,122880,282,0.9858156028368794,495.98581560283685,891,0.186307519640853,157.7104377104377,891,0.16947250280583614,151.86980920314252,2729,0,0,31.920021772384644,223444b
DR,1197,184320,282,0.33687943262411346,335.17021276595744,891,0.0,109.88664421997755,891,0.0,108.75645342312009,2729,0,0,31.920021772384644,223444b
DR,1197,245760,282,0.028368794326241134,165.2127659574468,891,0.0,110.80246913580247,891,0.0,109.94612794612794,2729,0,0,31.920021772384644,223444b
DR,1197,307200,282,0.30851063829787234,424.468085106383,891,0.367003367003367,299.351290684624,891,0.3557800224466891,292.56902356902356,2729,0,0,31.920021772384644,223444b
DR,1197,368640,282,0.3262411347517731,437.21276595744683,891,0.002244668911335578,114.87542087542087,891,0.001122334455667789,110.1324354657688,2729,0,0,31.920021772384644,223444b
DR,1197,430080,282,0.9468085106382979,494.2411347517731,891,0.745230078563412,428.10662177328845,891,0.7149270482603816,422.2693602693603,2729,0,0,31.920021772384644,223444b
DR,1197,491520,282,0.9468085106382979,489.9574468085106,891,0.6060606060606061,342.3636363636364,891,0.590347923681257,335.6509539842873,2729,0,0,31.920021772384644,223444b
DR,1197,552960,282,0.9148936170212766,479.33687943262413,891,0.34118967452300786,288.95286195286195,891,0.33557800224466894,284.388327721661,2729,0,0,31.920021772384644,223444b
DR,1197,614400,282,0.9893617021276596,497.6666666666667,891,0.7744107744107744,409.023569023569,891,0.7676767676767676,405.8888888888889,2729,0,0,31.920021772384644,223444b
DR,1198,0,282,0.0,10.648936170212766,891,0.0,15.160493827160494,891,0.0,14.882154882154882,2925,0,0,31.30757999420166,223444b
DR,1198,61440,282,0.0673758865248227,261.3510638297872,891,0.0,123.28731762065095,891,0.0,122.61728395061728,2925,0,0,31.30757999420166,223444b
DR,1198,122880,282,0.14893617021276595,303.822695035461,891,0.0,123.40965207631875,891,0.0,122.64646464646465,2925,0,0,31.30757999420166,223444b
DR,1198,184320,282,0.024822695035460994,207.94326241134752,891,0.0,116.40291806958474,891,0.0,115.97643097643098,2925,0,0,31.30757999420166,223444b
DR,1198,245760,282,0.03900709219858156,250.67730496453902,891,0.12345679012345678,215.16947250280583,891,0.11784511784511785,210.62514029180696,2925,0,0,31.30757999420166,223444b
DR,1198,307200,282,0.07446808510638298,263.1985815602837,891,0.001122334455667789,130.55667789001123,891,0.0,130.7205387205387,2925,0,0,31.30757999420166,223444b
DR,1198,368640,282,0.6134751773049646,447.45390070921985,891,0.008978675645342313,191.45679012345678,891,0.010101010101010102,191.78002244668912,2925,0,0,31.30757999420166,223444b
DR,1198,430080,282,0.8333333333333334,479.9326241134752,891,0.13580246913580246,209.77777777777777,891,0.11784511784511785,199.17957351290684,2925,0,0,31.30757999420166,223444b
DR,1198,491520,282,0.9787234042553191,493.0921985815603,891,0.1335578002244669,128.38159371492705,891,0.13580246913580246,128.8597081930415,2925,0,0,31.30757999420166,223444b
DR,1198,552960,282,0.9822695035460993,494.9822695035461,891,0.7317620650953984,391.6599326599327,891,0.7160493827160493,385.09988776655445,2925,0,0,31.30757999420166,223444b
DR,1198,614400,282,0.25886524822695034,366.52836879432624,891,0.06958473625140292,171.40628507295173,891,0.05611672278338945,165.32547699214365,2925,0,0,31.30757999420166,223444b
DR,1200,0,282,0.0,12.095744680851064,891,0.0,25.769921436588103,891,0.0,25.85185185185185,2972,0,0,31.105326890945435,223444b
DR,1200,61440,282,0.06028368794326241,210.15602836879432,891,0.0,101.17508417508418,891,0.0,100.8080808080808,2972,0,0,31.105326890945435,223444b
DR,1200,122880,282,0.3900709219858156,398.468085106383,891,0.0,124.37822671156005,891,0.001122334455667789,119.25589225589225,2972,0,0,31.105326890945435,223444b
DR,1200,184320,282,0.06382978723404255,240.82269503546098,891,0.012345679012345678,149.9685746352413,891,0.017957351290684626,148.32996632996634,2972,0,0,31.105326890945435,223444b
DR,1200,245760,282,0.031914893617021274,207.20212765957447,891,0.0,120.60493827160494,891,0.0,119.65432098765432,2972,0,0,31.105326890945435,223444b
DR,1200,307200,282,0.1879432624113475,314.78723404255317,891,0.0,127.77216610549944,891,0.0,126.55892255892256,2972,0,0,31.105326890945435,223444b
DR,1200,368640,282,0.10638297872340426,358.76241134751774,891,0.367003367003367,277.98428731762067,891,0.3479236812570146,268.67676767676767,2972,0,0,31.105326890945435,223444b
DR,1200,430080,282,0.9858156028368794,497.5496453900709,891,0.9079685746352413,463.7811447811448,891,0.9135802469135802,465.9786756453423,2972,0,0,31.105326890945435,223444b
DR,1200,491520,282,0.9929078014184397,497.06382978723406,891,0.09090909090909091,104.42648709315375,891,0.09427609427609428,104.94163860830527,2972,0,0,31.105326890945435,223444b
DR,1200,552960,282,0.9858156028368794,495.45390070921985,891,0.08754208754208755,103.43322109988776,891,0.0920314253647587,104.77441077441077,2972,0,0,31.105326890945435,223444b
DR,1200,614400,282,0.9858156028368794,494.49645390070924,891,0.007856341189674524,65.81930415263749,891,0.004489337822671156,63.98204264870932,2972,0,0,31.105326890945435,223444b
DR,1199,0,282,0.0,12.47163120567376,891,0.0,18.399551066217732,891,0.0,18.815937149270482,2788,0,0,31.695945024490356,223444b
DR,1199,61440,282,0.05319148936170213,260.49645390070924,891,0.0,133.44444444444446,891,0.0,132.6094276094276,2788,0,0,31.695945024490356,223444b
DR,1199,122880,282,0.03900709219858156,215.51063829787233,891,0.0,117.0628507295174,891,0.0,116.18406285072952,2788,0,0,31.695945024490356,223444b
DR,1199,184320,282,0.9113475177304965,483.64539007092196,891,0.5286195286195287,312.50392817059486,891,0.5072951739618407,303.98428731762067,2788,0,0,31.695945024490356,223444b
DR,1199,245760,282,0.9893617021276596,496.3049645390071,891,0.8810325476992144,451.611672278339,891,0.8585858585858586,442.705948372615,2788,0,0,31.695945024490356,223444b
DR,1199,307200,282,0.02127659574468085,176.4468085106383,891,0.003367003367003367,107.36363636363636,891,0.002244668911335578,106.98877665544332,2788,0,0,31.695945024490356,223444b
DR,1199,368640,282,0.975177304964539,491.71985815602835,891,0.001122334455667789,58.05723905723906,891,0.001122334455667789,58.445566778900115,2788,0,0,31.695945024490356,223444b
DR,1199,430080,282,0.0851063829787234,360.0673758865248,891,0.12794612794612795,196.74523007856342,891,0.13580246913580246,194.6172839506173,2788,0,0,31.695945024490356,223444b
DR,1199,491520,282,0.549645390070922,289.0354609929078,891,0.002244668911335578,55.101010101010104,891,0.001122334455667789,54.7979797979798,2788,0,0,31.695945024490356,223444b
DR,1199,552960,282,0.9893617021276596,495.2730496453901,891,0.0,56.8361391694725,891,0.001122334455667789,56.79573512906846,2788,0,0,31.695945024490356,223444b
DR,1199,614400,282,0.9893617021276596,495.25531914893617,891,0.001122334455667789,57.39057239057239,891,0.001122334455667789,57.16273849607183,2788,0,0,31.695945024490356,223444b
