config,seed,step,adv/n,adv/success,adv/mean_steps,adv/mean_return,adv/cvar,calib_dev/n,calib_dev/success,calib_dev/mean_steps,calib_dev/mean_return,calib_test/n,calib_test/success,calib_test/mean_steps,calib_test/mean_return,random/n,random/success,random/mean_steps,random/mean_return,verifai_dev/n,verifai_dev/success,verifai_dev/mean_steps,verifai_dev/mean_return,verifai_test/n,verifai_test/success,verifai_test/mean_steps,verifai_test/mean_return,episodes,replays,scouted_steps,wall_time_sec,commit
sfl_spread,1,0,2000,0.0,200.0,-1422.9746376506705,0.0,1000,0.0,200.0,-1298.4425234894948,1000,0.0,200.0,-1288.9481169771739,264,0.0,200.0,-1375.1758612756878,1000,0.0,200.0,-1210.6084182399109,1000,0.0,200.0,-1218.9081777553786,12288,6061,384000000,620.9498372077942,ab16711
sfl_spread,1,245760,2000,0.0,200.0,-1134.0758241523054,0.0,1000,0.0,200.0,-993.0326350441069,1000,0.001,200.0,-999.0129895959883,264,0.0,200.0,-1104.4028652381849,1000,0.0,200.0,-1049.5613529488649,1000,0.0,200.0,-1049.5139566337798,12288,6061,384000000,620.9498372077942,ab16711
sfl_spread,1,491520,2000,0.0045,200.0,-806.7915625469474,0.0,1000,0.0,200.0,-958.8828262738613,1000,0.002,200.0,-961.2561692513292,264,0.007575757575757576,200.0,-796.6907791212816,1000,0.0,200.0,-1051.1556760006008,1000,0.0,200.0,-1055.8439308844563,12288,6061,384000000,620.9498372077942,ab16711
sfl_spread,1,737280,2000,0.3735,200.0,-767.7752572480476,0.0,1000,0.026,200.0,-1126.549846209846,1000,0.035,200.0,-1118.5124076316192,264,0.38636363636363635,200.0,-755.6311791065158,1000,0.011,200.0,-1182.0821274792538,1000,0.02,200.0,-1181.6504834911352,12288,6061,384000000,620.9498372077942,ab16711
sfl_spread,1,983040,2000,0.323,200.0,-700.3532651846663,0.0,1000,0.059,200.0,-957.533354939237,1000,0.069,200.0,-953.8289948256045,264,0.3522727272727273,200.0,-681.4749620784357,1000,0.038,200.0,-1046.8306500617869,1000,0.032,200.0,-1056.228383769902,12288,6061,384000000,620.9498372077942,ab16711
sfl_spread,1,1228800,2000,0.408,200.0,-749.5061490898247,0.0,1000,0.047,200.0,-1134.5203196888147,1000,0.056,200.0,-1125.3850672457058,264,0.4431818181818182,200.0,-718.3283705847336,1000,0.037,200.0,-1184.556742352395,1000,0.033,200.0,-1195.176735817598,12288,6061,384000000,620.9498372077942,ab16711
sfl_spread,1,1474560,2000,0.4425,200.0,-691.372345800001,0.0,1000,0.073,200.0,-1074.0363350446703,1000,0.068,200.0,-1076.888191918396,264,0.4621212121212121,200.0,-675.9837750569084,1000,0.052,200.0,-1137.776813486732,1000,0.044,200.0,-1154.0704462178908,12288,6061,384000000,620.9498372077942,ab16711
sfl_spread,1,1720320,2000,0.463,200.0,-638.3018314405047,0.0,1000,0.107,200.0,-986.9460319210496,1000,0.122,200.0,-978.3873982082633,264,0.48484848484848486,200.0,-626.0831165460244,1000,0.079,200.0,-1066.9971355287407,1000,0.081,200.0,-1075.1996489938595,12288,6061,384000000,620.9498372077942,ab16711
sfl_spread,1,1966080,2000,0.4545,200.0,-618.2894577803837,0.0,1000,0.102,200.0,-954.9524513304874,1000,0.125,200.0,-935.4116098541401,264,0.4962121212121212,200.0,-589.3786093955266,1000,0.075,200.0,-1043.5576310770339,1000,0.064,200.0,-1056.7378639425624,12288,6061,384000000,620.9498372077942,ab16711
sfl_spread,1,2211840,2000,0.4955,200.0,-615.7528251817309,0.0,1000,0.128,200.0,-969.5286393240643,1000,0.151,200.0,-952.6388065814812,264,0.5151515151515151,200.0,-599.4784226856518,1000,0.102,200.0,-1047.1017201009465,1000,0.103,200.0,-1057.4746530435682,12288,6061,384000000,620.9498372077942,ab16711
sfl_spread,1,2457600,2000,0.489,200.0,-574.233307184805,0.0,1000,0.118,200.0,-913.323689449509,1000,0.126,200.0,-908.5592827480516,264,0.5189393939393939,200.0,-552.5790796412139,1000,0.078,200.0,-1020.8576696964444,1000,0.064,200.0,-1036.3902209538915,12288,6061,384000000,620.9498372077942,ab16711
sfl_tilt_sc,1,0,2000,0.0,200.0,-1233.2740731107228,0.0,1000,0.0,200.0,-1120.5036166960633,1000,0.0,200.0,-1115.2377206341191,264,0.0,200.0,-1226.1103164225487,1000,0.0,200.0,-1086.3021018498682,1000,0.0,200.0,-1095.0845255394458,12288,4946,384000000,621.482391834259,ab16711
sfl_tilt_sc,1,245760,2000,0.0,200.0,-862.5810556876371,0.0,1000,0.0,200.0,-895.8623891809597,1000,0.0,200.0,-899.0296738776506,264,0.0,200.0,-865.3761381889877,1000,0.0,200.0,-1009.3305306031315,1000,0.0,200.0,-1014.7737667043053,12288,4946,384000000,621.482391834259,ab16711
sfl_tilt_sc,1,491520,2000,0.194,200.0,-946.6432013521646,0.0,1000,0.012,200.0,-1199.4239464210095,1000,0.018,200.0,-1191.9537087947201,264,0.23106060606060605,200.0,-904.2399119070767,1000,0.009,200.0,-1243.453172414138,1000,0.009,200.0,-1249.6669917087513,12288,4946,384000000,621.482391834259,ab16711
sfl_tilt_sc,1,737280,2000,0.3715,200.0,-849.0936202467951,0.0,1000,0.013,200.0,-1251.8375180353316,1000,0.02,200.0,-1239.0336681698798,264,0.3939393939393939,200.0,-821.6349131394322,1000,0.01,200.0,-1289.4725687608584,1000,0.009,200.0,-1296.1592753451773,12288,4946,384000000,621.482391834259,ab16711
sfl_tilt_sc,1,983040,2000,0.3715,200.0,-859.0328041968252,0.0,1000,0.013,200.0,-1269.8292677281731,1000,0.021,200.0,-1255.1400513140927,264,0.3939393939393939,200.0,-831.9264975623181,1000,0.009,200.0,-1312.5143113147901,1000,0.008,200.0,-1320.044309713105,12288,4946,384000000,621.482391834259,ab16711
sfl_tilt_sc,1,1228800,2000,0.369,200.0,-780.0048288701283,0.0,1000,0.013,200.0,-1140.7385075520574,1000,0.021,200.0,-1132.0260074185219,264,0.38636363636363635,200.0,-763.0504451181115,1000,0.01,200.0,-1189.2615069232265,1000,0.009,200.0,-1193.810508748498,12288,4946,384000000,621.482391834259,ab16711
sfl_tilt_sc,1,1474560,2000,0.3735,200.0,-800.4270017622258,0.0,1000,0.013,200.0,-1172.6489364697152,1000,0.023,200.0,-1160.0797495188967,264,0.3939393939393939,200.0,-778.2892899773597,1000,0.011,200.0,-1217.7513047557734,1000,0.011,200.0,-1223.053784865819,12288,4946,384000000,621.482391834259,ab16711
sfl_tilt_sc,1,1720320,2000,0.431,200.0,-669.4763754791967,0.0,1000,0.076,200.0,-1003.9586135288182,1000,0.077,200.0,-1003.6370054624774,264,0.44696969696969696,200.0,-658.5608444489413,1000,0.053,200.0,-1089.4249491302407,1000,0.064,200.0,-1083.013716317589,12288,4946,384000000,621.482391834259,ab16711
sfl_tilt_sc,1,1966080,2000,0.4525,200.0,-617.5574132768402,0.0,1000,0.102,200.0,-943.4329773549183,1000,0.111,200.0,-940.1486103169857,264,0.49242424242424243,200.0,-581.0579533997084,1000,0.067,200.0,-1044.115212133508,1000,0.077,200.0,-1042.0884755301386,12288,4946,384000000,621.482391834259,ab16711
sfl_tilt_sc,1,2211840,2000,0.478,200.0,-630.0078317841036,0.0,1000,0.133,200.0,-961.0734764544012,1000,0.138,200.0,-959.6053116578637,264,0.5265151515151515,200.0,-587.4751890390854,1000,0.094,200.0,-1055.8547385685908,1000,0.101,200.0,-1056.257677844272,12288,4946,384000000,621.482391834259,ab16711
sfl_tilt_sc,1,2457600,2000,0.509,200.0,-620.3681497920642,0.0,1000,0.17,200.0,-961.3487989089684,1000,0.175,200.0,-956.1695795373107,264,0.553030303030303,200.0,-573.504229715777,1000,0.15,200.0,-1040.8718552302134,1000,0.14,200.0,-1051.743954286138,12288,4946,384000000,621.482391834259,ab16711
sfl_tilt,1,0,2000,0.0,200.0,-1527.1929834162493,0.0,1000,0.0,200.0,-1463.9484310585897,1000,0.0,200.0,-1461.139736094436,264,0.0,200.0,-1509.1273058892948,1000,0.0,200.0,-1461.3970884848602,1000,0.0,200.0,-1466.4729365602766,12288,6115,384000000,621.0780673027039,ab16711
sfl_tilt,1,245760,2000,0.3385,200.0,-794.4200188188324,0.0,1000,0.011,200.0,-1118.4978284549775,1000,0.017,200.0,-1111.574310276033,264,0.3409090909090909,200.0,-788.0241819412049,1000,0.008,200.0,-1168.0859542147473,1000,0.009,200.0,-1171.0854423333374,12288,6115,384000000,621.0780673027039,ab16711
sfl_tilt,1,491520,2000,0.348,200.0,-792.0846987545011,0.0,1000,0.011,200.0,-1126.8988935703712,1000,0.017,200.0,-1120.36910692724,264,0.35984848484848486,200.0,-775.978807358968,1000,0.008,200.0,-1176.5498192902608,1000,0.009,200.0,-1180.0491817338095,12288,6115,384000000,621.0780673027039,ab16711
sfl_tilt,1,737280,2000,0.1165,200.0,-824.8179688645245,0.0,1000,0.002,200.0,-921.8689470799407,1000,0.005,200.0,-934.9046040093431,264,0.11742424242424243,200.0,-821.0669266908017,1000,0.001,200.0,-1001.4625483330041,1000,0.0,200.0,-1006.8481411172843,12288,6115,384000000,621.0780673027039,ab16711
sfl_tilt,1,983040,2000,0.3795,200.0,-697.3535848612601,0.0,1000,0.027,200.0,-1020.3209589431168,1000,0.03,200.0,-1019.8022837313123,264,0.3977272727272727,200.0,-683.8470997977356,1000,0.017,200.0,-1098.6596668441744,1000,0.017,200.0,-1103.3256439020015,12288,6115,384000000,621.0780673027039,ab16711
sfl_tilt,1,1228800,2000,0.685,200.0,-376.27833613986536,0.14,1000,0.325,200.0,-662.9467411991925,1000,0.323,200.0,-677.7128588627703,264,0.6893939393939394,200.0,-371.82157166783816,1000,0.108,200.0,-932.8086491557981,1000,0.105,200.0,-939.7219608493168,12288,6115,384000000,621.0780673027039,ab16711
sfl_tilt,1,1474560,2000,0.856,200.0,-261.38940771040745,0.37,1000,0.608,200.0,-491.705403350672,1000,0.607,200.0,-499.9998299464942,264,0.8409090909090909,200.0,-280.5169831920582,1000,0.244,200.0,-813.7342045575324,1000,0.234,200.0,-813.9934295459931,12288,6115,384000000,621.0780673027039,ab16711
sfl_tilt,1,1720320,2000,0.8755,200.0,-243.99323308806564,0.39,1000,0.7,200.0,-443.4097325739435,1000,0.678,200.0,-455.7542515933963,264,0.8598484848484849,200.0,-266.1853706208287,1000,0.333,200.0,-762.4936911823414,1000,0.344,200.0,-762.4499483617935,12288,6115,384000000,621.0780673027039,ab16711
sfl_tilt,1,1966080,2000,0.8085,200.0,-298.8103941734791,0.4,1000,0.573,200.0,-528.2023032418157,1000,0.608,200.0,-508.15720830983287,264,0.7916666666666666,200.0,-314.46896758045585,1000,0.281,200.0,-793.5484770245082,1000,0.261,200.0,-804.7355025202078,12288,6115,384000000,621.0780673027039,ab16711
sfl_tilt,1,2211840,2000,0.9,200.0,-219.09074470888817,0.445,1000,0.711,200.0,-422.6851066379606,1000,0.716,200.0,-426.92367456517223,264,0.9128787878787878,200.0,-207.2451390702704,1000,0.356,200.0,-726.0858074621501,1000,0.365,200.0,-725.8728478356468,12288,6115,384000000,621.0780673027039,ab16711
sfl_tilt,1,2457600,2000,0.8185,200.0,-277.0647036178742,0.345,1000,0.573,200.0,-517.8917376786343,1000,0.581,200.0,-518.7074885040313,264,0.8371212121212122,200.0,-265.48325539815545,1000,0.354,200.0,-726.2262849607108,1000,0.356,200.0,-740.9262753212546,12288,6115,384000000,621.0780673027039,ab16711
sfl_tilt_carry,1,0,2000,0.0,200.0,-1449.7221671571065,0.0,1000,0.0,200.0,-1300.1177883494206,1000,0.0,200.0,-1288.2063313755903,264,0.0,200.0,-1423.2177637079533,1000,0.0,200.0,-1232.6266793922064,1000,0.0,200.0,-1236.6382008562719,12288,6129,384000000,621.5044021606445,ab16711
sfl_tilt_carry,1,245760,2000,0.0,200.0,-1375.387441152908,0.0,1000,0.0,200.0,-1171.655980539784,1000,0.0,200.0,-1169.692838291511,264,0.0,200.0,-1352.7809391310345,1000,0.0,200.0,-1079.4031069211205,1000,0.0,200.0,-1090.3137810952633,12288,6129,384000000,621.5044021606445,ab16711
sfl_tilt_carry,1,491520,2000,0.0,200.0,-795.0890478484093,0.0,1000,0.0,200.0,-936.7550828030012,1000,0.0,200.0,-937.459787482087,264,0.0,200.0,-785.5865487691874,1000,0.0,200.0,-1039.8845377809253,1000,0.0,200.0,-1046.1088283552008,12288,6129,384000000,621.5044021606445,ab16711
sfl_tilt_carry,1,737280,2000,0.207,200.0,-799.184930313674,0.0,1000,0.008,200.0,-1086.569975797289,1000,0.016,200.0,-1080.7896105225202,264,0.21212121212121213,200.0,-788.5681576268942,1000,0.004,200.0,-1153.652366329095,1000,0.003,200.0,-1158.823496187559,12288,6129,384000000,621.5044021606445,ab16711
sfl_tilt_carry,1,983040,2000,0.0055,200.0,-797.48882711206,0.0,1000,0.013,200.0,-887.4681855222159,1000,0.007,200.0,-896.6498310466478,264,0.003787878787878788,200.0,-804.692342781604,1000,0.011,200.0,-1006.9670356481176,1000,0.011,200.0,-1015.0011552915009,12288,6129,384000000,621.5044021606445,ab16711
sfl_tilt_carry,1,1228800,2000,0.079,200.0,-768.3190374144194,0.0,1000,0.009,200.0,-945.1268521765289,1000,0.009,200.0,-946.2057485972924,264,0.0946969696969697,200.0,-759.454548549061,1000,0.002,200.0,-1052.8295916724467,1000,0.002,200.0,-1062.937554551931,12288,6129,384000000,621.5044021606445,ab16711
sfl_tilt_carry,1,1474560,2000,0.0,200.0,-1237.9175274971358,0.0,1000,0.0,200.0,-1044.0319766931373,1000,0.0,200.0,-1050.7949352327237,264,0.0,200.0,-1195.2923334036352,1000,0.0,200.0,-1015.4792210575606,1000,0.0,200.0,-1018.4609626747258,12288,6129,384000000,621.5044021606445,ab16711
sfl_tilt_carry,1,1720320,2000,0.395,200.0,-766.2603346356774,0.0,1000,0.047,200.0,-1131.8245438983743,1000,0.05,200.0,-1125.7664561568185,264,0.4053030303030303,200.0,-755.2983569228767,1000,0.021,200.0,-1202.620699120074,1000,0.017,200.0,-1210.0099751827545,12288,6129,384000000,621.5044021606445,ab16711
sfl_tilt_carry,1,1966080,2000,0.4755,200.0,-640.0123231796957,0.0,1000,0.138,200.0,-963.7748882066777,1000,0.152,200.0,-947.9217306568231,264,0.48863636363636365,200.0,-626.432839228864,1000,0.066,200.0,-1093.538978725598,1000,0.06,200.0,-1100.2136617478554,12288,6129,384000000,621.5044021606445,ab16711
sfl_tilt_carry,1,2211840,2000,0.5335,200.0,-565.3895364021473,0.0,1000,0.195,200.0,-881.2014717016363,1000,0.2,200.0,-875.817348657456,264,0.5454545454545454,200.0,-556.051360983163,1000,0.058,200.0,-1079.3991647103448,1000,0.063,200.0,-1077.6793969185558,12288,6129,384000000,621.5044021606445,ab16711
sfl_tilt_carry,1,2457600,2000,0.523,200.0,-575.532742680273,0.0,1000,0.174,200.0,-900.5683265515676,1000,0.182,200.0,-893.7006487253598,264,0.5265151515151515,200.0,-571.123070711005,1000,0.042,200.0,-1096.8332253799865,1000,0.047,200.0,-1095.1493503385684,12288,6129,384000000,621.5044021606445,ab16711
sfl_tilt_soft,1,0,2000,0.0,200.0,-1298.8141337269963,0.0,1000,0.0,200.0,-1185.6589053301643,1000,0.0,200.0,-1194.1858000139093,264,0.0,200.0,-1302.0604243391426,1000,0.0,200.0,-1211.2946798629096,1000,0.0,200.0,-1210.7552990749366,12288,4888,384000000,622.4236450195312,ab16711
sfl_tilt_soft,1,245760,2000,0.014,200.0,-857.0071734133417,0.0,1000,0.0,200.0,-859.0174500950928,1000,0.004,200.0,-865.3522104951393,264,0.015151515151515152,200.0,-865.6751675101241,1000,0.0,200.0,-981.3917701430403,1000,0.001,200.0,-979.1951279738499,12288,4888,384000000,622.4236450195312,ab16711
sfl_tilt_soft,1,491520,2000,0.0,200.0,-1148.6508130331094,0.0,1000,0.0,200.0,-995.3206468744779,1000,0.0,200.0,-995.172008368795,264,0.0,200.0,-1136.6606829315695,1000,0.0,200.0,-1023.2829894312748,1000,0.0,200.0,-1027.9039405282908,12288,4888,384000000,622.4236450195312,ab16711
sfl_tilt_soft,1,737280,2000,0.3205,200.0,-753.8604955232153,0.0,1000,0.018,200.0,-1046.1982328809806,1000,0.022,200.0,-1045.6008757221123,264,0.3181818181818182,200.0,-753.8039221936232,1000,0.012,200.0,-1119.0330932543513,1000,0.014,200.0,-1124.1766680007786,12288,4888,384000000,622.4236450195312,ab16711
sfl_tilt_soft,1,983040,2000,0.3775,200.0,-779.8413802765948,0.0,1000,0.024,200.0,-1143.351050034245,1000,0.034,200.0,-1130.9449285994322,264,0.4053030303030303,200.0,-753.0491776249294,1000,0.014,200.0,-1196.2318544853501,1000,0.02,200.0,-1197.8171448946957,12288,4888,384000000,622.4236450195312,ab16711
sfl_tilt_soft,1,1228800,2000,0.387,200.0,-752.1759405230193,0.0,1000,0.035,200.0,-1109.3487193554324,1000,0.039,200.0,-1102.0237500104638,264,0.4128787878787879,200.0,-729.6097847843776,1000,0.024,200.0,-1164.5716954692016,1000,0.029,200.0,-1166.454076303779,12288,4888,384000000,622.4236450195312,ab16711
sfl_tilt_soft,1,1474560,2000,0.467,200.0,-640.1835933523256,0.0,1000,0.103,200.0,-994.7042618095098,1000,0.116,200.0,-982.0157280502906,264,0.49242424242424243,200.0,-623.6544716060596,1000,0.071,200.0,-1075.7804717759152,1000,0.071,200.0,-1083.730221862595,12288,4888,384000000,622.4236450195312,ab16711
sfl_tilt_soft,1,1720320,2000,0.4805,200.0,-590.5643225901184,0.0,1000,0.118,200.0,-937.4080916078177,1000,0.113,200.0,-937.3938964663907,264,0.4962121212121212,200.0,-574.494006831186,1000,0.065,200.0,-1044.4854437255367,1000,0.047,200.0,-1064.5920715843793,12288,4888,384000000,622.4236450195312,ab16711
sfl_tilt_soft,1,1966080,2000,0.509,200.0,-574.8988867456783,0.0,1000,0.139,200.0,-932.0470437963362,1000,0.148,200.0,-925.2564059077017,264,0.5378787878787878,200.0,-553.8497895278941,1000,0.085,200.0,-1035.855162898787,1000,0.07,200.0,-1054.8557651833376,12288,4888,384000000,622.4236450195312,ab16711
sfl_tilt_soft,1,2211840,2000,0.5405,200.0,-486.73425596477125,0.0,1000,0.19,200.0,-811.4551793215703,1000,0.189,200.0,-814.9237418092808,264,0.571969696969697,200.0,-474.7868791193474,1000,0.085,200.0,-969.5009291605347,1000,0.096,200.0,-970.3584566231207,12288,4888,384000000,622.4236450195312,ab16711
sfl_tilt_soft,1,2457600,2000,0.546,200.0,-503.7154846912133,0.0,1000,0.19,200.0,-825.7376048919933,1000,0.207,200.0,-816.2926340614963,264,0.5606060606060606,200.0,-492.5467462082353,1000,0.086,200.0,-980.7312589571317,1000,0.087,200.0,-986.652721901338,12288,4888,384000000,622.4236450195312,ab16711
sfl_tilt_amort,1,0,2000,0.0,200.0,-1547.9691170259964,0.0,1000,0.0,200.0,-1367.2889742779334,1000,0.0,200.0,-1361.2246369506151,264,0.0,200.0,-1526.6443412940298,1000,0.0,200.0,-1275.3668682964642,1000,0.0,200.0,-1281.9014844254689,12288,6136,384000000,637.960126876831,ab16711
sfl_tilt_amort,1,245760,2000,0.2535,200.0,-932.9291977714162,0.0,1000,0.006,200.0,-1200.391583699689,1000,0.009,200.0,-1197.623258424808,264,0.2537878787878788,200.0,-931.0606277145394,1000,0.005,200.0,-1227.7688040922922,1000,0.008,200.0,-1229.8972265514608,12288,6136,384000000,637.960126876831,ab16711
sfl_tilt_amort,1,491520,2000,0.2245,200.0,-749.6135895437777,0.0,1000,0.007,200.0,-970.7926757448538,1000,0.015,200.0,-966.7777474262724,264,0.23484848484848486,200.0,-736.6251704742708,1000,0.006,200.0,-1057.0662481063462,1000,0.006,200.0,-1063.5388475524817,12288,6136,384000000,637.960126876831,ab16711
sfl_tilt_amort,1,737280,2000,0.3775,200.0,-855.0057651510649,0.0,1000,0.014,200.0,-1277.3104979672357,1000,0.024,200.0,-1262.790438204102,264,0.4015151515151515,200.0,-826.5288710282804,1000,0.012,200.0,-1316.4385915745986,1000,0.014,200.0,-1321.1705223288366,12288,6136,384000000,637.960126876831,ab16711
sfl_tilt_amort,1,983040,2000,0.378,200.0,-812.8860705424912,0.0,1000,0.015,200.0,-1198.3715618325714,1000,0.029,200.0,-1181.9278554594011,264,0.3977272727272727,200.0,-792.7712585552815,1000,0.011,200.0,-1242.1296664413862,1000,0.013,200.0,-1246.1853806115357,12288,6136,384000000,637.960126876831,ab16711
sfl_tilt_amort,1,1228800,2000,0.3985,200.0,-733.0515374253788,0.0,1000,0.039,200.0,-1090.5887660376923,1000,0.045,200.0,-1083.534756338638,264,0.4356060606060606,200.0,-700.8088930783181,1000,0.025,200.0,-1151.5796092278542,1000,0.033,200.0,-1150.874722974977,12288,6136,384000000,637.960126876831,ab16711
sfl_tilt_amort,1,1474560,2000,0.447,200.0,-667.2271827513581,0.0,1000,0.079,200.0,-1017.2678220727539,1000,0.087,200.0,-1008.0244906896346,264,0.48484848484848486,200.0,-634.7596472152956,1000,0.06,200.0,-1091.0703881159877,1000,0.068,200.0,-1090.4833023299127,12288,6136,384000000,637.960126876831,ab16711
sfl_tilt_amort,1,1720320,2000,0.499,200.0,-598.0663238843961,0.0,1000,0.155,200.0,-931.5760938609325,1000,0.163,200.0,-919.2475679896446,264,0.5378787878787878,200.0,-567.7378025378326,1000,0.112,200.0,-1027.2339077076447,1000,0.106,200.0,-1040.3336443988767,12288,6136,384000000,637.960126876831,ab16711
sfl_tilt_amort,1,1966080,2000,0.5285,200.0,-589.6297982760773,0.0,1000,0.176,200.0,-942.2869374211485,1000,0.183,200.0,-931.7274688050177,264,0.5606060606060606,200.0,-559.2860123775215,1000,0.129,200.0,-1035.8840979226331,1000,0.119,200.0,-1050.5448854386946,12288,6136,384000000,637.960126876831,ab16711
sfl_tilt_amort,1,2211840,2000,0.499,200.0,-587.8770678814616,0.0,1000,0.127,200.0,-938.3729941782435,1000,0.124,200.0,-938.7163088941129,264,0.5227272727272727,200.0,-572.1587935682343,1000,0.074,200.0,-1049.1146537987752,1000,0.068,200.0,-1058.93682232652,12288,6136,384000000,637.960126876831,ab16711
sfl_tilt_amort,1,2457600,2000,0.43,200.0,-632.9564525815441,0.0,1000,0.052,200.0,-981.0197352441314,1000,0.054,200.0,-978.9924391711459,264,0.4659090909090909,200.0,-602.5921730135445,1000,0.041,200.0,-1068.0342397164143,1000,0.023,200.0,-1089.285962147639,12288,6136,384000000,637.960126876831,ab16711
sfl_bisect,1,0,2000,0.0,200.0,-1317.2136364459561,0.0,1000,0.0,200.0,-1287.6885243770316,1000,0.0,200.0,-1291.9451013687528,264,0.0,200.0,-1310.4433287430898,1000,0.0,200.0,-1282.9632833103683,1000,0.0,200.0,-1287.842179474403,12288,6091,412800000,662.0529499053955,ab16711
sfl_bisect,1,245760,2000,0.0,200.0,-866.1400973745382,0.0,1000,0.0,200.0,-949.2585396926122,1000,0.001,200.0,-952.2882758210364,264,0.0,200.0,-858.3826176240342,1000,0.0,200.0,-1039.3128916918981,1000,0.0,200.0,-1042.0032990414068,12288,6091,412800000,662.0529499053955,ab16711
sfl_bisect,1,491520,2000,0.0,200.0,-900.0865920631014,0.0,1000,0.0,200.0,-1024.9798726119684,1000,0.0,200.0,-1023.3841946099436,264,0.0,200.0,-882.9108802790776,1000,0.0,200.0,-1100.6727190927938,1000,0.0,200.0,-1107.5862051961049,12288,6091,412800000,662.0529499053955,ab16711
sfl_bisect,1,737280,2000,0.185,200.0,-855.9738941452351,0.0,1000,0.014,200.0,-1083.4384423629076,1000,0.019,200.0,-1080.3988269228676,264,0.19318181818181818,200.0,-834.4177076897098,1000,0.01,200.0,-1143.9274405766782,1000,0.009,200.0,-1149.6632259127723,12288,6091,412800000,662.0529499053955,ab16711
sfl_bisect,1,983040,2000,0.2695,200.0,-906.8652399930502,0.0,1000,0.011,200.0,-1184.4084907997023,1000,0.018,200.0,-1175.3014532734337,264,0.29545454545454547,200.0,-882.3526879736746,1000,0.008,200.0,-1226.5452429598108,1000,0.008,200.0,-1232.2891709437815,12288,6091,412800000,662.0529499053955,ab16711
sfl_bisect,1,1228800,2000,0.0,200.0,-920.8522067556924,0.0,1000,0.0,200.0,-950.2813699433945,1000,0.0,200.0,-955.6334564623088,264,0.0,200.0,-919.5205465298169,1000,0.0,200.0,-1039.8950610309319,1000,0.0,200.0,-1039.2210919139031,12288,6091,412800000,662.0529499053955,ab16711
sfl_bisect,1,1474560,2000,0.0,200.0,-1023.968166799629,0.0,1000,0.0,200.0,-930.956326523027,1000,0.0,200.0,-946.0685451887156,264,0.0,200.0,-1016.623942270211,1000,0.0,200.0,-989.4947139710572,1000,0.0,200.0,-992.5530423314254,12288,6091,412800000,662.0529499053955,ab16711
sfl_bisect,1,1720320,2000,0.0,200.0,-788.4510422043536,0.0,1000,0.0,200.0,-864.3761928435506,1000,0.0,200.0,-865.7556008521369,264,0.0,200.0,-781.3265306655287,1000,0.0,200.0,-967.6468346208829,1000,0.0,200.0,-974.4240712184198,12288,6091,412800000,662.0529499053955,ab16711
sfl_bisect,1,1966080,2000,0.0475,200.0,-1013.2516657003262,0.0,1000,0.004,200.0,-973.6249531537849,1000,0.001,200.0,-972.9613040499889,264,0.041666666666666664,200.0,-998.3493462399541,1000,0.0,200.0,-1009.8897143592952,1000,0.0,200.0,-1018.9824806339042,12288,6091,412800000,662.0529499053955,ab16711
sfl_bisect,1,2211840,2000,0.459,200.0,-613.4272145520597,0.0,1000,0.134,200.0,-914.7228272155799,1000,0.148,200.0,-903.415407719774,264,0.4621212121212121,200.0,-603.4400848447223,1000,0.065,200.0,-1053.9105908039037,1000,0.061,200.0,-1059.6012886007754,12288,6091,412800000,662.0529499053955,ab16711
sfl_bisect,1,2457600,2000,0.536,200.0,-550.0792605719123,0.02,1000,0.2,200.0,-834.3532773386491,1000,0.172,200.0,-866.3922152625839,264,0.553030303030303,200.0,-518.2996285965772,1000,0.102,200.0,-961.3663848045777,1000,0.104,200.0,-962.5304129343123,12288,6091,412800000,662.0529499053955,ab16711
sfl_tilt_verify,1,0,2000,0.0,200.0,-1524.3896774619254,0.0,1000,0.0,200.0,-1337.6906809223037,1000,0.0,200.0,-1335.3074076709365,264,0.0,200.0,-1504.4892058776927,1000,0.0,200.0,-1259.102550173292,1000,0.0,200.0,-1265.9668325391124,12288,6074,614400000,912.2560257911682,ab16711
sfl_tilt_verify,1,245760,2000,0.0035,200.0,-1114.5391593915317,0.0,1000,0.001,200.0,-983.7540090603928,1000,0.001,200.0,-989.7932359937264,264,0.007575757575757576,200.0,-1115.8766284293852,1000,0.0,200.0,-1088.4375316062205,1000,0.001,200.0,-1087.2569674794265,12288,6074,614400000,912.2560257911682,ab16711
sfl_tilt_verify,1,491520,2000,0.329,200.0,-835.7808990661947,0.0,1000,0.04,200.0,-1147.3205827796057,1000,0.04,200.0,-1143.9951447626315,264,0.3181818181818182,200.0,-841.130745874351,1000,0.014,200.0,-1210.6440748271914,1000,0.015,200.0,-1213.0649780151912,12288,6074,614400000,912.2560257911682,ab16711
sfl_tilt_verify,1,737280,2000,0.0,200.0,-787.7823614285815,0.0,1000,0.0,200.0,-886.046290151898,1000,0.0,200.0,-888.1243560214779,264,0.0,200.0,-787.230646052905,1000,0.0,200.0,-1001.9042321491032,1000,0.0,200.0,-1008.9537675460382,12288,6074,614400000,912.2560257911682,ab16711
sfl_tilt_verify,1,983040,2000,0.0215,200.0,-822.1460267062914,0.0,1000,0.005,200.0,-947.0453665965722,1000,0.001,200.0,-950.7044453929344,264,0.03409090909090909,200.0,-810.016403305869,1000,0.002,200.0,-1054.929915708337,1000,0.002,200.0,-1058.2688638858972,12288,6074,614400000,912.2560257911682,ab16711
sfl_tilt_verify,1,1228800,2000,0.3,200.0,-623.7210465866063,0.0,1000,0.036,200.0,-863.3565708426437,1000,0.044,200.0,-865.0382154738235,264,0.3181818181818182,200.0,-616.7769464862976,1000,0.016,200.0,-967.1259096255019,1000,0.011,200.0,-974.3885138672032,12288,6074,614400000,912.2560257911682,ab16711
sfl_tilt_verify,1,1474560,2000,0.588,200.0,-447.27432707788665,0.0,1000,0.304,200.0,-705.6494176800637,1000,0.317,200.0,-702.7899397100451,264,0.5681818181818182,200.0,-457.91310582015075,1000,0.166,200.0,-907.7441711394638,1000,0.16,200.0,-911.8344159802625,12288,6074,614400000,912.2560257911682,ab16711
sfl_tilt_verify,1,1720320,2000,0.7935,200.0,-275.8406133549313,0.22,1000,0.457,200.0,-543.1856036754353,1000,0.471,200.0,-542.4518327923438,264,0.8295454545454546,200.0,-260.74908830908436,1000,0.173,200.0,-823.0004308930694,1000,0.172,200.0,-830.0146054442548,12288,6074,614400000,912.2560257911682,ab16711
sfl_tilt_verify,1,1966080,2000,0.783,200.0,-299.6011922757665,0.265,1000,0.517,200.0,-546.0522412278918,1000,0.547,200.0,-529.521848847649,264,0.8068181818181818,200.0,-293.81845314648854,1000,0.264,200.0,-782.5578863148819,1000,0.25,200.0,-797.0609776410071,12288,6074,614400000,912.2560257911682,ab16711
sfl_tilt_verify,1,2211840,2000,0.924,200.0,-198.45265254851813,0.555,1000,0.769,200.0,-384.2209922449103,1000,0.769,200.0,-392.8669291414009,264,0.9318181818181818,200.0,-198.93253226248976,1000,0.397,200.0,-693.635324581581,1000,0.418,200.0,-690.927453897809,12288,6074,614400000,912.2560257911682,ab16711
sfl_tilt_verify,1,2457600,2000,0.8785,200.0,-225.16130805584956,0.45,1000,0.678,200.0,-434.1843921226017,1000,0.696,200.0,-427.3456595625969,264,0.8977272727272727,200.0,-222.38986216996634,1000,0.337,200.0,-720.7064281361427,1000,0.35,200.0,-722.0446890249984,12288,6074,614400000,912.2560257911682,ab16711
sfl_ghost,1,0,2000,0.0,200.0,-1411.4717035575459,0.0,1000,0.0,200.0,-1291.8439954069306,1000,0.0,200.0,-1281.2746046335837,264,0.0,200.0,-1396.81778260101,1000,0.0,200.0,-1191.370993037052,1000,0.0,200.0,-1200.0313163619214,12288,6107,766400000,1096.5781140327454,ab16711
sfl_ghost,1,245760,2000,0.0935,200.0,-787.9900452227598,0.0,1000,0.016,200.0,-866.6159114687352,1000,0.015,200.0,-877.816475967628,264,0.09848484848484848,200.0,-782.5923190384922,1000,0.004,200.0,-994.3172231629586,1000,0.003,200.0,-993.102845358401,12288,6107,766400000,1096.5781140327454,ab16711
sfl_ghost,1,491520,2000,0.047,200.0,-850.8222210468251,0.0,1000,0.008,200.0,-984.3305061779336,1000,0.005,200.0,-987.3408094936249,264,0.03409090909090909,200.0,-830.5334864241471,1000,0.003,200.0,-1059.7531190634925,1000,0.006,200.0,-1064.3047683969737,12288,6107,766400000,1096.5781140327454,ab16711
sfl_ghost,1,737280,2000,0.0055,200.0,-798.159350926363,0.0,1000,0.002,200.0,-960.8240756450186,1000,0.001,200.0,-963.8415622648317,264,0.022727272727272728,200.0,-778.6970776733442,1000,0.0,200.0,-1042.3942397639814,1000,0.002,200.0,-1049.2020828815223,12288,6107,766400000,1096.5781140327454,ab16711
sfl_ghost,1,983040,2000,0.371,200.0,-801.9932013837855,0.0,1000,0.015,200.0,-1171.0872505894247,1000,0.024,200.0,-1160.8788923470863,264,0.3977272727272727,200.0,-775.646593543131,1000,0.008,200.0,-1220.7591642790105,1000,0.013,200.0,-1222.7150277988583,12288,6107,766400000,1096.5781140327454,ab16711
sfl_ghost,1,1228800,2000,0.38,200.0,-784.502439820562,0.0,1000,0.027,200.0,-1153.0471084176108,1000,0.034,200.0,-1142.8258647322339,264,0.4053030303030303,200.0,-760.7430654347689,1000,0.018,200.0,-1203.678017474615,1000,0.02,200.0,-1206.83095113693,12288,6107,766400000,1096.5781140327454,ab16711
sfl_ghost,1,1474560,2000,0.4175,200.0,-724.6327472098976,0.0,1000,0.054,200.0,-1094.0456228570422,1000,0.057,200.0,-1090.9377354548615,264,0.4431818181818182,200.0,-704.194764116637,1000,0.039,200.0,-1151.6797575426417,1000,0.039,200.0,-1161.4264647637413,12288,6107,766400000,1096.5781140327454,ab16711
sfl_ghost,1,1720320,2000,0.4755,200.0,-658.3145092752839,0.0,1000,0.122,200.0,-1018.3925395559643,1000,0.116,200.0,-1021.9679295958525,264,0.49242424242424243,200.0,-640.8881778793435,1000,0.097,200.0,-1090.718688445061,1000,0.09,200.0,-1106.5746830642995,12288,6107,766400000,1096.5781140327454,ab16711
sfl_ghost,1,1966080,2000,0.5265,200.0,-601.3618886935095,0.0,1000,0.178,200.0,-958.9700269280781,1000,0.188,200.0,-947.985349400118,264,0.5492424242424242,200.0,-575.8336438683343,1000,0.159,200.0,-1034.295196736428,1000,0.144,200.0,-1053.6566995524233,12288,6107,766400000,1096.5781140327454,ab16711
sfl_ghost,1,2211840,2000,0.526,200.0,-576.4644210255351,0.0,1000,0.155,200.0,-942.0006516796911,1000,0.158,200.0,-939.346895973388,264,0.5568181818181818,200.0,-556.8472828125635,1000,0.094,200.0,-1048.9593917910763,1000,0.09,200.0,-1060.638428096195,12288,6107,766400000,1096.5781140327454,ab16711
sfl_ghost,1,2457600,2000,0.5555,200.0,-569.4150785096483,0.0,1000,0.211,200.0,-935.7460951320033,1000,0.226,200.0,-923.7579099281304,264,0.5681818181818182,200.0,-552.2501330675095,1000,0.194,200.0,-1013.5267676133288,1000,0.18,200.0,-1029.905474696469,12288,6107,766400000,1096.5781140327454,ab16711
sfl_tilt_sc,2,0,2000,0.0,200.0,-1450.0083472907447,0.0,1000,0.0,200.0,-1419.0578995804838,1000,0.0,200.0,-1420.0889580135658,264,0.0,200.0,-1440.0346989522159,1000,0.0,200.0,-1447.2648742138172,1000,0.0,200.0,-1452.6101924234297,12288,5127,384000000,617.2178649902344,ab16711
sfl_tilt_sc,2,245760,2000,0.0455,200.0,-906.0076906270103,0.0,1000,0.003,200.0,-932.5275457912022,1000,0.002,200.0,-941.5130187073953,264,0.041666666666666664,200.0,-907.8789869362644,1000,0.0,200.0,-1052.2272654555538,1000,0.0,200.0,-1054.6393502176372,12288,5127,384000000,617.2178649902344,ab16711
sfl_tilt_sc,2,491520,2000,0.2425,200.0,-720.8940076545659,0.0,1000,0.021,200.0,-937.5555322263423,1000,0.032,200.0,-926.0022568550569,264,0.2765151515151515,200.0,-704.9812387090044,1000,0.016,200.0,-1026.3818008012624,1000,0.009,200.0,-1037.4260106264767,12288,5127,384000000,617.2178649902344,ab16711
sfl_tilt_sc,2,737280,2000,0.3725,200.0,-859.3152249867588,0.0,1000,0.012,200.0,-1267.433040365962,1000,0.02,200.0,-1253.8319675603436,264,0.3939393939393939,200.0,-834.6003747813694,1000,0.011,200.0,-1304.028807012088,1000,0.009,200.0,-1310.2460307190581,12288,5127,384000000,617.2178649902344,ab16711
sfl_tilt_sc,2,983040,2000,0.38,200.0,-814.9398094673953,0.0,1000,0.022,200.0,-1203.855794209837,1000,0.035,200.0,-1188.307799808099,264,0.4090909090909091,200.0,-788.7496052551442,1000,0.016,200.0,-1247.6994772259043,1000,0.021,200.0,-1247.032723406565,12288,5127,384000000,617.2178649902344,ab16711
sfl_tilt_sc,2,1228800,2000,0.4025,200.0,-751.049886516039,0.0,1000,0.044,200.0,-1118.9371858207023,1000,0.049,200.0,-1112.8905779335494,264,0.4356060606060606,200.0,-721.8807574359662,1000,0.033,200.0,-1171.4359128635276,1000,0.034,200.0,-1179.1777868564718,12288,5127,384000000,617.2178649902344,ab16711
sfl_tilt_sc,2,1474560,2000,0.4955,200.0,-610.5777429271089,0.0,1000,0.15,200.0,-952.504392302955,1000,0.165,200.0,-940.9358718170945,264,0.5340909090909091,200.0,-576.8097298602244,1000,0.119,200.0,-1037.2848233215457,1000,0.104,200.0,-1055.5206435770504,12288,5127,384000000,617.2178649902344,ab16711
sfl_tilt_sc,2,1720320,2000,0.4955,200.0,-614.6939575603292,0.0,1000,0.135,200.0,-966.2499464204279,1000,0.159,200.0,-948.8366975702957,264,0.5454545454545454,200.0,-576.5771048221279,1000,0.098,200.0,-1054.9878524760277,1000,0.092,200.0,-1065.2149923158336,12288,5127,384000000,617.2178649902344,ab16711
sfl_tilt_sc,2,1966080,2000,0.5085,200.0,-628.8766356153909,0.0,1000,0.168,200.0,-976.9574955486712,1000,0.177,200.0,-966.2513582700586,264,0.5492424242424242,200.0,-588.0033936363458,1000,0.153,200.0,-1048.673225514145,1000,0.143,200.0,-1061.4325828580168,12288,5127,384000000,617.2178649902344,ab16711
sfl_tilt_sc,2,2211840,2000,0.456,200.0,-617.6847141180201,0.0,1000,0.076,200.0,-991.1392136593732,1000,0.064,200.0,-997.560335987873,264,0.48863636363636365,200.0,-599.5565413705172,1000,0.048,200.0,-1081.9876038589077,1000,0.031,200.0,-1100.7655966824236,12288,5127,384000000,617.2178649902344,ab16711
sfl_tilt_sc,2,2457600,2000,0.55,200.0,-583.9498510212176,0.0,1000,0.204,200.0,-950.4921483618269,1000,0.214,200.0,-941.781207673686,264,0.5681818181818182,200.0,-561.22711712285,1000,0.19,200.0,-1024.15780715945,1000,0.179,200.0,-1040.2747727714143,12288,5127,384000000,617.2178649902344,ab16711
sfl_spread,2,0,2000,0.002,200.0,-1245.6682045314028,0.0,1000,0.0,200.0,-1307.1205642164261,1000,0.0,200.0,-1305.2307694029007,264,0.0,200.0,-1221.6998205840773,1000,0.0,200.0,-1328.1326869530901,1000,0.0,200.0,-1337.3869004313838,12288,6210,384000000,620.0036327838898,ab16711
sfl_spread,2,245760,2000,0.0495,200.0,-1329.265181444329,0.0,1000,0.013,200.0,-1187.9006260107885,1000,0.014,200.0,-1181.7002767974082,264,0.06060606060606061,200.0,-1304.0481495981915,1000,0.008,200.0,-1119.3396242898723,1000,0.008,200.0,-1125.729857964354,12288,6210,384000000,620.0036327838898,ab16711
sfl_spread,2,491520,2000,0.0,200.0,-1269.1139093949714,0.0,1000,0.0,200.0,-1106.9323041979533,1000,0.0,200.0,-1109.2922245861687,264,0.0,200.0,-1243.6559785930149,1000,0.0,200.0,-1046.6899848958342,1000,0.0,200.0,-1052.3345783058498,12288,6210,384000000,620.0036327838898,ab16711
sfl_spread,2,737280,2000,0.1335,200.0,-804.8957461228068,0.0,1000,0.01,200.0,-943.6985432044719,1000,0.013,200.0,-945.0543338707303,264,0.14393939393939395,200.0,-810.9398433875388,1000,0.007,200.0,-1034.3803971773766,1000,0.01,200.0,-1035.8190076571984,12288,6210,384000000,620.0036327838898,ab16711
sfl_spread,2,983040,2000,0.016,200.0,-810.3045782237297,0.0,1000,0.001,200.0,-912.1752660862135,1000,0.002,200.0,-909.8692601358161,264,0.030303030303030304,200.0,-791.6146244671488,1000,0.001,200.0,-1008.9973553760237,1000,0.001,200.0,-1019.0153267481994,12288,6210,384000000,620.0036327838898,ab16711
sfl_spread,2,1228800,2000,0.0035,200.0,-810.2672177823404,0.0,1000,0.0,200.0,-875.4174726987508,1000,0.0,200.0,-881.3957922521278,264,0.003787878787878788,200.0,-807.7013990473497,1000,0.0,200.0,-994.4150109491127,1000,0.001,200.0,-998.8432687538028,12288,6210,384000000,620.0036327838898,ab16711
sfl_spread,2,1474560,2000,0.3715,200.0,-667.2890648231108,0.0,1000,0.028,200.0,-982.3123659684479,1000,0.027,200.0,-987.0696420796902,264,0.38257575757575757,200.0,-653.7351671785584,1000,0.018,200.0,-1064.7849786186428,1000,0.017,200.0,-1067.6774715574147,12288,6210,384000000,620.0036327838898,ab16711
sfl_spread,2,1720320,2000,0.373,200.0,-816.8766536471029,0.0,1000,0.013,200.0,-1191.99568791418,1000,0.021,200.0,-1180.43812728881,264,0.3977272727272727,200.0,-791.545051014248,1000,0.009,200.0,-1240.5993678061916,1000,0.009,200.0,-1247.325237241275,12288,6210,384000000,620.0036327838898,ab16711
sfl_spread,2,1966080,2000,0.38,200.0,-705.2837028826191,0.0,1000,0.024,200.0,-1031.1407555012433,1000,0.037,200.0,-1020.131576579017,264,0.4090909090909091,200.0,-681.49991865023,1000,0.021,200.0,-1103.803370166781,1000,0.034,200.0,-1098.7966549297455,12288,6210,384000000,620.0036327838898,ab16711
sfl_spread,2,2211840,2000,0.4665,200.0,-569.4575541376619,0.0,1000,0.102,200.0,-869.8344195881075,1000,0.097,200.0,-881.7328321886691,264,0.44696969696969696,200.0,-567.7199069301963,1000,0.028,200.0,-1035.5293956591167,1000,0.032,200.0,-1035.9220441740733,12288,6210,384000000,620.0036327838898,ab16711
sfl_spread,2,2457600,2000,0.4985,200.0,-580.7737761364996,0.0,1000,0.123,200.0,-893.315511923264,1000,0.123,200.0,-900.5388249977559,264,0.48484848484848486,200.0,-567.8307267082033,1000,0.031,200.0,-1050.8811686605857,1000,0.034,200.0,-1054.198998976806,12288,6210,384000000,620.0036327838898,ab16711
sfl_tilt,2,0,2000,0.0,200.0,-1452.955034113893,0.0,1000,0.0,200.0,-1309.3752024504956,1000,0.0,200.0,-1308.7100618829684,264,0.0,200.0,-1412.9339814797863,1000,0.0,200.0,-1222.259606598824,1000,0.0,200.0,-1225.2766870724047,12288,6094,384000000,618.2013821601868,ab16711
sfl_tilt,2,245760,2000,0.0,200.0,-1162.3619924184957,0.0,1000,0.0,200.0,-1044.2055756533443,1000,0.0,200.0,-1052.24212781487,264,0.0,200.0,-1147.048620391574,1000,0.0,200.0,-1048.5878740406647,1000,0.0,200.0,-1047.7225799165872,12288,6094,384000000,618.2013821601868,ab16711
sfl_tilt,2,491520,2000,0.0,200.0,-854.7197339536208,0.0,1000,0.0,200.0,-917.6432694096172,1000,0.0,200.0,-923.5523398775169,264,0.0,200.0,-861.7424848055191,1000,0.0,200.0,-1010.2000212313544,1000,0.0,200.0,-1016.2495034451276,12288,6094,384000000,618.2013821601868,ab16711
sfl_tilt,2,737280,2000,0.24,200.0,-718.6325473132806,0.0,1000,0.017,200.0,-981.1533194313771,1000,0.024,200.0,-983.8677374815228,264,0.2689393939393939,200.0,-718.6716245667624,1000,0.009,200.0,-1057.7386498581202,1000,0.009,200.0,-1061.5176070443442,12288,6094,384000000,618.2013821601868,ab16711
sfl_tilt,2,983040,2000,0.3995,200.0,-735.6703205638437,0.0,1000,0.064,200.0,-1068.650632672555,1000,0.07,200.0,-1063.5318338561335,264,0.4166666666666667,200.0,-723.8313577816675,1000,0.042,200.0,-1128.4852297505843,1000,0.047,200.0,-1129.9919102652489,12288,6094,384000000,618.2013821601868,ab16711
sfl_tilt,2,1228800,2000,0.387,200.0,-640.5155554806194,0.0,1000,0.107,200.0,-902.5987496625002,1000,0.137,200.0,-883.5394391727745,264,0.4318181818181818,200.0,-608.5143280300273,1000,0.067,200.0,-1001.3661144114418,1000,0.054,200.0,-1015.3524885778853,12288,6094,384000000,618.2013821601868,ab16711
sfl_tilt,2,1474560,2000,0.505,200.0,-601.4891982977862,0.0,1000,0.143,200.0,-945.8737792350722,1000,0.163,200.0,-928.899899194783,264,0.5340909090909091,200.0,-573.934471701928,1000,0.115,200.0,-1027.9228560527315,1000,0.112,200.0,-1037.930814346844,12288,6094,384000000,618.2013821601868,ab16711
sfl_tilt,2,1720320,2000,0.5455,200.0,-560.5833466126127,0.0,1000,0.175,200.0,-912.0585050935051,1000,0.2,200.0,-899.44205039131,264,0.5606060606060606,200.0,-545.3136706301419,1000,0.127,200.0,-1014.3100953443355,1000,0.119,200.0,-1025.8140468914128,12288,6094,384000000,618.2013821601868,ab16711
sfl_tilt,2,1966080,2000,0.5515,200.0,-491.8104711475039,0.0,1000,0.198,200.0,-814.5361253755501,1000,0.194,200.0,-818.5874008686512,264,0.6022727272727273,200.0,-457.33562731419914,1000,0.121,200.0,-969.8120101408763,1000,0.089,200.0,-991.987141990486,12288,6094,384000000,618.2013821601868,ab16711
sfl_tilt,2,2211840,2000,0.7815,200.0,-322.00766653117023,0.305,1000,0.487,200.0,-587.6278781880994,1000,0.513,200.0,-583.4530117650268,264,0.7803030303030303,200.0,-304.5162171201404,1000,0.201,200.0,-858.2910931738302,1000,0.203,200.0,-860.6412854302903,12288,6094,384000000,618.2013821601868,ab16711
sfl_tilt,2,2457600,2000,0.8425,200.0,-266.4978647956918,0.4,1000,0.62,200.0,-478.8756232449334,1000,0.634,200.0,-477.1967628306027,264,0.8522727272727273,200.0,-252.42828468276105,1000,0.313,200.0,-750.7508408953935,1000,0.321,200.0,-750.4007989491993,12288,6094,384000000,618.2013821601868,ab16711
sfl_tilt_soft,2,0,2000,0.0,200.0,-849.0249431395198,0.0,1000,0.0,200.0,-838.8412415273024,1000,0.0,200.0,-860.469425420872,264,0.0,200.0,-889.4411826592548,1000,0.0,200.0,-914.6161538948452,1000,0.0,200.0,-919.7775430929344,12288,4961,384000000,618.9137530326843,ab16711
sfl_tilt_soft,2,245760,2000,0.013,200.0,-898.3786758260429,0.0,1000,0.003,200.0,-937.2673388129696,1000,0.006,200.0,-942.9659876973648,264,0.022727272727272728,200.0,-880.8577964110718,1000,0.003,200.0,-1037.9426929918443,1000,0.001,200.0,-1043.5081490463365,12288,4961,384000000,618.9137530326843,ab16711
sfl_tilt_soft,2,491520,2000,0.1,200.0,-1021.7315676324641,0.0,1000,0.006,200.0,-1004.5422217601755,1000,0.002,200.0,-1014.623275524426,264,0.10984848484848485,200.0,-997.2124461754978,1000,0.002,200.0,-1017.5233159702279,1000,0.001,200.0,-1024.9878043839408,12288,4961,384000000,618.9137530326843,ab16711
sfl_tilt_soft,2,737280,2000,0.406,200.0,-758.0590772511622,0.0,1000,0.052,200.0,-1158.181802958071,1000,0.057,200.0,-1154.1042987474325,264,0.42045454545454547,200.0,-744.8240412031349,1000,0.041,200.0,-1207.1596385525727,1000,0.035,200.0,-1219.8371027134945,12288,4961,384000000,618.9137530326843,ab16711
sfl_tilt_soft,2,983040,2000,0.421,200.0,-730.0742806166298,0.0,1000,0.059,200.0,-1118.5081140721654,1000,0.063,200.0,-1116.162975969169,264,0.45454545454545453,200.0,-699.5184106790277,1000,0.045,200.0,-1173.064498135997,1000,0.034,200.0,-1190.1962900001342,12288,4961,384000000,618.9137530326843,ab16711
sfl_tilt_soft,2,1228800,2000,0.4855,200.0,-607.2801742116311,0.0,1000,0.13,200.0,-966.6302718605524,1000,0.141,200.0,-958.8976237102701,264,0.49242424242424243,200.0,-604.6866199628386,1000,0.1,200.0,-1049.7685316792904,1000,0.09,200.0,-1064.7982882317137,12288,4961,384000000,618.9137530326843,ab16711
sfl_tilt_soft,2,1474560,2000,0.4885,200.0,-583.6600360337075,0.0,1000,0.128,200.0,-940.1404136980989,1000,0.137,200.0,-933.6538805023165,264,0.5037878787878788,200.0,-571.8135706191568,1000,0.077,200.0,-1041.4173007549625,1000,0.07,200.0,-1054.9863008977104,12288,4961,384000000,618.9137530326843,ab16711
sfl_tilt_soft,2,1720320,2000,0.562,200.0,-487.5891908287345,0.0,1000,0.193,200.0,-835.5518364436114,1000,0.207,200.0,-830.9497211737603,264,0.5833333333333334,200.0,-480.488070987687,1000,0.088,200.0,-984.6954303871563,1000,0.099,200.0,-986.7269277260872,12288,4961,384000000,618.9137530326843,ab16711
sfl_tilt_soft,2,1966080,2000,0.5925,200.0,-488.2724625703172,0.0,1000,0.248,200.0,-841.2896105684298,1000,0.247,200.0,-845.0075813848088,264,0.6022727272727273,200.0,-479.27314643192625,1000,0.169,200.0,-973.586324953781,1000,0.177,200.0,-975.8035270236604,12288,4961,384000000,618.9137530326843,ab16711
sfl_tilt_soft,2,2211840,2000,0.6315,200.0,-446.7590910523649,0.005,1000,0.277,200.0,-802.7040615337933,1000,0.277,200.0,-805.3827730806607,264,0.6174242424242424,200.0,-456.50555847092346,1000,0.206,200.0,-936.9175633972428,1000,0.204,200.0,-944.8870762817758,12288,4961,384000000,618.9137530326843,ab16711
sfl_tilt_soft,2,2457600,2000,0.6285,200.0,-434.02326679924386,0.045,1000,0.254,200.0,-775.97871304301,1000,0.267,200.0,-768.9876211976921,264,0.6136363636363636,200.0,-439.206668544247,1000,0.082,200.0,-988.3134188849533,1000,0.093,200.0,-986.5806280539828,12288,4961,384000000,618.9137530326843,ab16711
sfl_halving,1,0,2000,0.0,200.0,-1630.374947655614,0.0,1000,0.0,200.0,-1517.0609615092264,1000,0.0,200.0,-1520.26141762966,264,0.0,200.0,-1609.832861175884,1000,0.0,200.0,-1495.0910411137174,1000,0.0,200.0,-1503.9009389500613,12288,6138,960000000,1349.789069890976,ab16711
sfl_halving,1,245760,2000,0.015,200.0,-1173.1348199355828,0.0,1000,0.001,200.0,-1051.0430821546308,1000,0.001,200.0,-1040.1707733241462,264,0.003787878787878788,200.0,-1106.5691087332502,1000,0.0,200.0,-1036.7622601511637,1000,0.0,200.0,-1047.913753191934,12288,6138,960000000,1349.789069890976,ab16711
sfl_halving,1,491520,2000,0.0,200.0,-1110.2059440629225,0.0,1000,0.0,200.0,-952.2107692413578,1000,0.0,200.0,-961.3093774221318,264,0.0,200.0,-1108.4788143213702,1000,0.0,200.0,-988.9064027202515,1000,0.0,200.0,-995.8811879669528,12288,6138,960000000,1349.789069890976,ab16711
sfl_halving,1,737280,2000,0.37,200.0,-695.9255972961288,0.0,1000,0.026,200.0,-1021.5882168844938,1000,0.027,200.0,-1024.1612800732762,264,0.39015151515151514,200.0,-682.421937098722,1000,0.016,200.0,-1095.4967938702823,1000,0.015,200.0,-1102.8127032489836,12288,6138,960000000,1349.789069890976,ab16711
sfl_halving,1,983040,2000,0.432,200.0,-572.8336846778442,0.0,1000,0.129,200.0,-837.5746664701079,1000,0.145,200.0,-829.9365649743578,264,0.4696969696969697,200.0,-541.8980120424286,1000,0.075,200.0,-975.793026645315,1000,0.076,200.0,-978.7793147312971,12288,6138,960000000,1349.789069890976,ab16711
sfl_halving,1,1228800,2000,0.515,200.0,-524.7672930931242,0.0,1000,0.153,200.0,-827.3895582257289,1000,0.148,200.0,-838.3698474211914,264,0.5189393939393939,200.0,-512.7369354065731,1000,0.053,200.0,-1009.4655504598819,1000,0.07,200.0,-1003.230972348836,12288,6138,960000000,1349.789069890976,ab16711
sfl_halving,1,1474560,2000,0.5655,200.0,-529.4437881964585,0.0,1000,0.231,200.0,-811.0708155549542,1000,0.205,200.0,-836.2315466107865,264,0.6212121212121212,200.0,-478.1567926569333,1000,0.077,200.0,-1034.470193490193,1000,0.093,200.0,-1026.238152767099,12288,6138,960000000,1349.789069890976,ab16711
sfl_halving,1,1720320,2000,0.6025,200.0,-513.677414416683,0.1,1000,0.219,200.0,-853.1290688640564,1000,0.222,200.0,-859.9586587044682,264,0.6325757575757576,200.0,-472.1264593975613,1000,0.08,200.0,-1035.9231063713203,1000,0.098,200.0,-1032.3283177683977,12288,6138,960000000,1349.789069890976,ab16711
sfl_halving,1,1966080,2000,0.604,200.0,-506.8580649958561,0.115,1000,0.246,200.0,-837.661577117399,1000,0.233,200.0,-861.4658379053297,264,0.625,200.0,-484.2618673999268,1000,0.101,200.0,-1021.7843400727573,1000,0.111,200.0,-1020.2054749065966,12288,6138,960000000,1349.789069890976,ab16711
sfl_halving,1,2211840,2000,0.69,200.0,-404.52070446358425,0.145,1000,0.372,200.0,-696.0080398013171,1000,0.372,200.0,-696.1197485971928,264,0.7651515151515151,200.0,-356.1490133792032,1000,0.136,200.0,-968.9573793841857,1000,0.136,200.0,-967.1239670735321,12288,6138,960000000,1349.789069890976,ab16711
sfl_halving,1,2457600,2000,0.683,200.0,-412.2693377842151,0.165,1000,0.366,200.0,-702.0771124412279,1000,0.373,200.0,-701.8780168464596,264,0.7348484848484849,200.0,-367.0586816278702,1000,0.133,200.0,-962.0515986287934,1000,0.141,200.0,-960.6896099834296,12288,6138,960000000,1349.789069890976,ab16711
sfl_bisect,2,0,2000,0.0,200.0,-1524.4736185188347,0.0,1000,0.0,200.0,-1418.8096996472475,1000,0.0,200.0,-1417.5944245695393,264,0.0,200.0,-1511.2623916070502,1000,0.0,200.0,-1432.0757230906659,1000,0.0,200.0,-1440.564746432728,12288,6107,542400000,820.1404659748077,ab16711
sfl_bisect,2,245760,2000,0.0,200.0,-1076.3779787603817,0.0,1000,0.0,200.0,-955.6802981623008,1000,0.0,200.0,-951.673655922265,264,0.0,200.0,-1064.133846916313,1000,0.0,200.0,-1025.7139808428199,1000,0.0,200.0,-1030.068942954501,12288,6107,542400000,820.1404659748077,ab16711
sfl_bisect,2,491520,2000,0.02,200.0,-847.5760310234402,0.0,1000,0.002,200.0,-924.8322785952516,1000,0.001,200.0,-923.9710904509017,264,0.007575757575757576,200.0,-838.2208889275728,1000,0.001,200.0,-1027.107571810561,1000,0.002,200.0,-1034.6536019433115,12288,6107,542400000,820.1404659748077,ab16711
sfl_bisect,2,737280,2000,0.302,200.0,-736.8786790012049,0.0,1000,0.077,200.0,-949.636307876474,1000,0.07,200.0,-959.8995603451843,264,0.3560606060606061,200.0,-698.5230820071802,1000,0.036,200.0,-1052.5395808231226,1000,0.035,200.0,-1059.0370211328159,12288,6107,542400000,820.1404659748077,ab16711
sfl_bisect,2,983040,2000,0.164,200.0,-767.7509884401644,0.0,1000,0.012,200.0,-936.7601616998696,1000,0.013,200.0,-939.3431013230883,264,0.1553030303030303,200.0,-752.6859129231722,1000,0.002,200.0,-1033.4505930888095,1000,0.003,200.0,-1047.537672942279,12288,6107,542400000,820.1404659748077,ab16711
sfl_bisect,2,1228800,2000,0.4,200.0,-654.9449453158248,0.0,1000,0.113,200.0,-910.2124407581774,1000,0.123,200.0,-909.065597040957,264,0.4393939393939394,200.0,-622.7393043469407,1000,0.063,200.0,-1018.3248409490387,1000,0.061,200.0,-1024.8651184642906,12288,6107,542400000,820.1404659748077,ab16711
sfl_bisect,2,1474560,2000,0.494,200.0,-611.8504053014782,0.0,1000,0.157,200.0,-914.7991795128612,1000,0.16,200.0,-914.0535173050147,264,0.5227272727272727,200.0,-578.8651075311385,1000,0.106,200.0,-1033.053452274938,1000,0.107,200.0,-1031.2260827637783,12288,6107,542400000,820.1404659748077,ab16711
sfl_bisect,2,1720320,2000,0.542,200.0,-544.6239018336032,0.0,1000,0.207,200.0,-841.0014780549881,1000,0.203,200.0,-847.4169286187864,264,0.5909090909090909,200.0,-501.1919313134649,1000,0.104,200.0,-1015.6953832263032,1000,0.116,200.0,-1006.7643441940746,12288,6107,542400000,820.1404659748077,ab16711
sfl_bisect,2,1966080,2000,0.5205,200.0,-580.5848308533905,0.0,1000,0.191,200.0,-863.780035342589,1000,0.206,200.0,-858.1650178474896,264,0.5606060606060606,200.0,-532.6209240024493,1000,0.097,200.0,-1015.4316046610321,1000,0.095,200.0,-1012.554827302244,12288,6107,542400000,820.1404659748077,ab16711
sfl_bisect,2,2211840,2000,0.6485,200.0,-460.9060788627537,0.09,1000,0.381,200.0,-716.5068650721838,1000,0.343,200.0,-746.3203533578516,264,0.6742424242424242,200.0,-440.03548474928266,1000,0.172,200.0,-962.1979304678262,1000,0.177,200.0,-963.4112441609446,12288,6107,542400000,820.1404659748077,ab16711
sfl_bisect,2,2457600,2000,0.643,200.0,-471.61652345320033,0.11,1000,0.353,200.0,-738.834137185023,1000,0.342,200.0,-756.458015813781,264,0.6477272727272727,200.0,-455.0142490031737,1000,0.156,200.0,-972.3033860676372,1000,0.164,200.0,-972.9607846372747,12288,6107,542400000,820.1404659748077,ab16711
sfl_tilt_carry,2,0,2000,0.0,200.0,-1366.3492298388974,0.0,1000,0.0,200.0,-1180.3166012987165,1000,0.0,200.0,-1182.3571978131147,264,0.0,200.0,-1343.7512559316401,1000,0.0,200.0,-1131.0140937848066,1000,0.0,200.0,-1134.8050433728201,12288,6178,384000000,617.6952412128448,ab16711
sfl_tilt_carry,2,245760,2000,0.3295,200.0,-725.0620425393176,0.0,1000,0.016,200.0,-989.988112546003,1000,0.016,200.0,-1001.6751219389752,264,0.3484848484848485,200.0,-709.4965846835258,1000,0.011,200.0,-1091.7075537108747,1000,0.014,200.0,-1093.9469734144018,12288,6178,384000000,617.6952412128448,ab16711
sfl_tilt_carry,2,491520,2000,0.046,200.0,-1105.598643728279,0.0,1000,0.008,200.0,-1018.0181648770331,1000,0.004,200.0,-1033.3628989647216,264,0.04924242424242424,200.0,-1080.1456415806638,1000,0.002,200.0,-1034.3219564372503,1000,0.002,200.0,-1041.727106728854,12288,6178,384000000,617.6952412128448,ab16711
sfl_tilt_carry,2,737280,2000,0.3355,200.0,-678.3430196283674,0.0,1000,0.105,200.0,-876.4562154313517,1000,0.108,200.0,-879.426969562294,264,0.36742424242424243,200.0,-654.6112067487828,1000,0.079,200.0,-992.7756177282695,1000,0.071,200.0,-999.8792323548967,12288,6178,384000000,617.6952412128448,ab16711
sfl_tilt_carry,2,983040,2000,0.3895,200.0,-578.031087039074,0.0,1000,0.095,200.0,-832.3701643149816,1000,0.106,200.0,-836.9944281888816,264,0.4166666666666667,200.0,-559.1906269846459,1000,0.059,200.0,-966.5953074042671,1000,0.058,200.0,-970.8574166921893,12288,6178,384000000,617.6952412128448,ab16711
sfl_tilt_carry,2,1228800,2000,0.4935,200.0,-460.5929853994029,0.0,1000,0.118,200.0,-755.2310172830818,1000,0.126,200.0,-765.0253929974917,264,0.5037878787878788,200.0,-449.2154900609376,1000,0.026,200.0,-950.4729766839306,1000,0.027,200.0,-951.1415816014536,12288,6178,384000000,617.6952412128448,ab16711
sfl_tilt_carry,2,1474560,2000,0.6265,200.0,-400.30704590947647,0.05,1000,0.228,200.0,-714.1863224287397,1000,0.232,200.0,-714.5491240704782,264,0.6363636363636364,200.0,-390.1242864432405,1000,0.055,200.0,-949.671140235483,1000,0.058,200.0,-951.6043873305152,12288,6178,384000000,617.6952412128448,ab16711
sfl_tilt_carry,2,1720320,2000,0.793,200.0,-300.29207400219445,0.23,1000,0.476,200.0,-553.7104210826386,1000,0.477,200.0,-559.3398912583833,264,0.821969696969697,200.0,-272.79271428931304,1000,0.143,200.0,-864.6716572888147,1000,0.144,200.0,-855.6933689541272,12288,6178,384000000,617.6952412128448,ab16711
sfl_tilt_carry,2,1966080,2000,0.742,200.0,-339.41610066363205,0.195,1000,0.439,200.0,-595.8350401305278,1000,0.433,200.0,-614.1238061812936,264,0.7689393939393939,200.0,-319.1736039348658,1000,0.203,200.0,-831.2256758094572,1000,0.205,200.0,-828.8422521976843,12288,6178,384000000,617.6952412128448,ab16711
sfl_tilt_carry,2,2211840,2000,0.8395,200.0,-260.84041423677917,0.4,1000,0.586,200.0,-492.27174439771704,1000,0.556,200.0,-522.5520198822995,264,0.8446969696969697,200.0,-251.91811135872823,1000,0.264,200.0,-782.7575597942221,1000,0.24,200.0,-793.256500292877,12288,6178,384000000,617.6952412128448,ab16711
sfl_tilt_carry,2,2457600,2000,0.845,200.0,-251.55129244676252,0.4,1000,0.631,200.0,-466.8086245316864,1000,0.603,200.0,-496.7823373427485,264,0.875,200.0,-223.37556429652332,1000,0.323,200.0,-738.6735127877649,1000,0.342,200.0,-731.9972431778859,12288,6178,384000000,617.6952412128448,ab16711
sfl_ghost,2,0,2000,0.0,200.0,-1305.6676565698767,0.0,1000,0.0,200.0,-1126.9331121673463,1000,0.0,200.0,-1127.6266533332287,264,0.0,200.0,-1287.718287787823,1000,0.0,200.0,-1131.728961991107,1000,0.0,200.0,-1138.7962440683,12288,5986,766400000,1096.1590569019318,ab16711
sfl_ghost,2,245760,2000,0.0,200.0,-809.9693829126957,0.0,1000,0.0,200.0,-947.4015508164347,1000,0.0,200.0,-945.0943626127329,264,0.0,200.0,-794.822945641973,1000,0.0,200.0,-1034.038150588391,1000,0.0,200.0,-1041.4841913250048,12288,5986,766400000,1096.1590569019318,ab16711
sfl_ghost,2,491520,2000,0.0,200.0,-937.8014967242223,0.0,1000,0.0,200.0,-897.3955728738517,1000,0.0,200.0,-905.2520950645637,264,0.0,200.0,-955.8018369911516,1000,0.0,200.0,-991.854070672906,1000,0.0,200.0,-994.1783719370857,12288,5986,766400000,1096.1590569019318,ab16711
sfl_ghost,2,737280,2000,0.0865,200.0,-1068.86166248145,0.0,1000,0.0,200.0,-1014.1983803571445,1000,0.004,200.0,-1016.7600259971032,264,0.07196969696969698,200.0,-1069.0506507287614,1000,0.002,200.0,-1026.6325458242736,1000,0.0,200.0,-1036.2743931098234,12288,5986,766400000,1096.1590569019318,ab16711
sfl_ghost,2,983040,2000,0.2085,200.0,-789.3462046689305,0.0,1000,0.021,200.0,-921.9819830702033,1000,0.024,200.0,-922.5633073979747,264,0.23863636363636365,200.0,-740.3202113043332,1000,0.001,200.0,-1018.4828029469335,1000,0.004,200.0,-1023.6984671035653,12288,5986,766400000,1096.1590569019318,ab16711
sfl_ghost,2,1228800,2000,0.325,200.0,-660.1209202012803,0.0,1000,0.063,200.0,-878.3458146805946,1000,0.05,200.0,-906.0318391420245,264,0.32954545454545453,200.0,-639.3061375707412,1000,0.026,200.0,-1000.5396833159923,1000,0.033,200.0,-994.7180898369782,12288,5986,766400000,1096.1590569019318,ab16711
sfl_ghost,2,1474560,2000,0.3815,200.0,-741.657721198325,0.0,1000,0.039,200.0,-1075.7584495170493,1000,0.04,200.0,-1072.3208554528023,264,0.3977272727272727,200.0,-731.345547314857,1000,0.024,200.0,-1150.4254568905149,1000,0.02,200.0,-1157.059705938376,12288,5986,766400000,1096.1590569019318,ab16711
sfl_ghost,2,1720320,2000,0.3715,200.0,-719.7678220261773,0.0,1000,0.026,200.0,-1042.2067611107054,1000,0.031,200.0,-1033.4570940892072,264,0.39015151515151514,200.0,-703.9540968065377,1000,0.021,200.0,-1115.0981673969445,1000,0.015,200.0,-1123.9034437663788,12288,5986,766400000,1096.1590569019318,ab16711
sfl_ghost,2,1966080,2000,0.493,200.0,-556.440186548087,0.0,1000,0.159,200.0,-837.4192558906951,1000,0.175,200.0,-833.2934242462643,264,0.5037878787878788,200.0,-535.6564609290969,1000,0.071,200.0,-1015.9313000197517,1000,0.082,200.0,-1013.7696100176765,12288,5986,766400000,1096.1590569019318,ab16711
sfl_ghost,2,2211840,2000,0.471,200.0,-622.0157999357795,0.0,1000,0.086,200.0,-938.3545631819569,1000,0.087,200.0,-953.1834465963433,264,0.5075757575757576,200.0,-577.748584473628,1000,0.03,200.0,-1056.8398554002654,1000,0.027,200.0,-1066.5921062212299,12288,5986,766400000,1096.1590569019318,ab16711
sfl_ghost,2,2457600,2000,0.5655,200.0,-535.7042073536494,0.005,1000,0.21,200.0,-832.6455246363399,1000,0.179,200.0,-871.0350326317412,264,0.553030303030303,200.0,-528.8597696838918,1000,0.063,200.0,-1041.0377515676605,1000,0.078,200.0,-1042.450816236395,12288,5986,766400000,1096.1590569019318,ab16711
sfl_tilt_amort,2,0,2000,0.0,200.0,-1365.561276948377,0.0,1000,0.0,200.0,-1219.1749358637855,1000,0.0,200.0,-1231.862488721013,264,0.0,200.0,-1368.3790389179003,1000,0.001,200.0,-1263.957832048059,1000,0.0,200.0,-1272.1631553107388,12288,6137,384000000,632.3001508712769,ab16711
sfl_tilt_amort,2,245760,2000,0.0,200.0,-1182.3411369555806,0.0,1000,0.0,200.0,-1039.0310091301546,1000,0.0,200.0,-1042.0650780516182,264,0.0,200.0,-1167.9516349151006,1000,0.0,200.0,-1026.8022649258387,1000,0.0,200.0,-1030.8266853725718,12288,6137,384000000,632.3001508712769,ab16711
sfl_tilt_amort,2,491520,2000,0.3135,200.0,-791.0332114002293,0.0,1000,0.014,200.0,-1095.0376629920559,1000,0.019,200.0,-1088.7603874408865,264,0.3181818181818182,200.0,-782.0183056337755,1000,0.006,200.0,-1155.407989829008,1000,0.005,200.0,-1160.3263970476753,12288,6137,384000000,632.3001508712769,ab16711
sfl_tilt_amort,2,737280,2000,0.3735,200.0,-853.4337425964906,0.0,1000,0.016,200.0,-1264.7084905068727,1000,0.022,200.0,-1253.647521930505,264,0.39015151515151514,200.0,-829.4978977728692,1000,0.01,200.0,-1308.1352575114909,1000,0.01,200.0,-1311.4501420996808,12288,6137,384000000,632.3001508712769,ab16711
sfl_tilt_amort,2,983040,2000,0.377,200.0,-845.7803583533912,0.0,1000,0.016,200.0,-1249.2528918223063,1000,0.023,200.0,-1237.446675561172,264,0.3977272727272727,200.0,-817.2059666052977,1000,0.01,200.0,-1294.8631109113587,1000,0.01,200.0,-1299.0959630321763,12288,6137,384000000,632.3001508712769,ab16711
sfl_tilt_amort,2,1228800,2000,0.3775,200.0,-772.5496028578096,0.0,1000,0.028,200.0,-1124.85614778973,1000,0.037,200.0,-1114.1279369591114,264,0.39015151515151514,200.0,-761.110823567107,1000,0.012,200.0,-1188.8964940394858,1000,0.012,200.0,-1192.4754130451026,12288,6137,384000000,632.3001508712769,ab16711
sfl_tilt_amort,2,1474560,2000,0.379,200.0,-778.4815067985803,0.0,1000,0.031,200.0,-1133.0097054086855,1000,0.036,200.0,-1124.3840938949857,264,0.39015151515151514,200.0,-765.6055863668157,1000,0.013,200.0,-1195.9643999766872,1000,0.014,200.0,-1199.0707530462687,12288,6137,384000000,632.3001508712769,ab16711
sfl_tilt_amort,2,1720320,2000,0.441,200.0,-657.2413654783045,0.0,1000,0.124,200.0,-955.8640153162288,1000,0.133,200.0,-945.8890186256165,264,0.4583333333333333,200.0,-638.4417711991431,1000,0.059,200.0,-1084.0248158008774,1000,0.053,200.0,-1093.3436731182499,12288,6137,384000000,632.3001508712769,ab16711
sfl_tilt_amort,2,1966080,2000,0.379,200.0,-827.604996894056,0.0,1000,0.019,200.0,-1215.176647769466,1000,0.027,200.0,-1202.135699201435,264,0.4015151515151515,200.0,-798.8285045680084,1000,0.018,200.0,-1258.0882146105926,1000,0.014,200.0,-1266.675705631807,12288,6137,384000000,632.3001508712769,ab16711
sfl_tilt_amort,2,2211840,2000,0.4355,200.0,-622.873628789801,0.0,1000,0.097,200.0,-926.9767046230611,1000,0.099,200.0,-927.7074964983714,264,0.4621212121212121,200.0,-603.7052401704397,1000,0.025,200.0,-1084.438733648806,1000,0.027,200.0,-1083.8552915911787,12288,6137,384000000,632.3001508712769,ab16711
sfl_tilt_amort,2,2457600,2000,0.4475,200.0,-621.0847077147141,0.0,1000,0.083,200.0,-951.2346717029875,1000,0.089,200.0,-950.3502086757335,264,0.45454545454545453,200.0,-623.2188711072846,1000,0.033,200.0,-1083.4392261891214,1000,0.03,200.0,-1087.9207830762205,12288,6137,384000000,632.3001508712769,ab16711
sfl_spread,3,0,2000,0.0,200.0,-1341.5783708460629,0.0,1000,0.0,200.0,-1196.0235817309094,1000,0.0,200.0,-1180.7345367438256,264,0.0,200.0,-1326.8878238870036,1000,0.0,200.0,-1110.6878044183863,1000,0.0,200.0,-1116.8280555721308,12288,6099,384000000,619.5589628219604,ab16711
sfl_spread,3,245760,2000,0.0,200.0,-927.0286065988087,0.0,1000,0.0,200.0,-894.5521776781256,1000,0.0,200.0,-916.7293736908817,264,0.0,200.0,-941.3535748127254,1000,0.0,200.0,-1011.6251246977158,1000,0.0,200.0,-1013.6804367475528,12288,6099,384000000,619.5589628219604,ab16711
sfl_spread,3,491520,2000,0.1375,200.0,-790.072236146654,0.0,1000,0.005,200.0,-1030.882020815153,1000,0.006,200.0,-1033.0626514158143,264,0.1553030303030303,200.0,-794.9652476204267,1000,0.009,200.0,-1093.8485130597994,1000,0.005,200.0,-1101.014211859873,12288,6099,384000000,619.5589628219604,ab16711
sfl_spread,3,737280,2000,0.0375,200.0,-903.5542843442538,0.0,1000,0.007,200.0,-1054.1250387126654,1000,0.008,200.0,-1049.6207914291385,264,0.04924242424242424,200.0,-880.2630315761985,1000,0.012,200.0,-1108.6118542032275,1000,0.004,200.0,-1113.6533830666929,12288,6099,384000000,619.5589628219604,ab16711
sfl_spread,3,983040,2000,0.2335,200.0,-706.1244047872352,0.0,1000,0.029,200.0,-921.3180031222349,1000,0.041,200.0,-920.8093641714952,264,0.22727272727272727,200.0,-703.3404715922544,1000,0.014,200.0,-1024.9736159151562,1000,0.018,200.0,-1027.648058112825,12288,6099,384000000,619.5589628219604,ab16711
sfl_spread,3,1228800,2000,0.424,200.0,-619.614164892066,0.0,1000,0.077,200.0,-944.8850214215523,1000,0.079,200.0,-949.9736260826294,264,0.42424242424242425,200.0,-627.0356132756658,1000,0.054,200.0,-1027.309545646638,1000,0.05,200.0,-1039.5814768047949,12288,6099,384000000,619.5589628219604,ab16711
sfl_spread,3,1474560,2000,0.409,200.0,-677.1221014270453,0.0,1000,0.048,200.0,-1025.7350765878537,1000,0.057,200.0,-1022.5495227249844,264,0.4318181818181818,200.0,-661.2318839469284,1000,0.032,200.0,-1089.295857839151,1000,0.038,200.0,-1090.2809932682303,12288,6099,384000000,619.5589628219604,ab16711
sfl_spread,3,1720320,2000,0.8015,200.0,-281.34336574484337,0.16,1000,0.456,200.0,-547.6947538616242,1000,0.447,200.0,-552.3114038561918,264,0.7803030303030303,200.0,-282.3064892826721,1000,0.21,200.0,-807.7927534135817,1000,0.213,200.0,-803.5219944945468,12288,6099,384000000,619.5589628219604,ab16711
sfl_spread,3,1966080,2000,0.9325,200.0,-199.11225344052352,0.555,1000,0.717,200.0,-411.54596307432735,1000,0.734,200.0,-410.4591227244575,264,0.9053030303030303,200.0,-216.77562890413705,1000,0.37,200.0,-709.3664129754743,1000,0.393,200.0,-697.5272013617156,12288,6099,384000000,619.5589628219604,ab16711
sfl_spread,3,2211840,2000,0.948,200.0,-182.35921315913478,0.635,1000,0.785,200.0,-373.10458291143806,1000,0.799,200.0,-364.4690771092264,264,0.928030303030303,200.0,-201.16614045517323,1000,0.464,200.0,-646.1870912559652,1000,0.45,200.0,-649.2155263722349,12288,6099,384000000,619.5589628219604,ab16711
sfl_spread,3,2457600,2000,0.886,200.0,-219.00255644512532,0.475,1000,0.69,200.0,-424.05826462523896,1000,0.7,200.0,-423.3708442850346,264,0.8522727272727273,200.0,-237.12716219435654,1000,0.411,200.0,-666.3389089958199,1000,0.409,200.0,-663.2475776172569,12288,6099,384000000,619.5589628219604,ab16711
sfl_halving,2,0,2000,0.0,200.0,-1330.9669834123322,0.0,1000,0.0,200.0,-1148.7726255351213,1000,0.0,200.0,-1157.8328410108197,264,0.0,200.0,-1328.654806761535,1000,0.0,200.0,-1169.6839534811759,1000,0.0,200.0,-1172.568700780242,12288,6163,960000000,1340.0028262138367,ab16711
sfl_halving,2,245760,2000,0.0165,200.0,-1110.9026334075181,0.0,1000,0.002,200.0,-947.9053692488358,1000,0.009,200.0,-951.8860655911225,264,0.022727272727272728,200.0,-1107.0747189110225,1000,0.003,200.0,-1032.6581805840315,1000,0.003,200.0,-1036.0137052774937,12288,6163,960000000,1340.0028262138367,ab16711
sfl_halving,2,491520,2000,0.3195,200.0,-659.0020764886202,0.0,1000,0.055,200.0,-911.7702185583729,1000,0.076,200.0,-902.2354080530135,264,0.3333333333333333,200.0,-660.3061827807932,1000,0.031,200.0,-1023.9957347675646,1000,0.034,200.0,-1021.8228637454531,12288,6163,960000000,1340.0028262138367,ab16711
sfl_halving,2,737280,2000,0.027,200.0,-798.6598843404032,0.0,1000,0.0,200.0,-884.9883517975956,1000,0.001,200.0,-887.2466361655808,264,0.03787878787878788,200.0,-787.8715977859882,1000,0.001,200.0,-977.718236827733,1000,0.0,200.0,-983.0984674131586,12288,6163,960000000,1340.0028262138367,ab16711
sfl_halving,2,983040,2000,0.067,200.0,-764.8780434255924,0.0,1000,0.004,200.0,-858.3687856639693,1000,0.006,200.0,-861.7554789584084,264,0.07196969696969698,200.0,-743.2184268679442,1000,0.007,200.0,-979.5602989475645,1000,0.007,200.0,-985.7201882723534,12288,6163,960000000,1340.0028262138367,ab16711
sfl_halving,2,1228800,2000,0.162,200.0,-724.8561502478113,0.0,1000,0.024,200.0,-874.7654205582552,1000,0.02,200.0,-890.6267288535969,264,0.20454545454545456,200.0,-701.543381519876,1000,0.009,200.0,-985.0624735310475,1000,0.013,200.0,-987.9716882161157,12288,6163,960000000,1340.0028262138367,ab16711
sfl_halving,2,1474560,2000,0.3455,200.0,-673.6096127043236,0.0,1000,0.029,200.0,-971.3503891320363,1000,0.035,200.0,-973.000593397967,264,0.36742424242424243,200.0,-656.0626371635824,1000,0.014,200.0,-1070.2291310124524,1000,0.014,200.0,-1074.461958660581,12288,6163,960000000,1340.0028262138367,ab16711
sfl_halving,2,1720320,2000,0.422,200.0,-670.5862210371259,0.0,1000,0.089,200.0,-984.9700710373766,1000,0.102,200.0,-975.550180213068,264,0.42803030303030304,200.0,-667.9561140568364,1000,0.043,200.0,-1098.382477685856,1000,0.032,200.0,-1107.5739843497327,12288,6163,960000000,1340.0028262138367,ab16711
sfl_halving,2,1966080,2000,0.507,200.0,-590.1176867060973,0.0,1000,0.191,200.0,-890.7417713497186,1000,0.181,200.0,-896.9307323112901,264,0.5189393939393939,200.0,-580.3567141933879,1000,0.058,200.0,-1080.2524683077124,1000,0.059,200.0,-1083.708819941625,12288,6163,960000000,1340.0028262138367,ab16711
sfl_halving,2,2211840,2000,0.543,200.0,-570.329990406831,0.0,1000,0.22,200.0,-881.0010541530055,1000,0.232,200.0,-869.4938780345989,264,0.5492424242424242,200.0,-560.8761124671423,1000,0.075,200.0,-1080.8113901305073,1000,0.084,200.0,-1075.5738917266206,12288,6163,960000000,1340.0028262138367,ab16711
sfl_halving,2,2457600,2000,0.471,200.0,-598.5359648728545,0.0,1000,0.089,200.0,-945.8857975883243,1000,0.097,200.0,-943.872486629786,264,0.4621212121212121,200.0,-608.0085792310509,1000,0.038,200.0,-1082.0927422196025,1000,0.038,200.0,-1082.2587149963508,12288,6163,960000000,1340.0028262138367,ab16711
sfl_tilt_verify,2,0,2000,0.0165,200.0,-1478.5236702380723,0.0,1000,0.0,200.0,-1450.80483661203,1000,0.0,200.0,-1449.8032046451729,264,0.015151515151515152,200.0,-1475.5801316562772,1000,0.0,200.0,-1467.5544008214488,1000,0.0,200.0,-1472.5491132739267,12288,6066,614400000,908.9711029529572,ab16711
sfl_tilt_verify,2,245760,2000,0.022,200.0,-1028.6420255275084,0.0,1000,0.0,200.0,-1139.1441957387162,1000,0.0,200.0,-1134.6838964680373,264,0.015151515151515152,200.0,-998.7558102504631,1000,0.0,200.0,-1176.92405565844,1000,0.0,200.0,-1182.5304566344582,12288,6066,614400000,908.9711029529572,ab16711
sfl_tilt_verify,2,491520,2000,0.3555,200.0,-779.6539173295712,0.0,1000,0.012,200.0,-1136.1305780656714,1000,0.02,200.0,-1128.6477583565973,264,0.3712121212121212,200.0,-768.3990449147745,1000,0.009,200.0,-1179.3292614488973,1000,0.009,200.0,-1184.9301135151381,12288,6066,614400000,908.9711029529572,ab16711
sfl_tilt_verify,2,737280,2000,0.066,200.0,-775.0783949994021,0.0,1000,0.008,200.0,-889.5438743430915,1000,0.014,200.0,-893.4541095497327,264,0.056818181818181816,200.0,-785.7063905361576,1000,0.002,200.0,-1023.1600246990076,1000,0.003,200.0,-1022.4513991665935,12288,6066,614400000,908.9711029529572,ab16711
sfl_tilt_verify,2,983040,2000,0.324,200.0,-670.4279635017302,0.0,1000,0.024,200.0,-962.762104613093,1000,0.031,200.0,-964.6219635625943,264,0.3446969696969697,200.0,-659.3413979503345,1000,0.01,200.0,-1056.0593857283172,1000,0.017,200.0,-1054.564681148945,12288,6066,614400000,908.9711029529572,ab16711
sfl_tilt_verify,2,1228800,2000,0.3285,200.0,-692.9750062339842,0.0,1000,0.016,200.0,-989.7840785850386,1000,0.021,200.0,-990.3341930600237,264,0.3446969696969697,200.0,-684.6439443754977,1000,0.009,200.0,-1073.9193824119577,1000,0.01,200.0,-1076.805554306454,12288,6066,614400000,908.9711029529572,ab16711
sfl_tilt_verify,2,1474560,2000,0.3685,200.0,-792.4867641946342,0.0,1000,0.013,200.0,-1149.7033224839845,1000,0.021,200.0,-1141.7803288789069,264,0.39015151515151514,200.0,-772.5531710520827,1000,0.009,200.0,-1201.3095259859947,1000,0.009,200.0,-1205.6148110943138,12288,6066,614400000,908.9711029529572,ab16711
sfl_tilt_verify,2,1720320,2000,0.6095,200.0,-450.8405973353621,0.005,1000,0.282,200.0,-737.0154026980942,1000,0.275,200.0,-735.5361391378241,264,0.6174242424242424,200.0,-442.18322808071446,1000,0.123,200.0,-967.5569635750504,1000,0.121,200.0,-963.1226410799579,12288,6066,614400000,908.9711029529572,ab16711
sfl_tilt_verify,2,1966080,2000,0.7325,200.0,-374.73936223623934,0.115,1000,0.449,200.0,-616.925160298265,1000,0.415,200.0,-631.3851700558683,264,0.7121212121212122,200.0,-371.3685247068554,1000,0.123,200.0,-942.9754845301309,1000,0.154,200.0,-936.468044305468,12288,6066,614400000,908.9711029529572,ab16711
sfl_tilt_verify,2,2211840,2000,0.5845,200.0,-543.2069421261775,0.07,1000,0.275,200.0,-850.4484616094637,1000,0.241,200.0,-873.599019468026,264,0.5984848484848485,200.0,-523.0397631828082,1000,0.133,200.0,-1004.0366809704785,1000,0.128,200.0,-1009.2170655736945,12288,6066,614400000,908.9711029529572,ab16711
sfl_tilt_verify,2,2457600,2000,0.6525,200.0,-482.9937318026614,0.145,1000,0.398,200.0,-735.4989480585167,1000,0.42,200.0,-719.5084179822999,264,0.6893939393939394,200.0,-450.4303536614314,1000,0.184,200.0,-955.9430550024199,1000,0.2,200.0,-954.8062399737523,12288,6066,614400000,908.9711029529572,ab16711
sfl_tilt_sc,3,0,2000,0.0,200.0,-1006.6327235079633,0.0,1000,0.0,200.0,-1165.4850132505098,1000,0.0,200.0,-1168.1423620171943,264,0.0,200.0,-991.498014700463,1000,0.0,200.0,-1193.3926676442516,1000,0.0,200.0,-1200.586524969906,12288,4229,384000000,614.6181321144104,ab16711
sfl_tilt_sc,3,245760,2000,0.0,200.0,-953.5090835295138,0.0,1000,0.0,200.0,-933.7179017883235,1000,0.0,200.0,-943.761081208821,264,0.0,200.0,-954.4843452203517,1000,0.0,200.0,-1035.9730737804844,1000,0.0,200.0,-1040.861013343519,12288,4229,384000000,614.6181321144104,ab16711
sfl_tilt_sc,3,491520,2000,0.0,200.0,-1163.8789405600407,0.0,1000,0.0,200.0,-1066.8043822543561,1000,0.0,200.0,-1078.3760640755988,264,0.0,200.0,-1144.5564405245213,1000,0.0,200.0,-1049.2316601537395,1000,0.0,200.0,-1056.0693972484776,12288,4229,384000000,614.6181321144104,ab16711
sfl_tilt_sc,3,737280,2000,0.094,200.0,-822.9817388331902,0.0,1000,0.021,200.0,-947.731332289072,1000,0.017,200.0,-953.7343382509181,264,0.06439393939393939,200.0,-830.5771078812425,1000,0.003,200.0,-1053.8782342532038,1000,0.004,200.0,-1053.629681028267,12288,4229,384000000,614.6181321144104,ab16711
sfl_tilt_sc,3,983040,2000,0.343,200.0,-707.9431280668745,0.0,1000,0.088,200.0,-933.1542190890062,1000,0.096,200.0,-924.3135854308645,264,0.3522727272727273,200.0,-708.4933066581791,1000,0.03,200.0,-1061.2491862725014,1000,0.034,200.0,-1061.3523586418846,12288,4229,384000000,614.6181321144104,ab16711
sfl_tilt_sc,3,1228800,2000,0.393,200.0,-791.1030979840375,0.0,1000,0.042,200.0,-1174.3859501206632,1000,0.046,200.0,-1165.9286496182372,264,0.4090909090909091,200.0,-770.3032239650415,1000,0.029,200.0,-1229.107386187029,1000,0.024,200.0,-1235.547245524492,12288,4229,384000000,614.6181321144104,ab16711
sfl_tilt_sc,3,1474560,2000,0.3895,200.0,-777.9463328559722,0.0,1000,0.046,200.0,-1142.1360497124163,1000,0.051,200.0,-1134.4100793432465,264,0.4128787878787879,200.0,-754.3238886448306,1000,0.025,200.0,-1207.8243185205538,1000,0.022,200.0,-1213.3860952814175,12288,4229,384000000,614.6181321144104,ab16711
sfl_tilt_sc,3,1720320,2000,0.4055,200.0,-751.4068742531076,0.0,1000,0.055,200.0,-1112.932709030603,1000,0.064,200.0,-1103.3216798985345,264,0.42424242424242425,200.0,-732.1123053545472,1000,0.029,200.0,-1188.4268866061745,1000,0.027,200.0,-1192.5260856691664,12288,4229,384000000,614.6181321144104,ab16711
sfl_tilt_sc,3,1966080,2000,0.479,200.0,-628.3807419316421,0.0,1000,0.153,200.0,-944.234536199643,1000,0.161,200.0,-937.4943499860998,264,0.49242424242424243,200.0,-615.3869620873515,1000,0.059,200.0,-1096.5954867281416,1000,0.065,200.0,-1096.5813975281264,12288,4229,384000000,614.6181321144104,ab16711
sfl_tilt_sc,3,2211840,2000,0.453,200.0,-612.9207825461921,0.0,1000,0.108,200.0,-931.9941636938353,1000,0.107,200.0,-930.6673461532819,264,0.4810606060606061,200.0,-600.0416933620335,1000,0.031,200.0,-1089.7363198606301,1000,0.031,200.0,-1091.2993502407714,12288,4229,384000000,614.6181321144104,ab16711
sfl_tilt_sc,3,2457600,2000,0.5075,200.0,-583.3236589275007,0.0,1000,0.157,200.0,-910.3291333359863,1000,0.17,200.0,-899.9478535217539,264,0.5189393939393939,200.0,-571.7169930316574,1000,0.053,200.0,-1088.3685349326395,1000,0.061,200.0,-1080.5039386414285,12288,4229,384000000,614.6181321144104,ab16711
sfl_tilt,3,0,2000,0.0,200.0,-1243.0582366759854,0.0,1000,0.0,200.0,-1109.3438877684373,1000,0.0,200.0,-1110.3021128524554,264,0.0,200.0,-1241.6827778202837,1000,0.0,200.0,-1087.8042965182713,1000,0.0,200.0,-1092.7739525518496,12288,6198,384000000,617.1589529514313,ab16711
sfl_tilt,3,245760,2000,0.0,200.0,-1018.8110308484222,0.0,1000,0.0,200.0,-954.7820015787009,1000,0.0,200.0,-963.3984722675538,264,0.0,200.0,-987.285234670007,1000,0.0,200.0,-1041.683726220389,1000,0.0,200.0,-1044.1284402202239,12288,6198,384000000,617.1589529514313,ab16711
sfl_tilt,3,491520,2000,0.0415,200.0,-798.3995742144982,0.0,1000,0.003,200.0,-961.0771952829238,1000,0.003,200.0,-960.2280921376936,264,0.045454545454545456,200.0,-776.610466882389,1000,0.001,200.0,-1048.0190201427683,1000,0.0,200.0,-1053.4044623343639,12288,6198,384000000,617.1589529514313,ab16711
sfl_tilt,3,737280,2000,0.0,200.0,-922.2463036943647,0.0,1000,0.0,200.0,-913.64413492745,1000,0.0,200.0,-918.6912841429131,264,0.0,200.0,-898.0356554120426,1000,0.0,200.0,-1007.3219397509102,1000,0.0,200.0,-1014.7879656783545,12288,6198,384000000,617.1589529514313,ab16711
sfl_tilt,3,983040,2000,0.3225,200.0,-612.0656890838944,0.0,1000,0.047,200.0,-863.9563217805003,1000,0.049,200.0,-862.7388384719591,264,0.3712121212121212,200.0,-581.829036880526,1000,0.015,200.0,-992.571180064039,1000,0.014,200.0,-1000.8592576520737,12288,6198,384000000,617.1589529514313,ab16711
sfl_tilt,3,1228800,2000,0.4055,200.0,-582.8650063859354,0.0,1000,0.057,200.0,-888.6017003655522,1000,0.062,200.0,-888.7500740159444,264,0.4166666666666667,200.0,-572.5549036784338,1000,0.025,200.0,-1016.3009678076983,1000,0.017,200.0,-1025.5026544773357,12288,6198,384000000,617.1589529514313,ab16711
sfl_tilt,3,1474560,2000,0.54,200.0,-511.35022950925844,0.0,1000,0.147,200.0,-855.8507674981912,1000,0.149,200.0,-858.2557904801904,264,0.5265151515151515,200.0,-509.1604186969738,1000,0.044,200.0,-1037.2960812008073,1000,0.052,200.0,-1036.8133273152364,12288,6198,384000000,617.1589529514313,ab16711
sfl_tilt,3,1720320,2000,0.575,200.0,-503.9977643280487,0.0,1000,0.216,200.0,-838.71816070747,1000,0.227,200.0,-829.0629353796526,264,0.6098484848484849,200.0,-470.78701420781016,1000,0.141,200.0,-990.029342301223,1000,0.128,200.0,-1003.6562170152755,12288,6198,384000000,617.1589529514313,ab16711
sfl_tilt,3,1966080,2000,0.6945,200.0,-395.5654218777295,0.185,1000,0.407,200.0,-659.2377767359393,1000,0.426,200.0,-651.4310795869061,264,0.75,200.0,-348.3192667076579,1000,0.198,200.0,-885.3209556711884,1000,0.203,200.0,-890.944559355387,12288,6198,384000000,617.1589529514313,ab16711
sfl_tilt,3,2211840,2000,0.7255,200.0,-365.5368551038692,0.19,1000,0.463,200.0,-610.2375455528561,1000,0.474,200.0,-602.2384733427753,264,0.7424242424242424,200.0,-341.4516958608602,1000,0.208,200.0,-856.8296412846238,1000,0.225,200.0,-857.8024626818352,12288,6198,384000000,617.1589529514313,ab16711
sfl_tilt,3,2457600,2000,0.798,200.0,-303.923125880245,0.305,1000,0.567,200.0,-527.645290594372,1000,0.574,200.0,-525.9449029344871,264,0.821969696969697,200.0,-281.8396586057367,1000,0.261,200.0,-810.012512992139,1000,0.266,200.0,-820.4974277979652,12288,6198,384000000,617.1589529514313,ab16711
sfl_bisect,3,0,2000,0.0,200.0,-1477.369335227421,0.0,1000,0.0,200.0,-1301.8326608004547,1000,0.0,200.0,-1299.5479984083079,264,0.0,200.0,-1460.6778176162466,1000,0.0,200.0,-1237.797111732351,1000,0.0,200.0,-1243.3586675185286,12288,6166,572640000,856.7010791301727,ab16711
sfl_bisect,3,245760,2000,0.011,200.0,-842.7221042182579,0.0,1000,0.002,200.0,-933.6724345942296,1000,0.001,200.0,-939.068425820126,264,0.003787878787878788,200.0,-843.3167216666301,1000,0.0,200.0,-1020.7806480631007,1000,0.0,200.0,-1025.551082109248,12288,6166,572640000,856.7010791301727,ab16711
sfl_bisect,3,491520,2000,0.0,200.0,-1218.1960421443903,0.0,1000,0.0,200.0,-1066.9087591996486,1000,0.0,200.0,-1074.9587750465896,264,0.0,200.0,-1213.0067511397901,1000,0.0,200.0,-1117.0571107574838,1000,0.0,200.0,-1118.5851555983827,12288,6166,572640000,856.7010791301727,ab16711
sfl_bisect,3,737280,2000,0.2975,200.0,-828.6088583793327,0.0,1000,0.024,200.0,-1111.634105196482,1000,0.028,200.0,-1108.475652949683,264,0.3106060606060606,200.0,-816.8986336644653,1000,0.014,200.0,-1168.4732686337343,1000,0.015,200.0,-1173.6800872373487,12288,6166,572640000,856.7010791301727,ab16711
sfl_bisect,3,983040,2000,0.3605,200.0,-713.7042308508169,0.0,1000,0.026,200.0,-1036.4698056407913,1000,0.03,200.0,-1036.6026528647167,264,0.3712121212121212,200.0,-702.2327331367387,1000,0.017,200.0,-1107.6221588213211,1000,0.019,200.0,-1112.90169802891,12288,6166,572640000,856.7010791301727,ab16711
sfl_bisect,3,1228800,2000,0.3825,200.0,-810.0085582890925,0.0,1000,0.024,200.0,-1200.8758856694606,1000,0.034,200.0,-1186.7583024629848,264,0.4053030303030303,200.0,-783.6731720890111,1000,0.016,200.0,-1246.8167524495905,1000,0.022,200.0,-1247.093135096298,12288,6166,572640000,856.7010791301727,ab16711
sfl_bisect,3,1474560,2000,0.474,200.0,-632.84171467469,0.0,1000,0.124,200.0,-978.6840931386449,1000,0.134,200.0,-969.617956158614,264,0.5037878787878788,200.0,-613.7923119432209,1000,0.088,200.0,-1061.5989098629282,1000,0.092,200.0,-1071.418327588134,12288,6166,572640000,856.7010791301727,ab16711
sfl_bisect,3,1720320,2000,0.5055,200.0,-598.8723221306092,0.0,1000,0.155,200.0,-948.3877460578498,1000,0.16,200.0,-942.3609597319049,264,0.5454545454545454,200.0,-564.6974777068714,1000,0.108,200.0,-1043.3889638163623,1000,0.093,200.0,-1062.4774496600205,12288,6166,572640000,856.7010791301727,ab16711
sfl_bisect,3,1966080,2000,0.525,200.0,-610.2360809734764,0.0,1000,0.171,200.0,-980.8852654572364,1000,0.18,200.0,-968.3591304105784,264,0.5416666666666666,200.0,-588.6495049253186,1000,0.154,200.0,-1048.5979756999031,1000,0.139,200.0,-1070.8060845248303,12288,6166,572640000,856.7010791301727,ab16711
sfl_bisect,3,2211840,2000,0.5345,200.0,-569.9817023926764,0.0,1000,0.164,200.0,-936.8827420847502,1000,0.174,200.0,-933.253035533871,264,0.5681818181818182,200.0,-546.1155184956648,1000,0.101,200.0,-1044.952015482307,1000,0.106,200.0,-1051.0837187311133,12288,6166,572640000,856.7010791301727,ab16711
sfl_bisect,3,2457600,2000,0.546,200.0,-568.7646054282895,0.0,1000,0.178,200.0,-936.1624111099334,1000,0.192,200.0,-929.1224694011775,264,0.571969696969697,200.0,-548.1776924910012,1000,0.116,200.0,-1041.8023774381513,1000,0.119,200.0,-1048.3792341304425,12288,6166,572640000,856.7010791301727,ab16711
sfl_tilt_soft,3,0,2000,0.0,200.0,-1493.292745297722,0.0,1000,0.0,200.0,-1318.2027002412276,1000,0.0,200.0,-1311.0697510061457,264,0.0,200.0,-1474.7766506981875,1000,0.0,200.0,-1218.160122809913,1000,0.0,200.0,-1220.1184061129788,12288,5141,384000000,615.4802520275116,ab16711
sfl_tilt_soft,3,245760,2000,0.0025,200.0,-918.1116506491417,0.0,1000,0.0,200.0,-978.5966385645094,1000,0.0,200.0,-984.035585148195,264,0.0,200.0,-917.1248452397722,1000,0.0,200.0,-1058.6292693114208,1000,0.0,200.0,-1063.8058235776462,12288,5141,384000000,615.4802520275116,ab16711
sfl_tilt_soft,3,491520,2000,0.3525,200.0,-770.4614201419167,0.0,1000,0.011,200.0,-1108.2882193215517,1000,0.018,200.0,-1101.423506947964,264,0.35984848484848486,200.0,-768.1680381339645,1000,0.008,200.0,-1161.1049609141787,1000,0.008,200.0,-1167.1263782249546,12288,5141,384000000,615.4802520275116,ab16711
sfl_tilt_soft,3,737280,2000,0.3725,200.0,-852.0016842681622,0.0,1000,0.013,200.0,-1255.5822344144108,1000,0.021,200.0,-1241.9175748147354,264,0.3939393939393939,200.0,-825.0943580832935,1000,0.009,200.0,-1301.0974631826923,1000,0.008,200.0,-1308.1486617356152,12288,5141,384000000,615.4802520275116,ab16711
sfl_tilt_soft,3,983040,2000,0.3725,200.0,-788.1450476339925,0.0,1000,0.016,200.0,-1147.91923156842,1000,0.022,200.0,-1138.4350965891103,264,0.39015151515151514,200.0,-770.8184881187201,1000,0.009,200.0,-1203.962945362374,1000,0.009,200.0,-1208.1807530952776,12288,5141,384000000,615.4802520275116,ab16711
sfl_tilt_soft,3,1228800,2000,0.373,200.0,-732.7928517352254,0.0,1000,0.032,200.0,-1055.636505666008,1000,0.033,200.0,-1051.8408423801843,264,0.39015151515151514,200.0,-719.099451180204,1000,0.018,200.0,-1132.6199883411732,1000,0.011,200.0,-1139.5321654690329,12288,5141,384000000,615.4802520275116,ab16711
sfl_tilt_soft,3,1474560,2000,0.455,200.0,-571.040188139722,0.0,1000,0.145,200.0,-833.7942928148957,1000,0.162,200.0,-828.4871808995257,264,0.48863636363636365,200.0,-548.7128430492177,1000,0.084,200.0,-996.3117055441671,1000,0.091,200.0,-995.4500353113408,12288,5141,384000000,615.4802520275116,ab16711
sfl_tilt_soft,3,1720320,2000,0.524,200.0,-551.6681030603943,0.0,1000,0.224,200.0,-812.0805987876714,1000,0.223,200.0,-809.486679077407,264,0.5265151515151515,200.0,-536.7729723509248,1000,0.128,200.0,-992.9711558437697,1000,0.138,200.0,-992.9137406867803,12288,5141,384000000,615.4802520275116,ab16711
sfl_tilt_soft,3,1966080,2000,0.561,200.0,-526.2041933917986,0.0,1000,0.25,200.0,-787.1471694163954,1000,0.238,200.0,-805.0212766975022,264,0.5303030303030303,200.0,-538.7223166335297,1000,0.094,200.0,-1010.7134599136597,1000,0.106,200.0,-1005.0913255661167,12288,5141,384000000,615.4802520275116,ab16711
sfl_tilt_soft,3,2211840,2000,0.5735,200.0,-529.1108370571421,0.0,1000,0.292,200.0,-775.21360427518,1000,0.311,200.0,-770.2421503707566,264,0.5643939393939394,200.0,-521.2248376662603,1000,0.165,200.0,-982.2399372037561,1000,0.192,200.0,-973.1502470065726,12288,5141,384000000,615.4802520275116,ab16711
sfl_tilt_soft,3,2457600,2000,0.486,200.0,-638.2923936240514,0.0,1000,0.133,200.0,-924.555145270717,1000,0.133,200.0,-942.72498069307,264,0.5,200.0,-610.087973982497,1000,0.044,200.0,-1057.5307043738603,1000,0.046,200.0,-1061.8294255363346,12288,5141,384000000,615.4802520275116,ab16711
sfl_ghost,3,0,2000,0.0,200.0,-1507.8665978344297,0.0,1000,0.0,200.0,-1333.2537092766097,1000,0.0,200.0,-1321.7431426175474,264,0.0,200.0,-1493.1959879846047,1000,0.0,200.0,-1229.7974751368426,1000,0.0,200.0,-1239.8520865663525,12288,6202,766400000,1094.186156988144,ab16711
sfl_ghost,3,245760,2000,0.142,200.0,-862.9465324948817,0.0,1000,0.043,200.0,-906.3510604002719,1000,0.036,200.0,-912.8700569504143,264,0.13257575757575757,200.0,-858.8419432499218,1000,0.004,200.0,-1023.7118964102415,1000,0.013,200.0,-1022.7156116982987,12288,6202,766400000,1094.186156988144,ab16711
sfl_ghost,3,491520,2000,0.0285,200.0,-813.2931911175365,0.0,1000,0.0,200.0,-914.8425299772335,1000,0.001,200.0,-928.7623675792937,264,0.01893939393939394,200.0,-821.9606315568146,1000,0.0,200.0,-1006.9262745217211,1000,0.0,200.0,-1012.9144083830284,12288,6202,766400000,1094.186156988144,ab16711
sfl_ghost,3,737280,2000,0.126,200.0,-1118.6233065360136,0.0,1000,0.004,200.0,-1254.4611712230173,1000,0.009,200.0,-1239.8953039049316,264,0.16666666666666666,200.0,-1082.487460352027,1000,0.002,200.0,-1289.3489993671155,1000,0.001,200.0,-1298.245624060029,12288,6202,766400000,1094.186156988144,ab16711
sfl_ghost,3,983040,2000,0.1525,200.0,-838.899027223795,0.0,1000,0.006,200.0,-953.1770600993375,1000,0.011,200.0,-956.8568252291582,264,0.15151515151515152,200.0,-836.0221127821585,1000,0.007,200.0,-1026.322231090518,1000,0.01,200.0,-1028.4057459149374,12288,6202,766400000,1094.186156988144,ab16711
sfl_ghost,3,1228800,2000,0.11,200.0,-962.331285696227,0.0,1000,0.009,200.0,-970.4158891629442,1000,0.01,200.0,-970.7728522959752,264,0.11742424242424243,200.0,-936.0787510221162,1000,0.002,200.0,-999.4594861057855,1000,0.003,200.0,-1010.3557852413509,12288,6202,766400000,1094.186156988144,ab16711
sfl_ghost,3,1474560,2000,0.0325,200.0,-756.5020856826438,0.0,1000,0.002,200.0,-871.0526072268794,1000,0.003,200.0,-870.2635255140418,264,0.03787878787878788,200.0,-737.2089159644466,1000,0.003,200.0,-990.9047665041769,1000,0.0,200.0,-1002.2951068166115,12288,6202,766400000,1094.186156988144,ab16711
sfl_ghost,3,1720320,2000,0.197,200.0,-862.1844996135319,0.0,1000,0.012,200.0,-971.8768086841733,1000,0.012,200.0,-981.2324154068814,264,0.2159090909090909,200.0,-842.3702720165077,1000,0.005,200.0,-1024.9152143480956,1000,0.001,200.0,-1038.1630332131692,12288,6202,766400000,1094.186156988144,ab16711
sfl_ghost,3,1966080,2000,0.4305,200.0,-676.1982425990755,0.0,1000,0.076,200.0,-1007.0837942536868,1000,0.08,200.0,-999.3106550041438,264,0.4621212121212121,200.0,-649.4214828328443,1000,0.057,200.0,-1085.9864103944253,1000,0.071,200.0,-1084.0234007354595,12288,6202,766400000,1094.186156988144,ab16711
sfl_ghost,3,2211840,2000,0.472,200.0,-595.4199630700239,0.0,1000,0.12,200.0,-894.1266532898791,1000,0.148,200.0,-878.4746131545329,264,0.5189393939393939,200.0,-547.0248879325154,1000,0.041,200.0,-1038.2654025083255,1000,0.047,200.0,-1043.6490444894773,12288,6202,766400000,1094.186156988144,ab16711
sfl_ghost,3,2457600,2000,0.5645,200.0,-539.6142416479066,0.0,1000,0.221,200.0,-834.1578306122136,1000,0.234,200.0,-833.9177652894259,264,0.5909090909090909,200.0,-512.7224429377335,1000,0.094,200.0,-1025.8248779244548,1000,0.113,200.0,-1022.1140452838127,12288,6202,766400000,1094.186156988144,ab16711
sfl_tilt_carry,3,0,2000,0.0005,200.0,-1371.354999922874,0.0,1000,0.0,200.0,-1331.5495120052644,1000,0.0,200.0,-1327.9953406266234,264,0.003787878787878788,200.0,-1358.5056962721676,1000,0.0,200.0,-1345.9834105366572,1000,0.0,200.0,-1352.765664503159,12288,6133,384000000,617.3441491127014,ab16711
sfl_tilt_carry,3,245760,2000,0.003,200.0,-889.5087472111727,0.0,1000,0.0,200.0,-868.3084211623172,1000,0.0,200.0,-887.2342578766668,264,0.0,200.0,-906.6538185138239,1000,0.0,200.0,-970.0870781432593,1000,0.0,200.0,-975.6379294591117,12288,6133,384000000,617.3441491127014,ab16711
sfl_tilt_carry,3,491520,2000,0.0,200.0,-820.0797854791792,0.0,1000,0.0,200.0,-951.9144004059488,1000,0.0,200.0,-953.7270730963527,264,0.0,200.0,-804.1769888570557,1000,0.001,200.0,-1045.1912022129634,1000,0.0,200.0,-1052.0329135550899,12288,6133,384000000,617.3441491127014,ab16711
sfl_tilt_carry,3,737280,2000,0.0005,200.0,-902.3133593785659,0.0,1000,0.0,200.0,-914.5920403157537,1000,0.0,200.0,-925.5039372453698,264,0.0,200.0,-882.0938696175693,1000,0.0,200.0,-1003.9552684048787,1000,0.0,200.0,-1006.0427493773567,12288,6133,384000000,617.3441491127014,ab16711
sfl_tilt_carry,3,983040,2000,0.0205,200.0,-918.0718451441161,0.0,1000,0.003,200.0,-922.0506112420641,1000,0.001,200.0,-940.9201876461876,264,0.03409090909090909,200.0,-905.3018247244105,1000,0.0,200.0,-1015.0579639345912,1000,0.002,200.0,-1018.3536629054811,12288,6133,384000000,617.3441491127014,ab16711
sfl_tilt_carry,3,1228800,2000,0.3555,200.0,-582.9231198634777,0.0,1000,0.057,200.0,-841.6452194996032,1000,0.068,200.0,-842.2375839682176,264,0.3484848484848485,200.0,-587.8147691193733,1000,0.013,200.0,-996.8792697093876,1000,0.009,200.0,-1007.2056185594657,12288,6133,384000000,617.3441491127014,ab16711
sfl_tilt_carry,3,1474560,2000,0.4275,200.0,-620.8187774236462,0.0,1000,0.097,200.0,-911.3437004018598,1000,0.115,200.0,-899.3168645696039,264,0.4431818181818182,200.0,-609.0311387349004,1000,0.085,200.0,-1016.5473318153971,1000,0.087,200.0,-1024.1908014178484,12288,6133,384000000,617.3441491127014,ab16711
sfl_tilt_carry,3,1720320,2000,0.6045,200.0,-488.93813334521445,0.015,1000,0.317,200.0,-748.8278665764387,1000,0.312,200.0,-754.672688365526,264,0.5909090909090909,200.0,-486.0938010096325,1000,0.147,200.0,-977.7989731784568,1000,0.166,200.0,-970.8129831423252,12288,6133,384000000,617.3441491127014,ab16711
sfl_tilt_carry,3,1966080,2000,0.595,200.0,-521.8033424154727,0.04,1000,0.259,200.0,-831.2618573788644,1000,0.265,200.0,-838.1076131331532,264,0.6174242424242424,200.0,-497.74527046610655,1000,0.11,200.0,-1028.8394299270537,1000,0.12,200.0,-1032.132259881014,12288,6133,384000000,617.3441491127014,ab16711
sfl_tilt_carry,3,2211840,2000,0.713,200.0,-412.4506931739329,0.15,1000,0.454,200.0,-658.3083609148786,1000,0.462,200.0,-666.9656027288097,264,0.7462121212121212,200.0,-369.51804576196616,1000,0.195,200.0,-942.45448372581,1000,0.202,200.0,-946.9770266171902,12288,6133,384000000,617.3441491127014,ab16711
sfl_tilt_carry,3,2457600,2000,0.6205,200.0,-495.8988737240628,0.135,1000,0.326,200.0,-777.5048174761533,1000,0.317,200.0,-790.5691954110064,264,0.6439393939393939,200.0,-469.39469920874524,1000,0.152,200.0,-974.1035535511738,1000,0.163,200.0,-981.7261495833842,12288,6133,384000000,617.3441491127014,ab16711
sfl_halving,3,0,2000,0.0,200.0,-1250.048936635151,0.0,1000,0.0,200.0,-1125.3343394646129,1000,0.0,200.0,-1122.9237967731221,264,0.0,200.0,-1244.8502314300383,1000,0.0,200.0,-1090.2214482723327,1000,0.0,200.0,-1090.7007330797712,12288,6203,960000000,1342.4397058486938,ab16711
sfl_halving,3,245760,2000,0.0,200.0,-871.3506671807162,0.0,1000,0.0,200.0,-928.2668420598649,1000,0.0,200.0,-929.0899344554628,264,0.0,200.0,-863.352270687443,1000,0.0,200.0,-1022.5146780993387,1000,0.0,200.0,-1037.795817490011,12288,6203,960000000,1342.4397058486938,ab16711
sfl_halving,3,491520,2000,0.191,200.0,-886.5598808748517,0.0,1000,0.019,200.0,-1071.0055725466561,1000,0.023,200.0,-1069.6456161185145,264,0.2196969696969697,200.0,-859.7391033904005,1000,0.009,200.0,-1133.8290672227204,1000,0.015,200.0,-1137.372954227942,12288,6203,960000000,1342.4397058486938,ab16711
sfl_halving,3,737280,2000,0.389,200.0,-566.7662873381906,0.0,1000,0.1,200.0,-799.7422193899403,1000,0.117,200.0,-798.3034286242043,264,0.3977272727272727,200.0,-558.9395735297762,1000,0.038,200.0,-967.2520737230606,1000,0.031,200.0,-970.8219600876573,12288,6203,960000000,1342.4397058486938,ab16711
sfl_halving,3,983040,2000,0.5175,200.0,-507.6955549424548,0.0,1000,0.198,200.0,-782.9751432636843,1000,0.214,200.0,-772.5068081978692,264,0.5189393939393939,200.0,-508.6489575769118,1000,0.068,200.0,-980.9986543961194,1000,0.091,200.0,-972.3509940628518,12288,6203,960000000,1342.4397058486938,ab16711
sfl_halving,3,1228800,2000,0.5645,200.0,-471.24360203162814,0.005,1000,0.227,200.0,-752.6038242351301,1000,0.215,200.0,-766.8351256764134,264,0.5416666666666666,200.0,-473.8608696673445,1000,0.079,200.0,-967.5090738649126,1000,0.091,200.0,-968.5683007221385,12288,6203,960000000,1342.4397058486938,ab16711
sfl_halving,3,1474560,2000,0.6005,200.0,-460.460802690548,0.075,1000,0.242,200.0,-742.2525472074027,1000,0.236,200.0,-748.8603385502524,264,0.5833333333333334,200.0,-469.7601752033614,1000,0.072,200.0,-982.4224097666164,1000,0.083,200.0,-981.1793700026886,12288,6203,960000000,1342.4397058486938,ab16711
sfl_halving,3,1720320,2000,0.6145,200.0,-468.5248175650047,0.03,1000,0.27,200.0,-759.6526155987295,1000,0.255,200.0,-771.2294414293887,264,0.6174242424242424,200.0,-449.23485219260834,1000,0.087,200.0,-996.381694851726,1000,0.092,200.0,-1003.1637026918308,12288,6203,960000000,1342.4397058486938,ab16711
sfl_halving,3,1966080,2000,0.618,200.0,-481.3135964585989,0.09,1000,0.304,200.0,-752.8701102005034,1000,0.301,200.0,-762.9924085890569,264,0.6174242424242424,200.0,-463.2862314856047,1000,0.094,200.0,-1011.0877439645285,1000,0.107,200.0,-1004.1216435589819,12288,6203,960000000,1342.4397058486938,ab16711
sfl_halving,3,2211840,2000,0.6495,200.0,-463.54408513777213,0.125,1000,0.325,200.0,-758.2650274251617,1000,0.336,200.0,-752.6446428251509,264,0.6666666666666666,200.0,-444.1432931836932,1000,0.117,200.0,-1006.9885964038978,1000,0.135,200.0,-1003.6073537457769,12288,6203,960000000,1342.4397058486938,ab16711
sfl_halving,3,2457600,2000,0.6035,200.0,-519.0516113372101,0.085,1000,0.27,200.0,-823.5291911334123,1000,0.272,200.0,-826.6094355139694,264,0.6287878787878788,200.0,-477.9197085276507,1000,0.093,200.0,-1028.1755770097925,1000,0.104,200.0,-1027.803753529038,12288,6203,960000000,1342.4397058486938,ab16711
sfl_tilt_amort,3,0,2000,0.0145,200.0,-1207.7639892535965,0.0,1000,0.0,200.0,-1187.0697905323864,1000,0.0,200.0,-1187.1412212105877,264,0.01893939393939394,200.0,-1191.9467298734126,1000,0.0,200.0,-1219.956356864754,1000,0.0,200.0,-1225.688606933589,12288,6203,384000000,632.542405128479,ab16711
sfl_tilt_amort,3,245760,2000,0.154,200.0,-591.7624240153248,0.0,1000,0.026,200.0,-782.0094877153342,1000,0.03,200.0,-784.5978827244196,264,0.18181818181818182,200.0,-608.8567221204181,1000,0.016,200.0,-908.1448237064483,1000,0.014,200.0,-914.0239090249975,12288,6203,384000000,632.542405128479,ab16711
sfl_tilt_amort,3,491520,2000,0.0,200.0,-1157.4265736789143,0.0,1000,0.0,200.0,-993.8209672186595,1000,0.0,200.0,-1008.7562482739634,264,0.0,200.0,-1142.7808743805697,1000,0.0,200.0,-1033.7490150132326,1000,0.0,200.0,-1033.0850410193398,12288,6203,384000000,632.542405128479,ab16711
sfl_tilt_amort,3,737280,2000,0.1845,200.0,-868.0932811745594,0.0,1000,0.03,200.0,-1025.615079430102,1000,0.038,200.0,-1016.5809793117882,264,0.19318181818181818,200.0,-869.4141267388909,1000,0.007,200.0,-1121.7924696939033,1000,0.005,200.0,-1125.6545338718352,12288,6203,384000000,632.542405128479,ab16711
sfl_tilt_amort,3,983040,2000,0.0325,200.0,-1020.0977019102231,0.0,1000,0.001,200.0,-965.5887945703678,1000,0.002,200.0,-984.3708245657526,264,0.015151515151515152,200.0,-1018.8797248175939,1000,0.0,200.0,-1028.4556314656345,1000,0.0,200.0,-1037.2500611126445,12288,6203,384000000,632.542405128479,ab16711
sfl_tilt_amort,3,1228800,2000,0.331,200.0,-659.2408276172085,0.0,1000,0.072,200.0,-889.4343663366343,1000,0.087,200.0,-886.7415249028206,264,0.3484848484848485,200.0,-653.6842681028857,1000,0.021,200.0,-1029.4889373362032,1000,0.02,200.0,-1033.1333736455435,12288,6203,384000000,632.542405128479,ab16711
sfl_tilt_amort,3,1474560,2000,0.3845,200.0,-742.1536096240061,0.0,1000,0.031,200.0,-1087.8428619602566,1000,0.041,200.0,-1078.6673941979366,264,0.4015151515151515,200.0,-723.3284167268798,1000,0.017,200.0,-1159.1518657970614,1000,0.012,200.0,-1165.902058930466,12288,6203,384000000,632.542405128479,ab16711
sfl_tilt_amort,3,1720320,2000,0.4925,200.0,-569.9000418331278,0.0,1000,0.165,200.0,-864.7014316927493,1000,0.158,200.0,-870.4237310262481,264,0.5189393939393939,200.0,-547.6593342088239,1000,0.04,200.0,-1054.6544362983948,1000,0.044,200.0,-1053.0981377305066,12288,6203,384000000,632.542405128479,ab16711
sfl_tilt_amort,3,1966080,2000,0.633,200.0,-438.92434771650403,0.095,1000,0.286,200.0,-748.6610210293785,1000,0.277,200.0,-753.0906075657189,264,0.6060606060606061,200.0,-453.7407978561736,1000,0.139,200.0,-973.9644979378751,1000,0.135,200.0,-974.9068799582219,12288,6203,384000000,632.542405128479,ab16711
sfl_tilt_amort,3,2211840,2000,0.7045,200.0,-392.29450456765784,0.175,1000,0.383,200.0,-683.7047744175977,1000,0.362,200.0,-692.284221752282,264,0.7045454545454546,200.0,-388.70848996006555,1000,0.142,200.0,-955.1595611459571,1000,0.133,200.0,-965.5759072342443,12288,6203,384000000,632.542405128479,ab16711
sfl_tilt_amort,3,2457600,2000,0.718,200.0,-379.48054077118576,0.215,1000,0.459,200.0,-618.148964448031,1000,0.416,200.0,-650.1571170845987,264,0.696969696969697,200.0,-392.31904750658185,1000,0.215,200.0,-867.1360870669971,1000,0.213,200.0,-876.4006972339315,12288,6203,384000000,632.542405128479,ab16711
sfl_spread,4,0,2000,0.0,200.0,-1359.629126133976,0.0,1000,0.0,200.0,-1291.7443621906484,1000,0.0,200.0,-1288.0811939857017,264,0.0,200.0,-1346.1714020204429,1000,0.0,200.0,-1332.915920454625,1000,0.0,200.0,-1340.9323593764589,12288,6153,384000000,615.4013562202454,ab16711
sfl_spread,4,245760,2000,0.0,200.0,-883.441000695404,0.0,1000,0.0,200.0,-938.4158204212806,1000,0.0,200.0,-941.1468309135029,264,0.0,200.0,-863.6547275826656,1000,0.0,200.0,-1026.4064853336388,1000,0.0,200.0,-1035.6940689065452,12288,6153,384000000,615.4013562202454,ab16711
sfl_spread,4,491520,2000,0.0,200.0,-1246.322459748934,0.0,1000,0.0,200.0,-1052.5516917722784,1000,0.0,200.0,-1050.9543204513138,264,0.0,200.0,-1227.038233585482,1000,0.0,200.0,-1053.11148884616,1000,0.0,200.0,-1057.7689295733608,12288,6153,384000000,615.4013562202454,ab16711
sfl_spread,4,737280,2000,0.3485,200.0,-748.6648609877334,0.0,1000,0.043,200.0,-1039.0299625409805,1000,0.038,200.0,-1045.010617345398,264,0.3560606060606061,200.0,-737.82526405451,1000,0.017,200.0,-1127.5517094030076,1000,0.022,200.0,-1128.0190812012643,12288,6153,384000000,615.4013562202454,ab16711
sfl_spread,4,983040,2000,0.4645,200.0,-593.0992261682646,0.0,1000,0.161,200.0,-863.7523653127781,1000,0.154,200.0,-869.1922690794856,264,0.45454545454545453,200.0,-600.7703427466197,1000,0.047,200.0,-1046.2440280290639,1000,0.042,200.0,-1055.124304306588,12288,6153,384000000,615.4013562202454,ab16711
sfl_spread,4,1228800,2000,0.5395,200.0,-495.4660502222519,0.0,1000,0.193,200.0,-798.2399406717499,1000,0.172,200.0,-817.4067756706713,264,0.5416666666666666,200.0,-481.4555182167635,1000,0.083,200.0,-991.7749129712518,1000,0.067,200.0,-1002.678647400279,12288,6153,384000000,615.4013562202454,ab16711
sfl_spread,4,1474560,2000,0.7895,200.0,-311.9335225142243,0.22,1000,0.467,200.0,-567.810124191602,1000,0.457,200.0,-577.5874981483807,264,0.7803030303030303,200.0,-322.31124058536597,1000,0.18,200.0,-866.9911713573935,1000,0.188,200.0,-869.1734275132821,12288,6153,384000000,615.4013562202454,ab16711
sfl_spread,4,1720320,2000,0.859,200.0,-261.132637198569,0.37,1000,0.637,200.0,-484.66765381221273,1000,0.599,200.0,-499.4070755128947,264,0.8333333333333334,200.0,-277.08711820214023,1000,0.308,200.0,-786.9422408632333,1000,0.299,200.0,-797.3593316925122,12288,6153,384000000,615.4013562202454,ab16711
sfl_spread,4,1966080,2000,0.8465,200.0,-258.0027571140168,0.405,1000,0.616,200.0,-484.35744397131526,1000,0.618,200.0,-489.49910250801196,264,0.8636363636363636,200.0,-257.16050193932944,1000,0.272,200.0,-792.1758799261181,1000,0.271,200.0,-795.6284425140256,12288,6153,384000000,615.4013562202454,ab16711
sfl_spread,4,2211840,2000,0.881,200.0,-233.9673252446582,0.445,1000,0.699,200.0,-436.5613987830434,1000,0.698,200.0,-444.98794812843715,264,0.8636363636363636,200.0,-248.96650048920344,1000,0.323,200.0,-759.703820413881,1000,0.328,200.0,-765.3231533588735,12288,6153,384000000,615.4013562202454,ab16711
sfl_spread,4,2457600,2000,0.8505,200.0,-260.9215483083905,0.395,1000,0.697,200.0,-453.38990442578853,1000,0.71,200.0,-438.39631626546617,264,0.875,200.0,-255.4786355991891,1000,0.394,200.0,-719.7854700546127,1000,0.378,200.0,-735.4917552858851,12288,6153,384000000,615.4013562202454,ab16711
sfl_tilt_verify,3,0,2000,0.0,200.0,-1310.8737166917226,0.0,1000,0.0,200.0,-1315.177080843635,1000,0.0,200.0,-1309.4802172425073,264,0.0,200.0,-1306.506124121393,1000,0.0,200.0,-1345.612914350472,1000,0.0,200.0,-1351.039660970883,12288,6133,614400000,903.657210111618,ab16711
sfl_tilt_verify,3,245760,2000,0.22,200.0,-788.6970695357842,0.0,1000,0.014,200.0,-995.1251480778573,1000,0.022,200.0,-987.3789614801099,264,0.21212121212121213,200.0,-796.6285324299527,1000,0.012,200.0,-1083.0957848719077,1000,0.012,200.0,-1088.0665152158408,12288,6133,614400000,903.657210111618,ab16711
sfl_tilt_verify,3,491520,2000,0.3245,200.0,-701.8923887865735,0.0,1000,0.017,200.0,-997.6230966102011,1000,0.017,200.0,-1000.0976664586466,264,0.32575757575757575,200.0,-705.5621530249093,1000,0.01,200.0,-1078.3781348283946,1000,0.012,200.0,-1077.6951484072563,12288,6133,614400000,903.657210111618,ab16711
sfl_tilt_verify,3,737280,2000,0.2725,200.0,-674.818448281546,0.0,1000,0.014,200.0,-927.9163779869189,1000,0.026,200.0,-924.8780936453242,264,0.2878787878787879,200.0,-662.7168002338502,1000,0.01,200.0,-1030.748782393304,1000,0.008,200.0,-1035.6348407289856,12288,6133,614400000,903.657210111618,ab16711
sfl_tilt_verify,3,983040,2000,0.0,200.0,-977.5457518748203,0.0,1000,0.001,200.0,-928.1780344050574,1000,0.0,200.0,-933.4730489099042,264,0.0,200.0,-961.2779044656586,1000,0.0,200.0,-1010.5569971005854,1000,0.0,200.0,-1018.3553299226869,12288,6133,614400000,903.657210111618,ab16711
sfl_tilt_verify,3,1228800,2000,0.3795,200.0,-804.1215191091718,0.0,1000,0.017,200.0,-1182.5644408875125,1000,0.03,200.0,-1166.6324779859474,264,0.4015151515151515,200.0,-780.59382701664,1000,0.012,200.0,-1228.874009092846,1000,0.019,200.0,-1230.0776641120078,12288,6133,614400000,903.657210111618,ab16711
sfl_tilt_verify,3,1474560,2000,0.448,200.0,-687.7644942506962,0.0,1000,0.088,200.0,-1042.9670759151636,1000,0.094,200.0,-1034.3572110215741,264,0.4734848484848485,200.0,-662.9820724353641,1000,0.069,200.0,-1110.9869125485031,1000,0.084,200.0,-1107.3799232666304,12288,6133,614400000,903.657210111618,ab16711
sfl_tilt_verify,3,1720320,2000,0.4975,200.0,-608.7497898923558,0.0,1000,0.147,200.0,-950.3532972483127,1000,0.159,200.0,-935.9199344697143,264,0.5378787878787878,200.0,-576.6694105484728,1000,0.102,200.0,-1045.139339667019,1000,0.093,200.0,-1058.867438152038,12288,6133,614400000,903.657210111618,ab16711
sfl_tilt_verify,3,1966080,2000,0.4575,200.0,-615.9367245500755,0.0,1000,0.091,200.0,-953.9136453514834,1000,0.095,200.0,-951.0562082829375,264,0.4810606060606061,200.0,-595.1496188233847,1000,0.061,200.0,-1055.3071552617112,1000,0.039,200.0,-1074.1837448715344,12288,6133,614400000,903.657210111618,ab16711
sfl_tilt_verify,3,2211840,2000,0.5015,200.0,-597.8756948017725,0.0,1000,0.132,200.0,-950.3764547628605,1000,0.121,200.0,-951.6092954625983,264,0.5378787878787878,200.0,-571.4522829962216,1000,0.075,200.0,-1058.3469802678649,1000,0.071,200.0,-1068.5837289480028,12288,6133,614400000,903.657210111618,ab16711
sfl_tilt_verify,3,2457600,2000,0.468,200.0,-615.0272457354339,0.0,1000,0.091,200.0,-972.7438890511236,1000,0.084,200.0,-975.0002499684238,264,0.5037878787878788,200.0,-587.583328597249,1000,0.051,200.0,-1073.7855196488806,1000,0.047,200.0,-1085.7200800370024,12288,6133,614400000,903.657210111618,ab16711
sfl_tilt_sc,4,0,2000,0.01,200.0,-1123.3363207899913,0.0,1000,0.0,200.0,-1124.0179598663556,1000,0.0,200.0,-1118.4713796131116,264,0.003787878787878788,200.0,-1116.709294887311,1000,0.0,200.0,-1199.3830689552883,1000,0.0,200.0,-1202.3452466195536,12288,4814,384000000,612.6002388000488,ab16711
sfl_tilt_sc,4,245760,2000,0.2095,200.0,-886.1696341259833,0.0,1000,0.013,200.0,-1060.898063551828,1000,0.014,200.0,-1057.6258168461438,264,0.19318181818181818,200.0,-921.3899174029204,1000,0.002,200.0,-1139.3860648811003,1000,0.001,200.0,-1146.2311063804532,12288,4814,384000000,612.6002388000488,ab16711
sfl_tilt_sc,4,491520,2000,0.191,200.0,-868.0392904752995,0.0,1000,0.027,200.0,-1024.379308061283,1000,0.047,200.0,-1007.682597246315,264,0.22348484848484848,200.0,-840.1109560261385,1000,0.012,200.0,-1111.9703564343597,1000,0.014,200.0,-1121.202361223473,12288,4814,384000000,612.6002388000488,ab16711
sfl_tilt_sc,4,737280,2000,0.366,200.0,-831.3756120507887,0.0,1000,0.013,200.0,-1211.94803846017,1000,0.02,200.0,-1200.792245548319,264,0.38636363636363635,200.0,-809.7653275975604,1000,0.009,200.0,-1258.1088905040851,1000,0.009,200.0,-1264.268390401519,12288,4814,384000000,612.6002388000488,ab16711
sfl_tilt_sc,4,983040,2000,0.3715,200.0,-813.8662455100342,0.0,1000,0.026,200.0,-1184.012484433555,1000,0.027,200.0,-1176.7735783491994,264,0.36742424242424243,200.0,-810.0873693478484,1000,0.012,200.0,-1238.738467046085,1000,0.012,200.0,-1242.708507909541,12288,4814,384000000,612.6002388000488,ab16711
sfl_tilt_sc,4,1228800,2000,0.393,200.0,-768.7769980470613,0.0,1000,0.049,200.0,-1129.9052390110173,1000,0.05,200.0,-1125.8380585135508,264,0.4128787878787879,200.0,-748.5911348176978,1000,0.025,200.0,-1202.1486140049942,1000,0.019,200.0,-1209.4810850601568,12288,4814,384000000,612.6002388000488,ab16711
sfl_tilt_sc,4,1474560,2000,0.465,200.0,-640.873797797057,0.0,1000,0.139,200.0,-956.6731635057847,1000,0.156,200.0,-943.8338890400429,264,0.4621212121212121,200.0,-642.2713131305495,1000,0.06,200.0,-1099.0946711644895,1000,0.064,200.0,-1097.681262980232,12288,4814,384000000,612.6002388000488,ab16711
sfl_tilt_sc,4,1720320,2000,0.4445,200.0,-695.9417115322731,0.0,1000,0.11,200.0,-1038.0554691696202,1000,0.122,200.0,-1023.1193599232778,264,0.45075757575757575,200.0,-685.499668177572,1000,0.058,200.0,-1143.379994278664,1000,0.052,200.0,-1150.681566109797,12288,4814,384000000,612.6002388000488,ab16711
sfl_tilt_sc,4,1966080,2000,0.5045,200.0,-607.1532673607422,0.0,1000,0.19,200.0,-916.4349301879672,1000,0.194,200.0,-905.570253613997,264,0.5227272727272727,200.0,-588.7247576927343,1000,0.083,200.0,-1083.4400649931922,1000,0.078,200.0,-1088.0513253609765,12288,4814,384000000,612.6002388000488,ab16711
sfl_tilt_sc,4,2211840,2000,0.486,200.0,-597.1392928053749,0.0,1000,0.152,200.0,-912.5647012528677,1000,0.152,200.0,-910.3821699895524,264,0.5189393939393939,200.0,-580.1695519603435,1000,0.044,200.0,-1090.5160055390145,1000,0.044,200.0,-1090.1941555196856,12288,4814,384000000,612.6002388000488,ab16711
sfl_tilt_sc,4,2457600,2000,0.543,200.0,-574.7396402756709,0.0,1000,0.208,200.0,-893.9704728608446,1000,0.222,200.0,-884.8656486479475,264,0.5492424242424242,200.0,-567.6912472405922,1000,0.084,200.0,-1079.7106511634772,1000,0.097,200.0,-1071.731184298031,12288,4814,384000000,612.6002388000488,ab16711
sfl_tilt,4,0,2000,0.0,200.0,-1463.3220579546942,0.0,1000,0.0,200.0,-1284.2257731254122,1000,0.0,200.0,-1276.736221549575,264,0.0,200.0,-1436.583124289769,1000,0.0,200.0,-1215.3989514101488,1000,0.0,200.0,-1224.0982200527712,12288,6116,384000000,614.7417500019073,ab16711
sfl_tilt,4,245760,2000,0.166,200.0,-1132.2782862629665,0.0,1000,0.003,200.0,-1164.175288286977,1000,0.0,200.0,-1168.3637586547034,264,0.14772727272727273,200.0,-1131.546209125978,1000,0.003,200.0,-1159.1136011803123,1000,0.005,200.0,-1164.603108217562,12288,6116,384000000,614.7417500019073,ab16711
sfl_tilt,4,491520,2000,0.284,200.0,-690.5877806819307,0.0,1000,0.014,200.0,-955.7817368013182,1000,0.018,200.0,-952.116434537845,264,0.29924242424242425,200.0,-686.2853848241767,1000,0.006,200.0,-1054.7826031960715,1000,0.008,200.0,-1057.5654873972744,12288,6116,384000000,614.7417500019073,ab16711
sfl_tilt,4,737280,2000,0.0,200.0,-842.636777536252,0.0,1000,0.0,200.0,-906.6498532620226,1000,0.0,200.0,-912.6877248148827,264,0.0,200.0,-838.9510163325406,1000,0.001,200.0,-1023.6215661014887,1000,0.0,200.0,-1028.0076585874463,12288,6116,384000000,614.7417500019073,ab16711
sfl_tilt,4,983040,2000,0.2615,200.0,-650.7177653212796,0.0,1000,0.029,200.0,-895.5150901641904,1000,0.036,200.0,-895.9437613262363,264,0.2765151515151515,200.0,-647.96904182953,1000,0.008,200.0,-1019.8686866411368,1000,0.003,200.0,-1025.7914073672575,12288,6116,384000000,614.7417500019073,ab16711
sfl_tilt,4,1228800,2000,0.0,200.0,-1058.6702055731946,0.0,1000,0.0,200.0,-976.1084714570533,1000,0.0,200.0,-983.4217216312967,264,0.007575757575757576,200.0,-1027.1560331367687,1000,0.0,200.0,-1020.0143363379894,1000,0.0,200.0,-1027.4367260907827,12288,6116,384000000,614.7417500019073,ab16711
sfl_tilt,4,1474560,2000,0.3685,200.0,-725.0278541618236,0.0,1000,0.027,200.0,-1042.2237219974884,1000,0.031,200.0,-1036.969040269768,264,0.3712121212121212,200.0,-720.1082910161971,1000,0.017,200.0,-1118.1897671595202,1000,0.013,200.0,-1125.0885401447663,12288,6116,384000000,614.7417500019073,ab16711
sfl_tilt,4,1720320,2000,0.531,200.0,-524.9331159512393,0.0,1000,0.187,200.0,-818.0630143824226,1000,0.183,200.0,-811.1643868658981,264,0.5303030303030303,200.0,-517.4357851021385,1000,0.078,200.0,-1003.608102282112,1000,0.067,200.0,-1012.1004718199889,12288,6116,384000000,614.7417500019073,ab16711
sfl_tilt,4,1966080,2000,0.5895,200.0,-504.0812112272071,0.0,1000,0.266,200.0,-780.5030625368082,1000,0.285,200.0,-772.6166396345093,264,0.5643939393939394,200.0,-500.7868653035741,1000,0.12,200.0,-989.9671437602267,1000,0.139,200.0,-987.2612585488745,12288,6116,384000000,614.7417500019073,ab16711
sfl_tilt,4,2211840,2000,0.567,200.0,-536.8137034053765,0.0,1000,0.224,200.0,-825.6244041637357,1000,0.206,200.0,-852.0822055277891,264,0.5757575757575758,200.0,-505.75170656116757,1000,0.079,200.0,-1020.1545423036576,1000,0.098,200.0,-1012.4751841305766,12288,6116,384000000,614.7417500019073,ab16711
sfl_tilt,4,2457600,2000,0.589,200.0,-527.3250288992698,0.04,1000,0.235,200.0,-833.6695049199818,1000,0.243,200.0,-843.3758796376691,264,0.6136363636363636,200.0,-497.16737489663194,1000,0.083,200.0,-1031.3050869534286,1000,0.104,200.0,-1023.0072541965097,12288,6116,384000000,614.7417500019073,ab16711
sfl_bisect,4,0,2000,0.0,200.0,-1460.8981785981468,0.0,1000,0.0,200.0,-1369.471695088623,1000,0.0,200.0,-1369.5526409019062,264,0.0,200.0,-1454.787309756322,1000,0.0,200.0,-1389.0298022257846,1000,0.0,200.0,-1402.280646441232,12288,6133,562560000,841.369176864624,ab16711
sfl_bisect,4,245760,2000,0.0,200.0,-1132.880466311886,0.0,1000,0.0,200.0,-1160.4507510852632,1000,0.0,200.0,-1154.1923081032967,264,0.0,200.0,-1106.837677631416,1000,0.0,200.0,-1203.2428832457356,1000,0.0,200.0,-1208.42471956602,12288,6133,562560000,841.369176864624,ab16711
sfl_bisect,4,491520,2000,0.061,200.0,-910.9086377094384,0.0,1000,0.003,200.0,-968.6454967489877,1000,0.001,200.0,-971.5140069061985,264,0.07575757575757576,200.0,-901.8619614704379,1000,0.001,200.0,-1052.1333623432406,1000,0.001,200.0,-1060.314343461677,12288,6133,562560000,841.369176864624,ab16711
sfl_bisect,4,737280,2000,0.239,200.0,-767.632966712621,0.0,1000,0.012,200.0,-1017.3385128480096,1000,0.019,200.0,-1016.24457659755,264,0.2803030303030303,200.0,-743.8336113769727,1000,0.008,200.0,-1096.0924426539968,1000,0.008,200.0,-1101.983138221587,12288,6133,562560000,841.369176864624,ab16711
sfl_bisect,4,983040,2000,0.304,200.0,-697.2514111625261,0.0,1000,0.028,200.0,-965.8034669008832,1000,0.04,200.0,-961.3693470294791,264,0.3143939393939394,200.0,-693.1661052247299,1000,0.012,200.0,-1064.5494749127672,1000,0.014,200.0,-1069.7873170398539,12288,6133,562560000,841.369176864624,ab16711
sfl_bisect,4,1228800,2000,0.374,200.0,-843.315514110469,0.0,1000,0.013,200.0,-1250.0553293357432,1000,0.021,200.0,-1238.3304073577676,264,0.3939393939393939,200.0,-818.3483891852726,1000,0.009,200.0,-1292.3824864856092,1000,0.01,200.0,-1295.8381550305298,12288,6133,562560000,841.369176864624,ab16711
sfl_bisect,4,1474560,2000,0.383,200.0,-804.6863573377273,0.0,1000,0.029,200.0,-1186.9786881810435,1000,0.031,200.0,-1179.1838883563858,264,0.3977272727272727,200.0,-784.5453024770245,1000,0.013,200.0,-1242.716473987723,1000,0.011,200.0,-1247.7280167650874,12288,6133,562560000,841.369176864624,ab16711
sfl_bisect,4,1720320,2000,0.4155,200.0,-708.2703047302298,0.0,1000,0.068,200.0,-1049.683296865681,1000,0.074,200.0,-1043.9029590888197,264,0.42424242424242425,200.0,-698.6062472225428,1000,0.03,200.0,-1144.6509132751696,1000,0.024,200.0,-1150.3334755128876,12288,6133,562560000,841.369176864624,ab16711
sfl_bisect,4,1966080,2000,0.464,200.0,-654.351436283701,0.0,1000,0.147,200.0,-966.7647446079878,1000,0.156,200.0,-956.4285379455861,264,0.4734848484848485,200.0,-642.212991320476,1000,0.072,200.0,-1098.9189510475094,1000,0.063,200.0,-1107.4450179088378,12288,6133,562560000,841.369176864624,ab16711
sfl_bisect,4,2211840,2000,0.6855,200.0,-389.9798601529008,0.14,1000,0.387,200.0,-631.3819215483566,1000,0.379,200.0,-636.4826711952869,264,0.7007575757575758,200.0,-388.4610012712025,1000,0.154,200.0,-873.0593286880372,1000,0.159,200.0,-869.9378219422134,12288,6133,562560000,841.369176864624,ab16711
sfl_bisect,4,2457600,2000,0.865,200.0,-258.1137382234035,0.385,1000,0.644,200.0,-471.2813469465072,1000,0.616,200.0,-490.0690469503297,264,0.8522727272727273,200.0,-270.55832406619396,1000,0.278,200.0,-791.471364032803,1000,0.291,200.0,-791.2887287277745,12288,6133,562560000,841.369176864624,ab16711
sfl_tilt_soft,4,0,2000,0.0,200.0,-1323.0484928630533,0.0,1000,0.0,200.0,-1197.49655853392,1000,0.0,200.0,-1195.8816799463748,264,0.0,200.0,-1341.0494225889502,1000,0.0,200.0,-1234.2159521979377,1000,0.0,200.0,-1238.5654367491854,12288,4966,384000000,614.796511888504,ab16711
sfl_tilt_soft,4,245760,2000,0.0,200.0,-1172.5358265772188,0.0,1000,0.0,200.0,-1130.8268338469704,1000,0.0,200.0,-1139.817327416744,264,0.0,200.0,-1187.4384971839045,1000,0.0,200.0,-1186.5633041190906,1000,0.0,200.0,-1191.2677130588713,12288,4966,384000000,614.796511888504,ab16711
sfl_tilt_soft,4,491520,2000,0.35,200.0,-632.7540455645618,0.0,1000,0.033,200.0,-933.2255102783009,1000,0.042,200.0,-927.8069845353502,264,0.3560606060606061,200.0,-625.3222889714285,1000,0.019,200.0,-1027.983213911872,1000,0.019,200.0,-1031.250796074888,12288,4966,384000000,614.796511888504,ab16711
sfl_tilt_soft,4,737280,2000,0.371,200.0,-766.5280148191005,0.0,1000,0.015,200.0,-1131.3291985487383,1000,0.021,200.0,-1126.553514822755,264,0.3977272727272727,200.0,-742.0334976474676,1000,0.01,200.0,-1177.3961400077053,1000,0.01,200.0,-1181.690784750331,12288,4966,384000000,614.796511888504,ab16711
sfl_tilt_soft,4,983040,2000,0.594,200.0,-417.76951550016884,0.0,1000,0.236,200.0,-705.5652500584355,1000,0.229,200.0,-712.7865681982297,264,0.625,200.0,-400.511832836077,1000,0.091,200.0,-920.9074192857516,1000,0.081,200.0,-925.9423054895825,12288,4966,384000000,614.796511888504,ab16711
sfl_tilt_soft,4,1228800,2000,0.7595,200.0,-322.47472103609664,0.175,1000,0.41,200.0,-595.4467424318327,1000,0.399,200.0,-609.7794191871101,264,0.7462121212121212,200.0,-326.7261639869823,1000,0.151,200.0,-868.4274373011075,1000,0.161,200.0,-857.942512781974,12288,4966,384000000,614.796511888504,ab16711
sfl_tilt_soft,4,1474560,2000,0.8085,200.0,-286.54060407319525,0.345,1000,0.529,200.0,-538.3095217079475,1000,0.523,200.0,-554.5749315257625,264,0.8371212121212122,200.0,-258.3618930163316,1000,0.227,200.0,-818.4023538665454,1000,0.237,200.0,-812.2093207333248,12288,4966,384000000,614.796511888504,ab16711
sfl_tilt_soft,4,1720320,2000,0.827,200.0,-267.0281771814065,0.37,1000,0.599,200.0,-491.35882929349066,1000,0.601,200.0,-502.14558581930675,264,0.875,200.0,-231.30573113493435,1000,0.308,200.0,-758.6988294544766,1000,0.307,200.0,-759.0092015021156,12288,4966,384000000,614.796511888504,ab16711
sfl_tilt_soft,4,1966080,2000,0.9055,200.0,-209.23138968991168,0.495,1000,0.711,200.0,-414.823719127227,1000,0.696,200.0,-433.70313695174997,264,0.9242424242424242,200.0,-196.30978047654668,1000,0.359,200.0,-717.2845865738809,1000,0.384,200.0,-704.6123465886516,12288,4966,384000000,614.796511888504,ab16711
sfl_tilt_soft,4,2211840,2000,0.7155,200.0,-359.60958224830483,0.215,1000,0.443,200.0,-630.254960955973,1000,0.443,200.0,-634.8567348152487,264,0.7462121212121212,200.0,-328.78737565373945,1000,0.275,200.0,-806.9085774450213,1000,0.271,200.0,-806.8253021273957,12288,4966,384000000,614.796511888504,ab16711
sfl_tilt_soft,4,2457600,2000,0.957,200.0,-171.77772487404988,0.665,1000,0.846,200.0,-342.5288318559767,1000,0.834,200.0,-350.39985190184507,264,0.9431818181818182,200.0,-185.3367677845655,1000,0.504,200.0,-630.7354456789761,1000,0.516,200.0,-625.6155723027499,12288,4966,384000000,614.796511888504,ab16711
sfl_ghost,4,0,2000,0.0,200.0,-1362.3654233457978,0.0,1000,0.0,200.0,-1302.8693698554487,1000,0.0,200.0,-1302.6634439440522,264,0.0,200.0,-1358.241079817717,1000,0.0,200.0,-1190.649398062482,1000,0.0,200.0,-1203.11580794012,12288,6132,766400000,1089.2129390239716,ab16711
sfl_ghost,4,245760,2000,0.0,200.0,-1161.1538203082932,0.0,1000,0.0,200.0,-1139.8817563564041,1000,0.0,200.0,-1137.9185451246651,264,0.0,200.0,-1183.0364688462319,1000,0.0,200.0,-1183.8566566412737,1000,0.0,200.0,-1189.3498507127008,12288,6132,766400000,1089.2129390239716,ab16711
sfl_ghost,4,491520,2000,0.02,200.0,-802.3294855810312,0.0,1000,0.002,200.0,-908.3150065955202,1000,0.002,200.0,-907.4132616203997,264,0.01893939393939394,200.0,-798.7564437595345,1000,0.001,200.0,-1022.0602929299171,1000,0.0,200.0,-1023.7450005699238,12288,6132,766400000,1089.2129390239716,ab16711
sfl_ghost,4,737280,2000,0.0,200.0,-963.3848020239891,0.0,1000,0.0,200.0,-902.7700661024842,1000,0.0,200.0,-905.9803623214259,264,0.0,200.0,-976.4843061041547,1000,0.0,200.0,-993.4330668558407,1000,0.0,200.0,-1005.2803955055307,12288,6132,766400000,1089.2129390239716,ab16711
sfl_ghost,4,983040,2000,0.0005,200.0,-804.0378714883874,0.0,1000,0.0,200.0,-931.1580653589612,1000,0.0,200.0,-931.8648902629234,264,0.003787878787878788,200.0,-804.7051183832007,1000,0.0,200.0,-1030.5469015529202,1000,0.001,200.0,-1035.697961586964,12288,6132,766400000,1089.2129390239716,ab16711
sfl_ghost,4,1228800,2000,0.1185,200.0,-675.5914949278981,0.0,1000,0.015,200.0,-855.8541850334008,1000,0.015,200.0,-859.9074263962202,264,0.13257575757575757,200.0,-664.2125593160416,1000,0.004,200.0,-987.3918056542783,1000,0.005,200.0,-989.3031957438297,12288,6132,766400000,1089.2129390239716,ab16711
sfl_ghost,4,1474560,2000,0.4075,200.0,-744.756051484195,0.0,1000,0.061,200.0,-1101.2883076398516,1000,0.058,200.0,-1099.713584775373,264,0.42803030303030304,200.0,-725.1932435681401,1000,0.027,200.0,-1183.6976380241201,1000,0.024,200.0,-1190.1519040927458,12288,6132,766400000,1089.2129390239716,ab16711
sfl_ghost,4,1720320,2000,0.4425,200.0,-611.2669192414756,0.0,1000,0.089,200.0,-933.4052452855767,1000,0.083,200.0,-938.9110358050242,264,0.4621212121212121,200.0,-598.0145245018792,1000,0.021,200.0,-1089.3363591479879,1000,0.016,200.0,-1094.015001252707,12288,6132,766400000,1089.2129390239716,ab16711
sfl_ghost,4,1966080,2000,0.524,200.0,-547.4548187001942,0.0,1000,0.168,200.0,-871.1287070568015,1000,0.177,200.0,-864.8961270991573,264,0.5189393939393939,200.0,-552.5527987585333,1000,0.043,200.0,-1064.6176477287565,1000,0.043,200.0,-1066.0690097657614,12288,6132,766400000,1089.2129390239716,ab16711
sfl_ghost,4,2211840,2000,0.6085,200.0,-456.3889043633846,0.025,1000,0.261,200.0,-760.9528012074445,1000,0.281,200.0,-749.0689194412602,264,0.6098484848484849,200.0,-464.06137661967574,1000,0.139,200.0,-976.3833516347503,1000,0.14,200.0,-973.3017277675398,12288,6132,766400000,1089.2129390239716,ab16711
sfl_ghost,4,2457600,2000,0.725,200.0,-375.2657701367787,0.165,1000,0.433,200.0,-633.3010123382109,1000,0.419,200.0,-642.5623149445097,264,0.7121212121212122,200.0,-386.25649078254037,1000,0.184,200.0,-906.8932812474708,1000,0.18,200.0,-915.7305617190744,12288,6132,766400000,1089.2129390239716,ab16711
sfl_tilt_carry,4,0,2000,0.0,200.0,-1284.2687718692848,0.0,1000,0.0,200.0,-1227.0749160470136,1000,0.0,200.0,-1234.2259518753444,264,0.0,200.0,-1301.5648746098361,1000,0.0,200.0,-1251.2818407369898,1000,0.0,200.0,-1258.9406980371518,12288,6185,384000000,616.0658209323883,ab16711
sfl_tilt_carry,4,245760,2000,0.448,200.0,-663.9069652866646,0.0,1000,0.154,200.0,-898.996535959756,1000,0.156,200.0,-904.113880911506,264,0.4318181818181818,200.0,-670.4769190567904,1000,0.054,200.0,-1043.55778211811,1000,0.066,200.0,-1044.8428922048283,12288,6185,384000000,616.0658209323883,ab16711
sfl_tilt_carry,4,491520,2000,0.018,200.0,-954.5360416117074,0.0,1000,0.001,200.0,-1049.26491571604,1000,0.001,200.0,-1047.4601571172298,264,0.015151515151515152,200.0,-948.4618891995788,1000,0.001,200.0,-1106.6939178153962,1000,0.0,200.0,-1114.5563622242855,12288,6185,384000000,616.0658209323883,ab16711
sfl_tilt_carry,4,737280,2000,0.0775,200.0,-752.3272857889735,0.0,1000,0.003,200.0,-912.6364450623789,1000,0.01,200.0,-906.7775550174866,264,0.0946969696969697,200.0,-721.8653466194736,1000,0.005,200.0,-1017.7040020062977,1000,0.0,200.0,-1030.030052137204,12288,6185,384000000,616.0658209323883,ab16711
sfl_tilt_carry,4,983040,2000,0.4805,200.0,-531.638785345573,0.0,1000,0.158,200.0,-834.9261864294504,1000,0.16,200.0,-837.7162296297415,264,0.48484848484848486,200.0,-551.4975177152238,1000,0.065,200.0,-993.5971522225011,1000,0.052,200.0,-1008.1787504150551,12288,6185,384000000,616.0658209323883,ab16711
sfl_tilt_carry,4,1228800,2000,0.5285,200.0,-560.9311418466075,0.0,1000,0.171,200.0,-923.3757796810752,1000,0.176,200.0,-920.1728463053526,264,0.553030303030303,200.0,-545.9472829371996,1000,0.116,200.0,-1025.3932323712363,1000,0.11,200.0,-1039.2458476420077,12288,6185,384000000,616.0658209323883,ab16711
sfl_tilt_carry,4,1474560,2000,0.571,200.0,-520.1424832485094,0.0,1000,0.217,200.0,-877.6443050568715,1000,0.213,200.0,-883.1719568455096,264,0.5871212121212122,200.0,-509.89034141165865,1000,0.151,200.0,-994.5929874586201,1000,0.154,200.0,-1000.208692972395,12288,6185,384000000,616.0658209323883,ab16711
sfl_tilt_carry,4,1720320,2000,0.593,200.0,-485.5335063785432,0.0,1000,0.249,200.0,-834.4387140995565,1000,0.252,200.0,-836.6612222578356,264,0.6060606060606061,200.0,-478.44945652056236,1000,0.177,200.0,-965.3893333003585,1000,0.176,200.0,-969.4285408643666,12288,6185,384000000,616.0658209323883,ab16711
sfl_tilt_carry,4,1966080,2000,0.5825,200.0,-460.5100504610435,0.0,1000,0.197,200.0,-820.0316482896691,1000,0.219,200.0,-808.9634903932206,264,0.6136363636363636,200.0,-441.426999356199,1000,0.092,200.0,-992.463260148122,1000,0.095,200.0,-994.4391282424709,12288,6185,384000000,616.0658209323883,ab16711
sfl_tilt_carry,4,2211840,2000,0.724,200.0,-345.64696143002203,0.115,1000,0.352,200.0,-686.3890362539563,1000,0.343,200.0,-689.7141366804278,264,0.678030303030303,200.0,-376.5531111463898,1000,0.141,200.0,-918.1647102364869,1000,0.159,200.0,-918.4194114385837,12288,6185,384000000,616.0658209323883,ab16711
sfl_tilt_carry,4,2457600,2000,0.6745,200.0,-428.8675629324353,0.115,1000,0.354,200.0,-721.2627479824625,1000,0.355,200.0,-718.0868336290084,264,0.6742424242424242,200.0,-419.89914761642734,1000,0.124,200.0,-972.20599506489,1000,0.145,200.0,-962.9377583736438,12288,6185,384000000,616.0658209323883,ab16711
sfl_halving,4,0,2000,0.0,200.0,-1408.5683981894003,0.0,1000,0.0,200.0,-1296.6847763380238,1000,0.0,200.0,-1285.4055481356677,264,0.0,200.0,-1386.6582525620972,1000,0.0,200.0,-1181.3776405287012,1000,0.0,200.0,-1187.77020033944,12288,6151,960000000,1339.0929999351501,ab16711
sfl_halving,4,245760,2000,0.0,200.0,-1096.6089866923926,0.0,1000,0.0,200.0,-1084.653384222642,1000,0.0,200.0,-1081.1642040110664,264,0.0,200.0,-1075.6355755412599,1000,0.0,200.0,-1146.677116145246,1000,0.0,200.0,-1156.7359847294047,12288,6151,960000000,1339.0929999351501,ab16711
sfl_halving,4,491520,2000,0.2035,200.0,-806.0749712949267,0.0,1000,0.032,200.0,-886.0038647336692,1000,0.033,200.0,-897.182392953999,264,0.19318181818181818,200.0,-825.712184149013,1000,0.006,200.0,-998.1243997474828,1000,0.006,200.0,-1007.7229836145318,12288,6151,960000000,1339.0929999351501,ab16711
sfl_halving,4,737280,2000,0.0445,200.0,-997.9902438251241,0.0,1000,0.0,200.0,-1018.7988418598047,1000,0.0,200.0,-1023.5225181154599,264,0.03409090909090909,200.0,-1009.7573563114823,1000,0.0,200.0,-1091.7032552767075,1000,0.0,200.0,-1099.1886065612016,12288,6151,960000000,1339.0929999351501,ab16711
sfl_halving,4,983040,2000,0.0005,200.0,-875.8349769508798,0.0,1000,0.0,200.0,-1014.7070809527789,1000,0.0,200.0,-1014.9846030815467,264,0.0,200.0,-847.9312621131838,1000,0.0,200.0,-1083.1329439415629,1000,0.001,200.0,-1086.8110271095054,12288,6151,960000000,1339.0929999351501,ab16711
sfl_halving,4,1228800,2000,0.2005,200.0,-683.624252640642,0.0,1000,0.019,200.0,-897.310895331725,1000,0.026,200.0,-901.4463054630284,264,0.24621212121212122,200.0,-655.6779585544703,1000,0.012,200.0,-997.1018846580024,1000,0.011,200.0,-999.2425035677007,12288,6151,960000000,1339.0929999351501,ab16711
sfl_halving,4,1474560,2000,0.0535,200.0,-1011.0161373961506,0.0,1000,0.001,200.0,-980.9796376848077,1000,0.002,200.0,-1000.5584551828315,264,0.05303030303030303,200.0,-985.8199979168799,1000,0.003,200.0,-1009.0793303007159,1000,0.001,200.0,-1014.1974840197228,12288,6151,960000000,1339.0929999351501,ab16711
sfl_halving,4,1720320,2000,0.4965,200.0,-621.6513155751534,0.0,1000,0.185,200.0,-920.7081538386371,1000,0.199,200.0,-908.5197574342858,264,0.5037878787878788,200.0,-613.7869357614285,1000,0.091,200.0,-1075.0594249180403,1000,0.082,200.0,-1084.0561583151436,12288,6151,960000000,1339.0929999351501,ab16711
sfl_halving,4,1966080,2000,0.499,200.0,-579.0586840348637,0.0,1000,0.141,200.0,-885.6665594364748,1000,0.118,200.0,-912.7865302240497,264,0.49242424242424243,200.0,-581.42627636835,1000,0.052,200.0,-1037.870969987213,1000,0.056,200.0,-1041.7163038074764,12288,6151,960000000,1339.0929999351501,ab16711
sfl_halving,4,2211840,2000,0.64,200.0,-452.3021251732793,0.13,1000,0.357,200.0,-706.5605379423937,1000,0.351,200.0,-728.9447600841695,264,0.6477272727272727,200.0,-439.83509201071377,1000,0.179,200.0,-903.0909886239523,1000,0.155,200.0,-918.6485643498318,12288,6151,960000000,1339.0929999351501,ab16711
sfl_halving,4,2457600,2000,0.7665,200.0,-341.4668552487865,0.285,1000,0.512,200.0,-584.2419075532223,1000,0.488,200.0,-615.1801722826431,264,0.75,200.0,-351.73843217818467,1000,0.235,200.0,-857.3096329113522,1000,0.215,200.0,-870.3174513546109,12288,6151,960000000,1339.0929999351501,ab16711
sfl_tilt_amort,4,0,2000,0.0,200.0,-1453.938653648917,0.0,1000,0.0,200.0,-1286.8145200388594,1000,0.0,200.0,-1297.9614158082,264,0.0,200.0,-1461.0641683298697,1000,0.0,200.0,-1316.391625181803,1000,0.0,200.0,-1324.3172311861267,12288,6146,384000000,629.1363048553467,ab16711
sfl_tilt_amort,4,245760,2000,0.009,200.0,-1287.7849836897328,0.0,1000,0.014,200.0,-1141.9189280772837,1000,0.013,200.0,-1144.2271225296226,264,0.01893939393939394,200.0,-1285.9782218993319,1000,0.015,200.0,-1097.8310613783458,1000,0.015,200.0,-1105.4327744658867,12288,6146,384000000,629.1363048553467,ab16711
sfl_tilt_amort,4,491520,2000,0.04,200.0,-854.2504728933515,0.0,1000,0.0,200.0,-882.4733452709356,1000,0.001,200.0,-881.5761846832954,264,0.03409090909090909,200.0,-855.6657431655959,1000,0.001,200.0,-982.2926367024396,1000,0.0,200.0,-989.8739654071086,12288,6146,384000000,629.1363048553467,ab16711
sfl_tilt_amort,4,737280,2000,0.3665,200.0,-828.5965215885399,0.0,1000,0.018,200.0,-1199.3727315693538,1000,0.025,200.0,-1187.9289470464769,264,0.36363636363636365,200.0,-825.1476636009404,1000,0.011,200.0,-1249.9789806207564,1000,0.011,200.0,-1252.2446388960468,12288,6146,384000000,629.1363048553467,ab16711
sfl_tilt_amort,4,983040,2000,0.388,200.0,-809.3095981356857,0.0,1000,0.032,200.0,-1202.2909790460044,1000,0.039,200.0,-1191.5964186676513,264,0.4053030303030303,200.0,-785.7844951754137,1000,0.024,200.0,-1252.663305345827,1000,0.017,200.0,-1261.8900682819983,12288,6146,384000000,629.1363048553467,ab16711
sfl_tilt_amort,4,1228800,2000,0.3865,200.0,-790.1726843319384,0.0,1000,0.034,200.0,-1160.4552054958385,1000,0.038,200.0,-1151.376418742787,264,0.4053030303030303,200.0,-767.93804724171,1000,0.02,200.0,-1219.073404795712,1000,0.016,200.0,-1225.405049583399,12288,6146,384000000,629.1363048553467,ab16711
sfl_tilt_amort,4,1474560,2000,0.4605,200.0,-642.2870964902346,0.0,1000,0.114,200.0,-967.3224908866764,1000,0.141,200.0,-943.3836764942484,264,0.4621212121212121,200.0,-636.1139884903987,1000,0.068,200.0,-1081.6033356929681,1000,0.067,200.0,-1085.4978850978598,12288,6146,384000000,629.1363048553467,ab16711
sfl_tilt_amort,4,1720320,2000,0.495,200.0,-621.028862917912,0.0,1000,0.161,200.0,-937.4827126375328,1000,0.182,200.0,-917.7906580141012,264,0.5189393939393939,200.0,-598.6301348183254,1000,0.075,200.0,-1085.6840679509114,1000,0.07,200.0,-1090.2829060512463,12288,6146,384000000,629.1363048553467,ab16711
sfl_tilt_amort,4,1966080,2000,0.522,200.0,-591.0967132265549,0.0,1000,0.197,200.0,-898.8631813664043,1000,0.199,200.0,-897.6772296227446,264,0.5265151515151515,200.0,-582.0407427652502,1000,0.062,200.0,-1087.3468446956329,1000,0.068,200.0,-1086.7156715674498,12288,6146,384000000,629.1363048553467,ab16711
sfl_tilt_amort,4,2211840,2000,0.508,200.0,-585.8276676945175,0.0,1000,0.161,200.0,-904.0975345210556,1000,0.166,200.0,-896.0994509315058,264,0.5189393939393939,200.0,-578.1802952380156,1000,0.044,200.0,-1086.5719012208153,1000,0.043,200.0,-1089.1960624855985,12288,6146,384000000,629.1363048553467,ab16711
sfl_tilt_amort,4,2457600,2000,0.451,200.0,-620.4837254852837,0.0,1000,0.078,200.0,-955.5523623023622,1000,0.092,200.0,-954.4145249747145,264,0.4621212121212121,200.0,-615.2619639362769,1000,0.043,200.0,-1076.4297125182782,1000,0.039,200.0,-1084.1708915669242,12288,6146,384000000,629.1363048553467,ab16711
sfl_tilt_verify,4,0,2000,0.0,200.0,-1309.7032638621997,0.0,1000,0.0,200.0,-1203.1683928587195,1000,0.0,200.0,-1206.6179232377353,264,0.0,200.0,-1295.0705016792065,1000,0.0,200.0,-1252.9562000587825,1000,0.0,200.0,-1257.0104364063686,12288,6138,614400000,900.5679450035095,ab16711
sfl_tilt_verify,4,245760,2000,0.0005,200.0,-1101.249091961309,0.0,1000,0.0,200.0,-1046.0913662731014,1000,0.0,200.0,-1047.304736959068,264,0.0,200.0,-1110.1347837116589,1000,0.0,200.0,-1130.0251001397403,1000,0.0,200.0,-1128.1860293226246,12288,6138,614400000,900.5679450035095,ab16711
sfl_tilt_verify,4,491520,2000,0.3575,200.0,-809.4014200887298,0.0,1000,0.009,200.0,-1156.681204473051,1000,0.016,200.0,-1149.3912868587788,264,0.38257575757575757,200.0,-787.367070876927,1000,0.007,200.0,-1187.5812513804688,1000,0.007,200.0,-1193.1176689107165,12288,6138,614400000,900.5679450035095,ab16711
sfl_tilt_verify,4,737280,2000,0.398,200.0,-770.6142438399999,0.0,1000,0.041,200.0,-1145.529998309737,1000,0.044,200.0,-1140.6835180653363,264,0.42424242424242425,200.0,-747.293348490668,1000,0.028,200.0,-1191.6219158064162,1000,0.031,200.0,-1196.1500420150367,12288,6138,614400000,900.5679450035095,ab16711
sfl_tilt_verify,4,983040,2000,0.454,200.0,-685.9041231918097,0.0,1000,0.103,200.0,-1041.5654339900916,1000,0.101,200.0,-1041.6090705676038,264,0.4810606060606061,200.0,-665.0965059235647,1000,0.07,200.0,-1114.1056374511934,1000,0.082,200.0,-1114.6164457885413,12288,6138,614400000,900.5679450035095,ab16711
sfl_tilt_verify,4,1228800,2000,0.4935,200.0,-623.5678163307955,0.0,1000,0.145,200.0,-957.6255744940202,1000,0.158,200.0,-946.1523399020557,264,0.5303030303030303,200.0,-591.8731181120783,1000,0.097,200.0,-1048.4157314845925,1000,0.104,200.0,-1053.8158344164156,12288,6138,614400000,900.5679450035095,ab16711
sfl_tilt_verify,4,1474560,2000,0.492,200.0,-605.4940961963613,0.0,1000,0.128,200.0,-940.3543206121543,1000,0.138,200.0,-931.0221860426894,264,0.5378787878787878,200.0,-567.6258280389637,1000,0.084,200.0,-1043.1037076346363,1000,0.066,200.0,-1059.403886755143,12288,6138,614400000,900.5679450035095,ab16711
sfl_tilt_verify,4,1720320,2000,0.4975,200.0,-595.5943338648875,0.0,1000,0.127,200.0,-940.978829536717,1000,0.122,200.0,-941.0369296115772,264,0.5340909090909091,200.0,-569.9813365009642,1000,0.069,200.0,-1055.2243822326834,1000,0.067,200.0,-1061.0161342137437,12288,6138,614400000,900.5679450035095,ab16711
sfl_tilt_verify,4,1966080,2000,0.4805,200.0,-581.2075425825714,0.0,1000,0.1,200.0,-932.8287957175672,1000,0.093,200.0,-938.4656447927609,264,0.5227272727272727,200.0,-555.0894973973153,1000,0.058,200.0,-1041.2076643253845,1000,0.046,200.0,-1060.0632924793872,12288,6138,614400000,900.5679450035095,ab16711
sfl_tilt_verify,4,2211840,2000,0.6105,200.0,-450.03629552749265,0.03,1000,0.282,200.0,-753.4351491632603,1000,0.301,200.0,-750.0023471137115,264,0.6174242424242424,200.0,-443.0709427838443,1000,0.152,200.0,-937.4957849876996,1000,0.146,200.0,-947.0250954085428,12288,6138,614400000,900.5679450035095,ab16711
sfl_tilt_verify,4,2457600,2000,0.6545,200.0,-432.8068060442697,0.135,1000,0.324,200.0,-733.2474809694029,1000,0.341,200.0,-726.6402717113069,264,0.6553030303030303,200.0,-429.9776271433164,1000,0.169,200.0,-928.5243433462849,1000,0.156,200.0,-946.7249704275146,12288,6138,614400000,900.5679450035095,ab16711
sfl_spread,5,0,2000,0.0,200.0,-1490.5629731766694,0.0,1000,0.0,200.0,-1322.9382817727,1000,0.0,200.0,-1317.727714380514,264,0.0,200.0,-1469.2865661272842,1000,0.0,200.0,-1226.5255985762753,1000,0.0,200.0,-1233.0718229974827,12288,6205,384000000,611.5873010158539,ab16711
sfl_spread,5,245760,2000,0.002,200.0,-1030.799564112602,0.0,1000,0.0,200.0,-1007.8056475062198,1000,0.0,200.0,-1009.1717756127794,264,0.0,200.0,-1047.6462852115628,1000,0.0,200.0,-1089.5960665630778,1000,0.0,200.0,-1093.5610514951577,12288,6205,384000000,611.5873010158539,ab16711
sfl_spread,5,491520,2000,0.0,200.0,-823.2630726450109,0.0,1000,0.0,200.0,-908.1962053048519,1000,0.0,200.0,-913.1749302698942,264,0.0,200.0,-825.6872985008813,1000,0.0,200.0,-1022.6580538408389,1000,0.0,200.0,-1022.4489997105347,12288,6205,384000000,611.5873010158539,ab16711
sfl_spread,5,737280,2000,0.3965,200.0,-777.4694452658629,0.0,1000,0.054,200.0,-1155.9198033369958,1000,0.056,200.0,-1149.7617995040068,264,0.4053030303030303,200.0,-764.8315217232208,1000,0.029,200.0,-1222.24685142313,1000,0.028,200.0,-1224.8428352333665,12288,6205,384000000,611.5873010158539,ab16711
sfl_spread,5,983040,2000,0.4145,200.0,-746.0260021509766,0.0,1000,0.067,200.0,-1106.8826873358273,1000,0.071,200.0,-1099.734841718956,264,0.4318181818181818,200.0,-724.722345597262,1000,0.033,200.0,-1186.4587262362888,1000,0.03,200.0,-1191.7940021347079,12288,6205,384000000,611.5873010158539,ab16711
sfl_spread,5,1228800,2000,0.4205,200.0,-710.7417990915721,0.0,1000,0.079,200.0,-1042.7321860869324,1000,0.083,200.0,-1040.8281892106063,264,0.42803030303030304,200.0,-699.5642074717958,1000,0.038,200.0,-1139.9010367641288,1000,0.035,200.0,-1145.3627953567172,12288,6205,384000000,611.5873010158539,ab16711
sfl_spread,5,1474560,2000,0.412,200.0,-752.4435830280497,0.0,1000,0.07,200.0,-1104.2361645529936,1000,0.074,200.0,-1096.0820172721371,264,0.42045454545454547,200.0,-740.3494677282685,1000,0.044,200.0,-1178.1937787096115,1000,0.033,200.0,-1190.1240083953542,12288,6205,384000000,611.5873010158539,ab16711
sfl_spread,5,1720320,2000,0.5005,200.0,-628.8347899468757,0.0,1000,0.17,200.0,-943.8186413047576,1000,0.186,200.0,-925.868983102043,264,0.5075757575757576,200.0,-620.2058376573715,1000,0.07,200.0,-1098.6896718323972,1000,0.078,200.0,-1098.4650370514908,12288,6205,384000000,611.5873010158539,ab16711
sfl_spread,5,1966080,2000,0.5185,200.0,-623.630799879424,0.0,1000,0.201,200.0,-932.9525419785668,1000,0.209,200.0,-921.0674977705929,264,0.5303030303030303,200.0,-605.7842816732507,1000,0.093,200.0,-1100.0770320085765,1000,0.096,200.0,-1098.9065574511094,12288,6205,384000000,611.5873010158539,ab16711
sfl_spread,5,2211840,2000,0.4775,200.0,-610.7043097143363,0.0,1000,0.131,200.0,-931.2360551734732,1000,0.126,200.0,-930.608058313973,264,0.48863636363636365,200.0,-603.5685079343694,1000,0.043,200.0,-1092.3239736841642,1000,0.034,200.0,-1099.211330196634,12288,6205,384000000,611.5873010158539,ab16711
sfl_spread,5,2457600,2000,0.445,200.0,-639.5461121404004,0.0,1000,0.091,200.0,-965.3892372183334,1000,0.084,200.0,-969.3739775008518,264,0.45454545454545453,200.0,-639.4573617025655,1000,0.055,200.0,-1079.0660334211987,1000,0.048,200.0,-1086.4131039913702,12288,6205,384000000,611.5873010158539,ab16711
sfl_tilt_sc,5,0,2000,0.0,200.0,-1586.8030522244005,0.0,1000,0.0,200.0,-1514.663722063669,1000,0.0,200.0,-1510.7897217903078,264,0.0,200.0,-1579.7497373302037,1000,0.0,200.0,-1526.886852651524,1000,0.0,200.0,-1534.5015510818353,12288,4575,384000000,612.911290884018,ab16711
sfl_tilt_sc,5,245760,2000,0.0,200.0,-1199.4088474496718,0.0,1000,0.0,200.0,-1043.9377948723184,1000,0.0,200.0,-1038.8251645872554,264,0.0,200.0,-1191.5493457183682,1000,0.0,200.0,-1081.7644063975638,1000,0.0,200.0,-1089.1259592342656,12288,4575,384000000,612.911290884018,ab16711
sfl_tilt_sc,5,491520,2000,0.374,200.0,-757.7158266254388,0.0,1000,0.051,200.0,-1092.3433875002388,1000,0.059,200.0,-1086.0626496421407,264,0.38257575757575757,200.0,-753.2397619749823,1000,0.013,200.0,-1176.2046739336633,1000,0.015,200.0,-1179.7781643050942,12288,4575,384000000,612.911290884018,ab16711
sfl_tilt_sc,5,737280,2000,0.0025,200.0,-880.4029618588155,0.0,1000,0.0,200.0,-951.7257912620902,1000,0.0,200.0,-961.5736062182887,264,0.003787878787878788,200.0,-866.3275627987223,1000,0.0,200.0,-1029.7134588951412,1000,0.0,200.0,-1030.5501220573865,12288,4575,384000000,612.911290884018,ab16711
sfl_tilt_sc,5,983040,2000,0.3865,200.0,-785.6827407466909,0.0,1000,0.034,200.0,-1164.0512767249522,1000,0.042,200.0,-1153.8320228432199,264,0.39015151515151514,200.0,-777.0340236536643,1000,0.014,200.0,-1227.0452299718677,1000,0.015,200.0,-1228.760738023117,12288,4575,384000000,612.911290884018,ab16711
sfl_tilt_sc,5,1228800,2000,0.3885,200.0,-809.8040884138768,0.0,1000,0.034,200.0,-1207.887669000169,1000,0.038,200.0,-1200.2927654574335,264,0.4015151515151515,200.0,-788.9372779464849,1000,0.025,200.0,-1259.0357530510512,1000,0.019,200.0,-1266.9256321116388,12288,4575,384000000,612.911290884018,ab16711
sfl_tilt_sc,5,1474560,2000,0.479,200.0,-638.3443013437854,0.0,1000,0.15,200.0,-955.0436936455479,1000,0.15,200.0,-952.4486328435758,264,0.49242424242424243,200.0,-619.0521530420953,1000,0.059,200.0,-1106.3605870255776,1000,0.058,200.0,-1110.8192605757538,12288,4575,384000000,612.911290884018,ab16711
sfl_tilt_sc,5,1720320,2000,0.504,200.0,-582.2763289306216,0.0,1000,0.149,200.0,-907.545880267457,1000,0.165,200.0,-894.9857341938856,264,0.5227272727272727,200.0,-572.579060542669,1000,0.043,200.0,-1086.5743201017358,1000,0.036,200.0,-1092.7401131317658,12288,4575,384000000,612.911290884018,ab16711
sfl_tilt_sc,5,1966080,2000,0.493,200.0,-578.7708561524834,0.0,1000,0.117,200.0,-925.8915616839494,1000,0.134,200.0,-915.6755792778868,264,0.4962121212121212,200.0,-579.4160279917273,1000,0.043,200.0,-1084.143492494166,1000,0.038,200.0,-1088.2831712881089,12288,4575,384000000,612.911290884018,ab16711
sfl_tilt_sc,5,2211840,2000,0.5755,200.0,-482.76271772544493,0.0,1000,0.213,200.0,-805.5946254420564,1000,0.225,200.0,-794.8220415336095,264,0.5984848484848485,200.0,-467.5753068077784,1000,0.081,200.0,-1014.3318277634339,1000,0.088,200.0,-1008.8534073660512,12288,4575,384000000,612.911290884018,ab16711
sfl_tilt_sc,5,2457600,2000,0.7935,200.0,-308.3674322978696,0.215,1000,0.481,200.0,-583.5976083700235,1000,0.47,200.0,-586.9765859186737,264,0.7803030303030303,200.0,-313.7717670499171,1000,0.274,200.0,-843.6432217158497,1000,0.275,200.0,-840.4228387252182,12288,4575,384000000,612.911290884018,ab16711
sfl_tilt,5,0,2000,0.0,200.0,-1232.7992066146523,0.0,1000,0.0,200.0,-1216.9917641564082,1000,0.0,200.0,-1215.6588362184973,264,0.0,200.0,-1223.7364648330458,1000,0.0,200.0,-1137.2256234347574,1000,0.0,200.0,-1132.3912121830806,12288,6065,384000000,613.0161027908325,ab16711
sfl_tilt,5,245760,2000,0.309,200.0,-751.8165458490291,0.0,1000,0.015,200.0,-1040.4696647626101,1000,0.021,200.0,-1037.4536156860415,264,0.3560606060606061,200.0,-714.7643251435229,1000,0.006,200.0,-1097.6503114421018,1000,0.007,200.0,-1105.3471807129038,12288,6065,384000000,613.0161027908325,ab16711
sfl_tilt,5,491520,2000,0.001,200.0,-847.3093457212597,0.0,1000,0.0,200.0,-985.7919429120784,1000,0.0,200.0,-980.1225413461231,264,0.0,200.0,-813.1982983815673,1000,0.0,200.0,-1057.7675465076582,1000,0.0,200.0,-1065.9199908344215,12288,6065,384000000,613.0161027908325,ab16711
sfl_tilt,5,737280,2000,0.435,200.0,-702.3277082937138,0.0,1000,0.078,200.0,-1069.8252292994864,1000,0.078,200.0,-1070.327993729584,264,0.4431818181818182,200.0,-698.7304241832561,1000,0.052,200.0,-1135.611060251488,1000,0.046,200.0,-1147.4991001692908,12288,6065,384000000,613.0161027908325,ab16711
sfl_tilt,5,983040,2000,0.4255,200.0,-732.3568397014744,0.0,1000,0.062,200.0,-1116.8654974140914,1000,0.068,200.0,-1111.7279691186682,264,0.45075757575757575,200.0,-708.2866629323806,1000,0.045,200.0,-1172.4191605703293,1000,0.043,200.0,-1182.5102757938475,12288,6065,384000000,613.0161027908325,ab16711
sfl_tilt,5,1228800,2000,0.491,200.0,-644.3524028994239,0.0,1000,0.142,200.0,-1009.1630864563505,1000,0.137,200.0,-1009.4792540582438,264,0.5,200.0,-636.9408198814922,1000,0.105,200.0,-1087.7066526540773,1000,0.113,200.0,-1092.7353342930228,12288,6065,384000000,613.0161027908325,ab16711
sfl_tilt,5,1474560,2000,0.5315,200.0,-585.7922488091072,0.0,1000,0.175,200.0,-942.8615999402152,1000,0.187,200.0,-929.7301823558156,264,0.5492424242424242,200.0,-564.799371254624,1000,0.148,200.0,-1025.0293845445005,1000,0.141,200.0,-1038.1302749455472,12288,6065,384000000,613.0161027908325,ab16711
sfl_tilt,5,1720320,2000,0.537,200.0,-551.0644743010741,0.0,1000,0.165,200.0,-903.10965769567,1000,0.183,200.0,-893.5579812478722,264,0.5606060606060606,200.0,-531.6701395848313,1000,0.11,200.0,-1011.9606976918982,1000,0.107,200.0,-1022.9022089703262,12288,6065,384000000,613.0161027908325,ab16711
sfl_tilt,5,1966080,2000,0.7495,200.0,-339.49484578589664,0.185,1000,0.395,200.0,-635.6353410080139,1000,0.411,200.0,-635.4738718780517,264,0.7272727272727273,200.0,-345.87253338106797,1000,0.152,200.0,-883.3854465313368,1000,0.159,200.0,-887.854167409508,12288,6065,384000000,613.0161027908325,ab16711
sfl_tilt,5,2211840,2000,0.8605,200.0,-255.46798789555496,0.335,1000,0.577,200.0,-519.6554120854847,1000,0.614,200.0,-508.66499969386786,264,0.821969696969697,200.0,-273.2959363735852,1000,0.305,200.0,-776.4723222101068,1000,0.298,200.0,-781.0207976153046,12288,6065,384000000,613.0161027908325,ab16711
sfl_tilt,5,2457600,2000,0.8205,200.0,-273.1435267520685,0.325,1000,0.553,200.0,-531.3289449499459,1000,0.568,200.0,-524.1583065152124,264,0.8106060606060606,200.0,-277.86808634575584,1000,0.253,200.0,-790.305000670673,1000,0.249,200.0,-793.8689867702052,12288,6065,384000000,613.0161027908325,ab16711
sfl_bisect,5,0,2000,0.0,200.0,-1180.2788426498612,0.0,1000,0.0,200.0,-1048.7144663618835,1000,0.0,200.0,-1060.9884552239562,264,0.0,200.0,-1174.7494558333556,1000,0.0,200.0,-1125.7573965206152,1000,0.0,200.0,-1132.829854342094,12288,6135,466080000,720.3684480190277,ab16711
sfl_bisect,5,245760,2000,0.0255,200.0,-1166.666620444029,0.0,1000,0.008,200.0,-1140.6183240718358,1000,0.007,200.0,-1142.5019993277797,264,0.022727272727272728,200.0,-1182.6239050301876,1000,0.001,200.0,-1202.0178705015135,1000,0.002,200.0,-1206.8605344553387,12288,6135,466080000,720.3684480190277,ab16711
sfl_bisect,5,491520,2000,0.006,200.0,-919.5838780614506,0.0,1000,0.0,200.0,-998.2695839820491,1000,0.0,200.0,-1001.5394577238327,264,0.003787878787878788,200.0,-904.7461366544812,1000,0.0,200.0,-1081.5715006502842,1000,0.0,200.0,-1083.170602285343,12288,6135,466080000,720.3684480190277,ab16711
sfl_bisect,5,737280,2000,0.0,200.0,-978.5478963541191,0.0,1000,0.0,200.0,-942.2944700797191,1000,0.0,200.0,-948.3898978610114,264,0.0,200.0,-974.375938359123,1000,0.0,200.0,-1014.5357876165597,1000,0.0,200.0,-1015.1378227380917,12288,6135,466080000,720.3684480190277,ab16711
sfl_bisect,5,983040,2000,0.0,200.0,-883.4816460636987,0.0,1000,0.0,200.0,-915.0914722211912,1000,0.0,200.0,-917.4193545791775,264,0.0,200.0,-884.661367584322,1000,0.0,200.0,-997.9882396536926,1000,0.001,200.0,-1002.3443595752633,12288,6135,466080000,720.3684480190277,ab16711
sfl_bisect,5,1228800,2000,0.001,200.0,-793.4757036028672,0.0,1000,0.0,200.0,-896.2970306014907,1000,0.0,200.0,-904.0943358871073,264,0.0,200.0,-793.4788887837511,1000,0.0,200.0,-1008.2080300724909,1000,0.0,200.0,-1011.254804132539,12288,6135,466080000,720.3684480190277,ab16711
sfl_bisect,5,1474560,2000,0.0755,200.0,-709.2838299841527,0.0,1000,0.003,200.0,-847.364729782366,1000,0.003,200.0,-856.6600050685408,264,0.07196969696969698,200.0,-711.3831172792568,1000,0.0,200.0,-986.507455722148,1000,0.0,200.0,-992.0042891856625,12288,6135,466080000,720.3684480190277,ab16711
sfl_bisect,5,1720320,2000,0.3345,200.0,-590.1782095514935,0.0,1000,0.037,200.0,-856.9272227741103,1000,0.042,200.0,-858.3012360778415,264,0.32954545454545453,200.0,-595.8311780587511,1000,0.008,200.0,-1009.1346733162832,1000,0.01,200.0,-1013.7892893680978,12288,6135,466080000,720.3684480190277,ab16711
sfl_bisect,5,1966080,2000,0.468,200.0,-589.1991107520569,0.0,1000,0.146,200.0,-871.0910073039004,1000,0.185,200.0,-847.0282695948146,264,0.5,200.0,-563.8920413082919,1000,0.126,200.0,-999.2870802080554,1000,0.132,200.0,-995.9824962863423,12288,6135,466080000,720.3684480190277,ab16711
sfl_bisect,5,2211840,2000,0.5765,200.0,-514.1047429909022,0.0,1000,0.243,200.0,-790.0779570836878,1000,0.259,200.0,-792.625211088605,264,0.5681818181818182,200.0,-505.6276598150998,1000,0.081,200.0,-1019.3049514884179,1000,0.094,200.0,-1020.5233330924418,12288,6135,466080000,720.3684480190277,ab16711
sfl_bisect,5,2457600,2000,0.5595,200.0,-557.233523021391,0.0,1000,0.223,200.0,-863.8347828047692,1000,0.194,200.0,-891.7727290149378,264,0.5833333333333334,200.0,-529.3360537295426,1000,0.088,200.0,-1043.3297200502363,1000,0.083,200.0,-1054.9764389796387,12288,6135,466080000,720.3684480190277,ab16711
sfl_tilt_soft,5,0,2000,0.0,200.0,-1259.7137998777368,0.0,1000,0.0,200.0,-1195.1163899221058,1000,0.0,200.0,-1196.6388283015046,264,0.0,200.0,-1256.0160422945112,1000,0.0,200.0,-1226.909594860034,1000,0.0,200.0,-1237.2054703279387,12288,4892,384000000,614.6978709697723,ab16711
sfl_tilt_soft,5,245760,2000,0.0035,200.0,-946.5680184349427,0.0,1000,0.0,200.0,-1053.351861517333,1000,0.001,200.0,-1052.5327101011808,264,0.003787878787878788,200.0,-941.2586233520034,1000,0.0,200.0,-1122.4064559683209,1000,0.001,200.0,-1125.2229559734703,12288,4892,384000000,614.6978709697723,ab16711
sfl_tilt_soft,5,491520,2000,0.0,200.0,-983.9857465938826,0.0,1000,0.0,200.0,-901.25587821978,1000,0.0,200.0,-907.836078359365,264,0.0,200.0,-991.2733719687353,1000,0.0,200.0,-999.4785388061991,1000,0.0,200.0,-1002.7216463331495,12288,4892,384000000,614.6978709697723,ab16711
sfl_tilt_soft,5,737280,2000,0.3575,200.0,-778.1253423610227,0.0,1000,0.024,200.0,-1113.154043223009,1000,0.024,200.0,-1119.3303248873026,264,0.3712121212121212,200.0,-765.0651651324499,1000,0.014,200.0,-1161.3792863201252,1000,0.011,200.0,-1167.7866798702437,12288,4892,384000000,614.6978709697723,ab16711
sfl_tilt_soft,5,983040,2000,0.385,200.0,-801.5459473266825,0.0,1000,0.034,200.0,-1176.4639947854025,1000,0.041,200.0,-1169.6853793724795,264,0.4090909090909091,200.0,-779.7766262043124,1000,0.026,200.0,-1219.094095571883,1000,0.028,200.0,-1227.3934705649342,12288,4892,384000000,614.6978709697723,ab16711
sfl_tilt_soft,5,1228800,2000,0.489,200.0,-649.1230783508355,0.0,1000,0.139,200.0,-1009.2372052060797,1000,0.146,200.0,-1001.6023625900765,264,0.5,200.0,-636.7421867679677,1000,0.113,200.0,-1079.8725980186016,1000,0.12,200.0,-1086.0343147690883,12288,4892,384000000,614.6978709697723,ab16711
sfl_tilt_soft,5,1474560,2000,0.511,200.0,-637.5073388435222,0.0,1000,0.165,200.0,-999.6068928692257,1000,0.178,200.0,-981.3503578954767,264,0.5416666666666666,200.0,-601.3378228842674,1000,0.14,200.0,-1066.037409305171,1000,0.141,200.0,-1075.2128055489027,12288,4892,384000000,614.6978709697723,ab16711
sfl_tilt_soft,5,1720320,2000,0.5545,200.0,-575.3229564487913,0.0,1000,0.189,200.0,-932.5924678223025,1000,0.205,200.0,-923.2780010356904,264,0.5681818181818182,200.0,-560.8244851846139,1000,0.129,200.0,-1038.960364313567,1000,0.138,200.0,-1042.0007422012734,12288,4892,384000000,614.6978709697723,ab16711
sfl_tilt_soft,5,1966080,2000,0.553,200.0,-550.4101240453273,0.0,1000,0.176,200.0,-915.3187469333544,1000,0.18,200.0,-909.7218247889127,264,0.5795454545454546,200.0,-529.3649774630685,1000,0.106,200.0,-1034.7907700579342,1000,0.1,200.0,-1045.713682499027,12288,4892,384000000,614.6978709697723,ab16711
sfl_tilt_soft,5,2211840,2000,0.547,200.0,-546.7903889202072,0.0,1000,0.163,200.0,-909.2839896954277,1000,0.175,200.0,-897.4009500011764,264,0.5757575757575758,200.0,-526.0342916361527,1000,0.093,200.0,-1033.428107734741,1000,0.087,200.0,-1045.8291288837313,12288,4892,384000000,614.6978709697723,ab16711
sfl_tilt_soft,5,2457600,2000,0.609,200.0,-472.23326530596825,0.08,1000,0.286,200.0,-768.8827158690018,1000,0.316,200.0,-755.947276921255,264,0.6477272727272727,200.0,-436.9450896035265,1000,0.136,200.0,-972.7989992966169,1000,0.148,200.0,-973.1671044228353,12288,4892,384000000,614.6978709697723,ab16711
sfl_tilt_carry,5,0,2000,0.0,200.0,-1504.971544211135,0.0,1000,0.0,200.0,-1437.747292312979,1000,0.0,200.0,-1433.8598146234638,264,0.0,200.0,-1490.1964653806692,1000,0.0,200.0,-1435.6779181320603,1000,0.0,200.0,-1446.3454903066668,12288,6213,384000000,619.2855219841003,ab16711
sfl_tilt_carry,5,245760,2000,0.0065,200.0,-790.3411184855388,0.0,1000,0.0,200.0,-945.5916913385388,1000,0.004,200.0,-946.9312490026782,264,0.015151515151515152,200.0,-805.4050732122753,1000,0.0,200.0,-1035.975390540279,1000,0.0,200.0,-1040.5783616327685,12288,6213,384000000,619.2855219841003,ab16711
sfl_tilt_carry,5,491520,2000,0.0,200.0,-1041.4166779002105,0.0,1000,0.0,200.0,-931.2696697089751,1000,0.0,200.0,-942.4417444855785,264,0.0,200.0,-1053.9518427407027,1000,0.0,200.0,-1013.1459572895457,1000,0.0,200.0,-1021.9675459721841,12288,6213,384000000,619.2855219841003,ab16711
sfl_tilt_carry,5,737280,2000,0.072,200.0,-818.6063428078543,0.0,1000,0.006,200.0,-950.8124556090378,1000,0.002,200.0,-953.3475619356441,264,0.05303030303030303,200.0,-815.6503806037824,1000,0.002,200.0,-1044.846085653883,1000,0.0,200.0,-1052.4119122175289,12288,6213,384000000,619.2855219841003,ab16711
sfl_tilt_carry,5,983040,2000,0.0005,200.0,-1082.0117529356642,0.0,1000,0.0,200.0,-955.4612913676046,1000,0.0,200.0,-961.5826058228719,264,0.0,200.0,-1076.4760057558585,1000,0.0,200.0,-1001.3484083821638,1000,0.0,200.0,-1009.287655212505,12288,6213,384000000,619.2855219841003,ab16711
sfl_tilt_carry,5,1228800,2000,0.001,200.0,-1159.2477973508408,0.0,1000,0.0,200.0,-1021.6523191845561,1000,0.0,200.0,-1024.9222675597055,264,0.003787878787878788,200.0,-1144.3173227554264,1000,0.0,200.0,-1028.8904653994746,1000,0.0,200.0,-1032.9454390996234,12288,6213,384000000,619.2855219841003,ab16711
sfl_tilt_carry,5,1474560,2000,0.15,200.0,-922.4208356398008,0.0,1000,0.008,200.0,-993.4441105903386,1000,0.007,200.0,-997.360878928337,264,0.16666666666666666,200.0,-878.3557270258884,1000,0.005,200.0,-997.7284976409842,1000,0.008,200.0,-1004.6125323121262,12288,6213,384000000,619.2855219841003,ab16711
sfl_tilt_carry,5,1720320,2000,0.105,200.0,-919.1789956059494,0.0,1000,0.016,200.0,-969.5870329589904,1000,0.021,200.0,-961.7489604932994,264,0.09848484848484848,200.0,-905.0307833018538,1000,0.008,200.0,-994.8153439624386,1000,0.011,200.0,-1007.0996272937952,12288,6213,384000000,619.2855219841003,ab16711
sfl_tilt_carry,5,1966080,2000,0.496,200.0,-541.8471428634338,0.0,1000,0.181,200.0,-822.4189057266158,1000,0.19,200.0,-812.5488750992984,264,0.5113636363636364,200.0,-526.8888286348943,1000,0.082,200.0,-998.6589975204445,1000,0.099,200.0,-994.0528160677636,12288,6213,384000000,619.2855219841003,ab16711
sfl_tilt_carry,5,2211840,2000,0.5925,200.0,-496.3581284181722,0.105,1000,0.238,200.0,-791.3922220478021,1000,0.244,200.0,-795.3969259967907,264,0.6325757575757576,200.0,-453.05026730073143,1000,0.08,200.0,-1002.1072518603763,1000,0.088,200.0,-1003.938166606557,12288,6213,384000000,619.2855219841003,ab16711
sfl_tilt_carry,5,2457600,2000,0.69,200.0,-407.074886539938,0.175,1000,0.426,200.0,-665.0657018103474,1000,0.418,200.0,-659.1062846473391,264,0.7007575757575758,200.0,-399.8332969940639,1000,0.161,200.0,-946.3190755175636,1000,0.167,200.0,-938.4136016818951,12288,6213,384000000,619.2855219841003,ab16711
sfl_ghost,5,0,2000,0.0,200.0,-1656.9899841317963,0.0,1000,0.0,200.0,-1545.3567438219395,1000,0.0,200.0,-1545.6332440721771,264,0.0,200.0,-1639.9130330056269,1000,0.0,200.0,-1538.7115365798422,1000,0.0,200.0,-1546.9180185401244,12288,6093,766400000,1089.339184999466,ab16711
sfl_ghost,5,245760,2000,0.2065,200.0,-827.4358675567269,0.0,1000,0.024,200.0,-1040.2750914191902,1000,0.033,200.0,-1041.311547149143,264,0.1893939393939394,200.0,-811.2308398478847,1000,0.009,200.0,-1129.585952307131,1000,0.011,200.0,-1128.0371372943332,12288,6093,766400000,1089.339184999466,ab16711
sfl_ghost,5,491520,2000,0.0105,200.0,-943.2124640299667,0.0,1000,0.0,200.0,-979.3254408810474,1000,0.001,200.0,-995.5396567082136,264,0.011363636363636364,200.0,-931.4581815221321,1000,0.0,200.0,-1051.2376736974563,1000,0.002,200.0,-1054.8030440638345,12288,6093,766400000,1089.339184999466,ab16711
sfl_ghost,5,737280,2000,0.0,200.0,-1004.1019181420321,0.0,1000,0.0,200.0,-985.7784900758398,1000,0.0,200.0,-1004.3857696132142,264,0.0,200.0,-987.4367225125876,1000,0.0,200.0,-1057.3813664031056,1000,0.0,200.0,-1062.3944564851117,12288,6093,766400000,1089.339184999466,ab16711
sfl_ghost,5,983040,2000,0.1885,200.0,-764.7703721443879,0.0,1000,0.015,200.0,-919.3999239275015,1000,0.014,200.0,-937.0490264587102,264,0.2159090909090909,200.0,-743.5698982463501,1000,0.007,200.0,-1017.4628326171471,1000,0.004,200.0,-1018.5584632940228,12288,6093,766400000,1089.339184999466,ab16711
sfl_ghost,5,1228800,2000,0.398,200.0,-733.660627312594,0.0,1000,0.064,200.0,-1056.5633242406439,1000,0.07,200.0,-1049.1808066322278,264,0.4090909090909091,200.0,-723.9308407712474,1000,0.041,200.0,-1139.7857925258184,1000,0.031,200.0,-1150.7127574186586,12288,6093,766400000,1089.339184999466,ab16711
sfl_ghost,5,1474560,2000,0.5,200.0,-640.7905119152283,0.0,1000,0.18,200.0,-952.1890939566903,1000,0.205,200.0,-932.3707280639501,264,0.5113636363636364,200.0,-620.901786069013,1000,0.101,200.0,-1095.885899464417,1000,0.1,200.0,-1096.564024942062,12288,6093,766400000,1089.339184999466,ab16711
sfl_ghost,5,1720320,2000,0.526,200.0,-604.1675247352174,0.0,1000,0.207,200.0,-910.5503811478908,1000,0.223,200.0,-892.9311551947684,264,0.5416666666666666,200.0,-581.3046872367657,1000,0.09,200.0,-1087.0923039489287,1000,0.092,200.0,-1088.184008732467,12288,6093,766400000,1089.339184999466,ab16711
sfl_ghost,5,1966080,2000,0.494,200.0,-593.2931130013787,0.0,1000,0.138,200.0,-920.7321217025809,1000,0.142,200.0,-912.8320367215152,264,0.5151515151515151,200.0,-576.8787974303614,1000,0.038,200.0,-1093.1640962071826,1000,0.034,200.0,-1097.3012258874026,12288,6093,766400000,1089.339184999466,ab16711
sfl_ghost,5,2211840,2000,0.4975,200.0,-603.0147728558665,0.0,1000,0.147,200.0,-922.756336536731,1000,0.143,200.0,-919.7530083875217,264,0.5303030303030303,200.0,-575.7447199019915,1000,0.036,200.0,-1103.3576165887628,1000,0.032,200.0,-1108.0782776834094,12288,6093,766400000,1089.339184999466,ab16711
sfl_ghost,5,2457600,2000,0.528,200.0,-578.8027827153145,0.0,1000,0.186,200.0,-883.0296929751786,1000,0.201,200.0,-867.7880900168659,264,0.5303030303030303,200.0,-569.7420378252627,1000,0.071,200.0,-1073.9378522337097,1000,0.066,200.0,-1075.7755898485384,12288,6093,766400000,1089.339184999466,ab16711
sfl_tilt_amort,5,0,2000,0.0,200.0,-1340.5093375374,0.0,1000,0.0,200.0,-1351.1139188424188,1000,0.0,200.0,-1347.546404665037,264,0.0,200.0,-1323.0140358502206,1000,0.001,200.0,-1358.044256673284,1000,0.0,200.0,-1369.7059046959334,12288,6139,384000000,631.0330498218536,ab16711
sfl_tilt_amort,5,245760,2000,0.0,200.0,-1314.9722912734746,0.0,1000,0.0,200.0,-1106.7756410728125,1000,0.0,200.0,-1107.8922130950625,264,0.0,200.0,-1292.4216337781645,1000,0.0,200.0,-1080.8685918373135,1000,0.0,200.0,-1094.1127076237406,12288,6139,384000000,631.0330498218536,ab16711
sfl_tilt_amort,5,491520,2000,0.1405,200.0,-883.0470472682356,0.0,1000,0.017,200.0,-1032.9524126039305,1000,0.025,200.0,-1033.8686795377057,264,0.1553030303030303,200.0,-853.9393985501326,1000,0.014,200.0,-1096.15889286686,1000,0.013,200.0,-1101.0022756528608,12288,6139,384000000,631.0330498218536,ab16711
sfl_tilt_amort,5,737280,2000,0.388,200.0,-761.9267377461507,0.0,1000,0.036,200.0,-1130.3935910132961,1000,0.043,200.0,-1122.5508003538005,264,0.42424242424242425,200.0,-729.5990506665777,1000,0.023,200.0,-1184.8079282673993,1000,0.028,200.0,-1185.7585079814376,12288,6139,384000000,631.0330498218536,ab16711
sfl_tilt_amort,5,983040,2000,0.3895,200.0,-803.1616988358732,0.0,1000,0.034,200.0,-1206.221448626439,1000,0.042,200.0,-1196.0916446627757,264,0.42045454545454547,200.0,-775.5172975402738,1000,0.031,200.0,-1245.4618941023746,1000,0.025,200.0,-1256.9997248913185,12288,6139,384000000,631.0330498218536,ab16711
sfl_tilt_amort,5,1228800,2000,0.41,200.0,-745.6316505608446,0.0,1000,0.045,200.0,-1126.1607817140696,1000,0.051,200.0,-1120.6160272191098,264,0.4431818181818182,200.0,-717.7709192947929,1000,0.035,200.0,-1177.342684456649,1000,0.035,200.0,-1185.0622010182913,12288,6139,384000000,631.0330498218536,ab16711
sfl_tilt_amort,5,1474560,2000,0.4215,200.0,-631.2425313374318,0.0,1000,0.065,200.0,-969.6213688360369,1000,0.075,200.0,-962.6013434935102,264,0.4696969696969697,200.0,-592.9402166340278,1000,0.039,200.0,-1060.0454020651066,1000,0.029,200.0,-1076.3526430754764,12288,6139,384000000,631.0330498218536,ab16711
sfl_tilt_amort,5,1720320,2000,0.411,200.0,-644.6848048054025,0.0,1000,0.039,200.0,-985.8794357638368,1000,0.038,200.0,-984.3231279385304,264,0.4356060606060606,200.0,-626.6802888383439,1000,0.033,200.0,-1067.9923523483644,1000,0.018,200.0,-1085.8016236389933,12288,6139,384000000,631.0330498218536,ab16711
sfl_tilt_amort,5,1966080,2000,0.533,200.0,-591.769845535316,0.0,1000,0.18,200.0,-936.3741191080512,1000,0.191,200.0,-924.9393510966295,264,0.553030303030303,200.0,-568.7698706733355,1000,0.136,200.0,-1031.6052902569754,1000,0.135,200.0,-1039.6724637128107,12288,6139,384000000,631.0330498218536,ab16711
sfl_tilt_amort,5,2211840,2000,0.484,200.0,-578.385505535006,0.0,1000,0.097,200.0,-932.0215214225267,1000,0.1,200.0,-930.786355989628,264,0.5303030303030303,200.0,-546.9970018725812,1000,0.06,200.0,-1044.3531715833878,1000,0.056,200.0,-1055.6327676505111,12288,6139,384000000,631.0330498218536,ab16711
sfl_tilt_amort,5,2457600,2000,0.5225,200.0,-530.276241266784,0.0,1000,0.142,200.0,-877.8174541637472,1000,0.148,200.0,-875.5306675928484,264,0.5681818181818182,200.0,-497.9797970191688,1000,0.092,200.0,-1012.0773992818986,1000,0.084,200.0,-1025.4357313384494,12288,6139,384000000,631.0330498218536,ab16711
sfl_halving,5,0,2000,0.0,200.0,-1422.51667820797,0.0,1000,0.0,200.0,-1308.4879920401017,1000,0.0,200.0,-1315.8025452786846,264,0.0,200.0,-1419.098415706594,1000,0.0,200.0,-1316.6236494179602,1000,0.0,200.0,-1326.2424603237946,12288,6132,960000000,1340.1814348697662,ab16711
sfl_halving,5,245760,2000,0.009,200.0,-1248.1519035411782,0.0,1000,0.002,200.0,-1050.7715200474718,1000,0.0,200.0,-1068.6115202855458,264,0.007575757575757576,200.0,-1220.3614335112957,1000,0.0,200.0,-1048.669506302305,1000,0.0,200.0,-1053.7236614296614,12288,6132,960000000,1340.1814348697662,ab16711
sfl_halving,5,491520,2000,0.332,200.0,-731.7843910469692,0.0,1000,0.024,200.0,-1032.9455375533714,1000,0.023,200.0,-1036.1168320332633,264,0.3409090909090909,200.0,-730.2034442740716,1000,0.013,200.0,-1107.5076121904292,1000,0.011,200.0,-1115.1261682019203,12288,6132,960000000,1340.1814348697662,ab16711
sfl_halving,5,737280,2000,0.4465,200.0,-561.6606757004126,0.0,1000,0.131,200.0,-848.4020957245417,1000,0.146,200.0,-842.5853176893138,264,0.45454545454545453,200.0,-567.6186331584449,1000,0.072,200.0,-973.2194109317504,1000,0.061,200.0,-992.6389926258463,12288,6132,960000000,1340.1814348697662,ab16711
sfl_halving,5,983040,2000,0.5045,200.0,-596.7261072017643,0.0,1000,0.14,200.0,-948.7389921270498,1000,0.152,200.0,-940.9404765423027,264,0.5189393939393939,200.0,-584.2270845314605,1000,0.115,200.0,-1031.0173246151448,1000,0.096,200.0,-1051.886042403361,12288,6132,960000000,1340.1814348697662,ab16711
sfl_halving,5,1228800,2000,0.548,200.0,-509.7352857152408,0.0,1000,0.186,200.0,-838.4226289733712,1000,0.194,200.0,-837.1192856375973,264,0.571969696969697,200.0,-495.10784284092534,1000,0.125,200.0,-966.3358259953766,1000,0.119,200.0,-977.8593331951504,12288,6132,960000000,1340.1814348697662,ab16711
sfl_halving,5,1474560,2000,0.7155,200.0,-361.198253881214,0.15,1000,0.362,200.0,-667.74402843952,1000,0.358,200.0,-670.5661467432965,264,0.7234848484848485,200.0,-350.30464625963634,1000,0.124,200.0,-922.3452974026886,1000,0.135,200.0,-923.5366899928136,12288,6132,960000000,1340.1814348697662,ab16711
sfl_halving,5,1720320,2000,0.7765,200.0,-311.627388656785,0.27,1000,0.51,200.0,-550.3529796577645,1000,0.511,200.0,-551.8230225027967,264,0.7803030303030303,200.0,-310.2089642087171,1000,0.237,200.0,-794.6169621453882,1000,0.245,200.0,-795.0587691892381,12288,6132,960000000,1340.1814348697662,ab16711
sfl_halving,5,1966080,2000,0.8785,200.0,-244.81043687586464,0.445,1000,0.671,200.0,-451.2772508323319,1000,0.679,200.0,-456.9699386835663,264,0.8598484848484849,200.0,-263.9332917974434,1000,0.334,200.0,-725.3987973341841,1000,0.336,200.0,-731.5788452238036,12288,6132,960000000,1340.1814348697662,ab16711
sfl_halving,5,2211840,2000,0.7885,200.0,-298.94028575211314,0.295,1000,0.563,200.0,-517.2749767105875,1000,0.547,200.0,-539.7297261921431,264,0.8295454545454546,200.0,-281.9971905756928,1000,0.31,200.0,-740.5727465794068,1000,0.337,200.0,-736.1043608120773,12288,6132,960000000,1340.1814348697662,ab16711
sfl_halving,5,2457600,2000,0.874,200.0,-243.96391718930414,0.44,1000,0.732,200.0,-428.5495068377883,1000,0.692,200.0,-461.84124638161524,264,0.8636363636363636,200.0,-247.85271319524708,1000,0.447,200.0,-666.4343245688063,1000,0.442,200.0,-668.9652645150761,12288,6132,960000000,1340.1814348697662,ab16711
sfl_tilt_verify,5,0,2000,0.0,200.0,-1302.908900401879,0.0,1000,0.0,200.0,-1295.959079872459,1000,0.0,200.0,-1295.2608575594365,264,0.0,200.0,-1289.5585268440375,1000,0.0,200.0,-1316.3302873971372,1000,0.0,200.0,-1323.133104118729,12288,6199,614400000,904.6796910762787,ab16711
sfl_tilt_verify,5,245760,2000,0.0,200.0,-1210.7904056153263,0.0,1000,0.0,200.0,-1068.2857087423042,1000,0.0,200.0,-1062.1945508130689,264,0.0,200.0,-1202.5894290183362,1000,0.0,200.0,-1066.9602531701028,1000,0.0,200.0,-1069.896376682038,12288,6199,614400000,904.6796910762787,ab16711
sfl_tilt_verify,5,491520,2000,0.015,200.0,-764.3383730687567,0.0,1000,0.003,200.0,-898.0621212594965,1000,0.004,200.0,-892.599255636482,264,0.01893939393939394,200.0,-744.3237716717452,1000,0.0,200.0,-998.2964984529962,1000,0.0,200.0,-1008.1606889100461,12288,6199,614400000,904.6796910762787,ab16711
sfl_tilt_verify,5,737280,2000,0.018,200.0,-854.5371916550127,0.0,1000,0.001,200.0,-948.9608540236968,1000,0.004,200.0,-948.5969947147153,264,0.015151515151515152,200.0,-831.1596306355332,1000,0.0,200.0,-1055.7865348132686,1000,0.0,200.0,-1058.573577944103,12288,6199,614400000,904.6796910762787,ab16711
sfl_tilt_verify,5,983040,2000,0.3755,200.0,-646.8887484031023,0.0,1000,0.059,200.0,-944.9184581531666,1000,0.057,200.0,-951.2525163171205,264,0.3977272727272727,200.0,-636.0172459545358,1000,0.028,200.0,-1051.5975305343445,1000,0.018,200.0,-1066.6265380892662,12288,6199,614400000,904.6796910762787,ab16711
sfl_tilt_verify,5,1228800,2000,0.462,200.0,-678.8942481407001,0.0,1000,0.101,200.0,-1052.440629439676,1000,0.098,200.0,-1053.3643482240097,264,0.48484848484848486,200.0,-657.1888301739737,1000,0.072,200.0,-1123.0132154012624,1000,0.067,200.0,-1134.2053039122097,12288,6199,614400000,904.6796910762787,ab16711
sfl_tilt_verify,5,1474560,2000,0.5425,200.0,-582.5560981854163,0.0,1000,0.187,200.0,-938.2725933569004,1000,0.205,200.0,-924.3245405948076,264,0.5643939393939394,200.0,-560.4922595169567,1000,0.164,200.0,-1019.1966286873161,1000,0.159,200.0,-1031.9429090005938,12288,6199,614400000,904.6796910762787,ab16711
sfl_tilt_verify,5,1720320,2000,0.59,200.0,-454.2138013477711,0.0,1000,0.234,200.0,-777.9003753788854,1000,0.241,200.0,-776.9639683617603,264,0.6022727272727273,200.0,-443.79846751161193,1000,0.124,200.0,-951.9869907760003,1000,0.115,200.0,-964.9545447354761,12288,6199,614400000,904.6796910762787,ab16711
sfl_tilt_verify,5,1966080,2000,0.7275,200.0,-368.5404746346224,0.205,1000,0.397,200.0,-667.6285087242327,1000,0.395,200.0,-667.3757544491168,264,0.7310606060606061,200.0,-354.4193854991351,1000,0.149,200.0,-910.8564993045096,1000,0.151,200.0,-919.8727064012501,12288,6199,614400000,904.6796910762787,ab16711
sfl_tilt_verify,5,2211840,2000,0.8765,200.0,-248.10507436144889,0.305,1000,0.582,200.0,-512.6159413883993,1000,0.592,200.0,-520.0857867552774,264,0.8068181818181818,200.0,-287.7333455290534,1000,0.316,200.0,-772.1994130503398,1000,0.327,200.0,-771.3180525364008,12288,6199,614400000,904.6796910762787,ab16711
sfl_tilt_verify,5,2457600,2000,0.876,200.0,-234.86603068602975,0.35,1000,0.663,200.0,-456.9084337819168,1000,0.648,200.0,-468.096474929406,264,0.8674242424242424,200.0,-239.8966904689753,1000,0.319,200.0,-732.9500993544702,1000,0.333,200.0,-730.3253812448846,12288,6199,614400000,904.6796910762787,ab16711
sfl_spread,6,0,2000,0.0,200.0,-1248.8615790594579,0.0,1000,0.0,200.0,-1178.3175051085902,1000,0.0,200.0,-1186.3255976838132,264,0.0,200.0,-1253.5128082412527,1000,0.0,200.0,-1204.4415184510103,1000,0.0,200.0,-1209.7616688932474,12288,6168,384000000,617.5061082839966,ab16711
sfl_spread,6,245760,2000,0.333,200.0,-635.4111312962182,0.0,1000,0.092,200.0,-856.8259750157476,1000,0.108,200.0,-859.7332983062164,264,0.36742424242424243,200.0,-616.2975937576421,1000,0.047,200.0,-989.835786035606,1000,0.046,200.0,-992.5271910416179,12288,6168,384000000,617.5061082839966,ab16711
sfl_spread,6,491520,2000,0.0695,200.0,-933.9672853592994,0.0,1000,0.007,200.0,-932.1093597573981,1000,0.004,200.0,-946.608191992261,264,0.09090909090909091,200.0,-919.4800899379073,1000,0.003,200.0,-1023.0485126455394,1000,0.006,200.0,-1027.67783311578,12288,6168,384000000,617.5061082839966,ab16711
sfl_spread,6,737280,2000,0.0,200.0,-852.8010646306861,0.0,1000,0.0,200.0,-926.5232585272996,1000,0.0,200.0,-925.0662826368789,264,0.0,200.0,-854.2611160161076,1000,0.0,200.0,-1011.103503192791,1000,0.0,200.0,-1023.5996253271873,12288,6168,384000000,617.5061082839966,ab16711
sfl_spread,6,983040,2000,0.312,200.0,-787.7839579188324,0.0,1000,0.019,200.0,-1078.7132686612379,1000,0.024,200.0,-1072.8601333252855,264,0.32575757575757575,200.0,-784.7325098574387,1000,0.009,200.0,-1133.1763488758454,1000,0.009,200.0,-1140.1622543503913,12288,6168,384000000,617.5061082839966,ab16711
sfl_spread,6,1228800,2000,0.426,200.0,-563.7478534180673,0.0,1000,0.075,200.0,-872.4929087825932,1000,0.096,200.0,-865.1135468744656,264,0.4318181818181818,200.0,-567.0128019534611,1000,0.021,200.0,-1003.5209867294342,1000,0.027,200.0,-1008.3294640264542,12288,6168,384000000,617.5061082839966,ab16711
sfl_spread,6,1474560,2000,0.6825,200.0,-381.85320794792216,0.115,1000,0.327,200.0,-674.481037318198,1000,0.328,200.0,-672.4884235411317,264,0.678030303030303,200.0,-381.28882103590644,1000,0.157,200.0,-895.4989954859637,1000,0.158,200.0,-901.3703529271188,12288,6168,384000000,617.5061082839966,ab16711
sfl_spread,6,1720320,2000,0.756,200.0,-328.39508888784434,0.225,1000,0.454,200.0,-584.1332609258689,1000,0.429,200.0,-602.0262932408816,264,0.7689393939393939,200.0,-320.4986664083473,1000,0.186,200.0,-835.061351352384,1000,0.176,200.0,-845.9040009238199,12288,6168,384000000,617.5061082839966,ab16711
sfl_spread,6,1966080,2000,0.717,200.0,-370.0577360430617,0.2,1000,0.406,200.0,-643.6625156316564,1000,0.425,200.0,-647.8176220228609,264,0.7424242424242424,200.0,-353.06490772072164,1000,0.244,200.0,-802.3315697973052,1000,0.246,200.0,-809.459328844214,12288,6168,384000000,617.5061082839966,ab16711
sfl_spread,6,2211840,2000,0.7025,200.0,-366.91125466951405,0.195,1000,0.408,200.0,-646.6860483793812,1000,0.397,200.0,-664.6666397387479,264,0.7537878787878788,200.0,-346.8272902883484,1000,0.221,200.0,-833.9573573848614,1000,0.214,200.0,-846.1645662245173,12288,6168,384000000,617.5061082839966,ab16711
sfl_spread,6,2457600,2000,0.757,200.0,-333.48662265936275,0.28,1000,0.473,200.0,-598.0829383550724,1000,0.475,200.0,-616.177643942123,264,0.7613636363636364,200.0,-333.6992886243863,1000,0.283,200.0,-785.7364019487426,1000,0.285,200.0,-786.1768592012976,12288,6168,384000000,617.5061082839966,ab16711
sfl_tilt_sc,6,0,2000,0.0185,200.0,-1261.476778089934,0.0,1000,0.008,200.0,-1131.5892554765007,1000,0.003,200.0,-1141.6641200381239,264,0.022727272727272728,200.0,-1257.0231445573068,1000,0.0,200.0,-1224.6299936853811,1000,0.002,200.0,-1225.6316995694287,12288,5352,384000000,615.0295989513397,ab16711
sfl_tilt_sc,6,245760,2000,0.0,200.0,-1201.8578881557553,0.0,1000,0.0,200.0,-1051.5993086952305,1000,0.0,200.0,-1054.9446733162943,264,0.0,200.0,-1196.3403186666737,1000,0.0,200.0,-1076.1395538293218,1000,0.0,200.0,-1085.412804452327,12288,5352,384000000,615.0295989513397,ab16711
sfl_tilt_sc,6,491520,2000,0.3665,200.0,-819.56802673653,0.0,1000,0.014,200.0,-1190.2446925110655,1000,0.022,200.0,-1178.807006861216,264,0.38257575757575757,200.0,-800.4672022697553,1000,0.008,200.0,-1237.4122432767274,1000,0.009,200.0,-1243.6523152333139,12288,5352,384000000,615.0295989513397,ab16711
sfl_tilt_sc,6,737280,2000,0.382,200.0,-831.6712989885642,0.0,1000,0.026,200.0,-1236.505000088209,1000,0.027,200.0,-1228.7289974946846,264,0.3977272727272727,200.0,-810.0024977491993,1000,0.021,200.0,-1282.5151658288487,1000,0.014,200.0,-1290.4365029833746,12288,5352,384000000,615.0295989513397,ab16711
sfl_tilt_sc,6,983040,2000,0.376,200.0,-836.4982682869971,0.0,1000,0.014,200.0,-1229.697511752798,1000,0.022,200.0,-1216.8385076025697,264,0.3977272727272727,200.0,-808.9022975952784,1000,0.009,200.0,-1276.8060037294972,1000,0.009,200.0,-1282.3793650992504,12288,5352,384000000,615.0295989513397,ab16711
sfl_tilt_sc,6,1228800,2000,0.37,200.0,-816.0695621211156,0.0,1000,0.013,200.0,-1189.685032354773,1000,0.021,200.0,-1176.5619080695963,264,0.3939393939393939,200.0,-790.2348013891575,1000,0.009,200.0,-1237.2657928117585,1000,0.009,200.0,-1244.4371854807002,12288,5352,384000000,615.0295989513397,ab16711
sfl_tilt_sc,6,1474560,2000,0.374,200.0,-818.9689594276452,0.0,1000,0.014,200.0,-1197.1462764632745,1000,0.022,200.0,-1184.5286208417272,264,0.3939393939393939,200.0,-795.0295297239893,1000,0.009,200.0,-1246.3968932358198,1000,0.009,200.0,-1252.9977846337808,12288,5352,384000000,615.0295989513397,ab16711
sfl_tilt_sc,6,1720320,2000,0.3735,200.0,-816.2772338732087,0.0,1000,0.014,200.0,-1191.683947149183,1000,0.023,200.0,-1178.5980903941775,264,0.3939393939393939,200.0,-792.6992311858694,1000,0.008,200.0,-1242.3347687791643,1000,0.009,200.0,-1247.559722006672,12288,5352,384000000,615.0295989513397,ab16711
sfl_tilt_sc,6,1966080,2000,0.3645,200.0,-739.4221268324039,0.0,1000,0.015,200.0,-1070.2863853563038,1000,0.022,200.0,-1063.521043408807,264,0.38636363636363635,200.0,-721.4754661649051,1000,0.014,200.0,-1137.6766650823508,1000,0.01,200.0,-1143.2031385067983,12288,5352,384000000,615.0295989513397,ab16711
sfl_tilt_sc,6,2211840,2000,0.4715,200.0,-561.0015097437713,0.0,1000,0.13,200.0,-846.8982110952259,1000,0.152,200.0,-836.0243604305901,264,0.4696969696969697,200.0,-548.6794051879698,1000,0.078,200.0,-999.6031672229199,1000,0.091,200.0,-996.1205916669762,12288,5352,384000000,615.0295989513397,ab16711
sfl_tilt_sc,6,2457600,2000,0.52,200.0,-531.3758263733814,0.0,1000,0.207,200.0,-798.3411413887101,1000,0.192,200.0,-814.6850469784628,264,0.5,200.0,-532.2371579603473,1000,0.085,200.0,-997.2321632141445,1000,0.09,200.0,-998.9568190993979,12288,5352,384000000,615.0295989513397,ab16711
sfl_tilt,6,0,2000,0.0,200.0,-1350.3751102847013,0.0,1000,0.0,200.0,-1211.175671574581,1000,0.0,200.0,-1223.5987585798102,264,0.0,200.0,-1347.1927700969209,1000,0.0,200.0,-1231.8212932371448,1000,0.0,200.0,-1236.6904215823556,12288,6191,384000000,615.2618927955627,ab16711
sfl_tilt,6,245760,2000,0.0,200.0,-913.6660667724067,0.0,1000,0.0,200.0,-876.0702512856162,1000,0.0,200.0,-878.7789049557757,264,0.0,200.0,-921.5013637630381,1000,0.0,200.0,-1001.6900672286057,1000,0.0,200.0,-1001.1056591414132,12288,6191,384000000,615.2618927955627,ab16711
sfl_tilt,6,491520,2000,0.0005,200.0,-931.9256947096162,0.0,1000,0.0,200.0,-907.5373231714848,1000,0.0,200.0,-907.6988301049824,264,0.0,200.0,-901.2202860196595,1000,0.0,200.0,-987.9670357325338,1000,0.0,200.0,-993.1642089199321,12288,6191,384000000,615.2618927955627,ab16711
sfl_tilt,6,737280,2000,0.403,200.0,-584.2840753969906,0.0,1000,0.058,200.0,-882.7558951605052,1000,0.073,200.0,-880.2198358023502,264,0.42803030303030304,200.0,-573.1250744262152,1000,0.02,200.0,-1022.6578067293411,1000,0.022,200.0,-1022.8626879988068,12288,6191,384000000,615.2618927955627,ab16711
sfl_tilt,6,983040,2000,0.4775,200.0,-641.4908833296762,0.0,1000,0.161,200.0,-955.7994165667807,1000,0.169,200.0,-945.4088329626978,264,0.48863636363636365,200.0,-631.3724331848251,1000,0.069,200.0,-1102.7197090712057,1000,0.066,200.0,-1110.1863931079251,12288,6191,384000000,615.2618927955627,ab16711
sfl_tilt,6,1228800,2000,0.5095,200.0,-557.3328861619241,0.0,1000,0.166,200.0,-876.4680630835664,1000,0.166,200.0,-873.7491011253177,264,0.5151515151515151,200.0,-555.8087393058147,1000,0.047,200.0,-1059.5237985575372,1000,0.052,200.0,-1057.451766918413,12288,6191,384000000,615.2618927955627,ab16711
sfl_tilt,6,1474560,2000,0.5095,200.0,-567.8631346588325,0.0,1000,0.134,200.0,-916.6061970625688,1000,0.154,200.0,-904.237882474774,264,0.5189393939393939,200.0,-561.193732543963,1000,0.047,200.0,-1085.1190128525673,1000,0.052,200.0,-1081.9618552840889,12288,6191,384000000,615.2618927955627,ab16711
sfl_tilt,6,1720320,2000,0.4495,200.0,-617.671651891069,0.0,1000,0.078,200.0,-961.3006867654485,1000,0.077,200.0,-963.486912205146,264,0.45454545454545453,200.0,-612.7320437116073,1000,0.037,200.0,-1076.06059203421,1000,0.038,200.0,-1078.8864968155804,12288,6191,384000000,615.2618927955627,ab16711
sfl_tilt,6,1966080,2000,0.5545,200.0,-530.4393775090433,0.0,1000,0.216,200.0,-858.6283145098565,1000,0.213,200.0,-858.7463281438886,264,0.5606060606060606,200.0,-526.3204268885073,1000,0.067,200.0,-1072.0306529574877,1000,0.074,200.0,-1066.4340560388796,12288,6191,384000000,615.2618927955627,ab16711
sfl_tilt,6,2211840,2000,0.603,200.0,-499.1692974800748,0.02,1000,0.299,200.0,-803.8650029511276,1000,0.308,200.0,-797.4139292477811,264,0.5871212121212122,200.0,-505.68301719905946,1000,0.126,200.0,-1029.6174521696755,1000,0.14,200.0,-1020.4638038249402,12288,6191,384000000,615.2618927955627,ab16711
sfl_tilt,6,2457600,2000,0.7545,200.0,-337.6895358439503,0.22,1000,0.437,200.0,-619.6130162948226,1000,0.434,200.0,-622.1677622747457,264,0.7840909090909091,200.0,-322.9437784528081,1000,0.245,200.0,-857.2890044329408,1000,0.257,200.0,-849.7533313326345,12288,6191,384000000,615.2618927955627,ab16711
sfl_bisect,6,0,2000,0.0,200.0,-1347.9898303899806,0.0,1000,0.0,200.0,-1325.945013668066,1000,0.0,200.0,-1333.3179310165815,264,0.0,200.0,-1355.934655609218,1000,0.0,200.0,-1330.546262623309,1000,0.0,200.0,-1332.9820800834555,12288,6113,535200000,810.878634929657,ab16711
sfl_bisect,6,245760,2000,0.242,200.0,-686.9960504711831,0.0,1000,0.026,200.0,-909.471020289425,1000,0.032,200.0,-909.9288734078,264,0.23863636363636365,200.0,-696.772018509606,1000,0.013,200.0,-1014.7532222744787,1000,0.014,200.0,-1018.4098914920511,12288,6113,535200000,810.878634929657,ab16711
sfl_bisect,6,491520,2000,0.0,200.0,-836.8077703301467,0.0,1000,0.0,200.0,-867.9875947786732,1000,0.0,200.0,-868.1353506606492,264,0.0,200.0,-836.9019629439264,1000,0.0,200.0,-979.854029371109,1000,0.0,200.0,-981.6462828264803,12288,6113,535200000,810.878634929657,ab16711
sfl_bisect,6,737280,2000,0.3725,200.0,-781.3935805658176,0.0,1000,0.019,200.0,-1139.7602875369205,1000,0.025,200.0,-1131.5322904280447,264,0.39015151515151514,200.0,-764.4152416280755,1000,0.009,200.0,-1198.6108085166243,1000,0.009,200.0,-1203.5127956442323,12288,6113,535200000,810.878634929657,ab16711
sfl_bisect,6,983040,2000,0.3435,200.0,-652.0042445781238,0.0,1000,0.042,200.0,-927.0960064317337,1000,0.047,200.0,-929.2833752793001,264,0.3712121212121212,200.0,-632.2473097976606,1000,0.017,200.0,-1051.3298150416806,1000,0.018,200.0,-1052.2607854671053,12288,6113,535200000,810.878634929657,ab16711
sfl_bisect,6,1228800,2000,0.4375,200.0,-592.7871738169824,0.0,1000,0.132,200.0,-865.739512939477,1000,0.146,200.0,-853.0160879869038,264,0.44696969696969696,200.0,-579.4724887561991,1000,0.066,200.0,-1014.4766543311197,1000,0.06,200.0,-1016.4759040305782,12288,6113,535200000,810.878634929657,ab16711
sfl_bisect,6,1474560,2000,0.54,200.0,-544.671442617887,0.0,1000,0.239,200.0,-814.0996710019267,1000,0.262,200.0,-797.2370169493116,264,0.5378787878787878,200.0,-530.6584703448543,1000,0.154,200.0,-990.2508401057177,1000,0.165,200.0,-989.4516946079456,12288,6113,535200000,810.878634929657,ab16711
sfl_bisect,6,1720320,2000,0.532,200.0,-580.5494055039861,0.0,1000,0.173,200.0,-893.156269717595,1000,0.163,200.0,-914.0204962963036,264,0.553030303030303,200.0,-555.6225417481866,1000,0.057,200.0,-1043.8642099804201,1000,0.065,200.0,-1049.8469987203714,12288,6113,535200000,810.878634929657,ab16711
sfl_bisect,6,1966080,2000,0.536,200.0,-603.4814389515694,0.0,1000,0.178,200.0,-917.1650632379996,1000,0.172,200.0,-938.7551917075492,264,0.5606060606060606,200.0,-555.6409146480313,1000,0.087,200.0,-1037.08426078444,1000,0.069,200.0,-1050.1168518169895,12288,6113,535200000,810.878634929657,ab16711
sfl_bisect,6,2211840,2000,0.5805,200.0,-559.5712928990937,0.07,1000,0.266,200.0,-848.5000482302511,1000,0.245,200.0,-884.978715226023,264,0.5833333333333334,200.0,-539.1688079270771,1000,0.138,200.0,-998.7036486412532,1000,0.132,200.0,-1006.6384887841056,12288,6113,535200000,810.878634929657,ab16711
sfl_bisect,6,2457600,2000,0.4955,200.0,-672.7827150026607,0.0,1000,0.204,200.0,-945.9441122854574,1000,0.185,200.0,-968.4662381665092,264,0.5075757575757576,200.0,-644.3321937570071,1000,0.103,200.0,-1034.7171205122186,1000,0.119,200.0,-1031.3058193094312,12288,6113,535200000,810.878634929657,ab16711
sfl_tilt_soft,6,0,2000,0.0015,200.0,-1491.2879207250987,0.0,1000,0.0,200.0,-1428.198830982083,1000,0.0,200.0,-1430.526312981517,264,0.003787878787878788,200.0,-1487.5069362310726,1000,0.0,200.0,-1439.4949229337387,1000,0.0,200.0,-1446.445520954602,12288,4875,384000000,617.3350639343262,ab16711
sfl_tilt_soft,6,245760,2000,0.0,200.0,-1008.9525458561687,0.0,1000,0.0,200.0,-1055.5371143881357,1000,0.0,200.0,-1051.1472658970788,264,0.0,200.0,-995.1345146361181,1000,0.0,200.0,-1119.271553278537,1000,0.0,200.0,-1133.1576798209278,12288,4875,384000000,617.3350639343262,ab16711
sfl_tilt_soft,6,491520,2000,0.0,200.0,-1003.1011713222002,0.0,1000,0.0,200.0,-910.0255993217088,1000,0.0,200.0,-911.8280942694187,264,0.0,200.0,-974.8221476233243,1000,0.0,200.0,-993.5625514952744,1000,0.0,200.0,-998.7708353741391,12288,4875,384000000,617.3350639343262,ab16711
sfl_tilt_soft,6,737280,2000,0.3735,200.0,-844.77727433403,0.0,1000,0.012,200.0,-1247.8077164421277,1000,0.02,200.0,-1233.7654441037755,264,0.3977272727272727,200.0,-817.8514022798855,1000,0.01,200.0,-1283.037977262377,1000,0.009,200.0,-1288.2433791003907,12288,4875,384000000,617.3350639343262,ab16711
sfl_tilt_soft,6,983040,2000,0.3815,200.0,-794.8112829656218,0.0,1000,0.028,200.0,-1167.1160807139217,1000,0.033,200.0,-1158.5772094885563,264,0.4015151515151515,200.0,-774.7376299922954,1000,0.016,200.0,-1216.1912066762354,1000,0.022,200.0,-1216.1760168803357,12288,4875,384000000,617.3350639343262,ab16711
sfl_tilt_soft,6,1228800,2000,0.4535,200.0,-609.7937916228212,0.0,1000,0.112,200.0,-927.4564914409256,1000,0.103,200.0,-932.4172017687002,264,0.5,200.0,-579.223657533621,1000,0.049,200.0,-1047.8656797486005,1000,0.057,200.0,-1049.8469833621734,12288,4875,384000000,617.3350639343262,ab16711
sfl_tilt_soft,6,1474560,2000,0.507,200.0,-541.5989415567147,0.0,1000,0.14,200.0,-866.7284436736188,1000,0.162,200.0,-860.4466869082639,264,0.5416666666666666,200.0,-518.1240921759822,1000,0.063,200.0,-1025.7131845564672,1000,0.072,200.0,-1025.6044928350548,12288,4875,384000000,617.3350639343262,ab16711
sfl_tilt_soft,6,1720320,2000,0.6395,200.0,-435.99026668157376,0.08,1000,0.269,200.0,-753.286546991278,1000,0.266,200.0,-754.1846214469897,264,0.6590909090909091,200.0,-406.34757454826195,1000,0.092,200.0,-979.9297273649589,1000,0.112,200.0,-974.4623676709655,12288,4875,384000000,617.3350639343262,ab16711
sfl_tilt_soft,6,1966080,2000,0.7985,200.0,-320.81265096176685,0.27,1000,0.532,200.0,-552.3037875470918,1000,0.531,200.0,-561.9171879105893,264,0.8181818181818182,200.0,-308.1714568791789,1000,0.24,200.0,-842.2401191169465,1000,0.235,200.0,-844.449851761039,12288,4875,384000000,617.3350639343262,ab16711
sfl_tilt_soft,6,2211840,2000,0.773,200.0,-336.65687684350996,0.25,1000,0.508,200.0,-572.8024363912064,1000,0.493,200.0,-589.8109696255054,264,0.7613636363636364,200.0,-335.2627792727769,1000,0.224,200.0,-839.4744886766551,1000,0.216,200.0,-844.4244421471304,12288,4875,384000000,617.3350639343262,ab16711
sfl_tilt_soft,6,2457600,2000,0.8225,200.0,-296.7999184749687,0.375,1000,0.585,200.0,-519.1911250282366,1000,0.566,200.0,-537.3863759032735,264,0.8446969696969697,200.0,-279.3505391789937,1000,0.267,200.0,-791.5677037165549,1000,0.274,200.0,-791.459307970185,12288,4875,384000000,617.3350639343262,ab16711
sfl_tilt_carry,6,0,2000,0.0,200.0,-1520.3596311520794,0.0,1000,0.0,200.0,-1430.6126156624614,1000,0.0,200.0,-1431.637571399824,264,0.0,200.0,-1508.6733872543123,1000,0.0,200.0,-1438.5704434692207,1000,0.0,200.0,-1446.721075150682,12288,6012,384000000,615.7258050441742,ab16711
sfl_tilt_carry,6,245760,2000,0.002,200.0,-1153.351435762277,0.0,1000,0.0,200.0,-1031.618947225019,1000,0.0,200.0,-1038.7422534180157,264,0.0,200.0,-1164.2765895059442,1000,0.0,200.0,-1092.2643113892486,1000,0.0,200.0,-1094.8997851997874,12288,6012,384000000,615.7258050441742,ab16711
sfl_tilt_carry,6,491520,2000,0.246,200.0,-768.5661160287731,0.0,1000,0.025,200.0,-999.5378633617946,1000,0.021,200.0,-1003.2721777147167,264,0.24621212121212122,200.0,-776.0654312988567,1000,0.011,200.0,-1087.0901773744608,1000,0.017,200.0,-1088.5382021968635,12288,6012,384000000,615.7258050441742,ab16711
sfl_tilt_carry,6,737280,2000,0.333,200.0,-697.4057395977927,0.0,1000,0.049,200.0,-960.767564773466,1000,0.044,200.0,-966.5027101331698,264,0.3560606060606061,200.0,-676.3748913216459,1000,0.031,200.0,-1055.1498764978162,1000,0.034,200.0,-1054.8658487894054,12288,6012,384000000,615.7258050441742,ab16711
sfl_tilt_carry,6,983040,2000,0.3575,200.0,-582.3883091188615,0.0,1000,0.073,200.0,-836.5041602080739,1000,0.067,200.0,-844.6327211803031,264,0.35984848484848486,200.0,-569.982570787814,1000,0.017,200.0,-1001.0436265091172,1000,0.019,200.0,-1004.7138822531952,12288,6012,384000000,615.7258050441742,ab16711
sfl_tilt_carry,6,1228800,2000,0.3725,200.0,-796.5683925085538,0.0,1000,0.013,200.0,-1156.8681937327715,1000,0.021,200.0,-1143.677726180744,264,0.3977272727272727,200.0,-770.8523746120572,1000,0.009,200.0,-1211.9797542967801,1000,0.009,200.0,-1217.0204068733021,12288,6012,384000000,615.7258050441742,ab16711
sfl_tilt_carry,6,1474560,2000,0.4895,200.0,-557.0188813972838,0.0,1000,0.162,200.0,-836.9296517330844,1000,0.171,200.0,-836.17262755513,264,0.5227272727272727,200.0,-533.3043016444772,1000,0.07,200.0,-1016.5648579479467,1000,0.076,200.0,-1016.3390684799126,12288,6012,384000000,615.7258050441742,ab16711
sfl_tilt_carry,6,1720320,2000,0.5215,200.0,-562.9873999117426,0.0,1000,0.169,200.0,-859.2976201819791,1000,0.154,200.0,-876.8758059228719,264,0.5265151515151515,200.0,-550.280491253526,1000,0.062,200.0,-1027.0749100501778,1000,0.068,200.0,-1032.1034442195482,12288,6012,384000000,615.7258050441742,ab16711
sfl_tilt_carry,6,1966080,2000,0.562,200.0,-544.0662438320616,0.0,1000,0.256,200.0,-821.3039868345465,1000,0.243,200.0,-831.9541154515362,264,0.5643939393939394,200.0,-535.3394800193505,1000,0.116,200.0,-1016.4265293016825,1000,0.144,200.0,-1012.1711399012642,12288,6012,384000000,615.7258050441742,ab16711
sfl_tilt_carry,6,2211840,2000,0.5315,200.0,-597.896579239962,0.0,1000,0.188,200.0,-894.6410949270569,1000,0.178,200.0,-918.990498030884,264,0.5454545454545454,200.0,-556.7631561538003,1000,0.083,200.0,-1052.7737195838158,1000,0.077,200.0,-1061.1986001602234,12288,6012,384000000,615.7258050441742,ab16711
sfl_tilt_carry,6,2457600,2000,0.5495,200.0,-579.5576834476612,0.0,1000,0.251,200.0,-855.517116945877,1000,0.224,200.0,-894.237557967082,264,0.5871212121212122,200.0,-538.3139889400235,1000,0.114,200.0,-1043.2664690202676,1000,0.126,200.0,-1038.8464237602907,12288,6012,384000000,615.7258050441742,ab16711
sfl_ghost,6,0,2000,0.0,200.0,-1180.0582921072948,0.0,1000,0.0,200.0,-1154.8842664514757,1000,0.0,200.0,-1158.7726013190922,264,0.0,200.0,-1181.3290705014406,1000,0.0,200.0,-1195.9257315342977,1000,0.0,200.0,-1195.468540694559,12288,6148,766400000,1097.5209472179413,ab16711
sfl_ghost,6,245760,2000,0.333,200.0,-785.1618624816869,0.0,1000,0.052,200.0,-1002.8967960312418,1000,0.055,200.0,-1010.3629922053656,264,0.35984848484848486,200.0,-723.46030812721,1000,0.028,200.0,-979.9392848159209,1000,0.032,200.0,-978.0706962747811,12288,6148,766400000,1097.5209472179413,ab16711
sfl_ghost,6,491520,2000,0.211,200.0,-737.7252039298473,0.0,1000,0.04,200.0,-923.8665077731642,1000,0.048,200.0,-922.5438143074803,264,0.25,200.0,-717.9442067080494,1000,0.016,200.0,-1045.4085776193515,1000,0.015,200.0,-1044.6897955304214,12288,6148,766400000,1097.5209472179413,ab16711
sfl_ghost,6,737280,2000,0.0,200.0,-1072.7909764492647,0.0,1000,0.0,200.0,-1111.7716336563165,1000,0.0,200.0,-1108.2613889203676,264,0.0,200.0,-1045.919531430791,1000,0.0,200.0,-1161.6736679944026,1000,0.0,200.0,-1169.8760270611851,12288,6148,766400000,1097.5209472179413,ab16711
sfl_ghost,6,983040,2000,0.0,200.0,-885.8517263323286,0.0,1000,0.0,200.0,-953.2037984376881,1000,0.0,200.0,-955.0579821258378,264,0.0,200.0,-874.6444524800878,1000,0.0,200.0,-1044.6566083203659,1000,0.0,200.0,-1048.2538198085017,12288,6148,766400000,1097.5209472179413,ab16711
sfl_ghost,6,1228800,2000,0.0,200.0,-888.3325005263663,0.0,1000,0.0,200.0,-951.3491709402853,1000,0.0,200.0,-952.9979195928565,264,0.0,200.0,-879.2270757951302,1000,0.0,200.0,-1054.4914365597558,1000,0.0,200.0,-1057.9558136650337,12288,6148,766400000,1097.5209472179413,ab16711
sfl_ghost,6,1474560,2000,0.374,200.0,-538.6948353530074,0.0,1000,0.086,200.0,-799.2154111625176,1000,0.105,200.0,-793.5648511991714,264,0.375,200.0,-543.7297309796718,1000,0.035,200.0,-964.1526816309586,1000,0.027,200.0,-968.4146781964406,12288,6148,766400000,1097.5209472179413,ab16711
sfl_ghost,6,1720320,2000,0.17,200.0,-839.4133782250422,0.0,1000,0.014,200.0,-932.1359722497351,1000,0.006,200.0,-947.1302901917975,264,0.17045454545454544,200.0,-839.9920777361117,1000,0.001,200.0,-1025.6576255545294,1000,0.001,200.0,-1031.5424223234465,12288,6148,766400000,1097.5209472179413,ab16711
sfl_ghost,6,1966080,2000,0.541,200.0,-538.0974418205133,0.0,1000,0.18,200.0,-844.7087545273548,1000,0.18,200.0,-855.4368503849581,264,0.5568181818181818,200.0,-520.7755442629411,1000,0.064,200.0,-1035.7071612343932,1000,0.055,200.0,-1046.1011887799934,12288,6148,766400000,1097.5209472179413,ab16711
sfl_ghost,6,2211840,2000,0.651,200.0,-474.38458261157894,0.1,1000,0.372,200.0,-731.1016086229785,1000,0.368,200.0,-731.324615967644,264,0.6704545454545454,200.0,-456.9385565753052,1000,0.163,200.0,-993.2981835618208,1000,0.167,200.0,-997.1435925988352,12288,6148,766400000,1097.5209472179413,ab16711
sfl_ghost,6,2457600,2000,0.5715,200.0,-556.8203833664213,0.06,1000,0.227,200.0,-881.7239479065084,1000,0.209,200.0,-908.853527265514,264,0.6022727272727273,200.0,-512.2752301531434,1000,0.101,200.0,-1041.2945267729945,1000,0.117,200.0,-1039.2519159625374,12288,6148,766400000,1097.5209472179413,ab16711
sfl_halving,6,0,2000,0.0,200.0,-1288.6121441929063,0.0,1000,0.0,200.0,-1118.83189700992,1000,0.0,200.0,-1127.575301086994,264,0.0,200.0,-1272.674388044759,1000,0.0,200.0,-1172.5282304519867,1000,0.0,200.0,-1182.4138906434089,12288,6166,960000000,1340.7904198169708,ab16711
sfl_halving,6,245760,2000,0.0,200.0,-1054.710766306545,0.0,1000,0.0,200.0,-990.1588982721199,1000,0.0,200.0,-992.0876250519426,264,0.0,200.0,-1056.6660904943587,1000,0.0,200.0,-1070.4792118966832,1000,0.0,200.0,-1080.5483453958389,12288,6166,960000000,1340.7904198169708,ab16711
sfl_halving,6,491520,2000,0.231,200.0,-779.0230241268049,0.0,1000,0.019,200.0,-993.7990641380478,1000,0.03,200.0,-993.3426691891486,264,0.23863636363636365,200.0,-769.044682107535,1000,0.009,200.0,-1083.6894127640403,1000,0.005,200.0,-1089.4935839696423,12288,6166,960000000,1340.7904198169708,ab16711
sfl_halving,6,737280,2000,0.0,200.0,-890.2642274233792,0.0,1000,0.0,200.0,-959.8041794324557,1000,0.0,200.0,-962.4331421343502,264,0.0,200.0,-879.5384069163985,1000,0.0,200.0,-1059.4171672632658,1000,0.0,200.0,-1061.5182900391073,12288,6166,960000000,1340.7904198169708,ab16711
sfl_halving,6,983040,2000,0.034,200.0,-651.3706439646089,0.0,1000,0.002,200.0,-815.3668626051108,1000,0.008,200.0,-820.3541674236823,264,0.04924242424242424,200.0,-639.6408638502166,1000,0.002,200.0,-956.6394948739693,1000,0.003,200.0,-956.847324438659,12288,6166,960000000,1340.7904198169708,ab16711
sfl_halving,6,1228800,2000,0.4125,200.0,-574.6857058976798,0.0,1000,0.102,200.0,-852.8089792151873,1000,0.102,200.0,-849.9885409386428,264,0.4356060606060606,200.0,-566.9598361871065,1000,0.036,200.0,-1008.3692715168457,1000,0.045,200.0,-1002.3425053294366,12288,6166,960000000,1340.7904198169708,ab16711
sfl_halving,6,1474560,2000,0.7085,200.0,-340.0900607862627,0.11,1000,0.375,200.0,-611.1681001981277,1000,0.396,200.0,-602.6682036344492,264,0.6893939393939394,200.0,-349.0856071532879,1000,0.172,200.0,-857.4398980296876,1000,0.173,200.0,-863.3446866177334,12288,6166,960000000,1340.7904198169708,ab16711
sfl_halving,6,1720320,2000,0.9265,200.0,-202.42032644817112,0.545,1000,0.74,200.0,-405.4215256291142,1000,0.753,200.0,-403.4155895077386,264,0.9128787878787878,200.0,-212.6182027374873,1000,0.385,200.0,-705.6237937944748,1000,0.392,200.0,-710.7490741645796,12288,6166,960000000,1340.7904198169708,ab16711
sfl_halving,6,1966080,2000,0.819,200.0,-263.4759812037201,0.325,1000,0.554,200.0,-516.2017859252383,1000,0.597,200.0,-494.650019297746,264,0.8484848484848485,200.0,-257.87443291079927,1000,0.272,200.0,-781.0110686044535,1000,0.289,200.0,-781.7428835252812,12288,6166,960000000,1340.7904198169708,ab16711
sfl_halving,6,2211840,2000,0.898,200.0,-213.1134784998044,0.435,1000,0.706,200.0,-424.38468573985034,1000,0.699,200.0,-435.6973939554204,264,0.9053030303030303,200.0,-207.9937613782943,1000,0.387,200.0,-708.3591360977475,1000,0.39,200.0,-719.3656601900307,12288,6166,960000000,1340.7904198169708,ab16711
sfl_halving,6,2457600,2000,0.8425,200.0,-247.91299997275402,0.41,1000,0.641,200.0,-460.19101133237706,1000,0.674,200.0,-442.45697499373955,264,0.8901515151515151,200.0,-216.88826907653853,1000,0.391,200.0,-701.6551029021302,1000,0.375,200.0,-723.10698017089,12288,6166,960000000,1340.7904198169708,ab16711
sfl_tilt_amort,6,0,2000,0.0,200.0,-1516.535148036661,0.0,1000,0.0,200.0,-1321.3707863597213,1000,0.0,200.0,-1320.0675345895065,264,0.0,200.0,-1492.3673536699846,1000,0.0,200.0,-1257.4204439247287,1000,0.0,200.0,-1264.0085109379395,12288,6129,384000000,632.7819919586182,ab16711
sfl_tilt_amort,6,245760,2000,0.363,200.0,-660.2491236335449,0.0,1000,0.06,200.0,-941.9637910137278,1000,0.068,200.0,-936.8232421773856,264,0.375,200.0,-655.6690925602165,1000,0.024,200.0,-1058.4999163712496,1000,0.019,200.0,-1064.750371119636,12288,6129,384000000,632.7819919586182,ab16711
sfl_tilt_amort,6,491520,2000,0.266,200.0,-789.262946981167,0.0,1000,0.03,200.0,-1013.4567160575785,1000,0.041,200.0,-1009.3270208199789,264,0.23863636363636365,200.0,-809.1463941165229,1000,0.013,200.0,-1100.7526215291387,1000,0.009,200.0,-1107.5675558652888,12288,6129,384000000,632.7819919586182,ab16711
sfl_tilt_amort,6,737280,2000,0.3815,200.0,-822.806882126128,0.0,1000,0.022,200.0,-1214.448237573892,1000,0.026,200.0,-1204.1860782656265,264,0.3977272727272727,200.0,-800.8257278742249,1000,0.011,200.0,-1265.462281247088,1000,0.011,200.0,-1270.4120575781562,12288,6129,384000000,632.7819919586182,ab16711
sfl_tilt_amort,6,983040,2000,0.371,200.0,-783.806484836719,0.0,1000,0.014,200.0,-1137.2563074410903,1000,0.021,200.0,-1127.9485512544225,264,0.3939393939393939,200.0,-763.0620535140708,1000,0.008,200.0,-1197.9775878178486,1000,0.009,200.0,-1201.6814215864079,12288,6129,384000000,632.7819919586182,ab16711
sfl_tilt_amort,6,1228800,2000,0.442,200.0,-576.2230127776977,0.0,1000,0.121,200.0,-852.5594820612683,1000,0.136,200.0,-842.618540858185,264,0.4810606060606061,200.0,-546.9300444961065,1000,0.085,200.0,-991.394676594662,1000,0.095,200.0,-990.3549575067525,12288,6129,384000000,632.7819919586182,ab16711
sfl_tilt_amort,6,1474560,2000,0.505,200.0,-551.1284585670863,0.0,1000,0.179,200.0,-827.0325043110895,1000,0.158,200.0,-838.7027695950475,264,0.5037878787878788,200.0,-551.0869970740561,1000,0.059,200.0,-1017.5038063920449,1000,0.057,200.0,-1024.980493752298,12288,6129,384000000,632.7819919586182,ab16711
sfl_tilt_amort,6,1720320,2000,0.519,200.0,-548.9384876003566,0.0,1000,0.2,200.0,-815.6911502635164,1000,0.169,200.0,-843.8952325077815,264,0.5227272727272727,200.0,-536.4505418942388,1000,0.067,200.0,-1024.0051940970545,1000,0.067,200.0,-1026.9582006587093,12288,6129,384000000,632.7819919586182,ab16711
sfl_tilt_amort,6,1966080,2000,0.5515,200.0,-541.1749885156322,0.0,1000,0.243,200.0,-808.3642749303602,1000,0.244,200.0,-819.5126057760947,264,0.5303030303030303,200.0,-537.9047251335843,1000,0.095,200.0,-1017.5518275524632,1000,0.103,200.0,-1021.0142311341908,12288,6129,384000000,632.7819919586182,ab16711
sfl_tilt_amort,6,2211840,2000,0.5165,200.0,-607.0514456864263,0.0,1000,0.171,200.0,-902.7817749347012,1000,0.169,200.0,-911.6363279906155,264,0.5492424242424242,200.0,-572.084788350458,1000,0.06,200.0,-1062.6720395208797,1000,0.068,200.0,-1060.2218349974032,12288,6129,384000000,632.7819919586182,ab16711
sfl_tilt_amort,6,2457600,2000,0.599,200.0,-520.2596684164569,0.0,1000,0.33,200.0,-769.6704690087157,1000,0.319,200.0,-785.7683835202677,264,0.5871212121212122,200.0,-527.4733677551441,1000,0.149,200.0,-1000.9633016501201,1000,0.168,200.0,-994.8580181107343,12288,6129,384000000,632.7819919586182,ab16711
sfl_tilt_verify,6,0,2000,0.0,200.0,-1403.3209073422495,0.0,1000,0.0,200.0,-1270.7847508128573,1000,0.0,200.0,-1252.0295960991252,264,0.0,200.0,-1387.9634510428343,1000,0.0,200.0,-1211.2458611716672,1000,0.0,200.0,-1216.4666173719834,12288,6130,614400000,906.416289806366,ab16711
sfl_tilt_verify,6,245760,2000,0.002,200.0,-844.1378020334365,0.0,1000,0.0,200.0,-953.054147665773,1000,0.0,200.0,-951.6528687258702,264,0.0,200.0,-846.0346025246946,1000,0.0,200.0,-1044.8238377887449,1000,0.0,200.0,-1049.2424175810531,12288,6130,614400000,906.416289806366,ab16711
sfl_tilt_verify,6,491520,2000,0.343,200.0,-783.5871950549605,0.0,1000,0.01,200.0,-1123.4441663450361,1000,0.019,200.0,-1116.0812260950765,264,0.35984848484848486,200.0,-775.8834973924639,1000,0.005,200.0,-1174.9552046090243,1000,0.005,200.0,-1181.246701776538,12288,6130,614400000,906.416289806366,ab16711
sfl_tilt_verify,6,737280,2000,0.2445,200.0,-849.6058937410376,0.0,1000,0.035,200.0,-1053.0672241930351,1000,0.04,200.0,-1050.9377286630547,264,0.24242424242424243,200.0,-854.000560661269,1000,0.011,200.0,-1136.2789759461182,1000,0.007,200.0,-1141.9248575167815,12288,6130,614400000,906.416289806366,ab16711
sfl_tilt_verify,6,983040,2000,0.4045,200.0,-644.1461553785325,0.0,1000,0.073,200.0,-949.1590268896613,1000,0.099,200.0,-935.4988607811566,264,0.42803030303030304,200.0,-631.1185493282431,1000,0.03,200.0,-1070.4572678500317,1000,0.027,200.0,-1079.434687776073,12288,6130,614400000,906.416289806366,ab16711
sfl_tilt_verify,6,1228800,2000,0.3935,200.0,-716.5447335417643,0.0,1000,0.05,200.0,-1044.6268580071926,1000,0.067,200.0,-1029.2641766772272,264,0.4090909090909091,200.0,-704.9881445481233,1000,0.022,200.0,-1135.0244134781046,1000,0.018,200.0,-1143.4111064371384,12288,6130,614400000,906.416289806366,ab16711
sfl_tilt_verify,6,1474560,2000,0.5005,200.0,-609.5179261462598,0.0,1000,0.185,200.0,-910.1199086496043,1000,0.174,200.0,-917.3721794880735,264,0.5265151515151515,200.0,-588.5497606688551,1000,0.052,200.0,-1099.3631219052616,1000,0.049,200.0,-1103.6864355204334,12288,6130,614400000,906.416289806366,ab16711
sfl_tilt_verify,6,1720320,2000,0.54,200.0,-582.7198171166984,0.0,1000,0.206,200.0,-906.7692623344835,1000,0.208,200.0,-902.7039163096728,264,0.5454545454545454,200.0,-577.453727483959,1000,0.061,200.0,-1107.904386517865,1000,0.073,200.0,-1101.6848666669628,12288,6130,614400000,906.416289806366,ab16711
sfl_tilt_verify,6,1966080,2000,0.468,200.0,-620.4827053846548,0.0,1000,0.083,200.0,-978.5419312322331,1000,0.094,200.0,-975.3238043420673,264,0.4583333333333333,200.0,-630.3213622060275,1000,0.037,200.0,-1103.2117377884074,1000,0.028,200.0,-1111.6287110480935,12288,6130,614400000,906.416289806366,ab16711
sfl_tilt_verify,6,2211840,2000,0.516,200.0,-581.5049230339599,0.0,1000,0.144,200.0,-925.9712730889593,1000,0.148,200.0,-922.4944324328224,264,0.5303030303030303,200.0,-576.5274696666088,1000,0.035,200.0,-1109.1129617191793,1000,0.03,200.0,-1114.6244738223475,12288,6130,614400000,906.416289806366,ab16711
sfl_tilt_verify,6,2457600,2000,0.4685,200.0,-628.8704361620336,0.0,1000,0.128,200.0,-947.1484125617659,1000,0.119,200.0,-957.0071069615851,264,0.48863636363636365,200.0,-608.3709775809775,1000,0.09,200.0,-1054.9847926867394,1000,0.087,200.0,-1058.8910587327616,12288,6130,614400000,906.416289806366,ab16711
sfl_spread,7,0,2000,0.0,200.0,-1400.0634733715929,0.0,1000,0.0,200.0,-1270.7208250628155,1000,0.0,200.0,-1261.2926042090944,264,0.0,200.0,-1374.4081832922116,1000,0.0,200.0,-1194.5377178693568,1000,0.0,200.0,-1191.9710742835,12288,6077,384000000,618.4143130779266,ab16711
sfl_spread,7,245760,2000,0.1475,200.0,-927.6924266160042,0.0,1000,0.022,200.0,-988.8890560380268,1000,0.034,200.0,-974.2144331489658,264,0.16287878787878787,200.0,-897.5729943838136,1000,0.003,200.0,-1048.6367073297613,1000,0.001,200.0,-1062.1356807775542,12288,6077,384000000,618.4143130779266,ab16711
sfl_spread,7,491520,2000,0.24,200.0,-846.5413681974098,0.0,1000,0.045,200.0,-1030.8651168507201,1000,0.057,200.0,-1018.9260503160751,264,0.23484848484848486,200.0,-855.9411611556851,1000,0.015,200.0,-1123.5070232007845,1000,0.015,200.0,-1131.9725531740028,12288,6077,384000000,618.4143130779266,ab16711
sfl_spread,7,737280,2000,0.004,200.0,-780.8316556148812,0.0,1000,0.005,200.0,-904.0661814726551,1000,0.005,200.0,-906.7934869511367,264,0.011363636363636364,200.0,-773.6509611546167,1000,0.008,200.0,-1016.7010947955109,1000,0.005,200.0,-1022.5033130659804,12288,6077,384000000,618.4143130779266,ab16711
sfl_spread,7,983040,2000,0.3865,200.0,-745.3261778163719,0.0,1000,0.063,200.0,-1074.1850969232712,1000,0.062,200.0,-1073.78593538733,264,0.39015151515151514,200.0,-738.7320376098861,1000,0.017,200.0,-1168.5045087156716,1000,0.018,200.0,-1173.0226811425314,12288,6077,384000000,618.4143130779266,ab16711
sfl_spread,7,1228800,2000,0.4665,200.0,-669.2288732164035,0.0,1000,0.147,200.0,-997.2422065275401,1000,0.155,200.0,-987.3411474080632,264,0.4696969696969697,200.0,-664.3394179807163,1000,0.075,200.0,-1125.0010663110559,1000,0.061,200.0,-1136.2850698859252,12288,6077,384000000,618.4143130779266,ab16711
sfl_spread,7,1474560,2000,0.516,200.0,-598.2686661017699,0.0,1000,0.199,200.0,-909.8240970758692,1000,0.2,200.0,-908.3812455430539,264,0.5189393939393939,200.0,-593.7282322942962,1000,0.077,200.0,-1090.2338480052997,1000,0.074,200.0,-1092.3446935918705,12288,6077,384000000,618.4143130779266,ab16711
sfl_spread,7,1720320,2000,0.53,200.0,-590.0891303027583,0.0,1000,0.214,200.0,-898.0043084260165,1000,0.206,200.0,-899.7497457655761,264,0.5340909090909091,200.0,-582.4606219888416,1000,0.076,200.0,-1087.0651325367523,1000,0.085,200.0,-1086.1854500925622,12288,6077,384000000,618.4143130779266,ab16711
sfl_spread,7,1966080,2000,0.4825,200.0,-623.8232383947424,0.0,1000,0.113,200.0,-955.2690977262014,1000,0.119,200.0,-953.3601721713898,264,0.5265151515151515,200.0,-576.4442363224655,1000,0.054,200.0,-1053.4773326489942,1000,0.057,200.0,-1053.364515897745,12288,6077,384000000,618.4143130779266,ab16711
sfl_spread,7,2211840,2000,0.5895,200.0,-483.18743169944105,0.005,1000,0.244,200.0,-802.5508903348908,1000,0.242,200.0,-798.5447575550638,264,0.5833333333333334,200.0,-494.41312525315453,1000,0.081,200.0,-1020.4286271863062,1000,0.091,200.0,-1012.0166811217236,12288,6077,384000000,618.4143130779266,ab16711
sfl_spread,7,2457600,2000,0.6475,200.0,-450.15319065146207,0.105,1000,0.316,200.0,-764.9856772099987,1000,0.291,200.0,-773.3080926306174,264,0.6590909090909091,200.0,-431.0980862375291,1000,0.213,200.0,-903.4992727887535,1000,0.212,200.0,-908.2677446461743,12288,6077,384000000,618.4143130779266,ab16711
sfl_tilt_sc,7,0,2000,0.0,200.0,-1495.2568140359153,0.0,1000,0.0,200.0,-1304.7452860202197,1000,0.0,200.0,-1305.7881026310226,264,0.0,200.0,-1476.440343618106,1000,0.0,200.0,-1268.4533612323744,1000,0.0,200.0,-1275.8411789640268,12288,5058,384000000,617.1871590614319,ab16711
sfl_tilt_sc,7,245760,2000,0.002,200.0,-837.9354801193991,0.0,1000,0.001,200.0,-979.7048277511594,1000,0.003,200.0,-977.3464264813014,264,0.0,200.0,-812.5924073190888,1000,0.0,200.0,-1069.5138721221042,1000,0.002,200.0,-1075.084381227179,12288,5058,384000000,617.1871590614319,ab16711
sfl_tilt_sc,7,491520,2000,0.0025,200.0,-985.5956600408784,0.0,1000,0.0,200.0,-971.5251901810095,1000,0.004,200.0,-976.3822613638835,264,0.007575757575757576,200.0,-958.9163051278315,1000,0.001,200.0,-1047.725051012684,1000,0.0,200.0,-1057.7230458626116,12288,5058,384000000,617.1871590614319,ab16711
sfl_tilt_sc,7,737280,2000,0.375,200.0,-854.9582342079443,0.0,1000,0.013,200.0,-1270.4784771819786,1000,0.021,200.0,-1256.23103288664,264,0.3977272727272727,200.0,-828.2742497340408,1000,0.009,200.0,-1313.9441745401487,1000,0.008,200.0,-1321.5058322912025,12288,5058,384000000,617.1871590614319,ab16711
sfl_tilt_sc,7,983040,2000,0.376,200.0,-822.4744771976153,0.0,1000,0.014,200.0,-1214.3828674407036,1000,0.029,200.0,-1197.4042892014647,264,0.3977272727272727,200.0,-799.1276255876548,1000,0.011,200.0,-1257.3435822633369,1000,0.015,200.0,-1259.81745938572,12288,5058,384000000,617.1871590614319,ab16711
sfl_tilt_sc,7,1228800,2000,0.3765,200.0,-788.5719036246121,0.0,1000,0.019,200.0,-1155.237888640313,1000,0.031,200.0,-1142.3101166479337,264,0.4015151515151515,200.0,-764.9287583944301,1000,0.012,200.0,-1207.3282379411096,1000,0.014,200.0,-1209.7169088218188,12288,5058,384000000,617.1871590614319,ab16711
sfl_tilt_sc,7,1474560,2000,0.446,200.0,-642.9688145033463,0.0,1000,0.089,200.0,-968.2238977558092,1000,0.091,200.0,-964.7160265529948,264,0.4734848484848485,200.0,-625.2617650561363,1000,0.059,200.0,-1063.2372929143905,1000,0.063,200.0,-1065.2051620544794,12288,5058,384000000,617.1871590614319,ab16711
sfl_tilt_sc,7,1720320,2000,0.5015,200.0,-609.0925781393403,0.0,1000,0.153,200.0,-944.4033688353549,1000,0.155,200.0,-932.0634929409517,264,0.5416666666666666,200.0,-572.1032197638698,1000,0.106,200.0,-1041.545121155102,1000,0.1,200.0,-1051.0951311254553,12288,5058,384000000,617.1871590614319,ab16711
sfl_tilt_sc,7,1966080,2000,0.4715,200.0,-611.9492940944675,0.0,1000,0.094,200.0,-964.7583963980925,1000,0.09,200.0,-960.670952932123,264,0.4962121212121212,200.0,-587.6599262331129,1000,0.054,200.0,-1067.0187526793654,1000,0.035,200.0,-1085.8880879057447,12288,5058,384000000,617.1871590614319,ab16711
sfl_tilt_sc,7,2211840,2000,0.518,200.0,-622.2371425123619,0.0,1000,0.174,200.0,-972.9638295428799,1000,0.18,200.0,-959.3069726398488,264,0.5454545454545454,200.0,-590.7916582651392,1000,0.139,200.0,-1052.9974036907624,1000,0.135,200.0,-1063.7221215600662,12288,5058,384000000,617.1871590614319,ab16711
sfl_tilt_sc,7,2457600,2000,0.525,200.0,-599.0347112178586,0.0,1000,0.162,200.0,-936.177119755523,1000,0.172,200.0,-926.6336297279862,264,0.553030303030303,200.0,-570.8734994361223,1000,0.103,200.0,-1045.9433988365486,1000,0.104,200.0,-1050.755894356682,12288,5058,384000000,617.1871590614319,ab16711
sfl_bisect,7,0,2000,0.0,200.0,-1292.3241691433118,0.0,1000,0.0,200.0,-1125.065038582097,1000,0.0,200.0,-1133.390607147246,264,0.0,200.0,-1281.271364725699,1000,0.0,200.0,-1098.4646825486407,1000,0.0,200.0,-1104.3085939642876,12288,6189,481920000,743.992182970047,ab16711
sfl_bisect,7,245760,2000,0.0,200.0,-1051.2399263975678,0.0,1000,0.0,200.0,-1003.4337708699519,1000,0.0,200.0,-1000.332863417129,264,0.0,200.0,-1018.3610995593124,1000,0.0,200.0,-1004.3881302337021,1000,0.0,200.0,-1014.8337085941823,12288,6189,481920000,743.992182970047,ab16711
sfl_bisect,7,491520,2000,0.1595,200.0,-774.327044354549,0.0,1000,0.01,200.0,-1004.1571980134777,1000,0.016,200.0,-1004.192821150857,264,0.17424242424242425,200.0,-758.8169901589309,1000,0.008,200.0,-1078.1240502592186,1000,0.006,200.0,-1083.0404678765597,12288,6189,481920000,743.992182970047,ab16711
sfl_bisect,7,737280,2000,0.0,200.0,-1234.0202360157846,0.0,1000,0.0,200.0,-1014.3880594462094,1000,0.0,200.0,-1027.1212862359935,264,0.0,200.0,-1215.9729620936516,1000,0.0,200.0,-1011.4973347766557,1000,0.0,200.0,-1010.1738457186316,12288,6189,481920000,743.992182970047,ab16711
sfl_bisect,7,983040,2000,0.0,200.0,-820.4546809540084,0.0,1000,0.0,200.0,-906.1914258378936,1000,0.0,200.0,-910.4935856595483,264,0.0,200.0,-811.0085875810528,1000,0.0,200.0,-1008.8321617788307,1000,0.0,200.0,-1014.4859306759282,12288,6189,481920000,743.992182970047,ab16711
sfl_bisect,7,1228800,2000,0.0,200.0,-776.8969174276714,0.0,1000,0.0,200.0,-895.1619133768003,1000,0.0,200.0,-894.3263594851985,264,0.0,200.0,-768.6412332676185,1000,0.0,200.0,-1002.4238990010205,1000,0.0,200.0,-1005.5954834930538,12288,6189,481920000,743.992182970047,ab16711
sfl_bisect,7,1474560,2000,0.38,200.0,-580.6454412346094,0.0,1000,0.09,200.0,-845.6842744735721,1000,0.097,200.0,-841.0403504323789,264,0.4166666666666667,200.0,-554.4945720895412,1000,0.045,200.0,-972.0745645784122,1000,0.043,200.0,-977.3314723444286,12288,6189,481920000,743.992182970047,ab16711
sfl_bisect,7,1720320,2000,0.5825,200.0,-460.84954683003696,0.0,1000,0.29,200.0,-728.5083873336094,1000,0.293,200.0,-723.9231913507809,264,0.571969696969697,200.0,-460.89341758558567,1000,0.128,200.0,-945.1348042647269,1000,0.143,200.0,-937.152123527603,12288,6189,481920000,743.992182970047,ab16711
sfl_bisect,7,1966080,2000,0.7955,200.0,-296.95246162127546,0.25,1000,0.513,200.0,-539.6069240159318,1000,0.502,200.0,-560.5931992778654,264,0.821969696969697,200.0,-284.1867153622812,1000,0.209,200.0,-817.7807955111629,1000,0.21,200.0,-820.1686001217189,12288,6189,481920000,743.992182970047,ab16711
sfl_bisect,7,2211840,2000,0.901,200.0,-232.95672049144784,0.44,1000,0.723,200.0,-431.357011482917,1000,0.704,200.0,-443.335374358322,264,0.8787878787878788,200.0,-239.491584233382,1000,0.333,200.0,-752.7069613645822,1000,0.369,200.0,-735.1971953891746,12288,6189,481920000,743.992182970047,ab16711
sfl_bisect,7,2457600,2000,0.8735,200.0,-252.1855505787665,0.44,1000,0.662,200.0,-474.4586691955365,1000,0.647,200.0,-489.0474635238893,264,0.8636363636363636,200.0,-260.3068618713925,1000,0.346,200.0,-746.5527657835034,1000,0.35,200.0,-740.5663199397814,12288,6189,481920000,743.992182970047,ab16711
sfl_tilt,7,0,2000,0.0,200.0,-1249.9030546926567,0.0,1000,0.0,200.0,-1202.3827778809857,1000,0.0,200.0,-1200.2703937809133,264,0.0,200.0,-1235.3999933843857,1000,0.0,200.0,-1258.6294155866347,1000,0.0,200.0,-1261.0636539350699,12288,6089,384000000,614.2069909572601,ab16711
sfl_tilt,7,245760,2000,0.166,200.0,-827.3421488322007,0.0,1000,0.027,200.0,-998.9269377549036,1000,0.035,200.0,-1001.2809695977464,264,0.1893939393939394,200.0,-813.3396534414344,1000,0.005,200.0,-1090.3942364377565,1000,0.008,200.0,-1095.1185958103351,12288,6089,384000000,614.2069909572601,ab16711
sfl_tilt,7,491520,2000,0.026,200.0,-851.620271882873,0.0,1000,0.019,200.0,-856.6496445221112,1000,0.013,200.0,-869.6214754168843,264,0.026515151515151516,200.0,-859.9569992345769,1000,0.001,200.0,-999.9534903898484,1000,0.005,200.0,-999.7457445352658,12288,6089,384000000,614.2069909572601,ab16711
sfl_tilt,7,737280,2000,0.349,200.0,-572.8383942338721,0.0,1000,0.056,200.0,-810.4161717999089,1000,0.059,200.0,-824.4797502098953,264,0.35984848484848486,200.0,-561.2366084952856,1000,0.038,200.0,-938.5290632185854,1000,0.029,200.0,-942.9019853942194,12288,6089,384000000,614.2069909572601,ab16711
sfl_tilt,7,983040,2000,0.488,200.0,-612.4333353595964,0.0,1000,0.173,200.0,-918.0836479138414,1000,0.182,200.0,-910.8567014423539,264,0.49242424242424243,200.0,-608.1302853625263,1000,0.079,200.0,-1067.6385366427232,1000,0.084,200.0,-1066.398752296047,12288,6089,384000000,614.2069909572601,ab16711
sfl_tilt,7,1228800,2000,0.5395,200.0,-478.8540105507218,0.0,1000,0.182,200.0,-787.4774014653859,1000,0.196,200.0,-784.2668120303844,264,0.5643939393939394,200.0,-460.45089345406467,1000,0.099,200.0,-963.4610309358716,1000,0.092,200.0,-963.8825562200233,12288,6089,384000000,614.2069909572601,ab16711
sfl_tilt,7,1474560,2000,0.7665,200.0,-311.8441333825624,0.185,1000,0.411,200.0,-598.332601796953,1000,0.406,200.0,-600.3645383921538,264,0.7765151515151515,200.0,-316.55646294525036,1000,0.178,200.0,-857.9107734691856,1000,0.199,200.0,-849.0336926805431,12288,6089,384000000,614.2069909572601,ab16711
sfl_tilt,7,1720320,2000,0.8855,200.0,-235.59771397513373,0.455,1000,0.684,200.0,-437.467533161981,1000,0.684,200.0,-441.4652374789829,264,0.8674242424242424,200.0,-252.11318938275073,1000,0.322,200.0,-743.5165880737176,1000,0.329,200.0,-743.0256546081774,12288,6089,384000000,614.2069909572601,ab16711
sfl_tilt,7,1966080,2000,0.8835,200.0,-234.5978708705552,0.455,1000,0.689,200.0,-443.6442534419001,1000,0.696,200.0,-448.08506059929243,264,0.8674242424242424,200.0,-249.65902224720787,1000,0.354,200.0,-732.7604858722038,1000,0.366,200.0,-734.4612177536211,12288,6089,384000000,614.2069909572601,ab16711
sfl_tilt,7,2211840,2000,0.905,200.0,-211.1936176239596,0.52,1000,0.713,200.0,-415.94481209846157,1000,0.717,200.0,-416.0928188340131,264,0.9053030303030303,200.0,-215.40266906283438,1000,0.363,200.0,-711.9220450157922,1000,0.36,200.0,-714.3198049160223,12288,6089,384000000,614.2069909572601,ab16711
sfl_tilt,7,2457600,2000,0.927,200.0,-194.96300801550444,0.57,1000,0.772,200.0,-389.1213910294541,1000,0.769,200.0,-390.79730869131316,264,0.9356060606060606,200.0,-195.00595478448614,1000,0.416,200.0,-686.0095950089553,1000,0.441,200.0,-673.2535886460279,12288,6089,384000000,614.2069909572601,ab16711
sfl_tilt_soft,7,0,2000,0.0,200.0,-1545.235887275087,0.0,1000,0.0,200.0,-1503.619596961958,1000,0.0,200.0,-1500.2872152879531,264,0.0,200.0,-1517.8644847803032,1000,0.0,200.0,-1509.6045907392968,1000,0.0,200.0,-1515.588915417389,12288,4802,384000000,615.9788992404938,ab16711
sfl_tilt_soft,7,245760,2000,0.0,200.0,-1056.2782077964578,0.0,1000,0.0,200.0,-1115.4938853464034,1000,0.0,200.0,-1114.1411815159656,264,0.0,200.0,-1021.3185575086547,1000,0.0,200.0,-1164.556836718869,1000,0.0,200.0,-1170.6232620310357,12288,4802,384000000,615.9788992404938,ab16711
sfl_tilt_soft,7,491520,2000,0.3545,200.0,-762.130005643693,0.0,1000,0.013,200.0,-1102.3079290473643,1000,0.02,200.0,-1096.6482946017115,264,0.3712121212121212,200.0,-753.8669259327426,1000,0.009,200.0,-1158.1646968869666,1000,0.009,200.0,-1165.5186798931668,12288,4802,384000000,615.9788992404938,ab16711
sfl_tilt_soft,7,737280,2000,0.3615,200.0,-691.6863725895216,0.0,1000,0.018,200.0,-1014.508461749573,1000,0.024,200.0,-1014.8148711079743,264,0.375,200.0,-684.6789757264178,1000,0.012,200.0,-1094.9639839145077,1000,0.014,200.0,-1095.8162973394114,12288,4802,384000000,615.9788992404938,ab16711
sfl_tilt_soft,7,983040,2000,0.368,200.0,-801.8830659583197,0.0,1000,0.013,200.0,-1165.869000970641,1000,0.02,200.0,-1156.263815811453,264,0.3787878787878788,200.0,-789.0818816945272,1000,0.009,200.0,-1216.8203973082534,1000,0.009,200.0,-1222.480442978141,12288,4802,384000000,615.9788992404938,ab16711
sfl_tilt_soft,7,1228800,2000,0.3745,200.0,-770.6213157920821,0.0,1000,0.021,200.0,-1120.457278413274,1000,0.027,200.0,-1111.7616273733406,264,0.3939393939393939,200.0,-753.7716576709394,1000,0.009,200.0,-1183.8836755772647,1000,0.009,200.0,-1188.5287879631412,12288,4802,384000000,615.9788992404938,ab16711
sfl_tilt_soft,7,1474560,2000,0.3735,200.0,-776.9593917691102,0.0,1000,0.023,200.0,-1125.4929604488366,1000,0.026,200.0,-1119.570656672763,264,0.39015151515151514,200.0,-762.0426644900095,1000,0.01,200.0,-1189.7789593972066,1000,0.01,200.0,-1194.3015712468973,12288,4802,384000000,615.9788992404938,ab16711
sfl_tilt_soft,7,1720320,2000,0.436,200.0,-603.0662709738576,0.0,1000,0.093,200.0,-895.8698093498826,1000,0.11,200.0,-885.8145999118474,264,0.4696969696969697,200.0,-577.1251048966836,1000,0.026,200.0,-1048.0522675723635,1000,0.026,200.0,-1048.3231527305068,12288,4802,384000000,615.9788992404938,ab16711
sfl_tilt_soft,7,1966080,2000,0.441,200.0,-597.506492530887,0.0,1000,0.118,200.0,-890.8682613511763,1000,0.112,200.0,-897.8444686936471,264,0.4659090909090909,200.0,-574.2619798999632,1000,0.047,200.0,-1041.930884417117,1000,0.057,200.0,-1040.9290261416188,12288,4802,384000000,615.9788992404938,ab16711
sfl_tilt_soft,7,2211840,2000,0.463,200.0,-596.4916076165971,0.0,1000,0.133,200.0,-895.6514401407409,1000,0.12,200.0,-908.2619684981391,264,0.49242424242424243,200.0,-571.5807935564328,1000,0.057,200.0,-1043.0307934088826,1000,0.051,200.0,-1050.1991212675534,12288,4802,384000000,615.9788992404938,ab16711
sfl_tilt_soft,7,2457600,2000,0.522,200.0,-558.6548231981423,0.0,1000,0.174,200.0,-863.7659415340772,1000,0.165,200.0,-875.9845309609585,264,0.5454545454545454,200.0,-538.1069092670527,1000,0.062,200.0,-1047.7124295068966,1000,0.073,200.0,-1044.7163789381177,12288,4802,384000000,615.9788992404938,ab16711
sfl_ghost,7,0,2000,0.0,200.0,-1437.1048029059298,0.0,1000,0.0,200.0,-1270.949927810061,1000,0.0,200.0,-1270.102567806114,264,0.0,200.0,-1418.3143072931211,1000,0.0,200.0,-1212.7573645633101,1000,0.0,200.0,-1218.3373797425227,12288,6276,766400000,1094.6141669750214,ab16711
sfl_ghost,7,245760,2000,0.0295,200.0,-902.7709703726193,0.0,1000,0.0,200.0,-1011.1554927664778,1000,0.002,200.0,-1011.4860653370832,264,0.015151515151515152,200.0,-905.9374828515639,1000,0.0,200.0,-1075.776294286624,1000,0.0,200.0,-1081.0147630240792,12288,6276,766400000,1094.6141669750214,ab16711
sfl_ghost,7,491520,2000,0.0,200.0,-854.1577513895552,0.0,1000,0.0,200.0,-894.8477649333561,1000,0.0,200.0,-904.9192124440316,264,0.0,200.0,-854.2448196036386,1000,0.0,200.0,-995.2650965509589,1000,0.0,200.0,-996.6668884089088,12288,6276,766400000,1094.6141669750214,ab16711
sfl_ghost,7,737280,2000,0.0015,200.0,-812.6104685553103,0.0,1000,0.006,200.0,-886.3436586319921,1000,0.007,200.0,-888.1003792077338,264,0.0,200.0,-822.0290861265113,1000,0.006,200.0,-998.1297580670165,1000,0.005,200.0,-1005.0613997737202,12288,6276,766400000,1094.6141669750214,ab16711
sfl_ghost,7,983040,2000,0.0,200.0,-834.4125144205243,0.0,1000,0.0,200.0,-883.4381387254076,1000,0.0,200.0,-883.8402144218358,264,0.0,200.0,-841.7322132957268,1000,0.0,200.0,-987.9956346484519,1000,0.0,200.0,-996.2708964064275,12288,6276,766400000,1094.6141669750214,ab16711
sfl_ghost,7,1228800,2000,0.292,200.0,-646.5047615658563,0.0,1000,0.027,200.0,-911.2980313448412,1000,0.029,200.0,-917.30997628132,264,0.32575757575757575,200.0,-636.9050132265521,1000,0.011,200.0,-1015.9175085018137,1000,0.008,200.0,-1024.0008593945838,12288,6276,766400000,1094.6141669750214,ab16711
sfl_ghost,7,1474560,2000,0.181,200.0,-730.2860206233787,0.0,1000,0.021,200.0,-897.1931435380909,1000,0.023,200.0,-909.3866905937845,264,0.19318181818181818,200.0,-709.8906458592837,1000,0.005,200.0,-989.9132082309964,1000,0.004,200.0,-997.122371294359,12288,6276,766400000,1094.6141669750214,ab16711
sfl_ghost,7,1720320,2000,0.4835,200.0,-624.125728715974,0.0,1000,0.155,200.0,-940.2662934236035,1000,0.176,200.0,-919.1245749529531,264,0.5,200.0,-603.2575704477098,1000,0.063,200.0,-1090.175468687756,1000,0.063,200.0,-1093.518524569114,12288,6276,766400000,1094.6141669750214,ab16711
sfl_ghost,7,1966080,2000,0.515,200.0,-602.2938017371852,0.0,1000,0.189,200.0,-917.3371138002162,1000,0.203,200.0,-901.7864713037831,264,0.5340909090909091,200.0,-575.3912664006341,1000,0.069,200.0,-1089.4664027406773,1000,0.078,200.0,-1087.294330603447,12288,6276,766400000,1094.6141669750214,ab16711
sfl_ghost,7,2211840,2000,0.478,200.0,-600.982643881969,0.0,1000,0.137,200.0,-915.5760449156344,1000,0.128,200.0,-918.8998021656936,264,0.5151515151515151,200.0,-573.9160807881201,1000,0.023,200.0,-1101.1054950359062,1000,0.025,200.0,-1101.2362500708523,12288,6276,766400000,1094.6141669750214,ab16711
sfl_ghost,7,2457600,2000,0.4625,200.0,-597.5095793828457,0.0,1000,0.108,200.0,-923.9780880221193,1000,0.103,200.0,-932.6115011079129,264,0.4659090909090909,200.0,-597.5041974384792,1000,0.076,200.0,-1038.017675840176,1000,0.074,200.0,-1041.370832548424,12288,6276,766400000,1094.6141669750214,ab16711
sfl_tilt_carry,7,0,2000,0.0,200.0,-1296.8226170007922,0.0,1000,0.0,200.0,-1283.8402913396433,1000,0.0,200.0,-1277.156009477709,264,0.0,200.0,-1279.8378725687649,1000,0.0,200.0,-1314.3608837424895,1000,0.0,200.0,-1319.9637328680735,12288,6050,384000000,617.0507290363312,ab16711
sfl_tilt_carry,7,245760,2000,0.013,200.0,-998.45400196556,0.0,1000,0.002,200.0,-1120.8276344119568,1000,0.0,200.0,-1115.1806301659215,264,0.01893939393939394,200.0,-967.7085429533414,1000,0.0,200.0,-1170.7943221722571,1000,0.0,200.0,-1175.0560480745285,12288,6050,384000000,617.0507290363312,ab16711
sfl_tilt_carry,7,491520,2000,0.0,200.0,-999.2742148601889,0.0,1000,0.0,200.0,-975.2253115053026,1000,0.0,200.0,-981.7852782031496,264,0.0,200.0,-975.9798812674607,1000,0.0,200.0,-1022.9399513593395,1000,0.0,200.0,-1023.8651516023762,12288,6050,384000000,617.0507290363312,ab16711
sfl_tilt_carry,7,737280,2000,0.2595,200.0,-753.4244278626675,0.0,1000,0.047,200.0,-957.6358466987685,1000,0.052,200.0,-950.655692123668,264,0.2765151515151515,200.0,-739.2431474363198,1000,0.012,200.0,-1076.399619315464,1000,0.009,200.0,-1082.1165480853997,12288,6050,384000000,617.0507290363312,ab16711
sfl_tilt_carry,7,983040,2000,0.383,200.0,-742.9152774764567,0.0,1000,0.041,200.0,-1076.1764285736135,1000,0.042,200.0,-1073.3122441908647,264,0.3977272727272727,200.0,-730.9401839185422,1000,0.019,200.0,-1152.3899033970474,1000,0.015,200.0,-1158.4080178153147,12288,6050,384000000,617.0507290363312,ab16711
sfl_tilt_carry,7,1228800,2000,0.5195,200.0,-568.0889912643564,0.0,1000,0.21,200.0,-850.8741243764605,1000,0.212,200.0,-849.4120896179411,264,0.5265151515151515,200.0,-563.221939737526,1000,0.078,200.0,-1038.6967177032695,1000,0.087,200.0,-1040.7709822613956,12288,6050,384000000,617.0507290363312,ab16711
sfl_tilt_carry,7,1474560,2000,0.656,200.0,-420.69143342609436,0.075,1000,0.379,200.0,-680.7727951339637,1000,0.378,200.0,-676.1275422546636,264,0.6401515151515151,200.0,-424.5193387435221,1000,0.215,200.0,-912.616030063865,1000,0.218,200.0,-910.8997456574579,12288,6050,384000000,617.0507290363312,ab16711
sfl_tilt_carry,7,1720320,2000,0.7785,200.0,-318.65056460691335,0.315,1000,0.515,200.0,-545.5998629116305,1000,0.506,200.0,-556.5636579913635,264,0.7765151515151515,200.0,-329.60143451848126,1000,0.197,200.0,-839.173384854543,1000,0.191,200.0,-848.0248026880053,12288,6050,384000000,617.0507290363312,ab16711
sfl_tilt_carry,7,1966080,2000,0.8515,200.0,-268.2067423296893,0.38,1000,0.624,200.0,-483.68356689303437,1000,0.607,200.0,-494.56436460038395,264,0.8333333333333334,200.0,-294.8171936934394,1000,0.287,200.0,-785.8424525330577,1000,0.279,200.0,-796.9401797016911,12288,6050,384000000,617.0507290363312,ab16711
sfl_tilt_carry,7,2211840,2000,0.856,200.0,-265.86060824170374,0.41,1000,0.651,200.0,-475.34285927969114,1000,0.663,200.0,-479.9579923118989,264,0.8409090909090909,200.0,-284.0516090982898,1000,0.336,200.0,-760.4334010738712,1000,0.321,200.0,-774.141065296843,12288,6050,384000000,617.0507290363312,ab16711
sfl_tilt_carry,7,2457600,2000,0.8535,200.0,-265.0088463846936,0.43,1000,0.669,200.0,-468.8321174036736,1000,0.687,200.0,-462.97251264111685,264,0.8484848484848485,200.0,-275.43244511156786,1000,0.334,200.0,-754.871006616751,1000,0.352,200.0,-757.8414595672687,12288,6050,384000000,617.0507290363312,ab16711
sfl_tilt_amort,7,0,2000,0.0,200.0,-1529.1785153021096,0.0,1000,0.0,200.0,-1357.1639615307674,1000,0.0,200.0,-1350.4127255517985,264,0.0,200.0,-1510.3827233787263,1000,0.0,200.0,-1253.0307718385457,1000,0.0,200.0,-1263.6097925647534,12288,6183,384000000,634.2483320236206,ab16711
sfl_tilt_amort,7,245760,2000,0.0,200.0,-1017.4174446897276,0.0,1000,0.0,200.0,-889.3836666544598,1000,0.0,200.0,-898.5637957445148,264,0.0,200.0,-1010.0307992351542,1000,0.0,200.0,-993.0200389091949,1000,0.0,200.0,-998.1859399615541,12288,6183,384000000,634.2483320236206,ab16711
sfl_tilt_amort,7,491520,2000,0.109,200.0,-753.9162466409596,0.0,1000,0.004,200.0,-974.7660895199592,1000,0.011,200.0,-970.436568988349,264,0.11742424242424243,200.0,-753.7937595748182,1000,0.002,200.0,-1060.9428703144258,1000,0.001,200.0,-1063.6476198572498,12288,6183,384000000,634.2483320236206,ab16711
sfl_tilt_amort,7,737280,2000,0.3625,200.0,-803.3146397014156,0.0,1000,0.013,200.0,-1165.673522879487,1000,0.021,200.0,-1153.435351710976,264,0.3787878787878788,200.0,-787.8499437387825,1000,0.008,200.0,-1215.532906065327,1000,0.009,200.0,-1220.1027889644754,12288,6183,384000000,634.2483320236206,ab16711
sfl_tilt_amort,7,983040,2000,0.374,200.0,-813.4864606583876,0.0,1000,0.017,200.0,-1187.8213430166143,1000,0.025,200.0,-1174.9617971599296,264,0.3977272727272727,200.0,-787.8910332669172,1000,0.008,200.0,-1239.053281051237,1000,0.009,200.0,-1244.428131756402,12288,6183,384000000,634.2483320236206,ab16711
sfl_tilt_amort,7,1228800,2000,0.372,200.0,-801.9895978348236,0.0,1000,0.019,200.0,-1164.9937174978536,1000,0.027,200.0,-1152.8541535481327,264,0.38636363636363635,200.0,-784.3866067856895,1000,0.009,200.0,-1216.3512309305786,1000,0.012,200.0,-1219.7119243190032,12288,6183,384000000,634.2483320236206,ab16711
sfl_tilt_amort,7,1474560,2000,0.4035,200.0,-705.4178041284084,0.0,1000,0.063,200.0,-1032.9449505521256,1000,0.077,200.0,-1019.311187803602,264,0.42045454545454547,200.0,-691.292077130159,1000,0.034,200.0,-1121.965211531881,1000,0.027,200.0,-1128.4745790961585,12288,6183,384000000,634.2483320236206,ab16711
sfl_tilt_amort,7,1720320,2000,0.441,200.0,-688.7219640140074,0.0,1000,0.119,200.0,-1010.7766730675393,1000,0.128,200.0,-999.5984140178444,264,0.4583333333333333,200.0,-672.1063899899118,1000,0.064,200.0,-1120.787453028289,1000,0.052,200.0,-1134.673349728446,12288,6183,384000000,634.2483320236206,ab16711
sfl_tilt_amort,7,1966080,2000,0.5095,200.0,-606.4936572595678,0.0,1000,0.2,200.0,-912.03855088356,1000,0.202,200.0,-908.8380503290326,264,0.5265151515151515,200.0,-588.941715423774,1000,0.086,200.0,-1083.2014214017765,1000,0.083,200.0,-1083.3414518064865,12288,6183,384000000,634.2483320236206,ab16711
sfl_tilt_amort,7,2211840,2000,0.5165,200.0,-602.1509276110066,0.0,1000,0.206,200.0,-906.907826698841,1000,0.209,200.0,-904.7253541436841,264,0.5265151515151515,200.0,-589.6253474138525,1000,0.087,200.0,-1082.4812133785367,1000,0.09,200.0,-1081.2507825411287,12288,6183,384000000,634.2483320236206,ab16711
sfl_tilt_amort,7,2457600,2000,0.5895,200.0,-447.4293965224491,0.0,1000,0.244,200.0,-750.6422516978096,1000,0.258,200.0,-744.8817293362572,264,0.5909090909090909,200.0,-449.9567907708106,1000,0.111,200.0,-945.465227370277,1000,0.138,200.0,-936.5025469579064,12288,6183,384000000,634.2483320236206,ab16711
sfl_halving,7,0,2000,0.0,200.0,-1432.8577155194157,0.0,1000,0.0,200.0,-1281.4487813669084,1000,0.0,200.0,-1277.743251073595,264,0.0,200.0,-1419.6852764411528,1000,0.0,200.0,-1223.7206530188262,1000,0.0,200.0,-1225.5316644421127,12288,6212,960000000,1341.1932518482208,ab16711
sfl_halving,7,245760,2000,0.0985,200.0,-1053.2036927937,0.0,1000,0.002,200.0,-1088.9393359063693,1000,0.007,200.0,-1084.2061349923379,264,0.12878787878787878,200.0,-960.1477834887565,1000,0.002,200.0,-1089.2684088591411,1000,0.006,200.0,-1085.5706255313703,12288,6212,960000000,1341.1932518482208,ab16711
sfl_halving,7,491520,2000,0.266,200.0,-753.3271014342426,0.0,1000,0.029,200.0,-1033.7178112531672,1000,0.032,200.0,-1033.6765668034598,264,0.26136363636363635,200.0,-739.7956105289614,1000,0.009,200.0,-1116.8011566222613,1000,0.017,200.0,-1117.547095089913,12288,6212,960000000,1341.1932518482208,ab16711
sfl_halving,7,737280,2000,0.3365,200.0,-726.497714383097,0.0,1000,0.065,200.0,-987.6697987823338,1000,0.079,200.0,-979.2943460782084,264,0.3371212121212121,200.0,-725.4162466152034,1000,0.026,200.0,-1090.64805718972,1000,0.033,200.0,-1088.6219662382287,12288,6212,960000000,1341.1932518482208,ab16711
sfl_halving,7,983040,2000,0.032,200.0,-997.5014041764446,0.0,1000,0.004,200.0,-969.3512391131228,1000,0.004,200.0,-975.0953471581333,264,0.03409090909090909,200.0,-973.1247466459425,1000,0.002,200.0,-994.4128889309894,1000,0.003,200.0,-1000.2653346373864,12288,6212,960000000,1341.1932518482208,ab16711
sfl_halving,7,1228800,2000,0.5045,200.0,-537.4695749690196,0.0,1000,0.197,200.0,-819.9588189092766,1000,0.2,200.0,-815.4545253797742,264,0.5075757575757576,200.0,-533.7249917862878,1000,0.103,200.0,-986.1194843184563,1000,0.099,200.0,-985.3249473850606,12288,6212,960000000,1341.1932518482208,ab16711
sfl_halving,7,1474560,2000,0.862,200.0,-256.7759848977885,0.385,1000,0.606,200.0,-482.6888186217406,1000,0.595,200.0,-490.4358969431249,264,0.8560606060606061,200.0,-261.9969170544328,1000,0.261,200.0,-786.5765714501256,1000,0.288,200.0,-778.5505471629584,12288,6212,960000000,1341.1932518482208,ab16711
sfl_halving,7,1720320,2000,0.8115,200.0,-310.20012191121947,0.39,1000,0.581,200.0,-522.3555406722012,1000,0.602,200.0,-507.6205645834927,264,0.7916666666666666,200.0,-335.3934986483591,1000,0.27,200.0,-785.7989889764198,1000,0.293,200.0,-793.648285502144,12288,6212,960000000,1341.1932518482208,ab16711
sfl_halving,7,1966080,2000,0.9065,200.0,-218.60396767018534,0.48,1000,0.748,200.0,-407.20951821036806,1000,0.725,200.0,-420.53149690237433,264,0.8939393939393939,200.0,-244.04242317087736,1000,0.385,200.0,-715.134311210353,1000,0.373,200.0,-721.9390161225183,12288,6212,960000000,1341.1932518482208,ab16711
sfl_halving,7,2211840,2000,0.896,200.0,-223.30598118362187,0.42,1000,0.721,200.0,-425.0495427832508,1000,0.733,200.0,-420.7138211095325,264,0.8901515151515151,200.0,-238.28693055577386,1000,0.38,200.0,-713.6904341332739,1000,0.377,200.0,-727.6199018976505,12288,6212,960000000,1341.1932518482208,ab16711
sfl_halving,7,2457600,2000,0.897,200.0,-223.22027593247049,0.47,1000,0.708,200.0,-428.8032154942241,1000,0.734,200.0,-419.3773941302956,264,0.9128787878787878,200.0,-226.59170509632764,1000,0.355,200.0,-718.2033976856357,1000,0.361,200.0,-726.3401184578131,12288,6212,960000000,1341.1932518482208,ab16711
sfl_tilt_verify,7,0,2000,0.0,200.0,-1390.6288781490964,0.0,1000,0.0,200.0,-1258.1104182722124,1000,0.0,200.0,-1268.4575343322317,264,0.0,200.0,-1393.009971838354,1000,0.0,200.0,-1279.5331120702904,1000,0.0,200.0,-1286.1515044293965,12288,6099,614400000,906.7180478572845,ab16711
sfl_tilt_verify,7,245760,2000,0.005,200.0,-1082.0935452212425,0.0,1000,0.001,200.0,-1022.0806128394509,1000,0.001,200.0,-1035.3101909940005,264,0.0,200.0,-1057.1883088694613,1000,0.0,200.0,-1082.4391592667532,1000,0.0,200.0,-1075.3446617136112,12288,6099,614400000,906.7180478572845,ab16711
sfl_tilt_verify,7,491520,2000,0.001,200.0,-1040.1527124228944,0.0,1000,0.0,200.0,-974.2190699351108,1000,0.001,200.0,-985.2577592683258,264,0.0,200.0,-1011.0176368515004,1000,0.001,200.0,-987.6507934481498,1000,0.0,200.0,-992.0587296916308,12288,6099,614400000,906.7180478572845,ab16711
sfl_tilt_verify,7,737280,2000,0.5525,200.0,-435.8978095750676,0.0,1000,0.222,200.0,-715.2294227652098,1000,0.227,200.0,-711.4891293973428,264,0.5946969696969697,200.0,-422.888344698095,1000,0.101,200.0,-899.9672197745768,1000,0.103,200.0,-903.8788375634641,12288,6099,614400000,906.7180478572845,ab16711
sfl_tilt_verify,7,983040,2000,0.4675,200.0,-507.7531444208525,0.0,1000,0.127,200.0,-790.6635764839151,1000,0.161,200.0,-775.2662406139269,264,0.5075757575757576,200.0,-489.19275601906133,1000,0.048,200.0,-952.3679225563136,1000,0.045,200.0,-963.8745538737659,12288,6099,614400000,906.7180478572845,ab16711
sfl_tilt_verify,7,1228800,2000,0.7525,200.0,-317.5301464519388,0.175,1000,0.374,200.0,-605.1708932001545,1000,0.352,200.0,-618.7629296997284,264,0.7386363636363636,200.0,-316.96612111609505,1000,0.13,200.0,-862.5623804916444,1000,0.136,200.0,-859.3889746818792,12288,6099,614400000,906.7180478572845,ab16711
sfl_tilt_verify,7,1474560,2000,0.8555,200.0,-257.0285565914484,0.37,1000,0.612,200.0,-476.4466361147065,1000,0.586,200.0,-504.75512539917764,264,0.8560606060606061,200.0,-258.9033037624323,1000,0.288,200.0,-760.4888536275922,1000,0.281,200.0,-767.2085557023081,12288,6099,614400000,906.7180478572845,ab16711
sfl_tilt_verify,7,1720320,2000,0.8805,200.0,-238.72394566596483,0.435,1000,0.667,200.0,-451.74639178821377,1000,0.657,200.0,-466.1069099810972,264,0.8863636363636364,200.0,-239.46316157454208,1000,0.319,200.0,-735.7496946798732,1000,0.307,200.0,-749.6796802075401,12288,6099,614400000,906.7180478572845,ab16711
sfl_tilt_verify,7,1966080,2000,0.8785,200.0,-245.4587498666586,0.475,1000,0.694,200.0,-451.2213355890169,1000,0.683,200.0,-471.31008050733305,264,0.8939393939393939,200.0,-243.11706369841656,1000,0.379,200.0,-707.3404855866295,1000,0.379,200.0,-710.5459415101285,12288,6099,614400000,906.7180478572845,ab16711
sfl_tilt_verify,7,2211840,2000,0.862,200.0,-252.1079695570641,0.41,1000,0.701,200.0,-447.20167454909193,1000,0.665,200.0,-480.68359531287246,264,0.8522727272727273,200.0,-262.3052843558799,1000,0.437,200.0,-672.2513463104868,1000,0.435,200.0,-669.8659530613133,12288,6099,614400000,906.7180478572845,ab16711
sfl_tilt_verify,7,2457600,2000,0.8715,200.0,-224.45227118291584,0.45,1000,0.7,200.0,-425.8760359549995,1000,0.682,200.0,-442.0105038820394,264,0.8901515151515151,200.0,-222.7944270589239,1000,0.418,200.0,-669.2157364196789,1000,0.417,200.0,-677.7722759525208,12288,6099,614400000,906.7180478572845,ab16711
sfl_spread,8,0,2000,0.0005,200.0,-1318.9006739864392,0.0,1000,0.0,200.0,-1297.3938040537907,1000,0.0,200.0,-1302.7494215080742,264,0.0,200.0,-1293.2839122405046,1000,0.0,200.0,-1304.0166917524245,1000,0.0,200.0,-1310.9758267740783,12288,6197,384000000,618.760614156723,ab16711
sfl_spread,8,245760,2000,0.0,200.0,-920.1347031045126,0.0,1000,0.0,200.0,-1010.2628208710694,1000,0.0,200.0,-1007.07260190774,264,0.0,200.0,-876.0234491443222,1000,0.0,200.0,-1094.4936884921021,1000,0.0,200.0,-1106.387693628023,12288,6197,384000000,618.760614156723,ab16711
sfl_spread,8,491520,2000,0.113,200.0,-749.1870701226464,0.0,1000,0.003,200.0,-934.6513456139418,1000,0.005,200.0,-928.1907365282285,264,0.11742424242424243,200.0,-726.8392736739036,1000,0.002,200.0,-1032.5406607864647,1000,0.0,200.0,-1046.9114733555773,12288,6197,384000000,618.760614156723,ab16711
sfl_spread,8,737280,2000,0.3765,200.0,-735.950600360805,0.0,1000,0.027,200.0,-1078.631045636162,1000,0.036,200.0,-1070.8251994080356,264,0.3977272727272727,200.0,-721.3455494223625,1000,0.012,200.0,-1144.3997768462357,1000,0.022,200.0,-1141.2332596804788,12288,6197,384000000,618.760614156723,ab16711
sfl_spread,8,983040,2000,0.3045,200.0,-581.2941959524507,0.0,1000,0.048,200.0,-823.7289762627987,1000,0.066,200.0,-817.6347038903863,264,0.3106060606060606,200.0,-573.1286713983056,1000,0.024,200.0,-975.9319640578523,1000,0.03,200.0,-977.9077099545091,12288,6197,384000000,618.760614156723,ab16711
sfl_spread,8,1228800,2000,0.492,200.0,-547.9878311142503,0.0,1000,0.145,200.0,-840.4502397385115,1000,0.155,200.0,-838.2106643656614,264,0.5075757575757576,200.0,-526.4955447856375,1000,0.09,200.0,-986.2837683772242,1000,0.106,200.0,-981.9021547063116,12288,6197,384000000,618.760614156723,ab16711
sfl_spread,8,1474560,2000,0.5755,200.0,-498.7409749665727,0.0,1000,0.237,200.0,-786.7082058424328,1000,0.214,200.0,-808.8840927422826,264,0.5606060606060606,200.0,-495.88676236654135,1000,0.078,200.0,-1012.432389905371,1000,0.098,200.0,-1005.8895276926564,12288,6197,384000000,618.760614156723,ab16711
sfl_spread,8,1720320,2000,0.5255,200.0,-572.9399089326328,0.0,1000,0.174,200.0,-878.8963263102381,1000,0.159,200.0,-893.8878488762273,264,0.5227272727272727,200.0,-562.6378237427641,1000,0.045,200.0,-1058.867417133239,1000,0.05,200.0,-1060.0710634773284,12288,6197,384000000,618.760614156723,ab16711
sfl_spread,8,1966080,2000,0.5925,200.0,-524.8119442434811,0.03,1000,0.3,200.0,-789.5244352015051,1000,0.3,200.0,-800.0816072254647,264,0.5946969696969697,200.0,-504.7558278565127,1000,0.127,200.0,-1020.3953065952734,1000,0.142,200.0,-1014.2736307566811,12288,6197,384000000,618.760614156723,ab16711
sfl_spread,8,2211840,2000,0.596,200.0,-515.5524742806598,0.05,1000,0.272,200.0,-813.0661174796224,1000,0.265,200.0,-816.9359675335166,264,0.6060606060606061,200.0,-494.7698606967063,1000,0.106,200.0,-1026.1163174568717,1000,0.11,200.0,-1029.0599134554554,12288,6197,384000000,618.760614156723,ab16711
sfl_spread,8,2457600,2000,0.6035,200.0,-518.158983785483,0.03,1000,0.283,200.0,-808.448149535541,1000,0.266,200.0,-832.3872183148742,264,0.6174242424242424,200.0,-487.99242110344386,1000,0.125,200.0,-1016.5553363634534,1000,0.125,200.0,-1022.4468809615133,12288,6197,384000000,618.760614156723,ab16711
sfl_tilt_sc,8,0,2000,0.0,200.0,-1356.6784121347698,0.0,1000,0.0,200.0,-1353.4467897879983,1000,0.0,200.0,-1342.4356097805987,264,0.0,200.0,-1346.0892194106182,1000,0.0,200.0,-1391.9215182093376,1000,0.0,200.0,-1399.1211684061643,12288,5195,384000000,610.2477602958679,ab16711
sfl_tilt_sc,8,245760,2000,0.0035,200.0,-903.482317098072,0.0,1000,0.0,200.0,-983.9191071862572,1000,0.0,200.0,-984.2440060103938,264,0.003787878787878788,200.0,-915.0033128509954,1000,0.0,200.0,-1070.4030062797965,1000,0.0,200.0,-1076.2152000584533,12288,5195,384000000,610.2477602958679,ab16711
sfl_tilt_sc,8,491520,2000,0.4055,200.0,-642.3451503014629,0.0,1000,0.059,200.0,-969.672055178545,1000,0.068,200.0,-967.5259064514296,264,0.42424242424242425,200.0,-633.9053579754421,1000,0.043,200.0,-1053.8916793185365,1000,0.044,200.0,-1058.9269143571412,12288,5195,384000000,610.2477602958679,ab16711
sfl_tilt_sc,8,737280,2000,0.4495,200.0,-685.7209411784438,0.0,1000,0.08,200.0,-1073.3958196724182,1000,0.077,200.0,-1076.8894846495139,264,0.4696969696969697,200.0,-668.1896723207111,1000,0.053,200.0,-1141.3226648104885,1000,0.046,200.0,-1156.2269106240562,12288,5195,384000000,610.2477602958679,ab16711
sfl_tilt_sc,8,983040,2000,0.4865,200.0,-626.1548059530205,0.0,1000,0.121,200.0,-995.1578364860727,1000,0.139,200.0,-985.1842517068039,264,0.5113636363636364,200.0,-613.0076941326096,1000,0.093,200.0,-1071.7535631891792,1000,0.085,200.0,-1089.015937928964,12288,5195,384000000,610.2477602958679,ab16711
sfl_tilt_sc,8,1228800,2000,0.5395,200.0,-572.9199973423008,0.0,1000,0.193,200.0,-934.1742593380445,1000,0.203,200.0,-924.6770600999647,264,0.571969696969697,200.0,-543.3676595992506,1000,0.165,200.0,-1017.1512609208212,1000,0.152,200.0,-1035.1455342642041,12288,5195,384000000,610.2477602958679,ab16711
sfl_tilt_sc,8,1474560,2000,0.561,200.0,-528.1851337089075,0.0,1000,0.207,200.0,-885.7712217880365,1000,0.203,200.0,-889.9818837465535,264,0.5795454545454546,200.0,-517.9005850860798,1000,0.144,200.0,-1003.2637025650083,1000,0.144,200.0,-1007.4362484092195,12288,5195,384000000,610.2477602958679,ab16711
sfl_tilt_sc,8,1720320,2000,0.5795,200.0,-455.0891198235382,0.0,1000,0.207,200.0,-795.6497306294947,1000,0.2,200.0,-800.1676704422601,264,0.6022727272727273,200.0,-435.67180664782086,1000,0.094,200.0,-969.154648296251,1000,0.096,200.0,-974.9213489179392,12288,5195,384000000,610.2477602958679,ab16711
sfl_tilt_sc,8,1966080,2000,0.7335,200.0,-333.77328185539795,0.105,1000,0.385,200.0,-654.584531207207,1000,0.382,200.0,-658.7825110518174,264,0.7083333333333334,200.0,-353.4770964858883,1000,0.175,200.0,-884.2938513068243,1000,0.198,200.0,-873.8240163078414,12288,5195,384000000,610.2477602958679,ab16711
sfl_tilt_sc,8,2211840,2000,0.859,200.0,-250.2059728650608,0.35,1000,0.608,200.0,-503.41003057103785,1000,0.613,200.0,-504.96214797947493,264,0.8371212121212122,200.0,-270.78640190003443,1000,0.296,200.0,-780.3712158366606,1000,0.285,200.0,-791.5894825564578,12288,5195,384000000,610.2477602958679,ab16711
sfl_tilt_sc,8,2457600,2000,0.872,200.0,-238.12909518084209,0.335,1000,0.657,200.0,-473.24640925273695,1000,0.648,200.0,-480.5609517630133,264,0.8484848484848485,200.0,-265.8805753993556,1000,0.326,200.0,-746.1185793717137,1000,0.327,200.0,-753.6664756326584,12288,5195,384000000,610.2477602958679,ab16711
sfl_bisect,8,0,2000,0.0,200.0,-1398.0079888418602,0.0,1000,0.0,200.0,-1253.5463732638873,1000,0.0,200.0,-1247.5015876087061,264,0.0,200.0,-1385.248188566982,1000,0.0,200.0,-1179.919485900946,1000,0.0,200.0,-1185.5715274727033,12288,6237,502080000,750.0913832187653,ab16711
sfl_bisect,8,245760,2000,0.2935,200.0,-840.5613070936913,0.0,1000,0.003,200.0,-1167.574451203965,1000,0.004,200.0,-1159.782414039236,264,0.2878787878787879,200.0,-831.529395092553,1000,0.001,200.0,-1217.3904621248073,1000,0.002,200.0,-1222.0520920179572,12288,6237,502080000,750.0913832187653,ab16711
sfl_bisect,8,491520,2000,0.0,200.0,-987.0862445333048,0.0,1000,0.0,200.0,-883.8397472565813,1000,0.0,200.0,-890.303128248946,264,0.0,200.0,-1004.1355056924918,1000,0.0,200.0,-983.9937911352242,1000,0.0,200.0,-988.5732629299135,12288,6237,502080000,750.0913832187653,ab16711
sfl_bisect,8,737280,2000,0.1185,200.0,-736.9650930994502,0.0,1000,0.08,200.0,-866.4059938291815,1000,0.088,200.0,-865.0421701521095,264,0.10606060606060606,200.0,-767.2418985672006,1000,0.068,200.0,-984.4167087047122,1000,0.07,200.0,-991.1561004606957,12288,6237,502080000,750.0913832187653,ab16711
sfl_bisect,8,983040,2000,0.0145,200.0,-939.3254086902665,0.0,1000,0.001,200.0,-893.6050521870825,1000,0.0,200.0,-906.365236342025,264,0.01893939393939394,200.0,-941.9523192674106,1000,0.0,200.0,-1017.6594074883429,1000,0.0,200.0,-1017.8259686971322,12288,6237,502080000,750.0913832187653,ab16711
sfl_bisect,8,1228800,2000,0.37,200.0,-722.6916482127523,0.0,1000,0.07,200.0,-1012.4877734689301,1000,0.066,200.0,-1016.8634936195114,264,0.375,200.0,-718.0435796935938,1000,0.021,200.0,-1119.507284893047,1000,0.024,200.0,-1120.1786494516784,12288,6237,502080000,750.0913832187653,ab16711
sfl_bisect,8,1474560,2000,0.3615,200.0,-645.4555122870968,0.0,1000,0.052,200.0,-898.6344502522692,1000,0.046,200.0,-919.6451819585601,264,0.4053030303030303,200.0,-609.2162641353003,1000,0.015,200.0,-1015.4646040633165,1000,0.014,200.0,-1018.3490619014555,12288,6237,502080000,750.0913832187653,ab16711
sfl_bisect,8,1720320,2000,0.4865,200.0,-572.7954456494721,0.0,1000,0.139,200.0,-883.94106787846,1000,0.121,200.0,-902.4940455719039,264,0.5075757575757576,200.0,-559.5832295729767,1000,0.057,200.0,-1042.659605835896,1000,0.041,200.0,-1054.4284075408243,12288,6237,502080000,750.0913832187653,ab16711
sfl_bisect,8,1966080,2000,0.6005,200.0,-479.62981903237653,0.05,1000,0.281,200.0,-779.0723947470091,1000,0.255,200.0,-797.801691514316,264,0.5984848484848485,200.0,-481.6673452199804,1000,0.144,200.0,-993.2031517476852,1000,0.132,200.0,-1005.9187738735801,12288,6237,502080000,750.0913832187653,ab16711
sfl_bisect,8,2211840,2000,0.692,200.0,-407.327720859625,0.15,1000,0.367,200.0,-697.1001697310055,1000,0.359,200.0,-717.1294598719215,264,0.7045454545454546,200.0,-399.11050633843274,1000,0.148,200.0,-961.8506801394071,1000,0.132,200.0,-981.2939181467485,12288,6237,502080000,750.0913832187653,ab16711
sfl_bisect,8,2457600,2000,0.654,200.0,-451.8433552668268,0.185,1000,0.41,200.0,-673.068755966102,1000,0.409,200.0,-685.4556178985492,264,0.6628787878787878,200.0,-453.77472035493565,1000,0.248,200.0,-882.803458953972,1000,0.23,200.0,-897.7465754775567,12288,6237,502080000,750.0913832187653,ab16711
sfl_tilt,8,0,2000,0.0,200.0,-1466.4255084955646,0.0,1000,0.0,200.0,-1288.8328672299224,1000,0.0,200.0,-1284.5621871531494,264,0.0,200.0,-1443.0959784887434,1000,0.0,200.0,-1211.083787135263,1000,0.0,200.0,-1220.1473112665738,12288,6140,384000000,594.539990901947,ab16711
sfl_tilt,8,245760,2000,0.004,200.0,-879.9957804958309,0.0,1000,0.0,200.0,-1015.5662250142216,1000,0.0,200.0,-1017.354472257196,264,0.007575757575757576,200.0,-870.4731948103597,1000,0.0,200.0,-1084.1741543988367,1000,0.0,200.0,-1091.7783450779607,12288,6140,384000000,594.539990901947,ab16711
sfl_tilt,8,491520,2000,0.3615,200.0,-741.5800718565695,0.0,1000,0.085,200.0,-1022.274417704744,1000,0.088,200.0,-1022.5199001200468,264,0.4128787878787879,200.0,-705.14420473997,1000,0.055,200.0,-1098.6621385452756,1000,0.049,200.0,-1112.5581647360104,12288,6140,384000000,594.539990901947,ab16711
sfl_tilt,8,737280,2000,0.4055,200.0,-759.7988582297936,0.0,1000,0.047,200.0,-1153.632194373012,1000,0.056,200.0,-1146.121539494791,264,0.4393939393939394,200.0,-729.9514864524136,1000,0.041,200.0,-1199.3535122576643,1000,0.032,200.0,-1214.0204424993958,12288,6140,384000000,594.539990901947,ab16711
sfl_tilt,8,983040,2000,0.424,200.0,-729.1453261565699,0.0,1000,0.064,200.0,-1105.6704741002143,1000,0.065,200.0,-1103.7009247507108,264,0.45454545454545453,200.0,-700.9106138302961,1000,0.042,200.0,-1165.5268919909872,1000,0.039,200.0,-1176.8089733275763,12288,6140,384000000,594.539990901947,ab16711
sfl_tilt,8,1228800,2000,0.5005,200.0,-626.0123359390881,0.0,1000,0.147,200.0,-988.374137140149,1000,0.157,200.0,-977.9414339889059,264,0.5303030303030303,200.0,-598.1935214337852,1000,0.131,200.0,-1057.8624002361694,1000,0.116,200.0,-1076.4868713491373,12288,6140,384000000,594.539990901947,ab16711
sfl_tilt,8,1474560,2000,0.503,200.0,-637.9627338119273,0.0,1000,0.156,200.0,-997.3769189023869,1000,0.16,200.0,-991.717267335407,264,0.5378787878787878,200.0,-601.977758660899,1000,0.145,200.0,-1061.2238595701135,1000,0.128,200.0,-1081.749138702444,12288,6140,384000000,594.539990901947,ab16711
sfl_tilt,8,1720320,2000,0.5365,200.0,-593.2113073409005,0.0,1000,0.193,200.0,-943.5125226883306,1000,0.2,200.0,-939.358228965682,264,0.5568181818181818,200.0,-568.9442362008417,1000,0.142,200.0,-1037.3671644408541,1000,0.147,200.0,-1043.810062684533,12288,6140,384000000,594.539990901947,ab16711
sfl_tilt,8,1966080,2000,0.5265,200.0,-615.8072962317809,0.0,1000,0.188,200.0,-973.7815950751235,1000,0.201,200.0,-961.6499055727542,264,0.5568181818181818,200.0,-581.9024678276647,1000,0.176,200.0,-1043.061152073684,1000,0.171,200.0,-1054.5277443126038,12288,6140,384000000,594.539990901947,ab16711
sfl_tilt,8,2211840,2000,0.534,200.0,-575.8848874264941,0.0,1000,0.166,200.0,-942.1231868201553,1000,0.17,200.0,-938.9748698118623,264,0.5681818181818182,200.0,-552.2299839683163,1000,0.099,200.0,-1051.0303235632698,1000,0.098,200.0,-1060.3480489011881,12288,6140,384000000,594.539990901947,ab16711
sfl_tilt,8,2457600,2000,0.555,200.0,-569.6588617381658,0.0,1000,0.197,200.0,-935.8922098639305,1000,0.217,200.0,-924.5470627582054,264,0.5681818181818182,200.0,-554.7851860209158,1000,0.158,200.0,-1026.1097677579976,1000,0.145,200.0,-1044.1180190479372,12288,6140,384000000,594.539990901947,ab16711
sfl_tilt_soft,8,0,2000,0.0,200.0,-1428.4747442541563,0.0,1000,0.0,200.0,-1276.7950980935113,1000,0.0,200.0,-1283.8819271627563,264,0.0,200.0,-1429.3503231476332,1000,0.0,200.0,-1306.7597980726828,1000,0.0,200.0,-1312.4992251380406,12288,4977,384000000,589.4341411590576,ab16711
sfl_tilt_soft,8,245760,2000,0.071,200.0,-884.0830829092068,0.0,1000,0.002,200.0,-932.7512903165864,1000,0.003,200.0,-934.5717376348481,264,0.06060606060606061,200.0,-892.5038811500553,1000,0.0,200.0,-1043.0621903814374,1000,0.0,200.0,-1051.7703117058632,12288,4977,384000000,589.4341411590576,ab16711
sfl_tilt_soft,8,491520,2000,0.1675,200.0,-868.166681173252,0.0,1000,0.005,200.0,-1074.2999362905216,1000,0.011,200.0,-1072.2845698393992,264,0.1856060606060606,200.0,-847.653717511147,1000,0.003,200.0,-1137.5799473503341,1000,0.004,200.0,-1141.3698703387045,12288,4977,384000000,589.4341411590576,ab16711
sfl_tilt_soft,8,737280,2000,0.3785,200.0,-851.9035154098208,0.0,1000,0.017,200.0,-1272.864232353806,1000,0.023,200.0,-1260.9703905594615,264,0.4015151515151515,200.0,-823.2388786386533,1000,0.014,200.0,-1312.8342703018345,1000,0.012,200.0,-1318.084098895552,12288,4977,384000000,589.4341411590576,ab16711
sfl_tilt_soft,8,983040,2000,0.376,200.0,-857.9283559333677,0.0,1000,0.014,200.0,-1276.0038777444595,1000,0.022,200.0,-1262.5859987346978,264,0.3939393939393939,200.0,-831.1660418155736,1000,0.009,200.0,-1319.523940792114,1000,0.01,200.0,-1323.7195162605042,12288,4977,384000000,589.4341411590576,ab16711
sfl_tilt_soft,8,1228800,2000,0.383,200.0,-837.3117747147318,0.0,1000,0.02,200.0,-1255.1228098906765,1000,0.025,200.0,-1243.9393165707997,264,0.3977272727272727,200.0,-815.7732656306546,1000,0.018,200.0,-1297.1969270603083,1000,0.011,200.0,-1305.7940731630297,12288,4977,384000000,589.4341411590576,ab16711
sfl_tilt_soft,8,1474560,2000,0.4055,200.0,-742.6030530569935,0.0,1000,0.058,200.0,-1102.087392265633,1000,0.061,200.0,-1097.362552661,264,0.42045454545454547,200.0,-726.857074096605,1000,0.028,200.0,-1181.5242546889667,1000,0.025,200.0,-1187.1592567753298,12288,4977,384000000,589.4341411590576,ab16711
sfl_tilt_soft,8,1720320,2000,0.405,200.0,-755.4632505545198,0.0,1000,0.057,200.0,-1125.4277730434176,1000,0.06,200.0,-1119.2918217210615,264,0.4128787878787879,200.0,-745.0637247679106,1000,0.029,200.0,-1200.6750783615796,1000,0.025,200.0,-1205.8848213411413,12288,4977,384000000,589.4341411590576,ab16711
sfl_tilt_soft,8,1966080,2000,0.4235,200.0,-718.0734286485545,0.0,1000,0.076,200.0,-1073.147750977494,1000,0.084,200.0,-1064.2362779369857,264,0.4318181818181818,200.0,-707.6887754430114,1000,0.039,200.0,-1164.4993601577326,1000,0.032,200.0,-1170.6065939702291,12288,4977,384000000,589.4341411590576,ab16711
sfl_tilt_soft,8,2211840,2000,0.462,200.0,-656.2040955456116,0.0,1000,0.133,200.0,-975.3676868490693,1000,0.155,200.0,-956.7652427497844,264,0.4734848484848485,200.0,-642.3361868317462,1000,0.061,200.0,-1109.2600230268445,1000,0.067,200.0,-1109.7752981633269,12288,4977,384000000,589.4341411590576,ab16711
sfl_tilt_soft,8,2457600,2000,0.4585,200.0,-679.6470812463918,0.0,1000,0.128,200.0,-1008.8168560997457,1000,0.136,200.0,-996.7934982651711,264,0.4659090909090909,200.0,-669.4395811809582,1000,0.064,200.0,-1129.254093413076,1000,0.059,200.0,-1135.2615068995635,12288,4977,384000000,589.4341411590576,ab16711
sfl_tilt_carry,8,0,2000,0.0,200.0,-1458.339142589222,0.0,1000,0.0,200.0,-1319.9311785819973,1000,0.0,200.0,-1313.1649970084927,264,0.0,200.0,-1455.0327467541342,1000,0.0,200.0,-1212.2827118104083,1000,0.0,200.0,-1223.6468017829968,12288,6122,384000000,535.8142778873444,ab16711
sfl_tilt_carry,8,245760,2000,0.0,200.0,-1220.9499708458497,0.0,1000,0.0,200.0,-1092.1298715856403,1000,0.0,200.0,-1098.877572951708,264,0.0,200.0,-1231.5859117270588,1000,0.0,200.0,-1120.2395565483537,1000,0.0,200.0,-1124.267126112118,12288,6122,384000000,535.8142778873444,ab16711
sfl_tilt_carry,8,491520,2000,0.0535,200.0,-1103.6574908945636,0.0,1000,0.004,200.0,-1023.3321933276169,1000,0.003,200.0,-1019.33996793156,264,0.05303030303030303,200.0,-1076.8594821809404,1000,0.003,200.0,-1019.0511427119407,1000,0.001,200.0,-1032.8106703632336,12288,6122,384000000,535.8142778873444,ab16711
sfl_tilt_carry,8,737280,2000,0.4745,200.0,-552.2500081482102,0.0,1000,0.157,200.0,-840.8567440486113,1000,0.155,200.0,-847.634274265674,264,0.4583333333333333,200.0,-569.7045531114793,1000,0.069,200.0,-993.7783688818648,1000,0.069,200.0,-993.8126676998331,12288,6122,384000000,535.8142778873444,ab16711
sfl_tilt_carry,8,983040,2000,0.568,200.0,-457.7920011184289,0.0,1000,0.203,200.0,-748.8155163056863,1000,0.216,200.0,-747.4158731354725,264,0.5833333333333334,200.0,-442.1043280130359,1000,0.07,200.0,-959.9604841062818,1000,0.063,200.0,-964.7876751014977,12288,6122,384000000,535.8142778873444,ab16711
sfl_tilt_carry,8,1228800,2000,0.2625,200.0,-740.3514167794222,0.0,1000,0.019,200.0,-926.2633818387492,1000,0.029,200.0,-923.1694344002527,264,0.26515151515151514,200.0,-708.6814881976476,1000,0.018,200.0,-1001.1745030241074,1000,0.011,200.0,-1007.7479378333504,12288,6122,384000000,535.8142778873444,ab16711
sfl_tilt_carry,8,1474560,2000,0.47,200.0,-595.2617632043604,0.0,1000,0.147,200.0,-895.1834364282397,1000,0.132,200.0,-900.969277428994,264,0.5037878787878788,200.0,-568.5558411026852,1000,0.101,200.0,-1007.8055525480834,1000,0.108,200.0,-1002.9363446628595,12288,6122,384000000,535.8142778873444,ab16711
sfl_tilt_carry,8,1720320,2000,0.663,200.0,-421.9560675342431,0.09,1000,0.305,200.0,-733.6497287701627,1000,0.318,200.0,-730.5517705074092,264,0.6818181818181818,200.0,-406.6209194012049,1000,0.118,200.0,-969.8778704231953,1000,0.127,200.0,-964.7454969847694,12288,6122,384000000,535.8142778873444,ab16711
sfl_tilt_carry,8,1966080,2000,0.8085,200.0,-309.6400934724735,0.31,1000,0.57,200.0,-528.11898736014,1000,0.541,200.0,-539.5684741871974,264,0.8106060606060606,200.0,-305.71232589968156,1000,0.232,200.0,-827.6118125983181,1000,0.228,200.0,-830.6419174897802,12288,6122,384000000,535.8142778873444,ab16711
sfl_tilt_carry,8,2211840,2000,0.663,200.0,-419.0124680528265,0.165,1000,0.352,200.0,-684.4400030366955,1000,0.39,200.0,-675.1714950474877,264,0.7196969696969697,200.0,-369.46767266239755,1000,0.182,200.0,-872.8958929306385,1000,0.184,200.0,-876.6869482056729,12288,6122,384000000,535.8142778873444,ab16711
sfl_tilt_carry,8,2457600,2000,0.8385,200.0,-293.6066512727117,0.295,1000,0.634,200.0,-495.03149123299295,1000,0.629,200.0,-512.5428894974243,264,0.7992424242424242,200.0,-311.8833463207635,1000,0.338,200.0,-767.0487437526579,1000,0.349,200.0,-758.6635756815997,12288,6122,384000000,535.8142778873444,ab16711
sfl_ghost,8,0,2000,0.0,200.0,-1384.0651886455212,0.0,1000,0.0,200.0,-1338.8433132424732,1000,0.0,200.0,-1346.5630971710757,264,0.0,200.0,-1368.9243209786923,1000,0.0,200.0,-1328.6666596251007,1000,0.0,200.0,-1339.134896010584,12288,6131,766400000,983.6954650878906,ab16711
sfl_ghost,8,245760,2000,0.0005,200.0,-818.5822206292036,0.0,1000,0.0,200.0,-909.9798773593695,1000,0.0,200.0,-912.6380841944631,264,0.0,200.0,-805.6445183037845,1000,0.0,200.0,-1035.842791161185,1000,0.0,200.0,-1041.4810160576378,12288,6131,766400000,983.6954650878906,ab16711
sfl_ghost,8,491520,2000,0.305,200.0,-785.0599358390361,0.0,1000,0.026,200.0,-1055.882606260459,1000,0.031,200.0,-1051.9292196621104,264,0.3068181818181818,200.0,-778.8481957438762,1000,0.009,200.0,-1131.9850908401493,1000,0.011,200.0,-1135.0882762409442,12288,6131,766400000,983.6954650878906,ab16711
sfl_ghost,8,737280,2000,0.0,200.0,-912.342802733619,0.0,1000,0.0,200.0,-871.9161869470852,1000,0.0,200.0,-881.7806064886278,264,0.0,200.0,-921.4923538411026,1000,0.0,200.0,-1004.7847059785313,1000,0.0,200.0,-1011.5669452962736,12288,6131,766400000,983.6954650878906,ab16711
sfl_ghost,8,983040,2000,0.024,200.0,-959.2778926077498,0.0,1000,0.001,200.0,-936.1262412916321,1000,0.001,200.0,-933.9685409066308,264,0.015151515151515152,200.0,-964.0789886372465,1000,0.0,200.0,-1010.3470428989774,1000,0.0,200.0,-1017.953233302046,12288,6131,766400000,983.6954650878906,ab16711
sfl_ghost,8,1228800,2000,0.509,200.0,-532.0488975613222,0.0,1000,0.145,200.0,-848.7038557067865,1000,0.146,200.0,-852.7325531808934,264,0.5075757575757576,200.0,-535.2610879890073,1000,0.05,200.0,-1023.5784676341829,1000,0.051,200.0,-1024.501080903456,12288,6131,766400000,983.6954650878906,ab16711
sfl_ghost,8,1474560,2000,0.5755,200.0,-511.70544773192853,0.0,1000,0.244,200.0,-803.740711447855,1000,0.231,200.0,-815.1801659052444,264,0.5946969696969697,200.0,-493.15760187433006,1000,0.104,200.0,-1008.929954031843,1000,0.113,200.0,-1005.5836837799571,12288,6131,766400000,983.6954650878906,ab16711
sfl_ghost,8,1720320,2000,0.607,200.0,-500.43552953888036,0.07,1000,0.225,200.0,-820.4482734493039,1000,0.252,200.0,-811.1269921234799,264,0.6098484848484849,200.0,-481.5695256314627,1000,0.086,200.0,-1019.0281739678255,1000,0.099,200.0,-1014.3685289676988,12288,6131,766400000,983.6954650878906,ab16711
sfl_ghost,8,1966080,2000,0.6685,200.0,-453.58773983627594,0.115,1000,0.351,200.0,-731.4275413114675,1000,0.362,200.0,-745.0404958319328,264,0.6590909090909091,200.0,-435.8816061478955,1000,0.16,200.0,-977.785011565576,1000,0.175,200.0,-964.6310841211191,12288,6131,766400000,983.6954650878906,ab16711
sfl_ghost,8,2211840,2000,0.7545,200.0,-376.23225807020856,0.16,1000,0.525,200.0,-597.414947228696,1000,0.521,200.0,-608.2685434759885,264,0.7575757575757576,200.0,-359.62659101271737,1000,0.253,200.0,-891.481786049875,1000,0.279,200.0,-873.6518297435048,12288,6131,766400000,983.6954650878906,ab16711
sfl_ghost,8,2457600,2000,0.686,200.0,-418.4491047195888,0.19,1000,0.358,200.0,-714.3157551382108,1000,0.357,200.0,-725.7091094645667,264,0.7386363636363636,200.0,-380.61517767927063,1000,0.141,200.0,-947.5618309705937,1000,0.136,200.0,-946.6798701627278,12288,6131,766400000,983.6954650878906,ab16711
sfl_tilt_amort,8,0,2000,0.0,200.0,-1337.5154300676506,0.0,1000,0.0,200.0,-1194.4277190727762,1000,0.0,200.0,-1192.89682480013,264,0.0,200.0,-1328.45319146727,1000,0.0,200.0,-1255.755674995718,1000,0.0,200.0,-1258.397189431639,12288,6072,384000000,462.6510810852051,ab16711
sfl_tilt_amort,8,245760,2000,0.02,200.0,-948.8611954763229,0.0,1000,0.0,200.0,-863.5292089238986,1000,0.0,200.0,-860.8236049188406,264,0.03787878787878788,200.0,-937.4514418481065,1000,0.001,200.0,-965.5829455104285,1000,0.0,200.0,-974.0273561593904,12288,6072,384000000,462.6510810852051,ab16711
sfl_tilt_amort,8,491520,2000,0.051,200.0,-754.3588925315955,0.0,1000,0.001,200.0,-887.8235959903484,1000,0.006,200.0,-887.929293152222,264,0.04924242424242424,200.0,-752.9380940585073,1000,0.001,200.0,-1006.849789670046,1000,0.004,200.0,-1007.9352750091474,12288,6072,384000000,462.6510810852051,ab16711
sfl_tilt_amort,8,737280,2000,0.289,200.0,-619.6829273352421,0.0,1000,0.036,200.0,-871.8411018425311,1000,0.046,200.0,-868.3597336251948,264,0.2916666666666667,200.0,-617.831753238811,1000,0.013,200.0,-999.2106325968452,1000,0.017,200.0,-1003.9979355242401,12288,6072,384000000,462.6510810852051,ab16711
sfl_tilt_amort,8,983040,2000,0.3805,200.0,-797.249483161194,0.0,1000,0.027,200.0,-1168.2784661433668,1000,0.031,200.0,-1159.703524989151,264,0.3977272727272727,200.0,-776.4574294748355,1000,0.012,200.0,-1225.9716064730574,1000,0.011,200.0,-1231.7049249982397,12288,6072,384000000,462.6510810852051,ab16711
sfl_tilt_amort,8,1228800,2000,0.401,200.0,-755.3751179571643,0.0,1000,0.058,200.0,-1108.2276877520328,1000,0.056,200.0,-1106.9361341647086,264,0.4166666666666667,200.0,-738.5802373352531,1000,0.03,200.0,-1185.6749273046678,1000,0.022,200.0,-1195.2508468408819,12288,6072,384000000,462.6510810852051,ab16711
sfl_tilt_amort,8,1474560,2000,0.4925,200.0,-636.3833494744827,0.0,1000,0.183,200.0,-944.0100561502287,1000,0.181,200.0,-942.5356418995439,264,0.5,200.0,-623.3793900347166,1000,0.078,200.0,-1101.8485776035836,1000,0.072,200.0,-1107.2958441240337,12288,6072,384000000,462.6510810852051,ab16711
sfl_tilt_amort,8,1720320,2000,0.4485,200.0,-618.9829658375191,0.0,1000,0.106,200.0,-938.8280773197155,1000,0.111,200.0,-933.3589805319858,264,0.4810606060606061,200.0,-600.9939468036272,1000,0.027,200.0,-1095.1709416974634,1000,0.031,200.0,-1094.380730448234,12288,6072,384000000,462.6510810852051,ab16711
sfl_tilt_amort,8,1966080,2000,0.5015,200.0,-606.2015468820664,0.0,1000,0.176,200.0,-913.5180222114305,1000,0.165,200.0,-919.7098429995901,264,0.5227272727272727,200.0,-591.123081318921,1000,0.046,200.0,-1101.862161586982,1000,0.056,200.0,-1097.7914006499323,12288,6072,384000000,462.6510810852051,ab16711
sfl_tilt_amort,8,2211840,2000,0.5415,200.0,-586.593965997997,0.0,1000,0.232,200.0,-890.5510531775138,1000,0.237,200.0,-885.9759972499025,264,0.5454545454545454,200.0,-580.7884315301438,1000,0.097,200.0,-1080.092540787837,1000,0.104,200.0,-1078.4526998827298,12288,6072,384000000,462.6510810852051,ab16711
sfl_tilt_amort,8,2457600,2000,0.556,200.0,-572.644171874144,0.0,1000,0.255,200.0,-877.336018329514,1000,0.27,200.0,-865.8285322913844,264,0.5568181818181818,200.0,-567.9980142745187,1000,0.113,200.0,-1075.0624321920252,1000,0.128,200.0,-1067.2385278735571,12288,6072,384000000,462.6510810852051,ab16711
sfl_halving,8,0,2000,0.0,200.0,-1158.6119324557958,0.0,1000,0.0,200.0,-1083.4266219172312,1000,0.0,200.0,-1091.9222805730815,264,0.0,200.0,-1159.8555955604559,1000,0.0,200.0,-1109.7739226991198,1000,0.0,200.0,-1111.8612820594765,12288,6181,960000000,1129.3372569084167,ab16711
sfl_halving,8,245760,2000,0.0135,200.0,-883.1176343557614,0.0,1000,0.0,200.0,-932.3463514544926,1000,0.002,200.0,-943.7047451541041,264,0.015151515151515152,200.0,-895.4137533067244,1000,0.003,200.0,-1039.3577257509273,1000,0.0,200.0,-1045.4653014791631,12288,6181,960000000,1129.3372569084167,ab16711
sfl_halving,8,491520,2000,0.2245,200.0,-706.2369684673329,0.0,1000,0.056,200.0,-899.256443084213,1000,0.054,200.0,-906.6044482057456,264,0.24242424242424243,200.0,-702.4633650350352,1000,0.035,200.0,-1013.708854143075,1000,0.029,200.0,-1022.4970220632204,12288,6181,960000000,1129.3372569084167,ab16711
sfl_halving,8,737280,2000,0.309,200.0,-632.2277315074672,0.0,1000,0.047,200.0,-884.7634626057762,1000,0.053,200.0,-885.8158749774817,264,0.3181818181818182,200.0,-635.9104884261835,1000,0.019,200.0,-1006.875876939127,1000,0.019,200.0,-1015.3164032462186,12288,6181,960000000,1129.3372569084167,ab16711
sfl_halving,8,983040,2000,0.408,200.0,-611.7891380087109,0.0,1000,0.089,200.0,-900.6295294900721,1000,0.102,200.0,-897.5648430370715,264,0.4431818181818182,200.0,-589.069764896331,1000,0.028,200.0,-1044.8977538116942,1000,0.03,200.0,-1047.908477920543,12288,6181,960000000,1129.3372569084167,ab16711
sfl_halving,8,1228800,2000,0.355,200.0,-631.1800222484369,0.0,1000,0.064,200.0,-886.4515153470228,1000,0.05,200.0,-909.4319373388289,264,0.3409090909090909,200.0,-633.0920326556368,1000,0.015,200.0,-1025.4497807303176,1000,0.013,200.0,-1029.9531240832493,12288,6181,960000000,1129.3372569084167,ab16711
sfl_halving,8,1474560,2000,0.458,200.0,-621.6868838150657,0.0,1000,0.132,200.0,-914.1416443516406,1000,0.144,200.0,-906.2310395629527,264,0.4772727272727273,200.0,-603.385263649952,1000,0.08,200.0,-1046.996740710756,1000,0.088,200.0,-1046.3232218531614,12288,6181,960000000,1129.3372569084167,ab16711
sfl_halving,8,1720320,2000,0.5465,200.0,-518.0662213424606,0.0,1000,0.177,200.0,-833.5949683855879,1000,0.193,200.0,-832.770591007504,264,0.5681818181818182,200.0,-488.49598843637244,1000,0.09,200.0,-999.9817401159709,1000,0.092,200.0,-1006.3889321429536,12288,6181,960000000,1129.3372569084167,ab16711
sfl_halving,8,1966080,2000,0.7075,200.0,-395.13360132441755,0.15,1000,0.408,200.0,-652.3029641090119,1000,0.379,200.0,-671.3613618579642,264,0.7272727272727273,200.0,-375.10877828016834,1000,0.151,200.0,-940.408971721487,1000,0.148,200.0,-946.5505345051547,12288,6181,960000000,1129.3372569084167,ab16711
sfl_halving,8,2211840,2000,0.724,200.0,-368.98088469015306,0.215,1000,0.441,200.0,-622.7075499200782,1000,0.454,200.0,-618.3959801039513,264,0.7348484848484849,200.0,-356.3087214285081,1000,0.129,200.0,-921.3316175644915,1000,0.157,200.0,-914.7723440960615,12288,6181,960000000,1129.3372569084167,ab16711
sfl_halving,8,2457600,2000,0.7185,200.0,-377.78486790336643,0.21,1000,0.426,200.0,-650.5295285186414,1000,0.45,200.0,-653.9814698677932,264,0.7651515151515151,200.0,-346.57500675529224,1000,0.229,200.0,-859.1058256296031,1000,0.223,200.0,-862.8319241196816,12288,6181,960000000,1129.3372569084167,ab16711
sfl_tilt_verify,8,0,2000,0.001,200.0,-1117.9393446056843,0.0,1000,0.0,200.0,-1092.9844259478282,1000,0.0,200.0,-1102.1421435068771,264,0.0,200.0,-1121.202056304447,1000,0.0,200.0,-1172.0801478130393,1000,0.0,200.0,-1175.065775991296,12288,6036,614400000,635.6809539794922,ab16711
sfl_tilt_verify,8,245760,2000,0.0,200.0,-792.652986609356,0.0,1000,0.001,200.0,-982.6121979179331,1000,0.0,200.0,-984.8847758050264,264,0.0,200.0,-797.016288270339,1000,0.002,200.0,-1063.1109998081438,1000,0.0,200.0,-1067.8531086765092,12288,6036,614400000,635.6809539794922,ab16711
sfl_tilt_verify,8,491520,2000,0.0,200.0,-822.1977680898194,0.0,1000,0.0,200.0,-933.7113754890438,1000,0.0,200.0,-936.6467892824874,264,0.0,200.0,-814.5577186982146,1000,0.0,200.0,-1028.6856521978639,1000,0.001,200.0,-1034.7523559759763,12288,6036,614400000,635.6809539794922,ab16711
sfl_tilt_verify,8,737280,2000,0.195,200.0,-722.2439383387789,0.0,1000,0.014,200.0,-959.2719663524852,1000,0.012,200.0,-962.8017004250314,264,0.1856060606060606,200.0,-720.8965014310368,1000,0.005,200.0,-1059.0564033742296,1000,0.006,200.0,-1063.2452906276067,12288,6036,614400000,635.6809539794922,ab16711
sfl_tilt_verify,8,983040,2000,0.3255,200.0,-788.0582563292178,0.0,1000,0.03,200.0,-1091.4551264211339,1000,0.034,200.0,-1089.649139804825,264,0.3446969696969697,200.0,-781.7468166030204,1000,0.019,200.0,-1151.0197055874803,1000,0.019,200.0,-1156.7788087854506,12288,6036,614400000,635.6809539794922,ab16711
sfl_tilt_verify,8,1228800,2000,0.4255,200.0,-608.020909092726,0.0,1000,0.079,200.0,-921.9508697328133,1000,0.081,200.0,-922.6121360328116,264,0.45454545454545453,200.0,-578.9635596464044,1000,0.033,200.0,-1042.2983965521694,1000,0.038,200.0,-1041.4642527899043,12288,6036,614400000,635.6809539794922,ab16711
sfl_tilt_verify,8,1474560,2000,0.431,200.0,-727.9330144876365,0.0,1000,0.071,200.0,-1090.6486871288432,1000,0.079,200.0,-1080.0405719646053,264,0.4659090909090909,200.0,-690.4134192916839,1000,0.075,200.0,-1138.939593044961,1000,0.088,200.0,-1131.4333267877673,12288,6036,614400000,635.6809539794922,ab16711
sfl_tilt_verify,8,1720320,2000,0.4755,200.0,-608.3597697046675,0.0,1000,0.093,200.0,-956.4522144078438,1000,0.104,200.0,-945.5921050962088,264,0.5189393939393939,200.0,-568.3796901380283,1000,0.069,200.0,-1064.3756496019191,1000,0.053,200.0,-1073.2255064526971,12288,6036,614400000,635.6809539794922,ab16711
sfl_tilt_verify,8,1966080,2000,0.5145,200.0,-595.9837153456677,0.0,1000,0.157,200.0,-922.3509962835004,1000,0.173,200.0,-910.9717085769216,264,0.5606060606060606,200.0,-549.348383215467,1000,0.083,200.0,-1062.8490089701074,1000,0.091,200.0,-1061.5059249585286,12288,6036,614400000,635.6809539794922,ab16711
sfl_tilt_verify,8,2211840,2000,0.6525,200.0,-469.45704215926713,0.09,1000,0.37,200.0,-727.8277780433903,1000,0.354,200.0,-750.4249619828481,264,0.6666666666666666,200.0,-454.7464037574957,1000,0.172,200.0,-973.491672346554,1000,0.174,200.0,-975.8681884470418,12288,6036,614400000,635.6809539794922,ab16711
sfl_tilt_verify,8,2457600,2000,0.6545,200.0,-465.5670651712555,0.15,1000,0.374,200.0,-722.0240708841728,1000,0.394,200.0,-703.5577531795859,264,0.6704545454545454,200.0,-447.00333596326453,1000,0.167,200.0,-952.5757265388237,1000,0.188,200.0,-946.7867991487107,12288,6036,614400000,635.6809539794922,ab16711
