config,seed,step,adv/n,adv/success,adv/mean_steps,adv/mean_return,adv/cvar,calib_dev/n,calib_dev/success,calib_dev/mean_steps,calib_dev/mean_return,calib_test/n,calib_test/success,calib_test/mean_steps,calib_test/mean_return,random/n,random/success,random/mean_steps,random/mean_return,verifai_dev/n,verifai_dev/success,verifai_dev/mean_steps,verifai_dev/mean_return,verifai_test/n,verifai_test/success,verifai_test/mean_steps,verifai_test/mean_return,episodes,replays,scouted_steps,wall_time_sec,commit
sfl,2,0,2000,0.0,200.0,-1204.8211698536534,0.0,1000,0.0,200.0,-1162.2717416224946,1000,0.0,200.0,-1164.2184209383074,264,0.0,200.0,-1207.7226293406186,1000,0.0,200.0,-1200.706961373935,1000,0.0,200.0,-1205.962447544694,12288,6056,384000000,738.3956916332245,ab16711
sfl,2,245760,2000,0.0445,200.0,-964.35888202151,0.0,1000,0.023,200.0,-907.1862632543354,1000,0.02,200.0,-903.3208872794711,264,0.07954545454545454,200.0,-941.387261812096,1000,0.006,200.0,-1020.7458479263527,1000,0.004,200.0,-1026.1161367858022,12288,6056,384000000,738.3956916332245,ab16711
sfl,2,491520,2000,0.0035,200.0,-904.0123901841467,0.0,1000,0.0,200.0,-1012.6843754819932,1000,0.0,200.0,-1009.4200895221662,264,0.003787878787878788,200.0,-884.0571625246863,1000,0.0,200.0,-1088.6150746735339,1000,0.001,200.0,-1090.1284453326718,12288,6056,384000000,738.3956916332245,ab16711
sfl,2,737280,2000,0.362,200.0,-614.0990222212994,0.0,1000,0.088,200.0,-861.7719915962939,1000,0.108,200.0,-857.5782951740792,264,0.36363636363636365,200.0,-622.85120127117,1000,0.042,200.0,-998.8856581297657,1000,0.042,200.0,-998.7944949202563,12288,6056,384000000,738.3956916332245,ab16711
sfl,2,983040,2000,0.3795,200.0,-804.9287918015023,0.0,1000,0.02,200.0,-1176.8309686391872,1000,0.027,200.0,-1166.7145962693803,264,0.3977272727272727,200.0,-782.4250029507475,1000,0.01,200.0,-1225.7529490822576,1000,0.01,200.0,-1229.8107036310555,12288,6056,384000000,738.3956916332245,ab16711
sfl,2,1228800,2000,0.41,200.0,-717.9724264533678,0.0,1000,0.071,200.0,-1051.3127576566096,1000,0.072,200.0,-1045.83642705094,264,0.42424242424242425,200.0,-705.8702421558999,1000,0.039,200.0,-1136.5635519413654,1000,0.029,200.0,-1148.6586937874824,12288,6056,384000000,738.3956916332245,ab16711
sfl,2,1474560,2000,0.51,200.0,-608.570422560853,0.0,1000,0.201,200.0,-913.8093139241171,1000,0.206,200.0,-909.4210330439519,264,0.5189393939393939,200.0,-597.1911751700599,1000,0.103,200.0,-1070.6479758420398,1000,0.101,200.0,-1070.3801241393708,12288,6056,384000000,738.3956916332245,ab16711
sfl,2,1720320,2000,0.5415,200.0,-571.3297674145338,0.0,1000,0.231,200.0,-875.5937290825392,1000,0.242,200.0,-868.2157306664923,264,0.5454545454545454,200.0,-562.8811059625704,1000,0.112,200.0,-1055.6019494840637,1000,0.123,200.0,-1048.2262213081583,12288,6056,384000000,738.3956916332245,ab16711
sfl,2,1966080,2000,0.49,200.0,-544.1590947243885,0.0,1000,0.114,200.0,-873.8294350425397,1000,0.138,200.0,-860.10265956234,264,0.48484848484848486,200.0,-542.3789501446028,1000,0.053,200.0,-1028.069582905852,1000,0.051,200.0,-1028.452265526516,12288,6056,384000000,738.3956916332245,ab16711
sfl,2,2211840,2000,0.609,200.0,-437.17365078803573,0.015,1000,0.282,200.0,-724.2743839875659,1000,0.286,200.0,-725.7406558083243,264,0.6287878787878788,200.0,-421.4529218590443,1000,0.134,200.0,-949.2595795710196,1000,0.152,200.0,-939.0490862632678,12288,6056,384000000,738.3956916332245,ab16711
sfl,2,2457600,2000,0.8565,200.0,-262.69705548727876,0.435,1000,0.626,200.0,-467.1602629040185,1000,0.635,200.0,-469.5105590460558,264,0.8598484848484849,200.0,-266.6706539942529,1000,0.3,200.0,-764.9769658526145,1000,0.328,200.0,-749.9860836670829,12288,6056,384000000,738.3956916332245,ab16711
sfl_spread0,2,0,2000,0.0,200.0,-1270.4613931708848,0.0,1000,0.0,200.0,-1189.910253784123,1000,0.0,200.0,-1195.6216204007887,264,0.0,200.0,-1266.4578774595109,1000,0.0,200.0,-1229.9301359166761,1000,0.0,200.0,-1236.3761016680091,12288,6218,384000000,738.9276511669159,ab16711
sfl_spread0,2,245760,2000,0.1785,200.0,-826.4811077178765,0.0,1000,0.031,200.0,-961.5854675179714,1000,0.035,200.0,-973.0698944549633,264,0.20075757575757575,200.0,-825.7722956456571,1000,0.014,200.0,-1048.8289202081035,1000,0.019,200.0,-1053.7901257112972,12288,6218,384000000,738.9276511669159,ab16711
sfl_spread0,2,491520,2000,0.2275,200.0,-823.6253663628117,0.0,1000,0.012,200.0,-981.92116546517,1000,0.021,200.0,-988.7004803509908,264,0.2537878787878788,200.0,-777.2403729943004,1000,0.022,200.0,-1038.3133904447989,1000,0.019,200.0,-1042.4121810165368,12288,6218,384000000,738.9276511669159,ab16711
sfl_spread0,2,737280,2000,0.19,200.0,-758.5157428006235,0.0,1000,0.038,200.0,-914.1474040959446,1000,0.044,200.0,-910.4197912655612,264,0.17424242424242425,200.0,-776.9496102281408,1000,0.014,200.0,-1046.1263896716025,1000,0.011,200.0,-1053.2727364393184,12288,6218,384000000,738.9276511669159,ab16711
sfl_spread0,2,983040,2000,0.352,200.0,-558.8131191322661,0.0,1000,0.081,200.0,-808.0208962921041,1000,0.095,200.0,-810.3619519596471,264,0.3939393939393939,200.0,-529.2409862583306,1000,0.027,200.0,-979.7618388383003,1000,0.037,200.0,-976.9831905758423,12288,6218,384000000,738.9276511669159,ab16711
sfl_spread0,2,1228800,2000,0.1815,200.0,-838.9290013502297,0.0,1000,0.005,200.0,-955.669060085172,1000,0.01,200.0,-963.8489540236087,264,0.1856060606060606,200.0,-804.9481725655762,1000,0.001,200.0,-1029.2497644950136,1000,0.004,200.0,-1032.8135367059415,12288,6218,384000000,738.9276511669159,ab16711
sfl_spread0,2,1474560,2000,0.402,200.0,-585.2968752371509,0.0,1000,0.054,200.0,-875.5932984080313,1000,0.062,200.0,-879.8748932768951,264,0.38257575757575757,200.0,-586.6422443583039,1000,0.004,200.0,-1026.4182301450935,1000,0.004,200.0,-1033.704627460603,12288,6218,384000000,738.9276511669159,ab16711
sfl_spread0,2,1720320,2000,0.551,200.0,-500.5843695713298,0.0,1000,0.18,200.0,-816.7416592703156,1000,0.171,200.0,-829.3645183643049,264,0.5151515151515151,200.0,-495.2715126920734,1000,0.05,200.0,-1017.8826485376952,1000,0.051,200.0,-1023.3578022855613,12288,6218,384000000,738.9276511669159,ab16711
sfl_spread0,2,1966080,2000,0.5555,200.0,-524.5251839194786,0.0,1000,0.149,200.0,-866.8056362396269,1000,0.156,200.0,-873.3151064948254,264,0.5454545454545454,200.0,-507.51806475037347,1000,0.035,200.0,-1043.8385767594539,1000,0.043,200.0,-1046.709723862144,12288,6218,384000000,738.9276511669159,ab16711
sfl_spread0,2,2211840,2000,0.6005,200.0,-495.5859675769039,0.08,1000,0.255,200.0,-795.9537549191359,1000,0.234,200.0,-820.6680975182134,264,0.6060606060606061,200.0,-474.63091180170244,1000,0.078,200.0,-1022.3773909817645,1000,0.092,200.0,-1013.8724809120276,12288,6218,384000000,738.9276511669159,ab16711
sfl_spread0,2,2457600,2000,0.659,200.0,-455.29148262625966,0.125,1000,0.361,200.0,-735.467950345861,1000,0.317,200.0,-767.0237970711044,264,0.6553030303030303,200.0,-447.06540460727393,1000,0.113,200.0,-1006.5003978098694,1000,0.121,200.0,-1009.2447670484122,12288,6218,384000000,738.9276511669159,ab16711
sfl_spread0,1,0,2000,0.0,200.0,-1193.3767155354205,0.0,1000,0.0,200.0,-1154.5264281981126,1000,0.0,200.0,-1148.554986281492,264,0.0,200.0,-1168.5457668495083,1000,0.0,200.0,-1101.1677097441564,1000,0.0,200.0,-1112.464866266189,12288,6197,384000000,739.9635100364685,ab16711
sfl_spread0,1,245760,2000,0.2635,200.0,-688.9007452014031,0.0,1000,0.098,200.0,-855.8263242468408,1000,0.093,200.0,-863.793106868752,264,0.25,200.0,-722.3621952266267,1000,0.035,200.0,-987.2341340660935,1000,0.027,200.0,-995.4132892657292,12288,6197,384000000,739.9635100364685,ab16711
sfl_spread0,1,491520,2000,0.026,200.0,-862.2726708335553,0.0,1000,0.001,200.0,-969.9051317699827,1000,0.002,200.0,-972.9212625286665,264,0.026515151515151516,200.0,-844.8466287735383,1000,0.0,200.0,-1037.5254828063873,1000,0.001,200.0,-1046.7190396520361,12288,6197,384000000,739.9635100364685,ab16711
sfl_spread0,1,737280,2000,0.123,200.0,-930.6801090555773,0.0,1000,0.002,200.0,-1002.6788035783593,1000,0.007,200.0,-1007.6673112800258,264,0.14015151515151514,200.0,-915.0079860388922,1000,0.004,200.0,-1056.3104286668013,1000,0.004,200.0,-1064.6660248259636,12288,6197,384000000,739.9635100364685,ab16711
sfl_spread0,1,983040,2000,0.0,200.0,-994.5286075978275,0.0,1000,0.0,200.0,-896.9510434722554,1000,0.0,200.0,-906.8085729942327,264,0.0,200.0,-1004.3346014601416,1000,0.0,200.0,-972.417181931769,1000,0.0,200.0,-978.6597932442558,12288,6197,384000000,739.9635100364685,ab16711
sfl_spread0,1,1228800,2000,0.1615,200.0,-746.0679966836863,0.0,1000,0.015,200.0,-954.4350956113475,1000,0.014,200.0,-955.914842741929,264,0.20075757575757575,200.0,-725.1554040677104,1000,0.007,200.0,-1042.8661304137574,1000,0.008,200.0,-1051.5519259248538,12288,6197,384000000,739.9635100364685,ab16711
sfl_spread0,1,1474560,2000,0.249,200.0,-688.6878799059649,0.0,1000,0.041,200.0,-906.9911728967801,1000,0.038,200.0,-903.6529983212715,264,0.2840909090909091,200.0,-654.6386841140526,1000,0.006,200.0,-1028.3900868676924,1000,0.008,200.0,-1035.3645798496675,12288,6197,384000000,739.9635100364685,ab16711
sfl_spread0,1,1720320,2000,0.44,200.0,-566.2084264404594,0.0,1000,0.094,200.0,-883.3373272423315,1000,0.104,200.0,-876.0914295225388,264,0.4810606060606061,200.0,-535.5948036301747,1000,0.048,200.0,-1010.7604336618504,1000,0.043,200.0,-1021.3011623572077,12288,6197,384000000,739.9635100364685,ab16711
sfl_spread0,1,1966080,2000,0.525,200.0,-575.6034906987821,0.0,1000,0.158,200.0,-916.2326131364786,1000,0.167,200.0,-910.0315824208487,264,0.553030303030303,200.0,-550.8528951560529,1000,0.097,200.0,-1029.2877085088662,1000,0.092,200.0,-1037.5275663998768,12288,6197,384000000,739.9635100364685,ab16711
sfl_spread0,1,2211840,2000,0.661,200.0,-421.0703193712374,0.135,1000,0.274,200.0,-740.1061299739337,1000,0.281,200.0,-738.6832760546449,264,0.678030303030303,200.0,-394.15343757724355,1000,0.126,200.0,-941.8917286704009,1000,0.121,200.0,-949.2460489929992,12288,6197,384000000,739.9635100364685,ab16711
sfl_spread0,1,2457600,2000,0.773,200.0,-332.893869498682,0.26,1000,0.478,200.0,-586.3960702117209,1000,0.476,200.0,-587.8050437720351,264,0.7878787878787878,200.0,-317.1601006622807,1000,0.188,200.0,-860.0528934733186,1000,0.185,200.0,-862.2427681371363,12288,6197,384000000,739.9635100364685,ab16711
sfl_spread_carry,2,0,2000,0.0,200.0,-1001.2951950256336,0.0,1000,0.0,200.0,-994.7775125024524,1000,0.0,200.0,-1015.921712212191,264,0.0,200.0,-1017.6219874882454,1000,0.0,200.0,-1015.0557201138854,1000,0.0,200.0,-1009.3434686825921,12288,6108,384000000,739.6109027862549,ab16711
sfl_spread_carry,2,245760,2000,0.0,200.0,-1193.1481694043284,0.0,1000,0.0,200.0,-1134.7981566504272,1000,0.0,200.0,-1134.3398006668044,264,0.0,200.0,-1192.518376047494,1000,0.0,200.0,-1190.4846197473687,1000,0.0,200.0,-1188.4575048284823,12288,6108,384000000,739.6109027862549,ab16711
sfl_spread_carry,2,491520,2000,0.2785,200.0,-693.9429757960262,0.0,1000,0.046,200.0,-960.1085780583716,1000,0.058,200.0,-956.7298819945969,264,0.29545454545454547,200.0,-670.7402257826611,1000,0.037,200.0,-1044.0080855068318,1000,0.033,200.0,-1049.3106527604025,12288,6108,384000000,739.6109027862549,ab16711
sfl_spread_carry,2,737280,2000,0.3635,200.0,-778.2488163546644,0.0,1000,0.012,200.0,-1131.9608366183186,1000,0.022,200.0,-1123.4976728433412,264,0.38636363636363635,200.0,-758.8377501234631,1000,0.01,200.0,-1180.0508209211985,1000,0.01,200.0,-1184.9031069614402,12288,6108,384000000,739.6109027862549,ab16711
sfl_spread_carry,2,983040,2000,0.3945,200.0,-635.3739510562052,0.0,1000,0.061,200.0,-941.6168816357715,1000,0.085,200.0,-929.1401280778634,264,0.45075757575757575,200.0,-600.9963711141774,1000,0.036,200.0,-1041.3288695423794,1000,0.035,200.0,-1044.9668602210133,12288,6108,384000000,739.6109027862549,ab16711
sfl_spread_carry,2,1228800,2000,0.4485,200.0,-584.6050300726031,0.0,1000,0.097,200.0,-900.0829436366062,1000,0.117,200.0,-888.7062253936923,264,0.4962121212121212,200.0,-550.1703224556197,1000,0.064,200.0,-1016.8573762717895,1000,0.058,200.0,-1023.8888875470357,12288,6108,384000000,739.6109027862549,ab16711
sfl_spread_carry,2,1474560,2000,0.564,200.0,-469.9617835984767,0.0,1000,0.204,200.0,-779.6395280537631,1000,0.222,200.0,-774.0058428893534,264,0.6060606060606061,200.0,-441.74315822426405,1000,0.088,200.0,-968.7260264262675,1000,0.09,200.0,-971.4036332716139,12288,6108,384000000,739.6109027862549,ab16711
sfl_spread_carry,2,1720320,2000,0.6775,200.0,-387.92290204113567,0.13,1000,0.292,200.0,-688.7788540517505,1000,0.291,200.0,-697.4784351444754,264,0.696969696969697,200.0,-363.3723763461795,1000,0.106,200.0,-921.871139468248,1000,0.11,200.0,-925.0136190467509,12288,6108,384000000,739.6109027862549,ab16711
sfl_spread_carry,2,1966080,2000,0.8145,200.0,-287.9921940916338,0.3,1000,0.538,200.0,-536.5301392467289,1000,0.512,200.0,-553.2191011896813,264,0.8068181818181818,200.0,-303.700213427188,1000,0.229,200.0,-825.5158789735165,1000,0.236,200.0,-827.7221945704264,12288,6108,384000000,739.6109027862549,ab16711
sfl_spread_carry,2,2211840,2000,0.793,200.0,-305.61062728348713,0.305,1000,0.496,200.0,-569.9283096425456,1000,0.493,200.0,-578.0496243005539,264,0.803030303030303,200.0,-305.97006129314957,1000,0.244,200.0,-830.501494168345,1000,0.24,200.0,-840.4348685257971,12288,6108,384000000,739.6109027862549,ab16711
sfl_spread_carry,2,2457600,2000,0.861,200.0,-267.9047278523223,0.395,1000,0.606,200.0,-505.8692261062641,1000,0.605,200.0,-509.75090023790966,264,0.8560606060606061,200.0,-275.92407607971836,1000,0.285,200.0,-798.7690284766798,1000,0.288,200.0,-799.6976477542704,12288,6108,384000000,739.6109027862549,ab16711
sfl,1,0,2000,0.0,200.0,-1336.240482376529,0.0,1000,0.0,200.0,-1414.838847878875,1000,0.0,200.0,-1405.8843628091106,264,0.0,200.0,-1315.190559090482,1000,0.0,200.0,-1455.2296977712847,1000,0.0,200.0,-1459.5186204268825,12288,6104,384000000,740.4103579521179,ab16711
sfl,1,245760,2000,0.1715,200.0,-785.525605299419,0.0,1000,0.016,200.0,-1005.178228366694,1000,0.017,200.0,-1012.431771377819,264,0.19696969696969696,200.0,-777.3564382601016,1000,0.008,200.0,-1088.743419643928,1000,0.01,200.0,-1089.086970669373,12288,6104,384000000,740.4103579521179,ab16711
sfl,1,491520,2000,0.2435,200.0,-747.2959076032523,0.0,1000,0.035,200.0,-930.6523975329509,1000,0.034,200.0,-927.6349962078787,264,0.25757575757575757,200.0,-747.9266665337723,1000,0.011,200.0,-1043.7656131283727,1000,0.009,200.0,-1048.4234232698336,12288,6104,384000000,740.4103579521179,ab16711
sfl,1,737280,2000,0.0,200.0,-1326.170934980953,0.0,1000,0.0,200.0,-1138.3714905956836,1000,0.0,200.0,-1136.3343415013603,264,0.0,200.0,-1295.0412692591779,1000,0.0,200.0,-1063.6631593457805,1000,0.0,200.0,-1070.2985280427317,12288,6104,384000000,740.4103579521179,ab16711
sfl,1,983040,2000,0.1315,200.0,-876.1134508806067,0.0,1000,0.015,200.0,-928.0551252968768,1000,0.018,200.0,-916.7545605319985,264,0.16287878787878787,200.0,-828.4792682036284,1000,0.011,200.0,-982.9041072565757,1000,0.012,200.0,-986.3611018056979,12288,6104,384000000,740.4103579521179,ab16711
sfl,1,1228800,2000,0.1665,200.0,-826.5728639656252,0.0,1000,0.01,200.0,-914.6652765450983,1000,0.004,200.0,-919.2811071101831,264,0.16287878787878787,200.0,-828.0617859151661,1000,0.005,200.0,-984.0277043341924,1000,0.006,200.0,-988.1123260908308,12288,6104,384000000,740.4103579521179,ab16711
sfl,1,1474560,2000,0.1375,200.0,-994.4399107287927,0.0,1000,0.007,200.0,-1019.1804575556612,1000,0.011,200.0,-1013.5711999678518,264,0.14772727272727273,200.0,-948.3208512674303,1000,0.013,200.0,-1011.5905678471286,1000,0.008,200.0,-1022.2641759448219,12288,6104,384000000,740.4103579521179,ab16711
sfl,1,1720320,2000,0.2415,200.0,-716.3815363837035,0.0,1000,0.026,200.0,-918.0402145849625,1000,0.029,200.0,-918.474128337742,264,0.2727272727272727,200.0,-692.2138066424735,1000,0.01,200.0,-999.7214490719654,1000,0.006,200.0,-1006.9066750276319,12288,6104,384000000,740.4103579521179,ab16711
sfl,1,1966080,2000,0.378,200.0,-647.4402530948086,0.0,1000,0.035,200.0,-959.9438744942723,1000,0.048,200.0,-952.063322006434,264,0.3977272727272727,200.0,-631.8202641186488,1000,0.03,200.0,-1052.002384922341,1000,0.036,200.0,-1051.8508704812295,12288,6104,384000000,740.4103579521179,ab16711
sfl,1,2211840,2000,0.511,200.0,-554.1450780824234,0.0,1000,0.127,200.0,-868.590868586845,1000,0.131,200.0,-886.316468026636,264,0.5037878787878788,200.0,-531.1929068460203,1000,0.03,200.0,-1018.2583824427571,1000,0.035,200.0,-1020.9083722486358,12288,6104,384000000,740.4103579521179,ab16711
sfl,1,2457600,2000,0.5835,200.0,-512.7965819552898,0.115,1000,0.228,200.0,-820.5613702054643,1000,0.217,200.0,-850.4530660011857,264,0.6098484848484849,200.0,-473.4256873427121,1000,0.082,200.0,-1006.9211512121802,1000,0.096,200.0,-1008.4512294345806,12288,6104,384000000,740.4103579521179,ab16711
sfl_spread_carry,1,0,2000,0.0,200.0,-1333.7480826081496,0.0,1000,0.0,200.0,-1299.8622920105613,1000,0.0,200.0,-1297.8190324358218,264,0.0,200.0,-1326.2672274909712,1000,0.0,200.0,-1323.678395364589,1000,0.0,200.0,-1333.0123138955562,12288,6153,384000000,741.6367568969727,ab16711
sfl_spread_carry,1,245760,2000,0.1015,200.0,-682.1672672214131,0.0,1000,0.037,200.0,-840.8417134004949,1000,0.042,200.0,-837.2136592328218,264,0.12121212121212122,200.0,-672.0141777855723,1000,0.025,200.0,-975.6585212367531,1000,0.009,200.0,-992.2614444717732,12288,6153,384000000,741.6367568969727,ab16711
sfl_spread_carry,1,491520,2000,0.1015,200.0,-876.8527071955447,0.0,1000,0.012,200.0,-1026.6857304452012,1000,0.012,200.0,-1023.3642825490032,264,0.12878787878787878,200.0,-837.2824182333011,1000,0.006,200.0,-1095.1838681452734,1000,0.012,200.0,-1099.6835144945946,12288,6153,384000000,741.6367568969727,ab16711
sfl_spread_carry,1,737280,2000,0.0675,200.0,-855.3158646059406,0.0,1000,0.001,200.0,-943.8251900295531,1000,0.0,200.0,-951.1471351477288,264,0.06060606060606061,200.0,-838.1857235055006,1000,0.0,200.0,-1033.6890045374173,1000,0.001,200.0,-1037.0628166204415,12288,6153,384000000,741.6367568969727,ab16711
sfl_spread_carry,1,983040,2000,0.176,200.0,-699.7494388620141,0.0,1000,0.025,200.0,-874.5582066506262,1000,0.028,200.0,-867.143465987046,264,0.15151515151515152,200.0,-722.3448783915388,1000,0.014,200.0,-989.1496427350428,1000,0.011,200.0,-997.6658243576637,12288,6153,384000000,741.6367568969727,ab16711
sfl_spread_carry,1,1228800,2000,0.3515,200.0,-687.8068137777791,0.0,1000,0.071,200.0,-950.3120006101826,1000,0.087,200.0,-942.7765310400443,264,0.3712121212121212,200.0,-669.0679520595216,1000,0.054,200.0,-1039.5953328068497,1000,0.054,200.0,-1045.25870066693,12288,6153,384000000,741.6367568969727,ab16711
sfl_spread_carry,1,1474560,2000,0.431,200.0,-626.5416034817736,0.0,1000,0.112,200.0,-908.9755800359696,1000,0.113,200.0,-911.0815326769764,264,0.42803030303030304,200.0,-625.0910987271004,1000,0.092,200.0,-1015.058165335166,1000,0.091,200.0,-1018.7363690039359,12288,6153,384000000,741.6367568969727,ab16711
sfl_spread_carry,1,1720320,2000,0.5015,200.0,-552.4297228457359,0.0,1000,0.129,200.0,-871.8279286654133,1000,0.138,200.0,-873.7238151265898,264,0.5265151515151515,200.0,-527.7235445727296,1000,0.045,200.0,-1044.3508715910677,1000,0.051,200.0,-1045.9901519797568,12288,6153,384000000,741.6367568969727,ab16711
sfl_spread_carry,1,1966080,2000,0.554,200.0,-545.2441394447206,0.02,1000,0.198,200.0,-853.4270581812211,1000,0.207,200.0,-855.0094467681787,264,0.571969696969697,200.0,-517.5841233733364,1000,0.084,200.0,-1028.8780313017965,1000,0.096,200.0,-1027.9275702942864,12288,6153,384000000,741.6367568969727,ab16711
sfl_spread_carry,1,2211840,2000,0.534,200.0,-592.3476912145668,0.015,1000,0.164,200.0,-919.0273458580187,1000,0.183,200.0,-925.7700068745066,264,0.5833333333333334,200.0,-546.5373625522677,1000,0.073,200.0,-1043.4494671164966,1000,0.085,200.0,-1048.6460892273465,12288,6153,384000000,741.6367568969727,ab16711
sfl_spread_carry,1,2457600,2000,0.664,200.0,-446.1871898518668,0.13,1000,0.374,200.0,-708.8813539921858,1000,0.37,200.0,-719.0168372565354,264,0.7121212121212122,200.0,-403.3912307187616,1000,0.164,200.0,-959.0957882731219,1000,0.169,200.0,-961.8747281433261,12288,6153,384000000,741.6367568969727,ab16711
sfl_auto,1,0,2000,0.0,200.0,-1571.2833698625263,0.0,1000,0.0,200.0,-1398.5418219855037,1000,0.0,200.0,-1406.2943314763306,264,0.0,200.0,-1566.9765233888213,1000,0.0,200.0,-1395.251918965829,1000,0.0,200.0,-1403.6952259542616,12288,5562,576000000,1036.6429381370544,ab16711
sfl_auto,1,245760,2000,0.0,200.0,-1028.2320712721444,0.0,1000,0.0,200.0,-962.9836205324182,1000,0.0,200.0,-978.0351470903508,264,0.0,200.0,-1024.7091989204869,1000,0.0,200.0,-1032.990078636206,1000,0.0,200.0,-1039.7033658898254,12288,5562,576000000,1036.6429381370544,ab16711
sfl_auto,1,491520,2000,0.0,200.0,-845.0083465465586,0.0,1000,0.0,200.0,-953.9935484413455,1000,0.0,200.0,-957.6915521862511,264,0.0,200.0,-835.9527001988807,1000,0.0,200.0,-1043.0211724194164,1000,0.0,200.0,-1048.6530311138818,12288,5562,576000000,1036.6429381370544,ab16711
sfl_auto,1,737280,2000,0.3465,200.0,-650.6711767407375,0.0,1000,0.089,200.0,-881.4446988552805,1000,0.09,200.0,-879.3389662381178,264,0.38636363636363635,200.0,-635.0420300010738,1000,0.038,200.0,-1003.4648129158362,1000,0.027,200.0,-1016.4107886914401,12288,5562,576000000,1036.6429381370544,ab16711
sfl_auto,1,983040,2000,0.028,200.0,-825.245527241994,0.0,1000,0.003,200.0,-935.6962576923416,1000,0.003,200.0,-935.9230928684481,264,0.041666666666666664,200.0,-799.0762046705119,1000,0.002,200.0,-1030.9165394670358,1000,0.001,200.0,-1038.1607704952794,12288,5562,576000000,1036.6429381370544,ab16711
sfl_auto,1,1228800,2000,0.4555,200.0,-668.4503612564359,0.0,1000,0.102,200.0,-1015.5155547932592,1000,0.104,200.0,-1009.1333281336656,264,0.4696969696969697,200.0,-650.459935679446,1000,0.087,200.0,-1085.5790558973586,1000,0.094,200.0,-1082.595961905286,12288,5562,576000000,1036.6429381370544,ab16711
sfl_auto,1,1474560,2000,0.4585,200.0,-688.2760563126456,0.0,1000,0.107,200.0,-1051.6894234168844,1000,0.101,200.0,-1053.3138350672773,264,0.49242424242424243,200.0,-655.8466933152577,1000,0.095,200.0,-1110.7780121407814,1000,0.096,200.0,-1115.4518646427798,12288,5562,576000000,1036.6429381370544,ab16711
sfl_auto,1,1720320,2000,0.52,200.0,-591.553750736119,0.0,1000,0.153,200.0,-946.6145370473193,1000,0.157,200.0,-944.7980856106534,264,0.5492424242424242,200.0,-567.504915292444,1000,0.092,200.0,-1053.6625351941846,1000,0.078,200.0,-1071.6067561228504,12288,5562,576000000,1036.6429381370544,ab16711
sfl_auto,1,1966080,2000,0.5345,200.0,-595.3067105770832,0.0,1000,0.182,200.0,-947.1721261606962,1000,0.189,200.0,-938.3414440078188,264,0.553030303030303,200.0,-574.4909250029544,1000,0.123,200.0,-1047.0480259566132,1000,0.114,200.0,-1061.1952033371845,12288,5562,576000000,1036.6429381370544,ab16711
sfl_auto,1,2211840,2000,0.534,200.0,-585.982413788519,0.0,1000,0.177,200.0,-937.8654846056627,1000,0.182,200.0,-932.1411457803289,264,0.571969696969697,200.0,-555.0092679677861,1000,0.102,200.0,-1051.97762088155,1000,0.097,200.0,-1063.6319953949903,12288,5562,576000000,1036.6429381370544,ab16711
sfl_auto,1,2457600,2000,0.5395,200.0,-596.4271258388989,0.0,1000,0.204,200.0,-934.1965321875729,1000,0.207,200.0,-928.243816023545,264,0.5643939393939394,200.0,-569.4380433280876,1000,0.149,200.0,-1036.9824462702325,1000,0.148,200.0,-1045.4580676767641,12288,5562,576000000,1036.6429381370544,ab16711
sfl_auto,2,0,2000,0.0,200.0,-1455.9896048865317,0.0,1000,0.0,200.0,-1300.6093059956884,1000,0.0,200.0,-1309.2190222994616,264,0.0,200.0,-1462.809151172289,1000,0.0,200.0,-1316.6888383531714,1000,0.0,200.0,-1325.8830935140593,12288,5241,576000000,1036.31414103508,ab16711
sfl_auto,2,245760,2000,0.0905,200.0,-973.6884306285765,0.0,1000,0.012,200.0,-1021.3496128981682,1000,0.013,200.0,-1028.3780383522264,264,0.10227272727272728,200.0,-944.5809176422272,1000,0.004,200.0,-1056.704271867129,1000,0.007,200.0,-1064.7424451356526,12288,5241,576000000,1036.31414103508,ab16711
sfl_auto,2,491520,2000,0.3385,200.0,-674.178684164846,0.0,1000,0.073,200.0,-921.7235666176865,1000,0.07,200.0,-920.259768107768,264,0.3371212121212121,200.0,-676.4930214302326,1000,0.022,200.0,-1035.939255768636,1000,0.02,200.0,-1044.0549888260564,12288,5241,576000000,1036.31414103508,ab16711
sfl_auto,2,737280,2000,0.4555,200.0,-561.3533530503213,0.0,1000,0.164,200.0,-823.0686375609334,1000,0.166,200.0,-816.6676387000091,264,0.4431818181818182,200.0,-570.3750576597209,1000,0.07,200.0,-981.056634744511,1000,0.067,200.0,-989.280770700011,12288,5241,576000000,1036.31414103508,ab16711
sfl_auto,2,983040,2000,0.723,200.0,-353.49802350249377,0.12,1000,0.396,200.0,-617.651038656204,1000,0.387,200.0,-619.1872050798328,264,0.678030303030303,200.0,-378.1072104758103,1000,0.139,200.0,-888.6466093920598,1000,0.14,200.0,-895.4693816097985,12288,5241,576000000,1036.31414103508,ab16711
sfl_auto,2,1228800,2000,0.84,200.0,-261.36279887287236,0.315,1000,0.541,200.0,-511.10042265142806,1000,0.552,200.0,-505.11771150177395,264,0.8712121212121212,200.0,-264.8088973156243,1000,0.198,200.0,-818.5745083630695,1000,0.217,200.0,-817.985935855951,12288,5241,576000000,1036.31414103508,ab16711
sfl_auto,2,1474560,2000,0.9085,200.0,-218.8040569254218,0.495,1000,0.704,200.0,-430.4808572148464,1000,0.716,200.0,-430.7779522687841,264,0.8901515151515151,200.0,-230.99655135863995,1000,0.34,200.0,-737.7633154139514,1000,0.365,200.0,-737.1302551846359,12288,5241,576000000,1036.31414103508,ab16711
sfl_auto,2,1720320,2000,0.8655,200.0,-237.80288219576963,0.39,1000,0.608,200.0,-481.4259883328772,1000,0.645,200.0,-466.7987902775161,264,0.8560606060606061,200.0,-254.45414723664186,1000,0.28,200.0,-769.9092098173059,1000,0.286,200.0,-778.6919835306192,12288,5241,576000000,1036.31414103508,ab16711
sfl_auto,2,1966080,2000,0.9005,200.0,-217.94047348493027,0.48,1000,0.708,200.0,-427.20437291661455,1000,0.716,200.0,-427.00341434322587,264,0.8825757575757576,200.0,-235.17621398023522,1000,0.359,200.0,-725.0181771813044,1000,0.372,200.0,-729.0601618876078,12288,5241,576000000,1036.31414103508,ab16711
sfl_auto,2,2211840,2000,0.9025,200.0,-203.51831986223343,0.485,1000,0.722,200.0,-405.2740016747076,1000,0.721,200.0,-402.8454292687864,264,0.9204545454545454,200.0,-199.9719655054535,1000,0.37,200.0,-703.6946726990948,1000,0.367,200.0,-711.5956021010627,12288,5241,576000000,1036.31414103508,ab16711
sfl_auto,2,2457600,2000,0.8895,200.0,-209.6399489040827,0.44,1000,0.695,200.0,-416.6905024086639,1000,0.692,200.0,-416.2601535661308,264,0.9053030303030303,200.0,-204.13141671124637,1000,0.39,200.0,-686.3357749024569,1000,0.396,200.0,-694.0276692678616,12288,5241,576000000,1036.31414103508,ab16711
sfl_spread_verify,1,0,2000,0.0,200.0,-1374.2172240795614,0.0,1000,0.0,200.0,-1294.5775497913392,1000,0.0,200.0,-1301.14590948981,264,0.0,200.0,-1354.6919396708938,1000,0.0,200.0,-1304.5353022615332,1000,0.0,200.0,-1308.2156533367006,12288,6154,614400000,1097.865877866745,ab16711
sfl_spread_verify,1,245760,2000,0.268,200.0,-865.9730476886853,0.0,1000,0.002,200.0,-1157.9302901252065,1000,0.001,200.0,-1153.7467759499768,264,0.2537878787878788,200.0,-855.8368617484776,1000,0.0,200.0,-1193.5450073485854,1000,0.002,200.0,-1196.4473450054074,12288,6154,614400000,1097.865877866745,ab16711
sfl_spread_verify,1,491520,2000,0.0145,200.0,-845.7720045558247,0.0,1000,0.0,200.0,-993.4827065280776,1000,0.0,200.0,-995.8528171968875,264,0.015151515151515152,200.0,-824.9740584631331,1000,0.0,200.0,-1077.5563189495322,1000,0.0,200.0,-1082.8913515558256,12288,6154,614400000,1097.865877866745,ab16711
sfl_spread_verify,1,737280,2000,0.3515,200.0,-735.0412077579764,0.0,1000,0.014,200.0,-1062.8184259077989,1000,0.02,200.0,-1057.9507362881611,264,0.375,200.0,-721.0420890667654,1000,0.008,200.0,-1130.0432703688882,1000,0.008,200.0,-1134.3085728261801,12288,6154,614400000,1097.865877866745,ab16711
sfl_spread_verify,1,983040,2000,0.3655,200.0,-622.1087498286175,0.0,1000,0.049,200.0,-911.8892986689314,1000,0.051,200.0,-911.6385010163899,264,0.375,200.0,-614.5415098466832,1000,0.012,200.0,-1041.92409718385,1000,0.011,200.0,-1046.504463841592,12288,6154,614400000,1097.865877866745,ab16711
sfl_spread_verify,1,1228800,2000,0.3765,200.0,-731.4629836246793,0.0,1000,0.028,200.0,-1071.1739965802203,1000,0.036,200.0,-1063.2969785940154,264,0.38636363636363635,200.0,-723.7641202389289,1000,0.013,200.0,-1143.1240142073746,1000,0.011,200.0,-1147.1063835722102,12288,6154,614400000,1097.865877866745,ab16711
sfl_spread_verify,1,1474560,2000,0.516,200.0,-511.003862654597,0.0,1000,0.183,200.0,-798.5616681587979,1000,0.19,200.0,-796.1287383050511,264,0.5265151515151515,200.0,-503.69653028228606,1000,0.083,200.0,-986.4793096167679,1000,0.072,200.0,-991.3608683947627,12288,6154,614400000,1097.865877866745,ab16711
sfl_spread_verify,1,1720320,2000,0.5565,200.0,-500.57936587232376,0.0,1000,0.191,200.0,-825.6528792098467,1000,0.201,200.0,-821.8748307007779,264,0.553030303030303,200.0,-495.16586491161286,1000,0.106,200.0,-991.0111400635603,1000,0.102,200.0,-999.1832052272654,12288,6154,614400000,1097.865877866745,ab16711
sfl_spread_verify,1,1966080,2000,0.7115,200.0,-370.47620136662005,0.16,1000,0.369,200.0,-673.6828103246519,1000,0.347,200.0,-683.4288252013675,264,0.6818181818181818,200.0,-382.83629671529326,1000,0.18,200.0,-914.5620576288503,1000,0.18,200.0,-913.3830645337102,12288,6154,614400000,1097.865877866745,ab16711
sfl_spread_verify,1,2211840,2000,0.66,200.0,-417.6373359987303,0.175,1000,0.29,200.0,-735.9674237243763,1000,0.298,200.0,-738.1157884607478,264,0.7196969696969697,200.0,-371.5979265612643,1000,0.144,200.0,-916.3809729640598,1000,0.147,200.0,-916.253236679554,12288,6154,614400000,1097.865877866745,ab16711
sfl_spread_verify,1,2457600,2000,0.785,200.0,-306.96263963114086,0.285,1000,0.471,200.0,-581.4473125297643,1000,0.473,200.0,-577.3305155643596,264,0.7992424242424242,200.0,-306.76346316780695,1000,0.211,200.0,-842.8040840391873,1000,0.219,200.0,-846.1280278698171,12288,6154,614400000,1097.865877866745,ab16711
sfl_spread_verify,2,0,2000,0.0,200.0,-1285.781998029809,0.0,1000,0.0,200.0,-1251.7995297778602,1000,0.0,200.0,-1248.5062495013494,264,0.0,200.0,-1264.7152262620966,1000,0.0,200.0,-1275.0334170953445,1000,0.0,200.0,-1283.142875650141,12288,6101,614400000,1099.3510987758636,ab16711
sfl_spread_verify,2,245760,2000,0.0,200.0,-1173.93739780877,0.0,1000,0.0,200.0,-1042.608995652919,1000,0.0,200.0,-1046.27357708051,264,0.0,200.0,-1149.6570305924702,1000,0.0,200.0,-1027.5342087521692,1000,0.0,200.0,-1034.1681092289414,12288,6101,614400000,1099.3510987758636,ab16711
sfl_spread_verify,2,491520,2000,0.388,200.0,-667.5615266527532,0.0,1000,0.101,200.0,-957.9742906285278,1000,0.116,200.0,-951.4055057516168,264,0.4053030303030303,200.0,-656.0386575290404,1000,0.071,200.0,-1037.2343869125261,1000,0.067,200.0,-1050.9956132525942,12288,6101,614400000,1099.3510987758636,ab16711
sfl_spread_verify,2,737280,2000,0.01,200.0,-891.5973904564388,0.0,1000,0.0,200.0,-1005.2675408642859,1000,0.0,200.0,-1007.5606120942228,264,0.015151515151515152,200.0,-883.1186724509265,1000,0.0,200.0,-1078.174994870216,1000,0.0,200.0,-1080.8065853364933,12288,6101,614400000,1099.3510987758636,ab16711
sfl_spread_verify,2,983040,2000,0.0005,200.0,-829.8662610286074,0.0,1000,0.0,200.0,-881.6132874145536,1000,0.0,200.0,-879.691702955005,264,0.0,200.0,-841.1235861271738,1000,0.0,200.0,-988.226982240756,1000,0.0,200.0,-995.7741273428022,12288,6101,614400000,1099.3510987758636,ab16711
sfl_spread_verify,2,1228800,2000,0.0,200.0,-1018.584924353676,0.0,1000,0.001,200.0,-942.4606789179905,1000,0.001,200.0,-950.3172284810692,264,0.0,200.0,-999.9085418465393,1000,0.0,200.0,-1011.1103071642203,1000,0.0,200.0,-1016.5650629869215,12288,6101,614400000,1099.3510987758636,ab16711
sfl_spread_verify,2,1474560,2000,0.2475,200.0,-666.8635962276819,0.0,1000,0.038,200.0,-835.274388653399,1000,0.047,200.0,-842.4877145331411,264,0.2727272727272727,200.0,-658.5760949316751,1000,0.012,200.0,-975.2667124898626,1000,0.012,200.0,-983.688523459847,12288,6101,614400000,1099.3510987758636,ab16711
sfl_spread_verify,2,1720320,2000,0.6205,200.0,-421.8237391435639,0.005,1000,0.262,200.0,-735.4516146602117,1000,0.285,200.0,-729.357809025833,264,0.6515151515151515,200.0,-404.5430015351817,1000,0.138,200.0,-923.6907231624357,1000,0.138,200.0,-928.235875200089,12288,6101,614400000,1099.3510987758636,ab16711
sfl_spread_verify,2,1966080,2000,0.7875,200.0,-309.4540562967047,0.18,1000,0.48,200.0,-578.2755226096141,1000,0.494,200.0,-574.4415469395229,264,0.7878787878787878,200.0,-302.29732664806744,1000,0.224,200.0,-837.460387258858,1000,0.217,200.0,-845.0355337189023,12288,6101,614400000,1099.3510987758636,ab16711
sfl_spread_verify,2,2211840,2000,0.6465,200.0,-442.55828285222475,0.2,1000,0.372,200.0,-675.3249785471545,1000,0.37,200.0,-684.6924419470754,264,0.6742424242424242,200.0,-410.9779244194086,1000,0.188,200.0,-851.0363542326735,1000,0.181,200.0,-864.0401675567359,12288,6101,614400000,1099.3510987758636,ab16711
sfl_spread_verify,2,2457600,2000,0.8155,200.0,-279.70598191681484,0.375,1000,0.585,200.0,-502.5074947040266,1000,0.553,200.0,-524.8530885181083,264,0.8068181818181818,200.0,-288.6686579731069,1000,0.275,200.0,-770.8225110362255,1000,0.256,200.0,-779.4937763619076,12288,6101,614400000,1099.3510987758636,ab16711
sfl_spread_carry,3,0,2000,0.0,200.0,-1046.4342105159697,0.0,1000,0.0,200.0,-1119.0720159329344,1000,0.0,200.0,-1120.89826285006,264,0.0,200.0,-1049.0007669853992,1000,0.0,200.0,-1137.306866273786,1000,0.0,200.0,-1141.8375700872991,12288,6091,384000000,767.2955889701843,ab16711
sfl_spread_carry,3,245760,2000,0.301,200.0,-785.0096517140265,0.0,1000,0.021,200.0,-1057.4445986358205,1000,0.024,200.0,-1058.5065254630572,264,0.29924242424242425,200.0,-789.0208349022772,1000,0.014,200.0,-1122.1087192502189,1000,0.016,200.0,-1125.5910083341103,12288,6091,384000000,767.2955889701843,ab16711
sfl_spread_carry,3,491520,2000,0.338,200.0,-778.8887110031094,0.0,1000,0.025,200.0,-1098.856932679838,1000,0.028,200.0,-1097.3022957323572,264,0.3371212121212121,200.0,-775.207546702004,1000,0.017,200.0,-1152.417873558017,1000,0.018,200.0,-1158.3917465978209,12288,6091,384000000,767.2955889701843,ab16711
sfl_spread_carry,3,737280,2000,0.352,200.0,-676.7857478640877,0.0,1000,0.108,200.0,-906.8003419875953,1000,0.114,200.0,-907.7702017276906,264,0.3939393939393939,200.0,-646.7519816384207,1000,0.065,200.0,-1008.5995089554395,1000,0.06,200.0,-1017.4820467173329,12288,6091,384000000,767.2955889701843,ab16711
sfl_spread_carry,3,983040,2000,0.3145,200.0,-692.6363577893073,0.0,1000,0.044,200.0,-942.2248644045671,1000,0.062,200.0,-932.6987681487363,264,0.3446969696969697,200.0,-678.4517152253986,1000,0.032,200.0,-1028.5306786851806,1000,0.02,200.0,-1044.6746471371234,12288,6091,384000000,767.2955889701843,ab16711
sfl_spread_carry,3,1228800,2000,0.4705,200.0,-606.6579579994271,0.0,1000,0.116,200.0,-944.4111756876272,1000,0.127,200.0,-938.1594542906662,264,0.49242424242424243,200.0,-593.0203327492103,1000,0.09,200.0,-1026.4438882835673,1000,0.096,200.0,-1033.2405506657324,12288,6091,384000000,767.2955889701843,ab16711
sfl_spread_carry,3,1474560,2000,0.5065,200.0,-619.1189071117345,0.0,1000,0.157,200.0,-964.5088853657804,1000,0.17,200.0,-952.0440591794314,264,0.5227272727272727,200.0,-601.9272215103555,1000,0.144,200.0,-1035.37492335926,1000,0.133,200.0,-1049.869731751307,12288,6091,384000000,767.2955889701843,ab16711
sfl_spread_carry,3,1720320,2000,0.692,200.0,-382.0992737431389,0.12,1000,0.349,200.0,-688.5602918516508,1000,0.352,200.0,-691.9697115664796,264,0.6931818181818182,200.0,-370.89091869047763,1000,0.182,200.0,-906.4448575871323,1000,0.172,200.0,-918.469183028443,12288,6091,384000000,767.2955889701843,ab16711
sfl_spread_carry,3,1966080,2000,0.7765,200.0,-319.5613636858645,0.3,1000,0.46,200.0,-582.2784973997482,1000,0.49,200.0,-575.9981162737427,264,0.803030303030303,200.0,-291.3418494269817,1000,0.223,200.0,-832.2729802327822,1000,0.22,200.0,-834.480934429253,12288,6091,384000000,767.2955889701843,ab16711
sfl_spread_carry,3,2211840,2000,0.867,200.0,-260.066176047136,0.39,1000,0.652,200.0,-475.2840981135112,1000,0.671,200.0,-470.1810232987905,264,0.8863636363636364,200.0,-253.9078810375041,1000,0.348,200.0,-746.304168940895,1000,0.327,200.0,-757.3321927467973,12288,6091,384000000,767.2955889701843,ab16711
sfl_spread_carry,3,2457600,2000,0.858,200.0,-251.4062895739244,0.405,1000,0.619,200.0,-470.2095970785244,1000,0.632,200.0,-464.2737848441971,264,0.8446969696969697,200.0,-263.17127512288124,1000,0.307,200.0,-741.5858258159068,1000,0.331,200.0,-737.7076916694327,12288,6091,384000000,767.2955889701843,ab16711
sfl_spread0,3,0,2000,0.0,200.0,-1287.308377715103,0.0,1000,0.0,200.0,-1130.7735350824296,1000,0.0,200.0,-1131.613152220547,264,0.0,200.0,-1278.9353890527132,1000,0.0,200.0,-1144.6051588698642,1000,0.0,200.0,-1151.1111836449677,12288,6138,384000000,766.5907599925995,ab16711
sfl_spread0,3,245760,2000,0.002,200.0,-1117.3095390049396,0.0,1000,0.0,200.0,-1168.9751944200918,1000,0.0,200.0,-1161.0268695106972,264,0.003787878787878788,200.0,-1110.2390342449942,1000,0.0,200.0,-1212.039090524105,1000,0.0,200.0,-1217.4251901954747,12288,6138,384000000,766.5907599925995,ab16711
sfl_spread0,3,491520,2000,0.19,200.0,-852.9621193991139,0.0,1000,0.014,200.0,-1043.8760207517894,1000,0.018,200.0,-1041.9607818289567,264,0.21212121212121213,200.0,-846.8281156523353,1000,0.003,200.0,-1117.827522352303,1000,0.004,200.0,-1118.8620402103884,12288,6138,384000000,766.5907599925995,ab16711
sfl_spread0,3,737280,2000,0.337,200.0,-740.3966791824854,0.0,1000,0.076,200.0,-974.0395301393638,1000,0.096,200.0,-959.7364577085292,264,0.3560606060606061,200.0,-727.0236446756556,1000,0.036,200.0,-1088.3154831475308,1000,0.031,200.0,-1097.2572713638986,12288,6138,384000000,766.5907599925995,ab16711
sfl_spread0,3,983040,2000,0.411,200.0,-693.7221516185874,0.0,1000,0.075,200.0,-1017.2985022622304,1000,0.077,200.0,-1012.8611580214836,264,0.42045454545454547,200.0,-682.4813563909892,1000,0.044,200.0,-1103.6595082961192,1000,0.041,200.0,-1109.0895156142328,12288,6138,384000000,766.5907599925995,ab16711
sfl_spread0,3,1228800,2000,0.5655,200.0,-475.10864153941463,0.0,1000,0.246,200.0,-756.3481967048046,1000,0.255,200.0,-754.3004595884564,264,0.571969696969697,200.0,-464.6889106215426,1000,0.102,200.0,-963.4096064204937,1000,0.12,200.0,-955.755929072195,12288,6138,384000000,766.5907599925995,ab16711
sfl_spread0,3,1474560,2000,0.8635,200.0,-254.58457463683672,0.37,1000,0.608,200.0,-483.02353989931726,1000,0.589,200.0,-486.6367425068621,264,0.8522727272727273,200.0,-264.21076498900516,1000,0.258,200.0,-786.4414503890719,1000,0.266,200.0,-785.3318042747975,12288,6138,384000000,766.5907599925995,ab16711
sfl_spread0,3,1720320,2000,0.789,200.0,-285.7132164429004,0.28,1000,0.482,200.0,-540.054569967521,1000,0.517,200.0,-539.6290438213075,264,0.7803030303030303,200.0,-291.00710382042377,1000,0.227,200.0,-803.4160938366407,1000,0.227,200.0,-808.6863069032611,12288,6138,384000000,766.5907599925995,ab16711
sfl_spread0,3,1966080,2000,0.8625,200.0,-233.55600770143593,0.43,1000,0.639,200.0,-448.4274987969068,1000,0.657,200.0,-454.99329249997146,264,0.8787878787878788,200.0,-233.948358768752,1000,0.307,200.0,-745.0364861469476,1000,0.317,200.0,-745.4008968429237,12288,6138,384000000,766.5907599925995,ab16711
sfl_spread0,3,2211840,2000,0.7745,200.0,-298.7372322159798,0.27,1000,0.501,200.0,-548.6532390122677,1000,0.531,200.0,-535.0175785757287,264,0.7954545454545454,200.0,-287.80576642658434,1000,0.278,200.0,-773.477065956246,1000,0.274,200.0,-778.2848514011318,12288,6138,384000000,766.5907599925995,ab16711
sfl_spread0,3,2457600,2000,0.888,200.0,-220.21878161524944,0.425,1000,0.696,200.0,-425.88414626426203,1000,0.703,200.0,-422.61450421573596,264,0.9015151515151515,200.0,-210.28987387933734,1000,0.351,200.0,-719.1908912969043,1000,0.373,200.0,-718.9968373703388,12288,6138,384000000,766.5907599925995,ab16711
sfl,3,0,2000,0.0,200.0,-1120.5159983371707,0.0,1000,0.0,200.0,-1170.741681403699,1000,0.0,200.0,-1180.3518948779613,264,0.0,200.0,-1139.717697318821,1000,0.0,200.0,-1202.4968136873729,1000,0.0,200.0,-1208.5419950435128,12288,6079,384000000,768.5630090236664,ab16711
sfl,3,245760,2000,0.0,200.0,-1034.4813501963463,0.0,1000,0.0,200.0,-1099.6328352896571,1000,0.0,200.0,-1093.3378839590139,264,0.0,200.0,-1008.554133313932,1000,0.0,200.0,-1144.948833572644,1000,0.0,200.0,-1150.8864299557422,12288,6079,384000000,768.5630090236664,ab16711
sfl,3,491520,2000,0.187,200.0,-838.285198756128,0.0,1000,0.011,200.0,-1033.2883450214613,1000,0.014,200.0,-1033.1754345053573,264,0.2196969696969697,200.0,-814.8846026242796,1000,0.008,200.0,-1104.3656302159904,1000,0.005,200.0,-1111.3647997718044,12288,6079,384000000,768.5630090236664,ab16711
sfl,3,737280,2000,0.314,200.0,-690.3957379187982,0.0,1000,0.042,200.0,-937.4163209046824,1000,0.054,200.0,-925.2912046939902,264,0.3143939393939394,200.0,-686.7917390091898,1000,0.018,200.0,-1043.6558095666855,1000,0.017,200.0,-1060.6624660579678,12288,6079,384000000,768.5630090236664,ab16711
sfl,3,983040,2000,0.3785,200.0,-586.3606886071829,0.0,1000,0.059,200.0,-855.4144597228977,1000,0.06,200.0,-862.0853348915491,264,0.375,200.0,-575.5537693014145,1000,0.012,200.0,-1018.6812837375887,1000,0.018,200.0,-1018.5935875412757,12288,6079,384000000,768.5630090236664,ab16711
sfl,3,1228800,2000,0.395,200.0,-681.1013929383877,0.0,1000,0.046,200.0,-988.8355301902036,1000,0.066,200.0,-969.1796444098362,264,0.4393939393939394,200.0,-643.5456256147293,1000,0.054,200.0,-1065.1648142941037,1000,0.058,200.0,-1065.670082691942,12288,6079,384000000,768.5630090236664,ab16711
sfl,3,1474560,2000,0.5145,200.0,-550.4620458285228,0.0,1000,0.199,200.0,-827.7467592526529,1000,0.183,200.0,-840.0348181390283,264,0.5378787878787878,200.0,-521.5437504080112,1000,0.06,200.0,-1028.1300010847576,1000,0.068,200.0,-1024.886399133192,12288,6079,384000000,768.5630090236664,ab16711
sfl,3,1720320,2000,0.539,200.0,-554.3218854315413,0.0,1000,0.215,200.0,-836.8343135128565,1000,0.174,200.0,-864.1263861498807,264,0.5454545454545454,200.0,-543.5088461615409,1000,0.079,200.0,-1022.0989333491298,1000,0.076,200.0,-1025.9308837951307,12288,6079,384000000,768.5630090236664,ab16711
sfl,3,1966080,2000,0.524,200.0,-594.4627282964655,0.0,1000,0.154,200.0,-906.5443146663548,1000,0.138,200.0,-935.4678139059562,264,0.5303030303030303,200.0,-562.7732560407936,1000,0.067,200.0,-1055.4935464169198,1000,0.058,200.0,-1063.2285081980424,12288,6079,384000000,768.5630090236664,ab16711
sfl,3,2211840,2000,0.5895,200.0,-526.0009026841949,0.0,1000,0.289,200.0,-796.7548391975346,1000,0.27,200.0,-821.2031799140435,264,0.5795454545454546,200.0,-522.2309325708287,1000,0.117,200.0,-1022.5582152013777,1000,0.124,200.0,-1024.5220391044031,12288,6079,384000000,768.5630090236664,ab16711
sfl,3,2457600,2000,0.598,200.0,-526.1843820303683,0.015,1000,0.317,200.0,-794.9517272850081,1000,0.308,200.0,-802.3148220673422,264,0.6212121212121212,200.0,-496.9392019299833,1000,0.134,200.0,-1028.7028943216262,1000,0.142,200.0,-1031.9557556306572,12288,6079,384000000,768.5630090236664,ab16711
sfl,4,0,2000,0.0,200.0,-1622.3633467006096,0.0,1000,0.0,200.0,-1465.1258486950333,1000,0.0,200.0,-1465.769565511853,264,0.0,200.0,-1605.153955563532,1000,0.0,200.0,-1458.9532570537554,1000,0.0,200.0,-1467.672332742906,12288,6127,384000000,768.3317611217499,ab16711
sfl,4,245760,2000,0.1295,200.0,-846.233544947855,0.0,1000,0.01,200.0,-900.2490176794623,1000,0.021,200.0,-913.6040530494449,264,0.14393939393939395,200.0,-839.951424023593,1000,0.003,200.0,-1037.9799017125652,1000,0.002,200.0,-1042.392864113552,12288,6127,384000000,768.3317611217499,ab16711
sfl,4,491520,2000,0.1365,200.0,-932.4720401253716,0.0,1000,0.006,200.0,-990.9542576739403,1000,0.003,200.0,-1016.2995152286292,264,0.15151515151515152,200.0,-903.7635464668151,1000,0.002,200.0,-1031.8814523092212,1000,0.002,200.0,-1027.2097594899333,12288,6127,384000000,768.3317611217499,ab16711
sfl,4,737280,2000,0.254,200.0,-746.2313395872357,0.0,1000,0.044,200.0,-944.4128659932356,1000,0.052,200.0,-937.3280620022335,264,0.2727272727272727,200.0,-732.6183547032372,1000,0.024,200.0,-1031.09367233311,1000,0.021,200.0,-1041.5575553051249,12288,6127,384000000,768.3317611217499,ab16711
sfl,4,983040,2000,0.137,200.0,-776.9712482090339,0.0,1000,0.006,200.0,-940.9586268106436,1000,0.01,200.0,-935.4459592631837,264,0.1590909090909091,200.0,-743.341299209565,1000,0.007,200.0,-1032.0555007325922,1000,0.003,200.0,-1047.0272197474048,12288,6127,384000000,768.3317611217499,ab16711
sfl,4,1228800,2000,0.3655,200.0,-619.221848363206,0.0,1000,0.04,200.0,-915.5509864199814,1000,0.055,200.0,-907.074682088509,264,0.4015151515151515,200.0,-592.1221130040344,1000,0.022,200.0,-1023.1680514116597,1000,0.024,200.0,-1032.3376421029288,12288,6127,384000000,768.3317611217499,ab16711
sfl,4,1474560,2000,0.424,200.0,-635.5877080826078,0.0,1000,0.07,200.0,-948.1240045922306,1000,0.072,200.0,-950.2962702959356,264,0.4356060606060606,200.0,-620.810005422774,1000,0.045,200.0,-1049.2680797034643,1000,0.045,200.0,-1050.2885857658007,12288,6127,384000000,768.3317611217499,ab16711
sfl,4,1720320,2000,0.443,200.0,-608.898394645554,0.0,1000,0.08,200.0,-930.7917140040089,1000,0.083,200.0,-927.2592985806,264,0.4696969696969697,200.0,-584.7904466361696,1000,0.045,200.0,-1047.1483786606466,1000,0.043,200.0,-1051.9801636780062,12288,6127,384000000,768.3317611217499,ab16711
sfl,4,1966080,2000,0.4525,200.0,-605.2054098019133,0.0,1000,0.092,200.0,-928.9236382992393,1000,0.098,200.0,-924.7946136535553,264,0.49242424242424243,200.0,-572.115586060638,1000,0.062,200.0,-1043.4853280538337,1000,0.048,200.0,-1059.1083350506922,12288,6127,384000000,768.3317611217499,ab16711
sfl,4,2211840,2000,0.4985,200.0,-590.9788815843544,0.0,1000,0.113,200.0,-938.0364930508669,1000,0.126,200.0,-927.8882650880223,264,0.553030303030303,200.0,-551.3432375312542,1000,0.067,200.0,-1049.1448609177148,1000,0.074,200.0,-1052.33292984311,12288,6127,384000000,768.3317611217499,ab16711
sfl,4,2457600,2000,0.527,200.0,-572.4780179233214,0.0,1000,0.157,200.0,-898.2822420765918,1000,0.166,200.0,-894.6096625577444,264,0.571969696969697,200.0,-534.5709787521527,1000,0.104,200.0,-1024.848195969185,1000,0.102,200.0,-1027.1727518519297,12288,6127,384000000,768.3317611217499,ab16711
sfl_auto,3,0,2000,0.0,200.0,-982.4113677252433,0.0,1000,0.0,200.0,-981.114429699589,1000,0.001,200.0,-985.9197419502759,264,0.0,200.0,-1001.5740804314789,1000,0.001,200.0,-1047.4390272468077,1000,0.0,200.0,-1053.1439443621528,12288,4556,576000000,1066.2565970420837,ab16711
sfl_auto,3,245760,2000,0.0,200.0,-972.9398914122874,0.0,1000,0.0,200.0,-1054.5906054301597,1000,0.0,200.0,-1053.456075468836,264,0.0,200.0,-955.2945599672539,1000,0.0,200.0,-1117.4012755152523,1000,0.0,200.0,-1122.4528276333115,12288,4556,576000000,1066.2565970420837,ab16711
sfl_auto,3,491520,2000,0.3885,200.0,-761.2941254512923,0.0,1000,0.063,200.0,-1107.422728536285,1000,0.062,200.0,-1109.3598849540126,264,0.4090909090909091,200.0,-745.6864300618829,1000,0.043,200.0,-1168.1132269487457,1000,0.033,200.0,-1183.6069277835986,12288,4556,576000000,1066.2565970420837,ab16711
sfl_auto,3,737280,2000,0.398,200.0,-769.6960696886669,0.0,1000,0.044,200.0,-1158.2308410933501,1000,0.051,200.0,-1151.193782673986,264,0.4318181818181818,200.0,-741.2671605894174,1000,0.033,200.0,-1207.9269968393007,1000,0.031,200.0,-1216.7326982499105,12288,4556,576000000,1066.2565970420837,ab16711
sfl_auto,3,983040,2000,0.415,200.0,-747.2434243851958,0.0,1000,0.053,200.0,-1138.3189432002519,1000,0.062,200.0,-1130.1675370135806,264,0.45075757575757575,200.0,-714.6136986271275,1000,0.043,200.0,-1187.5851561807438,1000,0.034,200.0,-1202.1669219075352,12288,4556,576000000,1066.2565970420837,ab16711
sfl_auto,3,1228800,2000,0.4645,200.0,-672.2455044271736,0.0,1000,0.107,200.0,-1051.3317509289818,1000,0.098,200.0,-1057.1016202407675,264,0.4810606060606061,200.0,-655.0289144053804,1000,0.074,200.0,-1123.726705255672,1000,0.066,200.0,-1137.7023307819622,12288,4556,576000000,1066.2565970420837,ab16711
sfl_auto,3,1474560,2000,0.488,200.0,-641.1031089612762,0.0,1000,0.133,200.0,-1014.6339940870023,1000,0.126,200.0,-1023.0877473905751,264,0.5037878787878788,200.0,-628.6915937220294,1000,0.086,200.0,-1103.184149710891,1000,0.095,200.0,-1103.9171528169368,12288,4556,576000000,1066.2565970420837,ab16711
sfl_auto,3,1720320,2000,0.5015,200.0,-602.427065145993,0.0,1000,0.141,200.0,-963.2170417235727,1000,0.155,200.0,-949.2247354164489,264,0.5378787878787878,200.0,-575.8384088096489,1000,0.099,200.0,-1049.351161203783,1000,0.088,200.0,-1068.274874426768,12288,4556,576000000,1066.2565970420837,ab16711
sfl_auto,3,1966080,2000,0.534,200.0,-592.5383481352343,0.0,1000,0.173,200.0,-961.3038122982988,1000,0.19,200.0,-945.999137041352,264,0.5454545454545454,200.0,-577.2591999604606,1000,0.157,200.0,-1033.6918521457694,1000,0.144,200.0,-1052.873981662461,12288,4556,576000000,1066.2565970420837,ab16711
sfl_auto,3,2211840,2000,0.5645,200.0,-524.6279310508006,0.0,1000,0.203,200.0,-867.6220395778013,1000,0.224,200.0,-860.0721003915661,264,0.5871212121212122,200.0,-508.329511850966,1000,0.155,200.0,-978.488051812969,1000,0.146,200.0,-992.3245938185178,12288,4556,576000000,1066.2565970420837,ab16711
sfl_auto,3,2457600,2000,0.54,200.0,-536.0088392471026,0.0,1000,0.169,200.0,-884.7278362363279,1000,0.173,200.0,-885.5882634951687,264,0.5795454545454546,200.0,-513.7919167352183,1000,0.101,200.0,-1010.6291932190117,1000,0.096,200.0,-1019.5670985459348,12288,4556,576000000,1066.2565970420837,ab16711
sfl_spread_carry,4,0,2000,0.0,200.0,-1352.3224536082892,0.0,1000,0.0,200.0,-1240.8285407297606,1000,0.0,200.0,-1250.7962720904175,264,0.0,200.0,-1352.2057972294854,1000,0.0,200.0,-1291.2396270911158,1000,0.0,200.0,-1298.6429328265594,12288,6172,384000000,771.2652380466461,ab16711
sfl_spread_carry,4,245760,2000,0.4995,200.0,-548.331997954699,0.0,1000,0.254,200.0,-781.0058863317452,1000,0.241,200.0,-802.9046774166594,264,0.4962121212121212,200.0,-538.5773003584898,1000,0.107,200.0,-974.8406538722122,1000,0.114,200.0,-968.0807028173816,12288,6172,384000000,771.2652380466461,ab16711
sfl_spread_carry,4,491520,2000,0.3575,200.0,-735.3572615789685,0.0,1000,0.014,200.0,-1073.8533664595977,1000,0.019,200.0,-1072.6666725174518,264,0.36742424242424243,200.0,-725.8188096224872,1000,0.009,200.0,-1130.1031036689747,1000,0.01,200.0,-1130.7621576404701,12288,6172,384000000,771.2652380466461,ab16711
sfl_spread_carry,4,737280,2000,0.271,200.0,-824.0815423861242,0.0,1000,0.014,200.0,-1085.9505197714716,1000,0.021,200.0,-1084.049815502854,264,0.2916666666666667,200.0,-812.2373763314731,1000,0.009,200.0,-1147.0805428384683,1000,0.01,200.0,-1151.5212154783383,12288,6172,384000000,771.2652380466461,ab16711
sfl_spread_carry,4,983040,2000,0.04,200.0,-759.327107700047,0.0,1000,0.005,200.0,-887.6232998529305,1000,0.002,200.0,-892.1886832585129,264,0.03409090909090909,200.0,-752.2990571011995,1000,0.001,200.0,-1009.300228888438,1000,0.001,200.0,-1010.8835761503536,12288,6172,384000000,771.2652380466461,ab16711
sfl_spread_carry,4,1228800,2000,0.437,200.0,-586.0679616519536,0.0,1000,0.101,200.0,-877.5286295218568,1000,0.113,200.0,-871.4387652353746,264,0.45075757575757575,200.0,-577.0632872011753,1000,0.033,200.0,-1030.2636310577502,1000,0.042,200.0,-1029.6776128334154,12288,6172,384000000,771.2652380466461,ab16711
sfl_spread_carry,4,1474560,2000,0.5425,200.0,-482.89528777107057,0.0,1000,0.168,200.0,-804.251295275962,1000,0.16,200.0,-805.7370577489614,264,0.5378787878787878,200.0,-475.7999725298366,1000,0.043,200.0,-1009.1467539813405,1000,0.048,200.0,-1011.5526895098858,12288,6172,384000000,771.2652380466461,ab16711
sfl_spread_carry,4,1720320,2000,0.6355,200.0,-450.94433386124007,0.095,1000,0.261,200.0,-766.0468672764863,1000,0.229,200.0,-799.3890370417861,264,0.6704545454545454,200.0,-408.82930732547965,1000,0.062,200.0,-1019.619896387171,1000,0.059,200.0,-1023.3752415225264,12288,6172,384000000,771.2652380466461,ab16711
sfl_spread_carry,4,1966080,2000,0.665,200.0,-438.94956886615125,0.125,1000,0.362,200.0,-712.9181132191737,1000,0.368,200.0,-712.5563208341772,264,0.7045454545454546,200.0,-392.150529322023,1000,0.104,200.0,-984.1491640650781,1000,0.112,200.0,-984.2943503495086,12288,6172,384000000,771.2652380466461,ab16711
sfl_spread_carry,4,2211840,2000,0.6675,200.0,-441.1463891765763,0.185,1000,0.359,200.0,-728.4769470430244,1000,0.381,200.0,-713.3665576048709,264,0.678030303030303,200.0,-416.09121650630385,1000,0.13,200.0,-976.7195108099938,1000,0.136,200.0,-975.3455096040309,12288,6172,384000000,771.2652380466461,ab16711
sfl_spread_carry,4,2457600,2000,0.7605,200.0,-354.7234320766281,0.195,1000,0.521,200.0,-583.7036171533489,1000,0.523,200.0,-582.2252569081013,264,0.7878787878787878,200.0,-325.93523883037807,1000,0.199,200.0,-907.8278958918944,1000,0.217,200.0,-901.7375485468418,12288,6172,384000000,771.2652380466461,ab16711
sfl_spread_verify,3,0,2000,0.0,200.0,-1406.5811652367565,0.0,1000,0.0,200.0,-1267.94001512728,1000,0.0,200.0,-1255.820109206203,264,0.0,200.0,-1391.5267474024877,1000,0.0,200.0,-1191.691843140241,1000,0.0,200.0,-1202.9590667623822,12288,6053,614400000,1128.8854327201843,ab16711
sfl_spread_verify,3,245760,2000,0.1485,200.0,-779.9651623690149,0.0,1000,0.016,200.0,-926.0333616401579,1000,0.034,200.0,-910.7029901136702,264,0.17424242424242425,200.0,-765.7897102018438,1000,0.013,200.0,-1037.1142068688266,1000,0.02,200.0,-1038.1892192562402,12288,6053,614400000,1128.8854327201843,ab16711
sfl_spread_verify,3,491520,2000,0.001,200.0,-768.9552571514868,0.0,1000,0.0,200.0,-898.2518009177003,1000,0.0,200.0,-895.7956949822833,264,0.0,200.0,-762.340850697728,1000,0.0,200.0,-1002.319196297243,1000,0.0,200.0,-1007.5789847129932,12288,6053,614400000,1128.8854327201843,ab16711
sfl_spread_verify,3,737280,2000,0.336,200.0,-679.7560922805659,0.0,1000,0.069,200.0,-908.0032870195524,1000,0.086,200.0,-897.4106825479017,264,0.3371212121212121,200.0,-698.0197422507272,1000,0.047,200.0,-1010.8876873928019,1000,0.047,200.0,-1017.9612745495007,12288,6053,614400000,1128.8854327201843,ab16711
sfl_spread_verify,3,983040,2000,0.287,200.0,-693.6649989380144,0.0,1000,0.082,200.0,-895.0690335779191,1000,0.102,200.0,-879.5071563524134,264,0.2916666666666667,200.0,-684.6521643700601,1000,0.033,200.0,-1030.4485821544126,1000,0.044,200.0,-1023.6972883324881,12288,6053,614400000,1128.8854327201843,ab16711
sfl_spread_verify,3,1228800,2000,0.541,200.0,-474.7996289268691,0.0,1000,0.23,200.0,-753.0892991063637,1000,0.229,200.0,-756.6068791696646,264,0.5643939393939394,200.0,-462.74967022340525,1000,0.087,200.0,-960.9761792339474,1000,0.098,200.0,-952.0679357059593,12288,6053,614400000,1128.8854327201843,ab16711
sfl_spread_verify,3,1474560,2000,0.519,200.0,-537.2341248309408,0.0,1000,0.171,200.0,-845.398364862833,1000,0.192,200.0,-834.8260318881114,264,0.5454545454545454,200.0,-518.2956784950645,1000,0.057,200.0,-1032.8184543726509,1000,0.063,200.0,-1031.538634284027,12288,6053,614400000,1128.8854327201843,ab16711
sfl_spread_verify,3,1720320,2000,0.5995,200.0,-457.6112699435831,0.035,1000,0.266,200.0,-760.6261323364525,1000,0.262,200.0,-767.0298019298378,264,0.6022727272727273,200.0,-443.72935253956086,1000,0.178,200.0,-939.6354168289595,1000,0.172,200.0,-942.8574482189333,12288,6053,614400000,1128.8854327201843,ab16711
sfl_spread_verify,3,1966080,2000,0.7215,200.0,-361.2712322959785,0.125,1000,0.45,200.0,-617.8481748026484,1000,0.434,200.0,-626.7799779413508,264,0.7121212121212122,200.0,-360.90229252760673,1000,0.235,200.0,-885.7822459560942,1000,0.247,200.0,-879.7551756881775,12288,6053,614400000,1128.8854327201843,ab16711
sfl_spread_verify,3,2211840,2000,0.824,200.0,-287.0764210988412,0.33,1000,0.546,200.0,-538.8833694331902,1000,0.533,200.0,-552.1146786369821,264,0.8295454545454546,200.0,-290.4922895347848,1000,0.257,200.0,-831.8577225939406,1000,0.261,200.0,-830.1330401964158,12288,6053,614400000,1128.8854327201843,ab16711
sfl_spread_verify,3,2457600,2000,0.857,200.0,-275.71510793098264,0.375,1000,0.671,200.0,-461.6006811992728,1000,0.658,200.0,-463.5787390852677,264,0.8446969696969697,200.0,-286.12876378413506,1000,0.355,200.0,-758.1951905239763,1000,0.367,200.0,-756.0151853434575,12288,6053,614400000,1128.8854327201843,ab16711
sfl_spread0,4,0,2000,0.0,200.0,-1478.9120338631888,0.0,1000,0.0,200.0,-1326.718401341264,1000,0.0,200.0,-1321.0065015550458,264,0.0,200.0,-1469.7642815726758,1000,0.0,200.0,-1208.0087345106604,1000,0.0,200.0,-1217.7662906498683,12288,6120,384000000,771.764976978302,ab16711
sfl_spread0,4,245760,2000,0.005,200.0,-897.3031620739595,0.0,1000,0.0,200.0,-966.6949165045319,1000,0.0,200.0,-971.2188563382396,264,0.0,200.0,-889.8538868969401,1000,0.0,200.0,-1053.3396084566941,1000,0.0,200.0,-1058.3510974128124,12288,6120,384000000,771.764976978302,ab16711
sfl_spread0,4,491520,2000,0.3035,200.0,-763.4704200611277,0.0,1000,0.027,200.0,-1041.1188225228339,1000,0.024,200.0,-1045.7578869946306,264,0.3143939393939394,200.0,-758.5403368029567,1000,0.015,200.0,-1108.4787068607015,1000,0.017,200.0,-1115.3754670741114,12288,6120,384000000,771.764976978302,ab16711
sfl_spread0,4,737280,2000,0.319,200.0,-727.969729657539,0.0,1000,0.077,200.0,-987.0612788402573,1000,0.086,200.0,-976.2229735363452,264,0.36363636363636365,200.0,-708.9346949362708,1000,0.044,200.0,-1071.7325246803862,1000,0.035,200.0,-1084.8325485247867,12288,6120,384000000,771.764976978302,ab16711
sfl_spread0,4,983040,2000,0.4805,200.0,-594.6308031608429,0.0,1000,0.128,200.0,-942.3826026822782,1000,0.147,200.0,-928.756299412381,264,0.5113636363636364,200.0,-573.2634977232859,1000,0.094,200.0,-1032.991175386588,1000,0.077,200.0,-1050.4054033402415,12288,6120,384000000,771.764976978302,ab16711
sfl_spread0,4,1228800,2000,0.53,200.0,-549.7101740053815,0.0,1000,0.174,200.0,-892.6269600719943,1000,0.179,200.0,-885.2354008055615,264,0.5643939393939394,200.0,-525.5001276608234,1000,0.113,200.0,-999.0088421013891,1000,0.112,200.0,-1011.4094796291366,12288,6120,384000000,771.764976978302,ab16711
sfl_spread0,4,1474560,2000,0.492,200.0,-549.5436484535081,0.0,1000,0.121,200.0,-894.5000955024001,1000,0.111,200.0,-903.864987965807,264,0.5416666666666666,200.0,-521.0344430369473,1000,0.061,200.0,-1020.7723444559688,1000,0.055,200.0,-1030.820296209494,12288,6120,384000000,771.764976978302,ab16711
sfl_spread0,4,1720320,2000,0.5315,200.0,-525.4215184900777,0.0,1000,0.16,200.0,-868.9099516329044,1000,0.157,200.0,-871.4117155597082,264,0.5681818181818182,200.0,-500.1510170854059,1000,0.096,200.0,-998.7909173501984,1000,0.084,200.0,-1011.9847074775695,12288,6120,384000000,771.764976978302,ab16711
sfl_spread0,4,1966080,2000,0.8375,200.0,-279.2116229034091,0.31,1000,0.549,200.0,-537.8952528421921,1000,0.577,200.0,-525.9327850410909,264,0.8181818181818182,200.0,-280.73319988097757,1000,0.243,200.0,-812.824711497594,1000,0.246,200.0,-815.0698753621857,12288,6120,384000000,771.764976978302,ab16711
sfl_spread0,4,2211840,2000,0.8435,200.0,-263.07912015131814,0.37,1000,0.603,200.0,-483.3012031682056,1000,0.61,200.0,-482.14171535070847,264,0.8484848484848485,200.0,-257.9428104165154,1000,0.315,200.0,-753.0134134308678,1000,0.306,200.0,-757.5873493193768,12288,6120,384000000,771.764976978302,ab16711
sfl_spread0,4,2457600,2000,0.859,200.0,-247.9597016480076,0.405,1000,0.61,200.0,-474.5716594455783,1000,0.619,200.0,-473.79138793175343,264,0.8598484848484849,200.0,-248.1645767915396,1000,0.299,200.0,-744.2627201976935,1000,0.299,200.0,-745.8631783538964,12288,6120,384000000,771.764976978302,ab16711
sfl_spread_verify,4,0,2000,0.0,200.0,-1298.4822540345444,0.0,1000,0.0,200.0,-1284.2724169620299,1000,0.0,200.0,-1287.3455476427432,264,0.0,200.0,-1286.986511113995,1000,0.0,200.0,-1283.890020342778,1000,0.0,200.0,-1290.329113304607,12288,6187,614400000,1129.6795961856842,ab16711
sfl_spread_verify,4,245760,2000,0.0,200.0,-1081.3471067559612,0.0,1000,0.0,200.0,-964.622624196216,1000,0.0,200.0,-973.5290738620411,264,0.0,200.0,-1077.8401233011568,1000,0.0,200.0,-1041.9632357549374,1000,0.0,200.0,-1043.539642250545,12288,6187,614400000,1129.6795961856842,ab16711
sfl_spread_verify,4,491520,2000,0.0,200.0,-796.9206152820084,0.0,1000,0.0,200.0,-879.7220750987914,1000,0.0,200.0,-883.8621120188374,264,0.0,200.0,-800.3545363199167,1000,0.0,200.0,-1001.1131890762276,1000,0.0,200.0,-1000.9149393105155,12288,6187,614400000,1129.6795961856842,ab16711
sfl_spread_verify,4,737280,2000,0.4035,200.0,-724.7834642231043,0.0,1000,0.069,200.0,-1062.6167518651675,1000,0.065,200.0,-1066.1194486654608,264,0.42045454545454547,200.0,-711.3775209098229,1000,0.03,200.0,-1154.247599477523,1000,0.027,200.0,-1159.2017627176217,12288,6187,614400000,1129.6795961856842,ab16711
sfl_spread_verify,4,983040,2000,0.4115,200.0,-730.7766584747098,0.0,1000,0.069,200.0,-1074.8963890329305,1000,0.074,200.0,-1067.9587399875345,264,0.42424242424242425,200.0,-719.812481873802,1000,0.034,200.0,-1162.299556105567,1000,0.029,200.0,-1169.5827076293726,12288,6187,614400000,1129.6795961856842,ab16711
sfl_spread_verify,4,1228800,2000,0.4655,200.0,-655.274139410632,0.0,1000,0.155,200.0,-959.780197383715,1000,0.179,200.0,-937.9709348179524,264,0.4772727272727273,200.0,-646.1546280444757,1000,0.081,200.0,-1092.7218497064869,1000,0.075,200.0,-1101.602599260516,12288,6187,614400000,1129.6795961856842,ab16711
sfl_spread_verify,4,1474560,2000,0.495,200.0,-620.2180965194821,0.0,1000,0.158,200.0,-935.4254905185325,1000,0.163,200.0,-927.3335015671728,264,0.5189393939393939,200.0,-593.9307781340148,1000,0.054,200.0,-1102.3395356397698,1000,0.057,200.0,-1102.0918084038158,12288,6187,614400000,1129.6795961856842,ab16711
sfl_spread_verify,4,1720320,2000,0.402,200.0,-677.5338324301268,0.0,1000,0.054,200.0,-985.9335806538761,1000,0.064,200.0,-987.6130455292806,264,0.42045454545454547,200.0,-654.6633971420295,1000,0.032,200.0,-1069.8879118922669,1000,0.037,200.0,-1066.6567063260213,12288,6187,614400000,1129.6795961856842,ab16711
sfl_spread_verify,4,1966080,2000,0.5415,200.0,-573.7415997185232,0.0,1000,0.202,200.0,-895.6633681688401,1000,0.209,200.0,-886.7375030574517,264,0.5378787878787878,200.0,-571.4980774121674,1000,0.064,200.0,-1091.2991509008236,1000,0.079,200.0,-1083.3339894565079,12288,6187,614400000,1129.6795961856842,ab16711
sfl_spread_verify,4,2211840,2000,0.4725,200.0,-604.885126032315,0.0,1000,0.106,200.0,-940.8149553877586,1000,0.114,200.0,-936.6227961379038,264,0.48863636363636365,200.0,-592.1172475768768,1000,0.034,200.0,-1090.5903021347117,1000,0.033,200.0,-1095.3429233624506,12288,6187,614400000,1129.6795961856842,ab16711
sfl_spread_verify,4,2457600,2000,0.4825,200.0,-597.7607780399532,0.0,1000,0.103,200.0,-943.7530877538699,1000,0.106,200.0,-943.2537177313505,264,0.4734848484848485,200.0,-608.5930353785418,1000,0.041,200.0,-1085.2245910427328,1000,0.04,200.0,-1086.2584828573576,12288,6187,614400000,1129.6795961856842,ab16711
sfl_auto,4,0,2000,0.0,200.0,-1404.3256801135303,0.0,1000,0.0,200.0,-1284.268091278288,1000,0.0,200.0,-1278.784410913951,264,0.0,200.0,-1397.7314059109553,1000,0.0,200.0,-1213.9957165301364,1000,0.0,200.0,-1217.8662918852879,12288,5055,576000000,1075.7320668697357,ab16711
sfl_auto,4,245760,2000,0.074,200.0,-1058.983087352965,0.0,1000,0.034,200.0,-952.5116031928621,1000,0.03,200.0,-971.4596755292819,264,0.09090909090909091,200.0,-1046.4275696184668,1000,0.026,200.0,-1023.9543062782767,1000,0.015,200.0,-1035.3586601474044,12288,5055,576000000,1075.7320668697357,ab16711
sfl_auto,4,491520,2000,0.1805,200.0,-713.9457244757243,0.0,1000,0.015,200.0,-927.8796059592066,1000,0.026,200.0,-925.1188179202319,264,0.16287878787878787,200.0,-713.5819676966867,1000,0.014,200.0,-1021.0944543863998,1000,0.008,200.0,-1027.5676892627066,12288,5055,576000000,1075.7320668697357,ab16711
sfl_auto,4,737280,2000,0.2405,200.0,-937.1018320732943,0.0,1000,0.009,200.0,-1168.315845037255,1000,0.014,200.0,-1157.9518163854937,264,0.24242424242424243,200.0,-937.9128104965233,1000,0.007,200.0,-1212.9199474990764,1000,0.006,200.0,-1216.9171491149264,12288,5055,576000000,1075.7320668697357,ab16711
sfl_auto,4,983040,2000,0.309,200.0,-650.8913677333996,0.0,1000,0.04,200.0,-894.9937311323249,1000,0.041,200.0,-890.9359795794519,264,0.3409090909090909,200.0,-636.3786918100586,1000,0.021,200.0,-1013.6390992609271,1000,0.015,200.0,-1024.203677899998,12288,5055,576000000,1075.7320668697357,ab16711
sfl_auto,4,1228800,2000,0.3765,200.0,-752.1791819763218,0.0,1000,0.019,200.0,-1094.1562666160269,1000,0.024,200.0,-1087.8380408043824,264,0.3939393939393939,200.0,-736.792339692943,1000,0.016,200.0,-1150.6025204396205,1000,0.017,200.0,-1152.789466519813,12288,5055,576000000,1075.7320668697357,ab16711
sfl_auto,4,1474560,2000,0.5535,200.0,-504.4634090234323,0.0,1000,0.196,200.0,-815.333196265798,1000,0.182,200.0,-832.2825081905364,264,0.6136363636363636,200.0,-453.11476331402713,1000,0.062,200.0,-1016.322419352229,1000,0.067,200.0,-1014.8844949108592,12288,5055,576000000,1075.7320668697357,ab16711
sfl_auto,4,1720320,2000,0.5545,200.0,-536.1444094033088,0.0,1000,0.208,200.0,-832.8316074221128,1000,0.187,200.0,-853.8040550457656,264,0.5795454545454546,200.0,-499.80549123004454,1000,0.102,200.0,-1004.9740411770714,1000,0.095,200.0,-1011.6472388445137,12288,5055,576000000,1075.7320668697357,ab16711
sfl_auto,4,1966080,2000,0.7075,200.0,-403.0010533063489,0.165,1000,0.371,200.0,-679.0423618174773,1000,0.36,200.0,-697.9330001647179,264,0.7007575757575758,200.0,-393.6057967136673,1000,0.121,200.0,-951.4028063726811,1000,0.137,200.0,-942.1366388324885,12288,5055,576000000,1075.7320668697357,ab16711
sfl_auto,4,2211840,2000,0.7715,200.0,-342.9010946370249,0.215,1000,0.523,200.0,-572.991633978637,1000,0.518,200.0,-584.2275976002596,264,0.7765151515151515,200.0,-332.03662758839994,1000,0.189,200.0,-875.9081315264509,1000,0.196,200.0,-870.0410763109415,12288,5055,576000000,1075.7320668697357,ab16711
sfl_auto,4,2457600,2000,0.82,200.0,-311.954879710463,0.335,1000,0.604,200.0,-524.1377354590954,1000,0.586,200.0,-543.3420156290379,264,0.8106060606060606,200.0,-311.3668793346896,1000,0.29,200.0,-801.9552644248007,1000,0.287,200.0,-799.6062419563236,12288,5055,576000000,1075.7320668697357,ab16711
sfl_spread_carry,5,0,2000,0.0,200.0,-1364.377239464547,0.0,1000,0.0,200.0,-1198.4019947156141,1000,0.0,200.0,-1194.2732633842234,264,0.0,200.0,-1343.885347846067,1000,0.0,200.0,-1157.28759955147,1000,0.0,200.0,-1163.321496692142,12288,6125,384000000,772.3071129322052,ab16711
sfl_spread_carry,5,245760,2000,0.0,200.0,-1062.86902419279,0.0,1000,0.0,200.0,-1122.6631066286648,1000,0.0,200.0,-1122.8246188086998,264,0.0,200.0,-1038.2522904217144,1000,0.0,200.0,-1172.7163230204196,1000,0.0,200.0,-1178.0459590607431,12288,6125,384000000,772.3071129322052,ab16711
sfl_spread_carry,5,491520,2000,0.338,200.0,-600.5365532216583,0.0,1000,0.05,200.0,-874.9699663019285,1000,0.055,200.0,-874.0777333543324,264,0.3371212121212121,200.0,-598.4779444277965,1000,0.021,200.0,-997.4103053002194,1000,0.015,200.0,-1003.4864234221172,12288,6125,384000000,772.3071129322052,ab16711
sfl_spread_carry,5,737280,2000,0.3475,200.0,-614.1707925467056,0.0,1000,0.061,200.0,-866.216157840675,1000,0.066,200.0,-869.9803228657026,264,0.3787878787878788,200.0,-594.9769337729679,1000,0.019,200.0,-994.7812453806174,1000,0.026,200.0,-991.9355890420466,12288,6125,384000000,772.3071129322052,ab16711
sfl_spread_carry,5,983040,2000,0.5265,200.0,-484.3955626079874,0.0,1000,0.183,200.0,-772.8991717265018,1000,0.204,200.0,-759.5313026269715,264,0.553030303030303,200.0,-469.7553703590988,1000,0.083,200.0,-946.3623468741381,1000,0.086,200.0,-946.9326272443534,12288,6125,384000000,772.3071129322052,ab16711
sfl_spread_carry,5,1228800,2000,0.5965,200.0,-419.8548157496825,0.01,1000,0.241,200.0,-714.80143951989,1000,0.233,200.0,-718.1587463036507,264,0.6098484848484849,200.0,-403.39702841666474,1000,0.069,200.0,-948.1488106111209,1000,0.063,200.0,-953.3005868656093,12288,6125,384000000,772.3071129322052,ab16711
sfl_spread_carry,5,1474560,2000,0.6615,200.0,-388.75528357344825,0.11,1000,0.258,200.0,-707.8171355941556,1000,0.284,200.0,-702.7662332564582,264,0.6666666666666666,200.0,-374.0243672192011,1000,0.076,200.0,-936.3381536163571,1000,0.101,200.0,-932.2826416961194,12288,6125,384000000,772.3071129322052,ab16711
sfl_spread_carry,5,1720320,2000,0.783,200.0,-301.04521797506953,0.225,1000,0.48,200.0,-571.8897127020302,1000,0.454,200.0,-585.9698303962934,264,0.7689393939393939,200.0,-303.1871156809167,1000,0.199,200.0,-858.6847725635484,1000,0.204,200.0,-851.6173570421721,12288,6125,384000000,772.3071129322052,ab16711
sfl_spread_carry,5,1966080,2000,0.913,200.0,-213.52528540161398,0.48,1000,0.736,200.0,-415.9700154435835,1000,0.733,200.0,-422.9483155882125,264,0.8939393939393939,200.0,-228.43058251547643,1000,0.378,200.0,-721.6602623089024,1000,0.391,200.0,-722.3172898861493,12288,6125,384000000,772.3071129322052,ab16711
sfl_spread_carry,5,2211840,2000,0.899,200.0,-216.91246638411815,0.45,1000,0.689,200.0,-430.82924951739517,1000,0.719,200.0,-427.6001037556883,264,0.8901515151515151,200.0,-224.1203161161858,1000,0.307,200.0,-754.5416760105707,1000,0.35,200.0,-743.4014610101037,12288,6125,384000000,772.3071129322052,ab16711
sfl_spread_carry,5,2457600,2000,0.8305,200.0,-252.45721909535152,0.34,1000,0.559,200.0,-507.33154309981154,1000,0.582,200.0,-497.516781236792,264,0.875,200.0,-236.87315145708322,1000,0.278,200.0,-772.7822345027463,1000,0.289,200.0,-768.6419634692678,12288,6125,384000000,772.3071129322052,ab16711
sfl,5,0,2000,0.0,200.0,-1565.0875809515849,0.0,1000,0.0,200.0,-1390.4975510002969,1000,0.0,200.0,-1383.5828187973902,264,0.0,200.0,-1543.3707353914767,1000,0.0,200.0,-1298.7247354146425,1000,0.0,200.0,-1303.94389474142,12288,6149,384000000,773.3354561328888,ab16711
sfl,5,245760,2000,0.307,200.0,-698.4299497884894,0.0,1000,0.085,200.0,-914.587597218616,1000,0.069,200.0,-926.8387933774331,264,0.2878787878787879,200.0,-712.9883141865661,1000,0.019,200.0,-1054.7829945441242,1000,0.024,200.0,-1051.51631522385,12288,6149,384000000,773.3354561328888,ab16711
sfl,5,491520,2000,0.127,200.0,-771.0103650178877,0.0,1000,0.007,200.0,-972.278053425588,1000,0.004,200.0,-973.4777887513346,264,0.13636363636363635,200.0,-757.487899423167,1000,0.003,200.0,-1075.2942507966682,1000,0.002,200.0,-1076.8114595020345,12288,6149,384000000,773.3354561328888,ab16711
sfl,5,737280,2000,0.002,200.0,-1003.044900678507,0.0,1000,0.001,200.0,-950.0131111615686,1000,0.0,200.0,-956.4541756760859,264,0.0,200.0,-980.0303707418084,1000,0.0,200.0,-1019.6504952340987,1000,0.0,200.0,-1028.013888342143,12288,6149,384000000,773.3354561328888,ab16711
sfl,5,983040,2000,0.148,200.0,-851.8021293394507,0.0,1000,0.027,200.0,-938.7556129769059,1000,0.015,200.0,-955.7149679370459,264,0.15151515151515152,200.0,-849.7071892805805,1000,0.008,200.0,-1024.361151407344,1000,0.012,200.0,-1028.3577829524404,12288,6149,384000000,773.3354561328888,ab16711
sfl,5,1228800,2000,0.4305,200.0,-622.8291401970387,0.0,1000,0.126,200.0,-888.2157780475541,1000,0.147,200.0,-871.5987918278419,264,0.42803030303030304,200.0,-614.6129324738918,1000,0.054,200.0,-1038.1230411555066,1000,0.06,200.0,-1036.6494536672737,12288,6149,384000000,773.3354561328888,ab16711
sfl,5,1474560,2000,0.484,200.0,-601.9932249730074,0.0,1000,0.159,200.0,-889.9801650796242,1000,0.16,200.0,-889.5508002556151,264,0.5037878787878788,200.0,-578.4478138060472,1000,0.068,200.0,-1059.5430292460776,1000,0.071,200.0,-1058.1382247053905,12288,6149,384000000,773.3354561328888,ab16711
sfl,5,1720320,2000,0.5615,200.0,-524.8118362827076,0.0,1000,0.215,200.0,-820.9060823753414,1000,0.202,200.0,-834.1939138080037,264,0.5681818181818182,200.0,-501.9602185513314,1000,0.078,200.0,-1019.0453044161317,1000,0.088,200.0,-1022.7547608234456,12288,6149,384000000,773.3354561328888,ab16711
sfl,5,1966080,2000,0.575,200.0,-523.493317224908,0.04,1000,0.238,200.0,-809.5970796912525,1000,0.233,200.0,-824.6661947980836,264,0.5946969696969697,200.0,-494.2509497310135,1000,0.087,200.0,-1010.7376350503746,1000,0.096,200.0,-1017.4426614234363,12288,6149,384000000,773.3354561328888,ab16711
sfl,5,2211840,2000,0.581,200.0,-531.4217333544805,0.02,1000,0.264,200.0,-806.3809571041197,1000,0.246,200.0,-839.708309821834,264,0.5984848484848485,200.0,-501.84680584698447,1000,0.098,200.0,-1015.9101781805277,1000,0.097,200.0,-1018.1207643986295,12288,6149,384000000,773.3354561328888,ab16711
sfl,5,2457600,2000,0.6835,200.0,-426.50231007033517,0.16,1000,0.431,200.0,-674.7860446550043,1000,0.395,200.0,-703.1122276389233,264,0.7045454545454546,200.0,-410.3366814378561,1000,0.214,200.0,-923.3309191516993,1000,0.221,200.0,-919.6994656165682,12288,6149,384000000,773.3354561328888,ab16711
sfl_spread0,5,0,2000,0.0,200.0,-1294.997209847441,0.0,1000,0.0,200.0,-1196.4746169659165,1000,0.0,200.0,-1193.0353030874037,264,0.0,200.0,-1284.7872714676416,1000,0.0,200.0,-1237.0595525598246,1000,0.0,200.0,-1243.410660850759,12288,6135,384000000,773.6190819740295,ab16711
sfl_spread0,5,245760,2000,0.2605,200.0,-754.3299286749464,0.0,1000,0.023,200.0,-1002.9175918432613,1000,0.023,200.0,-1004.4937091005203,264,0.25,200.0,-744.0836643444962,1000,0.011,200.0,-1092.9429205318247,1000,0.014,200.0,-1093.1958927650476,12288,6135,384000000,773.6190819740295,ab16711
sfl_spread0,5,491520,2000,0.351,200.0,-824.6936285985377,0.0,1000,0.013,200.0,-1165.5299215200444,1000,0.021,200.0,-1159.1359441142822,264,0.3560606060606061,200.0,-812.324543888251,1000,0.008,200.0,-1213.090370992659,1000,0.01,200.0,-1214.4913236094676,12288,6135,384000000,773.6190819740295,ab16711
sfl_spread0,5,737280,2000,0.3985,200.0,-625.6708179973509,0.0,1000,0.051,200.0,-925.2198796052495,1000,0.066,200.0,-919.7762057089321,264,0.4053030303030303,200.0,-611.2635203844233,1000,0.033,200.0,-1032.0558306487471,1000,0.032,200.0,-1038.219336023501,12288,6135,384000000,773.6190819740295,ab16711
sfl_spread0,5,983040,2000,0.296,200.0,-647.9729893952098,0.0,1000,0.048,200.0,-863.3464703254047,1000,0.059,200.0,-865.4230015343039,264,0.2878787878787879,200.0,-638.6321369493704,1000,0.01,200.0,-1023.0640535867516,1000,0.02,200.0,-1020.7145116675715,12288,6135,384000000,773.6190819740295,ab16711
sfl_spread0,5,1228800,2000,0.3175,200.0,-649.1392132147719,0.0,1000,0.029,200.0,-893.0013014079108,1000,0.039,200.0,-902.5023012253214,264,0.32196969696969696,200.0,-631.1125367745617,1000,0.005,200.0,-1024.6515514470364,1000,0.005,200.0,-1026.6660152400584,12288,6135,384000000,773.6190819740295,ab16711
sfl_spread0,5,1474560,2000,0.5455,200.0,-525.7514998998928,0.0,1000,0.212,200.0,-806.3341778527042,1000,0.219,200.0,-799.3041471397596,264,0.5265151515151515,200.0,-520.8782147929932,1000,0.086,200.0,-1003.7862249821736,1000,0.106,200.0,-998.933628814558,12288,6135,384000000,773.6190819740295,ab16711
sfl_spread0,5,1720320,2000,0.5425,200.0,-564.0625708660139,0.0,1000,0.219,200.0,-838.7322588029695,1000,0.236,200.0,-829.6392264751443,264,0.5454545454545454,200.0,-551.1849807776313,1000,0.102,200.0,-1035.6664433629423,1000,0.128,200.0,-1023.7320169174345,12288,6135,384000000,773.6190819740295,ab16711
sfl_spread0,5,1966080,2000,0.588,200.0,-510.4792580639628,0.0,1000,0.278,200.0,-788.9597045484553,1000,0.273,200.0,-789.6737319537422,264,0.5946969696969697,200.0,-485.93367532067117,1000,0.112,200.0,-1008.8145559200364,1000,0.13,200.0,-1004.3546629399782,12288,6135,384000000,773.6190819740295,ab16711
sfl_spread0,5,2211840,2000,0.542,200.0,-578.1245469727377,0.0,1000,0.199,200.0,-867.1306073673858,1000,0.17,200.0,-907.1275043117723,264,0.5606060606060606,200.0,-540.0601452167845,1000,0.076,200.0,-1038.3873643135078,1000,0.078,200.0,-1045.948248944944,12288,6135,384000000,773.6190819740295,ab16711
sfl_spread0,5,2457600,2000,0.6095,200.0,-512.8583815239216,0.045,1000,0.316,200.0,-786.1112427277448,1000,0.276,200.0,-815.817480685999,264,0.6060606060606061,200.0,-495.0387825329005,1000,0.143,200.0,-1000.7525656863801,1000,0.155,200.0,-998.509812440024,12288,6135,384000000,773.6190819740295,ab16711
sfl,6,0,2000,0.0,200.0,-1501.6027090359366,0.0,1000,0.0,200.0,-1349.4083630782525,1000,0.0,200.0,-1340.4663165972665,264,0.0,200.0,-1477.5926644545445,1000,0.0,200.0,-1366.443577078192,1000,0.0,200.0,-1374.3789336954978,12288,6126,384000000,772.9881048202515,ab16711
sfl,6,245760,2000,0.118,200.0,-990.083491058981,0.0,1000,0.003,200.0,-996.3478768149228,1000,0.004,200.0,-997.7558187993892,264,0.10984848484848485,200.0,-968.8588852599187,1000,0.002,200.0,-1003.4096681173121,1000,0.003,200.0,-1003.2569592184868,12288,6126,384000000,772.9881048202515,ab16711
sfl,6,491520,2000,0.37,200.0,-699.1792278829511,0.0,1000,0.077,200.0,-978.8967892451495,1000,0.084,200.0,-975.5746701881692,264,0.3484848484848485,200.0,-717.9632170080471,1000,0.029,200.0,-1090.546787812342,1000,0.03,200.0,-1094.7703210008738,12288,6126,384000000,772.9881048202515,ab16711
sfl,6,737280,2000,0.585,200.0,-429.2582168820272,0.0,1000,0.269,200.0,-701.1706238704936,1000,0.29,200.0,-692.2547316436113,264,0.571969696969697,200.0,-438.89805870977233,1000,0.172,200.0,-885.6557167143177,1000,0.151,200.0,-899.7988553296699,12288,6126,384000000,772.9881048202515,ab16711
sfl,6,983040,2000,0.44,200.0,-555.4781412965655,0.0,1000,0.114,200.0,-824.8262623985247,1000,0.122,200.0,-828.854651707037,264,0.4621212121212121,200.0,-542.0408226215994,1000,0.031,200.0,-978.8225235847893,1000,0.024,200.0,-990.9854534474503,12288,6126,384000000,772.9881048202515,ab16711
sfl,6,1228800,2000,0.4505,200.0,-609.133814339574,0.0,1000,0.099,200.0,-931.8460912452433,1000,0.11,200.0,-928.2888983467033,264,0.4696969696969697,200.0,-592.2561961846379,1000,0.054,200.0,-1041.527840501771,1000,0.053,200.0,-1045.4686965673611,12288,6126,384000000,772.9881048202515,ab16711
sfl,6,1474560,2000,0.438,200.0,-589.4554133834864,0.0,1000,0.059,200.0,-942.2863552689082,1000,0.077,200.0,-928.3532095569311,264,0.4659090909090909,200.0,-563.5543982072618,1000,0.045,200.0,-1042.0391293046387,1000,0.039,200.0,-1052.2660463345258,12288,6126,384000000,772.9881048202515,ab16711
sfl,6,1720320,2000,0.676,200.0,-384.7574696748797,0.095,1000,0.301,200.0,-723.9236803778642,1000,0.302,200.0,-724.8568618070356,264,0.6893939393939394,200.0,-372.6516626674224,1000,0.138,200.0,-934.0323986956565,1000,0.13,200.0,-951.4267073762961,12288,6126,384000000,772.9881048202515,ab16711
sfl,6,1966080,2000,0.803,200.0,-286.27119409139306,0.285,1000,0.469,200.0,-576.8343849034326,1000,0.488,200.0,-569.1135127514268,264,0.803030303030303,200.0,-291.2568221052827,1000,0.181,200.0,-843.9489934189401,1000,0.18,200.0,-847.1627739344341,12288,6126,384000000,772.9881048202515,ab16711
sfl,6,2211840,2000,0.9015,200.0,-226.33093608101296,0.365,1000,0.689,200.0,-451.8307965326018,1000,0.682,200.0,-464.7051756800007,264,0.8560606060606061,200.0,-250.53623724262732,1000,0.367,200.0,-719.3960257515138,1000,0.37,200.0,-726.6160355935222,12288,6126,384000000,772.9881048202515,ab16711
sfl,6,2457600,2000,0.817,200.0,-277.10349002949636,0.315,1000,0.606,200.0,-479.972391217717,1000,0.601,200.0,-485.38455550111456,264,0.7878787878787878,200.0,-289.8173145498966,1000,0.322,200.0,-743.7275868893282,1000,0.324,200.0,-745.4203382970593,12288,6126,384000000,772.9881048202515,ab16711
sfl_spread_carry,6,0,2000,0.0,200.0,-1302.7163306208104,0.0,1000,0.0,200.0,-1238.8729575618208,1000,0.0,200.0,-1238.1158148010975,264,0.0,200.0,-1301.3902108471304,1000,0.0,200.0,-1263.643163850649,1000,0.0,200.0,-1269.5361690008422,12288,6216,384000000,775.1171939373016,ab16711
sfl_spread_carry,6,245760,2000,0.0,200.0,-1054.5079866526776,0.0,1000,0.0,200.0,-993.0308760078667,1000,0.0,200.0,-1006.1178848416387,264,0.0,200.0,-1050.2097286949677,1000,0.0,200.0,-1021.1243623928929,1000,0.0,200.0,-1023.517955149965,12288,6216,384000000,775.1171939373016,ab16711
sfl_spread_carry,6,491520,2000,0.0005,200.0,-944.2758531725818,0.0,1000,0.0,200.0,-900.7135646766657,1000,0.0,200.0,-909.6034078610635,264,0.0,200.0,-946.1084960671176,1000,0.0,200.0,-1007.2527624691355,1000,0.0,200.0,-1011.2963267976558,12288,6216,384000000,775.1171939373016,ab16711
sfl_spread_carry,6,737280,2000,0.041,200.0,-772.0481027768061,0.0,1000,0.001,200.0,-896.573835131145,1000,0.001,200.0,-902.0105751581414,264,0.041666666666666664,200.0,-759.7428150571932,1000,0.003,200.0,-996.4537122805032,1000,0.003,200.0,-999.7688481811607,12288,6216,384000000,775.1171939373016,ab16711
sfl_spread_carry,6,983040,2000,0.429,200.0,-668.0992343381166,0.0,1000,0.084,200.0,-1010.5479433398275,1000,0.088,200.0,-1009.1136551972057,264,0.4393939393939394,200.0,-663.2306972304685,1000,0.059,200.0,-1086.0468915270055,1000,0.062,200.0,-1090.0941978708734,12288,6216,384000000,775.1171939373016,ab16711
sfl_spread_carry,6,1228800,2000,0.022,200.0,-830.5983745283323,0.0,1000,0.0,200.0,-941.3879008584039,1000,0.0,200.0,-940.5757166795614,264,0.026515151515151516,200.0,-794.9005536603328,1000,0.0,200.0,-1044.126140759515,1000,0.0,200.0,-1051.0311951183573,12288,6216,384000000,775.1171939373016,ab16711
sfl_spread_carry,6,1474560,2000,0.396,200.0,-566.8469068932305,0.0,1000,0.071,200.0,-829.2770997318759,1000,0.089,200.0,-828.5494331378939,264,0.4128787878787879,200.0,-557.1953810399615,1000,0.034,200.0,-967.630987117092,1000,0.027,200.0,-979.1039105367773,12288,6216,384000000,775.1171939373016,ab16711
sfl_spread_carry,6,1720320,2000,0.512,200.0,-498.56933570700267,0.0,1000,0.16,200.0,-803.8655228015815,1000,0.156,200.0,-807.3223545665443,264,0.5454545454545454,200.0,-474.2107214321006,1000,0.072,200.0,-966.7144502345524,1000,0.059,200.0,-982.2708240624471,12288,6216,384000000,775.1171939373016,ab16711
sfl_spread_carry,6,1966080,2000,0.664,200.0,-394.010351717353,0.135,1000,0.28,200.0,-722.410397632848,1000,0.284,200.0,-719.0953827483738,264,0.6666666666666666,200.0,-394.75003745773165,1000,0.093,200.0,-942.1763096551074,1000,0.112,200.0,-938.7940418315985,12288,6216,384000000,775.1171939373016,ab16711
sfl_spread_carry,6,2211840,2000,0.7185,200.0,-367.34856131331424,0.195,1000,0.391,200.0,-657.0010836286299,1000,0.395,200.0,-648.1425691762408,264,0.7651515151515151,200.0,-332.54671525915023,1000,0.202,200.0,-865.0782570200465,1000,0.183,200.0,-872.382114531081,12288,6216,384000000,775.1171939373016,ab16711
sfl_spread_carry,6,2457600,2000,0.864,200.0,-264.4271997840032,0.385,1000,0.643,200.0,-472.27731586414484,1000,0.642,200.0,-473.52394249839824,264,0.8598484848484849,200.0,-265.165433225036,1000,0.296,200.0,-763.7954556249871,1000,0.299,200.0,-765.1479273084472,12288,6216,384000000,775.1171939373016,ab16711
sfl_spread_verify,5,0,2000,0.0,200.0,-1150.2696046074373,0.0,1000,0.0,200.0,-1027.1898990045706,1000,0.0,200.0,-1047.6096162486253,264,0.0,200.0,-1157.198267390866,1000,0.001,200.0,-1116.1834745585872,1000,0.0,200.0,-1122.4363388602956,12288,6069,614400000,1139.3686611652374,ab16711
sfl_spread_verify,5,245760,2000,0.0,200.0,-986.136318945448,0.0,1000,0.0,200.0,-1070.0702370978024,1000,0.0,200.0,-1068.887680502025,264,0.0,200.0,-998.2867089189976,1000,0.0,200.0,-1131.1907660388233,1000,0.0,200.0,-1137.0610924620573,12288,6069,614400000,1139.3686611652374,ab16711
sfl_spread_verify,5,491520,2000,0.002,200.0,-747.2143272646066,0.0,1000,0.004,200.0,-853.5288155807292,1000,0.012,200.0,-849.8088236815953,264,0.003787878787878788,200.0,-730.8043769221738,1000,0.008,200.0,-983.2582998110121,1000,0.006,200.0,-989.6197413096521,12288,6069,614400000,1139.3686611652374,ab16711
sfl_spread_verify,5,737280,2000,0.2495,200.0,-770.6150795754473,0.0,1000,0.027,200.0,-993.8104201602952,1000,0.025,200.0,-1000.9966375384503,264,0.26515151515151514,200.0,-758.3722126095957,1000,0.013,200.0,-1077.492502555461,1000,0.021,200.0,-1079.2132311150222,12288,6069,614400000,1139.3686611652374,ab16711
sfl_spread_verify,5,983040,2000,0.2865,200.0,-650.4603527911198,0.0,1000,0.019,200.0,-921.7639235909833,1000,0.035,200.0,-909.1619604501545,264,0.2765151515151515,200.0,-653.7905907874411,1000,0.014,200.0,-1023.8144801586175,1000,0.011,200.0,-1031.123814053993,12288,6069,614400000,1139.3686611652374,ab16711
sfl_spread_verify,5,1228800,2000,0.397,200.0,-573.1362793289608,0.0,1000,0.106,200.0,-832.177691741819,1000,0.116,200.0,-824.0239396240083,264,0.42803030303030304,200.0,-562.691531375312,1000,0.052,200.0,-965.8424942641632,1000,0.043,200.0,-976.9247114450914,12288,6069,614400000,1139.3686611652374,ab16711
sfl_spread_verify,5,1474560,2000,0.517,200.0,-572.8616972252424,0.0,1000,0.166,200.0,-906.4568692501604,1000,0.174,200.0,-898.2934670904367,264,0.5454545454545454,200.0,-549.6236087674997,1000,0.119,200.0,-1008.7659972109054,1000,0.103,200.0,-1025.6809933339116,12288,6069,614400000,1139.3686611652374,ab16711
sfl_spread_verify,5,1720320,2000,0.585,200.0,-458.82901994878006,0.0,1000,0.241,200.0,-772.5125253521719,1000,0.238,200.0,-774.8125938196262,264,0.6136363636363636,200.0,-439.34866748020005,1000,0.125,200.0,-955.1931343327218,1000,0.118,200.0,-966.0664834957778,12288,6069,614400000,1139.3686611652374,ab16711
sfl_spread_verify,5,1966080,2000,0.693,200.0,-375.3221087015692,0.135,1000,0.297,200.0,-700.2917593350792,1000,0.3,200.0,-704.051733252301,264,0.7234848484848485,200.0,-357.1401066157339,1000,0.101,200.0,-934.2916992702727,1000,0.101,200.0,-940.5031246013175,12288,6069,614400000,1139.3686611652374,ab16711
sfl_spread_verify,5,2211840,2000,0.7325,200.0,-365.30639693200317,0.17,1000,0.406,200.0,-655.4839034806341,1000,0.432,200.0,-647.2793276768008,264,0.7234848484848485,200.0,-354.9982780160266,1000,0.198,200.0,-899.5485037014143,1000,0.195,200.0,-905.842063861726,12288,6069,614400000,1139.3686611652374,ab16711
sfl_spread_verify,5,2457600,2000,0.8605,200.0,-268.353736246369,0.395,1000,0.619,200.0,-488.5594307979585,1000,0.653,200.0,-488.9623885024418,264,0.8446969696969697,200.0,-279.4986701100863,1000,0.301,200.0,-778.1489050381056,1000,0.319,200.0,-774.8393584530814,12288,6069,614400000,1139.3686611652374,ab16711
sfl_auto,5,0,2000,0.0,200.0,-1137.0558102731493,0.0,1000,0.0,200.0,-1065.8975849709543,1000,0.0,200.0,-1071.3253509557192,264,0.0,200.0,-1158.3710277786136,1000,0.0,200.0,-1028.4363962135953,1000,0.0,200.0,-1022.4602390273525,12288,4688,576000000,1080.2506122589111,ab16711
sfl_auto,5,245760,2000,0.0005,200.0,-1102.4027155154963,0.0,1000,0.0,200.0,-1088.9460462750126,1000,0.0,200.0,-1096.3540856549232,264,0.0,200.0,-1075.7228615897352,1000,0.0,200.0,-1154.7642147887893,1000,0.0,200.0,-1156.2990035924804,12288,4688,576000000,1080.2506122589111,ab16711
sfl_auto,5,491520,2000,0.209,200.0,-753.6217646113977,0.0,1000,0.011,200.0,-974.6612107110726,1000,0.007,200.0,-977.6354656708819,264,0.25757575757575757,200.0,-736.2848045985278,1000,0.002,200.0,-1073.6330315505895,1000,0.005,200.0,-1076.453270294605,12288,4688,576000000,1080.2506122589111,ab16711
sfl_auto,5,737280,2000,0.253,200.0,-743.8931430393776,0.0,1000,0.028,200.0,-931.2217141761379,1000,0.037,200.0,-930.6910081400824,264,0.24621212121212122,200.0,-754.143371941734,1000,0.014,200.0,-1025.3889065412332,1000,0.006,200.0,-1044.4938882075912,12288,4688,576000000,1080.2506122589111,ab16711
sfl_auto,5,983040,2000,0.3535,200.0,-561.7264088572692,0.0,1000,0.072,200.0,-788.5818986010084,1000,0.075,200.0,-794.824654522949,264,0.375,200.0,-565.7014158267153,1000,0.022,200.0,-952.1199064077286,1000,0.01,200.0,-965.7109347258995,12288,4688,576000000,1080.2506122589111,ab16711
sfl_auto,5,1228800,2000,0.508,200.0,-463.914062234881,0.0,1000,0.182,200.0,-722.6759725261606,1000,0.183,200.0,-731.5825609372367,264,0.5227272727272727,200.0,-459.609383967524,1000,0.071,200.0,-916.4104680652505,1000,0.079,200.0,-917.9194438150206,12288,4688,576000000,1080.2506122589111,ab16711
sfl_auto,5,1474560,2000,0.463,200.0,-559.3107701884787,0.0,1000,0.084,200.0,-886.3735646964186,1000,0.099,200.0,-879.9765563693614,264,0.4962121212121212,200.0,-528.7816421139398,1000,0.027,200.0,-1029.456920429357,1000,0.031,200.0,-1029.339198608029,12288,4688,576000000,1080.2506122589111,ab16711
sfl_auto,5,1720320,2000,0.511,200.0,-582.7966491605004,0.0,1000,0.197,200.0,-869.2350433253205,1000,0.226,200.0,-847.5550287315757,264,0.5303030303030303,200.0,-561.2701831210288,1000,0.127,200.0,-1024.5240996096697,1000,0.129,200.0,-1020.353848756173,12288,4688,576000000,1080.2506122589111,ab16711
sfl_auto,5,1966080,2000,0.759,200.0,-357.9216037185285,0.175,1000,0.486,200.0,-610.9354773845344,1000,0.471,200.0,-625.3433432485659,264,0.7613636363636364,200.0,-352.90387435848095,1000,0.221,200.0,-902.8352674306745,1000,0.225,200.0,-903.8798241588769,12288,4688,576000000,1080.2506122589111,ab16711
sfl_auto,5,2211840,2000,0.7795,200.0,-320.85416495277025,0.285,1000,0.499,200.0,-588.0014030736365,1000,0.489,200.0,-602.7138509345541,264,0.7803030303030303,200.0,-319.5192463821384,1000,0.159,200.0,-901.864671949964,1000,0.168,200.0,-899.0357742751047,12288,4688,576000000,1080.2506122589111,ab16711
sfl_auto,5,2457600,2000,0.798,200.0,-307.73858835666044,0.345,1000,0.558,200.0,-545.6415587005175,1000,0.581,200.0,-533.8584167353216,264,0.7916666666666666,200.0,-305.782672842456,1000,0.246,200.0,-838.5430069136977,1000,0.228,200.0,-852.4486911697937,12288,4688,576000000,1080.2506122589111,ab16711
sfl_spread0,6,0,2000,0.0,200.0,-1533.035718525901,0.0,1000,0.0,200.0,-1386.3528033329471,1000,0.0,200.0,-1385.5471273713201,264,0.0,200.0,-1520.2993478728772,1000,0.0,200.0,-1392.9833797216882,1000,0.0,200.0,-1400.5314275480325,12288,6168,384000000,775.9078369140625,ab16711
sfl_spread0,6,245760,2000,0.3205,200.0,-843.085905807002,0.0,1000,0.007,200.0,-1189.978110240523,1000,0.009,200.0,-1188.064497187562,264,0.32196969696969696,200.0,-842.4704356802648,1000,0.002,200.0,-1211.106359681327,1000,0.005,200.0,-1216.492363657406,12288,6168,384000000,775.9078369140625,ab16711
sfl_spread0,6,491520,2000,0.342,200.0,-802.6955604424172,0.0,1000,0.011,200.0,-1138.193265466089,1000,0.017,200.0,-1131.252217420943,264,0.3560606060606061,200.0,-793.8907559302088,1000,0.008,200.0,-1183.3255969876425,1000,0.008,200.0,-1188.2935372179059,12288,6168,384000000,775.9078369140625,ab16711
sfl_spread0,6,737280,2000,0.39,200.0,-618.1724946469974,0.0,1000,0.054,200.0,-917.1616304994708,1000,0.062,200.0,-912.2916726466534,264,0.4053030303030303,200.0,-611.9048496694064,1000,0.02,200.0,-1051.7276790916362,1000,0.021,200.0,-1051.0264795474156,12288,6168,384000000,775.9078369140625,ab16711
sfl_spread0,6,983040,2000,0.432,200.0,-533.4021325771284,0.0,1000,0.085,200.0,-828.6854338750958,1000,0.101,200.0,-827.9786477693706,264,0.45454545454545453,200.0,-521.6818161712522,1000,0.032,200.0,-993.4563159154271,1000,0.033,200.0,-992.0246056703262,12288,6168,384000000,775.9078369140625,ab16711
sfl_spread0,6,1228800,2000,0.395,200.0,-613.0907196868993,0.0,1000,0.051,200.0,-903.3231176829515,1000,0.049,200.0,-915.4733884572413,264,0.3939393939393939,200.0,-593.5749409816624,1000,0.023,200.0,-1018.9779039169669,1000,0.024,200.0,-1017.7340777109142,12288,6168,384000000,775.9078369140625,ab16711
sfl_spread0,6,1474560,2000,0.53,200.0,-540.1929764920741,0.0,1000,0.249,200.0,-801.1668993895009,1000,0.277,200.0,-783.4575863329273,264,0.5454545454545454,200.0,-522.0898486085683,1000,0.158,200.0,-980.3957394242742,1000,0.171,200.0,-976.947692707791,12288,6168,384000000,775.9078369140625,ab16711
sfl_spread0,6,1720320,2000,0.599,200.0,-472.06253288424136,0.075,1000,0.229,200.0,-773.7325230138231,1000,0.198,200.0,-799.3261664434967,264,0.6212121212121212,200.0,-437.57272117608835,1000,0.064,200.0,-1001.3627049836178,1000,0.068,200.0,-1003.0711729142729,12288,6168,384000000,775.9078369140625,ab16711
sfl_spread0,6,1966080,2000,0.6455,200.0,-455.07777097682526,0.14,1000,0.328,200.0,-733.1758086056012,1000,0.302,200.0,-766.3985654992396,264,0.6742424242424242,200.0,-418.6598835353661,1000,0.135,200.0,-967.2856015019393,1000,0.153,200.0,-968.1167478470693,12288,6168,384000000,775.9078369140625,ab16711
sfl_spread0,6,2211840,2000,0.6975,200.0,-416.5496128145764,0.15,1000,0.424,200.0,-677.5787917481694,1000,0.396,200.0,-705.6117243899836,264,0.7007575757575758,200.0,-403.73537785423787,1000,0.157,200.0,-964.5355982874582,1000,0.175,200.0,-961.879078447092,12288,6168,384000000,775.9078369140625,ab16711
sfl_spread0,6,2457600,2000,0.692,200.0,-416.0973774899992,0.185,1000,0.416,200.0,-672.7064445495743,1000,0.395,200.0,-698.5660294390694,264,0.7196969696969697,200.0,-396.2584104637872,1000,0.193,200.0,-930.016644584039,1000,0.175,200.0,-939.7836966327552,12288,6168,384000000,775.9078369140625,ab16711
sfl_spread_verify,6,0,2000,0.0,200.0,-1329.6221427220773,0.0,1000,0.0,200.0,-1136.079108261861,1000,0.0,200.0,-1141.663094916377,264,0.0,200.0,-1322.2274080538941,1000,0.0,200.0,-1129.0779941418705,1000,0.0,200.0,-1133.0287988132648,12288,6135,614400000,1142.809104681015,ab16711
sfl_spread_verify,6,245760,2000,0.074,200.0,-754.0192637973947,0.0,1000,0.008,200.0,-920.0117298738969,1000,0.01,200.0,-933.8428041700537,264,0.07954545454545454,200.0,-753.5139286591051,1000,0.006,200.0,-1013.5742279558162,1000,0.007,200.0,-1020.5324729881097,12288,6135,614400000,1142.809104681015,ab16711
sfl_spread_verify,6,491520,2000,0.135,200.0,-783.1554442502876,0.0,1000,0.015,200.0,-866.4075258977539,1000,0.022,200.0,-883.0362797376865,264,0.13257575757575757,200.0,-796.5528294858834,1000,0.009,200.0,-991.7638013678352,1000,0.008,200.0,-995.2314256542304,12288,6135,614400000,1142.809104681015,ab16711
sfl_spread_verify,6,737280,2000,0.0,200.0,-804.864380636793,0.0,1000,0.0,200.0,-917.7969257925026,1000,0.0,200.0,-919.3899391153276,264,0.0,200.0,-807.0954572070109,1000,0.0,200.0,-1006.7861699318622,1000,0.0,200.0,-1020.8406577540677,12288,6135,614400000,1142.809104681015,ab16711
sfl_spread_verify,6,983040,2000,0.3425,200.0,-672.7315092454716,0.0,1000,0.074,200.0,-929.5285739205915,1000,0.077,200.0,-933.8912763655828,264,0.38636363636363635,200.0,-648.4841583366341,1000,0.046,200.0,-1028.6641073800301,1000,0.046,200.0,-1033.0846316832015,12288,6135,614400000,1142.809104681015,ab16711
sfl_spread_verify,6,1228800,2000,0.7015,200.0,-367.21152144194645,0.11,1000,0.316,200.0,-666.640005208607,1000,0.325,200.0,-666.0923868956465,264,0.6628787878787878,200.0,-370.3445310394187,1000,0.116,200.0,-914.707085105035,1000,0.117,200.0,-915.0507361064389,12288,6135,614400000,1142.809104681015,ab16711
sfl_spread_verify,6,1474560,2000,0.73,200.0,-343.3703423388594,0.155,1000,0.382,200.0,-632.9464303075739,1000,0.366,200.0,-642.3914331597246,264,0.7727272727272727,200.0,-312.31511860818466,1000,0.116,200.0,-901.849483279607,1000,0.117,200.0,-901.278236128035,12288,6135,614400000,1142.809104681015,ab16711
sfl_spread_verify,6,1720320,2000,0.824,200.0,-283.6313038131066,0.37,1000,0.584,200.0,-512.5840716448405,1000,0.553,200.0,-542.7305233491503,264,0.8446969696969697,200.0,-268.93864238358873,1000,0.255,200.0,-803.4261899769391,1000,0.272,200.0,-792.606256466681,12288,6135,614400000,1142.809104681015,ab16711
sfl_spread_verify,6,1966080,2000,0.706,200.0,-375.28134382149364,0.195,1000,0.438,200.0,-627.9716599239781,1000,0.44,200.0,-638.4590651604711,264,0.7651515151515151,200.0,-326.57986258023294,1000,0.251,200.0,-818.5199806632584,1000,0.233,200.0,-828.3154940164411,12288,6135,614400000,1142.809104681015,ab16711
sfl_spread_verify,6,2211840,2000,0.918,200.0,-212.11951187359782,0.54,1000,0.751,200.0,-398.2067034942225,1000,0.748,200.0,-412.4514266860816,264,0.9015151515151515,200.0,-218.9096017025695,1000,0.399,200.0,-712.9528304310888,1000,0.398,200.0,-715.2447618505737,12288,6135,614400000,1142.809104681015,ab16711
sfl_spread_verify,6,2457600,2000,0.7495,200.0,-328.1701296977057,0.22,1000,0.497,200.0,-577.3996774535649,1000,0.492,200.0,-579.0492226249751,264,0.7878787878787878,200.0,-298.2866382910419,1000,0.272,200.0,-796.5984032524091,1000,0.257,200.0,-804.1254172855413,12288,6135,614400000,1142.809104681015,ab16711
sfl,7,0,2000,0.0,200.0,-1204.1418587646058,0.0,1000,0.0,200.0,-1153.4367476126315,1000,0.0,200.0,-1162.4029154328316,264,0.0,200.0,-1194.3311869910608,1000,0.0,200.0,-1166.052472349178,1000,0.0,200.0,-1175.68911966172,12288,6066,384000000,778.8566966056824,ab16711
sfl,7,245760,2000,0.319,200.0,-722.7909840596031,0.0,1000,0.012,200.0,-1018.9014764320664,1000,0.02,200.0,-1021.000513976563,264,0.3371212121212121,200.0,-715.8330958021851,1000,0.011,200.0,-1087.7613663435363,1000,0.011,200.0,-1092.6529587016685,12288,6066,384000000,778.8566966056824,ab16711
sfl,7,491520,2000,0.002,200.0,-822.481601588119,0.0,1000,0.008,200.0,-856.7462140554227,1000,0.008,200.0,-859.3473507856867,264,0.0,200.0,-825.2508104636709,1000,0.005,200.0,-975.4040267820286,1000,0.005,200.0,-977.4818537411569,12288,6066,384000000,778.8566966056824,ab16711
sfl,7,737280,2000,0.0045,200.0,-839.3163923812826,0.0,1000,0.003,200.0,-948.7481080236265,1000,0.004,200.0,-944.1101338183464,264,0.003787878787878788,200.0,-843.9260484791907,1000,0.003,200.0,-1042.7721135901388,1000,0.002,200.0,-1054.8771699625718,12288,6066,384000000,778.8566966056824,ab16711
sfl,7,983040,2000,0.3975,200.0,-685.7436846328743,0.0,1000,0.045,200.0,-1016.6846625527236,1000,0.047,200.0,-1017.5546186170487,264,0.4053030303030303,200.0,-674.5673335742273,1000,0.03,200.0,-1092.9000753265066,1000,0.045,200.0,-1087.3802626634479,12288,6066,384000000,778.8566966056824,ab16711
sfl,7,1228800,2000,0.2965,200.0,-671.5316307073156,0.0,1000,0.045,200.0,-898.1721758069061,1000,0.053,200.0,-896.8570471316499,264,0.2916666666666667,200.0,-663.7584584602788,1000,0.026,200.0,-1014.3454651015247,1000,0.023,200.0,-1023.3254608276,12288,6066,384000000,778.8566966056824,ab16711
sfl,7,1474560,2000,0.4415,200.0,-675.7777296510031,0.0,1000,0.102,200.0,-1001.3616182753395,1000,0.087,200.0,-1008.7404824394396,264,0.4696969696969697,200.0,-648.3216547821188,1000,0.088,200.0,-1079.9424095880188,1000,0.1,200.0,-1074.9138472789227,12288,6066,384000000,778.8566966056824,ab16711
sfl,7,1720320,2000,0.492,200.0,-642.2634500433154,0.0,1000,0.166,200.0,-959.5177596183938,1000,0.163,200.0,-955.1727702257019,264,0.5227272727272727,200.0,-608.415428987211,1000,0.14,200.0,-1050.5062810173026,1000,0.147,200.0,-1049.012961190603,12288,6066,384000000,778.8566966056824,ab16711
sfl,7,1966080,2000,0.5165,200.0,-576.0765021471482,0.0,1000,0.158,200.0,-901.8215474122337,1000,0.156,200.0,-902.9331098526216,264,0.5378787878787878,200.0,-539.9331891351467,1000,0.069,200.0,-1047.642700791254,1000,0.07,200.0,-1060.921363070582,12288,6066,384000000,778.8566966056824,ab16711
sfl,7,2211840,2000,0.641,200.0,-471.8192211195105,0.1,1000,0.329,200.0,-749.2400139794149,1000,0.317,200.0,-765.203289312984,264,0.678030303030303,200.0,-431.77503467504744,1000,0.147,200.0,-983.555541573025,1000,0.152,200.0,-982.4844137408267,12288,6066,384000000,778.8566966056824,ab16711
sfl,7,2457600,2000,0.647,200.0,-486.81050732458186,0.105,1000,0.363,200.0,-750.048997180502,1000,0.337,200.0,-781.0616894844085,264,0.6439393939393939,200.0,-474.9641081279494,1000,0.22,200.0,-927.691365636661,1000,0.22,200.0,-931.4092407777238,12288,6066,384000000,778.8566966056824,ab16711
sfl_spread_carry,7,0,2000,0.0,200.0,-1217.384742289007,0.0,1000,0.0,200.0,-1218.2883309157864,1000,0.0,200.0,-1216.4176608393486,264,0.0,200.0,-1179.5721063009478,1000,0.0,200.0,-1124.9946797831683,1000,0.0,200.0,-1124.7165386952784,12288,6236,384000000,779.9942910671234,ab16711
sfl_spread_carry,7,245760,2000,0.0,200.0,-984.1342193441319,0.0,1000,0.0,200.0,-1122.5500114646436,1000,0.0,200.0,-1116.3418609250175,264,0.0,200.0,-952.1149202231179,1000,0.001,200.0,-1172.845469611263,1000,0.0,200.0,-1176.8828227388951,12288,6236,384000000,779.9942910671234,ab16711
sfl_spread_carry,7,491520,2000,0.244,200.0,-740.5114260198928,0.0,1000,0.033,200.0,-954.231979989432,1000,0.04,200.0,-954.2455067984573,264,0.2727272727272727,200.0,-722.3106495850337,1000,0.011,200.0,-1048.478693543124,1000,0.021,200.0,-1046.88335096378,12288,6236,384000000,779.9942910671234,ab16711
sfl_spread_carry,7,737280,2000,0.336,200.0,-756.6702363608109,0.0,1000,0.024,200.0,-1066.0887432226195,1000,0.03,200.0,-1067.8416438926276,264,0.3409090909090909,200.0,-752.7993609329018,1000,0.016,200.0,-1127.1387892943956,1000,0.019,200.0,-1132.2409972103544,12288,6236,384000000,779.9942910671234,ab16711
sfl_spread_carry,7,983040,2000,0.3305,200.0,-679.1231533994086,0.0,1000,0.045,200.0,-953.4467426897553,1000,0.058,200.0,-947.758984954392,264,0.375,200.0,-654.387347439258,1000,0.026,200.0,-1036.6344048981312,1000,0.019,200.0,-1051.035333939074,12288,6236,384000000,779.9942910671234,ab16711
sfl_spread_carry,7,1228800,2000,0.4885,200.0,-546.3909368337688,0.0,1000,0.128,200.0,-872.4322325208624,1000,0.166,200.0,-847.3917320375126,264,0.5,200.0,-540.2877368429994,1000,0.102,200.0,-972.6762854757874,1000,0.092,200.0,-988.6165880690576,12288,6236,384000000,779.9942910671234,ab16711
sfl_spread_carry,7,1474560,2000,0.5485,200.0,-501.2555067712079,0.025,1000,0.193,200.0,-797.2729967354109,1000,0.199,200.0,-792.2996826123001,264,0.6022727272727273,200.0,-447.2499861746621,1000,0.094,200.0,-950.2271176689019,1000,0.078,200.0,-962.4742089074273,12288,6236,384000000,779.9942910671234,ab16711
sfl_spread_carry,7,1720320,2000,0.817,200.0,-291.80051481753844,0.31,1000,0.535,200.0,-533.1898068198817,1000,0.542,200.0,-536.8116796816859,264,0.8181818181818182,200.0,-282.2786432731071,1000,0.235,200.0,-806.6948125609625,1000,0.213,200.0,-814.025227012693,12288,6236,384000000,779.9942910671234,ab16711
sfl_spread_carry,7,1966080,2000,0.8835,200.0,-246.51490890444134,0.41,1000,0.662,200.0,-460.60481713416993,1000,0.66,200.0,-476.1620056988215,264,0.875,200.0,-254.94841533857846,1000,0.313,200.0,-747.4560914721698,1000,0.316,200.0,-749.2257363157831,12288,6236,384000000,779.9942910671234,ab16711
sfl_spread_carry,7,2211840,2000,0.8285,200.0,-266.2224517550655,0.37,1000,0.606,200.0,-491.281159467758,1000,0.622,200.0,-489.9357848293014,264,0.8409090909090909,200.0,-258.1235239440226,1000,0.291,200.0,-774.8305577341973,1000,0.29,200.0,-780.8843011818049,12288,6236,384000000,779.9942910671234,ab16711
sfl_spread_carry,7,2457600,2000,0.9115,200.0,-204.1545445829737,0.555,1000,0.743,200.0,-403.511617115321,1000,0.764,200.0,-398.46795416174604,264,0.8977272727272727,200.0,-214.11024034413592,1000,0.385,200.0,-702.9098794761561,1000,0.415,200.0,-701.5427426089311,12288,6236,384000000,779.9942910671234,ab16711
sfl_auto,6,0,2000,0.0,200.0,-1311.8342399130215,0.0,1000,0.0,200.0,-1258.6209853671123,1000,0.0,200.0,-1261.3458128062707,264,0.0,200.0,-1305.8569381634334,1000,0.0,200.0,-1275.2090235089274,1000,0.0,200.0,-1280.300782255173,12288,4538,576000000,1064.0594322681427,ab16711
sfl_auto,6,245760,2000,0.025,200.0,-1007.5031598915693,0.0,1000,0.004,200.0,-956.1136541050041,1000,0.006,200.0,-957.6091355523267,264,0.03409090909090909,200.0,-992.1738869288766,1000,0.0,200.0,-1060.7576676860424,1000,0.002,200.0,-1066.4261760212,12288,4538,576000000,1064.0594322681427,ab16711
sfl_auto,6,491520,2000,0.0,200.0,-1132.4233933662622,0.0,1000,0.0,200.0,-989.9143697320484,1000,0.0,200.0,-998.0551150361281,264,0.0,200.0,-1104.146354212427,1000,0.0,200.0,-998.1447297826552,1000,0.0,200.0,-1003.5367029840052,12288,4538,576000000,1064.0594322681427,ab16711
sfl_auto,6,737280,2000,0.37,200.0,-633.3724837683474,0.0,1000,0.045,200.0,-921.997931230689,1000,0.06,200.0,-912.1894234409793,264,0.36363636363636365,200.0,-636.8703761938481,1000,0.013,200.0,-1053.3330650672683,1000,0.013,200.0,-1055.6074703439515,12288,4538,576000000,1064.0594322681427,ab16711
sfl_auto,6,983040,2000,0.3675,200.0,-786.3304914178233,0.0,1000,0.013,200.0,-1134.5921542036813,1000,0.022,200.0,-1123.7322076941584,264,0.3939393939393939,200.0,-762.8656273385386,1000,0.01,200.0,-1190.0304907020125,1000,0.009,200.0,-1194.2432750475398,12288,4538,576000000,1064.0594322681427,ab16711
sfl_auto,6,1228800,2000,0.37,200.0,-767.4819414758721,0.0,1000,0.015,200.0,-1108.9294334758897,1000,0.023,200.0,-1099.3408961574673,264,0.3939393939393939,200.0,-746.7741103505671,1000,0.012,200.0,-1172.0438192872557,1000,0.01,200.0,-1178.5583819911467,12288,4538,576000000,1064.0594322681427,ab16711
sfl_auto,6,1474560,2000,0.478,200.0,-565.2797489213797,0.0,1000,0.143,200.0,-861.2489971171678,1000,0.135,200.0,-867.2259036746058,264,0.5037878787878788,200.0,-542.0522812435072,1000,0.067,200.0,-1027.584428776798,1000,0.06,200.0,-1034.5701285579837,12288,4538,576000000,1064.0594322681427,ab16711
sfl_auto,6,1720320,2000,0.501,200.0,-576.5230839097427,0.0,1000,0.139,200.0,-879.2622309377006,1000,0.12,200.0,-904.0571962217363,264,0.5378787878787878,200.0,-531.6028018601878,1000,0.045,200.0,-1030.6499141870538,1000,0.071,200.0,-1022.0218762526176,12288,4538,576000000,1064.0594322681427,ab16711
sfl_auto,6,1966080,2000,0.6225,200.0,-487.6761561871481,0.035,1000,0.302,200.0,-772.0104888839933,1000,0.301,200.0,-778.6851682151523,264,0.6363636363636364,200.0,-458.77787940427277,1000,0.154,200.0,-988.6741329720481,1000,0.165,200.0,-990.5610315458845,12288,4538,576000000,1064.0594322681427,ab16711
sfl_auto,6,2211840,2000,0.5885,200.0,-524.005139449111,0.065,1000,0.296,200.0,-799.0214336763677,1000,0.274,200.0,-821.0881401326214,264,0.6174242424242424,200.0,-482.0919898306791,1000,0.132,200.0,-998.5295790802976,1000,0.145,200.0,-994.2450320853532,12288,4538,576000000,1064.0594322681427,ab16711
sfl_auto,6,2457600,2000,0.687,200.0,-438.78137337060076,0.155,1000,0.416,200.0,-695.3946714605536,1000,0.393,200.0,-719.1419816699427,264,0.6893939393939394,200.0,-423.3989988221574,1000,0.183,200.0,-950.2926746891851,1000,0.195,200.0,-946.1377780874113,12288,4538,576000000,1064.0594322681427,ab16711
sfl_spread0,7,0,2000,0.0,200.0,-1359.8741172856228,0.0,1000,0.0,200.0,-1274.2574002773486,1000,0.0,200.0,-1283.6931099728579,264,0.0,200.0,-1357.606451443156,1000,0.0,200.0,-1260.2632482601632,1000,0.0,200.0,-1265.9902422037408,12288,6144,384000000,744.018364906311,ab16711
sfl_spread0,7,245760,2000,0.0,200.0,-952.04905811423,0.0,1000,0.001,200.0,-907.6153065810956,1000,0.0,200.0,-907.6105079944595,264,0.0,200.0,-948.7070443596531,1000,0.001,200.0,-975.2937278104245,1000,0.003,200.0,-980.1636338854346,12288,6144,384000000,744.018364906311,ab16711
sfl_spread0,7,491520,2000,0.0,200.0,-1010.5820005180324,0.0,1000,0.0,200.0,-955.8960754424156,1000,0.0,200.0,-964.8865019925568,264,0.0,200.0,-1013.5289125326151,1000,0.0,200.0,-1056.3417515429194,1000,0.0,200.0,-1061.5929485055774,12288,6144,384000000,744.018364906311,ab16711
sfl_spread0,7,737280,2000,0.048,200.0,-791.342612902647,0.0,1000,0.0,200.0,-933.196167597458,1000,0.0,200.0,-935.0572446611246,264,0.04924242424242424,200.0,-778.1591555533108,1000,0.0,200.0,-1035.658849563922,1000,0.0,200.0,-1042.56298357221,12288,6144,384000000,744.018364906311,ab16711
sfl_spread0,7,983040,2000,0.244,200.0,-738.655414044561,0.0,1000,0.01,200.0,-991.4553426618681,1000,0.021,200.0,-983.6613301120221,264,0.25,200.0,-735.5073547096772,1000,0.005,200.0,-1081.5827298273568,1000,0.005,200.0,-1083.5159218456145,12288,6144,384000000,744.018364906311,ab16711
sfl_spread0,7,1228800,2000,0.1455,200.0,-656.1002962403263,0.0,1000,0.042,200.0,-784.9790194831155,1000,0.046,200.0,-791.0619815785906,264,0.16666666666666666,200.0,-676.0526570205557,1000,0.006,200.0,-953.4350382451851,1000,0.007,200.0,-956.8680082624793,12288,6144,384000000,744.018364906311,ab16711
sfl_spread0,7,1474560,2000,0.5085,200.0,-524.3997945856951,0.0,1000,0.141,200.0,-823.4959126327843,1000,0.133,200.0,-838.0305365991529,264,0.5,200.0,-508.7494497861614,1000,0.039,200.0,-1008.1471107666025,1000,0.039,200.0,-1009.1402803594685,12288,6144,384000000,744.018364906311,ab16711
sfl_spread0,7,1720320,2000,0.5855,200.0,-483.2155263634245,0.0,1000,0.226,200.0,-781.3099353038825,1000,0.222,200.0,-784.673582734328,264,0.5946969696969697,200.0,-461.9028702198399,1000,0.061,200.0,-1005.6569043094057,1000,0.079,200.0,-1004.033842557122,12288,6144,384000000,744.018364906311,ab16711
sfl_spread0,7,1966080,2000,0.64,200.0,-465.5483425398294,0.125,1000,0.309,200.0,-754.5652647228515,1000,0.268,200.0,-782.9665578325311,264,0.6666666666666666,200.0,-426.755133416631,1000,0.09,200.0,-1010.2555324812369,1000,0.1,200.0,-1008.9650599523114,12288,6144,384000000,744.018364906311,ab16711
sfl_spread0,7,2211840,2000,0.793,200.0,-325.33155765608905,0.2,1000,0.55,200.0,-566.8568143543571,1000,0.544,200.0,-576.783475214548,264,0.7765151515151515,200.0,-335.0549352079119,1000,0.271,200.0,-866.9511605124057,1000,0.278,200.0,-865.6033857910033,12288,6144,384000000,744.018364906311,ab16711
sfl_spread0,7,2457600,2000,0.7795,200.0,-312.9104290271571,0.28,1000,0.49,200.0,-574.1481892968452,1000,0.49,200.0,-580.6932942918925,264,0.7954545454545454,200.0,-305.5313950498928,1000,0.224,200.0,-836.0720490248603,1000,0.225,200.0,-844.03221539914,12288,6144,384000000,744.018364906311,ab16711
sfl_spread_verify,7,0,2000,0.0,200.0,-1242.6974304801413,0.0,1000,0.0,200.0,-1207.2950973382658,1000,0.0,200.0,-1203.9547852372345,264,0.0,200.0,-1237.413232661263,1000,0.0,200.0,-1261.9099068659796,1000,0.0,200.0,-1266.4192560769545,12288,6173,614400000,1089.0072181224823,ab16711
sfl_spread_verify,7,245760,2000,0.0795,200.0,-895.409406702698,0.0,1000,0.0,200.0,-1069.1000510054384,1000,0.0,200.0,-1068.1735193187944,264,0.07196969696969698,200.0,-879.4656496164741,1000,0.0,200.0,-1129.6653808447338,1000,0.0,200.0,-1134.5032044056077,12288,6173,614400000,1089.0072181224823,ab16711
sfl_spread_verify,7,491520,2000,0.018,200.0,-800.857638235061,0.0,1000,0.001,200.0,-943.9888845886112,1000,0.0,200.0,-950.0414895193095,264,0.015151515151515152,200.0,-793.9002899128891,1000,0.003,200.0,-1043.515270077771,1000,0.0,200.0,-1046.2958461424262,12288,6173,614400000,1089.0072181224823,ab16711
sfl_spread_verify,7,737280,2000,0.376,200.0,-751.7057554699982,0.0,1000,0.049,200.0,-1083.4283780033588,1000,0.051,200.0,-1082.7442273452896,264,0.3787878787878788,200.0,-746.7648348017318,1000,0.024,200.0,-1155.1438679760606,1000,0.02,200.0,-1161.90385377805,12288,6173,614400000,1089.0072181224823,ab16711
sfl_spread_verify,7,983040,2000,0.397,200.0,-785.4113911974083,0.0,1000,0.046,200.0,-1177.7523018426896,1000,0.051,200.0,-1169.0333609624142,264,0.4053030303030303,200.0,-770.4726488984876,1000,0.027,200.0,-1239.059243475134,1000,0.024,200.0,-1242.7987645183568,12288,6173,614400000,1089.0072181224823,ab16711
sfl_spread_verify,7,1228800,2000,0.4395,200.0,-668.913670015003,0.0,1000,0.112,200.0,-993.5363709594365,1000,0.117,200.0,-983.8421147934187,264,0.45454545454545453,200.0,-656.357643255018,1000,0.053,200.0,-1104.6318253409077,1000,0.051,200.0,-1110.0328342130306,12288,6173,614400000,1089.0072181224823,ab16711
sfl_spread_verify,7,1474560,2000,0.502,200.0,-602.5940161830717,0.0,1000,0.186,200.0,-908.5837838334218,1000,0.18,200.0,-905.572386077268,264,0.5265151515151515,200.0,-581.8092776621875,1000,0.079,200.0,-1072.7650488590755,1000,0.078,200.0,-1071.486919429932,12288,6173,614400000,1089.0072181224823,ab16711
sfl_spread_verify,7,1720320,2000,0.52,200.0,-518.7992377755555,0.0,1000,0.145,200.0,-846.9264479093766,1000,0.18,200.0,-826.9642166283968,264,0.5416666666666666,200.0,-499.3251782243338,1000,0.088,200.0,-1001.1601177990188,1000,0.093,200.0,-1002.2847243091751,12288,6173,614400000,1089.0072181224823,ab16711
sfl_spread_verify,7,1966080,2000,0.593,200.0,-473.99017308822664,0.005,1000,0.274,200.0,-762.6708759287793,1000,0.272,200.0,-760.4091004699447,264,0.6060606060606061,200.0,-463.1752219219287,1000,0.13,200.0,-984.6845245139192,1000,0.14,200.0,-976.1569892512986,12288,6173,614400000,1089.0072181224823,ab16711
sfl_spread_verify,7,2211840,2000,0.6075,200.0,-477.11143035354655,0.135,1000,0.254,200.0,-776.5281510989772,1000,0.219,200.0,-798.4693957123782,264,0.6325757575757576,200.0,-459.9350440508588,1000,0.133,200.0,-938.0996071982789,1000,0.133,200.0,-941.7471827017558,12288,6173,614400000,1089.0072181224823,ab16711
sfl_spread_verify,7,2457600,2000,0.8065,200.0,-304.3351859340895,0.32,1000,0.564,200.0,-513.5859113376808,1000,0.55,200.0,-524.404025691968,264,0.7840909090909091,200.0,-313.29013893130565,1000,0.259,200.0,-805.1408745304026,1000,0.27,200.0,-805.6491500422686,12288,6173,614400000,1089.0072181224823,ab16711
sfl,8,0,2000,0.0,200.0,-1268.2797101529818,0.0,1000,0.0,200.0,-1172.7152795353854,1000,0.0,200.0,-1184.5024179118882,264,0.0,200.0,-1269.0469613831292,1000,0.0,200.0,-1184.0554865780368,1000,0.0,200.0,-1193.8514693175928,12288,6164,384000000,728.9416608810425,ab16711
sfl,8,245760,2000,0.327,200.0,-740.8034443931871,0.0,1000,0.027,200.0,-1039.9060736203035,1000,0.023,200.0,-1042.7113000088777,264,0.32954545454545453,200.0,-746.762176908742,1000,0.013,200.0,-1112.1736902776436,1000,0.016,200.0,-1112.392180680593,12288,6164,384000000,728.9416608810425,ab16711
sfl,8,491520,2000,0.2045,200.0,-720.7099333398887,0.0,1000,0.036,200.0,-895.7780402227172,1000,0.041,200.0,-897.0803526496778,264,0.22348484848484848,200.0,-698.2634657959326,1000,0.013,200.0,-1013.0000294351443,1000,0.02,200.0,-1014.8457169171578,12288,6164,384000000,728.9416608810425,ab16711
sfl,8,737280,2000,0.145,200.0,-734.5704088755108,0.0,1000,0.044,200.0,-885.3379578135051,1000,0.043,200.0,-895.7982150396297,264,0.14393939393939395,200.0,-747.9524182752756,1000,0.009,200.0,-1005.681804056204,1000,0.011,200.0,-1011.7950390077857,12288,6164,384000000,728.9416608810425,ab16711
sfl,8,983040,2000,0.031,200.0,-812.4085513469264,0.0,1000,0.006,200.0,-913.1629773976327,1000,0.008,200.0,-910.9686631288282,264,0.03787878787878788,200.0,-810.6792355983289,1000,0.003,200.0,-1028.5359299253314,1000,0.004,200.0,-1037.8142134552106,12288,6164,384000000,728.9416608810425,ab16711
sfl,8,1228800,2000,0.227,200.0,-731.1993124220733,0.0,1000,0.024,200.0,-890.1167407464321,1000,0.019,200.0,-897.3282349932997,264,0.22727272727272727,200.0,-716.5618153699085,1000,0.01,200.0,-994.2904562161458,1000,0.007,200.0,-1000.8112693511454,12288,6164,384000000,728.9416608810425,ab16711
sfl,8,1474560,2000,0.4095,200.0,-605.7379082238427,0.0,1000,0.069,200.0,-895.5109503285195,1000,0.058,200.0,-908.748853435188,264,0.4356060606060606,200.0,-572.9479840393882,1000,0.007,200.0,-1038.4883237178155,1000,0.009,200.0,-1039.881348779311,12288,6164,384000000,728.9416608810425,ab16711
sfl,8,1720320,2000,0.5065,200.0,-586.0794755065255,0.0,1000,0.123,200.0,-911.7542482950394,1000,0.102,200.0,-932.1869279743698,264,0.5151515151515151,200.0,-551.1515860391744,1000,0.028,200.0,-1062.2062586656934,1000,0.033,200.0,-1066.5376368942027,12288,6164,384000000,728.9416608810425,ab16711
sfl,8,1966080,2000,0.6365,200.0,-478.12780578695856,0.075,1000,0.327,200.0,-740.2363009095351,1000,0.333,200.0,-738.4156171014588,264,0.6856060606060606,200.0,-429.5505999326376,1000,0.123,200.0,-990.5545664883687,1000,0.119,200.0,-994.1686758286323,12288,6164,384000000,728.9416608810425,ab16711
sfl,8,2211840,2000,0.704,200.0,-424.184194179393,0.095,1000,0.484,200.0,-650.3397056402025,1000,0.468,200.0,-661.9869442879253,264,0.7007575757575758,200.0,-410.34657743635955,1000,0.206,200.0,-946.0996971788553,1000,0.231,200.0,-932.7353697792755,12288,6164,384000000,728.9416608810425,ab16711
sfl,8,2457600,2000,0.54,200.0,-611.4858439449363,0.0,1000,0.207,200.0,-946.6035537661966,1000,0.199,200.0,-969.8166461790854,264,0.6060606060606061,200.0,-535.997610329893,1000,0.115,200.0,-1065.3908026759984,1000,0.115,200.0,-1063.5585816937028,12288,6164,384000000,728.9416608810425,ab16711
sfl_spread_carry,8,0,2000,0.0,200.0,-905.9047040544159,0.0,1000,0.0,200.0,-933.3427312372261,1000,0.0,200.0,-947.9721088477495,264,0.0,200.0,-935.189862378632,1000,0.0,200.0,-1062.2324316191468,1000,0.0,200.0,-1065.125720947363,12288,6061,384000000,630.3901288509369,ab16711
sfl_spread_carry,8,245760,2000,0.0,200.0,-1320.3474206107699,0.0,1000,0.0,200.0,-1148.824687838374,1000,0.0,200.0,-1150.1937371615766,264,0.0,200.0,-1304.8013887765658,1000,0.0,200.0,-1083.142648214485,1000,0.0,200.0,-1090.4116181814625,12288,6061,384000000,630.3901288509369,ab16711
sfl_spread_carry,8,491520,2000,0.0275,200.0,-837.1154930623611,0.0,1000,0.002,200.0,-986.1101077230369,1000,0.005,200.0,-984.2453968331171,264,0.015151515151515152,200.0,-816.3529661786862,1000,0.004,200.0,-1062.202575910293,1000,0.002,200.0,-1070.3733011993515,12288,6061,384000000,630.3901288509369,ab16711
sfl_spread_carry,8,737280,2000,0.2685,200.0,-729.8634691751482,0.0,1000,0.041,200.0,-951.9026476272221,1000,0.048,200.0,-946.2640147870976,264,0.2727272727272727,200.0,-725.8146410990155,1000,0.026,200.0,-1040.3417142993112,1000,0.025,200.0,-1045.4255371521388,12288,6061,384000000,630.3901288509369,ab16711
sfl_spread_carry,8,983040,2000,0.1365,200.0,-742.9204779776586,0.0,1000,0.022,200.0,-841.3014349430246,1000,0.013,200.0,-850.5551258278393,264,0.10984848484848485,200.0,-758.6395508237654,1000,0.004,200.0,-959.1547018678602,1000,0.002,200.0,-961.1832131923327,12288,6061,384000000,630.3901288509369,ab16711
sfl_spread_carry,8,1228800,2000,0.2405,200.0,-743.9940040827502,0.0,1000,0.024,200.0,-916.8226596631282,1000,0.016,200.0,-921.1926863765341,264,0.24242424242424243,200.0,-725.0877337143735,1000,0.003,200.0,-1023.9288759744386,1000,0.003,200.0,-1034.6921900326652,12288,6061,384000000,630.3901288509369,ab16711
sfl_spread_carry,8,1474560,2000,0.422,200.0,-607.6847193218283,0.0,1000,0.08,200.0,-891.4371726249274,1000,0.107,200.0,-870.5656309061058,264,0.4431818181818182,200.0,-581.8712151215527,1000,0.026,200.0,-1013.0979743101694,1000,0.019,200.0,-1027.3133779973575,12288,6061,384000000,630.3901288509369,ab16711
sfl_spread_carry,8,1720320,2000,0.564,200.0,-483.8402574744059,0.0,1000,0.168,200.0,-816.0412163434539,1000,0.16,200.0,-820.2416558430446,264,0.5416666666666666,200.0,-493.22693059678085,1000,0.033,200.0,-1028.2686221239353,1000,0.045,200.0,-1027.4299036225304,12288,6061,384000000,630.3901288509369,ab16711
sfl_spread_carry,8,1966080,2000,0.6055,200.0,-468.5726295791903,0.055,1000,0.23,200.0,-786.741835525276,1000,0.222,200.0,-801.1274011054779,264,0.625,200.0,-445.2618406405244,1000,0.076,200.0,-1008.1097912207763,1000,0.08,200.0,-1013.441243171986,12288,6061,384000000,630.3901288509369,ab16711
sfl_spread_carry,8,2211840,2000,0.6225,200.0,-475.304262689309,0.09,1000,0.228,200.0,-816.8444030521796,1000,0.251,200.0,-803.3911494037691,264,0.6287878787878788,200.0,-457.1003666766661,1000,0.078,200.0,-1022.429608339136,1000,0.075,200.0,-1029.6663848950832,12288,6061,384000000,630.3901288509369,ab16711
sfl_spread_carry,8,2457600,2000,0.7235,200.0,-389.0732649024507,0.145,1000,0.455,200.0,-656.4510094025945,1000,0.436,200.0,-671.4728667224009,264,0.7196969696969697,200.0,-376.2434264712425,1000,0.217,200.0,-929.5558026834735,1000,0.222,200.0,-925.7514208018822,12288,6061,384000000,630.3901288509369,ab16711
sfl_auto,7,0,2000,0.0,200.0,-1277.333829070123,0.0,1000,0.0,200.0,-1154.4587563230807,1000,0.0,200.0,-1155.6274975750632,264,0.0,200.0,-1291.8638912099873,1000,0.0,200.0,-1182.0816642012255,1000,0.0,200.0,-1188.3826628366955,12288,3905,576000000,905.2346229553223,ab16711
sfl_auto,7,245760,2000,0.0,200.0,-785.7713249128301,0.0,1000,0.001,200.0,-871.4939560616524,1000,0.0,200.0,-871.0242192622933,264,0.0,200.0,-803.8464613095101,1000,0.0,200.0,-981.8290457246923,1000,0.0,200.0,-991.9216763294579,12288,3905,576000000,905.2346229553223,ab16711
sfl_auto,7,491520,2000,0.136,200.0,-946.9273915964819,0.0,1000,0.019,200.0,-1094.528709512112,1000,0.023,200.0,-1093.326779311629,264,0.18181818181818182,200.0,-915.4561683247116,1000,0.011,200.0,-1145.2266088317629,1000,0.012,200.0,-1146.3642233085902,12288,3905,576000000,905.2346229553223,ab16711
sfl_auto,7,737280,2000,0.4655,200.0,-600.7610346096635,0.0,1000,0.126,200.0,-927.6329163430729,1000,0.135,200.0,-923.1983214411478,264,0.4583333333333333,200.0,-608.6063782548811,1000,0.101,200.0,-1010.6318057877996,1000,0.09,200.0,-1027.3374865283117,12288,3905,576000000,905.2346229553223,ab16711
sfl_auto,7,983040,2000,0.422,200.0,-576.0823957005405,0.0,1000,0.097,200.0,-863.6765628710735,1000,0.104,200.0,-858.1626099305458,264,0.4128787878787879,200.0,-579.171713450818,1000,0.029,200.0,-1002.2937176787718,1000,0.026,200.0,-1014.7182120561351,12288,3905,576000000,905.2346229553223,ab16711
sfl_auto,7,1228800,2000,0.4985,200.0,-571.796128317392,0.0,1000,0.137,200.0,-918.7857795413308,1000,0.157,200.0,-905.0257164618818,264,0.5340909090909091,200.0,-544.6674699354114,1000,0.102,200.0,-1009.9859585835721,1000,0.083,200.0,-1026.9558138537225,12288,3905,576000000,905.2346229553223,ab16711
sfl_auto,7,1474560,2000,0.533,200.0,-560.6407076663191,0.0,1000,0.175,200.0,-907.348301740068,1000,0.18,200.0,-900.3363684667372,264,0.5568181818181818,200.0,-537.5346654203771,1000,0.127,200.0,-1004.6096604790803,1000,0.122,200.0,-1017.8339146158772,12288,3905,576000000,905.2346229553223,ab16711
sfl_auto,7,1720320,2000,0.769,200.0,-306.6035193042315,0.19,1000,0.428,200.0,-577.1883265027834,1000,0.446,200.0,-572.0742467610784,264,0.7840909090909091,200.0,-295.0970407743892,1000,0.205,200.0,-820.4315361444385,1000,0.195,200.0,-831.3599243345386,12288,3905,576000000,905.2346229553223,ab16711
sfl_auto,7,1966080,2000,0.866,200.0,-260.00696452155177,0.395,1000,0.644,200.0,-476.0107939042772,1000,0.639,200.0,-484.077631174422,264,0.8484848484848485,200.0,-273.63206547082706,1000,0.332,200.0,-739.225141863188,1000,0.346,200.0,-737.7668788389337,12288,3905,576000000,905.2346229553223,ab16711
sfl_auto,7,2211840,2000,0.9,200.0,-229.90736341348668,0.45,1000,0.702,200.0,-439.33779513608766,1000,0.719,200.0,-433.1263017488566,264,0.8674242424242424,200.0,-246.03933383419383,1000,0.357,200.0,-716.1724131144125,1000,0.377,200.0,-710.5719318239652,12288,3905,576000000,905.2346229553223,ab16711
sfl_auto,7,2457600,2000,0.8605,200.0,-244.15446765219673,0.435,1000,0.632,200.0,-461.5825134241651,1000,0.622,200.0,-465.73256820845296,264,0.8484848484848485,200.0,-244.61514988070132,1000,0.271,200.0,-751.235765185858,1000,0.296,200.0,-751.6243286144922,12288,3905,576000000,905.2346229553223,ab16711
sfl_spread0,8,0,2000,0.0,200.0,-1465.9512384666318,0.0,1000,0.0,200.0,-1336.727110108126,1000,0.0,200.0,-1333.6319286091248,264,0.0,200.0,-1441.234405228288,1000,0.0,200.0,-1203.9303253924895,1000,0.0,200.0,-1219.6904694998032,12288,6128,384000000,560.8539199829102,ab16711
sfl_spread0,8,245760,2000,0.33,200.0,-773.1558496563331,0.0,1000,0.013,200.0,-1117.5861742424565,1000,0.015,200.0,-1113.8126504392728,264,0.32575757575757575,200.0,-767.2545051257449,1000,0.006,200.0,-1168.87938558439,1000,0.011,200.0,-1169.4135005026915,12288,6128,384000000,560.8539199829102,ab16711
sfl_spread0,8,491520,2000,0.337,200.0,-813.649530260763,0.0,1000,0.012,200.0,-1146.9407769576521,1000,0.018,200.0,-1140.9903794866254,264,0.3522727272727273,200.0,-798.0392922278088,1000,0.008,200.0,-1195.3185562699882,1000,0.009,200.0,-1200.3235296525647,12288,6128,384000000,560.8539199829102,ab16711
sfl_spread0,8,737280,2000,0.0405,200.0,-756.1877274803521,0.0,1000,0.005,200.0,-894.0787717793763,1000,0.004,200.0,-901.3270047119255,264,0.03409090909090909,200.0,-747.6826075184259,1000,0.001,200.0,-1019.1369861057428,1000,0.0,200.0,-1022.5125909442884,12288,6128,384000000,560.8539199829102,ab16711
sfl_spread0,8,983040,2000,0.3125,200.0,-767.9066308720094,0.0,1000,0.034,200.0,-1034.0890239579364,1000,0.039,200.0,-1029.569394550725,264,0.3143939393939394,200.0,-763.9815594594508,1000,0.028,200.0,-1102.1292290502483,1000,0.027,200.0,-1106.288157840236,12288,6128,384000000,560.8539199829102,ab16711
sfl_spread0,8,1228800,2000,0.551,200.0,-459.56915894685454,0.0,1000,0.206,200.0,-725.5605836388933,1000,0.192,200.0,-740.2543998424796,264,0.5757575757575758,200.0,-447.9270888454049,1000,0.064,200.0,-948.7053375810497,1000,0.054,200.0,-951.7832686644045,12288,6128,384000000,560.8539199829102,ab16711
sfl_spread0,8,1474560,2000,0.6355,200.0,-413.76942178002616,0.09,1000,0.263,200.0,-720.2275010822149,1000,0.276,200.0,-717.110044685104,264,0.625,200.0,-414.32886887578536,1000,0.112,200.0,-948.3557391097123,1000,0.111,200.0,-946.4505858902105,12288,6128,384000000,560.8539199829102,ab16711
sfl_spread0,8,1720320,2000,0.746,200.0,-345.16070817030425,0.185,1000,0.414,200.0,-618.6529799073033,1000,0.398,200.0,-629.5659864462956,264,0.7386363636363636,200.0,-343.4367314627804,1000,0.173,200.0,-889.4566004934992,1000,0.183,200.0,-889.7874038529988,12288,6128,384000000,560.8539199829102,ab16711
sfl_spread0,8,1966080,2000,0.8575,200.0,-264.0853943320611,0.385,1000,0.649,200.0,-474.9622086916061,1000,0.641,200.0,-482.9609810954861,264,0.8257575757575758,200.0,-284.29533589059713,1000,0.285,200.0,-803.195505153002,1000,0.278,200.0,-807.202986523204,12288,6128,384000000,560.8539199829102,ab16711
sfl_spread0,8,2211840,2000,0.7815,200.0,-312.88115323564364,0.345,1000,0.544,200.0,-550.2256073456341,1000,0.521,200.0,-583.4173732416763,264,0.7954545454545454,200.0,-308.09223215002265,1000,0.28,200.0,-796.5350741481465,1000,0.29,200.0,-798.3028827674151,12288,6128,384000000,560.8539199829102,ab16711
sfl_spread0,8,2457600,2000,0.806,200.0,-297.1891459911619,0.34,1000,0.552,200.0,-529.3925814211526,1000,0.581,200.0,-520.0432509254526,264,0.821969696969697,200.0,-288.17043771376683,1000,0.3,200.0,-783.6741521915409,1000,0.271,200.0,-795.5969042302734,12288,6128,384000000,560.8539199829102,ab16711
sfl_spread_verify,8,0,2000,0.0,200.0,-1247.599272808709,0.0,1000,0.0,200.0,-1134.5950901248395,1000,0.0,200.0,-1134.3475339710644,264,0.0,200.0,-1245.9020130135168,1000,0.0,200.0,-1172.7683611072632,1000,0.0,200.0,-1186.279401430687,12288,6171,614400000,730.5770618915558,ab16711
sfl_spread_verify,8,245760,2000,0.2525,200.0,-757.3507180400088,0.0,1000,0.016,200.0,-1020.7013292698732,1000,0.02,200.0,-1023.891449668263,264,0.26515151515151514,200.0,-766.5175930384589,1000,0.007,200.0,-1091.23886124419,1000,0.006,200.0,-1098.865642705913,12288,6171,614400000,730.5770618915558,ab16711
sfl_spread_verify,8,491520,2000,0.046,200.0,-884.1234536535959,0.0,1000,0.0,200.0,-1035.6903065961196,1000,0.0,200.0,-1036.728879627671,264,0.03787878787878788,200.0,-871.7936565619206,1000,0.002,200.0,-1105.5520644276403,1000,0.0,200.0,-1113.1150025752186,12288,6171,614400000,730.5770618915558,ab16711
sfl_spread_verify,8,737280,2000,0.034,200.0,-966.257402801817,0.0,1000,0.01,200.0,-913.8971518079467,1000,0.016,200.0,-927.299651819083,264,0.03409090909090909,200.0,-971.8149900222422,1000,0.008,200.0,-1008.1290887376498,1000,0.003,200.0,-1017.0071375740912,12288,6171,614400000,730.5770618915558,ab16711
sfl_spread_verify,8,983040,2000,0.0005,200.0,-952.4238460581547,0.0,1000,0.002,200.0,-908.1399657713868,1000,0.004,200.0,-913.9570577445119,264,0.0,200.0,-965.0726562212109,1000,0.0,200.0,-995.6562351386783,1000,0.001,200.0,-1004.3602578590665,12288,6171,614400000,730.5770618915558,ab16711
sfl_spread_verify,8,1228800,2000,0.3795,200.0,-572.0230142551949,0.0,1000,0.066,200.0,-852.1521376573071,1000,0.077,200.0,-848.7036530698551,264,0.3939393939393939,200.0,-574.974317074609,1000,0.024,200.0,-995.7340006172939,1000,0.024,200.0,-997.9230913217829,12288,6171,614400000,730.5770618915558,ab16711
sfl_spread_verify,8,1474560,2000,0.5875,200.0,-447.78995089046055,0.0,1000,0.259,200.0,-731.0473268565643,1000,0.267,200.0,-727.4080524892166,264,0.5946969696969697,200.0,-442.1476304186264,1000,0.116,200.0,-927.5916023267673,1000,0.128,200.0,-928.6992223670259,12288,6171,614400000,730.5770618915558,ab16711
sfl_spread_verify,8,1720320,2000,0.748,200.0,-333.1105516530348,0.185,1000,0.37,200.0,-633.6556914439185,1000,0.353,200.0,-643.6852689299442,264,0.75,200.0,-328.14312869063855,1000,0.073,200.0,-943.5302573827587,1000,0.105,200.0,-924.5259192938586,12288,6171,614400000,730.5770618915558,ab16711
sfl_spread_verify,8,1966080,2000,0.79,200.0,-306.7361959118416,0.305,1000,0.518,200.0,-569.575861150516,1000,0.51,200.0,-565.2657449386129,264,0.7916666666666666,200.0,-290.8628323067999,1000,0.173,200.0,-877.9074423323488,1000,0.205,200.0,-861.0036891285121,12288,6171,614400000,730.5770618915558,ab16711
sfl_spread_verify,8,2211840,2000,0.6545,200.0,-432.9325063430581,0.19,1000,0.35,200.0,-710.1300558086988,1000,0.367,200.0,-699.9694939106577,264,0.7272727272727273,200.0,-379.2395352072953,1000,0.177,200.0,-890.627123269391,1000,0.187,200.0,-886.4583951663848,12288,6171,614400000,730.5770618915558,ab16711
sfl_spread_verify,8,2457600,2000,0.7465,200.0,-337.38216349187365,0.195,1000,0.453,200.0,-616.8147012607551,1000,0.482,200.0,-612.9505319088458,264,0.7992424242424242,200.0,-306.43582668141124,1000,0.245,200.0,-832.656844603282,1000,0.228,200.0,-835.7863286880643,12288,6171,614400000,730.5770618915558,ab16711
sfl_auto,8,0,2000,0.0,200.0,-1472.0740858056454,0.0,1000,0.0,200.0,-1450.4995648490758,1000,0.0,200.0,-1444.539986643402,264,0.0,200.0,-1448.8987932832767,1000,0.0,200.0,-1458.8761265641813,1000,0.0,200.0,-1466.217968291533,12288,4890,576000000,629.5764937400818,ab16711
sfl_auto,8,245760,2000,0.0,200.0,-1193.8640353478934,0.0,1000,0.0,200.0,-1125.8917609598068,1000,0.0,200.0,-1129.303010090894,264,0.0,200.0,-1154.426217551703,1000,0.0,200.0,-1050.4660466868636,1000,0.0,200.0,-1047.540888328516,12288,4890,576000000,629.5764937400818,ab16711
sfl_auto,8,491520,2000,0.1915,200.0,-802.8936676548769,0.0,1000,0.047,200.0,-950.5659315508879,1000,0.053,200.0,-963.798056414976,264,0.22727272727272727,200.0,-782.5373364080476,1000,0.027,200.0,-998.047164658711,1000,0.024,200.0,-1009.3550828039481,12288,4890,576000000,629.5764937400818,ab16711
sfl_auto,8,737280,2000,0.333,200.0,-690.932821095236,0.0,1000,0.073,200.0,-909.1253935738396,1000,0.1,200.0,-893.8083567180298,264,0.3712121212121212,200.0,-635.6150939757687,1000,0.054,200.0,-923.449224311308,1000,0.055,200.0,-915.7871030510166,12288,4890,576000000,629.5764937400818,ab16711
sfl_auto,8,983040,2000,0.0,200.0,-920.4854848295299,0.0,1000,0.0,200.0,-915.8802507488596,1000,0.0,200.0,-923.4502453565681,264,0.0,200.0,-919.537060539839,1000,0.0,200.0,-1007.8911514290533,1000,0.0,200.0,-1010.1643158978974,12288,4890,576000000,629.5764937400818,ab16711
sfl_auto,8,1228800,2000,0.0,200.0,-1051.5158180006836,0.0,1000,0.0,200.0,-945.926192112601,1000,0.0,200.0,-949.916686842631,264,0.0,200.0,-1033.5963103870984,1000,0.0,200.0,-1004.5816320412413,1000,0.0,200.0,-1009.8350034610103,12288,4890,576000000,629.5764937400818,ab16711
sfl_auto,8,1474560,2000,0.0,200.0,-968.9492670647858,0.0,1000,0.0,200.0,-911.4245459015164,1000,0.0,200.0,-915.8364633399841,264,0.0,200.0,-958.714109588071,1000,0.0,200.0,-973.5910518037823,1000,0.0,200.0,-979.5446462902999,12288,4890,576000000,629.5764937400818,ab16711
sfl_auto,8,1720320,2000,0.5175,200.0,-481.60487615801134,0.0,1000,0.19,200.0,-758.557564027721,1000,0.218,200.0,-746.067428681774,264,0.5227272727272727,200.0,-480.7537563235751,1000,0.076,200.0,-956.7524465039439,1000,0.087,200.0,-951.8952385226356,12288,4890,576000000,629.5764937400818,ab16711
sfl_auto,8,1966080,2000,0.3745,200.0,-833.1207531087845,0.0,1000,0.012,200.0,-1220.61845461221,1000,0.02,200.0,-1207.1800345197994,264,0.3977272727272727,200.0,-805.7416435379108,1000,0.009,200.0,-1265.8903303939753,1000,0.009,200.0,-1273.234012601273,12288,4890,576000000,629.5764937400818,ab16711
sfl_auto,8,2211840,2000,0.577,200.0,-507.6447869549419,0.0,1000,0.253,200.0,-785.3919633315496,1000,0.24,200.0,-800.658121712188,264,0.5643939393939394,200.0,-502.4124847505592,1000,0.095,200.0,-1010.6745876757909,1000,0.107,200.0,-1005.9284773111947,12288,4890,576000000,629.5764937400818,ab16711
sfl_auto,8,2457600,2000,0.6105,200.0,-506.28865172645214,0.035,1000,0.311,200.0,-773.7945385516796,1000,0.294,200.0,-797.6223045389096,264,0.6136363636363636,200.0,-481.6920689994348,1000,0.12,200.0,-1013.8781417850442,1000,0.118,200.0,-1015.6823428532485,12288,4890,576000000,629.5764937400818,ab16711
