config,seed,step,random/n,random/success,random/mean_steps,verifai/n,verifai/success,verifai/mean_steps,episodes,replays,wall_time_sec
DR,1,0,298,0.3523489932885906,145.66107382550337,2000,0.0,200.0,1560,0,210.0862500667572
DR,1,30720,298,0.0,200.0,2000,0.0,200.0,1560,0,210.0862500667572
DR,1,61440,298,0.1342281879194631,182.64093959731542,2000,0.0,200.0,1560,0,210.0862500667572
DR,1,92160,298,0.5805369127516778,105.06375838926175,2000,0.0,200.0,1560,0,210.0862500667572
DR,1,122880,298,0.5,117.0503355704698,2000,0.0,200.0,1560,0,210.0862500667572
DR,1,153600,298,0.6442953020134228,94.17114093959732,2000,0.0,200.0,1560,0,210.0862500667572
DR,1,184320,298,0.5939597315436241,101.51006711409396,2000,0.0,200.0,1560,0,210.0862500667572
DR,1,215040,298,0.0,200.0,2000,0.0,200.0,1560,0,210.0862500667572
DR,1,245760,298,0.6241610738255033,97.48657718120805,2000,0.0,200.0,1560,0,210.0862500667572
DR,1,276480,298,0.6711409395973155,90.48657718120805,2000,0.0,200.0,1560,0,210.0862500667572
DR,1,307200,298,0.6711409395973155,90.48657718120805,2000,0.0,200.0,1560,0,210.0862500667572
paper,1,0,298,0.0,200.0,2000,0.0,200.0,3135,1493,210.20597505569458
paper,1,30720,298,0.0,200.0,2000,0.0,200.0,3135,1493,210.20597505569458
paper,1,61440,298,0.40268456375838924,133.5738255033557,2000,0.0,200.0,3135,1493,210.20597505569458
paper,1,92160,298,0.2348993288590604,161.45637583892616,2000,0.0,200.0,3135,1493,210.20597505569458
paper,1,122880,298,0.13758389261744966,178.55369127516778,2000,0.0,200.0,3135,1493,210.20597505569458
paper,1,153600,298,0.6711409395973155,90.48657718120805,2000,0.0,200.0,3135,1493,210.20597505569458
paper,1,184320,298,0.6711409395973155,90.48657718120805,2000,0.0,200.0,3135,1493,210.20597505569458
paper,1,215040,298,0.6711409395973155,90.48657718120805,2000,0.0,200.0,3135,1493,210.20597505569458
paper,1,245760,298,0.6711409395973155,90.48657718120805,2000,0.0,200.0,3135,1493,210.20597505569458
paper,1,276480,298,0.6711409395973155,90.48657718120805,2000,0.0,200.0,3135,1493,210.20597505569458
paper,1,307200,298,0.6711409395973155,90.48657718120805,2000,0.0,200.0,3135,1493,210.20597505569458
paper_l1,1,0,298,0.0,200.0,2000,0.0,200.0,2770,1364,210.21985006332397
paper_l1,1,30720,298,0.1342281879194631,180.65436241610738,2000,0.0,200.0,2770,1364,210.21985006332397
paper_l1,1,61440,298,0.2516778523489933,162.3020134228188,2000,0.0,200.0,2770,1364,210.21985006332397
paper_l1,1,92160,298,0.48322147651006714,120.96308724832215,2000,0.0,200.0,2770,1364,210.21985006332397
paper_l1,1,122880,298,0.37583892617449666,139.33557046979865,2000,0.0,200.0,2770,1364,210.21985006332397
paper_l1,1,153600,298,0.5536912751677853,109.07718120805369,2000,0.0,200.0,2770,1364,210.21985006332397
paper_l1,1,184320,298,0.6711409395973155,90.48657718120805,2000,0.0,200.0,2770,1364,210.21985006332397
paper_l1,1,215040,298,0.6711409395973155,90.48657718120805,2000,0.0,200.0,2770,1364,210.21985006332397
paper_l1,1,245760,298,0.6711409395973155,90.48657718120805,2000,0.0,200.0,2770,1364,210.21985006332397
paper_l1,1,276480,298,0.6711409395973155,90.48657718120805,2000,0.0,200.0,2770,1364,210.21985006332397
paper_l1,1,307200,298,0.6711409395973155,90.48657718120805,2000,0.0,200.0,2770,1364,210.21985006332397
paper_p02,1,0,298,0.0,200.0,2000,0.0,200.0,2679,547,210.18633222579956
paper_p02,1,30720,298,0.4664429530201342,124.47315436241611,2000,0.0,200.0,2679,547,210.18633222579956
paper_p02,1,61440,298,0.06375838926174497,191.68120805369128,2000,0.0,200.0,2679,547,210.18633222579956
paper_p02,1,92160,298,0.0,200.0,2000,0.0,200.0,2679,547,210.18633222579956
paper_p02,1,122880,298,0.04697986577181208,193.06040268456377,2000,0.0,200.0,2679,547,210.18633222579956
paper_p02,1,153600,298,0.5201342281879194,115.98322147651007,2000,0.0,200.0,2679,547,210.18633222579956
paper_p02,1,184320,298,0.6711409395973155,90.48657718120805,2000,0.0,200.0,2679,547,210.18633222579956
paper_p02,1,215040,298,0.6711409395973155,90.48657718120805,2000,0.0,200.0,2679,547,210.18633222579956
paper_p02,1,245760,298,0.6711409395973155,90.48657718120805,2000,0.0,200.0,2679,547,210.18633222579956
paper_p02,1,276480,298,0.6711409395973155,90.48657718120805,2000,0.0,200.0,2679,547,210.18633222579956
paper_p02,1,307200,298,0.6711409395973155,90.48657718120805,2000,0.0,200.0,2679,547,210.18633222579956
sipacl,1,0,298,0.010067114093959731,198.43624161073825,2000,0.0,200.0,3622,1796,210.27938628196716
sipacl,1,30720,298,0.27181208053691275,157.00335570469798,2000,0.0,200.0,3622,1796,210.27938628196716
sipacl,1,61440,298,0.6711409395973155,90.61744966442953,2000,0.0,200.0,3622,1796,210.27938628196716
sipacl,1,92160,298,0.6711409395973155,90.48657718120805,2000,0.0,200.0,3622,1796,210.27938628196716
sipacl,1,122880,298,0.6711409395973155,90.48657718120805,2000,0.0,200.0,3622,1796,210.27938628196716
sipacl,1,153600,298,0.6711409395973155,90.48657718120805,2000,0.0,200.0,3622,1796,210.27938628196716
sipacl,1,184320,298,0.6711409395973155,90.48657718120805,2000,0.0,200.0,3622,1796,210.27938628196716
sipacl,1,215040,298,0.6711409395973155,90.48657718120805,2000,0.0,200.0,3622,1796,210.27938628196716
sipacl,1,245760,298,0.6711409395973155,90.48657718120805,2000,0.0,200.0,3622,1796,210.27938628196716
sipacl,1,276480,298,0.6711409395973155,90.48657718120805,2000,0.0,200.0,3622,1796,210.27938628196716
sipacl,1,307200,298,0.6711409395973155,90.48657718120805,2000,0.0,200.0,3622,1796,210.27938628196716
DR,2,0,298,0.0,200.0,2000,0.0,200.0,2777,0,222.68905401229858
DR,2,30720,298,0.5469798657718121,110.30536912751678,2000,0.0,200.0,2777,0,222.68905401229858
DR,2,61440,298,0.5906040268456376,102.0,2000,0.0,200.0,2777,0,222.68905401229858
DR,2,92160,298,0.5906040268456376,101.99328859060402,2000,0.0,200.0,2777,0,222.68905401229858
DR,2,122880,298,0.6711409395973155,90.48657718120805,2000,0.0,200.0,2777,0,222.68905401229858
DR,2,153600,298,0.6711409395973155,90.48657718120805,2000,0.0,200.0,2777,0,222.68905401229858
DR,2,184320,298,0.6711409395973155,90.48657718120805,2000,0.0,200.0,2777,0,222.68905401229858
DR,2,215040,298,0.6711409395973155,90.48657718120805,2000,0.0,200.0,2777,0,222.68905401229858
DR,2,245760,298,0.6711409395973155,90.48657718120805,2000,0.0,200.0,2777,0,222.68905401229858
DR,2,276480,298,0.6711409395973155,90.48657718120805,2000,0.0,200.0,2777,0,222.68905401229858
DR,2,307200,298,0.6711409395973155,90.48657718120805,2000,0.0,200.0,2777,0,222.68905401229858
paper,2,0,298,0.0,200.0,2000,0.0,200.0,1550,723,222.6698558330536
paper,2,30720,298,0.040268456375838924,194.2751677852349,2000,0.0,200.0,1550,723,222.6698558330536
paper,2,61440,298,0.0,200.0,2000,0.0,200.0,1550,723,222.6698558330536
paper,2,92160,298,0.4463087248322148,140.90268456375838,2000,0.0,200.0,1550,723,222.6698558330536
paper,2,122880,298,0.0,200.0,2000,0.0,200.0,1550,723,222.6698558330536
paper,2,153600,298,0.0,200.0,2000,0.0,200.0,1550,723,222.6698558330536
paper,2,184320,298,0.0,200.0,2000,0.0,200.0,1550,723,222.6698558330536
paper,2,215040,298,0.020134228187919462,196.6778523489933,2000,0.0,200.0,1550,723,222.6698558330536
paper,2,245760,298,0.6342281879194631,95.63758389261746,2000,0.0,200.0,1550,723,222.6698558330536
paper,2,276480,298,0.6711409395973155,90.48657718120805,2000,0.0,200.0,1550,723,222.6698558330536
paper,2,307200,298,0.6711409395973155,90.48657718120805,2000,0.0,200.0,1550,723,222.6698558330536
sipacl,2,0,298,0.0,200.0,2000,0.0,200.0,3642,1801,222.51231503486633
sipacl,2,30720,298,0.35906040268456374,155.43959731543623,2000,0.0,200.0,3642,1801,222.51231503486633
sipacl,2,61440,298,0.0,200.0,2000,0.0,200.0,3642,1801,222.51231503486633
sipacl,2,92160,298,0.6711409395973155,90.48657718120805,2000,0.0,200.0,3642,1801,222.51231503486633
sipacl,2,122880,298,0.6711409395973155,90.48657718120805,2000,0.0,200.0,3642,1801,222.51231503486633
sipacl,2,153600,298,0.6711409395973155,90.48657718120805,2000,0.0,200.0,3642,1801,222.51231503486633
sipacl,2,184320,298,0.6711409395973155,90.48657718120805,2000,0.0,200.0,3642,1801,222.51231503486633
sipacl,2,215040,298,0.6711409395973155,90.48657718120805,2000,0.0,200.0,3642,1801,222.51231503486633
sipacl,2,245760,298,0.6711409395973155,90.48657718120805,2000,0.0,200.0,3642,1801,222.51231503486633
sipacl,2,276480,298,0.6711409395973155,90.48657718120805,2000,0.0,200.0,3642,1801,222.51231503486633
sipacl,2,307200,298,0.6711409395973155,90.48657718120805,2000,0.0,200.0,3642,1801,222.51231503486633
paper_p02,2,0,298,0.0,200.0,2000,0.0,200.0,2211,400,437.5049932003021
paper_p02,2,30720,298,0.2348993288590604,165.8489932885906,2000,0.0,200.0,2211,400,437.5049932003021
paper_p02,2,61440,298,0.3724832214765101,144.26174496644296,2000,0.0,200.0,2211,400,437.5049932003021
paper_p02,2,92160,298,0.0,200.0,2000,0.0,200.0,2211,400,437.5049932003021
paper_p02,2,122880,298,0.0,200.0,2000,0.0,200.0,2211,400,437.5049932003021
paper_p02,2,153600,298,0.6543624161073825,96.01677852348993,2000,0.0,200.0,2211,400,437.5049932003021
paper_p02,2,184320,298,0.6711409395973155,90.48657718120805,2000,0.0,200.0,2211,400,437.5049932003021
paper_p02,2,215040,298,0.6711409395973155,90.48657718120805,2000,0.0,200.0,2211,400,437.5049932003021
paper_p02,2,245760,298,0.6711409395973155,90.48657718120805,2000,0.0,200.0,2211,400,437.5049932003021
paper_p02,2,276480,298,0.6711409395973155,90.48657718120805,2000,0.0,200.0,2211,400,437.5049932003021
paper_p02,2,307200,298,0.6711409395973155,90.48657718120805,2000,0.0,200.0,2211,400,437.5049932003021
paper_l1,2,0,298,0.0,200.0,2000,0.0,200.0,3162,1510,437.7731041908264
paper_l1,2,30720,298,0.2181208053691275,171.60402684563758,2000,0.0,200.0,3162,1510,437.7731041908264
paper_l1,2,61440,298,0.6208053691275168,97.47651006711409,2000,0.0,200.0,3162,1510,437.7731041908264
paper_l1,2,92160,298,0.5939597315436241,101.41946308724832,2000,0.0,200.0,3162,1510,437.7731041908264
paper_l1,2,122880,298,0.6711409395973155,90.48657718120805,2000,0.0,200.0,3162,1510,437.7731041908264
paper_l1,2,153600,298,0.6711409395973155,90.48657718120805,2000,0.0,200.0,3162,1510,437.7731041908264
paper_l1,2,184320,298,0.6711409395973155,90.48657718120805,2000,0.0,200.0,3162,1510,437.7731041908264
paper_l1,2,215040,298,0.6711409395973155,90.48657718120805,2000,0.0,200.0,3162,1510,437.7731041908264
paper_l1,2,245760,298,0.6711409395973155,90.48657718120805,2000,0.0,200.0,3162,1510,437.7731041908264
paper_l1,2,276480,298,0.6711409395973155,90.48657718120805,2000,0.0,200.0,3162,1510,437.7731041908264
paper_l1,2,307200,298,0.6711409395973155,90.48657718120805,2000,0.0,200.0,3162,1510,437.7731041908264
sfl,1,0,298,0.0,200.0,2000,0.0,200.0,2062,1038,1118.2463808059692
sfl,1,30720,298,0.6140939597315436,98.55704697986577,2000,0.0,200.0,2062,1038,1118.2463808059692
sfl,1,61440,298,0.6711409395973155,90.48657718120805,2000,0.0,200.0,2062,1038,1118.2463808059692
sfl,1,92160,298,0.6711409395973155,90.48657718120805,2000,0.0,200.0,2062,1038,1118.2463808059692
sfl,1,122880,298,0.6711409395973155,90.48657718120805,2000,0.0,200.0,2062,1038,1118.2463808059692
sfl,1,153600,298,0.12080536912751678,180.70469798657717,2000,0.0,200.0,2062,1038,1118.2463808059692
sfl,1,184320,298,0.6711409395973155,90.48657718120805,2000,0.0,200.0,2062,1038,1118.2463808059692
sfl,1,215040,298,0.6711409395973155,90.48657718120805,2000,0.0,200.0,2062,1038,1118.2463808059692
sfl,1,245760,298,0.6711409395973155,90.48657718120805,2000,0.0,200.0,2062,1038,1118.2463808059692
sfl,1,276480,298,0.6711409395973155,90.48657718120805,2000,0.0,200.0,2062,1038,1118.2463808059692
sfl,1,307200,298,0.6711409395973155,90.48657718120805,2000,0.0,200.0,2062,1038,1118.2463808059692
sfl_p09,1,0,298,0.05704697986577181,194.38255033557047,2000,0.013,199.1225,2291,2049,1091.231106042862
sfl_p09,1,30720,298,0.5536912751677853,109.19798657718121,2000,0.0,200.0,2291,2049,1091.231106042862
sfl_p09,1,61440,298,0.6711409395973155,90.48657718120805,2000,0.0,200.0,2291,2049,1091.231106042862
sfl_p09,1,92160,298,0.6711409395973155,90.48657718120805,2000,0.0,200.0,2291,2049,1091.231106042862
sfl_p09,1,122880,298,0.6711409395973155,90.48657718120805,2000,0.0,200.0,2291,2049,1091.231106042862
sfl_p09,1,153600,298,0.6711409395973155,90.48657718120805,2000,0.0,200.0,2291,2049,1091.231106042862
sfl_p09,1,184320,298,0.6711409395973155,90.48657718120805,2000,0.0,200.0,2291,2049,1091.231106042862
sfl_p09,1,215040,298,0.6711409395973155,90.48657718120805,2000,0.0,200.0,2291,2049,1091.231106042862
sfl_p09,1,245760,298,0.6711409395973155,90.48657718120805,2000,0.0,200.0,2291,2049,1091.231106042862
sfl_p09,1,276480,298,0.6711409395973155,90.48657718120805,2000,0.0,200.0,2291,2049,1091.231106042862
sfl_p09,1,307200,298,0.6711409395973155,90.48657718120805,2000,0.0,200.0,2291,2049,1091.231106042862
sfl_top20,1,0,298,0.0,200.0,2000,0.0,200.0,2494,1270,1091.244502067566
sfl_top20,1,30720,298,0.4865771812080537,119.70805369127517,2000,0.0,200.0,2494,1270,1091.244502067566
sfl_top20,1,61440,298,0.5100671140939598,116.54362416107382,2000,0.0,200.0,2494,1270,1091.244502067566
sfl_top20,1,92160,298,0.6711409395973155,90.48657718120805,2000,0.0,200.0,2494,1270,1091.244502067566
sfl_top20,1,122880,298,0.6711409395973155,90.48657718120805,2000,0.0,200.0,2494,1270,1091.244502067566
sfl_top20,1,153600,298,0.6711409395973155,90.48657718120805,2000,0.0,200.0,2494,1270,1091.244502067566
sfl_top20,1,184320,298,0.6711409395973155,90.48657718120805,2000,0.0,200.0,2494,1270,1091.244502067566
sfl_top20,1,215040,298,0.6711409395973155,90.48657718120805,2000,0.0,200.0,2494,1270,1091.244502067566
sfl_top20,1,245760,298,0.6711409395973155,90.48657718120805,2000,0.0,200.0,2494,1270,1091.244502067566
sfl_top20,1,276480,298,0.6711409395973155,90.48657718120805,2000,0.0,200.0,2494,1270,1091.244502067566
sfl_top20,1,307200,298,0.6711409395973155,90.48657718120805,2000,0.0,200.0,2494,1270,1091.244502067566
DR,3,0,298,0.35570469798657717,146.61073825503357,2000,0.0,200.0,2667,0,183.1138310432434
DR,3,30720,298,0.29194630872483224,152.5234899328859,2000,0.0,200.0,2667,0,183.1138310432434
DR,3,61440,298,0.37919463087248323,139.26510067114094,2000,0.0,200.0,2667,0,183.1138310432434
DR,3,92160,298,0.6543624161073825,92.75167785234899,2000,0.0,200.0,2667,0,183.1138310432434
DR,3,122880,298,0.6711409395973155,90.48657718120805,2000,0.0,200.0,2667,0,183.1138310432434
DR,3,153600,298,0.6711409395973155,90.48657718120805,2000,0.0,200.0,2667,0,183.1138310432434
DR,3,184320,298,0.6711409395973155,90.48657718120805,2000,0.0,200.0,2667,0,183.1138310432434
DR,3,215040,298,0.6711409395973155,90.48657718120805,2000,0.0,200.0,2667,0,183.1138310432434
DR,3,245760,298,0.6711409395973155,90.48657718120805,2000,0.0,200.0,2667,0,183.1138310432434
DR,3,276480,298,0.6711409395973155,90.48657718120805,2000,0.0,200.0,2667,0,183.1138310432434
DR,3,307200,298,0.6711409395973155,90.48657718120805,2000,0.0,200.0,2667,0,183.1138310432434
sipacl,3,0,298,0.6442953020134228,121.83557046979865,2000,0.0225,199.525,3287,1634,375.03334403038025
sipacl,3,30720,298,0.03691275167785235,194.6006711409396,2000,0.0,200.0,3287,1634,375.03334403038025
sipacl,3,61440,298,0.6442953020134228,93.88255033557047,2000,0.0,200.0,3287,1634,375.03334403038025
sipacl,3,92160,298,0.6711409395973155,90.48657718120805,2000,0.0,200.0,3287,1634,375.03334403038025
sipacl,3,122880,298,0.6711409395973155,90.48657718120805,2000,0.0,200.0,3287,1634,375.03334403038025
sipacl,3,153600,298,0.6711409395973155,90.48657718120805,2000,0.0,200.0,3287,1634,375.03334403038025
sipacl,3,184320,298,0.6711409395973155,90.48657718120805,2000,0.0,200.0,3287,1634,375.03334403038025
sipacl,3,215040,298,0.6711409395973155,90.48657718120805,2000,0.0,200.0,3287,1634,375.03334403038025
sipacl,3,245760,298,0.6711409395973155,90.48657718120805,2000,0.0,200.0,3287,1634,375.03334403038025
sipacl,3,276480,298,0.6711409395973155,90.48657718120805,2000,0.0,200.0,3287,1634,375.03334403038025
sipacl,3,307200,298,0.6711409395973155,90.48657718120805,2000,0.0,200.0,3287,1634,375.03334403038025
sfl,2,0,298,0.0,200.0,2000,0.0,200.0,2543,1227,1243.3511822223663
sfl,2,30720,298,0.33557046979865773,144.2013422818792,2000,0.0,200.0,2543,1227,1243.3511822223663
sfl,2,61440,298,0.6711409395973155,90.48657718120805,2000,0.0,200.0,2543,1227,1243.3511822223663
sfl,2,92160,298,0.6711409395973155,90.48657718120805,2000,0.0,200.0,2543,1227,1243.3511822223663
sfl,2,122880,298,0.6711409395973155,90.48657718120805,2000,0.0,200.0,2543,1227,1243.3511822223663
sfl,2,153600,298,0.6711409395973155,90.48657718120805,2000,0.0,200.0,2543,1227,1243.3511822223663
sfl,2,184320,298,0.6711409395973155,90.48657718120805,2000,0.0,200.0,2543,1227,1243.3511822223663
sfl,2,215040,298,0.6711409395973155,90.48657718120805,2000,0.0,200.0,2543,1227,1243.3511822223663
sfl,2,245760,298,0.6711409395973155,90.48657718120805,2000,0.0,200.0,2543,1227,1243.3511822223663
sfl,2,276480,298,0.6711409395973155,90.48657718120805,2000,0.0,200.0,2543,1227,1243.3511822223663
sfl,2,307200,298,0.6711409395973155,90.48657718120805,2000,0.0,200.0,2543,1227,1243.3511822223663
paper,3,0,298,0.0,200.0,2000,0.0,200.0,4197,2066,375.11179184913635
paper,3,30720,298,0.1476510067114094,175.78523489932886,2000,0.0,200.0,4197,2066,375.11179184913635
paper,3,61440,298,0.6543624161073825,92.92953020134229,2000,0.0,200.0,4197,2066,375.11179184913635
paper,3,92160,298,0.6711409395973155,90.48657718120805,2000,0.0,200.0,4197,2066,375.11179184913635
paper,3,122880,298,0.6711409395973155,90.48657718120805,2000,0.0,200.0,4197,2066,375.11179184913635
paper,3,153600,298,0.6711409395973155,90.48657718120805,2000,0.0,200.0,4197,2066,375.11179184913635
paper,3,184320,298,0.6711409395973155,90.48657718120805,2000,0.0,200.0,4197,2066,375.11179184913635
paper,3,215040,298,0.6711409395973155,90.48657718120805,2000,0.0,200.0,4197,2066,375.11179184913635
paper,3,245760,298,0.6711409395973155,90.48657718120805,2000,0.0,200.0,4197,2066,375.11179184913635
paper,3,276480,298,0.6711409395973155,90.48657718120805,2000,0.0,200.0,4197,2066,375.11179184913635
paper,3,307200,298,0.6711409395973155,90.48657718120805,2000,0.0,200.0,4197,2066,375.11179184913635
paper_l1,3,0,298,0.7818791946308725,94.22818791946308,2000,0.157,185.964,3208,1587,374.7644889354706
paper_l1,3,30720,298,0.2751677852348993,157.5503355704698,2000,0.0,200.0,3208,1587,374.7644889354706
paper_l1,3,61440,298,0.27181208053691275,160.40268456375838,2000,0.0,200.0,3208,1587,374.7644889354706
paper_l1,3,92160,298,0.6241610738255033,97.75503355704699,2000,0.0,200.0,3208,1587,374.7644889354706
paper_l1,3,122880,298,0.6711409395973155,90.48657718120805,2000,0.0,200.0,3208,1587,374.7644889354706
paper_l1,3,153600,298,0.6711409395973155,90.48657718120805,2000,0.0,200.0,3208,1587,374.7644889354706
paper_l1,3,184320,298,0.6711409395973155,90.48657718120805,2000,0.0,200.0,3208,1587,374.7644889354706
paper_l1,3,215040,298,0.6711409395973155,90.48657718120805,2000,0.0,200.0,3208,1587,374.7644889354706
paper_l1,3,245760,298,0.6711409395973155,90.48657718120805,2000,0.0,200.0,3208,1587,374.7644889354706
paper_l1,3,276480,298,0.6711409395973155,90.48657718120805,2000,0.0,200.0,3208,1587,374.7644889354706
paper_l1,3,307200,298,0.6711409395973155,90.48657718120805,2000,0.0,200.0,3208,1587,374.7644889354706
paper_p02,3,0,298,0.0,200.0,2000,0.0,200.0,2696,518,250.6155641078949
paper_p02,3,30720,298,0.0,200.0,2000,0.0,200.0,2696,518,250.6155641078949
paper_p02,3,61440,298,0.0,200.0,2000,0.0,200.0,2696,518,250.6155641078949
paper_p02,3,92160,298,0.0,200.0,2000,0.0,200.0,2696,518,250.6155641078949
paper_p02,3,122880,298,0.6711409395973155,90.48657718120805,2000,0.0,200.0,2696,518,250.6155641078949
paper_p02,3,153600,298,0.6711409395973155,90.48657718120805,2000,0.0,200.0,2696,518,250.6155641078949
paper_p02,3,184320,298,0.6711409395973155,90.48657718120805,2000,0.0,200.0,2696,518,250.6155641078949
paper_p02,3,215040,298,0.6711409395973155,90.48657718120805,2000,0.0,200.0,2696,518,250.6155641078949
paper_p02,3,245760,298,0.6711409395973155,90.48657718120805,2000,0.0,200.0,2696,518,250.6155641078949
paper_p02,3,276480,298,0.6711409395973155,90.48657718120805,2000,0.0,200.0,2696,518,250.6155641078949
paper_p02,3,307200,298,0.6711409395973155,90.48657718120805,2000,0.0,200.0,2696,518,250.6155641078949
sfl_p09,2,0,298,0.0,200.0,2000,0.0,200.0,2287,2067,1057.5856838226318
sfl_p09,2,30720,298,0.38926174496644295,140.38255033557047,2000,0.0,200.0,2287,2067,1057.5856838226318
sfl_p09,2,61440,298,0.6711409395973155,90.48657718120805,2000,0.0,200.0,2287,2067,1057.5856838226318
sfl_p09,2,92160,298,0.6711409395973155,90.48657718120805,2000,0.0,200.0,2287,2067,1057.5856838226318
sfl_p09,2,122880,298,0.6711409395973155,90.48657718120805,2000,0.0,200.0,2287,2067,1057.5856838226318
sfl_p09,2,153600,298,0.6711409395973155,90.48657718120805,2000,0.0,200.0,2287,2067,1057.5856838226318
sfl_p09,2,184320,298,0.6711409395973155,90.48657718120805,2000,0.0,200.0,2287,2067,1057.5856838226318
sfl_p09,2,215040,298,0.6711409395973155,90.48657718120805,2000,0.0,200.0,2287,2067,1057.5856838226318
sfl_p09,2,245760,298,0.6711409395973155,90.48657718120805,2000,0.0,200.0,2287,2067,1057.5856838226318
sfl_p09,2,276480,298,0.6711409395973155,90.48657718120805,2000,0.0,200.0,2287,2067,1057.5856838226318
sfl_p09,2,307200,298,0.6711409395973155,90.48657718120805,2000,0.0,200.0,2287,2067,1057.5856838226318
sfl_top20,2,0,298,0.03355704697986577,197.13422818791946,2000,0.0,200.0,2463,1233,1057.714210987091
sfl_top20,2,30720,298,0.4966442953020134,120.03691275167785,2000,0.0,200.0,2463,1233,1057.714210987091
sfl_top20,2,61440,298,0.5939597315436241,101.51006711409396,2000,0.0,200.0,2463,1233,1057.714210987091
sfl_top20,2,92160,298,0.6711409395973155,90.48657718120805,2000,0.0,200.0,2463,1233,1057.714210987091
sfl_top20,2,122880,298,0.6711409395973155,90.48657718120805,2000,0.0,200.0,2463,1233,1057.714210987091
sfl_top20,2,153600,298,0.6711409395973155,90.48657718120805,2000,0.0,200.0,2463,1233,1057.714210987091
sfl_top20,2,184320,298,0.6711409395973155,90.48657718120805,2000,0.0,200.0,2463,1233,1057.714210987091
sfl_top20,2,215040,298,0.6711409395973155,90.48657718120805,2000,0.0,200.0,2463,1233,1057.714210987091
sfl_top20,2,245760,298,0.6711409395973155,90.48657718120805,2000,0.0,200.0,2463,1233,1057.714210987091
sfl_top20,2,276480,298,0.6711409395973155,90.48657718120805,2000,0.0,200.0,2463,1233,1057.714210987091
sfl_top20,2,307200,298,0.6711409395973155,90.48657718120805,2000,0.0,200.0,2463,1233,1057.714210987091
DR,4,0,298,0.0,200.0,2000,0.0,200.0,1546,0,368.6795070171356
DR,4,30720,298,0.0,200.0,2000,0.0,200.0,1546,0,368.6795070171356
DR,4,61440,298,0.0,200.0,2000,0.0,200.0,1546,0,368.6795070171356
DR,4,92160,298,0.0,200.0,2000,0.0,200.0,1546,0,368.6795070171356
DR,4,122880,298,0.5805369127516778,103.83892617449665,2000,0.0,200.0,1546,0,368.6795070171356
DR,4,153600,298,0.6040268456375839,100.43288590604027,2000,0.0,200.0,1546,0,368.6795070171356
DR,4,184320,298,0.4228187919463087,130.1208053691275,2000,0.0,200.0,1546,0,368.6795070171356
DR,4,215040,298,0.0,200.0,2000,0.0,200.0,1546,0,368.6795070171356
DR,4,245760,298,0.0,200.0,2000,0.0,200.0,1546,0,368.6795070171356
DR,4,276480,298,0.0,200.0,2000,0.0,200.0,1546,0,368.6795070171356
DR,4,307200,298,0.610738255033557,99.47315436241611,2000,0.0,200.0,1546,0,368.6795070171356
paper,4,0,298,0.18120805369127516,189.24496644295303,2000,0.0,200.0,3889,1930,368.35078597068787
paper,4,30720,298,0.3422818791946309,142.50671140939596,2000,0.0,200.0,3889,1930,368.35078597068787
paper,4,61440,298,0.62751677852349,96.91610738255034,2000,0.0,200.0,3889,1930,368.35078597068787
paper,4,92160,298,0.6711409395973155,90.48657718120805,2000,0.0,200.0,3889,1930,368.35078597068787
paper,4,122880,298,0.6711409395973155,90.48657718120805,2000,0.0,200.0,3889,1930,368.35078597068787
paper,4,153600,298,0.6711409395973155,90.48657718120805,2000,0.0,200.0,3889,1930,368.35078597068787
paper,4,184320,298,0.6711409395973155,90.48657718120805,2000,0.0,200.0,3889,1930,368.35078597068787
paper,4,215040,298,0.6711409395973155,90.48657718120805,2000,0.0,200.0,3889,1930,368.35078597068787
paper,4,245760,298,0.6711409395973155,90.48657718120805,2000,0.0,200.0,3889,1930,368.35078597068787
paper,4,276480,298,0.6711409395973155,90.48657718120805,2000,0.0,200.0,3889,1930,368.35078597068787
paper,4,307200,298,0.6711409395973155,90.48657718120805,2000,0.0,200.0,3889,1930,368.35078597068787
sipacl,4,0,298,0.0,200.0,2000,0.0,200.0,3931,1942,367.50649428367615
sipacl,4,30720,298,0.20469798657718122,172.13087248322148,2000,0.0,200.0,3931,1942,367.50649428367615
sipacl,4,61440,298,0.6711409395973155,90.48657718120805,2000,0.0,200.0,3931,1942,367.50649428367615
sipacl,4,92160,298,0.6711409395973155,90.48657718120805,2000,0.0,200.0,3931,1942,367.50649428367615
sipacl,4,122880,298,0.6711409395973155,90.48657718120805,2000,0.0,200.0,3931,1942,367.50649428367615
sipacl,4,153600,298,0.6711409395973155,90.48657718120805,2000,0.0,200.0,3931,1942,367.50649428367615
sipacl,4,184320,298,0.6711409395973155,90.48657718120805,2000,0.0,200.0,3931,1942,367.50649428367615
sipacl,4,215040,298,0.6711409395973155,90.48657718120805,2000,0.0,200.0,3931,1942,367.50649428367615
sipacl,4,245760,298,0.6711409395973155,90.48657718120805,2000,0.0,200.0,3931,1942,367.50649428367615
sipacl,4,276480,298,0.6711409395973155,90.48657718120805,2000,0.0,200.0,3931,1942,367.50649428367615
sipacl,4,307200,298,0.6711409395973155,90.48657718120805,2000,0.0,200.0,3931,1942,367.50649428367615
paper_l1,4,0,298,0.7516778523489933,118.16442953020135,2000,0.1185,195.271,1553,693,499.37761211395264
paper_l1,4,30720,298,0.5100671140939598,116.50671140939598,2000,0.0,200.0,1553,693,499.37761211395264
paper_l1,4,61440,298,0.6711409395973155,90.58724832214764,2000,0.0,200.0,1553,693,499.37761211395264
paper_l1,4,92160,298,0.6644295302013423,91.65771812080537,2000,0.0,200.0,1553,693,499.37761211395264
paper_l1,4,122880,298,0.6711409395973155,90.48657718120805,2000,0.0,200.0,1553,693,499.37761211395264
paper_l1,4,153600,298,0.6711409395973155,90.48657718120805,2000,0.0,200.0,1553,693,499.37761211395264
paper_l1,4,184320,298,0.4161073825503356,136.60738255033556,2000,0.0,200.0,1553,693,499.37761211395264
paper_l1,4,215040,298,0.013422818791946308,198.10738255033556,2000,0.0,200.0,1553,693,499.37761211395264
paper_l1,4,245760,298,0.6711409395973155,91.31208053691275,2000,0.0045,199.9235,1553,693,499.37761211395264
paper_l1,4,276480,298,0.0,200.0,2000,0.0,200.0,1553,693,499.37761211395264
paper_l1,4,307200,298,0.0,200.0,2000,0.0,200.0,1553,693,499.37761211395264
paper_p02,4,0,298,0.0,200.0,2000,0.0,200.0,1640,305,499.4165871143341
paper_p02,4,30720,298,0.26174496644295303,163.50335570469798,2000,0.0,200.0,1640,305,499.4165871143341
paper_p02,4,61440,298,0.0,200.0,2000,0.0,200.0,1640,305,499.4165871143341
paper_p02,4,92160,298,0.0,200.0,2000,0.0,200.0,1640,305,499.4165871143341
paper_p02,4,122880,298,0.0,200.0,2000,0.0,200.0,1640,305,499.4165871143341
paper_p02,4,153600,298,0.0,200.0,2000,0.0,200.0,1640,305,499.4165871143341
paper_p02,4,184320,298,0.0,200.0,2000,0.0,200.0,1640,305,499.4165871143341
paper_p02,4,215040,298,0.0,200.0,2000,0.0,200.0,1640,305,499.4165871143341
paper_p02,4,245760,298,0.6711409395973155,90.48657718120805,2000,0.0,200.0,1640,305,499.4165871143341
paper_p02,4,276480,298,0.6711409395973155,90.48657718120805,2000,0.0,200.0,1640,305,499.4165871143341
paper_p02,4,307200,298,0.6711409395973155,90.48657718120805,2000,0.0,200.0,1640,305,499.4165871143341
sfl,3,0,298,0.0,200.0,2000,0.0,200.0,1556,818,1430.04332113266
sfl,3,30720,298,0.436241610738255,127.98993288590604,2000,0.0,200.0,1556,818,1430.04332113266
sfl,3,61440,298,0.6711409395973155,90.48657718120805,2000,0.0,200.0,1556,818,1430.04332113266
sfl,3,92160,298,0.0,200.0,2000,0.0,200.0,1556,818,1430.04332113266
sfl,3,122880,298,0.0,200.0,2000,0.0,200.0,1556,818,1430.04332113266
sfl,3,153600,298,0.0,200.0,2000,0.0,200.0,1556,818,1430.04332113266
sfl,3,184320,298,0.0,200.0,2000,0.0,200.0,1556,818,1430.04332113266
sfl,3,215040,298,0.0,200.0,2000,0.0,200.0,1556,818,1430.04332113266
sfl,3,245760,298,0.0,200.0,2000,0.0,200.0,1556,818,1430.04332113266
sfl,3,276480,298,0.0,200.0,2000,0.0,200.0,1556,818,1430.04332113266
sfl,3,307200,298,0.0,200.0,2000,0.0,200.0,1556,818,1430.04332113266
sfl_p09,3,0,298,0.04697986577181208,192.4731543624161,2000,0.0,200.0,2355,2109,1430.1527919769287
sfl_p09,3,30720,298,0.4429530201342282,126.30536912751678,2000,0.0,200.0,2355,2109,1430.1527919769287
sfl_p09,3,61440,298,0.6711409395973155,90.48657718120805,2000,0.0,200.0,2355,2109,1430.1527919769287
sfl_p09,3,92160,298,0.6711409395973155,90.48657718120805,2000,0.0,200.0,2355,2109,1430.1527919769287
sfl_p09,3,122880,298,0.6711409395973155,90.48657718120805,2000,0.0,200.0,2355,2109,1430.1527919769287
sfl_p09,3,153600,298,0.6711409395973155,90.48657718120805,2000,0.0,200.0,2355,2109,1430.1527919769287
sfl_p09,3,184320,298,0.6711409395973155,90.48657718120805,2000,0.0,200.0,2355,2109,1430.1527919769287
sfl_p09,3,215040,298,0.6711409395973155,90.48657718120805,2000,0.0,200.0,2355,2109,1430.1527919769287
sfl_p09,3,245760,298,0.6711409395973155,90.48657718120805,2000,0.0,200.0,2355,2109,1430.1527919769287
sfl_p09,3,276480,298,0.6711409395973155,90.48657718120805,2000,0.0,200.0,2355,2109,1430.1527919769287
sfl_p09,3,307200,298,0.6711409395973155,90.48657718120805,2000,0.0,200.0,2355,2109,1430.1527919769287
sfl_top20,3,0,298,0.6812080536912751,115.81879194630872,2000,0.0565,198.6535,2363,1127,1430.1432151794434
sfl_top20,3,30720,298,0.0,200.0,2000,0.0,200.0,2363,1127,1430.1432151794434
sfl_top20,3,61440,298,0.5167785234899329,116.44630872483222,2000,0.0,200.0,2363,1127,1430.1432151794434
sfl_top20,3,92160,298,0.47651006711409394,121.24161073825503,2000,0.0,200.0,2363,1127,1430.1432151794434
sfl_top20,3,122880,298,0.540268456375839,111.25503355704699,2000,0.0,200.0,2363,1127,1430.1432151794434
sfl_top20,3,153600,298,0.6711409395973155,90.48657718120805,2000,0.0,200.0,2363,1127,1430.1432151794434
sfl_top20,3,184320,298,0.6711409395973155,90.48657718120805,2000,0.0,200.0,2363,1127,1430.1432151794434
sfl_top20,3,215040,298,0.6711409395973155,90.48657718120805,2000,0.0,200.0,2363,1127,1430.1432151794434
sfl_top20,3,245760,298,0.6711409395973155,90.48657718120805,2000,0.0,200.0,2363,1127,1430.1432151794434
sfl_top20,3,276480,298,0.6711409395973155,90.48657718120805,2000,0.0,200.0,2363,1127,1430.1432151794434
sfl_top20,3,307200,298,0.6711409395973155,90.48657718120805,2000,0.0,200.0,2363,1127,1430.1432151794434
DR,5,0,298,0.7248322147651006,122.49328859060402,2000,0.0975,197.4485,2196,0,128.4050807952881
DR,5,30720,298,0.0,200.0,2000,0.0,200.0,2196,0,128.4050807952881
DR,5,61440,298,0.6040268456375839,100.20134228187919,2000,0.0,200.0,2196,0,128.4050807952881
DR,5,92160,298,0.43288590604026844,129.48993288590603,2000,0.0,200.0,2196,0,128.4050807952881
DR,5,122880,298,0.6308724832214765,96.36912751677852,2000,0.0,200.0,2196,0,128.4050807952881
DR,5,153600,298,0.6711409395973155,90.48657718120805,2000,0.0,200.0,2196,0,128.4050807952881
DR,5,184320,298,0.6711409395973155,90.48657718120805,2000,0.0,200.0,2196,0,128.4050807952881
DR,5,215040,298,0.6711409395973155,90.48657718120805,2000,0.0,200.0,2196,0,128.4050807952881
DR,5,245760,298,0.6711409395973155,90.48657718120805,2000,0.0,200.0,2196,0,128.4050807952881
DR,5,276480,298,0.6711409395973155,90.48657718120805,2000,0.0,200.0,2196,0,128.4050807952881
DR,5,307200,298,0.6711409395973155,90.48657718120805,2000,0.0,200.0,2196,0,128.4050807952881
paper,5,0,298,0.0,200.0,2000,0.0,200.0,3812,1855,369.90036129951477
paper,5,30720,298,0.4899328859060403,120.52013422818791,2000,0.0,200.0,3812,1855,369.90036129951477
paper,5,61440,298,0.5570469798657718,110.21140939597315,2000,0.0,200.0,3812,1855,369.90036129951477
paper,5,92160,298,0.6711409395973155,90.48657718120805,2000,0.0,200.0,3812,1855,369.90036129951477
paper,5,122880,298,0.6711409395973155,90.48657718120805,2000,0.0,200.0,3812,1855,369.90036129951477
paper,5,153600,298,0.6711409395973155,90.48657718120805,2000,0.0,200.0,3812,1855,369.90036129951477
paper,5,184320,298,0.6711409395973155,90.48657718120805,2000,0.0,200.0,3812,1855,369.90036129951477
paper,5,215040,298,0.6711409395973155,90.48657718120805,2000,0.0,200.0,3812,1855,369.90036129951477
paper,5,245760,298,0.6711409395973155,90.48657718120805,2000,0.0,200.0,3812,1855,369.90036129951477
paper,5,276480,298,0.6711409395973155,90.48657718120805,2000,0.0,200.0,3812,1855,369.90036129951477
paper,5,307200,298,0.6711409395973155,90.48657718120805,2000,0.0,200.0,3812,1855,369.90036129951477
sipacl,5,0,298,0.0,200.0,2000,0.0,200.0,2824,1403,369.9255259037018
sipacl,5,30720,298,0.6543624161073825,93.18456375838926,2000,0.0,200.0,2824,1403,369.9255259037018
sipacl,5,61440,298,0.0,200.0,2000,0.0,200.0,2824,1403,369.9255259037018
sipacl,5,92160,298,0.32550335570469796,146.6510067114094,2000,0.0,200.0,2824,1403,369.9255259037018
sipacl,5,122880,298,0.24161073825503357,162.46308724832215,2000,0.0,200.0,2824,1403,369.9255259037018
sipacl,5,153600,298,0.587248322147651,103.58389261744966,2000,0.0,200.0,2824,1403,369.9255259037018
sipacl,5,184320,298,0.6711409395973155,90.48657718120805,2000,0.0,200.0,2824,1403,369.9255259037018
sipacl,5,215040,298,0.6711409395973155,90.48657718120805,2000,0.0,200.0,2824,1403,369.9255259037018
sipacl,5,245760,298,0.6711409395973155,90.48657718120805,2000,0.0,200.0,2824,1403,369.9255259037018
sipacl,5,276480,298,0.6711409395973155,90.48657718120805,2000,0.0,200.0,2824,1403,369.9255259037018
sipacl,5,307200,298,0.6711409395973155,90.48657718120805,2000,0.0,200.0,2824,1403,369.9255259037018
sfl,4,0,298,0.0,200.0,2000,0.0,200.0,1548,770,1306.3076000213623
sfl,4,30720,298,0.0,200.0,2000,0.0,200.0,1548,770,1306.3076000213623
sfl,4,61440,298,0.0,200.0,2000,0.0,200.0,1548,770,1306.3076000213623
sfl,4,92160,298,0.0,200.0,2000,0.0,200.0,1548,770,1306.3076000213623
sfl,4,122880,298,0.0,200.0,2000,0.0,200.0,1548,770,1306.3076000213623
sfl,4,153600,298,0.0,200.0,2000,0.0,200.0,1548,770,1306.3076000213623
sfl,4,184320,298,0.0,200.0,2000,0.0,200.0,1548,770,1306.3076000213623
sfl,4,215040,298,0.0,200.0,2000,0.0,200.0,1548,770,1306.3076000213623
sfl,4,245760,298,0.0,200.0,2000,0.0,200.0,1548,770,1306.3076000213623
sfl,4,276480,298,0.0,200.0,2000,0.0,200.0,1548,770,1306.3076000213623
sfl,4,307200,298,0.0,200.0,2000,0.0,200.0,1548,770,1306.3076000213623
paper_l1,5,0,298,0.22483221476510068,163.24496644295303,2000,0.0,200.0,2888,1392,367.57063913345337
paper_l1,5,30720,298,0.42953020134228187,129.70469798657717,2000,0.0,200.0,2888,1392,367.57063913345337
paper_l1,5,61440,298,0.4865771812080537,120.06711409395973,2000,0.0,200.0,2888,1392,367.57063913345337
paper_l1,5,92160,298,0.5771812080536913,106.15436241610739,2000,0.0,200.0,2888,1392,367.57063913345337
paper_l1,5,122880,298,0.6711409395973155,90.48657718120805,2000,0.0,200.0,2888,1392,367.57063913345337
paper_l1,5,153600,298,0.6711409395973155,90.48657718120805,2000,0.0,200.0,2888,1392,367.57063913345337
paper_l1,5,184320,298,0.6711409395973155,90.48657718120805,2000,0.0,200.0,2888,1392,367.57063913345337
paper_l1,5,215040,298,0.6711409395973155,90.48657718120805,2000,0.0,200.0,2888,1392,367.57063913345337
paper_l1,5,245760,298,0.6711409395973155,90.48657718120805,2000,0.0,200.0,2888,1392,367.57063913345337
paper_l1,5,276480,298,0.6711409395973155,90.48657718120805,2000,0.0,200.0,2888,1392,367.57063913345337
paper_l1,5,307200,298,0.6711409395973155,90.48657718120805,2000,0.0,200.0,2888,1392,367.57063913345337
paper_p02,5,0,298,0.0,200.0,2000,0.0,200.0,2873,539,126.0125060081482
paper_p02,5,30720,298,0.31543624161073824,149.6744966442953,2000,0.0,200.0,2873,539,126.0125060081482
paper_p02,5,61440,298,0.5067114093959731,117.1510067114094,2000,0.0,200.0,2873,539,126.0125060081482
paper_p02,5,92160,298,0.6711409395973155,90.48657718120805,2000,0.0,200.0,2873,539,126.0125060081482
paper_p02,5,122880,298,0.6711409395973155,90.48657718120805,2000,0.0,200.0,2873,539,126.0125060081482
paper_p02,5,153600,298,0.6711409395973155,90.48657718120805,2000,0.0,200.0,2873,539,126.0125060081482
paper_p02,5,184320,298,0.6711409395973155,90.48657718120805,2000,0.0,200.0,2873,539,126.0125060081482
paper_p02,5,215040,298,0.6711409395973155,90.48657718120805,2000,0.0,200.0,2873,539,126.0125060081482
paper_p02,5,245760,298,0.6711409395973155,90.48657718120805,2000,0.0,200.0,2873,539,126.0125060081482
paper_p02,5,276480,298,0.6711409395973155,90.48657718120805,2000,0.0,200.0,2873,539,126.0125060081482
paper_p02,5,307200,298,0.6711409395973155,90.48657718120805,2000,0.0,200.0,2873,539,126.0125060081482
sfl_p09,4,0,298,0.0,200.0,2000,0.0,200.0,2357,2130,1181.1086761951447
sfl_p09,4,30720,298,0.5906040268456376,101.97986577181209,2000,0.0,200.0,2357,2130,1181.1086761951447
sfl_p09,4,61440,298,0.6711409395973155,90.48657718120805,2000,0.0,200.0,2357,2130,1181.1086761951447
sfl_p09,4,92160,298,0.6711409395973155,90.48657718120805,2000,0.0,200.0,2357,2130,1181.1086761951447
sfl_p09,4,122880,298,0.6711409395973155,90.48657718120805,2000,0.0,200.0,2357,2130,1181.1086761951447
sfl_p09,4,153600,298,0.6711409395973155,90.48657718120805,2000,0.0,200.0,2357,2130,1181.1086761951447
sfl_p09,4,184320,298,0.6711409395973155,90.48657718120805,2000,0.0,200.0,2357,2130,1181.1086761951447
sfl_p09,4,215040,298,0.6711409395973155,90.48657718120805,2000,0.0,200.0,2357,2130,1181.1086761951447
sfl_p09,4,245760,298,0.6711409395973155,90.48657718120805,2000,0.0,200.0,2357,2130,1181.1086761951447
sfl_p09,4,276480,298,0.6711409395973155,90.48657718120805,2000,0.0,200.0,2357,2130,1181.1086761951447
sfl_p09,4,307200,298,0.6711409395973155,90.48657718120805,2000,0.0,200.0,2357,2130,1181.1086761951447
sfl_top20,4,0,298,0.5234899328859061,133.31208053691276,2000,0.0,200.0,2643,1317,1181.2379829883575
sfl_top20,4,30720,298,0.5570469798657718,106.95637583892618,2000,0.0,200.0,2643,1317,1181.2379829883575
sfl_top20,4,61440,298,0.6711409395973155,90.48657718120805,2000,0.0,200.0,2643,1317,1181.2379829883575
sfl_top20,4,92160,298,0.6711409395973155,90.48657718120805,2000,0.0,200.0,2643,1317,1181.2379829883575
sfl_top20,4,122880,298,0.6711409395973155,90.48657718120805,2000,0.0,200.0,2643,1317,1181.2379829883575
sfl_top20,4,153600,298,0.6711409395973155,90.48657718120805,2000,0.0,200.0,2643,1317,1181.2379829883575
sfl_top20,4,184320,298,0.6711409395973155,90.48657718120805,2000,0.0,200.0,2643,1317,1181.2379829883575
sfl_top20,4,215040,298,0.6711409395973155,90.48657718120805,2000,0.0,200.0,2643,1317,1181.2379829883575
sfl_top20,4,245760,298,0.6711409395973155,90.48657718120805,2000,0.0,200.0,2643,1317,1181.2379829883575
sfl_top20,4,276480,298,0.6711409395973155,90.48657718120805,2000,0.0,200.0,2643,1317,1181.2379829883575
sfl_top20,4,307200,298,0.6711409395973155,90.48657718120805,2000,0.0,200.0,2643,1317,1181.2379829883575
DR,6,0,298,0.0,200.0,2000,0.0,200.0,1839,0,375.2521939277649
DR,6,30720,298,0.5,117.67785234899328,2000,0.0,200.0,1839,0,375.2521939277649
DR,6,61440,298,0.35906040268456374,142.09395973154363,2000,0.0,200.0,1839,0,375.2521939277649
DR,6,92160,298,0.0,200.0,2000,0.0,200.0,1839,0,375.2521939277649
DR,6,122880,298,0.6577181208053692,92.61409395973155,2000,0.0,200.0,1839,0,375.2521939277649
DR,6,153600,298,0.5771812080536913,106.0738255033557,2000,0.0,200.0,1839,0,375.2521939277649
DR,6,184320,298,0.0,200.0,2000,0.0,200.0,1839,0,375.2521939277649
DR,6,215040,298,0.6711409395973155,90.49328859060402,2000,0.0,200.0,1839,0,375.2521939277649
DR,6,245760,298,0.6711409395973155,90.48657718120805,2000,0.0,200.0,1839,0,375.2521939277649
DR,6,276480,298,0.6711409395973155,90.48657718120805,2000,0.0,200.0,1839,0,375.2521939277649
DR,6,307200,298,0.6711409395973155,90.48657718120805,2000,0.0,200.0,1839,0,375.2521939277649
paper,6,0,298,0.0,200.0,2000,0.0,200.0,3917,1934,439.5342900753021
paper,6,30720,298,0.03691275167785235,194.1510067114094,2000,0.0,200.0,3917,1934,439.5342900753021
paper,6,61440,298,0.40939597315436244,133.08053691275168,2000,0.0,200.0,3917,1934,439.5342900753021
paper,6,92160,298,0.6711409395973155,90.55704697986577,2000,0.0,200.0,3917,1934,439.5342900753021
paper,6,122880,298,0.6711409395973155,90.48657718120805,2000,0.0,200.0,3917,1934,439.5342900753021
paper,6,153600,298,0.6711409395973155,90.48657718120805,2000,0.0,200.0,3917,1934,439.5342900753021
paper,6,184320,298,0.6711409395973155,90.48657718120805,2000,0.0,200.0,3917,1934,439.5342900753021
paper,6,215040,298,0.6711409395973155,90.48657718120805,2000,0.0,200.0,3917,1934,439.5342900753021
paper,6,245760,298,0.6711409395973155,90.48657718120805,2000,0.0,200.0,3917,1934,439.5342900753021
paper,6,276480,298,0.6711409395973155,90.48657718120805,2000,0.0,200.0,3917,1934,439.5342900753021
paper,6,307200,298,0.6711409395973155,90.48657718120805,2000,0.0,200.0,3917,1934,439.5342900753021
sipacl,6,0,298,0.0,200.0,2000,0.0,200.0,3291,1661,556.0859031677246
sipacl,6,30720,298,0.06375838926174497,190.54362416107384,2000,0.0,200.0,3291,1661,556.0859031677246
sipacl,6,61440,298,0.18120805369127516,171.6744966442953,2000,0.0,200.0,3291,1661,556.0859031677246
sipacl,6,92160,298,0.4563758389261745,130.23154362416108,2000,0.0,200.0,3291,1661,556.0859031677246
sipacl,6,122880,298,0.6711409395973155,90.58389261744966,2000,0.0,200.0,3291,1661,556.0859031677246
sipacl,6,153600,298,0.6711409395973155,90.48657718120805,2000,0.0,200.0,3291,1661,556.0859031677246
sipacl,6,184320,298,0.6711409395973155,90.48657718120805,2000,0.0,200.0,3291,1661,556.0859031677246
sipacl,6,215040,298,0.6711409395973155,90.48657718120805,2000,0.0,200.0,3291,1661,556.0859031677246
sipacl,6,245760,298,0.6711409395973155,90.48657718120805,2000,0.0,200.0,3291,1661,556.0859031677246
sipacl,6,276480,298,0.6711409395973155,90.48657718120805,2000,0.0,200.0,3291,1661,556.0859031677246
sipacl,6,307200,298,0.6711409395973155,90.48657718120805,2000,0.0,200.0,3291,1661,556.0859031677246
paper_l1,6,0,298,0.0,200.0,2000,0.0,200.0,2438,1142,555.3678088188171
paper_l1,6,30720,298,0.09060402684563758,191.0234899328859,2000,0.0,200.0,2438,1142,555.3678088188171
paper_l1,6,61440,298,0.6711409395973155,90.50335570469798,2000,0.0,200.0,2438,1142,555.3678088188171
paper_l1,6,92160,298,0.0,200.0,2000,0.0,200.0,2438,1142,555.3678088188171
paper_l1,6,122880,298,0.6711409395973155,90.48657718120805,2000,0.0,200.0,2438,1142,555.3678088188171
paper_l1,6,153600,298,0.0,200.0,2000,0.0,200.0,2438,1142,555.3678088188171
paper_l1,6,184320,298,0.6711409395973155,90.48657718120805,2000,0.0,200.0,2438,1142,555.3678088188171
paper_l1,6,215040,298,0.6711409395973155,90.48657718120805,2000,0.0,200.0,2438,1142,555.3678088188171
paper_l1,6,245760,298,0.6711409395973155,90.48657718120805,2000,0.0,200.0,2438,1142,555.3678088188171
paper_l1,6,276480,298,0.6711409395973155,90.48657718120805,2000,0.0,200.0,2438,1142,555.3678088188171
paper_l1,6,307200,298,0.6711409395973155,90.48657718120805,2000,0.0,200.0,2438,1142,555.3678088188171
sfl,5,0,298,0.0,200.0,2000,0.0,200.0,2592,1268,1127.2055060863495
sfl,5,30720,298,0.62751677852349,97.3758389261745,2000,0.0,200.0,2592,1268,1127.2055060863495
sfl,5,61440,298,0.6711409395973155,90.48657718120805,2000,0.0,200.0,2592,1268,1127.2055060863495
sfl,5,92160,298,0.6711409395973155,90.48657718120805,2000,0.0,200.0,2592,1268,1127.2055060863495
sfl,5,122880,298,0.6711409395973155,90.48657718120805,2000,0.0,200.0,2592,1268,1127.2055060863495
sfl,5,153600,298,0.6711409395973155,90.48657718120805,2000,0.0,200.0,2592,1268,1127.2055060863495
sfl,5,184320,298,0.6711409395973155,90.48657718120805,2000,0.0,200.0,2592,1268,1127.2055060863495
sfl,5,215040,298,0.6711409395973155,90.48657718120805,2000,0.0,200.0,2592,1268,1127.2055060863495
sfl,5,245760,298,0.6711409395973155,90.48657718120805,2000,0.0,200.0,2592,1268,1127.2055060863495
sfl,5,276480,298,0.6711409395973155,90.48657718120805,2000,0.0,200.0,2592,1268,1127.2055060863495
sfl,5,307200,298,0.6711409395973155,90.48657718120805,2000,0.0,200.0,2592,1268,1127.2055060863495
paper_p02,6,0,298,0.006711409395973154,198.86577181208054,2000,0.0,200.0,3286,652,427.71381282806396
paper_p02,6,30720,298,0.35906040268456374,143.21140939597316,2000,0.0,200.0,3286,652,427.71381282806396
paper_p02,6,61440,298,0.6711409395973155,90.48657718120805,2000,0.0,200.0,3286,652,427.71381282806396
paper_p02,6,92160,298,0.6711409395973155,90.48657718120805,2000,0.0,200.0,3286,652,427.71381282806396
paper_p02,6,122880,298,0.6711409395973155,90.48657718120805,2000,0.0,200.0,3286,652,427.71381282806396
paper_p02,6,153600,298,0.6711409395973155,90.48657718120805,2000,0.0,200.0,3286,652,427.71381282806396
paper_p02,6,184320,298,0.6711409395973155,90.48657718120805,2000,0.0,200.0,3286,652,427.71381282806396
paper_p02,6,215040,298,0.6711409395973155,90.48657718120805,2000,0.0,200.0,3286,652,427.71381282806396
paper_p02,6,245760,298,0.6711409395973155,90.48657718120805,2000,0.0,200.0,3286,652,427.71381282806396
paper_p02,6,276480,298,0.6711409395973155,90.48657718120805,2000,0.0,200.0,3286,652,427.71381282806396
paper_p02,6,307200,298,0.6711409395973155,90.48657718120805,2000,0.0,200.0,3286,652,427.71381282806396
sfl_p09,5,0,298,0.0,200.0,2000,0.0,200.0,2153,1906,1552.6829061508179
sfl_p09,5,30720,298,0.0,200.0,2000,0.0,200.0,2153,1906,1552.6829061508179
sfl_p09,5,61440,298,0.0,200.0,2000,0.0,200.0,2153,1906,1552.6829061508179
sfl_p09,5,92160,298,0.6711409395973155,90.48657718120805,2000,0.0,200.0,2153,1906,1552.6829061508179
sfl_p09,5,122880,298,0.6711409395973155,90.48657718120805,2000,0.0,200.0,2153,1906,1552.6829061508179
sfl_p09,5,153600,298,0.6711409395973155,90.48657718120805,2000,0.0,200.0,2153,1906,1552.6829061508179
sfl_p09,5,184320,298,0.6711409395973155,90.48657718120805,2000,0.0,200.0,2153,1906,1552.6829061508179
sfl_p09,5,215040,298,0.6711409395973155,90.48657718120805,2000,0.0,200.0,2153,1906,1552.6829061508179
sfl_p09,5,245760,298,0.6711409395973155,90.48657718120805,2000,0.0,200.0,2153,1906,1552.6829061508179
sfl_p09,5,276480,298,0.6711409395973155,90.48657718120805,2000,0.0,200.0,2153,1906,1552.6829061508179
sfl_p09,5,307200,298,0.6711409395973155,90.48657718120805,2000,0.0,200.0,2153,1906,1552.6829061508179
sfl_top20,5,0,298,0.0,200.0,2000,0.0,200.0,2481,1223,1552.922641992569
sfl_top20,5,30720,298,0.412751677852349,147.18120805369128,2000,0.0,200.0,2481,1223,1552.922641992569
sfl_top20,5,61440,298,0.6711409395973155,90.48657718120805,2000,0.0,200.0,2481,1223,1552.922641992569
sfl_top20,5,92160,298,0.6711409395973155,90.48657718120805,2000,0.0,200.0,2481,1223,1552.922641992569
sfl_top20,5,122880,298,0.6711409395973155,90.48657718120805,2000,0.0,200.0,2481,1223,1552.922641992569
sfl_top20,5,153600,298,0.6711409395973155,90.48657718120805,2000,0.0,200.0,2481,1223,1552.922641992569
sfl_top20,5,184320,298,0.6711409395973155,90.48657718120805,2000,0.0,200.0,2481,1223,1552.922641992569
sfl_top20,5,215040,298,0.6711409395973155,90.48657718120805,2000,0.0,200.0,2481,1223,1552.922641992569
sfl_top20,5,245760,298,0.6711409395973155,90.48657718120805,2000,0.0,200.0,2481,1223,1552.922641992569
sfl_top20,5,276480,298,0.6711409395973155,90.48657718120805,2000,0.0,200.0,2481,1223,1552.922641992569
sfl_top20,5,307200,298,0.6711409395973155,90.48657718120805,2000,0.0,200.0,2481,1223,1552.922641992569
DR,7,0,298,0.0,200.0,2000,0.0,200.0,2102,0,312.5844359397888
DR,7,30720,298,0.0,200.0,2000,0.0,200.0,2102,0,312.5844359397888
DR,7,61440,298,0.0,200.0,2000,0.0,200.0,2102,0,312.5844359397888
DR,7,92160,298,0.0,200.0,2000,0.0,200.0,2102,0,312.5844359397888
DR,7,122880,298,0.6711409395973155,90.48657718120805,2000,0.0,200.0,2102,0,312.5844359397888
DR,7,153600,298,0.6711409395973155,90.48657718120805,2000,0.0,200.0,2102,0,312.5844359397888
DR,7,184320,298,0.6711409395973155,90.54697986577182,2000,0.0,200.0,2102,0,312.5844359397888
DR,7,215040,298,0.6711409395973155,90.48657718120805,2000,0.0,200.0,2102,0,312.5844359397888
DR,7,245760,298,0.6711409395973155,90.48657718120805,2000,0.0,200.0,2102,0,312.5844359397888
DR,7,276480,298,0.6711409395973155,90.48657718120805,2000,0.0,200.0,2102,0,312.5844359397888
DR,7,307200,298,0.6711409395973155,90.48657718120805,2000,0.0,200.0,2102,0,312.5844359397888
paper,7,0,298,0.0,200.0,2000,0.0,200.0,2264,1077,437.1614799499512
paper,7,30720,298,0.0,200.0,2000,0.0,200.0,2264,1077,437.1614799499512
paper,7,61440,298,0.2785234899328859,154.09395973154363,2000,0.0,200.0,2264,1077,437.1614799499512
paper,7,92160,298,0.3221476510067114,146.75503355704697,2000,0.0,200.0,2264,1077,437.1614799499512
paper,7,122880,298,0.3926174496644295,136.1711409395973,2000,0.0,200.0,2264,1077,437.1614799499512
paper,7,153600,298,0.0,200.0,2000,0.0,200.0,2264,1077,437.1614799499512
paper,7,184320,298,0.0,200.0,2000,0.0,200.0,2264,1077,437.1614799499512
paper,7,215040,298,0.0,200.0,2000,0.0,200.0,2264,1077,437.1614799499512
paper,7,245760,298,0.6711409395973155,90.48657718120805,2000,0.0,200.0,2264,1077,437.1614799499512
paper,7,276480,298,0.6711409395973155,90.48657718120805,2000,0.0,200.0,2264,1077,437.1614799499512
paper,7,307200,298,0.6711409395973155,90.48657718120805,2000,0.0,200.0,2264,1077,437.1614799499512
sipacl,7,0,298,0.6208053691275168,129.91610738255034,2000,0.003,199.9065,3164,1525,437.5709738731384
sipacl,7,30720,298,0.0,200.0,2000,0.0,200.0,3164,1525,437.5709738731384
sipacl,7,61440,298,0.0,200.0,2000,0.0,200.0,3164,1525,437.5709738731384
sipacl,7,92160,298,0.0,200.0,2000,0.0,200.0,3164,1525,437.5709738731384
sipacl,7,122880,298,0.4597315436241611,125.54026845637584,2000,0.0,200.0,3164,1525,437.5709738731384
sipacl,7,153600,298,0.6711409395973155,90.48657718120805,2000,0.0,200.0,3164,1525,437.5709738731384
sipacl,7,184320,298,0.6711409395973155,90.48657718120805,2000,0.0,200.0,3164,1525,437.5709738731384
sipacl,7,215040,298,0.6711409395973155,90.48657718120805,2000,0.0,200.0,3164,1525,437.5709738731384
sipacl,7,245760,298,0.6711409395973155,90.48657718120805,2000,0.0,200.0,3164,1525,437.5709738731384
sipacl,7,276480,298,0.6711409395973155,90.48657718120805,2000,0.0,200.0,3164,1525,437.5709738731384
sipacl,7,307200,298,0.6711409395973155,90.48657718120805,2000,0.0,200.0,3164,1525,437.5709738731384
paper_l1,7,0,298,0.0,200.0,2000,0.0,200.0,2684,1309,557.4314641952515
paper_l1,7,30720,298,0.09395973154362416,184.05369127516778,2000,0.0,200.0,2684,1309,557.4314641952515
paper_l1,7,61440,298,0.48322147651006714,120.67114093959732,2000,0.0,200.0,2684,1309,557.4314641952515
paper_l1,7,92160,298,0.5436241610738255,112.3758389261745,2000,0.0,200.0,2684,1309,557.4314641952515
paper_l1,7,122880,298,0.5939597315436241,101.44630872483222,2000,0.0,200.0,2684,1309,557.4314641952515
paper_l1,7,153600,298,0.6711409395973155,90.5738255033557,2000,0.0,200.0,2684,1309,557.4314641952515
paper_l1,7,184320,298,0.6711409395973155,90.48657718120805,2000,0.0,200.0,2684,1309,557.4314641952515
paper_l1,7,215040,298,0.6711409395973155,90.48657718120805,2000,0.0,200.0,2684,1309,557.4314641952515
paper_l1,7,245760,298,0.6711409395973155,90.48657718120805,2000,0.0,200.0,2684,1309,557.4314641952515
paper_l1,7,276480,298,0.6711409395973155,90.48657718120805,2000,0.0,200.0,2684,1309,557.4314641952515
paper_l1,7,307200,298,0.6711409395973155,90.48657718120805,2000,0.0,200.0,2684,1309,557.4314641952515
paper_p02,7,0,298,0.04697986577181208,196.5,2000,0.0,200.0,3447,679,432.36969208717346
paper_p02,7,30720,298,0.5536912751677853,111.18456375838926,2000,0.0,200.0,3447,679,432.36969208717346
paper_p02,7,61440,298,0.6711409395973155,90.53691275167785,2000,0.0,200.0,3447,679,432.36969208717346
paper_p02,7,92160,298,0.6711409395973155,90.48657718120805,2000,0.0,200.0,3447,679,432.36969208717346
paper_p02,7,122880,298,0.6711409395973155,90.48657718120805,2000,0.0,200.0,3447,679,432.36969208717346
paper_p02,7,153600,298,0.6711409395973155,90.48657718120805,2000,0.0,200.0,3447,679,432.36969208717346
paper_p02,7,184320,298,0.6711409395973155,90.48657718120805,2000,0.0,200.0,3447,679,432.36969208717346
paper_p02,7,215040,298,0.6711409395973155,90.48657718120805,2000,0.0,200.0,3447,679,432.36969208717346
paper_p02,7,245760,298,0.6711409395973155,90.48657718120805,2000,0.0,200.0,3447,679,432.36969208717346
paper_p02,7,276480,298,0.6711409395973155,90.48657718120805,2000,0.0,200.0,3447,679,432.36969208717346
paper_p02,7,307200,298,0.6711409395973155,90.48657718120805,2000,0.0,200.0,3447,679,432.36969208717346
sfl,6,0,298,0.5536912751677853,135.68120805369128,2000,0.0,200.0,2557,1245,1492.1367349624634
sfl,6,30720,298,0.49328859060402686,125.1241610738255,2000,0.0,200.0,2557,1245,1492.1367349624634
sfl,6,61440,298,0.6711409395973155,90.48657718120805,2000,0.0,200.0,2557,1245,1492.1367349624634
sfl,6,92160,298,0.6711409395973155,90.48657718120805,2000,0.0,200.0,2557,1245,1492.1367349624634
sfl,6,122880,298,0.6711409395973155,90.48657718120805,2000,0.0,200.0,2557,1245,1492.1367349624634
sfl,6,153600,298,0.6711409395973155,90.48657718120805,2000,0.0,200.0,2557,1245,1492.1367349624634
sfl,6,184320,298,0.6711409395973155,90.48657718120805,2000,0.0,200.0,2557,1245,1492.1367349624634
sfl,6,215040,298,0.6711409395973155,90.48657718120805,2000,0.0,200.0,2557,1245,1492.1367349624634
sfl,6,245760,298,0.6711409395973155,90.48657718120805,2000,0.0,200.0,2557,1245,1492.1367349624634
sfl,6,276480,298,0.6711409395973155,90.48657718120805,2000,0.0,200.0,2557,1245,1492.1367349624634
sfl,6,307200,298,0.6711409395973155,90.48657718120805,2000,0.0,200.0,2557,1245,1492.1367349624634
sfl_p09,6,0,298,0.0,200.0,2000,0.0,200.0,2371,2114,1491.3425438404083
sfl_p09,6,30720,298,0.5805369127516778,103.89261744966443,2000,0.0,200.0,2371,2114,1491.3425438404083
sfl_p09,6,61440,298,0.6711409395973155,90.48657718120805,2000,0.0,200.0,2371,2114,1491.3425438404083
sfl_p09,6,92160,298,0.6711409395973155,90.48657718120805,2000,0.0,200.0,2371,2114,1491.3425438404083
sfl_p09,6,122880,298,0.6711409395973155,90.48657718120805,2000,0.0,200.0,2371,2114,1491.3425438404083
sfl_p09,6,153600,298,0.6711409395973155,90.48657718120805,2000,0.0,200.0,2371,2114,1491.3425438404083
sfl_p09,6,184320,298,0.6711409395973155,90.48657718120805,2000,0.0,200.0,2371,2114,1491.3425438404083
sfl_p09,6,215040,298,0.6711409395973155,90.48657718120805,2000,0.0,200.0,2371,2114,1491.3425438404083
sfl_p09,6,245760,298,0.6711409395973155,90.48657718120805,2000,0.0,200.0,2371,2114,1491.3425438404083
sfl_p09,6,276480,298,0.6711409395973155,90.48657718120805,2000,0.0,200.0,2371,2114,1491.3425438404083
sfl_p09,6,307200,298,0.6711409395973155,90.48657718120805,2000,0.0,200.0,2371,2114,1491.3425438404083
sfl_top20,6,0,298,0.0,200.0,2000,0.0,200.0,2260,1151,1607.312791109085
sfl_top20,6,30720,298,0.0,200.0,2000,0.0,200.0,2260,1151,1607.312791109085
sfl_top20,6,61440,298,0.5805369127516778,105.96644295302013,2000,0.0,200.0,2260,1151,1607.312791109085
sfl_top20,6,92160,298,0.17114093959731544,171.63087248322148,2000,0.0,200.0,2260,1151,1607.312791109085
sfl_top20,6,122880,298,0.6711409395973155,90.48657718120805,2000,0.0,200.0,2260,1151,1607.312791109085
sfl_top20,6,153600,298,0.6711409395973155,90.48657718120805,2000,0.0,200.0,2260,1151,1607.312791109085
sfl_top20,6,184320,298,0.6711409395973155,90.48657718120805,2000,0.0,200.0,2260,1151,1607.312791109085
sfl_top20,6,215040,298,0.6711409395973155,90.48657718120805,2000,0.0,200.0,2260,1151,1607.312791109085
sfl_top20,6,245760,298,0.6711409395973155,90.48657718120805,2000,0.0,200.0,2260,1151,1607.312791109085
sfl_top20,6,276480,298,0.6711409395973155,90.48657718120805,2000,0.0,200.0,2260,1151,1607.312791109085
sfl_top20,6,307200,298,0.6711409395973155,90.48657718120805,2000,0.0,200.0,2260,1151,1607.312791109085
DR,8,0,298,0.42953020134228187,141.09060402684563,2000,0.0,200.0,2313,0,187.87196803092957
DR,8,30720,298,0.0,200.0,2000,0.0,200.0,2313,0,187.87196803092957
DR,8,61440,298,0.0,200.0,2000,0.0,200.0,2313,0,187.87196803092957
DR,8,92160,298,0.4865771812080537,118.53020134228188,2000,0.0,200.0,2313,0,187.87196803092957
DR,8,122880,298,0.15436241610738255,175.1241610738255,2000,0.0,200.0,2313,0,187.87196803092957
DR,8,153600,298,0.587248322147651,102.8489932885906,2000,0.0,200.0,2313,0,187.87196803092957
DR,8,184320,298,0.6711409395973155,90.48657718120805,2000,0.0,200.0,2313,0,187.87196803092957
DR,8,215040,298,0.6711409395973155,90.48657718120805,2000,0.0,200.0,2313,0,187.87196803092957
DR,8,245760,298,0.6711409395973155,90.48657718120805,2000,0.0,200.0,2313,0,187.87196803092957
DR,8,276480,298,0.6711409395973155,90.48657718120805,2000,0.0,200.0,2313,0,187.87196803092957
DR,8,307200,298,0.6711409395973155,90.48657718120805,2000,0.0,200.0,2313,0,187.87196803092957
paper,8,0,298,0.0,200.0,2000,0.0,200.0,2696,1299,188.03703022003174
paper,8,30720,298,0.540268456375839,112.75167785234899,2000,0.0,200.0,2696,1299,188.03703022003174
paper,8,61440,298,0.0,200.0,2000,0.0,200.0,2696,1299,188.03703022003174
paper,8,92160,298,0.6711409395973155,90.48657718120805,2000,0.0,200.0,2696,1299,188.03703022003174
paper,8,122880,298,0.6040268456375839,99.85570469798658,2000,0.0,200.0,2696,1299,188.03703022003174
paper,8,153600,298,0.46308724832214765,127.13758389261746,2000,0.0,200.0,2696,1299,188.03703022003174
paper,8,184320,298,0.6711409395973155,90.48657718120805,2000,0.0,200.0,2696,1299,188.03703022003174
paper,8,215040,298,0.6711409395973155,90.48657718120805,2000,0.0,200.0,2696,1299,188.03703022003174
paper,8,245760,298,0.6711409395973155,90.48657718120805,2000,0.0,200.0,2696,1299,188.03703022003174
paper,8,276480,298,0.6711409395973155,90.48657718120805,2000,0.0,200.0,2696,1299,188.03703022003174
paper,8,307200,298,0.6711409395973155,90.48657718120805,2000,0.0,200.0,2696,1299,188.03703022003174
sipacl,8,0,298,0.0,200.0,2000,0.0,200.0,3135,1566,125.48775696754456
sipacl,8,30720,298,0.0,200.0,2000,0.0,200.0,3135,1566,125.48775696754456
sipacl,8,61440,298,0.0,200.0,2000,0.0,200.0,3135,1566,125.48775696754456
sipacl,8,92160,298,0.0,200.0,2000,0.0,200.0,3135,1566,125.48775696754456
sipacl,8,122880,298,0.6711409395973155,90.48657718120805,2000,0.0,200.0,3135,1566,125.48775696754456
sipacl,8,153600,298,0.6711409395973155,90.48657718120805,2000,0.0,200.0,3135,1566,125.48775696754456
sipacl,8,184320,298,0.6711409395973155,90.48657718120805,2000,0.0,200.0,3135,1566,125.48775696754456
sipacl,8,215040,298,0.6711409395973155,90.48657718120805,2000,0.0,200.0,3135,1566,125.48775696754456
sipacl,8,245760,298,0.6711409395973155,90.48657718120805,2000,0.0,200.0,3135,1566,125.48775696754456
sipacl,8,276480,298,0.6711409395973155,90.48657718120805,2000,0.0,200.0,3135,1566,125.48775696754456
sipacl,8,307200,298,0.6711409395973155,90.48657718120805,2000,0.0,200.0,3135,1566,125.48775696754456
paper_l1,8,0,298,0.7080536912751678,134.70469798657717,2000,0.0815,198.0045,1539,671,184.42128109931946
paper_l1,8,30720,298,0.4395973154362416,128.74496644295303,2000,0.0,200.0,1539,671,184.42128109931946
paper_l1,8,61440,298,0.4429530201342282,128.7214765100671,2000,0.0,200.0,1539,671,184.42128109931946
paper_l1,8,92160,298,0.44966442953020136,132.86577181208054,2000,0.0,200.0,1539,671,184.42128109931946
paper_l1,8,122880,298,0.6711409395973155,90.48657718120805,2000,0.0,200.0,1539,671,184.42128109931946
paper_l1,8,153600,298,0.6644295302013423,93.42953020134229,2000,0.0,200.0,1539,671,184.42128109931946
paper_l1,8,184320,298,0.0,200.0,2000,0.0,200.0,1539,671,184.42128109931946
paper_l1,8,215040,298,0.0,200.0,2000,0.0,200.0,1539,671,184.42128109931946
paper_l1,8,245760,298,0.0,200.0,2000,0.0,200.0,1539,671,184.42128109931946
paper_l1,8,276480,298,0.0,200.0,2000,0.0,200.0,1539,671,184.42128109931946
paper_l1,8,307200,298,0.4597315436241611,125.54026845637584,2000,0.0,200.0,1539,671,184.42128109931946
paper_p02,8,0,298,0.1610738255033557,173.89597315436242,2000,0.0,200.0,2824,545,184.31606578826904
paper_p02,8,30720,298,0.5369127516778524,111.70805369127517,2000,0.0,200.0,2824,545,184.31606578826904
paper_p02,8,61440,298,0.5973154362416108,100.83892617449665,2000,0.0,200.0,2824,545,184.31606578826904
paper_p02,8,92160,298,0.6644295302013423,91.58053691275168,2000,0.0,200.0,2824,545,184.31606578826904
paper_p02,8,122880,298,0.6711409395973155,90.48657718120805,2000,0.0,200.0,2824,545,184.31606578826904
paper_p02,8,153600,298,0.6711409395973155,90.48657718120805,2000,0.0,200.0,2824,545,184.31606578826904
paper_p02,8,184320,298,0.6711409395973155,90.48657718120805,2000,0.0,200.0,2824,545,184.31606578826904
paper_p02,8,215040,298,0.6711409395973155,90.48657718120805,2000,0.0,200.0,2824,545,184.31606578826904
paper_p02,8,245760,298,0.6711409395973155,90.48657718120805,2000,0.0,200.0,2824,545,184.31606578826904
paper_p02,8,276480,298,0.6711409395973155,90.48657718120805,2000,0.0,200.0,2824,545,184.31606578826904
paper_p02,8,307200,298,0.6711409395973155,90.48657718120805,2000,0.0,200.0,2824,545,184.31606578826904
sfl,7,0,298,0.0,200.0,2000,0.0,200.0,2459,1240,935.7394669055939
sfl,7,30720,298,0.24496644295302014,161.09060402684563,2000,0.0,200.0,2459,1240,935.7394669055939
sfl,7,61440,298,0.5234899328859061,113.6241610738255,2000,0.0,200.0,2459,1240,935.7394669055939
sfl,7,92160,298,0.6711409395973155,90.48657718120805,2000,0.0,200.0,2459,1240,935.7394669055939
sfl,7,122880,298,0.6711409395973155,90.48657718120805,2000,0.0,200.0,2459,1240,935.7394669055939
sfl,7,153600,298,0.6711409395973155,90.48657718120805,2000,0.0,200.0,2459,1240,935.7394669055939
sfl,7,184320,298,0.6711409395973155,90.48657718120805,2000,0.0,200.0,2459,1240,935.7394669055939
sfl,7,215040,298,0.6711409395973155,90.48657718120805,2000,0.0,200.0,2459,1240,935.7394669055939
sfl,7,245760,298,0.6711409395973155,90.48657718120805,2000,0.0,200.0,2459,1240,935.7394669055939
sfl,7,276480,298,0.6711409395973155,90.48657718120805,2000,0.0,200.0,2459,1240,935.7394669055939
sfl,7,307200,298,0.6711409395973155,90.48657718120805,2000,0.0,200.0,2459,1240,935.7394669055939
sfl_p09,7,0,298,0.0,200.0,2000,0.0,200.0,2298,2062,870.292328119278
sfl_p09,7,30720,298,0.5671140939597316,107.0,2000,0.0,200.0,2298,2062,870.292328119278
sfl_p09,7,61440,298,0.6711409395973155,90.48657718120805,2000,0.0,200.0,2298,2062,870.292328119278
sfl_p09,7,92160,298,0.6711409395973155,90.48657718120805,2000,0.0,200.0,2298,2062,870.292328119278
sfl_p09,7,122880,298,0.6711409395973155,90.48657718120805,2000,0.0,200.0,2298,2062,870.292328119278
sfl_p09,7,153600,298,0.6711409395973155,90.48657718120805,2000,0.0,200.0,2298,2062,870.292328119278
sfl_p09,7,184320,298,0.6711409395973155,90.48657718120805,2000,0.0,200.0,2298,2062,870.292328119278
sfl_p09,7,215040,298,0.6711409395973155,90.48657718120805,2000,0.0,200.0,2298,2062,870.292328119278
sfl_p09,7,245760,298,0.6711409395973155,90.48657718120805,2000,0.0,200.0,2298,2062,870.292328119278
sfl_p09,7,276480,298,0.6711409395973155,90.48657718120805,2000,0.0,200.0,2298,2062,870.292328119278
sfl_p09,7,307200,298,0.6711409395973155,90.48657718120805,2000,0.0,200.0,2298,2062,870.292328119278
sfl_top20,7,0,298,0.0,200.0,2000,0.0,200.0,2537,1277,750.7316529750824
sfl_top20,7,30720,298,0.5973154362416108,101.29530201342281,2000,0.0,200.0,2537,1277,750.7316529750824
sfl_top20,7,61440,298,0.6711409395973155,90.48657718120805,2000,0.0,200.0,2537,1277,750.7316529750824
sfl_top20,7,92160,298,0.6711409395973155,90.48657718120805,2000,0.0,200.0,2537,1277,750.7316529750824
sfl_top20,7,122880,298,0.6711409395973155,90.48657718120805,2000,0.0,200.0,2537,1277,750.7316529750824
sfl_top20,7,153600,298,0.6711409395973155,90.48657718120805,2000,0.0,200.0,2537,1277,750.7316529750824
sfl_top20,7,184320,298,0.6711409395973155,90.48657718120805,2000,0.0,200.0,2537,1277,750.7316529750824
sfl_top20,7,215040,298,0.6711409395973155,90.48657718120805,2000,0.0,200.0,2537,1277,750.7316529750824
sfl_top20,7,245760,298,0.6711409395973155,90.48657718120805,2000,0.0,200.0,2537,1277,750.7316529750824
sfl_top20,7,276480,298,0.6711409395973155,90.48657718120805,2000,0.0,200.0,2537,1277,750.7316529750824
sfl_top20,7,307200,298,0.6711409395973155,90.48657718120805,2000,0.0,200.0,2537,1277,750.7316529750824
sfl,8,0,298,0.22483221476510068,186.63422818791946,2000,0.0,200.0,2582,1287,745.8372759819031
sfl,8,30720,298,0.5067114093959731,116.36912751677852,2000,0.0,200.0,2582,1287,745.8372759819031
sfl,8,61440,298,0.6342281879194631,96.01677852348993,2000,0.0,200.0,2582,1287,745.8372759819031
sfl,8,92160,298,0.6711409395973155,90.48657718120805,2000,0.0,200.0,2582,1287,745.8372759819031
sfl,8,122880,298,0.6711409395973155,90.48657718120805,2000,0.0,200.0,2582,1287,745.8372759819031
sfl,8,153600,298,0.6711409395973155,90.48657718120805,2000,0.0,200.0,2582,1287,745.8372759819031
sfl,8,184320,298,0.6711409395973155,90.48657718120805,2000,0.0,200.0,2582,1287,745.8372759819031
sfl,8,215040,298,0.6711409395973155,90.48657718120805,2000,0.0,200.0,2582,1287,745.8372759819031
sfl,8,245760,298,0.6711409395973155,90.48657718120805,2000,0.0,200.0,2582,1287,745.8372759819031
sfl,8,276480,298,0.6711409395973155,90.48657718120805,2000,0.0,200.0,2582,1287,745.8372759819031
sfl,8,307200,298,0.6711409395973155,90.48657718120805,2000,0.0,200.0,2582,1287,745.8372759819031
sfl_p09,8,0,298,0.006711409395973154,199.10402684563758,2000,0.0,200.0,2251,2000,686.7019140720367
sfl_p09,8,30720,298,0.21476510067114093,167.0268456375839,2000,0.0,200.0,2251,2000,686.7019140720367
sfl_p09,8,61440,298,0.6711409395973155,90.48657718120805,2000,0.0,200.0,2251,2000,686.7019140720367
sfl_p09,8,92160,298,0.6711409395973155,90.48657718120805,2000,0.0,200.0,2251,2000,686.7019140720367
sfl_p09,8,122880,298,0.6711409395973155,90.48657718120805,2000,0.0,200.0,2251,2000,686.7019140720367
sfl_p09,8,153600,298,0.6711409395973155,90.48657718120805,2000,0.0,200.0,2251,2000,686.7019140720367
sfl_p09,8,184320,298,0.6711409395973155,90.48657718120805,2000,0.0,200.0,2251,2000,686.7019140720367
sfl_p09,8,215040,298,0.6711409395973155,90.48657718120805,2000,0.0,200.0,2251,2000,686.7019140720367
sfl_p09,8,245760,298,0.6711409395973155,90.48657718120805,2000,0.0,200.0,2251,2000,686.7019140720367
sfl_p09,8,276480,298,0.6711409395973155,90.48657718120805,2000,0.0,200.0,2251,2000,686.7019140720367
sfl_p09,8,307200,298,0.6711409395973155,90.48657718120805,2000,0.0,200.0,2251,2000,686.7019140720367
sfl_top20,8,0,298,0.0,200.0,2000,0.0,200.0,2159,1096,687.2195692062378
sfl_top20,8,30720,298,0.5369127516778524,112.92281879194631,2000,0.0,200.0,2159,1096,687.2195692062378
sfl_top20,8,61440,298,0.6711409395973155,90.48657718120805,2000,0.0,200.0,2159,1096,687.2195692062378
sfl_top20,8,92160,298,0.053691275167785234,191.7214765100671,2000,0.0,200.0,2159,1096,687.2195692062378
sfl_top20,8,122880,298,0.0,200.0,2000,0.0,200.0,2159,1096,687.2195692062378
sfl_top20,8,153600,298,0.6644295302013423,91.56375838926175,2000,0.0,200.0,2159,1096,687.2195692062378
sfl_top20,8,184320,298,0.6711409395973155,90.48657718120805,2000,0.0,200.0,2159,1096,687.2195692062378
sfl_top20,8,215040,298,0.6711409395973155,90.48657718120805,2000,0.0,200.0,2159,1096,687.2195692062378
sfl_top20,8,245760,298,0.6711409395973155,90.48657718120805,2000,0.0,200.0,2159,1096,687.2195692062378
sfl_top20,8,276480,298,0.6711409395973155,90.48657718120805,2000,0.0,200.0,2159,1096,687.2195692062378
sfl_top20,8,307200,298,0.6711409395973155,90.48657718120805,2000,0.0,200.0,2159,1096,687.2195692062378
oracle50,1,0,298,0.0,200.0,2000,0.0,200.0,1543,755,129.67223501205444
oracle50,1,30720,298,0.0,200.0,2000,0.0,200.0,1543,755,129.67223501205444
oracle50,1,61440,298,0.5570469798657718,111.36577181208054,2000,0.0,200.0,1543,755,129.67223501205444
oracle50,1,92160,298,0.4563758389261745,126.69798657718121,2000,0.0,200.0,1543,755,129.67223501205444
oracle50,1,122880,298,0.27181208053691275,156.78187919463087,2000,0.0,200.0,1543,755,129.67223501205444
oracle50,1,153600,298,0.0,200.0,2000,0.0,200.0,1543,755,129.67223501205444
oracle50,1,184320,298,0.5268456375838926,113.79194630872483,2000,0.0,200.0,1543,755,129.67223501205444
oracle50,1,215040,298,0.6241610738255033,96.93288590604027,2000,0.0,200.0,1543,755,129.67223501205444
oracle50,1,245760,298,0.6711409395973155,90.60402684563758,2000,0.0,200.0,1543,755,129.67223501205444
oracle50,1,276480,298,0.6711409395973155,90.48657718120805,2000,0.0,200.0,1543,755,129.67223501205444
oracle50,1,307200,298,0.6711409395973155,90.5738255033557,2000,0.0,200.0,1543,755,129.67223501205444
oracle50,2,0,298,0.0,200.0,2000,0.0,200.0,1544,793,129.78029489517212
oracle50,2,30720,298,0.3187919463087248,147.78187919463087,2000,0.0,200.0,1544,793,129.78029489517212
oracle50,2,61440,298,0.4261744966442953,129.4496644295302,2000,0.0,200.0,1544,793,129.78029489517212
oracle50,2,92160,298,0.5536912751677853,109.19463087248322,2000,0.0,200.0,1544,793,129.78029489517212
oracle50,2,122880,298,0.06375838926174497,189.54026845637583,2000,0.0,200.0,1544,793,129.78029489517212
oracle50,2,153600,298,0.0,200.0,2000,0.0,200.0,1544,793,129.78029489517212
oracle50,2,184320,298,0.5604026845637584,108.14429530201342,2000,0.0,200.0,1544,793,129.78029489517212
oracle50,2,215040,298,0.5906040268456376,102.0,2000,0.0,200.0,1544,793,129.78029489517212
oracle50,2,245760,298,0.6510067114093959,93.13758389261746,2000,0.0,200.0,1544,793,129.78029489517212
oracle50,2,276480,298,0.6677852348993288,91.03020134228188,2000,0.0,200.0,1544,793,129.78029489517212
oracle50,2,307200,298,0.6711409395973155,90.53691275167785,2000,0.0,200.0,1544,793,129.78029489517212
oracle50,3,0,298,0.35906040268456374,174.63087248322148,2000,0.0,200.0,1540,784,129.64993715286255
oracle50,3,30720,298,0.0,200.0,2000,0.0,200.0,1540,784,129.64993715286255
oracle50,3,61440,298,0.1342281879194631,184.9496644295302,2000,0.0,200.0,1540,784,129.64993715286255
oracle50,3,92160,298,0.3187919463087248,149.6275167785235,2000,0.0,200.0,1540,784,129.64993715286255
oracle50,3,122880,298,0.2986577181208054,159.29194630872485,2000,0.0,200.0,1540,784,129.64993715286255
oracle50,3,153600,298,0.3624161073825503,151.0771812080537,2000,0.0,200.0,1540,784,129.64993715286255
oracle50,3,184320,298,0.6476510067114094,94.07046979865771,2000,0.0,200.0,1540,784,129.64993715286255
oracle50,3,215040,298,0.6711409395973155,90.54697986577182,2000,0.0,200.0,1540,784,129.64993715286255
oracle50,3,245760,298,0.6711409395973155,90.59060402684564,2000,0.0,200.0,1540,784,129.64993715286255
oracle50,3,276480,298,0.6711409395973155,90.48657718120805,2000,0.0,200.0,1540,784,129.64993715286255
oracle50,3,307200,298,0.6711409395973155,90.49328859060402,2000,0.0,200.0,1540,784,129.64993715286255
oracle50,4,0,298,0.0,200.0,2000,0.0,200.0,1536,773,180.5774221420288
oracle50,4,30720,298,0.48322147651006714,122.13422818791946,2000,0.0,200.0,1536,773,180.5774221420288
oracle50,4,61440,298,0.0,200.0,2000,0.0,200.0,1536,773,180.5774221420288
oracle50,4,92160,298,0.0,200.0,2000,0.0,200.0,1536,773,180.5774221420288
oracle50,4,122880,298,0.0,200.0,2000,0.0,200.0,1536,773,180.5774221420288
oracle50,4,153600,298,0.0,200.0,2000,0.0,200.0,1536,773,180.5774221420288
oracle50,4,184320,298,0.0,200.0,2000,0.0,200.0,1536,773,180.5774221420288
oracle50,4,215040,298,0.0,200.0,2000,0.0,200.0,1536,773,180.5774221420288
oracle50,4,245760,298,0.0,200.0,2000,0.0,200.0,1536,773,180.5774221420288
oracle50,4,276480,298,0.0,200.0,2000,0.0,200.0,1536,773,180.5774221420288
oracle50,4,307200,298,0.0,200.0,2000,0.0,200.0,1536,773,180.5774221420288
oracle50,5,0,298,0.0,200.0,2000,0.0,200.0,1540,774,180.63494682312012
oracle50,5,30720,298,0.02348993288590604,196.21140939597316,2000,0.0,200.0,1540,774,180.63494682312012
oracle50,5,61440,298,0.37583892617449666,138.65771812080536,2000,0.0,200.0,1540,774,180.63494682312012
oracle50,5,92160,298,0.412751677852349,132.21812080536913,2000,0.0,200.0,1540,774,180.63494682312012
oracle50,5,122880,298,0.0436241610738255,192.61409395973155,2000,0.0,200.0,1540,774,180.63494682312012
oracle50,5,153600,298,0.3523489932885906,141.94295302013424,2000,0.0,200.0,1540,774,180.63494682312012
oracle50,5,184320,298,0.06040268456375839,190.18456375838926,2000,0.0,200.0,1540,774,180.63494682312012
oracle50,5,215040,298,0.5939597315436241,101.70469798657719,2000,0.0,200.0,1540,774,180.63494682312012
oracle50,5,245760,298,0.6711409395973155,90.68456375838926,2000,0.0,200.0,1540,774,180.63494682312012
oracle50,5,276480,298,0.6711409395973155,90.48657718120805,2000,0.0,200.0,1540,774,180.63494682312012
oracle50,5,307200,298,0.6711409395973155,90.48657718120805,2000,0.0,200.0,1540,774,180.63494682312012
oracle50,6,0,298,0.0,200.0,2000,0.0,200.0,1538,791,129.25039505958557
oracle50,6,30720,298,0.45302013422818793,126.25503355704699,2000,0.0,200.0,1538,791,129.25039505958557
oracle50,6,61440,298,0.5704697986577181,113.07718120805369,2000,0.0,200.0,1538,791,129.25039505958557
oracle50,6,92160,298,0.6711409395973155,90.54697986577182,2000,0.0,200.0,1538,791,129.25039505958557
oracle50,6,122880,298,0.0,200.0,2000,0.0,200.0,1538,791,129.25039505958557
oracle50,6,153600,298,0.0,200.0,2000,0.0,200.0,1538,791,129.25039505958557
oracle50,6,184320,298,0.0,200.0,2000,0.0,200.0,1538,791,129.25039505958557
oracle50,6,215040,298,0.0,200.0,2000,0.0,200.0,1538,791,129.25039505958557
oracle50,6,245760,298,0.13758389261744966,179.5201342281879,2000,0.0,200.0,1538,791,129.25039505958557
oracle50,6,276480,298,0.0,200.0,2000,0.0,200.0,1538,791,129.25039505958557
oracle50,6,307200,298,0.0,200.0,2000,0.0,200.0,1538,791,129.25039505958557
sfl_p09_top20,1,0,298,0.6342281879194631,121.18120805369128,2000,0.0145,199.7085,2388,2164,563.9441711902618
sfl_p09_top20,1,30720,298,0.2986577181208054,157.86241610738256,2000,0.0,200.0,2388,2164,563.9441711902618
sfl_p09_top20,1,61440,298,0.6711409395973155,90.48657718120805,2000,0.0,200.0,2388,2164,563.9441711902618
sfl_p09_top20,1,92160,298,0.6711409395973155,90.48657718120805,2000,0.0,200.0,2388,2164,563.9441711902618
sfl_p09_top20,1,122880,298,0.6711409395973155,90.48657718120805,2000,0.0,200.0,2388,2164,563.9441711902618
sfl_p09_top20,1,153600,298,0.6711409395973155,90.48657718120805,2000,0.0,200.0,2388,2164,563.9441711902618
sfl_p09_top20,1,184320,298,0.6711409395973155,90.48657718120805,2000,0.0,200.0,2388,2164,563.9441711902618
sfl_p09_top20,1,215040,298,0.6711409395973155,90.48657718120805,2000,0.0,200.0,2388,2164,563.9441711902618
sfl_p09_top20,1,245760,298,0.6711409395973155,90.48657718120805,2000,0.0,200.0,2388,2164,563.9441711902618
sfl_p09_top20,1,276480,298,0.6711409395973155,90.48657718120805,2000,0.0,200.0,2388,2164,563.9441711902618
sfl_p09_top20,1,307200,298,0.6711409395973155,90.48657718120805,2000,0.0,200.0,2388,2164,563.9441711902618
sfl_p09_top20,2,0,298,0.06040268456375839,196.31208053691276,2000,0.0,200.0,2375,2136,563.9295728206635
sfl_p09_top20,2,30720,298,0.6208053691275168,97.47315436241611,2000,0.0,200.0,2375,2136,563.9295728206635
sfl_p09_top20,2,61440,298,0.6711409395973155,90.48657718120805,2000,0.0,200.0,2375,2136,563.9295728206635
sfl_p09_top20,2,92160,298,0.6711409395973155,90.48657718120805,2000,0.0,200.0,2375,2136,563.9295728206635
sfl_p09_top20,2,122880,298,0.6711409395973155,90.48657718120805,2000,0.0,200.0,2375,2136,563.9295728206635
sfl_p09_top20,2,153600,298,0.6711409395973155,90.48657718120805,2000,0.0,200.0,2375,2136,563.9295728206635
sfl_p09_top20,2,184320,298,0.6711409395973155,90.48657718120805,2000,0.0,200.0,2375,2136,563.9295728206635
sfl_p09_top20,2,215040,298,0.6711409395973155,90.48657718120805,2000,0.0,200.0,2375,2136,563.9295728206635
sfl_p09_top20,2,245760,298,0.6711409395973155,90.48657718120805,2000,0.0,200.0,2375,2136,563.9295728206635
sfl_p09_top20,2,276480,298,0.6711409395973155,90.48657718120805,2000,0.0,200.0,2375,2136,563.9295728206635
sfl_p09_top20,2,307200,298,0.6711409395973155,90.48657718120805,2000,0.0,200.0,2375,2136,563.9295728206635
sfl_p09_top20,3,0,298,0.0,200.0,2000,0.0,200.0,2405,2151,564.1041231155396
sfl_p09_top20,3,30720,298,0.6711409395973155,90.48657718120805,2000,0.0,200.0,2405,2151,564.1041231155396
sfl_p09_top20,3,61440,298,0.6711409395973155,90.48657718120805,2000,0.0,200.0,2405,2151,564.1041231155396
sfl_p09_top20,3,92160,298,0.6711409395973155,90.48657718120805,2000,0.0,200.0,2405,2151,564.1041231155396
sfl_p09_top20,3,122880,298,0.6711409395973155,90.48657718120805,2000,0.0,200.0,2405,2151,564.1041231155396
sfl_p09_top20,3,153600,298,0.6711409395973155,90.48657718120805,2000,0.0,200.0,2405,2151,564.1041231155396
sfl_p09_top20,3,184320,298,0.6711409395973155,90.48657718120805,2000,0.0,200.0,2405,2151,564.1041231155396
sfl_p09_top20,3,215040,298,0.6711409395973155,90.48657718120805,2000,0.0,200.0,2405,2151,564.1041231155396
sfl_p09_top20,3,245760,298,0.6711409395973155,90.48657718120805,2000,0.0,200.0,2405,2151,564.1041231155396
sfl_p09_top20,3,276480,298,0.6711409395973155,90.48657718120805,2000,0.0,200.0,2405,2151,564.1041231155396
sfl_p09_top20,3,307200,298,0.6711409395973155,90.48657718120805,2000,0.0,200.0,2405,2151,564.1041231155396
oracle50,7,0,298,0.1610738255033557,173.95637583892616,2000,0.0,200.0,1560,786,243.69808101654053
oracle50,7,30720,298,0.0,200.0,2000,0.0,200.0,1560,786,243.69808101654053
oracle50,7,61440,298,0.15436241610738255,177.64429530201343,2000,0.0,200.0,1560,786,243.69808101654053
oracle50,7,92160,298,0.29194630872483224,153.0738255033557,2000,0.0,200.0,1560,786,243.69808101654053
oracle50,7,122880,298,0.31543624161073824,148.29530201342283,2000,0.0,200.0,1560,786,243.69808101654053
oracle50,7,153600,298,0.34563758389261745,145.80872483221478,2000,0.0,200.0,1560,786,243.69808101654053
oracle50,7,184320,298,0.6711409395973155,90.48657718120805,2000,0.0,200.0,1560,786,243.69808101654053
oracle50,7,215040,298,0.6711409395973155,90.50335570469798,2000,0.0,200.0,1560,786,243.69808101654053
oracle50,7,245760,298,0.6711409395973155,90.48657718120805,2000,0.0,200.0,1560,786,243.69808101654053
oracle50,7,276480,298,0.6711409395973155,90.48657718120805,2000,0.0,200.0,1560,786,243.69808101654053
oracle50,7,307200,298,0.6711409395973155,90.48657718120805,2000,0.0,200.0,1560,786,243.69808101654053
sfl_p09_top20,4,0,298,0.02348993288590604,198.16442953020135,2000,0.0,200.0,2256,2025,677.8448503017426
sfl_p09_top20,4,30720,298,0.6711409395973155,90.48657718120805,2000,0.0,200.0,2256,2025,677.8448503017426
sfl_p09_top20,4,61440,298,0.6711409395973155,90.48657718120805,2000,0.0,200.0,2256,2025,677.8448503017426
sfl_p09_top20,4,92160,298,0.6711409395973155,90.48657718120805,2000,0.0,200.0,2256,2025,677.8448503017426
sfl_p09_top20,4,122880,298,0.6711409395973155,90.48657718120805,2000,0.0,200.0,2256,2025,677.8448503017426
sfl_p09_top20,4,153600,298,0.6711409395973155,90.48657718120805,2000,0.0,200.0,2256,2025,677.8448503017426
sfl_p09_top20,4,184320,298,0.6711409395973155,90.48657718120805,2000,0.0,200.0,2256,2025,677.8448503017426
sfl_p09_top20,4,215040,298,0.6711409395973155,90.48657718120805,2000,0.0,200.0,2256,2025,677.8448503017426
sfl_p09_top20,4,245760,298,0.6711409395973155,90.48657718120805,2000,0.0,200.0,2256,2025,677.8448503017426
sfl_p09_top20,4,276480,298,0.6711409395973155,90.48657718120805,2000,0.0,200.0,2256,2025,677.8448503017426
sfl_p09_top20,4,307200,298,0.6711409395973155,90.48657718120805,2000,0.0,200.0,2256,2025,677.8448503017426
oracle50,8,0,298,0.0,200.0,2000,0.0,200.0,1549,798,243.46967697143555
oracle50,8,30720,298,0.0,200.0,2000,0.0,200.0,1549,798,243.46967697143555
oracle50,8,61440,298,0.0,200.0,2000,0.0,200.0,1549,798,243.46967697143555
oracle50,8,92160,298,0.0,200.0,2000,0.0,200.0,1549,798,243.46967697143555
oracle50,8,122880,298,0.0,200.0,2000,0.0,200.0,1549,798,243.46967697143555
oracle50,8,153600,298,0.0,200.0,2000,0.0,200.0,1549,798,243.46967697143555
oracle50,8,184320,298,0.0,200.0,2000,0.0,200.0,1549,798,243.46967697143555
oracle50,8,215040,298,0.5973154362416108,100.83892617449665,2000,0.0,200.0,1549,798,243.46967697143555
oracle50,8,245760,298,0.6644295302013423,91.64093959731544,2000,0.0,200.0,1549,798,243.46967697143555
oracle50,8,276480,298,0.6711409395973155,90.53355704697987,2000,0.0,200.0,1549,798,243.46967697143555
oracle50,8,307200,298,0.6711409395973155,90.48657718120805,2000,0.0,200.0,1549,798,243.46967697143555
sfl_p09_top20,5,0,298,0.2483221476510067,159.1510067114094,2000,0.0,200.0,2221,1994,682.8227701187134
sfl_p09_top20,5,30720,298,0.5671140939597316,109.24496644295301,2000,0.0,200.0,2221,1994,682.8227701187134
sfl_p09_top20,5,61440,298,0.0,200.0,2000,0.0,200.0,2221,1994,682.8227701187134
sfl_p09_top20,5,92160,298,0.6711409395973155,90.48657718120805,2000,0.0,200.0,2221,1994,682.8227701187134
sfl_p09_top20,5,122880,298,0.6711409395973155,90.48657718120805,2000,0.0,200.0,2221,1994,682.8227701187134
sfl_p09_top20,5,153600,298,0.6711409395973155,90.48657718120805,2000,0.0,200.0,2221,1994,682.8227701187134
sfl_p09_top20,5,184320,298,0.6711409395973155,90.48657718120805,2000,0.0,200.0,2221,1994,682.8227701187134
sfl_p09_top20,5,215040,298,0.6711409395973155,90.48657718120805,2000,0.0,200.0,2221,1994,682.8227701187134
sfl_p09_top20,5,245760,298,0.6711409395973155,90.48657718120805,2000,0.0,200.0,2221,1994,682.8227701187134
sfl_p09_top20,5,276480,298,0.6711409395973155,90.48657718120805,2000,0.0,200.0,2221,1994,682.8227701187134
sfl_p09_top20,5,307200,298,0.6711409395973155,90.48657718120805,2000,0.0,200.0,2221,1994,682.8227701187134
sfl_p09_top20,6,0,298,0.0,200.0,2000,0.0,200.0,2449,2209,618.0499322414398
sfl_p09_top20,6,30720,298,0.5838926174496645,105.27181208053692,2000,0.0,200.0,2449,2209,618.0499322414398
sfl_p09_top20,6,61440,298,0.6711409395973155,90.48657718120805,2000,0.0,200.0,2449,2209,618.0499322414398
sfl_p09_top20,6,92160,298,0.6711409395973155,90.48657718120805,2000,0.0,200.0,2449,2209,618.0499322414398
sfl_p09_top20,6,122880,298,0.6711409395973155,90.48657718120805,2000,0.0,200.0,2449,2209,618.0499322414398
sfl_p09_top20,6,153600,298,0.6711409395973155,90.48657718120805,2000,0.0,200.0,2449,2209,618.0499322414398
sfl_p09_top20,6,184320,298,0.6711409395973155,90.48657718120805,2000,0.0,200.0,2449,2209,618.0499322414398
sfl_p09_top20,6,215040,298,0.6711409395973155,90.48657718120805,2000,0.0,200.0,2449,2209,618.0499322414398
sfl_p09_top20,6,245760,298,0.6711409395973155,90.48657718120805,2000,0.0,200.0,2449,2209,618.0499322414398
sfl_p09_top20,6,276480,298,0.6711409395973155,90.48657718120805,2000,0.0,200.0,2449,2209,618.0499322414398
sfl_p09_top20,6,307200,298,0.6711409395973155,90.48657718120805,2000,0.0,200.0,2449,2209,618.0499322414398
sfl_p09_top20,7,0,298,0.0,200.0,2000,0.0,200.0,2328,2121,744.4320628643036
sfl_p09_top20,7,30720,298,0.42953020134228187,132.81208053691276,2000,0.0,200.0,2328,2121,744.4320628643036
sfl_p09_top20,7,61440,298,0.6711409395973155,90.48657718120805,2000,0.0,200.0,2328,2121,744.4320628643036
sfl_p09_top20,7,92160,298,0.6711409395973155,90.48657718120805,2000,0.0,200.0,2328,2121,744.4320628643036
sfl_p09_top20,7,122880,298,0.6711409395973155,90.48657718120805,2000,0.0,200.0,2328,2121,744.4320628643036
sfl_p09_top20,7,153600,298,0.6711409395973155,90.48657718120805,2000,0.0,200.0,2328,2121,744.4320628643036
sfl_p09_top20,7,184320,298,0.6711409395973155,90.48657718120805,2000,0.0,200.0,2328,2121,744.4320628643036
sfl_p09_top20,7,215040,298,0.6711409395973155,90.48657718120805,2000,0.0,200.0,2328,2121,744.4320628643036
sfl_p09_top20,7,245760,298,0.6711409395973155,90.48657718120805,2000,0.0,200.0,2328,2121,744.4320628643036
sfl_p09_top20,7,276480,298,0.6711409395973155,90.48657718120805,2000,0.0,200.0,2328,2121,744.4320628643036
sfl_p09_top20,7,307200,298,0.6711409395973155,90.48657718120805,2000,0.0,200.0,2328,2121,744.4320628643036
sfl_p09_top20,8,0,298,0.0,200.0,2000,0.0,200.0,2339,2107,563.782457113266
sfl_p09_top20,8,30720,298,0.5469798657718121,111.98993288590604,2000,0.0,200.0,2339,2107,563.782457113266
sfl_p09_top20,8,61440,298,0.6711409395973155,90.48657718120805,2000,0.0,200.0,2339,2107,563.782457113266
sfl_p09_top20,8,92160,298,0.6711409395973155,90.48657718120805,2000,0.0,200.0,2339,2107,563.782457113266
sfl_p09_top20,8,122880,298,0.6711409395973155,90.48657718120805,2000,0.0,200.0,2339,2107,563.782457113266
sfl_p09_top20,8,153600,298,0.6711409395973155,90.48657718120805,2000,0.0,200.0,2339,2107,563.782457113266
sfl_p09_top20,8,184320,298,0.6711409395973155,90.48657718120805,2000,0.0,200.0,2339,2107,563.782457113266
sfl_p09_top20,8,215040,298,0.6711409395973155,90.48657718120805,2000,0.0,200.0,2339,2107,563.782457113266
sfl_p09_top20,8,245760,298,0.6711409395973155,90.48657718120805,2000,0.0,200.0,2339,2107,563.782457113266
sfl_p09_top20,8,276480,298,0.6711409395973155,90.48657718120805,2000,0.0,200.0,2339,2107,563.782457113266
sfl_p09_top20,8,307200,298,0.6711409395973155,90.48657718120805,2000,0.0,200.0,2339,2107,563.782457113266
DR,9,0,298,0.0,200.0,2000,0.0,200.0,2877,0,129.37969708442688
DR,9,30720,298,0.5369127516778524,128.60402684563758,2000,0.0,200.0,2877,0,129.37969708442688
DR,9,61440,298,0.5939597315436241,101.46979865771812,2000,0.0,200.0,2877,0,129.37969708442688
DR,9,92160,298,0.6711409395973155,90.48657718120805,2000,0.0,200.0,2877,0,129.37969708442688
DR,9,122880,298,0.6711409395973155,90.48657718120805,2000,0.0,200.0,2877,0,129.37969708442688
DR,9,153600,298,0.6711409395973155,90.48657718120805,2000,0.0,200.0,2877,0,129.37969708442688
DR,9,184320,298,0.6711409395973155,90.48657718120805,2000,0.0,200.0,2877,0,129.37969708442688
DR,9,215040,298,0.6711409395973155,90.48657718120805,2000,0.0,200.0,2877,0,129.37969708442688
DR,9,245760,298,0.6711409395973155,90.48657718120805,2000,0.0,200.0,2877,0,129.37969708442688
DR,9,276480,298,0.6711409395973155,90.48657718120805,2000,0.0,200.0,2877,0,129.37969708442688
DR,9,307200,298,0.6711409395973155,90.48657718120805,2000,0.0,200.0,2877,0,129.37969708442688
DR,10,0,298,0.0,200.0,2000,0.0,200.0,2939,0,129.3394420146942
DR,10,30720,298,0.20134228187919462,175.65436241610738,2000,0.0,200.0,2939,0,129.3394420146942
DR,10,61440,298,0.6174496644295302,98.52348993288591,2000,0.0,200.0,2939,0,129.3394420146942
DR,10,92160,298,0.6711409395973155,90.48657718120805,2000,0.0,200.0,2939,0,129.3394420146942
DR,10,122880,298,0.6711409395973155,90.48657718120805,2000,0.0,200.0,2939,0,129.3394420146942
DR,10,153600,298,0.6711409395973155,90.48657718120805,2000,0.0,200.0,2939,0,129.3394420146942
DR,10,184320,298,0.6711409395973155,90.48657718120805,2000,0.0,200.0,2939,0,129.3394420146942
DR,10,215040,298,0.6711409395973155,90.48657718120805,2000,0.0,200.0,2939,0,129.3394420146942
DR,10,245760,298,0.6711409395973155,90.48657718120805,2000,0.0,200.0,2939,0,129.3394420146942
DR,10,276480,298,0.6711409395973155,90.48657718120805,2000,0.0,200.0,2939,0,129.3394420146942
DR,10,307200,298,0.6711409395973155,90.48657718120805,2000,0.0,200.0,2939,0,129.3394420146942
DR,11,0,298,0.0,200.0,2000,0.0,200.0,1562,0,242.70511412620544
DR,11,30720,298,0.10067114093959731,185.20469798657717,2000,0.0,200.0,1562,0,242.70511412620544
DR,11,61440,298,0.3959731543624161,139.86912751677852,2000,0.0,200.0,1562,0,242.70511412620544
DR,11,92160,298,0.6610738255033557,91.87248322147651,2000,0.0,200.0,1562,0,242.70511412620544
DR,11,122880,298,0.6711409395973155,90.52348993288591,2000,0.0,200.0,1562,0,242.70511412620544
DR,11,153600,298,0.6711409395973155,90.48657718120805,2000,0.0,200.0,1562,0,242.70511412620544
DR,11,184320,298,0.5067114093959731,117.70134228187919,2000,0.0,200.0,1562,0,242.70511412620544
DR,11,215040,298,0.6711409395973155,90.48657718120805,2000,0.0,200.0,1562,0,242.70511412620544
DR,11,245760,298,0.18456375838926176,172.8489932885906,2000,0.0,200.0,1562,0,242.70511412620544
DR,11,276480,298,0.0,200.0,2000,0.0,200.0,1562,0,242.70511412620544
DR,11,307200,298,0.0,200.0,2000,0.0,200.0,1562,0,242.70511412620544
sfl_p09,9,0,298,0.0,200.0,2000,0.0,200.0,2337,2117,933.1733641624451
sfl_p09,9,30720,298,0.5,117.0503355704698,2000,0.0,200.0,2337,2117,933.1733641624451
sfl_p09,9,61440,298,0.6711409395973155,90.52348993288591,2000,0.0,200.0,2337,2117,933.1733641624451
sfl_p09,9,92160,298,0.6711409395973155,90.48657718120805,2000,0.0,200.0,2337,2117,933.1733641624451
sfl_p09,9,122880,298,0.6711409395973155,90.48657718120805,2000,0.0,200.0,2337,2117,933.1733641624451
sfl_p09,9,153600,298,0.6711409395973155,90.48657718120805,2000,0.0,200.0,2337,2117,933.1733641624451
sfl_p09,9,184320,298,0.6711409395973155,90.48657718120805,2000,0.0,200.0,2337,2117,933.1733641624451
sfl_p09,9,215040,298,0.6711409395973155,90.48657718120805,2000,0.0,200.0,2337,2117,933.1733641624451
sfl_p09,9,245760,298,0.6711409395973155,90.48657718120805,2000,0.0,200.0,2337,2117,933.1733641624451
sfl_p09,9,276480,298,0.6711409395973155,90.48657718120805,2000,0.0,200.0,2337,2117,933.1733641624451
sfl_p09,9,307200,298,0.6711409395973155,90.48657718120805,2000,0.0,200.0,2337,2117,933.1733641624451
sfl_top20,9,0,298,0.4597315436241611,145.81208053691276,2000,0.0,200.0,2467,1271,933.2545568943024
sfl_top20,9,30720,298,0.4395973154362416,131.13422818791946,2000,0.0,200.0,2467,1271,933.2545568943024
sfl_top20,9,61440,298,0.6711409395973155,90.56040268456375,2000,0.0,200.0,2467,1271,933.2545568943024
sfl_top20,9,92160,298,0.6711409395973155,90.48657718120805,2000,0.0,200.0,2467,1271,933.2545568943024
sfl_top20,9,122880,298,0.6711409395973155,90.48657718120805,2000,0.0,200.0,2467,1271,933.2545568943024
sfl_top20,9,153600,298,0.6711409395973155,90.48657718120805,2000,0.0,200.0,2467,1271,933.2545568943024
sfl_top20,9,184320,298,0.6711409395973155,90.48657718120805,2000,0.0,200.0,2467,1271,933.2545568943024
sfl_top20,9,215040,298,0.6711409395973155,90.48657718120805,2000,0.0,200.0,2467,1271,933.2545568943024
sfl_top20,9,245760,298,0.6711409395973155,90.48657718120805,2000,0.0,200.0,2467,1271,933.2545568943024
sfl_top20,9,276480,298,0.6711409395973155,90.48657718120805,2000,0.0,200.0,2467,1271,933.2545568943024
sfl_top20,9,307200,298,0.6711409395973155,90.48657718120805,2000,0.0,200.0,2467,1271,933.2545568943024
sfl_p09,10,0,298,0.06375838926174497,189.8020134228188,2000,0.0,200.0,2210,1964,933.195686340332
sfl_p09,10,30720,298,0.0,200.0,2000,0.0,200.0,2210,1964,933.195686340332
sfl_p09,10,61440,298,0.6711409395973155,90.48657718120805,2000,0.0,200.0,2210,1964,933.195686340332
sfl_p09,10,92160,298,0.6644295302013423,91.55704697986577,2000,0.0,200.0,2210,1964,933.195686340332
sfl_p09,10,122880,298,0.6711409395973155,90.48657718120805,2000,0.0,200.0,2210,1964,933.195686340332
sfl_p09,10,153600,298,0.6711409395973155,90.48657718120805,2000,0.0,200.0,2210,1964,933.195686340332
sfl_p09,10,184320,298,0.6711409395973155,90.48657718120805,2000,0.0,200.0,2210,1964,933.195686340332
sfl_p09,10,215040,298,0.6711409395973155,90.48657718120805,2000,0.0,200.0,2210,1964,933.195686340332
sfl_p09,10,245760,298,0.6711409395973155,90.48657718120805,2000,0.0,200.0,2210,1964,933.195686340332
sfl_p09,10,276480,298,0.6711409395973155,90.48657718120805,2000,0.0,200.0,2210,1964,933.195686340332
sfl_p09,10,307200,298,0.6711409395973155,90.48657718120805,2000,0.0,200.0,2210,1964,933.195686340332
sfl_top20,10,0,298,0.0,200.0,2000,0.0,200.0,2426,1229,933.42786693573
sfl_top20,10,30720,298,0.37583892617449666,141.5268456375839,2000,0.0,200.0,2426,1229,933.42786693573
sfl_top20,10,61440,298,0.0,200.0,2000,0.0,200.0,2426,1229,933.42786693573
sfl_top20,10,92160,298,0.6711409395973155,90.65771812080537,2000,0.0,200.0,2426,1229,933.42786693573
sfl_top20,10,122880,298,0.6711409395973155,90.48657718120805,2000,0.0,200.0,2426,1229,933.42786693573
sfl_top20,10,153600,298,0.6711409395973155,90.48657718120805,2000,0.0,200.0,2426,1229,933.42786693573
sfl_top20,10,184320,298,0.6711409395973155,90.48657718120805,2000,0.0,200.0,2426,1229,933.42786693573
sfl_top20,10,215040,298,0.6711409395973155,90.48657718120805,2000,0.0,200.0,2426,1229,933.42786693573
sfl_top20,10,245760,298,0.6711409395973155,90.48657718120805,2000,0.0,200.0,2426,1229,933.42786693573
sfl_top20,10,276480,298,0.6711409395973155,90.48657718120805,2000,0.0,200.0,2426,1229,933.42786693573
sfl_top20,10,307200,298,0.6711409395973155,90.48657718120805,2000,0.0,200.0,2426,1229,933.42786693573
DR,12,0,298,0.0,200.0,2000,0.0,200.0,2275,0,314.1976418495178
DR,12,30720,298,0.43288590604026844,129.09060402684563,2000,0.0,200.0,2275,0,314.1976418495178
DR,12,61440,298,0.3724832214765101,139.65436241610738,2000,0.0,200.0,2275,0,314.1976418495178
DR,12,92160,298,0.25838926174496646,164.9295302013423,2000,0.0,200.0,2275,0,314.1976418495178
DR,12,122880,298,0.6711409395973155,90.48657718120805,2000,0.0,200.0,2275,0,314.1976418495178
DR,12,153600,298,0.62751677852349,98.63087248322148,2000,0.0,200.0,2275,0,314.1976418495178
DR,12,184320,298,0.6711409395973155,90.48657718120805,2000,0.0,200.0,2275,0,314.1976418495178
DR,12,215040,298,0.6711409395973155,90.48657718120805,2000,0.0,200.0,2275,0,314.1976418495178
DR,12,245760,298,0.6711409395973155,90.48657718120805,2000,0.0,200.0,2275,0,314.1976418495178
DR,12,276480,298,0.6711409395973155,90.48657718120805,2000,0.0,200.0,2275,0,314.1976418495178
DR,12,307200,298,0.6711409395973155,90.48657718120805,2000,0.0,200.0,2275,0,314.1976418495178
sfl_p09,11,0,298,0.0,200.0,2000,0.0,200.0,2214,1966,1235.7495982646942
sfl_p09,11,30720,298,0.4261744966442953,129.95973154362417,2000,0.0,200.0,2214,1966,1235.7495982646942
sfl_p09,11,61440,298,0.0436241610738255,193.50671140939596,2000,0.0,200.0,2214,1966,1235.7495982646942
sfl_p09,11,92160,298,0.6711409395973155,90.63087248322148,2000,0.0005,199.991,2214,1966,1235.7495982646942
sfl_p09,11,122880,298,0.6711409395973155,90.48657718120805,2000,0.0,200.0,2214,1966,1235.7495982646942
sfl_p09,11,153600,298,0.6711409395973155,90.48657718120805,2000,0.0,200.0,2214,1966,1235.7495982646942
sfl_p09,11,184320,298,0.6711409395973155,90.48657718120805,2000,0.0,200.0,2214,1966,1235.7495982646942
sfl_p09,11,215040,298,0.6711409395973155,90.48657718120805,2000,0.0,200.0,2214,1966,1235.7495982646942
sfl_p09,11,245760,298,0.6711409395973155,90.48657718120805,2000,0.0,200.0,2214,1966,1235.7495982646942
sfl_p09,11,276480,298,0.6711409395973155,90.48657718120805,2000,0.0,200.0,2214,1966,1235.7495982646942
sfl_p09,11,307200,298,0.6711409395973155,90.48657718120805,2000,0.0,200.0,2214,1966,1235.7495982646942
DR,13,0,298,0.0,200.0,2000,0.0,200.0,1556,0,431.776004076004
DR,13,30720,298,0.15771812080536912,178.61073825503357,2000,0.0,200.0,1556,0,431.776004076004
DR,13,61440,298,0.0,200.0,2000,0.0,200.0,1556,0,431.776004076004
DR,13,92160,298,0.0,200.0,2000,0.0,200.0,1556,0,431.776004076004
DR,13,122880,298,0.0,200.0,2000,0.0,200.0,1556,0,431.776004076004
DR,13,153600,298,0.0,200.0,2000,0.0,200.0,1556,0,431.776004076004
DR,13,184320,298,0.0,200.0,2000,0.0,200.0,1556,0,431.776004076004
DR,13,215040,298,0.0,200.0,2000,0.0,200.0,1556,0,431.776004076004
DR,13,245760,298,0.0,200.0,2000,0.0,200.0,1556,0,431.776004076004
DR,13,276480,298,0.0,200.0,2000,0.0,200.0,1556,0,431.776004076004
DR,13,307200,298,0.6711409395973155,90.48657718120805,2000,0.0,200.0,1556,0,431.776004076004
sfl_top20,11,0,298,0.0,200.0,2000,0.0,200.0,2378,1179,1305.7934792041779
sfl_top20,11,30720,298,0.0,200.0,2000,0.0,200.0,2378,1179,1305.7934792041779
sfl_top20,11,61440,298,0.0,200.0,2000,0.0,200.0,2378,1179,1305.7934792041779
sfl_top20,11,92160,298,0.6711409395973155,90.48657718120805,2000,0.0,200.0,2378,1179,1305.7934792041779
sfl_top20,11,122880,298,0.6711409395973155,90.48657718120805,2000,0.0,200.0,2378,1179,1305.7934792041779
sfl_top20,11,153600,298,0.6711409395973155,90.48657718120805,2000,0.0,200.0,2378,1179,1305.7934792041779
sfl_top20,11,184320,298,0.6711409395973155,90.48657718120805,2000,0.0,200.0,2378,1179,1305.7934792041779
sfl_top20,11,215040,298,0.6711409395973155,90.48657718120805,2000,0.0,200.0,2378,1179,1305.7934792041779
sfl_top20,11,245760,298,0.6711409395973155,90.48657718120805,2000,0.0,200.0,2378,1179,1305.7934792041779
sfl_top20,11,276480,298,0.6711409395973155,90.48657718120805,2000,0.0,200.0,2378,1179,1305.7934792041779
sfl_top20,11,307200,298,0.6711409395973155,90.48657718120805,2000,0.0,200.0,2378,1179,1305.7934792041779
DR,14,0,298,0.087248322147651,192.6241610738255,2000,0.0,200.0,2818,0,312.6861250400543
DR,14,30720,298,0.1610738255033557,178.3020134228188,2000,0.0,200.0,2818,0,312.6861250400543
DR,14,61440,298,0.5067114093959731,118.61744966442953,2000,0.0,200.0,2818,0,312.6861250400543
DR,14,92160,298,0.6711409395973155,90.52684563758389,2000,0.0,200.0,2818,0,312.6861250400543
DR,14,122880,298,0.6711409395973155,90.48657718120805,2000,0.0,200.0,2818,0,312.6861250400543
DR,14,153600,298,0.6711409395973155,90.48657718120805,2000,0.0,200.0,2818,0,312.6861250400543
DR,14,184320,298,0.6711409395973155,90.48657718120805,2000,0.0,200.0,2818,0,312.6861250400543
DR,14,215040,298,0.6711409395973155,90.48657718120805,2000,0.0,200.0,2818,0,312.6861250400543
DR,14,245760,298,0.6711409395973155,90.48657718120805,2000,0.0,200.0,2818,0,312.6861250400543
DR,14,276480,298,0.6711409395973155,90.48657718120805,2000,0.0,200.0,2818,0,312.6861250400543
DR,14,307200,298,0.6711409395973155,90.48657718120805,2000,0.0,200.0,2818,0,312.6861250400543
sfl_p09,12,0,298,0.23825503355704697,161.06711409395973,2000,0.0,200.0,2307,2071,1345.5488221645355
sfl_p09,12,30720,298,0.30201342281879195,158.84228187919464,2000,0.0,200.0,2307,2071,1345.5488221645355
sfl_p09,12,61440,298,0.6711409395973155,90.48657718120805,2000,0.0,200.0,2307,2071,1345.5488221645355
sfl_p09,12,92160,298,0.6711409395973155,90.48657718120805,2000,0.0,200.0,2307,2071,1345.5488221645355
sfl_p09,12,122880,298,0.6711409395973155,90.48657718120805,2000,0.0,200.0,2307,2071,1345.5488221645355
sfl_p09,12,153600,298,0.6711409395973155,90.48657718120805,2000,0.0,200.0,2307,2071,1345.5488221645355
sfl_p09,12,184320,298,0.6711409395973155,90.48657718120805,2000,0.0,200.0,2307,2071,1345.5488221645355
sfl_p09,12,215040,298,0.6711409395973155,90.48657718120805,2000,0.0,200.0,2307,2071,1345.5488221645355
sfl_p09,12,245760,298,0.6711409395973155,90.48657718120805,2000,0.0,200.0,2307,2071,1345.5488221645355
sfl_p09,12,276480,298,0.6711409395973155,90.48657718120805,2000,0.0,200.0,2307,2071,1345.5488221645355
sfl_p09,12,307200,298,0.6711409395973155,90.48657718120805,2000,0.0,200.0,2307,2071,1345.5488221645355
sfl_top20,12,0,298,0.0,200.0,2000,0.0,200.0,2267,1175,1345.9617528915405
sfl_top20,12,30720,298,0.1174496644295302,182.0201342281879,2000,0.0,200.0,2267,1175,1345.9617528915405
sfl_top20,12,61440,298,0.6711409395973155,90.48657718120805,2000,0.0,200.0,2267,1175,1345.9617528915405
sfl_top20,12,92160,298,0.6711409395973155,90.48657718120805,2000,0.0,200.0,2267,1175,1345.9617528915405
sfl_top20,12,122880,298,0.6677852348993288,92.61409395973155,2000,0.0,200.0,2267,1175,1345.9617528915405
sfl_top20,12,153600,298,0.6711409395973155,90.48657718120805,2000,0.0,200.0,2267,1175,1345.9617528915405
sfl_top20,12,184320,298,0.6711409395973155,90.48657718120805,2000,0.0,200.0,2267,1175,1345.9617528915405
sfl_top20,12,215040,298,0.6711409395973155,90.48657718120805,2000,0.0,200.0,2267,1175,1345.9617528915405
sfl_top20,12,245760,298,0.6711409395973155,90.48657718120805,2000,0.0,200.0,2267,1175,1345.9617528915405
sfl_top20,12,276480,298,0.6711409395973155,90.48657718120805,2000,0.0,200.0,2267,1175,1345.9617528915405
sfl_top20,12,307200,298,0.6711409395973155,90.48657718120805,2000,0.0,200.0,2267,1175,1345.9617528915405
sfl_p09,13,0,298,0.0,200.0,2000,0.0,200.0,2283,2051,1369.2913789749146
sfl_p09,13,30720,298,0.6711409395973155,90.48657718120805,2000,0.0,200.0,2283,2051,1369.2913789749146
sfl_p09,13,61440,298,0.6711409395973155,90.48657718120805,2000,0.0,200.0,2283,2051,1369.2913789749146
sfl_p09,13,92160,298,0.6711409395973155,90.48657718120805,2000,0.0,200.0,2283,2051,1369.2913789749146
sfl_p09,13,122880,298,0.6711409395973155,90.48657718120805,2000,0.0,200.0,2283,2051,1369.2913789749146
sfl_p09,13,153600,298,0.6711409395973155,90.48657718120805,2000,0.0,200.0,2283,2051,1369.2913789749146
sfl_p09,13,184320,298,0.6711409395973155,90.48657718120805,2000,0.0,200.0,2283,2051,1369.2913789749146
sfl_p09,13,215040,298,0.6711409395973155,90.48657718120805,2000,0.0,200.0,2283,2051,1369.2913789749146
sfl_p09,13,245760,298,0.6711409395973155,90.48657718120805,2000,0.0,200.0,2283,2051,1369.2913789749146
sfl_p09,13,276480,298,0.6711409395973155,90.48657718120805,2000,0.0,200.0,2283,2051,1369.2913789749146
sfl_p09,13,307200,298,0.6711409395973155,90.48657718120805,2000,0.0,200.0,2283,2051,1369.2913789749146
DR,15,0,298,0.0,200.0,2000,0.0,200.0,2100,0,337.81896781921387
DR,15,30720,298,0.4865771812080537,120.46979865771812,2000,0.0,200.0,2100,0,337.81896781921387
DR,15,61440,298,0.610738255033557,99.68120805369128,2000,0.0,200.0,2100,0,337.81896781921387
DR,15,92160,298,0.0,200.0,2000,0.0,200.0,2100,0,337.81896781921387
DR,15,122880,298,0.18456375838926176,170.7281879194631,2000,0.0,200.0,2100,0,337.81896781921387
DR,15,153600,298,0.5771812080536913,105.59060402684564,2000,0.0,200.0,2100,0,337.81896781921387
DR,15,184320,298,0.6711409395973155,90.48657718120805,2000,0.0,200.0,2100,0,337.81896781921387
DR,15,215040,298,0.6711409395973155,90.48657718120805,2000,0.0,200.0,2100,0,337.81896781921387
DR,15,245760,298,0.6711409395973155,90.48657718120805,2000,0.0,200.0,2100,0,337.81896781921387
DR,15,276480,298,0.6711409395973155,90.48657718120805,2000,0.0,200.0,2100,0,337.81896781921387
DR,15,307200,298,0.6711409395973155,90.48657718120805,2000,0.0,200.0,2100,0,337.81896781921387
sfl_top20,13,0,298,0.0,200.0,2000,0.0,200.0,2478,1221,1307.4154608249664
sfl_top20,13,30720,298,0.5906040268456376,101.91610738255034,2000,0.0,200.0,2478,1221,1307.4154608249664
sfl_top20,13,61440,298,0.6711409395973155,90.48657718120805,2000,0.0,200.0,2478,1221,1307.4154608249664
sfl_top20,13,92160,298,0.6711409395973155,90.48657718120805,2000,0.0,200.0,2478,1221,1307.4154608249664
sfl_top20,13,122880,298,0.6711409395973155,90.48657718120805,2000,0.0,200.0,2478,1221,1307.4154608249664
sfl_top20,13,153600,298,0.6711409395973155,90.48657718120805,2000,0.0,200.0,2478,1221,1307.4154608249664
sfl_top20,13,184320,298,0.6711409395973155,90.48657718120805,2000,0.0,200.0,2478,1221,1307.4154608249664
sfl_top20,13,215040,298,0.6711409395973155,90.48657718120805,2000,0.0,200.0,2478,1221,1307.4154608249664
sfl_top20,13,245760,298,0.6711409395973155,90.48657718120805,2000,0.0,200.0,2478,1221,1307.4154608249664
sfl_top20,13,276480,298,0.6711409395973155,90.48657718120805,2000,0.0,200.0,2478,1221,1307.4154608249664
sfl_top20,13,307200,298,0.6711409395973155,90.48657718120805,2000,0.0,200.0,2478,1221,1307.4154608249664
DR,16,0,298,0.35570469798657717,148.94630872483222,2000,0.0,200.0,1540,0,242.14570307731628
DR,16,30720,298,0.0,200.0,2000,0.0,200.0,1540,0,242.14570307731628
DR,16,61440,298,0.0,200.0,2000,0.0,200.0,1540,0,242.14570307731628
DR,16,92160,298,0.5637583892617449,106.68456375838926,2000,0.0,200.0,1540,0,242.14570307731628
DR,16,122880,298,0.5939597315436241,101.51677852348993,2000,0.0,200.0,1540,0,242.14570307731628
DR,16,153600,298,0.5805369127516778,118.5738255033557,2000,0.0,200.0,1540,0,242.14570307731628
DR,16,184320,298,0.0,200.0,2000,0.0,200.0,1540,0,242.14570307731628
DR,16,215040,298,0.0,200.0,2000,0.0,200.0,1540,0,242.14570307731628
DR,16,245760,298,0.0,200.0,2000,0.0,200.0,1540,0,242.14570307731628
DR,16,276480,298,0.0,200.0,2000,0.0,200.0,1540,0,242.14570307731628
DR,16,307200,298,0.0,200.0,2000,0.0,200.0,1540,0,242.14570307731628
sfl_p09,14,0,298,0.0,200.0,2000,0.0,200.0,2205,1980,1181.3638389110565
sfl_p09,14,30720,298,0.0,200.0,2000,0.0,200.0,2205,1980,1181.3638389110565
sfl_p09,14,61440,298,0.0,200.0,2000,0.0,200.0,2205,1980,1181.3638389110565
sfl_p09,14,92160,298,0.6711409395973155,90.48657718120805,2000,0.0,200.0,2205,1980,1181.3638389110565
sfl_p09,14,122880,298,0.6711409395973155,90.48657718120805,2000,0.0,200.0,2205,1980,1181.3638389110565
sfl_p09,14,153600,298,0.6711409395973155,90.48657718120805,2000,0.0,200.0,2205,1980,1181.3638389110565
sfl_p09,14,184320,298,0.6711409395973155,90.48657718120805,2000,0.0,200.0,2205,1980,1181.3638389110565
sfl_p09,14,215040,298,0.6711409395973155,90.48657718120805,2000,0.0,200.0,2205,1980,1181.3638389110565
sfl_p09,14,245760,298,0.6711409395973155,90.48657718120805,2000,0.0,200.0,2205,1980,1181.3638389110565
sfl_p09,14,276480,298,0.6711409395973155,90.48657718120805,2000,0.0,200.0,2205,1980,1181.3638389110565
sfl_p09,14,307200,298,0.6711409395973155,90.48657718120805,2000,0.0,200.0,2205,1980,1181.3638389110565
sfl_top20,14,0,298,0.0,200.0,2000,0.0,200.0,2302,1103,1181.2285940647125
sfl_top20,14,30720,298,0.47651006711409394,122.41946308724832,2000,0.0,200.0,2302,1103,1181.2285940647125
sfl_top20,14,61440,298,0.0,200.0,2000,0.0,200.0,2302,1103,1181.2285940647125
sfl_top20,14,92160,298,0.09395973154362416,185.90268456375838,2000,0.0,200.0,2302,1103,1181.2285940647125
sfl_top20,14,122880,298,0.6711409395973155,90.48657718120805,2000,0.0,200.0,2302,1103,1181.2285940647125
sfl_top20,14,153600,298,0.6711409395973155,90.48657718120805,2000,0.0,200.0,2302,1103,1181.2285940647125
sfl_top20,14,184320,298,0.6711409395973155,90.48657718120805,2000,0.0,200.0,2302,1103,1181.2285940647125
sfl_top20,14,215040,298,0.6711409395973155,90.48657718120805,2000,0.0,200.0,2302,1103,1181.2285940647125
sfl_top20,14,245760,298,0.6711409395973155,90.48657718120805,2000,0.0,200.0,2302,1103,1181.2285940647125
sfl_top20,14,276480,298,0.6711409395973155,90.48657718120805,2000,0.0,200.0,2302,1103,1181.2285940647125
sfl_top20,14,307200,298,0.6711409395973155,90.48657718120805,2000,0.0,200.0,2302,1103,1181.2285940647125
DR,17,0,298,0.0,200.0,2000,0.0,200.0,2517,0,435.22644305229187
DR,17,30720,298,0.0,200.0,2000,0.0,200.0,2517,0,435.22644305229187
DR,17,61440,298,0.08053691275167785,191.45637583892616,2000,0.0,200.0,2517,0,435.22644305229187
DR,17,92160,298,0.2348993288590604,174.40939597315437,2000,0.0,200.0,2517,0,435.22644305229187
DR,17,122880,298,0.5335570469798657,117.63758389261746,2000,0.0,200.0,2517,0,435.22644305229187
DR,17,153600,298,0.6711409395973155,90.48657718120805,2000,0.0,200.0,2517,0,435.22644305229187
DR,17,184320,298,0.6711409395973155,90.48657718120805,2000,0.0,200.0,2517,0,435.22644305229187
DR,17,215040,298,0.6711409395973155,90.48657718120805,2000,0.0,200.0,2517,0,435.22644305229187
DR,17,245760,298,0.6711409395973155,90.48657718120805,2000,0.0,200.0,2517,0,435.22644305229187
DR,17,276480,298,0.6711409395973155,90.48657718120805,2000,0.0,200.0,2517,0,435.22644305229187
DR,17,307200,298,0.6711409395973155,90.48657718120805,2000,0.0,200.0,2517,0,435.22644305229187
sfl_p09,15,0,298,0.0,200.0,2000,0.0,200.0,2291,2069,1199.3131840229034
sfl_p09,15,30720,298,0.587248322147651,103.1510067114094,2000,0.0,200.0,2291,2069,1199.3131840229034
sfl_p09,15,61440,298,0.6711409395973155,90.50335570469798,2000,0.0,200.0,2291,2069,1199.3131840229034
sfl_p09,15,92160,298,0.6711409395973155,90.48657718120805,2000,0.0,200.0,2291,2069,1199.3131840229034
sfl_p09,15,122880,298,0.6711409395973155,90.48657718120805,2000,0.0,200.0,2291,2069,1199.3131840229034
sfl_p09,15,153600,298,0.6711409395973155,90.48657718120805,2000,0.0,200.0,2291,2069,1199.3131840229034
sfl_p09,15,184320,298,0.6711409395973155,90.48657718120805,2000,0.0,200.0,2291,2069,1199.3131840229034
sfl_p09,15,215040,298,0.6711409395973155,90.48657718120805,2000,0.0,200.0,2291,2069,1199.3131840229034
sfl_p09,15,245760,298,0.6711409395973155,90.48657718120805,2000,0.0,200.0,2291,2069,1199.3131840229034
sfl_p09,15,276480,298,0.6711409395973155,90.48657718120805,2000,0.0,200.0,2291,2069,1199.3131840229034
sfl_p09,15,307200,298,0.6711409395973155,90.48657718120805,2000,0.0,200.0,2291,2069,1199.3131840229034
sfl_top20,15,0,298,0.0,200.0,2000,0.0,200.0,2436,1234,1112.0956439971924
sfl_top20,15,30720,298,0.5805369127516778,105.46308724832215,2000,0.0,200.0,2436,1234,1112.0956439971924
sfl_top20,15,61440,298,0.6510067114093959,93.2248322147651,2000,0.0,200.0,2436,1234,1112.0956439971924
sfl_top20,15,92160,298,0.6711409395973155,90.48657718120805,2000,0.0,200.0,2436,1234,1112.0956439971924
sfl_top20,15,122880,298,0.6711409395973155,90.48657718120805,2000,0.0,200.0,2436,1234,1112.0956439971924
sfl_top20,15,153600,298,0.6711409395973155,90.48657718120805,2000,0.0,200.0,2436,1234,1112.0956439971924
sfl_top20,15,184320,298,0.6711409395973155,90.48657718120805,2000,0.0,200.0,2436,1234,1112.0956439971924
sfl_top20,15,215040,298,0.6711409395973155,90.48657718120805,2000,0.0,200.0,2436,1234,1112.0956439971924
sfl_top20,15,245760,298,0.6711409395973155,90.48657718120805,2000,0.0,200.0,2436,1234,1112.0956439971924
sfl_top20,15,276480,298,0.6711409395973155,90.48657718120805,2000,0.0,200.0,2436,1234,1112.0956439971924
sfl_top20,15,307200,298,0.6711409395973155,90.48657718120805,2000,0.0,200.0,2436,1234,1112.0956439971924
DR,18,0,298,0.0,200.0,2000,0.0,200.0,1537,0,250.27392387390137
DR,18,30720,298,0.0,200.0,2000,0.0,200.0,1537,0,250.27392387390137
DR,18,61440,298,0.0,200.0,2000,0.0,200.0,1537,0,250.27392387390137
DR,18,92160,298,0.0,200.0,2000,0.0,200.0,1537,0,250.27392387390137
DR,18,122880,298,0.0,200.0,2000,0.0,200.0,1537,0,250.27392387390137
DR,18,153600,298,0.0,200.0,2000,0.0,200.0,1537,0,250.27392387390137
DR,18,184320,298,0.0,200.0,2000,0.0,200.0,1537,0,250.27392387390137
DR,18,215040,298,0.0,200.0,2000,0.0,200.0,1537,0,250.27392387390137
DR,18,245760,298,0.0,200.0,2000,0.0,200.0,1537,0,250.27392387390137
DR,18,276480,298,0.0,200.0,2000,0.0,200.0,1537,0,250.27392387390137
DR,18,307200,298,0.0,200.0,2000,0.0,200.0,1537,0,250.27392387390137
sfl_p09,16,0,298,0.19798657718120805,167.9798657718121,2000,0.0,200.0,2199,1969,1056.431393146515
sfl_p09,16,30720,298,0.0,200.0,2000,0.0,200.0,2199,1969,1056.431393146515
sfl_p09,16,61440,298,0.6711409395973155,90.48657718120805,2000,0.0,200.0,2199,1969,1056.431393146515
sfl_p09,16,92160,298,0.0,200.0,2000,0.0,200.0,2199,1969,1056.431393146515
sfl_p09,16,122880,298,0.6711409395973155,90.48657718120805,2000,0.0,200.0,2199,1969,1056.431393146515
sfl_p09,16,153600,298,0.6711409395973155,90.48657718120805,2000,0.0,200.0,2199,1969,1056.431393146515
sfl_p09,16,184320,298,0.6711409395973155,90.48657718120805,2000,0.0,200.0,2199,1969,1056.431393146515
sfl_p09,16,215040,298,0.6711409395973155,90.48657718120805,2000,0.0,200.0,2199,1969,1056.431393146515
sfl_p09,16,245760,298,0.6711409395973155,90.48657718120805,2000,0.0,200.0,2199,1969,1056.431393146515
sfl_p09,16,276480,298,0.6711409395973155,90.48657718120805,2000,0.0,200.0,2199,1969,1056.431393146515
sfl_p09,16,307200,298,0.6711409395973155,90.48657718120805,2000,0.0,200.0,2199,1969,1056.431393146515
sfl_top20,16,0,298,0.0,200.0,2000,0.0,200.0,2377,1186,995.3264398574829
sfl_top20,16,30720,298,0.0,200.0,2000,0.0,200.0,2377,1186,995.3264398574829
sfl_top20,16,61440,298,0.5973154362416108,101.73154362416108,2000,0.0,200.0,2377,1186,995.3264398574829
sfl_top20,16,92160,298,0.6711409395973155,90.48657718120805,2000,0.0,200.0,2377,1186,995.3264398574829
sfl_top20,16,122880,298,0.6711409395973155,90.48657718120805,2000,0.0,200.0,2377,1186,995.3264398574829
sfl_top20,16,153600,298,0.6711409395973155,90.48657718120805,2000,0.0,200.0,2377,1186,995.3264398574829
sfl_top20,16,184320,298,0.6711409395973155,90.48657718120805,2000,0.0,200.0,2377,1186,995.3264398574829
sfl_top20,16,215040,298,0.6711409395973155,90.48657718120805,2000,0.0,200.0,2377,1186,995.3264398574829
sfl_top20,16,245760,298,0.6711409395973155,90.48657718120805,2000,0.0,200.0,2377,1186,995.3264398574829
sfl_top20,16,276480,298,0.6711409395973155,90.48657718120805,2000,0.0,200.0,2377,1186,995.3264398574829
sfl_top20,16,307200,298,0.6711409395973155,90.48657718120805,2000,0.0,200.0,2377,1186,995.3264398574829
sfl_p09,17,0,298,0.0,200.0,2000,0.0,200.0,2332,2087,998.1751308441162
sfl_p09,17,30720,298,0.5033557046979866,117.53691275167785,2000,0.0,200.0,2332,2087,998.1751308441162
sfl_p09,17,61440,298,0.6711409395973155,90.48657718120805,2000,0.0,200.0,2332,2087,998.1751308441162
sfl_p09,17,92160,298,0.6711409395973155,90.48657718120805,2000,0.0,200.0,2332,2087,998.1751308441162
sfl_p09,17,122880,298,0.6711409395973155,90.48657718120805,2000,0.0,200.0,2332,2087,998.1751308441162
sfl_p09,17,153600,298,0.6711409395973155,90.48657718120805,2000,0.0,200.0,2332,2087,998.1751308441162
sfl_p09,17,184320,298,0.6711409395973155,90.48657718120805,2000,0.0,200.0,2332,2087,998.1751308441162
sfl_p09,17,215040,298,0.6711409395973155,90.48657718120805,2000,0.0,200.0,2332,2087,998.1751308441162
sfl_p09,17,245760,298,0.6711409395973155,90.48657718120805,2000,0.0,200.0,2332,2087,998.1751308441162
sfl_p09,17,276480,298,0.6711409395973155,90.48657718120805,2000,0.0,200.0,2332,2087,998.1751308441162
sfl_p09,17,307200,298,0.6711409395973155,90.48657718120805,2000,0.0,200.0,2332,2087,998.1751308441162
DR,19,0,298,0.674496644295302,116.20134228187919,2000,0.039,199.2295,1548,0,128.3986940383911
DR,19,30720,298,0.17785234899328858,169.8288590604027,2000,0.0,200.0,1548,0,128.3986940383911
DR,19,61440,298,0.6442953020134228,94.16778523489933,2000,0.0,200.0,1548,0,128.3986940383911
DR,19,92160,298,0.37919463087248323,141.4496644295302,2000,0.0,200.0,1548,0,128.3986940383911
DR,19,122880,298,0.0,200.0,2000,0.0,200.0,1548,0,128.3986940383911
DR,19,153600,298,0.6677852348993288,91.00671140939598,2000,0.0,200.0,1548,0,128.3986940383911
DR,19,184320,298,0.6442953020134228,95.10738255033557,2000,0.0,200.0,1548,0,128.3986940383911
DR,19,215040,298,0.2550335570469799,158.88590604026845,2000,0.0,200.0,1548,0,128.3986940383911
DR,19,245760,298,0.10067114093959731,183.48322147651007,2000,0.0,200.0,1548,0,128.3986940383911
DR,19,276480,298,0.5906040268456376,102.08053691275168,2000,0.0,200.0,1548,0,128.3986940383911
DR,19,307200,298,0.43288590604026844,129.61409395973155,2000,0.0,200.0,1548,0,128.3986940383911
sfl_top20,17,0,298,0.0,200.0,2000,0.0,200.0,2524,1191,930.5468327999115
sfl_top20,17,30720,298,0.5,117.62751677852349,2000,0.0,200.0,2524,1191,930.5468327999115
sfl_top20,17,61440,298,0.6711409395973155,90.48657718120805,2000,0.0,200.0,2524,1191,930.5468327999115
sfl_top20,17,92160,298,0.6711409395973155,90.48657718120805,2000,0.0,200.0,2524,1191,930.5468327999115
sfl_top20,17,122880,298,0.6711409395973155,90.48657718120805,2000,0.0,200.0,2524,1191,930.5468327999115
sfl_top20,17,153600,298,0.6711409395973155,90.48657718120805,2000,0.0,200.0,2524,1191,930.5468327999115
sfl_top20,17,184320,298,0.6711409395973155,90.48657718120805,2000,0.0,200.0,2524,1191,930.5468327999115
sfl_top20,17,215040,298,0.6711409395973155,90.48657718120805,2000,0.0,200.0,2524,1191,930.5468327999115
sfl_top20,17,245760,298,0.6711409395973155,90.48657718120805,2000,0.0,200.0,2524,1191,930.5468327999115
sfl_top20,17,276480,298,0.6711409395973155,90.48657718120805,2000,0.0,200.0,2524,1191,930.5468327999115
sfl_top20,17,307200,298,0.6711409395973155,90.48657718120805,2000,0.0,200.0,2524,1191,930.5468327999115
DR,20,0,298,0.0,200.0,2000,0.0,200.0,1549,0,367.27216815948486
DR,20,30720,298,0.44966442953020136,126.43288590604027,2000,0.0,200.0,1549,0,367.27216815948486
DR,20,61440,298,0.47651006711409394,121.20469798657719,2000,0.0,200.0,1549,0,367.27216815948486
DR,20,92160,298,0.33557046979865773,144.8993288590604,2000,0.0,200.0,1549,0,367.27216815948486
DR,20,122880,298,0.5939597315436241,101.53691275167785,2000,0.0,200.0,1549,0,367.27216815948486
DR,20,153600,298,0.6711409395973155,90.48657718120805,2000,0.0,200.0,1549,0,367.27216815948486
DR,20,184320,298,0.6711409395973155,90.48657718120805,2000,0.0,200.0,1549,0,367.27216815948486
DR,20,215040,298,0.5838926174496645,110.51677852348993,2000,0.0,200.0,1549,0,367.27216815948486
DR,20,245760,298,0.6711409395973155,90.48657718120805,2000,0.0,200.0,1549,0,367.27216815948486
DR,20,276480,298,0.0,200.0,2000,0.0,200.0,1549,0,367.27216815948486
DR,20,307200,298,0.6711409395973155,90.48657718120805,2000,0.0,200.0,1549,0,367.27216815948486
sfl_p09,18,0,298,0.0,200.0,2000,0.0,200.0,2160,1930,869.6277108192444
sfl_p09,18,30720,298,0.6711409395973155,90.48657718120805,2000,0.0,200.0,2160,1930,869.6277108192444
sfl_p09,18,61440,298,0.6644295302013423,91.33557046979865,2000,0.0,200.0,2160,1930,869.6277108192444
sfl_p09,18,92160,298,0.0,200.0,2000,0.0,200.0,2160,1930,869.6277108192444
sfl_p09,18,122880,298,0.6711409395973155,90.48657718120805,2000,0.0,200.0,2160,1930,869.6277108192444
sfl_p09,18,153600,298,0.6711409395973155,90.48657718120805,2000,0.0,200.0,2160,1930,869.6277108192444
sfl_p09,18,184320,298,0.6711409395973155,90.48657718120805,2000,0.0,200.0,2160,1930,869.6277108192444
sfl_p09,18,215040,298,0.6711409395973155,90.48657718120805,2000,0.0,200.0,2160,1930,869.6277108192444
sfl_p09,18,245760,298,0.6711409395973155,90.48657718120805,2000,0.0,200.0,2160,1930,869.6277108192444
sfl_p09,18,276480,298,0.6711409395973155,90.48657718120805,2000,0.0,200.0,2160,1930,869.6277108192444
sfl_p09,18,307200,298,0.6711409395973155,90.48657718120805,2000,0.0,200.0,2160,1930,869.6277108192444
sfl_top20,18,0,298,0.0,200.0,2000,0.0,200.0,2535,1282,869.971489906311
sfl_top20,18,30720,298,0.5436241610738255,109.80201342281879,2000,0.0,200.0,2535,1282,869.971489906311
sfl_top20,18,61440,298,0.6711409395973155,90.48657718120805,2000,0.0,200.0,2535,1282,869.971489906311
sfl_top20,18,92160,298,0.6711409395973155,90.48657718120805,2000,0.0,200.0,2535,1282,869.971489906311
sfl_top20,18,122880,298,0.6711409395973155,90.48657718120805,2000,0.0,200.0,2535,1282,869.971489906311
sfl_top20,18,153600,298,0.6711409395973155,90.48657718120805,2000,0.0,200.0,2535,1282,869.971489906311
sfl_top20,18,184320,298,0.6711409395973155,90.48657718120805,2000,0.0,200.0,2535,1282,869.971489906311
sfl_top20,18,215040,298,0.6711409395973155,90.48657718120805,2000,0.0,200.0,2535,1282,869.971489906311
sfl_top20,18,245760,298,0.6711409395973155,90.48657718120805,2000,0.0,200.0,2535,1282,869.971489906311
sfl_top20,18,276480,298,0.6711409395973155,90.48657718120805,2000,0.0,200.0,2535,1282,869.971489906311
sfl_top20,18,307200,298,0.6711409395973155,90.48657718120805,2000,0.0,200.0,2535,1282,869.971489906311
sfl_p09,19,0,298,0.0,200.0,2000,0.0,200.0,2292,2043,993.884045124054
sfl_p09,19,30720,298,0.4228187919463087,129.68456375838926,2000,0.0,200.0,2292,2043,993.884045124054
sfl_p09,19,61440,298,0.0,200.0,2000,0.0,200.0,2292,2043,993.884045124054
sfl_p09,19,92160,298,0.6711409395973155,90.48657718120805,2000,0.0,200.0,2292,2043,993.884045124054
sfl_p09,19,122880,298,0.6711409395973155,90.48657718120805,2000,0.0,200.0,2292,2043,993.884045124054
sfl_p09,19,153600,298,0.6711409395973155,90.48657718120805,2000,0.0,200.0,2292,2043,993.884045124054
sfl_p09,19,184320,298,0.6711409395973155,90.48657718120805,2000,0.0,200.0,2292,2043,993.884045124054
sfl_p09,19,215040,298,0.6711409395973155,90.48657718120805,2000,0.0,200.0,2292,2043,993.884045124054
sfl_p09,19,245760,298,0.6711409395973155,90.48657718120805,2000,0.0,200.0,2292,2043,993.884045124054
sfl_p09,19,276480,298,0.6711409395973155,90.48657718120805,2000,0.0,200.0,2292,2043,993.884045124054
sfl_p09,19,307200,298,0.6711409395973155,90.48657718120805,2000,0.0,200.0,2292,2043,993.884045124054
DR,21,0,298,0.0,200.0,2000,0.0,200.0,2104,0,249.72917199134827
DR,21,30720,298,0.0,200.0,2000,0.0,200.0,2104,0,249.72917199134827
DR,21,61440,298,0.0,200.0,2000,0.0,200.0,2104,0,249.72917199134827
DR,21,92160,298,0.0,200.0,2000,0.0,200.0,2104,0,249.72917199134827
DR,21,122880,298,0.5738255033557047,106.73154362416108,2000,0.0,200.0,2104,0,249.72917199134827
DR,21,153600,298,0.07718120805369127,188.44295302013424,2000,0.0,200.0,2104,0,249.72917199134827
DR,21,184320,298,0.6711409395973155,90.48657718120805,2000,0.0,200.0,2104,0,249.72917199134827
DR,21,215040,298,0.6711409395973155,90.48657718120805,2000,0.0,200.0,2104,0,249.72917199134827
DR,21,245760,298,0.6711409395973155,90.48657718120805,2000,0.0,200.0,2104,0,249.72917199134827
DR,21,276480,298,0.6711409395973155,90.48657718120805,2000,0.0,200.0,2104,0,249.72917199134827
DR,21,307200,298,0.6711409395973155,90.48657718120805,2000,0.0,200.0,2104,0,249.72917199134827
sfl_top20,19,0,298,0.4429530201342282,141.20805369127515,2000,0.0,200.0,2170,1115,993.3671700954437
sfl_top20,19,30720,298,0.3959731543624161,135.99328859060404,2000,0.0,200.0,2170,1115,993.3671700954437
sfl_top20,19,61440,298,0.6711409395973155,90.48657718120805,2000,0.0,200.0,2170,1115,993.3671700954437
sfl_top20,19,92160,298,0.6711409395973155,90.48657718120805,2000,0.0,200.0,2170,1115,993.3671700954437
sfl_top20,19,122880,298,0.6711409395973155,90.48657718120805,2000,0.0,200.0,2170,1115,993.3671700954437
sfl_top20,19,153600,298,0.6711409395973155,90.48657718120805,2000,0.0,200.0,2170,1115,993.3671700954437
sfl_top20,19,184320,298,0.6711409395973155,90.48657718120805,2000,0.0,200.0,2170,1115,993.3671700954437
sfl_top20,19,215040,298,0.6711409395973155,90.48657718120805,2000,0.0,200.0,2170,1115,993.3671700954437
sfl_top20,19,245760,298,0.6711409395973155,90.48657718120805,2000,0.0,200.0,2170,1115,993.3671700954437
sfl_top20,19,276480,298,0.6711409395973155,90.48657718120805,2000,0.0,200.0,2170,1115,993.3671700954437
sfl_top20,19,307200,298,0.6711409395973155,90.48657718120805,2000,0.0,200.0,2170,1115,993.3671700954437
DR,22,0,298,0.026845637583892617,195.6711409395973,2000,0.0,200.0,2793,0,308.8478720188141
DR,22,30720,298,0.5033557046979866,116.9496644295302,2000,0.0,200.0,2793,0,308.8478720188141
DR,22,61440,298,0.6711409395973155,90.5503355704698,2000,0.0,200.0,2793,0,308.8478720188141
DR,22,92160,298,0.6711409395973155,90.48657718120805,2000,0.0,200.0,2793,0,308.8478720188141
DR,22,122880,298,0.6711409395973155,90.48657718120805,2000,0.0,200.0,2793,0,308.8478720188141
DR,22,153600,298,0.6711409395973155,90.48657718120805,2000,0.0,200.0,2793,0,308.8478720188141
DR,22,184320,298,0.6711409395973155,90.48657718120805,2000,0.0,200.0,2793,0,308.8478720188141
DR,22,215040,298,0.6711409395973155,90.48657718120805,2000,0.0,200.0,2793,0,308.8478720188141
DR,22,245760,298,0.6711409395973155,90.48657718120805,2000,0.0,200.0,2793,0,308.8478720188141
DR,22,276480,298,0.6711409395973155,90.48657718120805,2000,0.0,200.0,2793,0,308.8478720188141
DR,22,307200,298,0.6711409395973155,90.48657718120805,2000,0.0,200.0,2793,0,308.8478720188141
sfl_p09,20,0,298,0.2684563758389262,158.26174496644296,2000,0.0,200.0,2053,1841,933.3404211997986
sfl_p09,20,30720,298,0.37583892617449666,154.98657718120805,2000,0.0,200.0,2053,1841,933.3404211997986
sfl_p09,20,61440,298,0.5838926174496645,105.32885906040268,2000,0.0,200.0,2053,1841,933.3404211997986
sfl_p09,20,92160,298,0.0,200.0,2000,0.0,200.0,2053,1841,933.3404211997986
sfl_p09,20,122880,298,0.050335570469798654,192.11744966442953,2000,0.0,200.0,2053,1841,933.3404211997986
sfl_p09,20,153600,298,0.6711409395973155,90.48657718120805,2000,0.0,200.0,2053,1841,933.3404211997986
sfl_p09,20,184320,298,0.6711409395973155,90.48657718120805,2000,0.0,200.0,2053,1841,933.3404211997986
sfl_p09,20,215040,298,0.6711409395973155,90.48657718120805,2000,0.0,200.0,2053,1841,933.3404211997986
sfl_p09,20,245760,298,0.6711409395973155,90.48657718120805,2000,0.0,200.0,2053,1841,933.3404211997986
sfl_p09,20,276480,298,0.6711409395973155,90.48657718120805,2000,0.0,200.0,2053,1841,933.3404211997986
sfl_p09,20,307200,298,0.6711409395973155,90.48657718120805,2000,0.0,200.0,2053,1841,933.3404211997986
sfl_top20,20,0,298,0.0,200.0,2000,0.0,200.0,2516,1266,933.3433108329773
sfl_top20,20,30720,298,0.5671140939597316,106.62080536912751,2000,0.0,200.0,2516,1266,933.3433108329773
sfl_top20,20,61440,298,0.6711409395973155,90.5,2000,0.0,200.0,2516,1266,933.3433108329773
sfl_top20,20,92160,298,0.6711409395973155,90.48657718120805,2000,0.0,200.0,2516,1266,933.3433108329773
sfl_top20,20,122880,298,0.6711409395973155,90.48657718120805,2000,0.0,200.0,2516,1266,933.3433108329773
sfl_top20,20,153600,298,0.6711409395973155,90.48657718120805,2000,0.0,200.0,2516,1266,933.3433108329773
sfl_top20,20,184320,298,0.6711409395973155,90.48657718120805,2000,0.0,200.0,2516,1266,933.3433108329773
sfl_top20,20,215040,298,0.6711409395973155,90.48657718120805,2000,0.0,200.0,2516,1266,933.3433108329773
sfl_top20,20,245760,298,0.6711409395973155,90.48657718120805,2000,0.0,200.0,2516,1266,933.3433108329773
sfl_top20,20,276480,298,0.6711409395973155,90.48657718120805,2000,0.0,200.0,2516,1266,933.3433108329773
sfl_top20,20,307200,298,0.6711409395973155,90.48657718120805,2000,0.0,200.0,2516,1266,933.3433108329773
DR,23,0,298,0.03691275167785235,197.30536912751677,2000,0.0,200.0,2519,0,125.57527089118958
DR,23,30720,298,0.1644295302013423,183.25503355704697,2000,0.0,200.0,2519,0,125.57527089118958
DR,23,61440,298,0.21140939597315436,173.3489932885906,2000,0.0,200.0,2519,0,125.57527089118958
DR,23,92160,298,0.3624161073825503,153.90939597315437,2000,0.0,200.0,2519,0,125.57527089118958
DR,23,122880,298,0.4966442953020134,124.8255033557047,2000,0.0,200.0,2519,0,125.57527089118958
DR,23,153600,298,0.6711409395973155,90.48657718120805,2000,0.0,200.0,2519,0,125.57527089118958
DR,23,184320,298,0.6711409395973155,90.48657718120805,2000,0.0,200.0,2519,0,125.57527089118958
DR,23,215040,298,0.6711409395973155,90.48657718120805,2000,0.0,200.0,2519,0,125.57527089118958
DR,23,245760,298,0.6711409395973155,90.48657718120805,2000,0.0,200.0,2519,0,125.57527089118958
DR,23,276480,298,0.6711409395973155,90.48657718120805,2000,0.0,200.0,2519,0,125.57527089118958
DR,23,307200,298,0.6711409395973155,90.48657718120805,2000,0.0,200.0,2519,0,125.57527089118958
sfl_p09,21,0,298,0.0,200.0,2000,0.0,200.0,2298,2056,869.7981648445129
sfl_p09,21,30720,298,0.40604026845637586,140.70805369127515,2000,0.0,200.0,2298,2056,869.7981648445129
sfl_p09,21,61440,298,0.6711409395973155,90.51677852348993,2000,0.0,200.0,2298,2056,869.7981648445129
sfl_p09,21,92160,298,0.6711409395973155,90.48657718120805,2000,0.0,200.0,2298,2056,869.7981648445129
sfl_p09,21,122880,298,0.6711409395973155,90.48657718120805,2000,0.0,200.0,2298,2056,869.7981648445129
sfl_p09,21,153600,298,0.6711409395973155,90.48657718120805,2000,0.0,200.0,2298,2056,869.7981648445129
sfl_p09,21,184320,298,0.6711409395973155,90.48657718120805,2000,0.0,200.0,2298,2056,869.7981648445129
sfl_p09,21,215040,298,0.6711409395973155,90.48657718120805,2000,0.0,200.0,2298,2056,869.7981648445129
sfl_p09,21,245760,298,0.6711409395973155,90.48657718120805,2000,0.0,200.0,2298,2056,869.7981648445129
sfl_p09,21,276480,298,0.6711409395973155,90.48657718120805,2000,0.0,200.0,2298,2056,869.7981648445129
sfl_p09,21,307200,298,0.6711409395973155,90.48657718120805,2000,0.0,200.0,2298,2056,869.7981648445129
sfl_top20,21,0,298,0.0,200.0,2000,0.0,200.0,2437,1222,870.5146660804749
sfl_top20,21,30720,298,0.13758389261744966,184.36912751677852,2000,0.0,200.0,2437,1222,870.5146660804749
sfl_top20,21,61440,298,0.6711409395973155,90.54697986577182,2000,0.0,200.0,2437,1222,870.5146660804749
sfl_top20,21,92160,298,0.6711409395973155,90.48657718120805,2000,0.0,200.0,2437,1222,870.5146660804749
sfl_top20,21,122880,298,0.6711409395973155,90.48657718120805,2000,0.0,200.0,2437,1222,870.5146660804749
sfl_top20,21,153600,298,0.6711409395973155,90.48657718120805,2000,0.0,200.0,2437,1222,870.5146660804749
sfl_top20,21,184320,298,0.6711409395973155,90.48657718120805,2000,0.0,200.0,2437,1222,870.5146660804749
sfl_top20,21,215040,298,0.6711409395973155,90.48657718120805,2000,0.0,200.0,2437,1222,870.5146660804749
sfl_top20,21,245760,298,0.6711409395973155,90.48657718120805,2000,0.0,200.0,2437,1222,870.5146660804749
sfl_top20,21,276480,298,0.6711409395973155,90.48657718120805,2000,0.0,200.0,2437,1222,870.5146660804749
sfl_top20,21,307200,298,0.6711409395973155,90.48657718120805,2000,0.0,200.0,2437,1222,870.5146660804749
DR,24,0,298,0.08053691275167785,186.9798657718121,2000,0.0,200.0,2374,0,252.9681031703949
DR,24,30720,298,0.0,200.0,2000,0.0,200.0,2374,0,252.9681031703949
DR,24,61440,298,0.0,200.0,2000,0.0,200.0,2374,0,252.9681031703949
DR,24,92160,298,0.0,200.0,2000,0.0,200.0,2374,0,252.9681031703949
DR,24,122880,298,0.1040268456375839,183.43959731543623,2000,0.0,200.0,2374,0,252.9681031703949
DR,24,153600,298,0.08053691275167785,187.88590604026845,2000,0.0,200.0,2374,0,252.9681031703949
DR,24,184320,298,0.6711409395973155,90.48657718120805,2000,0.0,200.0,2374,0,252.9681031703949
DR,24,215040,298,0.6711409395973155,90.48657718120805,2000,0.0,200.0,2374,0,252.9681031703949
DR,24,245760,298,0.6711409395973155,90.48657718120805,2000,0.0,200.0,2374,0,252.9681031703949
DR,24,276480,298,0.6711409395973155,90.48657718120805,2000,0.0,200.0,2374,0,252.9681031703949
DR,24,307200,298,0.6711409395973155,90.48657718120805,2000,0.0,200.0,2374,0,252.9681031703949
sfl_p09,22,0,298,0.0,200.0,2000,0.0,200.0,2415,2157,871.2966020107269
sfl_p09,22,30720,298,0.62751677852349,96.26174496644295,2000,0.0,200.0,2415,2157,871.2966020107269
sfl_p09,22,61440,298,0.6711409395973155,90.48657718120805,2000,0.0,200.0,2415,2157,871.2966020107269
sfl_p09,22,92160,298,0.6711409395973155,90.48657718120805,2000,0.0,200.0,2415,2157,871.2966020107269
sfl_p09,22,122880,298,0.6711409395973155,90.48657718120805,2000,0.0,200.0,2415,2157,871.2966020107269
sfl_p09,22,153600,298,0.6711409395973155,90.48657718120805,2000,0.0,200.0,2415,2157,871.2966020107269
sfl_p09,22,184320,298,0.6711409395973155,90.48657718120805,2000,0.0,200.0,2415,2157,871.2966020107269
sfl_p09,22,215040,298,0.6711409395973155,90.48657718120805,2000,0.0,200.0,2415,2157,871.2966020107269
sfl_p09,22,245760,298,0.6711409395973155,90.48657718120805,2000,0.0,200.0,2415,2157,871.2966020107269
sfl_p09,22,276480,298,0.6711409395973155,90.48657718120805,2000,0.0,200.0,2415,2157,871.2966020107269
sfl_p09,22,307200,298,0.6711409395973155,90.48657718120805,2000,0.0,200.0,2415,2157,871.2966020107269
sfl_top20,22,0,298,0.7416107382550335,102.61073825503355,2000,0.0915,192.162,2547,1314,872.8465416431427
sfl_top20,22,30720,298,0.6208053691275168,97.47315436241611,2000,0.0,200.0,2547,1314,872.8465416431427
sfl_top20,22,61440,298,0.6711409395973155,90.48657718120805,2000,0.0,200.0,2547,1314,872.8465416431427
sfl_top20,22,92160,298,0.6711409395973155,90.48657718120805,2000,0.0,200.0,2547,1314,872.8465416431427
sfl_top20,22,122880,298,0.6711409395973155,90.48657718120805,2000,0.0,200.0,2547,1314,872.8465416431427
sfl_top20,22,153600,298,0.6711409395973155,90.48657718120805,2000,0.0,200.0,2547,1314,872.8465416431427
sfl_top20,22,184320,298,0.6711409395973155,90.48657718120805,2000,0.0,200.0,2547,1314,872.8465416431427
sfl_top20,22,215040,298,0.6711409395973155,90.48657718120805,2000,0.0,200.0,2547,1314,872.8465416431427
sfl_top20,22,245760,298,0.6711409395973155,90.48657718120805,2000,0.0,200.0,2547,1314,872.8465416431427
sfl_top20,22,276480,298,0.6711409395973155,90.48657718120805,2000,0.0,200.0,2547,1314,872.8465416431427
sfl_top20,22,307200,298,0.6711409395973155,90.48657718120805,2000,0.0,200.0,2547,1314,872.8465416431427
sfl_p09,23,0,298,0.174496644295302,171.54362416107384,2000,0.0,200.0,2323,2092,930.1061029434204
sfl_p09,23,30720,298,0.0,200.0,2000,0.0,200.0,2323,2092,930.1061029434204
sfl_p09,23,61440,298,0.5,120.13422818791946,2000,0.0,200.0,2323,2092,930.1061029434204
sfl_p09,23,92160,298,0.6711409395973155,90.48657718120805,2000,0.0,200.0,2323,2092,930.1061029434204
sfl_p09,23,122880,298,0.6711409395973155,90.48657718120805,2000,0.0,200.0,2323,2092,930.1061029434204
sfl_p09,23,153600,298,0.6711409395973155,90.48657718120805,2000,0.0,200.0,2323,2092,930.1061029434204
sfl_p09,23,184320,298,0.6711409395973155,90.48657718120805,2000,0.0,200.0,2323,2092,930.1061029434204
sfl_p09,23,215040,298,0.6711409395973155,90.48657718120805,2000,0.0,200.0,2323,2092,930.1061029434204
sfl_p09,23,245760,298,0.6711409395973155,90.48657718120805,2000,0.0,200.0,2323,2092,930.1061029434204
sfl_p09,23,276480,298,0.6711409395973155,90.48657718120805,2000,0.0,200.0,2323,2092,930.1061029434204
sfl_p09,23,307200,298,0.6711409395973155,90.48657718120805,2000,0.0,200.0,2323,2092,930.1061029434204
sfl_top20,23,0,298,0.0,200.0,2000,0.0,200.0,2517,1227,868.2735638618469
sfl_top20,23,30720,298,0.412751677852349,138.2013422818792,2000,0.0,200.0,2517,1227,868.2735638618469
sfl_top20,23,61440,298,0.6006711409395973,100.71476510067114,2000,0.0,200.0,2517,1227,868.2735638618469
sfl_top20,23,92160,298,0.6711409395973155,90.48657718120805,2000,0.0,200.0,2517,1227,868.2735638618469
sfl_top20,23,122880,298,0.6711409395973155,90.48657718120805,2000,0.0,200.0,2517,1227,868.2735638618469
sfl_top20,23,153600,298,0.6711409395973155,90.48657718120805,2000,0.0,200.0,2517,1227,868.2735638618469
sfl_top20,23,184320,298,0.6711409395973155,90.48657718120805,2000,0.0,200.0,2517,1227,868.2735638618469
sfl_top20,23,215040,298,0.6711409395973155,90.48657718120805,2000,0.0,200.0,2517,1227,868.2735638618469
sfl_top20,23,245760,298,0.6711409395973155,90.48657718120805,2000,0.0,200.0,2517,1227,868.2735638618469
sfl_top20,23,276480,298,0.6711409395973155,90.48657718120805,2000,0.0,200.0,2517,1227,868.2735638618469
sfl_top20,23,307200,298,0.6711409395973155,90.48657718120805,2000,0.0,200.0,2517,1227,868.2735638618469
sfl_p09,24,0,298,0.0,200.0,2000,0.0,200.0,2282,2056,746.8847649097443
sfl_p09,24,30720,298,0.020134228187919462,198.41946308724832,2000,0.0,200.0,2282,2056,746.8847649097443
sfl_p09,24,61440,298,0.6711409395973155,90.48657718120805,2000,0.0,200.0,2282,2056,746.8847649097443
sfl_p09,24,92160,298,0.6711409395973155,90.48657718120805,2000,0.0,200.0,2282,2056,746.8847649097443
sfl_p09,24,122880,298,0.6711409395973155,90.48657718120805,2000,0.0,200.0,2282,2056,746.8847649097443
sfl_p09,24,153600,298,0.6711409395973155,90.48657718120805,2000,0.0,200.0,2282,2056,746.8847649097443
sfl_p09,24,184320,298,0.6711409395973155,90.48657718120805,2000,0.0,200.0,2282,2056,746.8847649097443
sfl_p09,24,215040,298,0.6711409395973155,90.48657718120805,2000,0.0,200.0,2282,2056,746.8847649097443
sfl_p09,24,245760,298,0.6711409395973155,90.48657718120805,2000,0.0,200.0,2282,2056,746.8847649097443
sfl_p09,24,276480,298,0.6711409395973155,90.48657718120805,2000,0.0,200.0,2282,2056,746.8847649097443
sfl_p09,24,307200,298,0.6711409395973155,90.48657718120805,2000,0.0,200.0,2282,2056,746.8847649097443
sfl_top20,24,0,298,0.19798657718120805,188.29194630872485,2000,0.0,200.0,2472,1226,744.8833773136139
sfl_top20,24,30720,298,0.0,200.0,2000,0.0,200.0,2472,1226,744.8833773136139
sfl_top20,24,61440,298,0.0,200.0,2000,0.0,200.0,2472,1226,744.8833773136139
sfl_top20,24,92160,298,0.6711409395973155,90.48657718120805,2000,0.0,200.0,2472,1226,744.8833773136139
sfl_top20,24,122880,298,0.6711409395973155,90.48657718120805,2000,0.0,200.0,2472,1226,744.8833773136139
sfl_top20,24,153600,298,0.6711409395973155,90.48657718120805,2000,0.0,200.0,2472,1226,744.8833773136139
sfl_top20,24,184320,298,0.6711409395973155,90.48657718120805,2000,0.0,200.0,2472,1226,744.8833773136139
sfl_top20,24,215040,298,0.6711409395973155,90.48657718120805,2000,0.0,200.0,2472,1226,744.8833773136139
sfl_top20,24,245760,298,0.6711409395973155,90.48657718120805,2000,0.0,200.0,2472,1226,744.8833773136139
sfl_top20,24,276480,298,0.6711409395973155,90.48657718120805,2000,0.0,200.0,2472,1226,744.8833773136139
sfl_top20,24,307200,298,0.6711409395973155,90.48657718120805,2000,0.0,200.0,2472,1226,744.8833773136139
oracle20,1,0,298,0.0,200.0,2000,0.0,200.0,2122,441,35.18932104110718
oracle20,1,30720,298,0.5771812080536913,105.61409395973155,2000,0.0,200.0,2122,441,35.18932104110718
oracle20,1,61440,298,0.6241610738255033,97.48322147651007,2000,0.0,200.0,2122,441,35.18932104110718
oracle20,1,92160,298,0.6510067114093959,93.24496644295301,2000,0.0,200.0,2122,441,35.18932104110718
oracle20,1,122880,298,0.6711409395973155,90.48657718120805,2000,0.0,200.0,2122,441,35.18932104110718
oracle20,1,153600,298,0.6711409395973155,90.48657718120805,2000,0.0,200.0,2122,441,35.18932104110718
oracle20,1,184320,298,0.6711409395973155,90.48657718120805,2000,0.0,200.0,2122,441,35.18932104110718
oracle20,1,215040,298,0.6711409395973155,90.48657718120805,2000,0.0,200.0,2122,441,35.18932104110718
oracle20,1,245760,298,0.6711409395973155,90.48657718120805,2000,0.0,200.0,2122,441,35.18932104110718
oracle20,1,276480,298,0.6711409395973155,90.48657718120805,2000,0.0,200.0,2122,441,35.18932104110718
oracle20,1,307200,298,0.6711409395973155,90.48657718120805,2000,0.0,200.0,2122,441,35.18932104110718
oracle80,1,0,298,0.0,200.0,2000,0.0,200.0,1536,1246,35.43599486351013
oracle80,1,30720,298,0.0,200.0,2000,0.0,200.0,1536,1246,35.43599486351013
oracle80,1,61440,298,0.0,200.0,2000,0.0,200.0,1536,1246,35.43599486351013
oracle80,1,92160,298,0.0,200.0,2000,0.0,200.0,1536,1246,35.43599486351013
oracle80,1,122880,298,0.0,200.0,2000,0.0,200.0,1536,1246,35.43599486351013
oracle80,1,153600,298,0.0,200.0,2000,0.0,200.0,1536,1246,35.43599486351013
oracle80,1,184320,298,0.0,200.0,2000,0.0,200.0,1536,1246,35.43599486351013
oracle80,1,215040,298,0.0,200.0,2000,0.0,200.0,1536,1246,35.43599486351013
oracle80,1,245760,298,0.0,200.0,2000,0.0,200.0,1536,1246,35.43599486351013
oracle80,1,276480,298,0.0,200.0,2000,0.0,200.0,1536,1246,35.43599486351013
oracle80,1,307200,298,0.0,200.0,2000,0.0,200.0,1536,1246,35.43599486351013
oracle20,2,0,298,0.0,200.0,2000,0.0,200.0,1559,308,35.670263051986694
oracle20,2,30720,298,0.4161073825503356,131.33892617449663,2000,0.0,200.0,1559,308,35.670263051986694
oracle20,2,61440,298,0.14429530201342283,176.40604026845637,2000,0.0,200.0,1559,308,35.670263051986694
oracle20,2,92160,298,0.0,200.0,2000,0.0,200.0,1559,308,35.670263051986694
oracle20,2,122880,298,0.6711409395973155,90.48657718120805,2000,0.0,200.0,1559,308,35.670263051986694
oracle20,2,153600,298,0.6442953020134228,95.58389261744966,2000,0.0,200.0,1559,308,35.670263051986694
oracle20,2,184320,298,0.5771812080536913,106.34228187919463,2000,0.0,200.0,1559,308,35.670263051986694
oracle20,2,215040,298,0.4664429530201342,124.42281879194631,2000,0.0,200.0,1559,308,35.670263051986694
oracle20,2,245760,298,0.6442953020134228,95.10738255033557,2000,0.0,200.0,1559,308,35.670263051986694
oracle20,2,276480,298,0.6711409395973155,90.48657718120805,2000,0.0,200.0,1559,308,35.670263051986694
oracle20,2,307200,298,0.6711409395973155,90.48657718120805,2000,0.0,200.0,1559,308,35.670263051986694
oracle80,2,0,298,0.0,200.0,2000,0.0,200.0,1536,1230,35.560739040374756
oracle80,2,30720,298,0.4966442953020134,118.89261744966443,2000,0.0,200.0,1536,1230,35.560739040374756
oracle80,2,61440,298,0.09395973154362416,185.7013422818792,2000,0.0,200.0,1536,1230,35.560739040374756
oracle80,2,92160,298,0.10738255033557047,183.65436241610738,2000,0.0,200.0,1536,1230,35.560739040374756
oracle80,2,122880,298,0.0,200.0,2000,0.0,200.0,1536,1230,35.560739040374756
oracle80,2,153600,298,0.0,200.0,2000,0.0,200.0,1536,1230,35.560739040374756
oracle80,2,184320,298,0.0,200.0,2000,0.0,200.0,1536,1230,35.560739040374756
oracle80,2,215040,298,0.0,200.0,2000,0.0,200.0,1536,1230,35.560739040374756
oracle80,2,245760,298,0.0,200.0,2000,0.0,200.0,1536,1230,35.560739040374756
oracle80,2,276480,298,0.0,200.0,2000,0.0,200.0,1536,1230,35.560739040374756
oracle80,2,307200,298,0.0,200.0,2000,0.0,200.0,1536,1230,35.560739040374756
oracle20,3,0,298,0.0,200.0,2000,0.0,200.0,1548,318,35.40567708015442
oracle20,3,30720,298,0.0,200.0,2000,0.0,200.0,1548,318,35.40567708015442
oracle20,3,61440,298,0.0,200.0,2000,0.0,200.0,1548,318,35.40567708015442
oracle20,3,92160,298,0.0,200.0,2000,0.0,200.0,1548,318,35.40567708015442
oracle20,3,122880,298,0.010067114093959731,198.9496644295302,2000,0.0,200.0,1548,318,35.40567708015442
oracle20,3,153600,298,0.6711409395973155,90.48657718120805,2000,0.0,200.0,1548,318,35.40567708015442
oracle20,3,184320,298,0.6711409395973155,90.48657718120805,2000,0.0,200.0,1548,318,35.40567708015442
oracle20,3,215040,298,0.0,200.0,2000,0.0,200.0,1548,318,35.40567708015442
oracle20,3,245760,298,0.0,200.0,2000,0.0,200.0,1548,318,35.40567708015442
oracle20,3,276480,298,0.6711409395973155,90.48657718120805,2000,0.0,200.0,1548,318,35.40567708015442
oracle20,3,307200,298,0.6711409395973155,90.48657718120805,2000,0.0,200.0,1548,318,35.40567708015442
oracle80,3,0,298,0.0,200.0,2000,0.0,200.0,1536,1238,33.385493993759155
oracle80,3,30720,298,0.0,200.0,2000,0.0,200.0,1536,1238,33.385493993759155
oracle80,3,61440,298,0.5503355704697986,111.93959731543625,2000,0.0,200.0,1536,1238,33.385493993759155
oracle80,3,92160,298,0.0,200.0,2000,0.0,200.0,1536,1238,33.385493993759155
oracle80,3,122880,298,0.0,200.0,2000,0.0,200.0,1536,1238,33.385493993759155
oracle80,3,153600,298,0.0,200.0,2000,0.0,200.0,1536,1238,33.385493993759155
oracle80,3,184320,298,0.0,200.0,2000,0.0,200.0,1536,1238,33.385493993759155
oracle80,3,215040,298,0.4899328859060403,118.46644295302013,2000,0.0,200.0,1536,1238,33.385493993759155
oracle80,3,245760,298,0.0,200.0,2000,0.0,200.0,1536,1238,33.385493993759155
oracle80,3,276480,298,0.6073825503355704,99.1510067114094,2000,0.0,200.0,1536,1238,33.385493993759155
oracle80,3,307200,298,0.3724832214765101,139.3791946308725,2000,0.0,200.0,1536,1238,33.385493993759155
oracle20,4,0,298,0.0,200.0,2000,0.0,200.0,1556,314,33.56567192077637
oracle20,4,30720,298,0.0,200.0,2000,0.0,200.0,1556,314,33.56567192077637
oracle20,4,61440,298,0.0,200.0,2000,0.0,200.0,1556,314,33.56567192077637
oracle20,4,92160,298,0.0,200.0,2000,0.0,200.0,1556,314,33.56567192077637
oracle20,4,122880,298,0.0,200.0,2000,0.0,200.0,1556,314,33.56567192077637
oracle20,4,153600,298,0.2214765100671141,164.08724832214764,2000,0.0,200.0,1556,314,33.56567192077637
oracle20,4,184320,298,0.0,200.0,2000,0.0,200.0,1556,314,33.56567192077637
oracle20,4,215040,298,0.0,200.0,2000,0.0,200.0,1556,314,33.56567192077637
oracle20,4,245760,298,0.6711409395973155,90.48657718120805,2000,0.0,200.0,1556,314,33.56567192077637
oracle20,4,276480,298,0.6711409395973155,90.48657718120805,2000,0.0,200.0,1556,314,33.56567192077637
oracle20,4,307200,298,0.6711409395973155,90.48657718120805,2000,0.0,200.0,1556,314,33.56567192077637
oracle80,4,0,298,0.0,200.0,2000,0.0,200.0,1536,1214,33.49994993209839
oracle80,4,30720,298,0.42953020134228187,129.6744966442953,2000,0.0,200.0,1536,1214,33.49994993209839
oracle80,4,61440,298,0.0,200.0,2000,0.0,200.0,1536,1214,33.49994993209839
oracle80,4,92160,298,0.0,200.0,2000,0.0,200.0,1536,1214,33.49994993209839
oracle80,4,122880,298,0.0,200.0,2000,0.0,200.0,1536,1214,33.49994993209839
oracle80,4,153600,298,0.0,200.0,2000,0.0,200.0,1536,1214,33.49994993209839
oracle80,4,184320,298,0.0,200.0,2000,0.0,200.0,1536,1214,33.49994993209839
oracle80,4,215040,298,0.0,200.0,2000,0.0,200.0,1536,1214,33.49994993209839
oracle80,4,245760,298,0.053691275167785234,191.53355704697987,2000,0.0,200.0,1536,1214,33.49994993209839
oracle80,4,276480,298,0.6711409395973155,90.48657718120805,2000,0.0,200.0,1536,1214,33.49994993209839
oracle80,4,307200,298,0.6711409395973155,90.48657718120805,2000,0.0,200.0,1536,1214,33.49994993209839
oracle20,5,0,298,0.0,200.0,2000,0.0,200.0,1536,305,33.62984013557434
oracle20,5,30720,298,0.0,200.0,2000,0.0,200.0,1536,305,33.62984013557434
oracle20,5,61440,298,0.0,200.0,2000,0.0,200.0,1536,305,33.62984013557434
oracle20,5,92160,298,0.0,200.0,2000,0.0,200.0,1536,305,33.62984013557434
oracle20,5,122880,298,0.0,200.0,2000,0.0,200.0,1536,305,33.62984013557434
oracle20,5,153600,298,0.0,200.0,2000,0.0,200.0,1536,305,33.62984013557434
oracle20,5,184320,298,0.0,200.0,2000,0.0,200.0,1536,305,33.62984013557434
oracle20,5,215040,298,0.0,200.0,2000,0.0,200.0,1536,305,33.62984013557434
oracle20,5,245760,298,0.0,200.0,2000,0.0,200.0,1536,305,33.62984013557434
oracle20,5,276480,298,0.0,200.0,2000,0.0,200.0,1536,305,33.62984013557434
oracle20,5,307200,298,0.0,200.0,2000,0.0,200.0,1536,305,33.62984013557434
oracle80,5,0,298,0.026845637583892617,198.54697986577182,2000,0.0,200.0,1536,1235,33.89312386512756
oracle80,5,30720,298,0.0,200.0,2000,0.0,200.0,1536,1235,33.89312386512756
oracle80,5,61440,298,0.0,200.0,2000,0.0,200.0,1536,1235,33.89312386512756
oracle80,5,92160,298,0.4463087248322148,124.98657718120805,2000,0.0,200.0,1536,1235,33.89312386512756
oracle80,5,122880,298,0.5973154362416108,100.88590604026845,2000,0.0,200.0,1536,1235,33.89312386512756
oracle80,5,153600,298,0.6040268456375839,99.90939597315436,2000,0.0,200.0,1536,1235,33.89312386512756
oracle80,5,184320,298,0.0,200.0,2000,0.0,200.0,1536,1235,33.89312386512756
oracle80,5,215040,298,0.0,200.0,2000,0.0,200.0,1536,1235,33.89312386512756
oracle80,5,245760,298,0.0,200.0,2000,0.0,200.0,1536,1235,33.89312386512756
oracle80,5,276480,298,0.0,200.0,2000,0.0,200.0,1536,1235,33.89312386512756
oracle80,5,307200,298,0.0,200.0,2000,0.0,200.0,1536,1235,33.89312386512756
oracle20,6,0,298,0.0,200.0,2000,0.0,200.0,2406,479,31.650686025619507
oracle20,6,30720,298,0.43288590604026844,129.79530201342283,2000,0.0,200.0,2406,479,31.650686025619507
oracle20,6,61440,298,0.6711409395973155,90.50335570469798,2000,0.0,200.0,2406,479,31.650686025619507
oracle20,6,92160,298,0.6711409395973155,90.48657718120805,2000,0.0,200.0,2406,479,31.650686025619507
oracle20,6,122880,298,0.6711409395973155,90.48657718120805,2000,0.0,200.0,2406,479,31.650686025619507
oracle20,6,153600,298,0.6711409395973155,90.48657718120805,2000,0.0,200.0,2406,479,31.650686025619507
oracle20,6,184320,298,0.6711409395973155,90.48657718120805,2000,0.0,200.0,2406,479,31.650686025619507
oracle20,6,215040,298,0.6711409395973155,90.48657718120805,2000,0.0,200.0,2406,479,31.650686025619507
oracle20,6,245760,298,0.6711409395973155,90.48657718120805,2000,0.0,200.0,2406,479,31.650686025619507
oracle20,6,276480,298,0.6711409395973155,90.48657718120805,2000,0.0,200.0,2406,479,31.650686025619507
oracle20,6,307200,298,0.6711409395973155,90.48657718120805,2000,0.0,200.0,2406,479,31.650686025619507
oracle80,7,0,298,0.0,200.0,2000,0.0,200.0,1536,1214,34.12882208824158
oracle80,7,30720,298,0.2181208053691275,164.3993288590604,2000,0.0,200.0,1536,1214,34.12882208824158
oracle80,7,61440,298,0.47315436241610737,124.09395973154362,2000,0.0,200.0,1536,1214,34.12882208824158
oracle80,7,92160,298,0.0,200.0,2000,0.0,200.0,1536,1214,34.12882208824158
oracle80,7,122880,298,0.0,200.0,2000,0.0,200.0,1536,1214,34.12882208824158
oracle80,7,153600,298,0.0,200.0,2000,0.0,200.0,1536,1214,34.12882208824158
oracle80,7,184320,298,0.0,200.0,2000,0.0,200.0,1536,1214,34.12882208824158
oracle80,7,215040,298,0.0,200.0,2000,0.0,200.0,1536,1214,34.12882208824158
oracle80,7,245760,298,0.0,200.0,2000,0.0,200.0,1536,1214,34.12882208824158
oracle80,7,276480,298,0.0,200.0,2000,0.0,200.0,1536,1214,34.12882208824158
oracle80,7,307200,298,0.0,200.0,2000,0.0,200.0,1536,1214,34.12882208824158
oracle80,6,0,298,0.0,200.0,2000,0.0,200.0,1538,1230,35.42567205429077
oracle80,6,30720,298,0.0,200.0,2000,0.0,200.0,1538,1230,35.42567205429077
oracle80,6,61440,298,0.053691275167785234,192.90939597315437,2000,0.0,200.0,1538,1230,35.42567205429077
oracle80,6,92160,298,0.33221476510067116,146.1744966442953,2000,0.0,200.0,1538,1230,35.42567205429077
oracle80,6,122880,298,0.3087248322147651,150.70805369127515,2000,0.0,200.0,1538,1230,35.42567205429077
oracle80,6,153600,298,0.40604026845637586,134.49664429530202,2000,0.0,200.0,1538,1230,35.42567205429077
oracle80,6,184320,298,0.28187919463087246,159.99664429530202,2000,0.0,200.0,1538,1230,35.42567205429077
oracle80,6,215040,298,0.0,200.0,2000,0.0,200.0,1538,1230,35.42567205429077
oracle80,6,245760,298,0.0,200.0,2000,0.0,200.0,1538,1230,35.42567205429077
oracle80,6,276480,298,0.0,200.0,2000,0.0,200.0,1538,1230,35.42567205429077
oracle80,6,307200,298,0.006711409395973154,198.89597315436242,2000,0.0,200.0,1538,1230,35.42567205429077
oracle20,7,0,298,0.0,200.0,2000,0.0,200.0,1544,295,35.06726288795471
oracle20,7,30720,298,0.31208053691275167,150.0201342281879,2000,0.0,200.0,1544,295,35.06726288795471
oracle20,7,61440,298,0.0,200.0,2000,0.0,200.0,1544,295,35.06726288795471
oracle20,7,92160,298,0.0,200.0,2000,0.0,200.0,1544,295,35.06726288795471
oracle20,7,122880,298,0.4899328859060403,123.36912751677852,2000,0.0,200.0,1544,295,35.06726288795471
oracle20,7,153600,298,0.6711409395973155,90.48657718120805,2000,0.0,200.0,1544,295,35.06726288795471
oracle20,7,184320,298,0.6711409395973155,90.48657718120805,2000,0.0,200.0,1544,295,35.06726288795471
oracle20,7,215040,298,0.0,200.0,2000,0.0,200.0,1544,295,35.06726288795471
oracle20,7,245760,298,0.0,200.0,2000,0.0,200.0,1544,295,35.06726288795471
oracle20,7,276480,298,0.4597315436241611,125.54026845637584,2000,0.0,200.0,1544,295,35.06726288795471
oracle20,7,307200,298,0.0,200.0,2000,0.0,200.0,1544,295,35.06726288795471
oracle20,8,0,298,0.0,200.0,2000,0.0,200.0,1627,313,36.11743497848511
oracle20,8,30720,298,0.11073825503355705,182.8724832214765,2000,0.0,200.0,1627,313,36.11743497848511
oracle20,8,61440,298,0.20134228187919462,170.36577181208054,2000,0.0,200.0,1627,313,36.11743497848511
oracle20,8,92160,298,0.5939597315436241,101.41275167785236,2000,0.0,200.0,1627,313,36.11743497848511
oracle20,8,122880,298,0.5906040268456376,101.57718120805369,2000,0.0,200.0,1627,313,36.11743497848511
oracle20,8,153600,298,0.0,200.0,2000,0.0,200.0,1627,313,36.11743497848511
oracle20,8,184320,298,0.6711409395973155,90.48657718120805,2000,0.0,200.0,1627,313,36.11743497848511
oracle20,8,215040,298,0.6711409395973155,90.48657718120805,2000,0.0,200.0,1627,313,36.11743497848511
oracle20,8,245760,298,0.6711409395973155,90.48657718120805,2000,0.0,200.0,1627,313,36.11743497848511
oracle20,8,276480,298,0.6711409395973155,90.48657718120805,2000,0.0,200.0,1627,313,36.11743497848511
oracle20,8,307200,298,0.6711409395973155,90.48657718120805,2000,0.0,200.0,1627,313,36.11743497848511
oracle80,8,0,298,0.0,200.0,2000,0.0,200.0,1537,1228,65.33844876289368
oracle80,8,30720,298,0.4261744966442953,130.88255033557047,2000,0.0,200.0,1537,1228,65.33844876289368
oracle80,8,61440,298,0.4664429530201342,125.37919463087249,2000,0.0,200.0,1537,1228,65.33844876289368
oracle80,8,92160,298,0.5704697986577181,107.60738255033557,2000,0.0,200.0,1537,1228,65.33844876289368
oracle80,8,122880,298,0.5067114093959731,118.31543624161074,2000,0.0,200.0,1537,1228,65.33844876289368
oracle80,8,153600,298,0.5805369127516778,105.51342281879195,2000,0.0,200.0,1537,1228,65.33844876289368
oracle80,8,184320,298,0.0,200.0,2000,0.0,200.0,1537,1228,65.33844876289368
oracle80,8,215040,298,0.0,200.0,2000,0.0,200.0,1537,1228,65.33844876289368
oracle80,8,245760,298,0.0,200.0,2000,0.0,200.0,1537,1228,65.33844876289368
oracle80,8,276480,298,0.0,200.0,2000,0.0,200.0,1537,1228,65.33844876289368
oracle80,8,307200,298,0.0,200.0,2000,0.0,200.0,1537,1228,65.33844876289368
oracle50,9,0,298,0.0,200.0,2000,0.0,200.0,1540,771,62.16749811172485
oracle50,9,30720,298,0.19798657718120805,171.4731543624161,2000,0.0,200.0,1540,771,62.16749811172485
oracle50,9,61440,298,0.5234899328859061,113.81208053691275,2000,0.0,200.0,1540,771,62.16749811172485
oracle50,9,92160,298,0.6510067114093959,93.24496644295301,2000,0.0,200.0,1540,771,62.16749811172485
oracle50,9,122880,298,0.62751677852349,97.00671140939598,2000,0.0,200.0,1540,771,62.16749811172485
oracle50,9,153600,298,0.0,200.0,2000,0.0,200.0,1540,771,62.16749811172485
oracle50,9,184320,298,0.0,200.0,2000,0.0,200.0,1540,771,62.16749811172485
oracle50,9,215040,298,0.0,200.0,2000,0.0,200.0,1540,771,62.16749811172485
oracle50,9,245760,298,0.0,200.0,2000,0.0,200.0,1540,771,62.16749811172485
oracle50,9,276480,298,0.0,200.0,2000,0.0,200.0,1540,771,62.16749811172485
oracle50,9,307200,298,0.0,200.0,2000,0.0,200.0,1540,771,62.16749811172485
oracle80,9,0,298,0.0,200.0,2000,0.0,200.0,1537,1238,61.33329725265503
oracle80,9,30720,298,0.15436241610738255,177.78523489932886,2000,0.0,200.0,1537,1238,61.33329725265503
oracle80,9,61440,298,0.087248322147651,189.30872483221478,2000,0.0,200.0,1537,1238,61.33329725265503
oracle80,9,92160,298,0.1644295302013423,177.06711409395973,2000,0.0,200.0,1537,1238,61.33329725265503
oracle80,9,122880,298,0.40939597315436244,131.28523489932886,2000,0.0,200.0,1537,1238,61.33329725265503
oracle80,9,153600,298,0.5973154362416108,100.86577181208054,2000,0.0,200.0,1537,1238,61.33329725265503
oracle80,9,184320,298,0.5939597315436241,101.61409395973155,2000,0.0,200.0,1537,1238,61.33329725265503
oracle80,9,215040,298,0.5637583892617449,106.69463087248322,2000,0.0,200.0,1537,1238,61.33329725265503
oracle80,9,245760,298,0.5503355704697986,109.32885906040268,2000,0.0,200.0,1537,1238,61.33329725265503
oracle80,9,276480,298,0.38926174496644295,135.9765100671141,2000,0.0,200.0,1537,1238,61.33329725265503
oracle80,9,307200,298,0.0,200.0,2000,0.0,200.0,1537,1238,61.33329725265503
oracle20,9,0,298,0.0,200.0,2000,0.0,200.0,2040,417,61.64765381813049
oracle20,9,30720,298,0.40604026845637586,133.248322147651,2000,0.0,200.0,2040,417,61.64765381813049
oracle20,9,61440,298,0.3691275167785235,141.15771812080536,2000,0.0,200.0,2040,417,61.64765381813049
oracle20,9,92160,298,0.2483221476510067,179.71476510067114,2000,0.0,200.0,2040,417,61.64765381813049
oracle20,9,122880,298,0.09731543624161074,192.34228187919464,2000,0.0,200.0,2040,417,61.64765381813049
oracle20,9,153600,298,0.5939597315436241,101.12751677852349,2000,0.0,200.0,2040,417,61.64765381813049
oracle20,9,184320,298,0.6711409395973155,90.48657718120805,2000,0.0,200.0,2040,417,61.64765381813049
oracle20,9,215040,298,0.6711409395973155,90.48657718120805,2000,0.0,200.0,2040,417,61.64765381813049
oracle20,9,245760,298,0.6711409395973155,90.48657718120805,2000,0.0,200.0,2040,417,61.64765381813049
oracle20,9,276480,298,0.6711409395973155,90.48657718120805,2000,0.0,200.0,2040,417,61.64765381813049
oracle20,9,307200,298,0.6711409395973155,90.48657718120805,2000,0.0,200.0,2040,417,61.64765381813049
oracle50,10,0,298,0.0,200.0,2000,0.0,200.0,1547,778,60.75971817970276
oracle50,10,30720,298,0.28187919463087246,163.53355704697987,2000,0.0,200.0,1547,778,60.75971817970276
oracle50,10,61440,298,0.2953020134228188,169.8489932885906,2000,0.0,200.0,1547,778,60.75971817970276
oracle50,10,92160,298,0.5671140939597316,109.37919463087249,2000,0.0,200.0,1547,778,60.75971817970276
oracle50,10,122880,298,0.6577181208053692,95.43624161073825,2000,0.0,200.0,1547,778,60.75971817970276
oracle50,10,153600,298,0.0,200.0,2000,0.0,200.0,1547,778,60.75971817970276
oracle50,10,184320,298,0.050335570469798654,192.11744966442953,2000,0.0,200.0,1547,778,60.75971817970276
oracle50,10,215040,298,0.6711409395973155,90.48657718120805,2000,0.0,200.0,1547,778,60.75971817970276
oracle50,10,245760,298,0.6711409395973155,90.48657718120805,2000,0.0,200.0,1547,778,60.75971817970276
oracle50,10,276480,298,0.6711409395973155,90.48657718120805,2000,0.0,200.0,1547,778,60.75971817970276
oracle50,10,307200,298,0.6711409395973155,90.48657718120805,2000,0.0,200.0,1547,778,60.75971817970276
oracle20,10,0,298,0.0,200.0,2000,0.0,200.0,1541,336,309.8431408405304
oracle20,10,30720,298,0.13087248322147652,181.10402684563758,2000,0.0,200.0,1541,336,309.8431408405304
oracle20,10,61440,298,0.40268456375838924,135.1979865771812,2000,0.0,200.0,1541,336,309.8431408405304
oracle20,10,92160,298,0.540268456375839,111.3489932885906,2000,0.0,200.0,1541,336,309.8431408405304
oracle20,10,122880,298,0.5939597315436241,101.38926174496645,2000,0.0,200.0,1541,336,309.8431408405304
oracle20,10,153600,298,0.0,200.0,2000,0.0,200.0,1541,336,309.8431408405304
oracle20,10,184320,298,0.0,200.0,2000,0.0,200.0,1541,336,309.8431408405304
oracle20,10,215040,298,0.0,200.0,2000,0.0,200.0,1541,336,309.8431408405304
oracle20,10,245760,298,0.0,200.0,2000,0.0,200.0,1541,336,309.8431408405304
oracle20,10,276480,298,0.0,200.0,2000,0.0,200.0,1541,336,309.8431408405304
oracle20,10,307200,298,0.0,200.0,2000,0.0,200.0,1541,336,309.8431408405304
oracle80,10,0,298,0.7550335570469798,107.40939597315436,2000,0.107,190.536,1536,1228,310.1871109008789
oracle80,10,30720,298,0.003355704697986577,199.66442953020135,2000,0.0,200.0,1536,1228,310.1871109008789
oracle80,10,61440,298,0.0,200.0,2000,0.0,200.0,1536,1228,310.1871109008789
oracle80,10,92160,298,0.0,200.0,2000,0.0,200.0,1536,1228,310.1871109008789
oracle80,10,122880,298,0.19798657718120805,170.91275167785236,2000,0.0,200.0,1536,1228,310.1871109008789
oracle80,10,153600,298,0.5570469798657718,107.81208053691275,2000,0.0,200.0,1536,1228,310.1871109008789
oracle80,10,184320,298,0.3087248322147651,149.15771812080536,2000,0.0,200.0,1536,1228,310.1871109008789
oracle80,10,215040,298,0.020134228187919462,196.65436241610738,2000,0.0,200.0,1536,1228,310.1871109008789
oracle80,10,245760,298,0.5771812080536913,104.45302013422818,2000,0.0,200.0,1536,1228,310.1871109008789
oracle80,10,276480,298,0.6711409395973155,90.48657718120805,2000,0.0,200.0,1536,1228,310.1871109008789
oracle80,10,307200,298,0.6208053691275168,97.53020134228188,2000,0.0,200.0,1536,1228,310.1871109008789
oracle50,11,0,298,0.1476510067114094,176.21812080536913,2000,0.0,200.0,1538,742,310.7870419025421
oracle50,11,30720,298,0.5771812080536913,106.15436241610739,2000,0.0,200.0,1538,742,310.7870419025421
oracle50,11,61440,298,0.6711409395973155,90.5738255033557,2000,0.0,200.0,1538,742,310.7870419025421
oracle50,11,92160,298,0.6711409395973155,90.48657718120805,2000,0.0,200.0,1538,742,310.7870419025421
oracle50,11,122880,298,0.6711409395973155,90.48657718120805,2000,0.0,200.0,1538,742,310.7870419025421
oracle50,11,153600,298,0.62751677852349,96.83892617449665,2000,0.0,200.0,1538,742,310.7870419025421
oracle50,11,184320,298,0.5671140939597316,107.76845637583892,2000,0.0,200.0,1538,742,310.7870419025421
oracle50,11,215040,298,0.5503355704697986,133.1241610738255,2000,0.0,200.0,1538,742,310.7870419025421
oracle50,11,245760,298,0.47315436241610737,126.17785234899328,2000,0.0,200.0,1538,742,310.7870419025421
oracle50,11,276480,298,0.0,200.0,2000,0.0,200.0,1538,742,310.7870419025421
oracle50,11,307200,298,0.0,200.0,2000,0.0,200.0,1538,742,310.7870419025421
oracle80,11,0,298,0.3691275167785235,144.61744966442953,2000,0.0,200.0,1536,1228,311.77841877937317
oracle80,11,30720,298,0.18120805369127516,172.50335570469798,2000,0.0,200.0,1536,1228,311.77841877937317
oracle80,11,61440,298,0.32550335570469796,147.2013422818792,2000,0.0,200.0,1536,1228,311.77841877937317
oracle80,11,92160,298,0.18791946308724833,170.23489932885906,2000,0.0,200.0,1536,1228,311.77841877937317
oracle80,11,122880,298,0.17114093959731544,173.08053691275168,2000,0.0,200.0,1536,1228,311.77841877937317
oracle80,11,153600,298,0.0,200.0,2000,0.0,200.0,1536,1228,311.77841877937317
oracle80,11,184320,298,0.0,200.0,2000,0.0,200.0,1536,1228,311.77841877937317
oracle80,11,215040,298,0.0,200.0,2000,0.0,200.0,1536,1228,311.77841877937317
oracle80,11,245760,298,0.0,200.0,2000,0.0,200.0,1536,1228,311.77841877937317
oracle80,11,276480,298,0.0,200.0,2000,0.0,200.0,1536,1228,311.77841877937317
oracle80,11,307200,298,0.0,200.0,2000,0.0,200.0,1536,1228,311.77841877937317
oracle20,11,0,298,0.0,200.0,2000,0.0,200.0,2452,458,312.43567085266113
oracle20,11,30720,298,0.3087248322147651,152.86912751677852,2000,0.0,200.0,2452,458,312.43567085266113
oracle20,11,61440,298,0.4966442953020134,118.13758389261746,2000,0.0,200.0,2452,458,312.43567085266113
oracle20,11,92160,298,0.6711409395973155,90.48657718120805,2000,0.0,200.0,2452,458,312.43567085266113
oracle20,11,122880,298,0.6711409395973155,90.48657718120805,2000,0.0,200.0,2452,458,312.43567085266113
oracle20,11,153600,298,0.6711409395973155,90.48657718120805,2000,0.0,200.0,2452,458,312.43567085266113
oracle20,11,184320,298,0.6711409395973155,90.48657718120805,2000,0.0,200.0,2452,458,312.43567085266113
oracle20,11,215040,298,0.6711409395973155,90.48657718120805,2000,0.0,200.0,2452,458,312.43567085266113
oracle20,11,245760,298,0.6711409395973155,90.48657718120805,2000,0.0,200.0,2452,458,312.43567085266113
oracle20,11,276480,298,0.6711409395973155,90.48657718120805,2000,0.0,200.0,2452,458,312.43567085266113
oracle20,11,307200,298,0.6711409395973155,90.48657718120805,2000,0.0,200.0,2452,458,312.43567085266113
oracle50,12,0,298,0.0,200.0,2000,0.0,200.0,1539,740,451.90356707572937
oracle50,12,30720,298,0.0,200.0,2000,0.0,200.0,1539,740,451.90356707572937
oracle50,12,61440,298,0.030201342281879196,196.28187919463087,2000,0.0,200.0,1539,740,451.90356707572937
oracle50,12,92160,298,0.0,200.0,2000,0.0,200.0,1539,740,451.90356707572937
oracle50,12,122880,298,0.03691275167785235,195.64093959731542,2000,0.0,200.0,1539,740,451.90356707572937
oracle50,12,153600,298,0.06040268456375839,194.29530201342283,2000,0.0,200.0,1539,740,451.90356707572937
oracle50,12,184320,298,0.0,200.0,2000,0.0,200.0,1539,740,451.90356707572937
oracle50,12,215040,298,0.003355704697986577,199.88590604026845,2000,0.0,200.0,1539,740,451.90356707572937
oracle50,12,245760,298,0.15436241610738255,183.45302013422818,2000,0.0,200.0,1539,740,451.90356707572937
oracle50,12,276480,298,0.05704697986577181,192.81543624161074,2000,0.0,200.0,1539,740,451.90356707572937
oracle50,12,307200,298,0.26174496644295303,171.83221476510067,2000,0.0,200.0,1539,740,451.90356707572937
oracle20,12,0,298,0.0,200.0,2000,0.0,200.0,1658,336,452.21612787246704
oracle20,12,30720,298,0.0,200.0,2000,0.0,200.0,1658,336,452.21612787246704
oracle20,12,61440,298,0.0,200.0,2000,0.0,200.0,1658,336,452.21612787246704
oracle20,12,92160,298,0.0,200.0,2000,0.0,200.0,1658,336,452.21612787246704
oracle20,12,122880,298,0.0,200.0,2000,0.0,200.0,1658,336,452.21612787246704
oracle20,12,153600,298,0.2550335570469799,157.8255033557047,2000,0.0,200.0,1658,336,452.21612787246704
oracle20,12,184320,298,0.4899328859060403,118.85234899328859,2000,0.0,200.0,1658,336,452.21612787246704
oracle20,12,215040,298,0.5906040268456376,102.02348993288591,2000,0.0,200.0,1658,336,452.21612787246704
oracle20,12,245760,298,0.6677852348993288,91.06711409395973,2000,0.0,200.0,1658,336,452.21612787246704
oracle20,12,276480,298,0.6711409395973155,90.48657718120805,2000,0.0,200.0,1658,336,452.21612787246704
oracle20,12,307200,298,0.6711409395973155,90.48657718120805,2000,0.0,200.0,1658,336,452.21612787246704
oracle80,12,0,298,0.0,200.0,2000,0.0,200.0,1541,1206,451.81473898887634
oracle80,12,30720,298,0.16778523489932887,174.54697986577182,2000,0.0,200.0,1541,1206,451.81473898887634
oracle80,12,61440,298,0.2953020134228188,156.41610738255034,2000,0.0,200.0,1541,1206,451.81473898887634
oracle80,12,92160,298,0.28859060402684567,157.2248322147651,2000,0.0,200.0,1541,1206,451.81473898887634
oracle80,12,122880,298,0.6677852348993288,90.94295302013423,2000,0.0,200.0,1541,1206,451.81473898887634
oracle80,12,153600,298,0.0,200.0,2000,0.0,200.0,1541,1206,451.81473898887634
oracle80,12,184320,298,0.6711409395973155,90.48657718120805,2000,0.0,200.0,1541,1206,451.81473898887634
oracle80,12,215040,298,0.4597315436241611,125.54026845637584,2000,0.0,200.0,1541,1206,451.81473898887634
oracle80,12,245760,298,0.6073825503355704,99.50335570469798,2000,0.0,200.0,1541,1206,451.81473898887634
oracle80,12,276480,298,0.6140939597315436,98.6006711409396,2000,0.0,200.0,1541,1206,451.81473898887634
oracle80,12,307200,298,0.6208053691275168,97.47315436241611,2000,0.0,200.0,1541,1206,451.81473898887634
oracle50,13,0,298,0.0,200.0,2000,0.0,200.0,1741,867,450.78656697273254
oracle50,13,30720,298,0.25838926174496646,163.64093959731542,2000,0.0,200.0,1741,867,450.78656697273254
oracle50,13,61440,298,0.6140939597315436,98.55369127516778,2000,0.0,200.0,1741,867,450.78656697273254
oracle50,13,92160,298,0.0,200.0,2000,0.0,200.0,1741,867,450.78656697273254
oracle50,13,122880,298,0.5268456375838926,114.21812080536913,2000,0.0,200.0,1741,867,450.78656697273254
oracle50,13,153600,298,0.6711409395973155,90.48657718120805,2000,0.0,200.0,1741,867,450.78656697273254
oracle50,13,184320,298,0.6711409395973155,90.48657718120805,2000,0.0,200.0,1741,867,450.78656697273254
oracle50,13,215040,298,0.6711409395973155,90.48657718120805,2000,0.0,200.0,1741,867,450.78656697273254
oracle50,13,245760,298,0.6711409395973155,90.48657718120805,2000,0.0,200.0,1741,867,450.78656697273254
oracle50,13,276480,298,0.6711409395973155,90.48657718120805,2000,0.0,200.0,1741,867,450.78656697273254
oracle50,13,307200,298,0.6711409395973155,90.48657718120805,2000,0.0,200.0,1741,867,450.78656697273254
oracle20,13,0,298,0.30201342281879195,150.251677852349,2000,0.0,200.0,2403,526,450.63649010658264
oracle20,13,30720,298,0.20469798657718122,165.38590604026845,2000,0.0,200.0,2403,526,450.63649010658264
oracle20,13,61440,298,0.6711409395973155,90.48657718120805,2000,0.0,200.0,2403,526,450.63649010658264
oracle20,13,92160,298,0.6711409395973155,90.48657718120805,2000,0.0,200.0,2403,526,450.63649010658264
oracle20,13,122880,298,0.6711409395973155,90.48657718120805,2000,0.0,200.0,2403,526,450.63649010658264
oracle20,13,153600,298,0.6711409395973155,90.48657718120805,2000,0.0,200.0,2403,526,450.63649010658264
oracle20,13,184320,298,0.6711409395973155,90.48657718120805,2000,0.0,200.0,2403,526,450.63649010658264
oracle20,13,215040,298,0.6711409395973155,90.48657718120805,2000,0.0,200.0,2403,526,450.63649010658264
oracle20,13,245760,298,0.6711409395973155,90.48657718120805,2000,0.0,200.0,2403,526,450.63649010658264
oracle20,13,276480,298,0.6711409395973155,90.48657718120805,2000,0.0,200.0,2403,526,450.63649010658264
oracle20,13,307200,298,0.6711409395973155,90.48657718120805,2000,0.0,200.0,2403,526,450.63649010658264
oracle80,13,0,298,0.3087248322147651,149.54026845637583,2000,0.0,200.0,1538,1231,21.73899507522583
oracle80,13,30720,298,0.4798657718120805,120.88590604026845,2000,0.0,200.0,1538,1231,21.73899507522583
oracle80,13,61440,298,0.5704697986577181,105.42281879194631,2000,0.0,200.0,1538,1231,21.73899507522583
oracle80,13,92160,298,0.5906040268456376,102.0,2000,0.0,200.0,1538,1231,21.73899507522583
oracle80,13,122880,298,0.4966442953020134,117.6241610738255,2000,0.0,200.0,1538,1231,21.73899507522583
oracle80,13,153600,298,0.3087248322147651,150.50671140939596,2000,0.0,200.0,1538,1231,21.73899507522583
oracle80,13,184320,298,0.5604026845637584,111.70805369127517,2000,0.0,200.0,1538,1231,21.73899507522583
oracle80,13,215040,298,0.5234899328859061,117.47651006711409,2000,0.0,200.0,1538,1231,21.73899507522583
oracle80,13,245760,298,0.5704697986577181,107.68456375838926,2000,0.0,200.0,1538,1231,21.73899507522583
oracle80,13,276480,298,0.17114093959731544,173.01677852348993,2000,0.0,200.0,1538,1231,21.73899507522583
oracle80,13,307200,298,0.0,200.0,2000,0.0,200.0,1538,1231,21.73899507522583
oracle50,14,0,298,0.0,200.0,2000,0.0,200.0,1944,992,22.02631402015686
oracle50,14,30720,298,0.48322147651006714,120.77852348993288,2000,0.0,200.0,1944,992,22.02631402015686
oracle50,14,61440,298,0.19463087248322147,167.59731543624162,2000,0.0,200.0,1944,992,22.02631402015686
oracle50,14,92160,298,0.6711409395973155,90.48657718120805,2000,0.0,200.0,1944,992,22.02631402015686
oracle50,14,122880,298,0.6711409395973155,90.48657718120805,2000,0.0,200.0,1944,992,22.02631402015686
oracle50,14,153600,298,0.6711409395973155,90.48657718120805,2000,0.0,200.0,1944,992,22.02631402015686
oracle50,14,184320,298,0.6711409395973155,90.48657718120805,2000,0.0,200.0,1944,992,22.02631402015686
oracle50,14,215040,298,0.6711409395973155,90.48657718120805,2000,0.0,200.0,1944,992,22.02631402015686
oracle50,14,245760,298,0.6711409395973155,90.48657718120805,2000,0.0,200.0,1944,992,22.02631402015686
oracle50,14,276480,298,0.6711409395973155,90.48657718120805,2000,0.0,200.0,1944,992,22.02631402015686
oracle50,14,307200,298,0.6711409395973155,90.48657718120805,2000,0.0,200.0,1944,992,22.02631402015686
oracle50,15,0,298,0.0,200.0,2000,0.0,200.0,1545,776,22.22157907485962
oracle50,15,30720,298,0.0,200.0,2000,0.0,200.0,1545,776,22.22157907485962
oracle50,15,61440,298,0.0,200.0,2000,0.0,200.0,1545,776,22.22157907485962
oracle50,15,92160,298,0.5134228187919463,117.33221476510067,2000,0.0,200.0,1545,776,22.22157907485962
oracle50,15,122880,298,0.0,200.0,2000,0.0,200.0,1545,776,22.22157907485962
oracle50,15,153600,298,0.0,200.0,2000,0.0,200.0,1545,776,22.22157907485962
oracle50,15,184320,298,0.0,200.0,2000,0.0,200.0,1545,776,22.22157907485962
oracle50,15,215040,298,0.0,200.0,2000,0.0,200.0,1545,776,22.22157907485962
oracle50,15,245760,298,0.0,200.0,2000,0.0,200.0,1545,776,22.22157907485962
oracle50,15,276480,298,0.0,200.0,2000,0.0,200.0,1545,776,22.22157907485962
oracle50,15,307200,298,0.0,200.0,2000,0.0,200.0,1545,776,22.22157907485962
oracle20,14,0,298,0.0,200.0,2000,0.0,200.0,1943,403,22.65818476676941
oracle20,14,30720,298,0.2953020134228188,162.91275167785236,2000,0.0,200.0,1943,403,22.65818476676941
oracle20,14,61440,298,0.5100671140939598,118.17114093959732,2000,0.0,200.0,1943,403,22.65818476676941
oracle20,14,92160,298,0.6711409395973155,90.48657718120805,2000,0.0,200.0,1943,403,22.65818476676941
oracle20,14,122880,298,0.5369127516778524,113.32214765100672,2000,0.0,200.0,1943,403,22.65818476676941
oracle20,14,153600,298,0.6241610738255033,97.48657718120805,2000,0.0,200.0,1943,403,22.65818476676941
oracle20,14,184320,298,0.6711409395973155,90.48657718120805,2000,0.0,200.0,1943,403,22.65818476676941
oracle20,14,215040,298,0.6711409395973155,90.48657718120805,2000,0.0,200.0,1943,403,22.65818476676941
oracle20,14,245760,298,0.6711409395973155,90.48657718120805,2000,0.0,200.0,1943,403,22.65818476676941
oracle20,14,276480,298,0.6711409395973155,90.48657718120805,2000,0.0,200.0,1943,403,22.65818476676941
oracle20,14,307200,298,0.6711409395973155,90.48657718120805,2000,0.0,200.0,1943,403,22.65818476676941
oracle80,14,0,298,0.0,200.0,2000,0.0,200.0,1537,1228,22.312152862548828
oracle80,14,30720,298,0.37919463087248323,140.36912751677852,2000,0.0,200.0,1537,1228,22.312152862548828
oracle80,14,61440,298,0.1040268456375839,182.91610738255034,2000,0.0,200.0,1537,1228,22.312152862548828
oracle80,14,92160,298,0.3859060402684564,137.11073825503357,2000,0.0,200.0,1537,1228,22.312152862548828
oracle80,14,122880,298,0.4395973154362416,128.03020134228188,2000,0.0,200.0,1537,1228,22.312152862548828
oracle80,14,153600,298,0.28859060402684567,151.25838926174498,2000,0.0,200.0,1537,1228,22.312152862548828
oracle80,14,184320,298,0.16778523489932887,172.04697986577182,2000,0.0,200.0,1537,1228,22.312152862548828
oracle80,14,215040,298,0.006711409395973154,199.73489932885906,2000,0.0,200.0,1537,1228,22.312152862548828
oracle80,14,245760,298,0.0,200.0,2000,0.0,200.0,1537,1228,22.312152862548828
oracle80,14,276480,298,0.0,200.0,2000,0.0,200.0,1537,1228,22.312152862548828
oracle80,14,307200,298,0.0,200.0,2000,0.0,200.0,1537,1228,22.312152862548828
oracle20,15,0,298,0.0,200.0,2000,0.0,200.0,1694,346,24.891102075576782
oracle20,15,30720,298,0.06040268456375839,192.26845637583892,2000,0.0,200.0,1694,346,24.891102075576782
oracle20,15,61440,298,0.33557046979865773,151.55369127516778,2000,0.0,200.0,1694,346,24.891102075576782
oracle20,15,92160,298,0.0,200.0,2000,0.0,200.0,1694,346,24.891102075576782
oracle20,15,122880,298,0.0,200.0,2000,0.0,200.0,1694,346,24.891102075576782
oracle20,15,153600,298,0.5335570469798657,113.06711409395973,2000,0.0,200.0,1694,346,24.891102075576782
oracle20,15,184320,298,0.5436241610738255,110.71812080536913,2000,0.0,200.0,1694,346,24.891102075576782
oracle20,15,215040,298,0.6543624161073825,93.18120805369128,2000,0.0,200.0,1694,346,24.891102075576782
oracle20,15,245760,298,0.6711409395973155,90.48657718120805,2000,0.0,200.0,1694,346,24.891102075576782
oracle20,15,276480,298,0.6711409395973155,90.48657718120805,2000,0.0,200.0,1694,346,24.891102075576782
oracle20,15,307200,298,0.6711409395973155,90.48657718120805,2000,0.0,200.0,1694,346,24.891102075576782
oracle80,15,0,298,0.0,200.0,2000,0.0,200.0,1536,1253,24.669811964035034
oracle80,15,30720,298,0.0,200.0,2000,0.0,200.0,1536,1253,24.669811964035034
oracle80,15,61440,298,0.05704697986577181,192.98322147651007,2000,0.0,200.0,1536,1253,24.669811964035034
oracle80,15,92160,298,0.0,200.0,2000,0.0,200.0,1536,1253,24.669811964035034
oracle80,15,122880,298,0.0,200.0,2000,0.0,200.0,1536,1253,24.669811964035034
oracle80,15,153600,298,0.0,200.0,2000,0.0,200.0,1536,1253,24.669811964035034
oracle80,15,184320,298,0.0,200.0,2000,0.0,200.0,1536,1253,24.669811964035034
oracle80,15,215040,298,0.0,200.0,2000,0.0,200.0,1536,1253,24.669811964035034
oracle80,15,245760,298,0.0,200.0,2000,0.0,200.0,1536,1253,24.669811964035034
oracle80,15,276480,298,0.0,200.0,2000,0.0,200.0,1536,1253,24.669811964035034
oracle80,15,307200,298,0.0,200.0,2000,0.0,200.0,1536,1253,24.669811964035034
oracle50,16,0,298,0.0,200.0,2000,0.0,200.0,1539,769,25.008157968521118
oracle50,16,30720,298,0.020134228187919462,197.11073825503357,2000,0.0,200.0,1539,769,25.008157968521118
oracle50,16,61440,298,0.040268456375838924,193.6006711409396,2000,0.0,200.0,1539,769,25.008157968521118
oracle50,16,92160,298,0.1040268456375839,184.10738255033556,2000,0.0,200.0,1539,769,25.008157968521118
oracle50,16,122880,298,0.46308724832214765,123.80872483221476,2000,0.0,200.0,1539,769,25.008157968521118
oracle50,16,153600,298,0.5268456375838926,112.72147651006712,2000,0.0,200.0,1539,769,25.008157968521118
oracle50,16,184320,298,0.40939597315436244,132.03355704697987,2000,0.0,200.0,1539,769,25.008157968521118
oracle50,16,215040,298,0.0,200.0,2000,0.0,200.0,1539,769,25.008157968521118
oracle50,16,245760,298,0.0,200.0,2000,0.0,200.0,1539,769,25.008157968521118
oracle50,16,276480,298,0.0,200.0,2000,0.0,200.0,1539,769,25.008157968521118
oracle50,16,307200,298,0.0,200.0,2000,0.0,200.0,1539,769,25.008157968521118
oracle20,16,0,298,0.0,200.0,2000,0.0,200.0,1850,366,24.92250108718872
oracle20,16,30720,298,0.0,200.0,2000,0.0,200.0,1850,366,24.92250108718872
oracle20,16,61440,298,0.34563758389261745,154.21812080536913,2000,0.0,200.0,1850,366,24.92250108718872
oracle20,16,92160,298,0.5,117.04362416107382,2000,0.0,200.0,1850,366,24.92250108718872
oracle20,16,122880,298,0.5771812080536913,104.44295302013423,2000,0.0,200.0,1850,366,24.92250108718872
oracle20,16,153600,298,0.62751677852349,98.1510067114094,2000,0.0,200.0,1850,366,24.92250108718872
oracle20,16,184320,298,0.6711409395973155,90.49328859060402,2000,0.0,200.0,1850,366,24.92250108718872
oracle20,16,215040,298,0.6711409395973155,90.48657718120805,2000,0.0,200.0,1850,366,24.92250108718872
oracle20,16,245760,298,0.6711409395973155,90.48657718120805,2000,0.0,200.0,1850,366,24.92250108718872
oracle20,16,276480,298,0.6711409395973155,90.48657718120805,2000,0.0,200.0,1850,366,24.92250108718872
oracle20,16,307200,298,0.6711409395973155,90.48657718120805,2000,0.0,200.0,1850,366,24.92250108718872
oracle80,16,0,298,0.0,200.0,2000,0.0,200.0,1536,1225,24.82673406600952
oracle80,16,30720,298,0.0,200.0,2000,0.0,200.0,1536,1225,24.82673406600952
oracle80,16,61440,298,0.0,200.0,2000,0.0,200.0,1536,1225,24.82673406600952
oracle80,16,92160,298,0.2214765100671141,166.20469798657717,2000,0.0,200.0,1536,1225,24.82673406600952
oracle80,16,122880,298,0.47315436241610737,123.41275167785236,2000,0.0,200.0,1536,1225,24.82673406600952
oracle80,16,153600,298,0.34563758389261745,145.38255033557047,2000,0.0,200.0,1536,1225,24.82673406600952
oracle80,16,184320,298,0.0,200.0,2000,0.0,200.0,1536,1225,24.82673406600952
oracle80,16,215040,298,0.0,200.0,2000,0.0,200.0,1536,1225,24.82673406600952
oracle80,16,245760,298,0.0,200.0,2000,0.0,200.0,1536,1225,24.82673406600952
oracle80,16,276480,298,0.0,200.0,2000,0.0,200.0,1536,1225,24.82673406600952
oracle80,16,307200,298,0.0,200.0,2000,0.0,200.0,1536,1225,24.82673406600952
