config,seed,step,adv/n,adv/success,adv/mean_steps,adv/cvar,calib_dev/n,calib_dev/success,calib_dev/mean_steps,calib_test/n,calib_test/success,calib_test/mean_steps,random/n,random/success,random/mean_steps,verifai_dev/n,verifai_dev/success,verifai_dev/mean_steps,verifai_test/n,verifai_test/success,verifai_test/mean_steps,episodes,replays,scouted_steps,wall_time_sec,commit
sfl,1,0,2000,0.0,14.2625,0.0,1000,0.0,35.883,1000,0.0,35.048,282,0.0,14.549645390070921,891,0.0,37.560044893378226,891,0.0,38.178451178451176,2977,1445,136118668,491.80173683166504,ab16711
sfl,1,61440,2000,0.9695,493.581,0.7,1000,0.775,408.919,1000,0.769,407.266,282,0.9680851063829787,491.9078014184397,891,0.7037037037037037,378.9102132435466,891,0.6868686868686869,372.2300785634119,2977,1445,136118668,491.80173683166504,ab16711
sfl,1,122880,2000,0.037,210.1095,0.0,1000,0.0,106.871,1000,0.0,106.946,282,0.028368794326241134,206.59929078014184,891,0.0,103.33557800224467,891,0.0,102.85521885521885,2977,1445,136118668,491.80173683166504,ab16711
sfl,1,184320,2000,0.2155,360.0315,0.0,1000,0.428,286.679,1000,0.42,284.615,282,0.2624113475177305,365.5851063829787,891,0.38496071829405165,263.4253647586981,891,0.38047138047138046,260.92817059483724,2977,1445,136118668,491.80173683166504,ab16711
sfl,1,245760,2000,0.282,360.3715,0.0,1000,0.004,157.034,1000,0.004,159.037,282,0.23404255319148937,351.22340425531917,891,0.0,148.17283950617283,891,0.0,144.12457912457913,2977,1445,136118668,491.80173683166504,ab16711
sfl,1,307200,2000,0.967,496.06,0.67,1000,0.5,295.296,1000,0.517,300.463,282,0.9787234042553191,496.4609929078014,891,0.35914702581369246,229.7699214365881,891,0.35129068462401797,227.06060606060606,2977,1445,136118668,491.80173683166504,ab16711
sfl,1,368640,2000,0.984,497.898,0.84,1000,0.752,400.341,1000,0.741,396.24,282,0.9858156028368794,497.60283687943263,891,0.6464646464646465,352.7699214365881,891,0.6588103254769921,357.8294051627385,2977,1445,136118668,491.80173683166504,ab16711
sfl,1,430080,2000,0.0435,206.4705,0.0,1000,0.012,120.302,1000,0.014,120.31,282,0.05319148936170213,208.28014184397162,891,0.003367003367003367,109.83838383838383,891,0.006734006734006734,109.45679012345678,2977,1445,136118668,491.80173683166504,ab16711
sfl,1,491520,2000,0.764,470.235,0.285,1000,0.459,339.105,1000,0.47,344.188,282,0.7695035460992907,466.20567375886526,891,0.4276094276094276,316.8181818181818,891,0.4287317620650954,314.4253647586981,2977,1445,136118668,491.80173683166504,ab16711
sfl,1,552960,2000,0.968,495.812,0.68,1000,0.691,377.203,1000,0.71,385.547,282,0.9680851063829787,494.71985815602835,891,0.621773288439955,341.07744107744105,891,0.6026936026936027,332.712682379349,2977,1445,136118668,491.80173683166504,ab16711
sfl,1,614400,2000,0.9985,499.3865,0.985,1000,0.272,188.605,1000,0.286,194.283,282,0.9929078014184397,496.9645390070922,891,0.08305274971941638,104.32547699214366,891,0.08417508417508418,104.60044893378226,2977,1445,136118668,491.80173683166504,ab16711
sfl,2,0,2000,0.0,34.422,0.0,1000,0.0,15.735,1000,0.0,15.676,282,0.0,33.90780141843972,891,0.0,15.914702581369248,891,0.0,15.742985409652077,2686,1337,149585019,490.5559768676758,ab16711
sfl,2,61440,2000,0.291,341.8145,0.0,1000,0.001,131.877,1000,0.003,131.789,282,0.26595744680851063,327.8404255319149,891,0.0,123.70370370370371,891,0.0,122.82716049382717,2686,1337,149585019,490.5559768676758,ab16711
sfl,2,122880,2000,0.01,170.1725,0.0,1000,0.003,130.873,1000,0.006,132.784,282,0.0035460992907801418,168.0177304964539,891,0.002244668911335578,125.21661054994388,891,0.0,126.09203142536475,2686,1337,149585019,490.5559768676758,ab16711
sfl,2,184320,2000,0.1835,292.2375,0.0,1000,0.0,111.448,1000,0.0,111.283,282,0.1773049645390071,285.2659574468085,891,0.0,107.00448933782268,891,0.0,106.5331088664422,2686,1337,149585019,490.5559768676758,ab16711
sfl,2,245760,2000,0.3815,402.344,0.0,1000,0.012,77.617,1000,0.015,78.884,282,0.35815602836879434,395.5354609929078,891,0.001122334455667789,64.63187429854096,891,0.0,64.78900112233445,2686,1337,149585019,490.5559768676758,ab16711
sfl,2,307200,2000,0.564,431.1585,0.13,1000,0.009,173.815,1000,0.011,173.696,282,0.5177304964539007,419.79787234042556,891,0.001122334455667789,158.79349046015713,891,0.0,156.17957351290684,2686,1337,149585019,490.5559768676758,ab16711
sfl,2,368640,2000,0.9715,496.1355,0.715,1000,0.909,473.047,1000,0.902,472.312,282,0.975177304964539,494.4078014184397,891,0.8484848484848485,450.20763187429856,891,0.8395061728395061,446.6374859708193,2686,1337,149585019,490.5559768676758,ab16711
sfl,2,430080,2000,0.963,494.558,0.63,1000,0.887,460.577,1000,0.874,455.691,282,0.9680851063829787,494.07801418439715,891,0.8395061728395061,435.8226711560045,891,0.8237934904601572,429.9719416386083,2686,1337,149585019,490.5559768676758,ab16711
sfl,2,491520,2000,0.9925,498.81,0.925,1000,0.934,480.025,1000,0.94,481.669,282,0.9893617021276596,497.36170212765956,891,0.9135802469135802,465.4781144781145,891,0.9135802469135802,465.87654320987656,2686,1337,149585019,490.5559768676758,ab16711
sfl,2,552960,2000,0.893,481.4615,0.385,1000,0.399,283.651,1000,0.388,280.272,282,0.8900709219858156,474.14539007092196,891,0.35129068462401797,257.2716049382716,891,0.3277216610549944,247.79124579124579,2686,1337,149585019,490.5559768676758,ab16711
sfl,2,614400,2000,0.991,496.7435,0.91,1000,0.029,74.54,1000,0.027,72.957,282,0.9822695035460993,492.9822695035461,891,0.0,57.74859708193041,891,0.0,57.48597081930415,2686,1337,149585019,490.5559768676758,ab16711
sfl_spread_carry,2,0,2000,0.0,37.489,0.0,1000,0.0,39.454,1000,0.0,38.356,282,0.0,36.87943262411348,891,0.0,40.88552188552188,891,0.0,41.10998877665544,2950,1471,134035411,491.3596816062927,ab16711
sfl_spread_carry,2,61440,2000,0.85,481.516,0.455,1000,0.432,367.018,1000,0.441,371.19,282,0.851063829787234,480.63829787234044,891,0.38608305274971944,343.52525252525254,891,0.38159371492704824,341.2581369248036,2950,1471,134035411,491.3596816062927,ab16711
sfl_spread_carry,2,122880,2000,0.1365,293.9355,0.0,1000,0.001,127.168,1000,0.0,127.068,282,0.11702127659574468,290.0248226950355,891,0.0,120.90460157126824,891,0.0,120.13468013468014,2950,1471,134035411,491.3596816062927,ab16711
sfl_spread_carry,2,184320,2000,0.1005,232.614,0.0,1000,0.0,102.322,1000,0.001,102.171,282,0.07092198581560284,222.4078014184397,891,0.0,99.0695847362514,891,0.0,98.58810325476992,2950,1471,134035411,491.3596816062927,ab16711
sfl_spread_carry,2,245760,2000,0.0935,340.145,0.0,1000,0.292,268.336,1000,0.29,268.557,282,0.1276595744680851,344.42907801418437,891,0.24017957351290684,242.64758698092032,891,0.24242424242424243,241.16610549943883,2950,1471,134035411,491.3596816062927,ab16711
sfl_spread_carry,2,307200,2000,0.077,266.5755,0.0,1000,0.004,130.869,1000,0.002,130.406,282,0.0673758865248227,260.2659574468085,891,0.0,121.42199775533109,891,0.0,120.74635241301908,2950,1471,134035411,491.3596816062927,ab16711
sfl_spread_carry,2,368640,2000,0.399,390.119,0.0,1000,0.01,153.202,1000,0.013,152.531,282,0.3900709219858156,390.21276595744683,891,0.0,137.7250280583614,891,0.0,136.75420875420875,2950,1471,134035411,491.3596816062927,ab16711
sfl_spread_carry,2,430080,2000,0.9545,492.1215,0.63,1000,0.427,307.28,1000,0.421,304.626,282,0.9574468085106383,491.1843971631206,891,0.3445566778900112,270.99887766554434,891,0.33221099887766553,265.14365881032546,2950,1471,134035411,491.3596816062927,ab16711
sfl_spread_carry,2,491520,2000,0.9435,490.2235,0.605,1000,0.32,284.847,1000,0.3,283.044,282,0.950354609929078,490.78014184397165,891,0.22783389450056116,247.32323232323233,891,0.22783389450056116,245.2368125701459,2950,1471,134035411,491.3596816062927,ab16711
sfl_spread_carry,2,552960,2000,0.9435,491.6685,0.615,1000,0.189,266.666,1000,0.196,266.603,282,0.9397163120567376,488.2340425531915,891,0.14702581369248036,234.7182940516274,891,0.122334455667789,228.08305274971943,2950,1471,134035411,491.3596816062927,ab16711
sfl_spread_carry,2,614400,2000,0.998,499.7335,0.98,1000,0.851,445.665,1000,0.823,437.243,282,0.9858156028368794,496.48581560283685,891,0.7833894500561167,414.1627384960718,891,0.77665544332211,412.692480359147,2950,1471,134035411,491.3596816062927,ab16711
sfl_spread0,2,0,2000,0.0,23.162,0.0,1000,0.0,22.792,1000,0.0,23.361,282,0.0,22.634751773049647,891,0.0,24.127946127946128,891,0.0,24.336700336700336,2729,1365,152631155,491.6687521934509,ab16711
sfl_spread0,2,61440,2000,0.3845,406.5155,0.0,1000,0.434,334.803,1000,0.438,337.633,282,0.425531914893617,407.6737588652482,891,0.39730639730639733,318.41301907968574,891,0.39730639730639733,315.0740740740741,2729,1365,152631155,491.6687521934509,ab16711
sfl_spread0,2,122880,2000,0.1855,309.0425,0.0,1000,0.028,166.151,1000,0.031,166.376,282,0.1879432624113475,302.7730496453901,891,0.010101010101010102,152.32547699214365,891,0.008978675645342313,150.42312008978675,2729,1365,152631155,491.6687521934509,ab16711
sfl_spread0,2,184320,2000,0.1975,358.912,0.0,1000,0.457,302.857,1000,0.468,307.115,282,0.22340425531914893,360.47163120567376,891,0.43434343434343436,287.02244668911334,891,0.43658810325476993,285.92817059483724,2729,1365,152631155,491.6687521934509,ab16711
sfl_spread0,2,245760,2000,0.669,456.8115,0.185,1000,0.015,224.26,1000,0.016,223.574,282,0.6879432624113475,453.31205673758865,891,0.001122334455667789,203.7104377104377,891,0.002244668911335578,201.33670033670035,2729,1365,152631155,491.6687521934509,ab16711
sfl_spread0,2,307200,2000,0.079,301.5195,0.0,1000,0.307,274.659,1000,0.316,274.117,282,0.10283687943262411,308.7659574468085,891,0.30303030303030304,255.64646464646464,891,0.30976430976430974,252.8496071829405,2729,1365,152631155,491.6687521934509,ab16711
sfl_spread0,2,368640,2000,0.9835,496.442,0.835,1000,0.797,422.537,1000,0.781,415.153,282,0.9893617021276596,498.2269503546099,891,0.7295173961840629,389.9450056116723,891,0.7239057239057239,387.5948372615039,2729,1365,152631155,491.6687521934509,ab16711
sfl_spread0,2,430080,2000,0.952,491.635,0.58,1000,0.736,398.092,1000,0.725,393.52,282,0.9468085106382979,489.27659574468083,891,0.6711560044893379,367.2435465768799,891,0.6778900112233446,369.92255892255895,2729,1365,152631155,491.6687521934509,ab16711
sfl_spread0,2,491520,2000,0.9885,494.948,0.885,1000,0.049,78.509,1000,0.048,78.135,282,0.9893617021276596,495.2517730496454,891,0.0,56.4635241301908,891,0.001122334455667789,56.347923681257015,2729,1365,152631155,491.6687521934509,ab16711
sfl_spread0,2,552960,2000,0.995,497.792,0.95,1000,0.059,86.16,1000,0.065,87.562,282,0.9893617021276596,495.2836879432624,891,0.002244668911335578,59.33557800224467,891,0.001122334455667789,58.956228956228955,2729,1365,152631155,491.6687521934509,ab16711
sfl_spread0,2,614400,2000,0.993,496.9905,0.93,1000,0.054,79.044,1000,0.054,79.345,282,0.9893617021276596,495.2730496453901,891,0.002244668911335578,57.26936026936027,891,0.001122334455667789,56.901234567901234,2729,1365,152631155,491.6687521934509,ab16711
sfl_spread0,1,0,2000,0.0,21.531,0.0,1000,0.0,11.231,1000,0.0,11.247,282,0.0,20.54255319148936,891,0.0,11.524130190796857,891,0.0,11.433221099887767,2853,1433,137844214,493.43124318122864,ab16711
sfl_spread0,1,61440,2000,0.304,403.7745,0.0,1000,0.471,327.433,1000,0.476,329.892,282,0.32978723404255317,404.4432624113475,891,0.4388327721661055,308.27946127946126,891,0.43658810325476993,305.6228956228956,2853,1433,137844214,493.43124318122864,ab16711
sfl_spread0,1,122880,2000,0.0105,219.9915,0.0,1000,0.158,245.751,1000,0.161,245.41,282,0.014184397163120567,223.77304964539007,891,0.15039281705948374,227.68350168350167,891,0.1526374859708193,227.59371492704827,2853,1433,137844214,493.43124318122864,ab16711
sfl_spread0,1,184320,2000,0.312,403.6835,0.0,1000,0.375,310.118,1000,0.381,312.455,282,0.33687943262411346,405.822695035461,891,0.32323232323232326,287.58024691358025,891,0.31986531986531985,285.7418630751964,2853,1433,137844214,493.43124318122864,ab16711
sfl_spread0,1,245760,2000,0.7985,473.481,0.355,1000,0.03,231.243,1000,0.027,230.568,282,0.7553191489361702,465.2304964539007,891,0.003367003367003367,207.99775533108865,891,0.003367003367003367,205.2749719416386,2853,1433,137844214,493.43124318122864,ab16711
sfl_spread0,1,307200,2000,0.137,294.0,0.0,1000,0.01,143.355,1000,0.012,142.974,282,0.1347517730496454,289.87943262411346,891,0.0,131.0482603815937,891,0.0,129.98765432098764,2853,1433,137844214,493.43124318122864,ab16711
sfl_spread0,1,368640,2000,0.035,197.3525,0.0,1000,0.002,116.339,1000,0.006,116.451,282,0.028368794326241134,192.69858156028369,891,0.0,108.92031425364759,891,0.0,108.21885521885523,2853,1433,137844214,493.43124318122864,ab16711
sfl_spread0,1,430080,2000,0.9515,492.7725,0.59,1000,0.791,429.481,1000,0.789,427.767,282,0.950354609929078,491.63475177304963,891,0.7261503928170595,401.79685746352413,891,0.7025813692480359,392.51066217732887,2853,1433,137844214,493.43124318122864,ab16711
sfl_spread0,1,491520,2000,0.8595,482.8975,0.345,1000,0.713,402.288,1000,0.719,406.688,282,0.875886524822695,483.1914893617021,891,0.6554433221099888,377.86307519640854,891,0.6464646464646465,371.26374859708193,2853,1433,137844214,493.43124318122864,ab16711
sfl_spread0,1,552960,2000,0.9925,498.6665,0.925,1000,0.907,465.582,1000,0.904,464.696,282,0.9858156028368794,495.82978723404256,891,0.8619528619528619,444.55555555555554,891,0.8417508417508418,435.76879910213245,2853,1433,137844214,493.43124318122864,ab16711
sfl_spread0,1,614400,2000,0.993,498.7415,0.93,1000,0.938,478.637,1000,0.938,478.711,282,0.9858156028368794,496.47872340425533,891,0.898989898989899,459.5510662177329,891,0.8787878787878788,451.4074074074074,2853,1433,137844214,493.43124318122864,ab16711
sfl_spread_carry,1,0,2000,0.0375,232.605,0.0,1000,0.001,89.404,1000,0.002,90.031,282,0.06028368794326241,230.4078014184397,891,0.0,86.38047138047138,891,0.0,88.59820426487093,2730,1339,150819234,493.98764181137085,ab16711
sfl_spread_carry,1,61440,2000,0.0815,241.999,0.0,1000,0.0,110.644,1000,0.0,110.54,282,0.07801418439716312,236.92198581560282,891,0.0,107.41077441077441,891,0.0,106.9236812570146,2730,1339,150819234,493.98764181137085,ab16711
sfl_spread_carry,1,122880,2000,0.186,321.0515,0.0,1000,0.001,137.324,1000,0.001,136.971,282,0.14893617021276595,312.2695035460993,891,0.0,128.92255892255892,891,0.0,128.12682379349047,2730,1339,150819234,493.98764181137085,ab16711
sfl_spread_carry,1,184320,2000,0.9615,495.2455,0.665,1000,0.43,398.832,1000,0.445,400.572,282,0.9609929078014184,495.177304964539,891,0.3557800224466891,369.9236812570146,891,0.3367003367003367,365.33894500561166,2730,1339,150819234,493.98764181137085,ab16711
sfl_spread_carry,1,245760,2000,0.021,189.8745,0.0,1000,0.003,121.545,1000,0.001,121.089,282,0.024822695035460994,190.59574468085106,891,0.0,113.51739618406285,891,0.0,112.84175084175084,2730,1339,150819234,493.98764181137085,ab16711
sfl_spread_carry,1,307200,2000,0.9525,493.9615,0.635,1000,0.837,453.143,1000,0.85,457.165,282,0.950354609929078,494.4255319148936,891,0.7811447811447811,429.4870931537598,891,0.7609427609427609,426.962962962963,2730,1339,150819234,493.98764181137085,ab16711
sfl_spread_carry,1,368640,2000,0.5785,420.268,0.12,1000,0.028,165.704,1000,0.029,166.35,282,0.5567375886524822,407.9468085106383,891,0.010101010101010102,149.34343434343435,891,0.012345679012345678,147.53086419753086,2730,1339,150819234,493.98764181137085,ab16711
sfl_spread_carry,1,430080,2000,0.95,493.796,0.56,1000,0.883,456.847,1000,0.897,461.443,282,0.9361702127659575,491.88652482269504,891,0.8462401795735129,437.3703703703704,891,0.8417508417508418,435.99887766554434,2730,1339,150819234,493.98764181137085,ab16711
sfl_spread_carry,1,491520,2000,0.981,496.712,0.81,1000,0.877,454.98,1000,0.883,456.847,282,0.9787234042553191,495.4078014184397,891,0.8316498316498316,431.6947250280584,891,0.8271604938271605,429.84062850729515,2730,1339,150819234,493.98764181137085,ab16711
sfl_spread_carry,1,552960,2000,0.9825,497.5665,0.825,1000,0.852,444.906,1000,0.864,450.401,282,0.9858156028368794,497.4751773049645,891,0.8125701459034792,422.4186307519641,891,0.7912457912457912,414.57800224466894,2730,1339,150819234,493.98764181137085,ab16711
sfl_spread_carry,1,614400,2000,0.9735,495.4325,0.735,1000,0.85,446.154,1000,0.835,440.246,282,0.975177304964539,493.3829787234043,891,0.7878787878787878,415.2199775533109,891,0.7890011223344556,415.22895622895624,2730,1339,150819234,493.98764181137085,ab16711
sfl_auto,2,0,2000,0.0,45.6035,0.0,1000,0.0,18.129,1000,0.0,18.197,282,0.0,43.60992907801418,891,0.0,18.274971941638608,891,0.0,18.05499438832772,2697,861,232722139,677.1420259475708,ab16711
sfl_auto,2,61440,2000,0.0855,226.6655,0.0,1000,0.0,101.832,1000,0.0,101.821,282,0.09574468085106383,223.45744680851064,891,0.0,99.73400673400674,891,0.0,99.41077441077441,2697,861,232722139,677.1420259475708,ab16711
sfl_auto,2,122880,2000,0.098,321.5375,0.0,1000,0.429,294.367,1000,0.424,297.468,282,0.13120567375886524,328.47872340425533,891,0.3984287317620651,276.92255892255895,891,0.3950617283950617,277.0628507295174,2697,861,232722139,677.1420259475708,ab16711
sfl_auto,2,184320,2000,0.6805,448.448,0.14,1000,0.397,279.788,1000,0.397,276.175,282,0.6170212765957447,427.01063829787233,891,0.3557800224466891,258.05723905723903,891,0.3265993265993266,244.5679012345679,2697,861,232722139,677.1420259475708,ab16711
sfl_auto,2,245760,2000,0.9795,494.664,0.795,1000,0.483,291.982,1000,0.482,290.442,282,0.9716312056737588,491.56028368794324,891,0.34231200897867564,228.30639730639732,891,0.33221099887766553,223.49270482603816,2697,861,232722139,677.1420259475708,ab16711
sfl_auto,2,307200,2000,0.02,170.7155,0.0,1000,0.001,103.761,1000,0.001,103.977,282,0.010638297872340425,164.6241134751773,891,0.0,99.88327721661055,891,0.0,99.32098765432099,2697,861,232722139,677.1420259475708,ab16711
sfl_auto,2,368640,2000,0.1815,317.9515,0.0,1000,0.0,128.554,1000,0.001,128.666,282,0.17375886524822695,308.0248226950355,891,0.0,120.60381593714926,891,0.0,119.8675645342312,2697,861,232722139,677.1420259475708,ab16711
sfl_auto,2,430080,2000,0.9975,499.383,0.975,1000,0.514,294.521,1000,0.509,293.851,282,0.9929078014184397,498.4929078014184,891,0.3389450056116723,218.59708193041527,891,0.33108866442199775,214.18967452300785,2697,861,232722139,677.1420259475708,ab16711
sfl_auto,2,491520,2000,0.997,499.5455,0.97,1000,0.724,386.994,1000,0.704,377.991,282,0.9858156028368794,496.09574468085106,891,0.6161616161616161,339.14590347923684,891,0.6071829405162739,335.2502805836139,2697,861,232722139,677.1420259475708,ab16711
sfl_auto,2,552960,2000,0.9385,492.8745,0.45,1000,0.649,357.148,1000,0.607,340.012,282,0.9397163120567376,490.4609929078014,891,0.5162738496071829,296.19416386083054,891,0.4994388327721661,288.5701459034792,2697,861,232722139,677.1420259475708,ab16711
sfl_auto,2,614400,2000,0.992,498.703,0.92,1000,0.565,318.447,1000,0.555,313.507,282,0.9858156028368794,496.2517730496454,891,0.4882154882154882,278.75982042648707,891,0.4826038159371493,276.2132435465769,2697,861,232722139,677.1420259475708,ab16711
sfl_auto,1,0,2000,0.0,40.8895,0.0,1000,0.0,16.945,1000,0.0,16.922,282,0.0,40.354609929078016,891,0.0,17.17845117845118,891,0.0,17.006734006734007,2764,1053,229124382,677.202220916748,ab16711
sfl_auto,1,61440,2000,0.056,254.9895,0.0,1000,0.005,155.509,1000,0.007,155.993,282,0.06028368794326241,255.5531914893617,891,0.0,144.4186307519641,891,0.0,143.17508417508418,2764,1053,229124382,677.202220916748,ab16711
sfl_auto,1,122880,2000,0.836,477.4205,0.42,1000,0.428,348.493,1000,0.429,348.683,282,0.8581560283687943,478.4432624113475,891,0.38047138047138046,323.625140291807,891,0.3793490460157127,319.3625140291807,2764,1053,229124382,677.202220916748,ab16711
sfl_auto,1,184320,2000,0.0685,223.5745,0.0,1000,0.0,106.759,1000,0.001,107.268,282,0.0673758865248227,218.39716312056737,891,0.0,102.67003367003367,891,0.0,102.34118967452301,2764,1053,229124382,677.202220916748,ab16711
sfl_auto,1,245760,2000,0.3765,388.9985,0.0,1000,0.007,172.854,1000,0.011,173.898,282,0.36879432624113473,380.75531914893617,891,0.0,160.54882154882154,891,0.0,160.07182940516273,2764,1053,229124382,677.202220916748,ab16711
sfl_auto,1,307200,2000,0.9515,494.1685,0.625,1000,0.358,332.861,1000,0.34,329.804,282,0.9645390070921985,494.468085106383,891,0.2772166105499439,286.2693602693603,891,0.25252525252525254,275.2682379349046,2764,1053,229124382,677.202220916748,ab16711
sfl_auto,1,368640,2000,0.541,425.111,0.025,1000,0.004,158.342,1000,0.004,158.187,282,0.5283687943262412,410.13829787234044,891,0.001122334455667789,144.06958473625141,891,0.0,142.21099887766553,2764,1053,229124382,677.202220916748,ab16711
sfl_auto,1,430080,2000,0.8695,480.26,0.365,1000,0.691,382.032,1000,0.693,382.549,282,0.8936170212765957,485.52127659574467,891,0.6240179573512907,351.0,891,0.6038159371492705,342.6161616161616,2764,1053,229124382,677.202220916748,ab16711
sfl_auto,1,491520,2000,0.698,461.9805,0.2,1000,0.474,349.149,1000,0.491,354.291,282,0.6985815602836879,460.209219858156,891,0.4556677890011223,332.39506172839504,891,0.4489337822671156,326.645342312009,2764,1053,229124382,677.202220916748,ab16711
sfl_auto,1,552960,2000,0.998,499.363,0.98,1000,0.325,211.296,1000,0.321,210.986,282,0.9964539007092199,498.40070921985813,891,0.14029180695847362,130.02581369248037,891,0.13131313131313133,125.20314253647587,2764,1053,229124382,677.202220916748,ab16711
sfl_auto,1,614400,2000,0.9535,493.1265,0.535,1000,0.857,447.979,1000,0.862,451.646,282,0.9539007092198581,494.0744680851064,891,0.8204264870931538,426.69809203142535,891,0.8170594837261503,425.1144781144781,2764,1053,229124382,677.202220916748,ab16711
sfl_spread_verify,2,0,2000,0.0,20.48,0.0,1000,0.0,19.259,1000,0.0,19.216,282,0.0,18.581560283687942,891,0.0,20.496071829405164,891,0.0,19.671156004489337,3034,1484,214040161,707.7555067539215,ab16711
sfl_spread_verify,2,61440,2000,0.1245,274.8655,0.0,1000,0.0,117.323,1000,0.0,117.231,282,0.12056737588652482,271.26241134751774,891,0.0,112.72053872053873,891,0.0,111.8608305274972,3034,1484,214040161,707.7555067539215,ab16711
sfl_spread_verify,2,122880,2000,0.3275,355.1135,0.0,1000,0.007,149.609,1000,0.007,149.683,282,0.2801418439716312,338.12056737588654,891,0.0,137.62962962962962,891,0.001122334455667789,136.07968574635242,3034,1484,214040161,707.7555067539215,ab16711
sfl_spread_verify,2,184320,2000,0.036,207.133,0.0,1000,0.001,113.511,1000,0.004,114.747,282,0.028368794326241134,196.81205673758865,891,0.0,108.73625140291807,891,0.0,108.20875420875421,3034,1484,214040161,707.7555067539215,ab16711
sfl_spread_verify,2,245760,2000,0.1645,313.2335,0.0,1000,0.015,165.999,1000,0.017,166.201,282,0.14184397163120568,304.4255319148936,891,0.002244668911335578,152.8529741863075,891,0.001122334455667789,150.72615039281706,3034,1484,214040161,707.7555067539215,ab16711
sfl_spread_verify,2,307200,2000,0.0195,187.409,0.0,1000,0.003,124.656,1000,0.003,125.314,282,0.0425531914893617,191.01418439716312,891,0.0,117.87654320987654,891,0.0,116.94388327721661,3034,1484,214040161,707.7555067539215,ab16711
sfl_spread_verify,2,368640,2000,0.9935,498.6825,0.935,1000,0.131,126.473,1000,0.13,126.608,282,0.9822695035460993,494.0354609929078,891,0.013468013468013467,69.33221099887767,891,0.016835016835016835,70.44332210998877,3034,1484,214040161,707.7555067539215,ab16711
sfl_spread_verify,2,430080,2000,0.9405,487.983,0.53,1000,0.357,302.767,1000,0.355,300.853,282,0.9290780141843972,483.2269503546099,891,0.30190796857463525,272.9719416386083,891,0.2828282828282828,265.86980920314255,3034,1484,214040161,707.7555067539215,ab16711
sfl_spread_verify,2,491520,2000,0.9905,498.1765,0.905,1000,0.859,445.752,1000,0.844,440.957,282,0.9822695035460993,497.5921985815603,891,0.7991021324354658,416.9887766554433,891,0.77665544332211,407.6273849607183,3034,1484,214040161,707.7555067539215,ab16711
sfl_spread_verify,2,552960,2000,0.9625,493.2505,0.625,1000,0.778,411.646,1000,0.752,401.781,282,0.9645390070921985,493.00354609929076,891,0.6790123456790124,366.47699214365883,891,0.6823793490460157,368.10662177328845,3034,1484,214040161,707.7555067539215,ab16711
sfl_spread_verify,2,614400,2000,0.9745,495.4595,0.745,1000,0.858,446.968,1000,0.839,440.016,282,0.975177304964539,494.82978723404256,891,0.7901234567901234,415.003367003367,891,0.7845117845117845,411.8731762065095,3034,1484,214040161,707.7555067539215,ab16711
sfl_spread_verify,1,0,2000,0.0,14.3785,0.0,1000,0.0,38.008,1000,0.0,38.533,282,0.0,13.96808510638298,891,0.0,40.749719416386085,891,0.0,40.823793490460154,2940,1416,207044636,711.1481609344482,ab16711
sfl_spread_verify,1,61440,2000,0.061,239.919,0.0,1000,0.001,120.07,1000,0.002,119.959,282,0.06028368794326241,234.36879432624113,891,0.0,114.1705948372615,891,0.0,113.50280583613917,2940,1416,207044636,711.1481609344482,ab16711
sfl_spread_verify,1,122880,2000,0.0845,256.7915,0.0,1000,0.001,120.593,1000,0.003,122.082,282,0.07801418439716312,247.7659574468085,891,0.0,115.0942760942761,891,0.001122334455667789,114.672278338945,2940,1416,207044636,711.1481609344482,ab16711
sfl_spread_verify,1,184320,2000,0.603,441.82,0.18,1000,0.031,216.424,1000,0.035,216.24,282,0.5673758865248227,431.3191489361702,891,0.010101010101010102,196.62962962962962,891,0.007856341189674524,194.5645342312009,2940,1416,207044636,711.1481609344482,ab16711
sfl_spread_verify,1,245760,2000,0.9245,490.196,0.57,1000,0.226,309.095,1000,0.209,306.806,282,0.9113475177304965,485.5531914893617,891,0.13580246913580246,273.3793490460157,891,0.13131313131313133,268.7934904601571,2940,1416,207044636,711.1481609344482,ab16711
sfl_spread_verify,1,307200,2000,0.239,326.39,0.0,1000,0.002,126.48,1000,0.005,127.411,282,0.21631205673758866,317.06382978723406,891,0.0,118.29854096520764,891,0.0,117.40291806958474,2940,1416,207044636,711.1481609344482,ab16711
sfl_spread_verify,1,368640,2000,0.4905,413.7895,0.0,1000,0.15,217.49,1000,0.157,218.228,282,0.4929078014184397,404.1843971631206,891,0.12682379349046016,200.69809203142538,891,0.11672278338945005,193.62850729517396,2940,1416,207044636,711.1481609344482,ab16711
sfl_spread_verify,1,430080,2000,0.978,496.4875,0.78,1000,0.906,468.142,1000,0.898,464.925,282,0.9858156028368794,497.47163120567376,891,0.8585858585858586,443.962962962963,891,0.8451178451178452,438.7149270482604,2940,1416,207044636,711.1481609344482,ab16711
sfl_spread_verify,1,491520,2000,0.9395,489.8485,0.52,1000,0.587,344.359,1000,0.579,341.174,282,0.9539007092198581,489.5531914893617,891,0.5274971941638609,315.1885521885522,891,0.5061728395061729,306.7901234567901,2940,1416,207044636,711.1481609344482,ab16711
sfl_spread_verify,1,552960,2000,0.968,494.547,0.68,1000,0.791,423.857,1000,0.795,426.404,282,0.9716312056737588,492.9503546099291,891,0.7530864197530864,402.19191919191917,891,0.7396184062850729,396.6228956228956,2940,1416,207044636,711.1481609344482,ab16711
sfl_spread_verify,1,614400,2000,0.0085,275.363,0.0,1000,0.001,126.693,1000,0.005,133.798,282,0.02127659574468085,269.2588652482269,891,0.0,104.78900112233445,891,0.0,105.60381593714926,2940,1416,207044636,711.1481609344482,ab16711
sfl_spread_carry,3,0,2000,0.0,51.588,0.0,1000,0.0,21.278,1000,0.0,21.33,282,0.0,50.329787234042556,891,0.0,21.244668911335577,891,0.0,20.978675645342314,2946,1462,141472835,443.1388759613037,ab16711
sfl_spread_carry,3,61440,2000,0.08,242.6435,0.0,1000,0.0,108.38,1000,0.0,108.242,282,0.07801418439716312,238.0,891,0.0,105.30527497194164,891,0.0,104.82379349046016,2946,1462,141472835,443.1388759613037,ab16711
sfl_spread_carry,3,122880,2000,0.1075,284.172,0.0,1000,0.003,134.905,1000,0.006,135.877,282,0.0673758865248227,270.1099290780142,891,0.0,128.17171717171718,891,0.0,127.10549943883277,2946,1462,141472835,443.1388759613037,ab16711
sfl_spread_carry,3,184320,2000,0.887,488.2885,0.46,1000,0.025,107.307,1000,0.022,108.145,282,0.8333333333333334,482.5921985815603,891,0.002244668911335578,76.60493827160494,891,0.0,78.38496071829405,2946,1462,141472835,443.1388759613037,ab16711
sfl_spread_carry,3,245760,2000,0.8835,482.89,0.395,1000,0.09,268.914,1000,0.085,269.263,282,0.8652482269503546,480.4078014184397,891,0.030303030303030304,241.45230078563412,891,0.04489337822671156,236.1290684624018,2946,1462,141472835,443.1388759613037,ab16711
sfl_spread_carry,3,307200,2000,0.9745,494.301,0.745,1000,0.745,399.545,1000,0.736,397.677,282,0.9645390070921985,492.2269503546099,891,0.6924803591470258,375.358024691358,891,0.6992143658810326,377.78563411896744,2946,1462,141472835,443.1388759613037,ab16711
sfl_spread_carry,3,368640,2000,0.025,176.2545,0.0,1000,0.004,107.597,1000,0.004,108.255,282,0.010638297872340425,169.93971631205673,891,0.002244668911335578,102.65993265993266,891,0.002244668911335578,102.69584736251403,2946,1462,141472835,443.1388759613037,ab16711
sfl_spread_carry,3,430080,2000,0.9685,494.227,0.685,1000,0.825,430.342,1000,0.809,424.61,282,0.9822695035460993,496.4468085106383,891,0.7519640852974186,399.0617283950617,891,0.7485970819304153,397.71156004489336,2946,1462,141472835,443.1388759613037,ab16711
sfl_spread_carry,3,491520,2000,0.669,467.8235,0.205,1000,0.095,181.13,1000,0.114,186.889,282,0.6560283687943262,462.8900709219858,891,0.050505050505050504,142.69023569023568,891,0.04489337822671156,139.49270482603816,2946,1462,141472835,443.1388759613037,ab16711
sfl_spread_carry,3,552960,2000,0.553,460.226,0.145,1000,0.421,347.578,1000,0.421,348.109,282,0.5319148936170213,459.4113475177305,891,0.41414141414141414,328.10213243546576,891,0.409652076318743,326.341189674523,2946,1462,141472835,443.1388759613037,ab16711
sfl_spread_carry,3,614400,2000,0.9035,486.5435,0.355,1000,0.862,448.899,1000,0.855,446.756,282,0.9042553191489362,483.1595744680851,891,0.8215488215488216,428.26711560044896,891,0.8035914702581369,420.72053872053874,2946,1462,141472835,443.1388759613037,ab16711
sfl,3,0,2000,0.0,38.8865,0.0,1000,0.0,16.778,1000,0.0,16.796,282,0.0,36.794326241134755,891,0.0,17.050505050505052,891,0.0,16.865319865319865,2805,1378,147338166,446.30769419670105,ab16711
sfl,3,61440,2000,0.0935,271.2905,0.0,1000,0.001,131.484,1000,0.002,131.11,282,0.09219858156028368,264.6099290780142,891,0.0,123.57687991021325,891,0.0,122.81593714927048,2805,1378,147338166,446.30769419670105,ab16711
sfl,3,122880,2000,0.0215,253.7715,0.0,1000,0.186,278.259,1000,0.206,283.54,282,0.014184397163120567,258.00354609929076,891,0.20875420875420875,268.28395061728395,891,0.20875420875420875,268.8574635241302,2805,1378,147338166,446.30769419670105,ab16711
sfl,3,184320,2000,0.864,489.0225,0.44,1000,0.305,321.741,1000,0.296,317.078,282,0.900709219858156,488.93971631205676,891,0.186307519640853,265.15263748597084,891,0.21212121212121213,273.51627384960716,2805,1378,147338166,446.30769419670105,ab16711
sfl,3,245760,2000,0.9885,497.9645,0.885,1000,0.115,117.937,1000,0.121,119.924,282,0.9858156028368794,495.1276595744681,891,0.008978675645342313,67.12121212121212,891,0.016835016835016835,70.12682379349046,2805,1378,147338166,446.30769419670105,ab16711
sfl,3,307200,2000,0.053,224.2355,0.0,1000,0.002,121.584,1000,0.0,121.66,282,0.06028368794326241,219.42198581560282,891,0.0,114.60044893378226,891,0.0,113.9090909090909,2805,1378,147338166,446.30769419670105,ab16711
sfl,3,368640,2000,0.034,194.1765,0.0,1000,0.001,113.341,1000,0.005,114.59,282,0.0425531914893617,193.6595744680851,891,0.0,106.65656565656566,891,0.0,106.21436588103255,2805,1378,147338166,446.30769419670105,ab16711
sfl,3,430080,2000,0.5815,435.895,0.14,1000,0.465,319.419,1000,0.448,313.159,282,0.5425531914893617,424.8936170212766,891,0.4590347923681257,306.5476992143659,891,0.4489337822671156,302.618406285073,2805,1378,147338166,446.30769419670105,ab16711
sfl,3,491520,2000,0.4835,459.202,0.0,1000,0.069,151.983,1000,0.069,158.507,282,0.4929078014184397,456.77659574468083,891,0.03591470258136925,124.2682379349046,891,0.025813692480359147,116.33557800224467,2805,1378,147338166,446.30769419670105,ab16711
sfl,3,552960,2000,1.0,500.0,1.0,1000,0.669,358.696,1000,0.628,342.828,282,0.9964539007092199,498.4148936170213,891,0.5274971941638609,297.317620650954,891,0.5241301907968574,296.4208754208754,2805,1378,147338166,446.30769419670105,ab16711
sfl,3,614400,2000,0.9615,492.653,0.645,1000,0.278,284.613,1000,0.274,283.341,282,0.9397163120567376,485.87943262411346,891,0.2356902356902357,257.72727272727275,891,0.2166105499438833,250.5263748597082,2805,1378,147338166,446.30769419670105,ab16711
sfl_spread0,3,0,2000,0.0,59.3535,0.0,1000,0.0,25.568,1000,0.0,25.612,282,0.0,59.13475177304964,891,0.0,25.410774410774412,891,0.0,25.242424242424242,3087,1492,117651319,449.7465648651123,ab16711
sfl_spread0,3,61440,2000,0.0565,221.726,0.0,1000,0.0,106.749,1000,0.0,106.364,282,0.04609929078014184,212.17730496453902,891,0.0,103.64758698092031,891,0.0,103.17171717171718,3087,1492,117651319,449.7465648651123,ab16711
sfl_spread0,3,122880,2000,0.0065,182.337,0.0,1000,0.004,143.823,1000,0.005,146.075,282,0.0070921985815602835,184.47163120567376,891,0.003367003367003367,137.88664421997754,891,0.002244668911335578,133.34231200897867,3087,1492,117651319,449.7465648651123,ab16711
sfl_spread0,3,184320,2000,0.55,440.284,0.08,1000,0.011,196.424,1000,0.012,196.411,282,0.524822695035461,425.85460992907804,891,0.001122334455667789,179.93265993265993,891,0.0,178.96632996632997,3087,1492,117651319,449.7465648651123,ab16711
sfl_spread0,3,245760,2000,0.042,210.82,0.0,1000,0.004,119.279,1000,0.003,118.369,282,0.024822695035460994,203.71985815602838,891,0.001122334455667789,112.08193041526376,891,0.0,111.15488215488216,3087,1492,117651319,449.7465648651123,ab16711
sfl_spread0,3,307200,2000,0.1765,317.9975,0.0,1000,0.005,147.95,1000,0.004,147.52,282,0.17375886524822695,312.6808510638298,891,0.001122334455667789,136.06734006734007,891,0.0,134.8013468013468,3087,1492,117651319,449.7465648651123,ab16711
sfl_spread0,3,368640,2000,0.0825,251.865,0.0,1000,0.0,116.202,1000,0.001,116.148,282,0.06028368794326241,241.97517730496455,891,0.0,111.0942760942761,891,0.0,110.54994388327722,3087,1492,117651319,449.7465648651123,ab16711
sfl_spread0,3,430080,2000,0.323,362.987,0.0,1000,0.003,151.358,1000,0.005,151.009,282,0.28368794326241137,354.3404255319149,891,0.001122334455667789,142.09876543209876,891,0.0,141.14478114478115,3087,1492,117651319,449.7465648651123,ab16711
sfl_spread0,3,491520,2000,0.245,336.502,0.0,1000,0.01,142.896,1000,0.01,142.354,282,0.20921985815602837,328.0567375886525,891,0.001122334455667789,130.7216610549944,891,0.0,129.5331088664422,3087,1492,117651319,449.7465648651123,ab16711
sfl_spread0,3,552960,2000,0.9625,494.959,0.66,1000,0.305,321.532,1000,0.298,316.066,282,0.9574468085106383,493.3262411347518,891,0.22783389450056116,277.4231200897868,891,0.20875420875420875,268.8922558922559,3087,1492,117651319,449.7465648651123,ab16711
sfl_spread0,3,614400,2000,0.9005,490.1455,0.42,1000,0.152,164.585,1000,0.145,164.089,282,0.8936170212765957,488.2588652482269,891,0.07744107744107744,122.37598204264872,891,0.058361391694725026,111.38271604938272,3087,1492,117651319,449.7465648651123,ab16711
sfl,4,0,2000,0.0,29.5995,0.0,1000,0.0,22.383,1000,0.0,21.219,282,0.0,28.18439716312057,891,0.0,22.402918069584736,891,0.0,22.97979797979798,2640,1264,153137540,449.6760129928589,ab16711
sfl,4,61440,2000,0.066,222.165,0.0,1000,0.0,102.893,1000,0.0,102.788,282,0.0673758865248227,218.4964539007092,891,0.0,100.62065095398428,891,0.0,100.25252525252525,2640,1264,153137540,449.6760129928589,ab16711
sfl,4,122880,2000,0.0895,271.5205,0.0,1000,0.0,122.183,1000,0.0,122.326,282,0.0851063829787234,266.08156028368796,891,0.0,116.70931537598204,891,0.0,115.87093153759821,2640,1264,153137540,449.6760129928589,ab16711
sfl,4,184320,2000,0.1395,367.4545,0.0,1000,0.469,325.9,1000,0.457,320.388,282,0.1347517730496454,359.7695035460993,891,0.47362514029180697,317.5308641975309,891,0.4826038159371493,320.6206509539843,2640,1264,153137540,449.6760129928589,ab16711
sfl,4,245760,2000,0.6305,458.6935,0.17,1000,0.025,149.558,1000,0.038,152.536,282,0.6737588652482269,459.9609929078014,891,0.004489337822671156,115.29854096520764,891,0.010101010101010102,113.85970819304153,2640,1264,153137540,449.6760129928589,ab16711
sfl,4,307200,2000,0.7835,462.5345,0.25,1000,0.428,276.533,1000,0.422,275.089,282,0.7659574468085106,458.7588652482269,891,0.38159371492704824,254.35016835016836,891,0.3479236812570146,241.42760942760944,2640,1264,153137540,449.6760129928589,ab16711
sfl,4,368640,2000,0.993,498.9985,0.93,1000,0.943,479.789,1000,0.948,481.844,282,0.9893617021276596,497.1489361702128,891,0.9046015712682379,462.47923681257015,891,0.8933782267115601,457.36475869809203,2640,1264,153137540,449.6760129928589,ab16711
sfl,4,430080,2000,0.9745,495.529,0.745,1000,0.887,458.191,1000,0.884,457.608,282,0.975177304964539,493.45390070921985,891,0.8361391694725028,433.73625140291807,891,0.8338945005611672,432.25252525252523,2640,1264,153137540,449.6760129928589,ab16711
sfl,4,491520,2000,0.9815,496.9505,0.815,1000,0.951,484.802,1000,0.954,484.867,282,0.9858156028368794,496.6595744680851,891,0.9259259259259259,469.9607182940516,891,0.9057239057239057,461.75533108866443,2640,1264,153137540,449.6760129928589,ab16711
sfl,4,552960,2000,0.436,417.2045,0.0,1000,0.398,282.542,1000,0.38,275.344,282,0.4078014184397163,404.02836879432624,891,0.37485970819304154,263.4276094276094,891,0.367003367003367,259.99438832772165,2640,1264,153137540,449.6760129928589,ab16711
sfl,4,614400,2000,0.9415,492.029,0.57,1000,0.893,463.999,1000,0.875,456.413,282,0.9397163120567376,490.1950354609929,891,0.8496071829405163,440.48933782267113,891,0.8282828282828283,432.2570145903479,2640,1264,153137540,449.6760129928589,ab16711
sfl_auto,3,0,2000,0.0,52.005,0.0,1000,0.0,48.85,1000,0.0,49.855,282,0.0,50.58510638297872,891,0.0,47.874298540965206,891,0.0,46.7037037037037,2953,1254,196319814,634.117998123169,ab16711
sfl_auto,3,61440,2000,0.0505,206.2845,0.0,1000,0.0,100.431,1000,0.0,100.318,282,0.06382978723404255,203.0709219858156,891,0.0,98.75308641975309,891,0.0,98.38720538720538,2953,1254,196319814,634.117998123169,ab16711
sfl_auto,3,122880,2000,0.619,459.555,0.185,1000,0.075,200.912,1000,0.09,200.74,282,0.6382978723404256,457.29432624113474,891,0.038159371492704826,153.39842873176207,891,0.029180695847362513,153.31313131313132,2953,1254,196319814,634.117998123169,ab16711
sfl_auto,3,184320,2000,0.0845,315.0,0.0,1000,0.177,238.851,1000,0.149,234.248,282,0.07801418439716312,309.1808510638298,891,0.13468013468013468,218.54545454545453,891,0.12570145903479238,208.8507295173962,2953,1254,196319814,634.117998123169,ab16711
sfl_auto,3,245760,2000,0.1565,365.816,0.0,1000,0.278,259.994,1000,0.26,261.713,282,0.14184397163120568,360.2411347517731,891,0.2345679012345679,238.97418630751963,891,0.2166105499438833,230.38832772166106,2953,1254,196319814,634.117998123169,ab16711
sfl_auto,3,307200,2000,0.405,394.628,0.0,1000,0.004,167.61,1000,0.008,168.571,282,0.41134751773049644,386.6099290780142,891,0.0,155.21212121212122,891,0.0,153.23456790123456,2953,1254,196319814,634.117998123169,ab16711
sfl_auto,3,368640,2000,0.0945,404.229,0.0,1000,0.004,71.571,1000,0.01,71.585,282,0.10638297872340426,405.9468085106383,891,0.0,56.607182940516275,891,0.0,56.56902356902357,2953,1254,196319814,634.117998123169,ab16711
sfl_auto,3,430080,2000,0.965,495.8,0.65,1000,0.462,272.426,1000,0.478,281.041,282,0.950354609929078,492.07092198581563,891,0.37485970819304154,229.21324354657688,891,0.3793490460157127,230.56902356902356,2953,1254,196319814,634.117998123169,ab16711
sfl_auto,3,491520,2000,0.075,300.8215,0.0,1000,0.16,228.955,1000,0.143,222.456,282,0.0673758865248227,293.25531914893617,891,0.15824915824915825,215.75196408529743,891,0.12570145903479238,201.02469135802468,2953,1254,196319814,634.117998123169,ab16711
sfl_auto,3,552960,2000,0.2035,345.811,0.0,1000,0.015,171.245,1000,0.01,167.944,282,0.2127659574468085,339.63829787234044,891,0.007856341189674524,158.83726150392818,891,0.008978675645342313,158.93939393939394,2953,1254,196319814,634.117998123169,ab16711
sfl_auto,3,614400,2000,0.957,493.5335,0.57,1000,0.839,442.423,1000,0.822,435.512,282,0.9468085106382979,490.64539007092196,891,0.7822671156004489,413.8574635241302,891,0.7755331088664422,410.7934904601571,2953,1254,196319814,634.117998123169,ab16711
sfl_spread_carry,4,0,2000,0.0,72.3115,0.0,1000,0.0,31.152,1000,0.0,31.229,282,0.0,66.58865248226951,891,0.0,31.1010101010101,891,0.0,31.265993265993266,2836,1359,139420074,450.97260785102844,ab16711
sfl_spread_carry,4,61440,2000,0.054,218.8275,0.0,1000,0.0,104.197,1000,0.0,104.094,282,0.04609929078014184,210.92198581560282,891,0.0,101.58698092031425,891,0.0,101.0213243546577,2836,1359,139420074,450.97260785102844,ab16711
sfl_spread_carry,4,122880,2000,0.2215,339.967,0.0,1000,0.002,148.007,1000,0.003,148.579,282,0.23049645390070922,332.0,891,0.0,139.28058361391695,891,0.0,137.98092031425364,2836,1359,139420074,450.97260785102844,ab16711
sfl_spread_carry,4,184320,2000,0.168,311.091,0.0,1000,0.007,148.698,1000,0.008,149.269,282,0.1524822695035461,300.0673758865248,891,0.0,138.18630751964085,891,0.001122334455667789,136.78675645342312,2836,1359,139420074,450.97260785102844,ab16711
sfl_spread_carry,4,245760,2000,0.2265,329.624,0.0,1000,0.005,144.054,1000,0.008,144.156,282,0.20567375886524822,321.8049645390071,891,0.0,133.43658810325476,891,0.0,132.02469135802468,2836,1359,139420074,450.97260785102844,ab16711
sfl_spread_carry,4,307200,2000,0.4125,405.7285,0.0,1000,0.041,207.924,1000,0.052,211.108,282,0.3971631205673759,397.37943262411346,891,0.029180695847362513,193.52861952861952,891,0.038159371492704826,193.37037037037038,2836,1359,139420074,450.97260785102844,ab16711
sfl_spread_carry,4,368640,2000,0.7815,475.4585,0.32,1000,0.256,305.127,1000,0.265,305.06,282,0.7553191489361702,469.36524822695037,891,0.22334455667789002,283.73961840628505,891,0.21997755331088664,282.13916947250283,2836,1359,139420074,450.97260785102844,ab16711
sfl_spread_carry,4,430080,2000,0.9945,499.146,0.945,1000,0.912,469.066,1000,0.913,470.091,282,0.9929078014184397,498.4255319148936,891,0.8686868686868687,447.1290684624018,891,0.8597081930415263,443.9910213243547,2836,1359,139420074,450.97260785102844,ab16711
sfl_spread_carry,4,491520,2000,0.871,481.219,0.37,1000,0.584,365.991,1000,0.577,361.773,282,0.875886524822695,480.5354609929078,891,0.5173961840628507,332.63973063973066,891,0.500561167227834,325.83838383838383,2836,1359,139420074,450.97260785102844,ab16711
sfl_spread_carry,4,552960,2000,0.9345,488.5955,0.49,1000,0.583,343.127,1000,0.58,342.171,282,0.9326241134751773,487.75531914893617,891,0.510662177328844,308.95510662177327,891,0.5028058361391695,304.9539842873176,2836,1359,139420074,450.97260785102844,ab16711
sfl_spread_carry,4,614400,2000,0.9995,499.932,0.995,1000,0.956,485.962,1000,0.956,485.682,282,0.9893617021276596,497.15602836879435,891,0.9158249158249159,467.05723905723903,891,0.8900112233445566,456.1739618406285,2836,1359,139420074,450.97260785102844,ab16711
sfl_spread0,4,0,2000,0.0,29.114,0.0,1000,0.0,12.615,1000,0.0,12.702,282,0.0,28.386524822695037,891,0.0,12.929292929292929,891,0.0,12.785634118967453,2876,1445,148252335,449.8190939426422,ab16711
sfl_spread0,4,61440,2000,0.126,282.8375,0.0,1000,0.0,124.839,1000,0.0,124.582,282,0.12056737588652482,276.5673758865248,891,0.0,119.33894500561168,891,0.0,118.41077441077441,2876,1445,148252335,449.8190939426422,ab16711
sfl_spread0,4,122880,2000,0.092,293.0575,0.0,1000,0.092,215.414,1000,0.092,215.464,282,0.11347517730496454,299.6170212765957,891,0.0707070707070707,195.24130190796856,891,0.05723905723905724,193.11447811447812,2876,1445,148252335,449.8190939426422,ab16711
sfl_spread0,4,184320,2000,0.299,396.8205,0.0,1000,0.403,319.313,1000,0.413,318.013,282,0.2765957446808511,383.76241134751774,891,0.39281705948372614,308.337822671156,891,0.37485970819304154,308.1885521885522,2876,1445,148252335,449.8190939426422,ab16711
sfl_spread0,4,245760,2000,0.9755,496.5625,0.755,1000,0.974,490.133,1000,0.975,490.978,282,0.9893617021276596,497.59929078014187,891,0.9438832772166106,477.58249158249157,891,0.9405162738496072,476.2648709315376,2876,1445,148252335,449.8190939426422,ab16711
sfl_spread0,4,307200,2000,0.243,368.489,0.0,1000,0.069,226.723,1000,0.071,227.791,282,0.25177304964539005,371.1276595744681,891,0.05611672278338945,206.87317620650953,891,0.050505050505050504,204.013468013468,2876,1445,148252335,449.8190939426422,ab16711
sfl_spread0,4,368640,2000,0.016,181.542,0.0,1000,0.002,114.755,1000,0.002,114.504,282,0.02127659574468085,178.54609929078015,891,0.0,108.41189674523008,891,0.0,107.73625140291807,2876,1445,148252335,449.8190939426422,ab16711
sfl_spread0,4,430080,2000,0.987,498.071,0.87,1000,0.517,300.501,1000,0.518,300.485,282,0.9893617021276596,498.3049645390071,891,0.36251402918069586,230.31986531986533,891,0.3569023569023569,226.7205387205387,2876,1445,148252335,449.8190939426422,ab16711
sfl_spread0,4,491520,2000,0.9895,495.3365,0.895,1000,0.03,67.457,1000,0.035,69.11,282,0.9893617021276596,495.25531914893617,891,0.002244668911335578,56.34455667789001,891,0.0,55.85072951739618,2876,1445,148252335,449.8190939426422,ab16711
sfl_spread0,4,552960,2000,0.993,496.901,0.93,1000,0.039,73.016,1000,0.048,77.374,282,0.9893617021276596,495.3085106382979,891,0.002244668911335578,57.98989898989899,891,0.001122334455667789,57.98316498316498,2876,1445,148252335,449.8190939426422,ab16711
sfl_spread0,4,614400,2000,0.9825,492.114,0.825,1000,0.03,66.201,1000,0.032,67.707,282,0.975177304964539,488.8900709219858,891,0.002244668911335578,55.74298540965208,891,0.0,55.30639730639731,2876,1445,148252335,449.8190939426422,ab16711
sfl_spread_verify,3,0,2000,0.0,12.1765,0.0,1000,0.0,22.941,1000,0.0,23.29,282,0.0,11.840425531914894,891,0.0,25.078563411896745,891,0.0,24.1324354657688,2719,1318,235556070,670.7267661094666,ab16711
sfl_spread_verify,3,61440,2000,0.3755,388.691,0.0,1000,0.005,163.828,1000,0.002,162.283,282,0.36524822695035464,380.6808510638298,891,0.0,151.02020202020202,891,0.001122334455667789,149.3771043771044,2719,1318,235556070,670.7267661094666,ab16711
sfl_spread_verify,3,122880,2000,0.09,235.365,0.0,1000,0.0,106.764,1000,0.001,106.369,282,0.05319148936170213,224.69858156028369,891,0.0,102.84399551066218,891,0.0,102.15937149270482,2719,1318,235556070,670.7267661094666,ab16711
sfl_spread_verify,3,184320,2000,0.8805,473.962,0.225,1000,0.744,400.524,1000,0.736,396.879,282,0.8900709219858156,474.3829787234043,891,0.6767676767676768,370.314253647587,891,0.6644219977553311,365.72278338945006,2719,1318,235556070,670.7267661094666,ab16711
sfl_spread_verify,3,245760,2000,0.884,486.2445,0.43,1000,0.279,328.908,1000,0.266,328.366,282,0.8652482269503546,480.78723404255317,891,0.2053872053872054,297.7384960718294,891,0.19977553310886645,294.381593714927,2719,1318,235556070,670.7267661094666,ab16711
sfl_spread_verify,3,307200,2000,0.2875,340.6175,0.0,1000,0.001,125.251,1000,0.003,125.315,282,0.2695035460992908,329.77659574468083,891,0.001122334455667789,116.42087542087542,891,0.0,115.40965207631875,2719,1318,235556070,670.7267661094666,ab16711
sfl_spread_verify,3,368640,2000,0.154,303.8335,0.0,1000,0.009,147.743,1000,0.01,147.264,282,0.14893617021276595,301.3900709219858,891,0.0,133.15488215488216,891,0.0,132.4635241301908,2719,1318,235556070,670.7267661094666,ab16711
sfl_spread_verify,3,430080,2000,0.8815,489.3755,0.435,1000,0.096,184.965,1000,0.092,185.958,282,0.8865248226950354,489.51418439716315,891,0.04152637485970819,149.35465768799102,891,0.038159371492704826,141.30864197530863,2719,1318,235556070,670.7267661094666,ab16711
sfl_spread_verify,3,491520,2000,1.0,500.0,1.0,1000,0.827,429.948,1000,0.809,423.364,282,0.9929078014184397,498.20567375886526,891,0.7317620650953984,388.72053872053874,891,0.7429854096520763,393.40965207631876,2719,1318,235556070,670.7267661094666,ab16711
sfl_spread_verify,3,552960,2000,0.955,491.81,0.55,1000,0.478,276.643,1000,0.492,283.887,282,0.9609929078014184,490.70567375886526,891,0.4500561167227834,259.006734006734,891,0.44332210998877664,256.0920314253648,2719,1318,235556070,670.7267661094666,ab16711
sfl_spread_verify,3,614400,2000,0.982,497.043,0.82,1000,0.486,334.442,1000,0.484,333.391,282,0.9716312056737588,492.5248226950355,891,0.4152637485970819,299.6442199775533,891,0.41414141414141414,298.08417508417506,2719,1318,235556070,670.7267661094666,ab16711
sfl_spread_verify,4,0,2000,0.0,16.267,0.0,1000,0.0,49.298,1000,0.0,49.102,282,0.0,16.50354609929078,891,0.0,53.17508417508417,891,0.0,53.47586980920314,2995,1483,211582705,671.6917729377747,ab16711
sfl_spread_verify,4,61440,2000,0.117,279.7875,0.0,1000,0.0,123.762,1000,0.0,123.408,282,0.10638297872340426,272.3191489361702,891,0.0,118.31649831649831,891,0.0,117.43322109988776,2995,1483,211582705,671.6917729377747,ab16711
sfl_spread_verify,4,122880,2000,0.0265,190.282,0.0,1000,0.004,127.852,1000,0.013,130.307,282,0.031914893617021274,187.50709219858157,891,0.005611672278338945,120.70258136924804,891,0.005611672278338945,120.20089786756454,2995,1483,211582705,671.6917729377747,ab16711
sfl_spread_verify,4,184320,2000,0.0285,199.3785,0.0,1000,0.003,120.085,1000,0.003,120.536,282,0.031914893617021274,194.5921985815603,891,0.0,113.86307519640853,891,0.0,113.05499438832773,2995,1483,211582705,671.6917729377747,ab16711
sfl_spread_verify,4,245760,2000,0.195,318.9205,0.0,1000,0.001,136.319,1000,0.005,136.878,282,0.17375886524822695,308.0567375886525,891,0.0,128.31088664421998,891,0.0,127.18181818181819,2995,1483,211582705,671.6917729377747,ab16711
sfl_spread_verify,4,307200,2000,0.0275,213.4375,0.0,1000,0.006,130.386,1000,0.003,129.653,282,0.04609929078014184,211.67375886524823,891,0.001122334455667789,123.68237934904602,891,0.0,122.12570145903479,2995,1483,211582705,671.6917729377747,ab16711
sfl_spread_verify,4,368640,2000,0.6625,458.349,0.195,1000,0.041,209.989,1000,0.038,210.656,282,0.6276595744680851,448.5496453900709,891,0.017957351290684626,188.38496071829405,891,0.014590347923681257,182.38159371492705,2995,1483,211582705,671.6917729377747,ab16711
sfl_spread_verify,4,430080,2000,0.442,436.5345,0.015,1000,0.468,331.956,1000,0.461,327.95,282,0.37943262411347517,427.8156028368794,891,0.4691358024691358,320.54545454545456,891,0.4769921436588103,323.53872053872055,2995,1483,211582705,671.6917729377747,ab16711
sfl_spread_verify,4,491520,2000,0.992,497.437,0.92,1000,0.055,84.265,1000,0.064,87.675,282,0.9858156028368794,495.01063829787233,891,0.006734006734006734,61.63636363636363,891,0.005611672278338945,61.09988776655443,2995,1483,211582705,671.6917729377747,ab16711
sfl_spread_verify,4,552960,2000,0.984,497.8235,0.84,1000,0.876,455.269,1000,0.876,457.366,282,0.975177304964539,494.67021276595744,891,0.8159371492704826,429.08866442199775,891,0.8058361391694725,424.95286195286195,2995,1483,211582705,671.6917729377747,ab16711
sfl_spread_verify,4,614400,2000,0.9955,498.546,0.955,1000,0.564,319.625,1000,0.567,321.144,282,0.9893617021276596,496.3510638297872,891,0.4287317620650954,261.66778900112234,891,0.40404040404040403,250.29854096520762,2995,1483,211582705,671.6917729377747,ab16711
sfl_auto,4,0,2000,0.0,29.761,0.0,1000,0.0,14.043,1000,0.0,13.915,282,0.0,29.148936170212767,891,0.0,14.367003367003367,891,0.0,14.27384960718294,2626,972,242001856,636.683779001236,ab16711
sfl_auto,4,61440,2000,0.033,228.012,0.0,1000,0.002,130.648,1000,0.003,131.187,282,0.04964539007092199,221.84751773049646,891,0.0,124.22446689113356,891,0.0,122.90011223344557,2626,972,242001856,636.683779001236,ab16711
sfl_auto,4,122880,2000,0.066,232.056,0.0,1000,0.003,115.685,1000,0.001,114.956,282,0.06028368794326241,225.56028368794327,891,0.0,109.70931537598204,891,0.0,109.07968574635241,2626,972,242001856,636.683779001236,ab16711
sfl_auto,4,184320,2000,0.8335,478.5155,0.365,1000,0.021,238.672,1000,0.024,238.976,282,0.7907801418439716,468.5177304964539,891,0.001122334455667789,215.23905723905725,891,0.001122334455667789,212.62962962962962,2626,972,242001856,636.683779001236,ab16711
sfl_auto,4,245760,2000,0.9205,487.524,0.45,1000,0.76,404.075,1000,0.748,400.331,282,0.8971631205673759,482.5567375886525,891,0.696969696969697,377.20763187429856,891,0.7059483726150393,380.6026936026936,2626,972,242001856,636.683779001236,ab16711
sfl_auto,4,307200,2000,0.971,495.876,0.71,1000,0.924,475.448,1000,0.925,475.291,282,0.9645390070921985,493.4468085106383,891,0.8720538720538721,456.030303030303,891,0.8698092031425365,449.57351290684625,2626,972,242001856,636.683779001236,ab16711
sfl_auto,4,368640,2000,0.9965,498.954,0.965,1000,0.401,245.047,1000,0.392,241.468,282,0.9893617021276596,496.8900709219858,891,0.24354657687991021,176.37149270482604,891,0.25925925925925924,182.65656565656565,2626,972,242001856,636.683779001236,ab16711
sfl_auto,4,430080,2000,0.996,498.694,0.96,1000,0.218,160.574,1000,0.229,164.717,282,0.9893617021276596,496.6241134751773,891,0.12008978675645342,118.1919191919192,891,0.11447811447811448,114.43658810325476,2626,972,242001856,636.683779001236,ab16711
sfl_auto,4,491520,2000,0.9945,499.0655,0.945,1000,0.955,487.982,1000,0.957,488.676,282,0.9929078014184397,497.4078014184397,891,0.9326599326599326,473.42424242424244,891,0.9124579124579124,465.04713804713805,2626,972,242001856,636.683779001236,ab16711
sfl_auto,4,552960,2000,0.969,494.9025,0.69,1000,0.178,150.689,1000,0.178,149.265,282,0.9609929078014184,491.1489361702128,891,0.06397306397306397,93.8047138047138,891,0.06958473625140292,96.89001122334456,2626,972,242001856,636.683779001236,ab16711
sfl_auto,4,614400,2000,0.9985,499.3925,0.985,1000,0.31,204.657,1000,0.299,201.389,282,0.9929078014184397,496.9929078014184,891,0.09988776655443322,112.78563411896745,891,0.08080808080808081,103.92929292929293,2626,972,242001856,636.683779001236,ab16711
sfl,5,0,2000,0.0,17.2225,0.0,1000,0.0,21.631,1000,0.0,20.654,282,0.0,17.911347517730498,891,0.0,22.06509539842873,891,0.0,22.62962962962963,2842,1420,129884801,455.9622437953949,ab16711
sfl,5,61440,2000,0.4905,416.853,0.03,1000,0.083,257.865,1000,0.094,257.7,282,0.45390070921985815,404.93971631205676,891,0.05723905723905724,242.2648709315376,891,0.058361391694725026,237.1290684624018,2842,1420,129884801,455.9622437953949,ab16711
sfl,5,122880,2000,0.2515,347.968,0.0,1000,0.003,154.8,1000,0.002,153.902,282,0.19148936170212766,338.1418439716312,891,0.0,144.60718294051628,891,0.0,143.7149270482604,2842,1420,129884801,455.9622437953949,ab16711
sfl,5,184320,2000,0.0615,239.2525,0.0,1000,0.001,126.999,1000,0.004,127.747,282,0.04964539007092199,228.53546099290782,891,0.0,120.87766554433222,891,0.0,119.9236812570146,2842,1420,129884801,455.9622437953949,ab16711
sfl,5,245760,2000,0.19,337.4695,0.0,1000,0.018,165.477,1000,0.013,164.021,282,0.17375886524822695,327.58156028368796,891,0.006734006734006734,148.4702581369248,891,0.003367003367003367,145.1077441077441,2842,1420,129884801,455.9622437953949,ab16711
sfl,5,307200,2000,0.146,321.598,0.0,1000,0.043,199.886,1000,0.056,203.752,282,0.13120567375886524,309.9113475177305,891,0.025813692480359147,186.7250280583614,891,0.029180695847362513,185.07968574635242,2842,1420,129884801,455.9622437953949,ab16711
sfl,5,368640,2000,0.053,243.492,0.0,1000,0.009,146.143,1000,0.007,146.135,282,0.04964539007092199,236.7304964539007,891,0.001122334455667789,137.54994388327722,891,0.003367003367003367,137.44332210998877,2842,1420,129884801,455.9622437953949,ab16711
sfl,5,430080,2000,0.9275,489.8345,0.6,1000,0.274,287.629,1000,0.266,288.791,282,0.9042553191489362,486.51063829787233,891,0.21773288439955107,262.16498316498314,891,0.19304152637485972,243.45791245791247,2842,1420,129884801,455.9622437953949,ab16711
sfl,5,491520,2000,0.9615,494.983,0.66,1000,0.68,400.492,1000,0.669,396.903,282,0.9716312056737588,494.8581560283688,891,0.590347923681257,361.993265993266,891,0.5578002244668911,353.8956228956229,2842,1420,129884801,455.9622437953949,ab16711
sfl,5,552960,2000,0.9345,489.5225,0.515,1000,0.661,378.661,1000,0.656,376.257,282,0.9397163120567376,490.22340425531917,891,0.6026936026936027,352.037037037037,891,0.6015712682379349,351.2570145903479,2842,1420,129884801,455.9622437953949,ab16711
sfl,5,614400,2000,0.979,497.1895,0.79,1000,0.925,475.118,1000,0.924,474.788,282,0.9787234042553191,495.99645390070924,891,0.9001122334455668,460.050505050505,891,0.8922558922558923,456.4691358024691,2842,1420,129884801,455.9622437953949,ab16711
sfl_spread_carry,5,0,2000,0.0,65.774,0.0,1000,0.0,29.733,1000,0.0,29.899,282,0.0035460992907801418,65.57801418439716,891,0.0,29.479236812570146,891,0.0,29.255892255892256,2808,1368,141913909,455.228622674942,ab16711
sfl_spread_carry,5,61440,2000,0.0685,237.403,0.0,1000,0.0,112.606,1000,0.0,112.521,282,0.03900709219858156,227.03546099290782,891,0.0,109.19304152637486,891,0.0,108.54320987654322,2808,1368,141913909,455.228622674942,ab16711
sfl_spread_carry,5,122880,2000,0.114,254.8435,0.0,1000,0.0,107.607,1000,0.0,107.323,282,0.08156028368794327,245.26241134751774,891,0.0,104.05836139169473,891,0.0,103.5230078563412,2808,1368,141913909,455.228622674942,ab16711
sfl_spread_carry,5,184320,2000,0.103,281.2775,0.0,1000,0.004,132.672,1000,0.002,132.273,282,0.0851063829787234,272.4929078014184,891,0.001122334455667789,125.24130190796858,891,0.0,124.69135802469135,2808,1368,141913909,455.228622674942,ab16711
sfl_spread_carry,5,245760,2000,0.971,496.23,0.71,1000,0.297,246.155,1000,0.28,245.956,282,0.9716312056737588,495.0354609929078,891,0.14814814814814814,169.83052749719417,891,0.1537598204264871,163.996632996633,2808,1368,141913909,455.228622674942,ab16711
sfl_spread_carry,5,307200,2000,0.1985,334.8075,0.0,1000,0.007,167.525,1000,0.013,167.988,282,0.19858156028368795,332.3085106382979,891,0.001122334455667789,154.53535353535352,891,0.002244668911335578,153.68237934904602,2808,1368,141913909,455.228622674942,ab16711
sfl_spread_carry,5,368640,2000,0.103,268.2795,0.0,1000,0.002,133.793,1000,0.005,134.125,282,0.08865248226950355,260.0248226950355,891,0.0,124.79461279461279,891,0.0,123.9090909090909,2808,1368,141913909,455.228622674942,ab16711
sfl_spread_carry,5,430080,2000,0.9655,495.6495,0.67,1000,0.524,300.721,1000,0.535,306.577,282,0.9574468085106383,495.177304964539,891,0.39730639730639733,242.003367003367,891,0.37373737373737376,231.5252525252525,2808,1368,141913909,455.228622674942,ab16711
sfl_spread_carry,5,491520,2000,0.98,497.3355,0.8,1000,0.159,140.286,1000,0.164,141.344,282,0.9822695035460993,494.2411347517731,891,0.024691358024691357,75.8047138047138,891,0.037037037037037035,80.53984287317621,2808,1368,141913909,455.228622674942,ab16711
sfl_spread_carry,5,552960,2000,0.99,495.5265,0.9,1000,0.069,87.939,1000,0.06,84.581,282,0.9893617021276596,495.2482269503546,891,0.001122334455667789,57.37485970819304,891,0.002244668911335578,57.66778900112234,2808,1368,141913909,455.228622674942,ab16711
sfl_spread_carry,5,614400,2000,0.941,490.1075,0.54,1000,0.401,314.841,1000,0.405,311.356,282,0.9397163120567376,487.61347517730496,891,0.3569023569023569,287.6273849607183,891,0.35241301907968575,288.3400673400673,2808,1368,141913909,455.228622674942,ab16711
sfl_spread0,5,0,2000,0.0,43.8365,0.0,1000,0.0,19.865,1000,0.0,19.885,282,0.0,43.4290780141844,891,0.0,19.951739618406286,891,0.0,19.838383838383837,2872,1392,157039121,455.88893604278564,ab16711
sfl_spread0,5,61440,2000,0.6615,450.5165,0.18,1000,0.011,232.694,1000,0.008,232.612,282,0.6560283687943262,443.2517730496454,891,0.0,214.4837261503928,891,0.001122334455667789,212.01122334455667,2872,1392,157039121,455.88893604278564,ab16711
sfl_spread0,5,122880,2000,0.0525,230.1905,0.0,1000,0.008,146.633,1000,0.006,146.763,282,0.05319148936170213,223.68794326241135,891,0.001122334455667789,137.31425364758698,891,0.0,135.77216610549945,2872,1392,157039121,455.88893604278564,ab16711
sfl_spread0,5,184320,2000,0.04,204.2005,0.0,1000,0.003,119.614,1000,0.005,121.017,282,0.031914893617021274,200.58510638297872,891,0.0,113.6408529741863,891,0.0,113.0,2872,1392,157039121,455.88893604278564,ab16711
sfl_spread0,5,245760,2000,0.936,492.3585,0.57,1000,0.099,211.994,1000,0.108,214.334,282,0.9326241134751773,491.63475177304963,891,0.05723905723905724,162.41750841750843,891,0.04489337822671156,154.87654320987653,2872,1392,157039121,455.88893604278564,ab16711
sfl_spread0,5,307200,2000,0.936,491.4895,0.48,1000,0.892,461.6,1000,0.885,459.051,282,0.9361702127659575,492.29432624113474,891,0.8518518518518519,441.0381593714927,891,0.8496071829405163,439.8069584736251,2872,1392,157039121,455.88893604278564,ab16711
sfl_spread0,5,368640,2000,0.959,491.036,0.645,1000,0.005,69.575,1000,0.011,69.252,282,0.950354609929078,489.9326241134752,891,0.0,57.111111111111114,891,0.0,56.94276094276094,2872,1392,157039121,455.88893604278564,ab16711
sfl_spread0,5,430080,2000,0.9875,496.7405,0.875,1000,0.035,79.581,1000,0.036,80.976,282,0.9787234042553191,493.1985815602837,891,0.0,58.509539842873174,891,0.0,58.4040404040404,2872,1392,157039121,455.88893604278564,ab16711
sfl_spread0,5,491520,2000,0.9965,498.4565,0.965,1000,0.07,87.829,1000,0.063,85.011,282,0.9893617021276596,495.28014184397165,891,0.002244668911335578,58.35129068462402,891,0.001122334455667789,57.988776655443324,2872,1392,157039121,455.88893604278564,ab16711
sfl_spread0,5,552960,2000,0.991,495.9925,0.91,1000,0.068,85.957,1000,0.068,85.165,282,0.9893617021276596,495.2517730496454,891,0.002244668911335578,57.125701459034794,891,0.001122334455667789,56.81257014590348,2872,1392,157039121,455.88893604278564,ab16711
sfl_spread0,5,614400,2000,0.997,499.337,0.97,1000,0.915,469.901,1000,0.906,466.905,282,0.9893617021276596,496.59574468085106,891,0.8641975308641975,446.05836139169475,891,0.8518518518518519,441.2570145903479,2872,1392,157039121,455.88893604278564,ab16711
sfl,6,0,2000,0.0,35.5505,0.0,1000,0.0,21.24,1000,0.0,20.958,282,0.0,35.695035460992905,891,0.0,21.671156004489337,891,0.0,21.65432098765432,2606,1266,156580031,455.87173986434937,ab16711
sfl,6,61440,2000,0.132,306.759,0.0,1000,0.002,139.457,1000,0.001,139.971,282,0.10638297872340426,298.92907801418437,891,0.0,132.45230078563412,891,0.0,131.7598204264871,2606,1266,156580031,455.87173986434937,ab16711
sfl,6,122880,2000,0.129,283.2475,0.0,1000,0.001,121.554,1000,0.0,121.422,282,0.12056737588652482,280.97163120567376,891,0.001122334455667789,115.99887766554433,891,0.0,115.01459034792369,2606,1266,156580031,455.87173986434937,ab16711
sfl,6,184320,2000,0.261,344.7235,0.0,1000,0.002,136.662,1000,0.005,137.782,282,0.2553191489361702,333.64539007092196,891,0.0,127.7631874298541,891,0.0,126.62289562289563,2606,1266,156580031,455.87173986434937,ab16711
sfl,6,245760,2000,0.614,434.532,0.175,1000,0.13,225.23,1000,0.138,223.964,282,0.5886524822695035,423.8085106382979,891,0.10101010101010101,204.24803591470257,891,0.0920314253647587,197.97867564534232,2606,1266,156580031,455.87173986434937,ab16711
sfl,6,307200,2000,0.5615,438.92,0.11,1000,0.01,184.84,1000,0.014,187.157,282,0.5921985815602837,438.5673758865248,891,0.002244668911335578,170.81032547699215,891,0.0,168.21212121212122,2606,1266,156580031,455.87173986434937,ab16711
sfl,6,368640,2000,0.967,495.8625,0.67,1000,0.923,473.136,1000,0.919,471.5,282,0.9716312056737588,495.97872340425533,891,0.8765432098765432,451.40179573512904,891,0.8540965207631874,441.8877665544332,2606,1266,156580031,455.87173986434937,ab16711
sfl,6,430080,2000,0.9785,497.0365,0.785,1000,0.94,479.499,1000,0.94,480.135,282,0.9822695035460993,496.86879432624113,891,0.898989898989899,459.1739618406285,891,0.8945005611672279,457.35353535353534,2606,1266,156580031,455.87173986434937,ab16711
sfl,6,491520,2000,0.621,452.8245,0.16,1000,0.438,320.818,1000,0.444,325.189,282,0.6453900709219859,449.82978723404256,891,0.4006734006734007,299.25589225589226,891,0.3961840628507295,297.956228956229,2606,1266,156580031,455.87173986434937,ab16711
sfl,6,552960,2000,0.789,483.213,0.33,1000,0.159,245.597,1000,0.15,239.877,282,0.7907801418439716,485.4929078014184,891,0.06509539842873176,195.3759820426487,891,0.07631874298540965,199.55667789001123,2606,1266,156580031,455.87173986434937,ab16711
sfl,6,614400,2000,0.9935,498.797,0.935,1000,0.831,437.893,1000,0.817,431.139,282,0.9858156028368794,496.6950354609929,891,0.7676767676767676,405.78226711560046,891,0.7654320987654321,404.77777777777777,2606,1266,156580031,455.87173986434937,ab16711
sfl_spread_carry,6,0,2000,0.0,14.988,0.0,1000,0.0,10.768,1000,0.0,10.804,282,0.0,15.141843971631205,891,0.0,11.15712682379349,891,0.0,11.039281705948373,2717,1360,157765135,454.7925281524658,ab16711
sfl_spread_carry,6,61440,2000,0.1185,273.301,0.0,1000,0.0,120.657,1000,0.0,120.372,282,0.08156028368794327,260.43971631205676,891,0.0,115.34006734006734,891,0.0,114.61616161616162,2717,1360,157765135,454.7925281524658,ab16711
sfl_spread_carry,6,122880,2000,0.414,388.584,0.0,1000,0.008,171.137,1000,0.005,170.464,282,0.3971631205673759,383.98581560283685,891,0.001122334455667789,157.30527497194163,891,0.0,155.7149270482604,2717,1360,157765135,454.7925281524658,ab16711
sfl_spread_carry,6,184320,2000,0.1725,365.5055,0.0,1000,0.41,302.341,1000,0.409,300.395,282,0.1524822695035461,355.1276595744681,891,0.3939393939393939,290.3198653198653,891,0.39281705948372614,292.28395061728395,2717,1360,157765135,454.7925281524658,ab16711
sfl_spread_carry,6,245760,2000,0.2635,362.772,0.0,1000,0.002,140.157,1000,0.003,140.609,282,0.24468085106382978,351.322695035461,891,0.001122334455667789,131.0381593714927,891,0.0,129.73737373737373,2717,1360,157765135,454.7925281524658,ab16711
sfl_spread_carry,6,307200,2000,0.9985,499.7755,0.985,1000,0.928,475.117,1000,0.936,478.2,282,0.9893617021276596,497.41843971631204,891,0.8922558922558923,456.9685746352413,891,0.8843995510662177,454.46576879910214,2717,1360,157765135,454.7925281524658,ab16711
sfl_spread_carry,6,368640,2000,0.9855,497.5095,0.855,1000,0.914,471.434,1000,0.913,472.044,282,0.9858156028368794,496.6950354609929,891,0.8855218855218855,453.8574635241302,891,0.8641975308641975,445.368125701459,2717,1360,157765135,454.7925281524658,ab16711
sfl_spread_carry,6,430080,2000,0.984,497.847,0.84,1000,0.866,453.394,1000,0.875,458.295,282,0.9787234042553191,495.20567375886526,891,0.8451178451178452,438.0684624017957,891,0.8170594837261503,427.2154882154882,2717,1360,157765135,454.7925281524658,ab16711
sfl_spread_carry,6,491520,2000,0.9905,497.89,0.905,1000,0.708,390.498,1000,0.699,388.185,282,0.9858156028368794,495.93617021276594,891,0.6408529741863075,357.631874298541,891,0.6127946127946128,346.331088664422,2717,1360,157765135,454.7925281524658,ab16711
sfl_spread_carry,6,552960,2000,0.999,499.563,0.99,1000,0.345,217.44,1000,0.355,222.366,282,0.9858156028368794,494.6737588652482,891,0.19079685746352412,150.47923681257015,891,0.20875420875420875,156.98204264870932,2717,1360,157765135,454.7925281524658,ab16711
sfl_spread_carry,6,614400,2000,0.9955,499.399,0.955,1000,0.884,459.231,1000,0.871,455.19,282,0.9893617021276596,497.3085106382979,891,0.8372615039281706,435.68799102132436,891,0.8327721661054994,433.003367003367,2717,1360,157765135,454.7925281524658,ab16711
sfl_spread_verify,5,0,2000,0.0,14.7235,0.0,1000,0.0,39.839,1000,0.0,39.749,282,0.0,15.053191489361701,891,0.0,42.18855218855219,891,0.0,43.560044893378226,2757,1322,231796988,682.3202757835388,ab16711
sfl_spread_verify,5,61440,2000,0.177,322.1675,0.0,1000,0.001,149.437,1000,0.001,149.143,282,0.13829787234042554,313.0070921985816,891,0.0,141.4219977553311,891,0.0,140.60493827160494,2757,1322,231796988,682.3202757835388,ab16711
sfl_spread_verify,5,122880,2000,0.063,233.8965,0.0,1000,0.0,120.894,1000,0.003,121.732,282,0.0425531914893617,222.84751773049646,891,0.0,115.15600448933782,891,0.0,114.56228956228956,2757,1322,231796988,682.3202757835388,ab16711
sfl_spread_verify,5,184320,2000,0.5185,401.411,0.055,1000,0.14,205.438,1000,0.138,202.913,282,0.5283687943262412,400.6985815602837,891,0.0931537598204265,181.96408529741862,891,0.0931537598204265,180.74635241301908,2757,1322,231796988,682.3202757835388,ab16711
sfl_spread_verify,5,245760,2000,0.071,235.086,0.0,1000,0.0,113.58,1000,0.002,114.184,282,0.0673758865248227,228.2304964539007,891,0.0,108.20650953984287,891,0.0,107.60044893378226,2757,1322,231796988,682.3202757835388,ab16711
sfl_spread_verify,5,307200,2000,0.967,495.5705,0.67,1000,0.556,320.638,1000,0.576,328.784,282,0.9787234042553191,497.1418439716312,891,0.4175084175084175,258.0808080808081,891,0.42312008978675647,256.5679012345679,2757,1322,231796988,682.3202757835388,ab16711
sfl_spread_verify,5,368640,2000,0.926,490.3115,0.43,1000,0.886,460.717,1000,0.874,456.63,282,0.9397163120567376,490.34397163120565,891,0.8507295173961841,440.74074074074076,891,0.8518518518518519,441.14590347923684,2757,1322,231796988,682.3202757835388,ab16711
sfl_spread_verify,5,430080,2000,0.9935,498.9535,0.935,1000,0.932,479.743,1000,0.937,480.896,282,0.9858156028368794,496.73758865248226,891,0.9124579124579124,464.88664421997754,891,0.9012345679012346,460.11335578002246,2757,1322,231796988,682.3202757835388,ab16711
sfl_spread_verify,5,491520,2000,0.986,497.586,0.86,1000,0.934,479.566,1000,0.939,481.023,282,0.9858156028368794,495.64539007092196,891,0.9180695847362514,466.8821548821549,891,0.8978675645342312,458.8024691358025,2757,1322,231796988,682.3202757835388,ab16711
sfl_spread_verify,5,552960,2000,1.0,500.0,1.0,1000,0.876,451.401,1000,0.867,448.936,282,0.9893617021276596,497.47872340425533,891,0.8148148148148148,423.5331088664422,891,0.7946127946127947,415.5723905723906,2757,1322,231796988,682.3202757835388,ab16711
sfl_spread_verify,5,614400,2000,0.9685,494.3345,0.685,1000,0.696,407.022,1000,0.693,407.512,282,0.9609929078014184,491.31205673758865,891,0.622895622895623,379.3423120089787,891,0.6026936026936027,368.5959595959596,2757,1322,231796988,682.3202757835388,ab16711
sfl_auto,5,0,2000,0.0,16.1435,0.0,1000,0.0,10.813,1000,0.0,10.896,282,0.0,15.861702127659575,891,0.0,11.239057239057239,891,0.0,11.10213243546577,3086,793,192447848,640.8599469661713,ab16711
sfl_auto,5,61440,2000,0.0655,229.101,0.0,1000,0.0,107.068,1000,0.001,106.872,282,0.04609929078014184,217.43262411347519,891,0.0,103.55331088664423,891,0.0,103.03928170594837,3086,793,192447848,640.8599469661713,ab16711
sfl_auto,5,122880,2000,0.212,335.41,0.0,1000,0.001,143.899,1000,0.003,144.411,282,0.22340425531914893,327.06382978723406,891,0.0,135.37485970819304,891,0.0,134.39506172839506,3086,793,192447848,640.8599469661713,ab16711
sfl_auto,5,184320,2000,0.0635,252.1785,0.0,1000,0.0,118.798,1000,0.002,118.924,282,0.06028368794326241,245.94326241134752,891,0.0,113.08978675645342,891,0.0,112.49158249158249,3086,793,192447848,640.8599469661713,ab16711
sfl_auto,5,245760,2000,0.979,497.0015,0.79,1000,0.948,483.38,1000,0.951,484.161,282,0.9787234042553191,496.5886524822695,891,0.9349046015712682,473.6139169472503,891,0.9191919191919192,467.5297418630752,3086,793,192447848,640.8599469661713,ab16711
sfl_auto,5,307200,2000,0.059,204.3,0.0,1000,0.0,105.571,1000,0.0,106.051,282,0.0425531914893617,196.62056737588654,891,0.0,100.54320987654322,891,0.0,100.36924803591471,3086,793,192447848,640.8599469661713,ab16711
sfl_auto,5,368640,2000,0.0615,246.871,0.0,1000,0.001,120.837,1000,0.002,121.351,282,0.06028368794326241,241.5531914893617,891,0.0,114.51851851851852,891,0.0,113.85185185185185,3086,793,192447848,640.8599469661713,ab16711
sfl_auto,5,430080,2000,0.9345,491.074,0.515,1000,0.422,358.227,1000,0.42,355.603,282,0.9042553191489362,486.13475177304963,891,0.3490460157126824,325.5611672278339,891,0.33221099887766553,319.41975308641975,3086,793,192447848,640.8599469661713,ab16711
sfl_auto,5,491520,2000,0.9185,484.2745,0.445,1000,0.231,264.362,1000,0.231,263.872,282,0.900709219858156,478.1950354609929,891,0.17957351290684623,237.70258136924804,891,0.19079685746352412,235.05387205387206,3086,793,192447848,640.8599469661713,ab16711
sfl_auto,5,552960,2000,0.6695,446.697,0.19,1000,0.197,236.415,1000,0.201,235.841,282,0.624113475177305,435.73758865248226,891,0.17620650953984288,218.05050505050505,891,0.15151515151515152,210.07744107744108,3086,793,192447848,640.8599469661713,ab16711
sfl_auto,5,614400,2000,0.22,403.775,0.0,1000,0.32,293.396,1000,0.318,289.914,282,0.2198581560283688,403.6843971631206,891,0.3108866442199775,265.53872053872055,891,0.30864197530864196,265.358024691358,3086,793,192447848,640.8599469661713,ab16711
sfl_spread0,6,0,2000,0.011,113.416,0.0,1000,0.0,43.55,1000,0.0,44.858,282,0.0070921985815602835,102.72340425531915,891,0.0,45.160493827160494,891,0.0,44.631874298540964,3114,1557,128602835,459.17022013664246,ab16711
sfl_spread0,6,61440,2000,0.0695,221.9655,0.0,1000,0.001,107.109,1000,0.001,106.181,282,0.09574468085106383,222.24468085106383,891,0.0,101.95061728395062,891,0.0,101.32884399551067,3114,1557,128602835,459.17022013664246,ab16711
sfl_spread0,6,122880,2000,0.0705,270.938,0.0,1000,0.004,134.538,1000,0.007,135.26,282,0.05673758865248227,260.29787234042556,891,0.0,124.8989898989899,891,0.0,124.38496071829405,3114,1557,128602835,459.17022013664246,ab16711
sfl_spread0,6,184320,2000,0.918,489.0775,0.52,1000,0.618,391.357,1000,0.599,384.972,282,0.9184397163120568,488.3723404255319,891,0.5521885521885522,363.8024691358025,891,0.5443322109988776,358.2693602693603,3114,1557,128602835,459.17022013664246,ab16711
sfl_spread0,6,245760,2000,0.236,343.174,0.0,1000,0.007,145.997,1000,0.009,146.8,282,0.20212765957446807,334.07801418439715,891,0.0,135.7732884399551,891,0.0,134.16610549943883,3114,1557,128602835,459.17022013664246,ab16711
sfl_spread0,6,307200,2000,0.0895,271.715,0.0,1000,0.006,136.81,1000,0.005,137.078,282,0.07092198581560284,264.33687943262413,891,0.002244668911335578,128.77890011223346,891,0.0,127.34006734006734,3114,1557,128602835,459.17022013664246,ab16711
sfl_spread0,6,368640,2000,0.0935,300.899,0.0,1000,0.051,175.093,1000,0.041,171.764,282,0.07801418439716312,294.20567375886526,891,0.030303030303030304,160.32996632996634,891,0.03254769921436588,159.82379349046016,3114,1557,128602835,459.17022013664246,ab16711
sfl_spread0,6,430080,2000,0.5175,426.651,0.06,1000,0.104,220.073,1000,0.089,216.249,282,0.5,417.4468085106383,891,0.0718294051627385,200.74971941638609,891,0.08305274971941638,201.1077441077441,3114,1557,128602835,459.17022013664246,ab16711
sfl_spread0,6,491520,2000,0.9855,498.1615,0.855,1000,0.72,399.992,1000,0.704,395.56,282,0.975177304964539,494.709219858156,891,0.6352413019079686,361.84736251402916,891,0.6127946127946128,350.40179573512904,3114,1557,128602835,459.17022013664246,ab16711
sfl_spread0,6,552960,2000,0.968,495.3265,0.68,1000,0.818,433.435,1000,0.816,433.531,282,0.9716312056737588,493.93617021276594,891,0.7732884399551067,409.9304152637486,891,0.7564534231200898,403.0482603815937,3114,1557,128602835,459.17022013664246,ab16711
sfl_spread0,6,614400,2000,0.972,496.6105,0.72,1000,0.366,263.726,1000,0.356,261.975,282,0.9680851063829787,491.52836879432624,891,0.25252525252525254,205.17957351290684,891,0.2558922558922559,205.6060606060606,3114,1557,128602835,459.17022013664246,ab16711
sfl_spread_verify,6,0,2000,0.0,60.7935,0.0,1000,0.0,48.96,1000,0.0,49.6,282,0.0,56.90780141843972,891,0.0,51.54208754208754,891,0.0,51.46801346801347,2847,1411,225240148,681.1648209095001,ab16711
sfl_spread_verify,6,61440,2000,0.1365,281.916,0.0,1000,0.0,115.432,1000,0.0,115.142,282,0.1276595744680851,275.86170212765956,891,0.0,110.51402918069584,891,0.0,109.73961840628508,2847,1411,225240148,681.1648209095001,ab16711
sfl_spread_verify,6,122880,2000,0.1775,311.691,0.0,1000,0.005,134.938,1000,0.003,134.403,282,0.14184397163120568,302.2340425531915,891,0.001122334455667789,125.41526374859708,891,0.0,124.43658810325476,2847,1411,225240148,681.1648209095001,ab16711
sfl_spread_verify,6,184320,2000,0.0805,261.443,0.0,1000,0.004,128.934,1000,0.001,128.289,282,0.06028368794326241,252.25531914893617,891,0.0,120.55780022446689,891,0.0,119.79349046015713,2847,1411,225240148,681.1648209095001,ab16711
sfl_spread_verify,6,245760,2000,0.1765,326.96,0.0,1000,0.009,159.254,1000,0.01,158.545,282,0.17375886524822695,323.6276595744681,891,0.0,144.12008978675647,891,0.0,143.1806958473625,2847,1411,225240148,681.1648209095001,ab16711
sfl_spread_verify,6,307200,2000,0.7755,478.051,0.385,1000,0.17,221.359,1000,0.151,212.607,282,0.7872340425531915,476.8049645390071,891,0.05723905723905724,165.8462401795735,891,0.08754208754208755,175.79236812570147,2847,1411,225240148,681.1648209095001,ab16711
sfl_spread_verify,6,368640,2000,0.975,496.647,0.75,1000,0.49,307.904,1000,0.515,316.101,282,0.9822695035460993,496.1950354609929,891,0.35129068462401797,246.3939393939394,891,0.35353535353535354,247.6026936026936,2847,1411,225240148,681.1648209095001,ab16711
sfl_spread_verify,6,430080,2000,0.9695,496.0335,0.695,1000,0.454,311.849,1000,0.428,303.248,282,0.9645390070921985,495.65602836879435,891,0.3063973063973064,246.4287317620651,891,0.3063973063973064,246.54882154882154,2847,1411,225240148,681.1648209095001,ab16711
sfl_spread_verify,6,491520,2000,0.9955,499.077,0.955,1000,0.38,234.079,1000,0.37,230.602,282,0.9929078014184397,497.79787234042556,891,0.29854096520763185,197.1571268237935,891,0.28170594837261503,190.010101010101,2847,1411,225240148,681.1648209095001,ab16711
sfl_spread_verify,6,552960,2000,0.9755,488.9355,0.755,1000,0.031,65.843,1000,0.035,67.498,282,0.950354609929078,477.56382978723406,891,0.002244668911335578,55.370370370370374,891,0.001122334455667789,55.05050505050505,2847,1411,225240148,681.1648209095001,ab16711
sfl_spread_verify,6,614400,2000,0.9925,496.672,0.925,1000,0.161,132.526,1000,0.172,138.005,282,0.9929078014184397,497.0,891,0.06621773288439955,92.81705948372615,891,0.051627384960718295,85.76767676767676,2847,1411,225240148,681.1648209095001,ab16711
sfl,7,0,2000,0.0,12.4345,0.0,1000,0.0,25.451,1000,0.0,25.316,282,0.0,12.304964539007091,891,0.0,27.267115600448935,891,0.0,26.667789001122333,2671,1317,145824243,458.99749183654785,ab16711
sfl,7,61440,2000,0.0505,208.0595,0.0,1000,0.001,106.772,1000,0.0,106.513,282,0.04964539007092199,200.7127659574468,891,0.0,102.87093153759821,891,0.0,102.70258136924804,2671,1317,145824243,458.99749183654785,ab16711
sfl,7,122880,2000,0.051,213.532,0.0,1000,0.0,105.209,1000,0.0,104.9,282,0.03546099290780142,205.70212765957447,891,0.0,102.29292929292929,891,0.0,101.85072951739619,2671,1317,145824243,458.99749183654785,ab16711
sfl,7,184320,2000,0.1345,289.0465,0.0,1000,0.007,127.275,1000,0.004,126.599,282,0.11347517730496454,281.21276595744683,891,0.001122334455667789,118.75533108866442,891,0.0,117.66442199775533,2671,1317,145824243,458.99749183654785,ab16711
sfl,7,245760,2000,0.4345,377.9455,0.0,1000,0.007,127.537,1000,0.01,127.087,282,0.4219858156028369,369.4148936170213,891,0.001122334455667789,116.36475869809203,891,0.0,115.50729517396184,2671,1317,145824243,458.99749183654785,ab16711
sfl,7,307200,2000,0.9435,490.233,0.54,1000,0.555,325.912,1000,0.546,323.528,282,0.9539007092198581,491.9751773049645,891,0.48148148148148145,293.70931537598204,891,0.4668911335578002,287.7979797979798,2671,1317,145824243,458.99749183654785,ab16711
sfl,7,368640,2000,0.623,424.5785,0.0,1000,0.445,293.439,1000,0.426,287.12,282,0.6170212765957447,423.16312056737587,891,0.3872053872053872,265.327721661055,891,0.38608305274971944,263.14814814814815,2671,1317,145824243,458.99749183654785,ab16711
sfl,7,430080,2000,0.9655,494.8425,0.655,1000,0.571,341.16,1000,0.553,333.133,282,0.9680851063829787,493.6808510638298,891,0.45342312008978675,292.16498316498314,891,0.4691358024691358,296.90909090909093,2671,1317,145824243,458.99749183654785,ab16711
sfl,7,491520,2000,0.9865,496.897,0.865,1000,0.793,420.048,1000,0.777,413.131,282,0.9858156028368794,496.04609929078015,891,0.7138047138047138,384.026936026936,891,0.7138047138047138,384.1425364758698,2671,1317,145824243,458.99749183654785,ab16711
sfl,7,552960,2000,0.962,495.5355,0.62,1000,0.519,298.749,1000,0.506,293.747,282,0.9680851063829787,495.22340425531917,891,0.4500561167227834,263.73625140291807,891,0.43209876543209874,257.2345679012346,2671,1317,145824243,458.99749183654785,ab16711
sfl,7,614400,2000,0.995,499.2865,0.95,1000,0.867,448.364,1000,0.839,437.444,282,0.9858156028368794,495.9113475177305,891,0.7777777777777778,409.40291806958476,891,0.77665544332211,408.2996632996633,2671,1317,145824243,458.99749183654785,ab16711
sfl_spread_carry,7,0,2000,0.0,33.5725,0.0,1000,0.0,18.973,1000,0.0,18.666,282,0.0,33.07801418439716,891,0.0,19.31425364758698,891,0.0,19.31986531986532,2834,1416,147308679,458.71941590309143,ab16711
sfl_spread_carry,7,61440,2000,0.0625,212.0305,0.0,1000,0.0,98.458,1000,0.0,98.345,282,0.0673758865248227,204.53191489361703,891,0.0,96.54769921436588,891,0.0,96.327721661055,2834,1416,147308679,458.71941590309143,ab16711
sfl_spread_carry,7,122880,2000,0.8105,474.115,0.375,1000,0.434,339.303,1000,0.425,336.923,282,0.7730496453900709,460.3900709219858,891,0.409652076318743,319.8967452300786,891,0.39730639730639733,314.976430976431,2834,1416,147308679,458.71941590309143,ab16711
sfl_spread_carry,7,184320,2000,0.038,279.6555,0.0,1000,0.318,281.292,1000,0.312,281.479,282,0.05673758865248227,275.0390070921986,891,0.2996632996632997,271.5476992143659,891,0.2783389450056117,270.9337822671156,2834,1416,147308679,458.71941590309143,ab16711
sfl_spread_carry,7,245760,2000,0.0745,262.328,0.0,1000,0.006,148.789,1000,0.008,149.053,282,0.07092198581560284,254.45390070921985,891,0.001122334455667789,138.8597081930415,891,0.0,137.1077441077441,2834,1416,147308679,458.71941590309143,ab16711
sfl_spread_carry,7,307200,2000,0.9215,491.973,0.595,1000,0.181,304.921,1000,0.171,299.778,282,0.9326241134751773,492.76241134751774,891,0.11335578002244669,259.9820426487093,891,0.09876543209876543,257.6341189674523,2834,1416,147308679,458.71941590309143,ab16711
sfl_spread_carry,7,368640,2000,0.9915,498.025,0.915,1000,0.844,438.832,1000,0.828,434.219,282,0.9858156028368794,496.01063829787233,891,0.7508417508417509,400.3524130190797,891,0.7474747474747475,399.7609427609428,2834,1416,147308679,458.71941590309143,ab16711
sfl_spread_carry,7,430080,2000,0.9885,498.204,0.885,1000,0.865,451.552,1000,0.867,452.59,282,0.9787234042553191,493.08156028368796,891,0.8013468013468014,421.93939393939394,891,0.792368125701459,419.23793490460156,2834,1416,147308679,458.71941590309143,ab16711
sfl_spread_carry,7,491520,2000,0.9965,498.467,0.965,1000,0.063,86.205,1000,0.058,84.018,282,0.9893617021276596,495.2836879432624,891,0.0,58.38159371492705,891,0.0,58.125701459034794,2834,1416,147308679,458.71941590309143,ab16711
sfl_spread_carry,7,552960,2000,0.9975,499.1835,0.975,1000,0.381,239.053,1000,0.395,243.343,282,0.9893617021276596,495.71276595744683,891,0.2536475869809203,182.6341189674523,891,0.24242424242424243,178.20650953984287,2834,1416,147308679,458.71941590309143,ab16711
sfl_spread_carry,7,614400,2000,0.997,499.0135,0.97,1000,0.699,376.8,1000,0.69,374.846,282,0.9929078014184397,497.0354609929078,891,0.5768799102132436,325.5746352413019,891,0.5645342312008979,320.3591470258137,2834,1416,147308679,458.71941590309143,ab16711
sfl_auto,6,0,2000,0.0,14.3185,0.0,1000,0.0,37.62,1000,0.0,37.597,282,0.0,14.414893617021276,891,0.0,40.1986531986532,891,0.0,40.741863075196406,3012,1049,195205811,630.142993927002,ab16711
sfl_auto,6,61440,2000,0.25,357.258,0.0,1000,0.0,155.52,1000,0.0,155.472,282,0.2695035460992908,349.47872340425533,891,0.0,146.07182940516273,891,0.0,144.5813692480359,3012,1049,195205811,630.142993927002,ab16711
sfl_auto,6,122880,2000,0.828,485.5985,0.435,1000,0.406,364.854,1000,0.403,364.263,282,0.8085106382978723,481.5,891,0.36924803591470257,338.26374859708193,891,0.3681257014590348,336.3400673400673,3012,1049,195205811,630.142993927002,ab16711
sfl_auto,6,184320,2000,0.082,267.513,0.0,1000,0.003,128.388,1000,0.005,128.762,282,0.06028368794326241,254.10992907801418,891,0.0,121.3063973063973,891,0.0,120.48821548821549,3012,1049,195205811,630.142993927002,ab16711
sfl_auto,6,245760,2000,0.1275,331.021,0.0,1000,0.01,131.562,1000,0.013,135.385,282,0.14184397163120568,326.9751773049645,891,0.004489337822671156,117.1324354657688,891,0.001122334455667789,113.52413019079685,3012,1049,195205811,630.142993927002,ab16711
sfl_auto,6,307200,2000,0.036,237.4535,0.0,1000,0.004,137.971,1000,0.005,137.207,282,0.04964539007092199,234.02836879432624,891,0.0,126.85409652076319,891,0.001122334455667789,127.98765432098766,3012,1049,195205811,630.142993927002,ab16711
sfl_auto,6,368640,2000,0.6355,458.629,0.185,1000,0.016,162.463,1000,0.022,170.396,282,0.6063829787234043,452.7411347517731,891,0.004489337822671156,142.9483726150393,891,0.002244668911335578,131.5780022446689,3012,1049,195205811,630.142993927002,ab16711
sfl_auto,6,430080,2000,0.3485,442.4215,0.0,1000,0.368,320.373,1000,0.361,316.19,282,0.3723404255319149,441.968085106383,891,0.287317620650954,278.29068462401796,891,0.29180695847362514,276.19416386083054,3012,1049,195205811,630.142993927002,ab16711
sfl_auto,6,491520,2000,0.9645,495.5635,0.645,1000,0.312,208.0,1000,0.314,208.749,282,0.9645390070921985,494.0531914893617,891,0.20089786756453423,154.331088664422,891,0.22109988776655443,162.92031425364758,3012,1049,195205811,630.142993927002,ab16711
sfl_auto,6,552960,2000,0.976,496.6645,0.76,1000,0.547,311.015,1000,0.552,315.823,282,0.975177304964539,495.6914893617021,891,0.4511784511784512,264.0942760942761,891,0.43097643097643096,255.49270482603816,3012,1049,195205811,630.142993927002,ab16711
sfl_auto,6,614400,2000,0.999,499.5895,0.99,1000,0.603,333.686,1000,0.578,323.475,282,0.9929078014184397,497.0921985815603,891,0.44332210998877664,265.5241301907969,891,0.42312008978675647,256.4466891133558,3012,1049,195205811,630.142993927002,ab16711
sfl_spread0,7,0,2000,0.0,11.1225,0.0,1000,0.0,12.426,1000,0.0,12.73,282,0.0,10.858156028368795,891,0.0,12.867564534231201,891,0.0,12.464646464646465,2638,1313,151561776,438.5366756916046,ab16711
sfl_spread0,7,61440,2000,0.4575,400.538,0.0,1000,0.055,227.535,1000,0.053,227.409,282,0.44680851063829785,400.1063829787234,891,0.031425364758698095,208.40179573512907,891,0.02132435465768799,204.52749719416386,2638,1313,151561776,438.5366756916046,ab16711
sfl_spread0,7,122880,2000,0.777,473.6945,0.31,1000,0.021,252.095,1000,0.026,253.846,282,0.75177304964539,467.0567375886525,891,0.003367003367003367,231.27272727272728,891,0.003367003367003367,230.44668911335577,2638,1313,151561776,438.5366756916046,ab16711
sfl_spread0,7,184320,2000,0.5885,397.307,0.065,1000,0.016,137.984,1000,0.015,138.525,282,0.524822695035461,372.6276595744681,891,0.004489337822671156,128.0415263748597,891,0.004489337822671156,124.54882154882155,2638,1313,151561776,438.5366756916046,ab16711
sfl_spread0,7,245760,2000,0.0425,217.6555,0.0,1000,0.001,116.405,1000,0.004,117.317,282,0.04609929078014184,212.74822695035462,891,0.0,110.76543209876543,891,0.0,110.1919191919192,2638,1313,151561776,438.5366756916046,ab16711
sfl_spread0,7,307200,2000,0.087,276.317,0.0,1000,0.005,143.893,1000,0.006,143.475,282,0.08865248226950355,268.8404255319149,891,0.001122334455667789,134.4769921436588,891,0.001122334455667789,135.68237934904602,2638,1313,151561776,438.5366756916046,ab16711
sfl_spread0,7,368640,2000,0.921,491.344,0.55,1000,0.087,173.221,1000,0.108,177.95,282,0.9113475177304965,486.66312056737587,891,0.03591470258136925,120.68350168350169,891,0.04040404040404041,126.9719416386083,2638,1313,151561776,438.5366756916046,ab16711
sfl_spread0,7,430080,2000,0.295,421.529,0.0,1000,0.472,353.432,1000,0.462,348.58,282,0.2624113475177305,414.91843971631204,891,0.4792368125701459,340.8294051627385,891,0.4837261503928171,342.15488215488216,2638,1313,151561776,438.5366756916046,ab16711
sfl_spread0,7,491520,2000,0.816,479.7335,0.16,1000,0.734,409.056,1000,0.743,416.954,282,0.7801418439716312,475.59929078014187,891,0.6442199775533108,379.5791245791246,891,0.6374859708193041,370.6835016835017,2638,1313,151561776,438.5366756916046,ab16711
sfl_spread0,7,552960,2000,0.9705,496.1305,0.705,1000,0.601,332.676,1000,0.579,323.937,282,0.9787234042553191,494.6418439716312,891,0.4781144781144781,276.72053872053874,891,0.47362514029180697,274.1885521885522,2638,1313,151561776,438.5366756916046,ab16711
sfl_spread0,7,614400,2000,0.994,498.918,0.94,1000,0.933,479.64,1000,0.935,480.069,282,0.9893617021276596,497.65248226950354,891,0.9079685746352413,462.95286195286195,891,0.8922558922558923,456.2895622895623,2638,1313,151561776,438.5366756916046,ab16711
sfl_spread_verify,7,0,2000,0.0,34.803,0.0,1000,0.0,15.606,1000,0.0,15.543,282,0.0,34.38297872340426,891,0.0,15.881032547699215,891,0.0,15.785634118967453,2935,1431,218547953,650.285248041153,ab16711
sfl_spread_verify,7,61440,2000,0.8815,488.8685,0.5,1000,0.457,399.521,1000,0.48,406.363,282,0.8617021276595744,484.6418439716312,891,0.4107744107744108,377.712682379349,891,0.3984287317620651,369.13468013468014,2935,1431,218547953,650.285248041153,ab16711
sfl_spread_verify,7,122880,2000,0.059,242.5195,0.0,1000,0.002,118.369,1000,0.0,117.77,282,0.04609929078014184,235.0177304964539,891,0.0,112.84624017957351,891,0.0,112.32547699214366,2935,1431,218547953,650.285248041153,ab16711
sfl_spread_verify,7,184320,2000,0.0165,196.2355,0.0,1000,0.001,125.442,1000,0.002,125.136,282,0.024822695035460994,194.6595744680851,891,0.0,118.90684624017958,891,0.0,118.38159371492705,2935,1431,218547953,650.285248041153,ab16711
sfl_spread_verify,7,245760,2000,0.038,257.447,0.0,1000,0.0,96.297,1000,0.002,96.414,282,0.03900709219858156,259.07801418439715,891,0.001122334455667789,88.57575757575758,891,0.0,87.54882154882155,2935,1431,218547953,650.285248041153,ab16711
sfl_spread_verify,7,307200,2000,0.6,445.277,0.145,1000,0.026,197.404,1000,0.029,193.58,282,0.624113475177305,444.4929078014184,891,0.010101010101010102,166.52749719416386,891,0.010101010101010102,169.69248035914703,2935,1431,218547953,650.285248041153,ab16711
sfl_spread_verify,7,368640,2000,0.9825,497.5665,0.825,1000,0.581,325.376,1000,0.581,325.305,282,0.9893617021276596,499.0673758865248,891,0.44107744107744107,262.9607182940516,891,0.4152637485970819,251.67452300785635,2935,1431,218547953,650.285248041153,ab16711
sfl_spread_verify,7,430080,2000,0.72,477.3215,0.15,1000,0.084,232.091,1000,0.091,238.458,282,0.6879432624113475,475.8333333333333,891,0.02244668911335578,189.2053872053872,891,0.03367003367003367,188.45903479236813,2935,1431,218547953,650.285248041153,ab16711
sfl_spread_verify,7,491520,2000,0.9925,497.6975,0.925,1000,0.122,117.752,1000,0.132,121.948,282,0.9822695035460993,495.2659574468085,891,0.03254769921436588,75.08754208754209,891,0.03928170594837262,78.61616161616162,2935,1431,218547953,650.285248041153,ab16711
sfl_spread_verify,7,552960,2000,0.986,494.9625,0.86,1000,0.02,67.927,1000,0.027,71.24,282,0.975177304964539,490.54609929078015,891,0.002244668911335578,57.362514029180694,891,0.001122334455667789,57.482603815937146,2935,1431,218547953,650.285248041153,ab16711
sfl_spread_verify,7,614400,2000,0.999,499.574,0.99,1000,0.424,252.591,1000,0.404,244.994,282,0.9929078014184397,496.97872340425533,891,0.23793490460157127,171.78451178451178,891,0.20875420875420875,159.70482603815938,2935,1431,218547953,650.285248041153,ab16711
sfl,8,0,2000,0.0,45.2835,0.0,1000,0.0,20.363,1000,0.0,20.405,282,0.0,44.51418439716312,891,0.0,20.250280583613918,891,0.0,20.02581369248036,2736,1351,149921113,427.4569261074066,ab16711
sfl,8,61440,2000,0.033,205.606,0.0,1000,0.001,110.015,1000,0.0,109.292,282,0.0425531914893617,204.95744680851064,891,0.0,105.69921436588103,891,0.0,105.13355780022447,2736,1351,149921113,427.4569261074066,ab16711
sfl,8,122880,2000,0.828,477.3565,0.4,1000,0.119,286.786,1000,0.122,286.397,282,0.8120567375886525,475.6276595744681,891,0.07519640852974187,260.3097643097643,891,0.06172839506172839,256.70931537598204,2736,1351,149921113,427.4569261074066,ab16711
sfl,8,184320,2000,0.044,258.456,0.0,1000,0.028,173.728,1000,0.022,171.229,282,0.05319148936170213,254.47517730496455,891,0.012345679012345678,158.5084175084175,891,0.016835016835016835,161.74186307519642,2736,1351,149921113,427.4569261074066,ab16711
sfl,8,245760,2000,0.0825,248.4075,0.0,1000,0.004,126.757,1000,0.008,127.51,282,0.07446808510638298,241.12056737588654,891,0.0,118.76430976430976,891,0.0,117.97306397306397,2736,1351,149921113,427.4569261074066,ab16711
sfl,8,307200,2000,0.872,487.93,0.36,1000,0.366,326.063,1000,0.378,321.173,282,0.8794326241134752,488.41843971631204,891,0.23793490460157127,266.8159371492705,891,0.2536475869809203,272.60157126823793,2736,1351,149921113,427.4569261074066,ab16711
sfl,8,368640,2000,0.916,488.053,0.455,1000,0.687,393.44,1000,0.673,386.255,282,0.9148936170212766,485.5070921985816,891,0.632996632996633,366.50392817059486,891,0.6240179573512907,363.1470258136925,2736,1351,149921113,427.4569261074066,ab16711
sfl,8,430080,2000,0.86,482.778,0.41,1000,0.45,346.021,1000,0.448,343.649,282,0.8368794326241135,477.6489361702128,891,0.4287317620650954,326.09090909090907,891,0.4332210998877666,325.70482603815935,2736,1351,149921113,427.4569261074066,ab16711
sfl,8,491520,2000,0.9605,495.1215,0.63,1000,0.749,401.728,1000,0.781,415.092,282,0.975177304964539,496.6170212765957,891,0.7037037037037037,375.89786756453424,891,0.6677890011223344,361.3221099887767,2736,1351,149921113,427.4569261074066,ab16711
sfl,8,552960,2000,0.999,499.574,0.99,1000,0.512,294.048,1000,0.527,299.939,282,0.9929078014184397,497.968085106383,891,0.34231200897867564,220.16161616161617,891,0.33557800224466894,217.26711560044893,2736,1351,149921113,427.4569261074066,ab16711
sfl,8,614400,2000,0.998,499.7875,0.98,1000,0.769,408.197,1000,0.755,403.566,282,0.9964539007092199,499.2695035460993,891,0.6722783389450057,363.9315375982043,891,0.6767676767676768,365.6902356902357,2736,1351,149921113,427.4569261074066,ab16711
sfl_spread_carry,8,0,2000,0.0,22.302,0.0,1000,0.0,34.686,1000,0.0,35.703,282,0.0,22.127659574468087,891,0.0,37.123456790123456,891,0.0,36.61616161616162,2853,1380,145398202,368.8322093486786,ab16711
sfl_spread_carry,8,61440,2000,0.0555,255.0315,0.0,1000,0.001,139.022,1000,0.002,139.465,282,0.04609929078014184,245.5531914893617,891,0.0,132.95286195286195,891,0.0,132.02356902356902,2853,1380,145398202,368.8322093486786,ab16711
sfl_spread_carry,8,122880,2000,0.5545,455.8795,0.13,1000,0.099,184.393,1000,0.1,182.701,282,0.5709219858156028,452.41843971631204,891,0.02356902356902357,143.22895622895624,891,0.025813692480359147,136.30415263748597,2853,1380,145398202,368.8322093486786,ab16711
sfl_spread_carry,8,184320,2000,0.9885,498.207,0.885,1000,0.632,347.066,1000,0.62,343.047,282,0.9893617021276596,498.14539007092196,891,0.4826038159371493,283.67452300785635,891,0.468013468013468,276.9820426487093,2853,1380,145398202,368.8322093486786,ab16711
sfl_spread_carry,8,245760,2000,0.9955,499.3635,0.955,1000,0.68,367.387,1000,0.659,359.076,282,0.9964539007092199,498.42907801418437,891,0.5353535353535354,305.9079685746352,891,0.5375982042648709,306.5016835016835,2853,1380,145398202,368.8322093486786,ab16711
sfl_spread_carry,8,307200,2000,0.082,327.5895,0.0,1000,0.382,295.271,1000,0.385,297.889,282,0.08865248226950355,330.6489361702128,891,0.388327721661055,278.7351290684624,891,0.4006734006734007,278.5768799102132,2853,1380,145398202,368.8322093486786,ab16711
sfl_spread_carry,8,368640,2000,0.0435,195.9285,0.0,1000,0.0,105.842,1000,0.003,105.994,282,0.03546099290780142,191.24113475177305,891,0.0,100.63075196408529,891,0.0,100.0628507295174,2853,1380,145398202,368.8322093486786,ab16711
sfl_spread_carry,8,430080,2000,0.988,498.101,0.88,1000,0.898,462.946,1000,0.898,462.376,282,0.9893617021276596,496.48936170212767,891,0.8518518518518519,440.4534231200898,891,0.8226711560044894,428.03367003367003,2853,1380,145398202,368.8322093486786,ab16711
sfl_spread_carry,8,491520,2000,0.9605,492.409,0.605,1000,0.863,448.672,1000,0.847,442.421,282,0.9680851063829787,493.7517730496454,891,0.797979797979798,418.7631874298541,891,0.7878787878787878,414.7104377104377,2853,1380,145398202,368.8322093486786,ab16711
sfl_spread_carry,8,552960,2000,0.9735,496.334,0.735,1000,0.853,444.168,1000,0.842,440.894,282,0.9716312056737588,494.89716312056737,891,0.7991021324354658,416.8709315375982,891,0.7901234567901234,413.07070707070704,2853,1380,145398202,368.8322093486786,ab16711
sfl_spread_carry,8,614400,2000,0.977,496.003,0.77,1000,0.833,439.809,1000,0.815,432.945,282,0.975177304964539,493.72340425531917,891,0.7687991021324355,407.82716049382714,891,0.7687991021324355,407.3198653198653,2853,1380,145398202,368.8322093486786,ab16711
sfl_auto,7,0,2000,0.0,13.7125,0.0,1000,0.0,30.304,1000,0.0,30.498,282,0.0,13.49290780141844,891,0.0,31.45679012345679,891,0.0,32.280583613916946,3243,1354,175495722,539.9060337543488,ab16711
sfl_auto,7,61440,2000,0.8475,486.4985,0.45,1000,0.392,358.487,1000,0.378,353.899,282,0.8404255319148937,483.70567375886526,891,0.2940516273849607,315.5544332210999,891,0.3041526374859708,317.59708193041524,3243,1354,175495722,539.9060337543488,ab16711
sfl_auto,7,122880,2000,0.0815,257.86,0.0,1000,0.006,128.133,1000,0.004,127.843,282,0.07801418439716312,252.44326241134752,891,0.001122334455667789,120.23569023569024,891,0.0,119.15263748597081,3243,1354,175495722,539.9060337543488,ab16711
sfl_auto,7,184320,2000,0.096,287.9045,0.0,1000,0.002,125.993,1000,0.001,124.961,282,0.07446808510638298,279.3581560283688,891,0.0,116.68686868686869,891,0.0,115.47474747474747,3243,1354,175495722,539.9060337543488,ab16711
sfl_auto,7,245760,2000,0.053,234.841,0.0,1000,0.005,132.557,1000,0.007,132.182,282,0.0425531914893617,232.17730496453902,891,0.0,121.95510662177328,891,0.0,121.21885521885523,3243,1354,175495722,539.9060337543488,ab16711
sfl_auto,7,307200,2000,0.533,428.587,0.07,1000,0.064,215.921,1000,0.061,216.645,282,0.5177304964539007,424.3510638297872,891,0.06172839506172839,204.83164983164983,891,0.05387205387205387,194.7979797979798,3243,1354,175495722,539.9060337543488,ab16711
sfl_auto,7,368640,2000,0.033,224.384,0.0,1000,0.0,117.36,1000,0.0,117.115,282,0.028368794326241134,219.0744680851064,891,0.0,112.7003367003367,891,0.0,112.21324354657688,3243,1354,175495722,539.9060337543488,ab16711
sfl_auto,7,430080,2000,0.046,262.9795,0.0,1000,0.054,160.504,1000,0.034,152.399,282,0.04964539007092199,264.5567375886525,891,0.02244668911335578,126.85970819304153,891,0.03254769921436588,136.8159371492705,3243,1354,175495722,539.9060337543488,ab16711
sfl_auto,7,491520,2000,0.979,496.9845,0.79,1000,0.695,378.872,1000,0.708,385.113,282,0.9822695035460993,496.0921985815603,891,0.6172839506172839,338.6936026936027,891,0.5869809203142536,325.4410774410774,3243,1354,175495722,539.9060337543488,ab16711
sfl_auto,7,552960,2000,0.374,395.32,0.0,1000,0.002,139.044,1000,0.001,138.619,282,0.3333333333333333,382.9751773049645,891,0.0,128.2783389450056,891,0.0,127.51964085297419,3243,1354,175495722,539.9060337543488,ab16711
sfl_auto,7,614400,2000,0.0835,240.9915,0.0,1000,0.0,114.256,1000,0.0,114.206,282,0.07446808510638298,236.14893617021278,891,0.0,107.2300785634119,891,0.0,106.72390572390573,3243,1354,175495722,539.9060337543488,ab16711
sfl_spread0,8,0,2000,0.0,13.4575,0.0,1000,0.0,30.421,1000,0.0,29.825,282,0.0,13.73404255319149,891,0.0,31.86868686868687,891,0.0,31.850729517396186,2904,1450,145860968,329.423476934433,ab16711
sfl_spread0,8,61440,2000,0.109,314.628,0.0,1000,0.404,275.26,1000,0.395,271.773,282,0.16666666666666666,324.0390070921986,891,0.37373737373737376,255.44107744107745,891,0.3681257014590348,253.13019079685748,2904,1450,145860968,329.423476934433,ab16711
sfl_spread0,8,122880,2000,0.042,245.281,0.0,1000,0.005,140.963,1000,0.006,139.9,282,0.07092198581560284,242.08510638297872,891,0.001122334455667789,128.99775533108865,891,0.001122334455667789,127.13468013468014,2904,1450,145860968,329.423476934433,ab16711
sfl_spread0,8,184320,2000,0.505,384.7035,0.035,1000,0.093,146.311,1000,0.097,147.49,282,0.44680851063829785,363.37943262411346,891,0.0718294051627385,133.19304152637486,891,0.07968574635241302,135.07070707070707,2904,1450,145860968,329.423476934433,ab16711
sfl_spread0,8,245760,2000,0.0375,202.3765,0.0,1000,0.005,122.235,1000,0.003,121.63,282,0.04964539007092199,204.01418439716312,891,0.0,113.01683501683502,891,0.0,112.38608305274973,2904,1450,145860968,329.423476934433,ab16711
sfl_spread0,8,307200,2000,0.066,338.2015,0.0,1000,0.341,310.348,1000,0.367,315.535,282,0.07092198581560284,336.9148936170213,891,0.38496071829405165,298.2390572390572,891,0.38047138047138046,294.47923681257015,2904,1450,145860968,329.423476934433,ab16711
sfl_spread0,8,368640,2000,0.9985,499.345,0.985,1000,0.159,132.888,1000,0.158,134.152,282,0.9929078014184397,496.968085106383,891,0.03254769921436588,76.48597081930416,891,0.025813692480359147,74.0942760942761,2904,1450,145860968,329.423476934433,ab16711
sfl_spread0,8,430080,2000,0.9985,499.9245,0.985,1000,0.941,479.871,1000,0.943,480.999,282,0.9893617021276596,497.25531914893617,891,0.9001122334455668,460.973063973064,891,0.8742985409652076,449.986531986532,2904,1450,145860968,329.423476934433,ab16711
sfl_spread0,8,491520,2000,0.411,417.5295,0.0,1000,0.198,238.932,1000,0.2,239.719,282,0.4397163120567376,417.0425531914894,891,0.1638608305274972,218.19304152637486,891,0.15937149270482603,216.36475869809203,2904,1450,145860968,329.423476934433,ab16711
sfl_spread0,8,552960,2000,0.969,491.775,0.69,1000,0.27,188.416,1000,0.262,186.314,282,0.9645390070921985,489.64539007092196,891,0.15937149270482603,135.40852974186308,891,0.17732884399551066,142.2334455667789,2904,1450,145860968,329.423476934433,ab16711
sfl_spread0,8,614400,2000,0.984,492.7525,0.84,1000,0.205,150.846,1000,0.205,151.39,282,0.9858156028368794,493.6418439716312,891,0.07407407407407407,94.38832772166106,891,0.06060606060606061,89.1672278338945,2904,1450,145860968,329.423476934433,ab16711
sfl_spread_verify,8,0,2000,0.0,11.527,0.0,1000,0.0,19.045,1000,0.0,19.898,282,0.0,11.0,891,0.0,19.7317620650954,891,0.0,20.419753086419753,3034,1477,209695738,424.5915939807892,ab16711
sfl_spread_verify,8,61440,2000,0.1435,292.274,0.0,1000,0.003,134.76,1000,0.001,133.195,282,0.14184397163120568,286.33687943262413,891,0.001122334455667789,125.47474747474747,891,0.0,124.21548821548822,3034,1477,209695738,424.5915939807892,ab16711
sfl_spread_verify,8,122880,2000,0.0355,224.843,0.0,1000,0.001,121.715,1000,0.003,122.406,282,0.031914893617021274,214.54609929078015,891,0.0,116.11223344556677,891,0.0,115.26374859708193,3034,1477,209695738,424.5915939807892,ab16711
sfl_spread_verify,8,184320,2000,0.145,311.029,0.0,1000,0.007,147.542,1000,0.011,146.527,282,0.10283687943262411,298.60283687943263,891,0.0,135.57912457912457,891,0.0,134.91021324354656,3034,1477,209695738,424.5915939807892,ab16711
sfl_spread_verify,8,245760,2000,0.052,229.3375,0.0,1000,0.039,158.368,1000,0.041,158.235,282,0.03900709219858156,223.50709219858157,891,0.02244668911335578,146.38945005611671,891,0.029180695847362513,144.16161616161617,3034,1477,209695738,424.5915939807892,ab16711
sfl_spread_verify,8,307200,2000,0.1465,307.4275,0.0,1000,0.003,142.296,1000,0.005,143.931,282,0.1595744680851064,301.5886524822695,891,0.0,134.33557800224466,891,0.0,133.9517396184063,3034,1477,209695738,424.5915939807892,ab16711
sfl_spread_verify,8,368640,2000,0.0445,214.181,0.0,1000,0.003,119.876,1000,0.002,120.289,282,0.05673758865248227,212.42198581560282,891,0.0,113.35241301907969,891,0.0,112.73737373737374,3034,1477,209695738,424.5915939807892,ab16711
sfl_spread_verify,8,430080,2000,0.9795,496.8815,0.795,1000,0.723,388.527,1000,0.715,384.879,282,0.9893617021276596,497.9113475177305,891,0.6195286195286195,339.9539842873176,891,0.6105499438832772,336.05723905723903,3034,1477,209695738,424.5915939807892,ab16711
sfl_spread_verify,8,491520,2000,0.7185,453.5855,0.17,1000,0.295,242.139,1000,0.291,240.809,282,0.7375886524822695,454.6843971631206,891,0.24017957351290684,215.68237934904602,891,0.24915824915824916,216.66329966329965,3034,1477,209695738,424.5915939807892,ab16711
sfl_spread_verify,8,552960,2000,0.999,499.576,0.99,1000,0.401,245.001,1000,0.387,239.698,282,0.9929078014184397,496.98581560283685,891,0.22671156004489337,168.97530864197532,891,0.19753086419753085,155.54882154882154,3034,1477,209695738,424.5915939807892,ab16711
sfl_spread_verify,8,614400,2000,0.992,496.4965,0.92,1000,0.046,74.857,1000,0.046,75.148,282,0.9858156028368794,493.65248226950354,891,0.001122334455667789,56.52300785634119,891,0.0,56.15039281705948,3034,1477,209695738,424.5915939807892,ab16711
sfl_auto,8,0,2000,0.0,41.9775,0.0,1000,0.0,33.864,1000,0.0,35.655,282,0.0,46.351063829787236,891,0.0,34.325476992143656,891,0.0,33.813692480359144,2476,921,234145540,383.28828287124634,ab16711
sfl_auto,8,61440,2000,0.389,375.132,0.0,1000,0.004,134.949,1000,0.003,135.398,282,0.3971631205673759,359.81205673758865,891,0.0,124.668911335578,891,0.0,122.52861952861953,2476,921,234145540,383.28828287124634,ab16711
sfl_auto,8,122880,2000,0.3795,400.9055,0.0,1000,0.014,180.033,1000,0.011,177.545,282,0.3475177304964539,389.14539007092196,891,0.001122334455667789,158.9573512906846,891,0.001122334455667789,155.16273849607182,2476,921,234145540,383.28828287124634,ab16711
sfl_auto,8,184320,2000,0.4505,361.559,0.0,1000,0.018,113.138,1000,0.016,111.933,282,0.44680851063829785,347.4822695035461,891,0.004489337822671156,103.1986531986532,891,0.004489337822671156,102.74747474747475,2476,921,234145540,383.28828287124634,ab16711
sfl_auto,8,245760,2000,0.0755,215.9235,0.0,1000,0.001,102.506,1000,0.001,102.049,282,0.05673758865248227,208.06382978723406,891,0.001122334455667789,98.334455667789,891,0.0,97.51178451178451,2476,921,234145540,383.28828287124634,ab16711
sfl_auto,8,307200,2000,0.6085,441.9685,0.15,1000,0.111,242.407,1000,0.11,240.912,282,0.6134751773049646,440.57801418439715,891,0.07295173961840629,216.05723905723906,891,0.06397306397306397,215.06509539842872,2476,921,234145540,383.28828287124634,ab16711
sfl_auto,8,368640,2000,0.0985,369.708,0.0,1000,0.467,327.009,1000,0.468,330.082,282,0.12411347517730496,375.42907801418437,891,0.44107744107744107,308.0684624017957,891,0.43546576879910215,304.19640852974186,2476,921,234145540,383.28828287124634,ab16711
sfl_auto,8,430080,2000,0.9475,492.4825,0.595,1000,0.9,464.93,1000,0.894,463.168,282,0.9574468085106383,491.2695035460993,891,0.8608305274971941,444.4186307519641,891,0.8417508417508418,436.6139169472503,2476,921,234145540,383.28828287124634,ab16711
sfl_auto,8,491520,2000,0.912,483.9645,0.355,1000,0.558,332.368,1000,0.556,331.917,282,0.8971631205673759,478.4113475177305,891,0.5016835016835017,303.6947250280584,891,0.4837261503928171,296.1492704826038,2476,921,234145540,383.28828287124634,ab16711
sfl_auto,8,552960,2000,0.992,498.6735,0.92,1000,0.477,281.971,1000,0.471,280.817,282,0.9822695035460993,494.14539007092196,891,0.3445566778900112,219.46801346801348,891,0.3434343434343434,218.1739618406285,2476,921,234145540,383.28828287124634,ab16711
sfl_auto,8,614400,2000,1.0,500.0,1.0,1000,0.95,482.354,1000,0.949,482.259,282,0.9929078014184397,497.7730496453901,891,0.9001122334455668,461.0044893378227,891,0.8978675645342312,459.0976430976431,2476,921,234145540,383.28828287124634,ab16711
