config,seed,step,adv/n,adv/success,adv/mean_steps,adv/cvar,calib_dev/n,calib_dev/success,calib_dev/mean_steps,calib_test/n,calib_test/success,calib_test/mean_steps,random/n,random/success,random/mean_steps,verifai_dev/n,verifai_dev/success,verifai_dev/mean_steps,verifai_test/n,verifai_test/success,verifai_test/mean_steps,episodes,replays,scouted_steps,wall_time_sec,commit
DR,7,0,2000,0.0,12.0625,0.0,1000,0.0,13.886,1000,0.0,13.428,282,0.0,11.882978723404255,891,0.0,13.819304152637486,891,0.0,14.292929292929292,2929,0,0,105.93192100524902,ab16711
DR,7,61440,2000,0.059,240.597,0.0,1000,0.0,117.065,1000,0.0,117.551,282,0.06028368794326241,237.27304964539007,891,0.0,113.20426487093154,891,0.0,112.48372615039281,2929,0,0,105.93192100524902,ab16711
DR,7,122880,2000,0.0975,251.461,0.0,1000,0.0,110.026,1000,0.0,110.04,282,0.09219858156028368,245.79787234042553,891,0.0,106.60606060606061,891,0.0,106.20314253647587,2929,0,0,105.93192100524902,ab16711
DR,7,184320,2000,0.0635,272.481,0.0,1000,0.049,196.987,1000,0.054,197.338,282,0.0673758865248227,266.79787234042556,891,0.025813692480359147,183.006734006734,891,0.03591470258136925,181.69921436588103,2929,0,0,105.93192100524902,ab16711
DR,7,245760,2000,0.075,253.689,0.0,1000,0.004,129.229,1000,0.008,129.766,282,0.0673758865248227,246.6241134751773,891,0.0,121.25589225589225,891,0.0,120.26262626262626,2929,0,0,105.93192100524902,ab16711
DR,7,307200,2000,0.2655,419.479,0.0,1000,0.068,155.003,1000,0.06,152.994,282,0.2801418439716312,418.1418439716312,891,0.010101010101010102,123.58698092031425,891,0.006734006734006734,115.60942760942761,2929,0,0,105.93192100524902,ab16711
DR,7,368640,2000,0.3365,389.091,0.0,1000,0.0,158.122,1000,0.0,156.206,282,0.30851063829787234,377.40070921985813,891,0.0,146.20089786756452,891,0.0,143.62850729517396,2929,0,0,105.93192100524902,ab16711
DR,7,430080,2000,0.9985,499.558,0.985,1000,0.55,311.295,1000,0.536,304.559,282,0.9893617021276596,496.79432624113474,891,0.38159371492704824,237.78226711560046,891,0.36251402918069586,229.66442199775534,2929,0,0,105.93192100524902,ab16711
DR,7,491520,2000,0.9885,496.3505,0.885,1000,0.265,182.328,1000,0.272,184.819,282,0.9716312056737588,489.1914893617021,891,0.21099887766554434,158.11335578002246,891,0.18518518518518517,147.02918069584737,2929,0,0,105.93192100524902,ab16711
DR,7,552960,2000,0.9935,497.1895,0.935,1000,0.114,112.421,1000,0.127,118.533,282,0.9893617021276596,495.37943262411346,891,0.02244668911335578,73.1952861952862,891,0.020202020202020204,72.18406285072952,2929,0,0,105.93192100524902,ab16711
DR,7,614400,2000,0.9985,499.8685,0.985,1000,0.931,476.522,1000,0.945,481.383,282,0.9822695035460993,496.790780141844,891,0.8900112233445566,457.2188552188552,891,0.8709315375982043,449.0976430976431,2929,0,0,105.93192100524902,ab16711
DR,2,0,2000,0.0,41.7035,0.0,1000,0.0,16.523,1000,0.0,16.619,282,0.0,39.762411347517734,891,0.0,16.699214365881033,891,0.0,16.52749719416386,2424,0,0,107.51745510101318,ab16711
DR,2,61440,2000,0.2075,305.3545,0.0,1000,0.0,112.455,1000,0.0,112.125,282,0.2127659574468085,295.63475177304963,891,0.0,107.28395061728395,891,0.0,106.6442199775533,2424,0,0,107.51745510101318,ab16711
DR,2,122880,2000,0.46,412.3005,0.0,1000,0.007,176.617,1000,0.006,175.855,282,0.4574468085106383,410.3829787234043,891,0.001122334455667789,161.50280583613917,891,0.001122334455667789,160.02244668911337,2424,0,0,107.51745510101318,ab16711
DR,2,184320,2000,0.98,497.2615,0.8,1000,0.925,473.689,1000,0.909,469.39,282,0.9822695035460993,496.1418439716312,891,0.8877665544332211,454.8619528619529,891,0.877665544332211,450.2121212121212,2424,0,0,107.51745510101318,ab16711
DR,2,245760,2000,0.9745,496.639,0.745,1000,0.714,389.367,1000,0.706,386.517,282,0.9609929078014184,494.1843971631206,891,0.6262626262626263,345.7654320987654,891,0.611672278338945,339.6139169472503,2424,0,0,107.51745510101318,ab16711
DR,2,307200,2000,0.692,446.18,0.16,1000,0.005,160.625,1000,0.003,159.953,282,0.6666666666666666,433.5886524822695,891,0.0,144.50056116722783,891,0.0,141.87766554433222,2424,0,0,107.51745510101318,ab16711
DR,2,368640,2000,0.213,321.725,0.0,1000,0.001,120.305,1000,0.0,120.077,282,0.20567375886524822,310.468085106383,891,0.0,110.99887766554433,891,0.0,110.4287317620651,2424,0,0,107.51745510101318,ab16711
DR,2,430080,2000,0.996,499.092,0.96,1000,0.828,433.512,1000,0.844,440.929,282,0.9858156028368794,496.5496453900709,891,0.7744107744107744,407.32547699214365,891,0.7519640852974186,398.2962962962963,2424,0,0,107.51745510101318,ab16711
DR,2,491520,2000,0.959,491.6575,0.67,1000,0.077,264.128,1000,0.073,268.382,282,0.9361702127659575,485.290780141844,891,0.06060606060606061,246.7216610549944,891,0.05499438832772166,237.16273849607182,2424,0,0,107.51745510101318,ab16711
DR,2,552960,2000,0.9935,497.096,0.935,1000,0.091,97.898,1000,0.077,91.002,282,0.9893617021276596,495.2588652482269,891,0.002244668911335578,58.570145903479236,891,0.001122334455667789,58.250280583613915,2424,0,0,107.51745510101318,ab16711
DR,2,614400,2000,0.9965,499.411,0.965,1000,0.91,469.076,1000,0.895,463.84,282,0.9893617021276596,497.01063829787233,891,0.8630751964085297,446.0976430976431,891,0.8540965207631874,442.351290684624,2424,0,0,107.51745510101318,ab16711
DR,4,0,2000,0.0,13.492,0.0,1000,0.0,29.086,1000,0.0,29.304,282,0.0,13.535460992907801,891,0.0,30.423120089786757,891,0.0,30.469135802469136,3299,0,0,107.32502889633179,ab16711
DR,4,61440,2000,0.599,446.2935,0.14,1000,0.012,224.712,1000,0.017,226.048,282,0.5780141843971631,436.7695035460993,891,0.0,208.69023569023568,891,0.0,207.27384960718294,3299,0,0,107.32502889633179,ab16711
DR,4,122880,2000,0.0185,225.5265,0.0,1000,0.005,95.345,1000,0.007,95.715,282,0.024822695035460994,223.38297872340425,891,0.0,86.86980920314254,891,0.0,86.29854096520764,3299,0,0,107.32502889633179,ab16711
DR,4,184320,2000,0.175,316.803,0.0,1000,0.002,139.946,1000,0.005,140.601,282,0.16666666666666666,307.0070921985816,891,0.0,131.81705948372615,891,0.0,130.61840628507295,3299,0,0,107.32502889633179,ab16711
DR,4,245760,2000,0.4215,395.877,0.0,1000,0.018,181.664,1000,0.015,181.502,282,0.4078014184397163,385.08156028368796,891,0.003367003367003367,166.3939393939394,891,0.001122334455667789,164.7070707070707,3299,0,0,107.32502889633179,ab16711
DR,4,307200,2000,0.0995,271.6395,0.0,1000,0.002,129.432,1000,0.005,130.155,282,0.07801418439716312,264.63475177304963,891,0.0,122.46576879910214,891,0.0,121.56004489337823,3299,0,0,107.32502889633179,ab16711
DR,4,368640,2000,0.253,345.9845,0.0,1000,0.003,139.662,1000,0.006,140.581,282,0.2553191489361702,335.0567375886525,891,0.0,130.73961840628508,891,0.0,129.59034792368126,3299,0,0,107.32502889633179,ab16711
DR,4,430080,2000,0.022,194.897,0.0,1000,0.003,126.148,1000,0.004,127.126,282,0.028368794326241134,195.47517730496455,891,0.0,119.75645342312009,891,0.001122334455667789,119.18181818181819,3299,0,0,107.32502889633179,ab16711
DR,4,491520,2000,0.124,297.8125,0.0,1000,0.004,141.29,1000,0.003,140.627,282,0.11347517730496454,291.0,891,0.0,131.71941638608305,891,0.0,133.64421997755332,3299,0,0,107.32502889633179,ab16711
DR,4,552960,2000,0.2565,358.234,0.0,1000,0.033,160.696,1000,0.036,162.739,282,0.23049645390070922,350.66312056737587,891,0.019079685746352413,146.14141414141415,891,0.015712682379349047,138.70145903479238,3299,0,0,107.32502889633179,ab16711
DR,4,614400,2000,0.934,492.838,0.59,1000,0.123,175.603,1000,0.14,179.128,282,0.9184397163120568,487.5354609929078,891,0.08866442199775533,134.24242424242425,891,0.08080808080808081,137.90123456790124,3299,0,0,107.32502889633179,ab16711
DR,9,0,2000,0.0,13.8375,0.0,1000,0.0,33.937,1000,0.0,34.566,282,0.0,13.553191489361701,891,0.0,36.51402918069585,891,0.0,35.73737373737374,3365,0,0,107.43478298187256,ab16711
DR,9,61440,2000,0.0345,203.8965,0.0,1000,0.0,105.001,1000,0.0,104.995,282,0.031914893617021274,196.5709219858156,891,0.0,103.14141414141415,891,0.0,102.80359147025814,3365,0,0,107.43478298187256,ab16711
DR,9,122880,2000,0.2,334.952,0.0,1000,0.006,136.669,1000,0.003,135.827,282,0.1595744680851064,327.0673758865248,891,0.0,124.10998877665544,891,0.0,122.35465768799102,3365,0,0,107.43478298187256,ab16711
DR,9,184320,2000,0.3195,367.1085,0.0,1000,0.008,162.247,1000,0.012,162.008,282,0.30141843971631205,363.1666666666667,891,0.001122334455667789,147.42312008978675,891,0.0,146.10549943883277,3365,0,0,107.43478298187256,ab16711
DR,9,245760,2000,0.0175,255.7655,0.0,1000,0.02,272.471,1000,0.014,277.053,282,0.014184397163120567,257.0496453900709,891,0.025813692480359147,266.92817059483724,891,0.019079685746352413,263.76879910213245,3365,0,0,107.43478298187256,ab16711
DR,9,307200,2000,0.9755,496.0555,0.755,1000,0.894,460.407,1000,0.893,459.975,282,0.9680851063829787,493.06382978723406,891,0.8395061728395061,435.42199775533106,891,0.8260381593714927,430.3052749719416,3365,0,0,107.43478298187256,ab16711
DR,9,368640,2000,0.058,324.612,0.0,1000,0.311,266.876,1000,0.312,261.559,282,0.07446808510638298,328.8049645390071,891,0.24691358024691357,229.01683501683502,891,0.250280583613917,229.59034792368126,3365,0,0,107.43478298187256,ab16711
DR,9,430080,2000,0.049,256.5705,0.0,1000,0.024,167.372,1000,0.011,164.747,282,0.07801418439716312,260.4503546099291,891,0.004489337822671156,151.1470258136925,891,0.01122334455667789,151.09876543209876,3365,0,0,107.43478298187256,ab16711
DR,9,491520,2000,0.0165,213.375,0.0,1000,0.014,140.226,1000,0.009,136.091,282,0.03900709219858156,217.21985815602838,891,0.012345679012345678,124.8047138047138,891,0.003367003367003367,126.60493827160494,3365,0,0,107.43478298187256,ab16711
DR,9,552960,2000,0.298,370.637,0.0,1000,0.021,172.749,1000,0.019,171.324,282,0.2375886524822695,364.3936170212766,891,0.008978675645342313,156.1526374859708,891,0.014590347923681257,156.8507295173962,3365,0,0,107.43478298187256,ab16711
DR,9,614400,2000,0.997,499.4745,0.97,1000,0.669,364.238,1000,0.665,361.294,282,0.9964539007092199,498.9113475177305,891,0.5409652076318743,306.3423120089787,891,0.5387205387205387,305.3995510662177,3365,0,0,107.43478298187256,ab16711
DR,10,0,2000,0.0,73.7155,0.0,1000,0.0,45.34,1000,0.0,45.281,282,0.0,71.09219858156028,891,0.0,46.7003367003367,891,0.0,46.334455667789,2792,0,0,107.51981091499329,ab16711
DR,10,61440,2000,0.1235,290.954,0.0,1000,0.0,133.568,1000,0.001,134.214,282,0.13120567375886524,286.51418439716315,891,0.0,128.02581369248037,891,0.0,126.91470258136926,2792,0,0,107.51981091499329,ab16711
DR,10,122880,2000,0.0665,244.9125,0.0,1000,0.0,119.899,1000,0.0,120.547,282,0.05673758865248227,235.7872340425532,891,0.0,114.80583613916947,891,0.0,114.15263748597081,2792,0,0,107.51981091499329,ab16711
DR,10,184320,2000,0.068,208.4265,0.0,1000,0.001,102.545,1000,0.0,102.653,282,0.06382978723404255,201.6241134751773,891,0.0,99.00448933782268,891,0.0,98.993265993266,2792,0,0,107.51981091499329,ab16711
DR,10,245760,2000,0.025,183.466,0.0,1000,0.001,112.979,1000,0.004,114.11,282,0.01773049645390071,178.2340425531915,891,0.0,107.95398428731762,891,0.0,107.44219977553311,2792,0,0,107.51981091499329,ab16711
DR,10,307200,2000,0.9755,496.8045,0.755,1000,0.416,329.717,1000,0.388,321.167,282,0.975177304964539,496.4929078014184,891,0.3041526374859708,275.7452300785634,891,0.29741863075196406,272.04938271604937,2792,0,0,107.51981091499329,ab16711
DR,10,368640,2000,0.9905,498.4775,0.905,1000,0.434,264.067,1000,0.446,268.313,282,0.9893617021276596,497.84397163120565,891,0.26374859708193044,186.98428731762064,891,0.2570145903479237,183.81705948372615,2792,0,0,107.51981091499329,ab16711
DR,10,430080,2000,0.996,499.2445,0.96,1000,0.937,479.519,1000,0.938,479.788,282,0.9929078014184397,497.24468085106383,891,0.9012345679012346,461.3658810325477,891,0.8765432098765432,450.9450056116723,2792,0,0,107.51981091499329,ab16711
DR,10,491520,2000,0.911,490.1575,0.46,1000,0.009,221.768,1000,0.018,219.156,282,0.875886524822695,487.031914893617,891,0.001122334455667789,185.9652076318743,891,0.0,182.5297418630752,2792,0,0,107.51981091499329,ab16711
DR,10,552960,2000,0.9415,493.7605,0.565,1000,0.613,386.495,1000,0.593,379.107,282,0.9432624113475178,492.2836879432624,891,0.4994388327721661,340.27946127946126,891,0.5050505050505051,340.31088664422,2792,0,0,107.51981091499329,ab16711
DR,10,614400,2000,0.998,499.7585,0.98,1000,0.937,478.594,1000,0.93,477.74,282,0.9858156028368794,496.531914893617,891,0.9057239057239057,462.49270482603816,891,0.8866442199775533,454.25364758698095,2792,0,0,107.51981091499329,ab16711
DR,1,0,2000,0.0005,40.929,0.0,1000,0.0,19.452,1000,0.0,19.218,282,0.0,40.03900709219858,891,0.0,19.549943883277216,891,0.0,19.59483726150393,2765,0,0,109.00796699523926,ab16711
DR,1,61440,2000,0.0825,257.581,0.0,1000,0.0,116.551,1000,0.001,116.859,282,0.09219858156028368,248.86170212765958,891,0.0,111.98653198653199,891,0.0,111.331088664422,2765,0,0,109.00796699523926,ab16711
DR,1,122880,2000,0.0365,250.273,0.0,1000,0.018,165.391,1000,0.016,167.112,282,0.05673758865248227,253.53191489361703,891,0.01122334455667789,154.1526374859708,891,0.006734006734006734,148.7979797979798,2765,0,0,109.00796699523926,ab16711
DR,1,184320,2000,0.121,286.9835,0.0,1000,0.0,121.275,1000,0.001,121.515,282,0.11347517730496454,276.74468085106383,891,0.0,114.50953984287318,891,0.0,113.85521885521885,2765,0,0,109.00796699523926,ab16711
DR,1,245760,2000,0.0435,206.179,0.0,1000,0.0,120.775,1000,0.0,120.948,282,0.03546099290780142,204.4822695035461,891,0.0,111.70145903479236,891,0.0,111.03928170594837,2765,0,0,109.00796699523926,ab16711
DR,1,307200,2000,0.9785,496.651,0.785,1000,0.934,478.01,1000,0.944,482.373,282,0.9858156028368794,497.8191489361702,891,0.9068462401795735,462.39842873176207,891,0.9001122334455668,459.7699214365881,2765,0,0,109.00796699523926,ab16711
DR,1,368640,2000,0.9975,499.034,0.975,1000,0.311,202.62,1000,0.316,204.869,282,0.9822695035460993,493.5673758865248,891,0.1919191919191919,148.54769921436588,891,0.20763187429854096,155.06509539842872,2765,0,0,109.00796699523926,ab16711
DR,1,430080,2000,0.12,316.041,0.0,1000,0.246,228.04,1000,0.241,225.894,282,0.1524822695035461,321.93617021276594,891,0.21099887766554434,203.60157126823793,891,0.22109988776655443,204.0527497194164,2765,0,0,109.00796699523926,ab16711
DR,1,491520,2000,0.9985,499.3555,0.985,1000,0.337,217.273,1000,0.329,213.541,282,0.9929078014184397,496.9326241134752,891,0.12682379349046016,125.99102132435466,891,0.1111111111111111,118.81369248035915,2765,0,0,109.00796699523926,ab16711
DR,1,552960,2000,0.99,495.4665,0.9,1000,0.032,69.639,1000,0.039,72.989,282,0.975177304964539,489.2340425531915,891,0.001122334455667789,57.23905723905724,891,0.002244668911335578,57.43658810325477,2765,0,0,109.00796699523926,ab16711
DR,1,614400,2000,0.9905,495.7435,0.905,1000,0.029,67.904,1000,0.031,68.868,282,0.9787234042553191,490.4822695035461,891,0.002244668911335578,56.86868686868687,891,0.0,56.35129068462402,2765,0,0,109.00796699523926,ab16711
DR,3,0,2000,0.0,49.3175,0.0,1000,0.0,19.001,1000,0.0,19.034,282,0.0,47.1063829787234,891,0.0,19.124579124579125,891,0.0,18.946127946127945,2696,0,0,108.30656623840332,ab16711
DR,3,61440,2000,0.0555,232.672,0.0,1000,0.0,112.08,1000,0.0,111.921,282,0.06028368794326241,226.68439716312056,891,0.0,108.15600448933782,891,0.0,107.68462401795735,2696,0,0,108.30656623840332,ab16711
DR,3,122880,2000,0.1875,330.524,0.0,1000,0.002,142.32,1000,0.0,141.678,282,0.18085106382978725,325.8758865248227,891,0.0,133.76543209876544,891,0.0,132.8260381593715,2696,0,0,108.30656623840332,ab16711
DR,3,184320,2000,0.9945,499.3075,0.945,1000,0.752,397.607,1000,0.725,386.589,282,0.9929078014184397,497.5177304964539,891,0.6071829405162739,336.1425364758698,891,0.6273849607182941,343.625140291807,2696,0,0,108.30656623840332,ab16711
DR,3,245760,2000,0.992,496.4295,0.92,1000,0.037,72.319,1000,0.047,75.891,282,0.9858156028368794,493.6808510638298,891,0.003367003367003367,58.18406285072952,891,0.002244668911335578,58.01459034792368,2696,0,0,108.30656623840332,ab16711
DR,3,307200,2000,0.088,338.0805,0.0,1000,0.119,183.137,1000,0.105,175.202,282,0.1099290780141844,339.41843971631204,891,0.03367003367003367,132.8092031425365,891,0.05387205387205387,139.74747474747474,2696,0,0,108.30656623840332,ab16711
DR,3,368640,2000,0.892,486.8395,0.37,1000,0.131,333.422,1000,0.133,335.348,282,0.8581560283687943,482.2411347517731,891,0.09764309764309764,307.91358024691357,891,0.08641975308641975,304.2233445566779,2696,0,0,108.30656623840332,ab16711
DR,3,430080,2000,0.09,248.941,0.0,1000,0.0,115.414,1000,0.0,114.58,282,0.07092198581560284,240.42198581560282,891,0.0,108.66329966329967,891,0.0,108.08641975308642,2696,0,0,108.30656623840332,ab16711
DR,3,491520,2000,0.7065,466.5635,0.21,1000,0.31,294.096,1000,0.301,290.234,282,0.7127659574468085,465.6914893617021,891,0.2143658810325477,246.98877665544333,891,0.23007856341189675,251.34904601571267,2696,0,0,108.30656623840332,ab16711
DR,3,552960,2000,0.7145,456.79,0.2,1000,0.132,247.814,1000,0.122,244.626,282,0.6950354609929078,453.3829787234043,891,0.08754208754208755,219.5780022446689,891,0.08529741863075196,218.12121212121212,2696,0,0,108.30656623840332,ab16711
DR,3,614400,2000,0.997,499.206,0.97,1000,0.288,196.41,1000,0.268,190.641,282,0.9893617021276596,496.3404255319149,891,0.08866442199775533,107.06060606060606,891,0.08080808080808081,102.42985409652076,2696,0,0,108.30656623840332,ab16711
DR,5,0,2000,0.0,12.339,0.0,1000,0.0,18.961,1000,0.0,18.243,282,0.0,12.322695035460994,891,0.0,19.50841750841751,891,0.0,20.398428731762063,2969,0,0,108.18837189674377,ab16711
DR,5,61440,2000,0.131,296.2945,0.0,1000,0.0,134.132,1000,0.0,134.697,282,0.13829787234042554,287.1843971631206,891,0.0,127.79124579124579,891,0.0,126.5712682379349,2969,0,0,108.18837189674377,ab16711
DR,5,122880,2000,0.722,464.399,0.245,1000,0.411,327.199,1000,0.392,321.707,282,0.7269503546099291,464.56382978723406,891,0.3793490460157127,303.3400673400673,891,0.3681257014590348,299.07744107744105,2969,0,0,108.18837189674377,ab16711
DR,5,184320,2000,0.1695,316.953,0.0,1000,0.014,166.802,1000,0.012,166.213,282,0.1595744680851064,308.0070921985816,891,0.001122334455667789,153.30639730639732,891,0.0,151.1492704826038,2969,0,0,108.18837189674377,ab16711
DR,5,245760,2000,0.962,494.26,0.62,1000,0.916,470.605,1000,0.911,469.263,282,0.9716312056737588,494.4078014184397,891,0.8810325476992144,451.87991021324353,891,0.8698092031425365,447.20763187429856,2969,0,0,108.18837189674377,ab16711
DR,5,307200,2000,0.984,497.741,0.84,1000,0.704,381.311,1000,0.691,374.977,282,0.9822695035460993,497.5886524822695,891,0.5937149270482603,328.9977553310887,891,0.6172839506172839,338.47474747474746,2969,0,0,108.18837189674377,ab16711
DR,5,368640,2000,0.0065,171.697,0.0,1000,0.013,152.785,1000,0.021,155.28,282,0.010638297872340425,173.69148936170214,891,0.012345679012345678,145.21324354657688,891,0.016835016835016835,144.16161616161617,2969,0,0,108.18837189674377,ab16711
DR,5,430080,2000,0.094,241.687,0.0,1000,0.0,104.671,1000,0.0,104.948,282,0.09219858156028368,233.65248226950354,891,0.0,100.3625140291807,891,0.0,99.98204264870931,2969,0,0,108.18837189674377,ab16711
DR,5,491520,2000,0.9925,498.9555,0.925,1000,0.899,465.48,1000,0.902,467.47,282,0.9893617021276596,496.3758865248227,891,0.867564534231201,447.0112233445567,891,0.8641975308641975,445.5117845117845,2969,0,0,108.18837189674377,ab16711
DR,5,552960,2000,0.9965,498.4505,0.965,1000,0.043,78.419,1000,0.049,80.596,282,0.9893617021276596,495.3156028368794,891,0.001122334455667789,59.597081930415264,891,0.001122334455667789,59.288439955106625,2969,0,0,108.18837189674377,ab16711
DR,5,614400,2000,0.995,497.7675,0.95,1000,0.298,192.992,1000,0.296,191.333,282,0.9929078014184397,496.8758865248227,891,0.16835016835016836,137.38832772166106,891,0.17845117845117844,141.00224466891135,2969,0,0,108.18837189674377,ab16711
DR,6,0,2000,0.0,11.209,0.0,1000,0.0,17.456,1000,0.0,18.114,282,0.0,10.918439716312056,891,0.0,18.95286195286195,891,0.0,18.515151515151516,2689,0,0,108.59315204620361,ab16711
DR,6,61440,2000,0.08,261.8695,0.0,1000,0.003,126.182,1000,0.002,125.75,282,0.05673758865248227,252.4468085106383,891,0.0,119.21885521885523,891,0.0,118.68574635241302,2689,0,0,108.59315204620361,ab16711
DR,6,122880,2000,0.0245,204.2815,0.0,1000,0.004,129.67,1000,0.006,129.37,282,0.01773049645390071,202.9822695035461,891,0.0,120.26374859708193,891,0.0,119.53984287317621,2689,0,0,108.59315204620361,ab16711
DR,6,184320,2000,0.897,487.3775,0.475,1000,0.09,284.277,1000,0.089,283.135,282,0.875886524822695,483.5921985815603,891,0.04601571268237935,255.9584736251403,891,0.04601571268237935,250.1358024691358,2689,0,0,108.59315204620361,ab16711
DR,6,245760,2000,0.3875,407.143,0.0,1000,0.336,291.894,1000,0.327,291.679,282,0.4078014184397163,409.02836879432624,891,0.2671156004489338,265.77890011223343,891,0.265993265993266,264.9012345679012,2689,0,0,108.59315204620361,ab16711
DR,6,307200,2000,0.3775,385.1025,0.0,1000,0.003,160.94,1000,0.005,160.714,282,0.34397163120567376,381.31205673758865,891,0.0,146.4320987654321,891,0.0,145.21212121212122,2689,0,0,108.59315204620361,ab16711
DR,6,368640,2000,0.963,495.175,0.63,1000,0.843,456.892,1000,0.849,458.346,282,0.9609929078014184,493.63120567375887,891,0.8024691358024691,435.979797979798,891,0.7833894500561167,433.7037037037037,2689,0,0,108.59315204620361,ab16711
DR,6,430080,2000,0.9375,492.936,0.57,1000,0.575,378.535,1000,0.564,374.541,282,0.9290780141843972,491.0567375886525,891,0.4612794612794613,330.4702581369248,891,0.46464646464646464,332.341189674523,2689,0,0,108.59315204620361,ab16711
DR,6,491520,2000,0.983,497.8425,0.83,1000,0.913,471.408,1000,0.914,472.793,282,0.9858156028368794,495.5,891,0.8888888888888888,456.0179573512907,891,0.8911335578002245,457.2929292929293,2689,0,0,108.59315204620361,ab16711
DR,6,552960,2000,0.873,484.4785,0.375,1000,0.011,247.216,1000,0.011,245.489,282,0.8404255319148937,478.75531914893617,891,0.002244668911335578,221.35465768799102,891,0.001122334455667789,221.58810325476992,2689,0,0,108.59315204620361,ab16711
DR,6,614400,2000,0.994,498.4935,0.94,1000,0.493,283.287,1000,0.488,279.349,282,0.9822695035460993,494.8014184397163,891,0.48035914702581367,272.2121212121212,891,0.47362514029180697,269.36026936026934,2689,0,0,108.59315204620361,ab16711
DR,8,0,2000,0.0,36.5135,0.0,1000,0.0,18.219,1000,0.0,18.067,282,0.0,34.97872340425532,891,0.0,18.41526374859708,891,0.0,18.334455667789,2363,0,0,108.23955297470093,ab16711
DR,8,61440,2000,0.185,329.7405,0.0,1000,0.001,152.574,1000,0.0,152.906,282,0.20921985815602837,327.290780141844,891,0.0,145.2929292929293,891,0.0,144.0875420875421,2363,0,0,108.23955297470093,ab16711
DR,8,122880,2000,0.083,295.827,0.0,1000,0.355,295.965,1000,0.357,294.856,282,0.0851063829787234,289.65602836879435,891,0.34231200897867564,289.54208754208753,891,0.3265993265993266,288.9012345679012,2363,0,0,108.23955297470093,ab16711
DR,8,184320,2000,0.979,497.446,0.79,1000,0.678,365.387,1000,0.658,359.029,282,0.9822695035460993,496.2588652482269,891,0.5443322109988776,308.20089786756455,891,0.5117845117845118,294.12345679012344,2363,0,0,108.23955297470093,ab16711
DR,8,245760,2000,0.9925,498.5725,0.925,1000,0.704,376.613,1000,0.679,367.132,282,0.9929078014184397,497.15602836879435,891,0.5701459034792368,318.07182940516276,891,0.5544332210998878,310.99214365881033,2363,0,0,108.23955297470093,ab16711
DR,8,307200,2000,0.995,498.6415,0.95,1000,0.068,91.912,1000,0.06,88.627,282,0.9893617021276596,495.29787234042556,891,0.0,58.59147025813692,891,0.0,58.607182940516275,2363,0,0,108.23955297470093,ab16711
DR,8,368640,2000,0.5315,432.7825,0.05,1000,0.021,206.026,1000,0.025,204.696,282,0.5283687943262412,431.07801418439715,891,0.012345679012345678,180.5263748597082,891,0.014590347923681257,181.8080808080808,2363,0,0,108.23955297470093,ab16711
DR,8,430080,2000,0.7455,477.767,0.295,1000,0.034,102.235,1000,0.031,103.529,282,0.7375886524822695,477.6737588652482,891,0.0,72.30415263748597,891,0.0,72.12570145903479,2363,0,0,108.23955297470093,ab16711
DR,8,491520,2000,0.998,499.125,0.98,1000,0.089,100.479,1000,0.087,100.991,282,0.9893617021276596,495.3014184397163,891,0.0,60.347923681257015,891,0.001122334455667789,60.58810325476992,2363,0,0,108.23955297470093,ab16711
DR,8,552960,2000,0.9845,494.3715,0.845,1000,0.068,91.932,1000,0.073,95.023,282,0.9645390070921985,486.6099290780142,891,0.006734006734006734,65.18181818181819,891,0.006734006734006734,64.72951739618406,2363,0,0,108.23955297470093,ab16711
DR,8,614400,2000,0.9995,499.7955,0.995,1000,0.78,409.994,1000,0.781,411.431,282,0.9929078014184397,497.4148936170213,891,0.6823793490460157,368.1380471380471,891,0.6621773288439955,359.29741863075196,2363,0,0,108.23955297470093,ab16711
DR,15,0,2000,0.0,48.0115,0.0,1000,0.0,28.443,1000,0.0,29.806,282,0.0,44.92198581560284,891,0.0,29.40516273849607,891,0.0,29.347923681257015,2710,0,0,81.3787488937378,ab16711
DR,15,61440,2000,0.0895,263.2235,0.0,1000,0.002,122.216,1000,0.0,121.173,282,0.07092198581560284,252.0177304964539,891,0.0,116.0628507295174,891,0.0,115.32098765432099,2710,0,0,81.3787488937378,ab16711
DR,15,122880,2000,0.122,269.5055,0.0,1000,0.0,112.271,1000,0.0,112.152,282,0.1276595744680851,257.15248226950354,891,0.0,107.91919191919192,891,0.0,107.58698092031425,2710,0,0,81.3787488937378,ab16711
DR,15,184320,2000,0.1175,283.015,0.0,1000,0.003,131.654,1000,0.006,132.554,282,0.07446808510638298,267.5886524822695,891,0.0,124.21324354657688,891,0.0,123.1604938271605,2710,0,0,81.3787488937378,ab16711
DR,15,245760,2000,0.4615,428.042,0.0,1000,0.487,336.658,1000,0.496,340.848,282,0.4645390070921986,429.32978723404256,891,0.4668911335578002,321.645342312009,891,0.4612794612794613,317.712682379349,2710,0,0,81.3787488937378,ab16711
DR,15,307200,2000,0.991,498.6415,0.91,1000,0.933,477.99,1000,0.93,476.742,282,0.9858156028368794,496.7340425531915,891,0.8956228956228957,459.1840628507295,891,0.8933782267115601,457.96632996632997,2710,0,0,81.3787488937378,ab16711
DR,15,368640,2000,0.4065,392.3875,0.0,1000,0.004,160.432,1000,0.008,161.533,282,0.40070921985815605,381.9113475177305,891,0.001122334455667789,147.44556677890012,891,0.0,145.33221099887766,2710,0,0,81.3787488937378,ab16711
DR,15,430080,2000,0.05,199.5765,0.0,1000,0.0,110.852,1000,0.002,111.81,282,0.03546099290780142,196.89716312056737,891,0.0,104.58585858585859,891,0.0,104.24579124579125,2710,0,0,81.3787488937378,ab16711
DR,15,491520,2000,0.9945,499.3355,0.945,1000,0.896,464.237,1000,0.904,469.69,282,0.9929078014184397,497.8262411347518,891,0.8720538720538721,449.02918069584734,891,0.8608305274971941,444.0280583613917,2710,0,0,81.3787488937378,ab16711
DR,15,552960,2000,0.977,489.654,0.77,1000,0.031,65.851,1000,0.035,67.486,282,0.975177304964539,488.88652482269504,891,0.002244668911335578,55.352413019079684,891,0.001122334455667789,55.033670033670035,2710,0,0,81.3787488937378,ab16711
DR,15,614400,2000,0.9695,491.8945,0.695,1000,0.012,68.975,1000,0.012,69.421,282,0.9574468085106383,489.7340425531915,891,0.0,58.01234567901235,891,0.0,57.79573512906846,2710,0,0,81.3787488937378,ab16711
DR,11,0,2000,0.0,22.316,0.0,1000,0.0,15.25,1000,0.0,14.829,282,0.0,22.0177304964539,891,0.0,15.428731762065095,891,0.0,15.595959595959595,2982,0,0,83.80041027069092,ab16711
DR,11,61440,2000,0.346,366.461,0.0,1000,0.01,159.437,1000,0.007,158.361,282,0.3120567375886525,351.9645390070922,891,0.0,147.1537598204265,891,0.001122334455667789,145.1402918069585,2982,0,0,83.80041027069092,ab16711
DR,11,122880,2000,0.0115,193.1055,0.0,1000,0.014,154.022,1000,0.011,153.614,282,0.024822695035460994,192.54609929078015,891,0.007856341189674524,143.58698092031426,891,0.007856341189674524,142.21324354657688,2982,0,0,83.80041027069092,ab16711
DR,11,184320,2000,0.332,376.6985,0.0,1000,0.017,184.963,1000,0.022,185.728,282,0.31560283687943264,365.50354609929076,891,0.003367003367003367,169.7115600448934,891,0.001122334455667789,167.11672278338946,2982,0,0,83.80041027069092,ab16711
DR,11,245760,2000,0.8415,480.7365,0.38,1000,0.03,255.441,1000,0.03,253.885,282,0.8049645390070922,472.81205673758865,891,0.006734006734006734,230.45342312008978,891,0.005611672278338945,226.662177328844,2982,0,0,83.80041027069092,ab16711
DR,11,307200,2000,0.9895,498.254,0.895,1000,0.942,481.489,1000,0.948,483.147,282,0.9893617021276596,496.7163120567376,891,0.9135802469135802,465.719416386083,891,0.9023569023569024,461.7070707070707,2982,0,0,83.80041027069092,ab16711
DR,11,368640,2000,0.979,496.051,0.79,1000,0.852,444.542,1000,0.839,438.982,282,0.975177304964539,495.3900709219858,891,0.7946127946127947,416.39618406285075,891,0.7878787878787878,413.7845117845118,2982,0,0,83.80041027069092,ab16711
DR,11,430080,2000,0.008,161.151,0.0,1000,0.0,155.258,1000,0.0,154.118,282,0.014184397163120567,160.0886524822695,891,0.0,146.72278338945006,891,0.0,142.36139169472503,2982,0,0,83.80041027069092,ab16711
DR,11,491520,2000,0.1905,315.9625,0.0,1000,0.002,129.39,1000,0.001,128.992,282,0.18439716312056736,312.1489361702128,891,0.0,119.92031425364759,891,0.0,118.81032547699215,2982,0,0,83.80041027069092,ab16711
DR,11,552960,2000,0.9935,498.9755,0.935,1000,0.618,353.705,1000,0.611,350.403,282,0.9822695035460993,495.82978723404256,891,0.4994388327721661,300.8664421997755,891,0.4882154882154882,294.34567901234567,2982,0,0,83.80041027069092,ab16711
DR,11,614400,2000,0.9995,499.786,0.995,1000,0.61,336.623,1000,0.579,323.521,282,0.9858156028368794,497.41843971631204,891,0.4601571268237935,271.68125701459036,891,0.4556677890011223,269.60493827160496,2982,0,0,83.80041027069092,ab16711
DR,12,0,2000,0.0,41.4325,0.0,1000,0.0,39.053,1000,0.0,38.477,282,0.0,39.9113475177305,891,0.0,40.95061728395062,891,0.0,40.046015712682376,2676,0,0,82.37428784370422,ab16711
DR,12,61440,2000,0.0995,272.5495,0.0,1000,0.002,130.57,1000,0.002,130.436,282,0.08865248226950355,265.12056737588654,891,0.0,122.65319865319866,891,0.0,121.91133557800225,2676,0,0,82.37428784370422,ab16711
DR,12,122880,2000,0.573,459.853,0.065,1000,0.458,378.754,1000,0.452,376.256,282,0.6134751773049646,463.1595744680851,891,0.4062850729517396,351.4320987654321,891,0.39169472502805835,341.84960718294053,2676,0,0,82.37428784370422,ab16711
DR,12,184320,2000,0.9455,494.705,0.635,1000,0.212,172.966,1000,0.224,176.217,282,0.9326241134751773,493.2695035460993,891,0.11784511784511785,125.6969696969697,891,0.10549943883277217,119.27946127946127,2676,0,0,82.37428784370422,ab16711
DR,12,245760,2000,0.999,499.667,0.99,1000,0.448,265.417,1000,0.44,261.718,282,0.9893617021276596,496.28723404255317,891,0.3277216610549944,211.78563411896747,891,0.3176206509539843,207.62962962962962,2676,0,0,82.37428784370422,ab16711
DR,12,307200,2000,0.999,499.9505,0.99,1000,0.811,423.371,1000,0.772,408.982,282,0.9929078014184397,498.2482269503546,891,0.6879910213243546,372.23793490460156,891,0.6958473625140292,374.35690235690237,2676,0,0,82.37428784370422,ab16711
DR,12,368640,2000,0.998,499.318,0.98,1000,0.122,120.02,1000,0.126,123.861,282,0.9858156028368794,494.71276595744683,891,0.016835016835016835,70.41077441077441,891,0.020202020202020204,71.39842873176207,2676,0,0,82.37428784370422,ab16711
DR,12,430080,2000,0.0325,205.916,0.0,1000,0.0,112.732,1000,0.0,113.227,282,0.028368794326241134,202.49290780141843,891,0.0,107.36139169472503,891,0.0,106.80359147025814,2676,0,0,82.37428784370422,ab16711
DR,12,491520,2000,0.0795,253.6205,0.0,1000,0.001,114.408,1000,0.001,114.803,282,0.07092198581560284,245.94326241134752,891,0.0,108.19416386083053,891,0.0,107.62962962962963,2676,0,0,82.37428784370422,ab16711
DR,12,552960,2000,0.993,496.9445,0.93,1000,0.035,72.985,1000,0.04,75.576,282,0.9858156028368794,493.6737588652482,891,0.002244668911335578,58.28170594837262,891,0.0,57.888888888888886,2676,0,0,82.37428784370422,ab16711
DR,12,614400,2000,0.9945,499.097,0.945,1000,0.888,460.169,1000,0.885,459.551,282,0.9858156028368794,496.1737588652482,891,0.8484848484848485,439.4713804713805,891,0.8361391694725028,433.8092031425365,2676,0,0,82.37428784370422,ab16711
DR,13,0,2000,0.0,12.7715,0.0,1000,0.0,20.377,1000,0.0,21.083,282,0.0,12.546099290780141,891,0.0,21.27833894500561,891,0.0,21.170594837261504,2630,0,0,82.06301379203796,ab16711
DR,13,61440,2000,0.1285,294.909,0.0,1000,0.001,134.594,1000,0.002,135.305,282,0.14184397163120568,288.71985815602835,891,0.0,128.64197530864197,891,0.0,127.665544332211,2630,0,0,82.06301379203796,ab16711
DR,13,122880,2000,0.0675,237.3185,0.0,1000,0.005,132.653,1000,0.006,132.33,282,0.05319148936170213,227.03900709219857,891,0.0,124.3658810325477,891,0.0,123.29292929292929,2630,0,0,82.06301379203796,ab16711
DR,13,184320,2000,0.9785,496.861,0.785,1000,0.901,463.247,1000,0.902,463.587,282,0.9822695035460993,496.40425531914894,891,0.8507295173961841,440.0527497194164,891,0.8316498316498316,431.29517396184065,2630,0,0,82.06301379203796,ab16711
DR,13,245760,2000,0.206,267.265,0.0,1000,0.0,100.029,1000,0.0,99.837,282,0.19148936170212766,255.47163120567376,891,0.0,96.8294051627385,891,0.0,96.5230078563412,2630,0,0,82.06301379203796,ab16711
DR,13,307200,2000,0.9915,498.6445,0.915,1000,0.894,460.753,1000,0.872,451.611,282,0.9893617021276596,497.00354609929076,891,0.835016835016835,432.9012345679012,891,0.8058361391694725,420.8821548821549,2630,0,0,82.06301379203796,ab16711
DR,13,368640,2000,0.054,328.79,0.0,1000,0.297,317.093,1000,0.321,320.595,282,0.05673758865248227,331.79787234042556,891,0.3602693602693603,305.25252525252523,891,0.3501683501683502,301.3692480359147,2630,0,0,82.06301379203796,ab16711
DR,13,430080,2000,0.991,498.2575,0.91,1000,0.881,457.553,1000,0.878,455.905,282,0.9929078014184397,498.04609929078015,891,0.8372615039281706,434.1638608305275,891,0.8316498316498316,431.4702581369248,2630,0,0,82.06301379203796,ab16711
DR,13,491520,2000,0.4525,440.887,0.0,1000,0.483,360.025,1000,0.474,356.746,282,0.40070921985815605,428.40425531914894,891,0.4826038159371493,345.76430976430976,891,0.4792368125701459,343.3063973063973,2630,0,0,82.06301379203796,ab16711
DR,13,552960,2000,0.9985,499.344,0.985,1000,0.11,111.098,1000,0.109,111.69,282,0.9893617021276596,495.36879432624113,891,0.001122334455667789,61.94500561167228,891,0.003367003367003367,62.029180695847366,2630,0,0,82.06301379203796,ab16711
DR,13,614400,2000,0.954,494.08,0.57,1000,0.286,194.449,1000,0.282,193.745,282,0.9432624113475178,489.3085106382979,891,0.1739618406285073,140.93490460157128,891,0.186307519640853,145.5712682379349,2630,0,0,82.06301379203796,ab16711
DR,14,0,2000,0.0,16.3615,0.0,1000,0.0,50.109,1000,0.0,49.682,282,0.0,16.48936170212766,891,0.0,53.81818181818182,891,0.0,54.2020202020202,2770,0,0,82.29305911064148,ab16711
DR,14,61440,2000,0.2125,324.574,0.0,1000,0.003,142.789,1000,0.003,141.648,282,0.19148936170212766,316.4326241134752,891,0.0,133.0594837261504,891,0.0,131.93490460157128,2770,0,0,82.29305911064148,ab16711
DR,14,122880,2000,0.185,326.989,0.0,1000,0.001,138.352,1000,0.001,138.618,282,0.16666666666666666,321.07801418439715,891,0.0,130.1773288439955,891,0.0,129.30527497194163,2770,0,0,82.29305911064148,ab16711
DR,14,184320,2000,0.039,250.2255,0.0,1000,0.114,215.337,1000,0.116,212.792,282,0.05673758865248227,257.01418439716315,891,0.08866442199775533,191.84175084175084,891,0.07968574635241302,191.75084175084174,2770,0,0,82.29305911064148,ab16711
DR,14,245760,2000,0.06,230.279,0.0,1000,0.002,126.189,1000,0.002,125.746,282,0.05673758865248227,223.9113475177305,891,0.0,117.51290684624018,891,0.0,116.74635241301908,2770,0,0,82.29305911064148,ab16711
DR,14,307200,2000,0.915,489.3235,0.525,1000,0.577,412.827,1000,0.608,416.626,282,0.900709219858156,485.56028368794324,891,0.5353535353535354,389.5286195286195,891,0.5252525252525253,382.94837261503926,2770,0,0,82.29305911064148,ab16711
DR,14,368640,2000,0.217,371.8365,0.0,1000,0.457,304.021,1000,0.468,309.883,282,0.2375886524822695,373.17021276595744,891,0.43209876543209874,287.9203142536476,891,0.4377104377104377,288.699214365881,2770,0,0,82.29305911064148,ab16711
DR,14,430080,2000,0.994,497.3475,0.94,1000,0.034,70.955,1000,0.039,73.428,282,0.9858156028368794,495.2482269503546,891,0.002244668911335578,57.44219977553311,891,0.001122334455667789,57.10213243546577,2770,0,0,82.29305911064148,ab16711
DR,14,491520,2000,0.948,491.588,0.57,1000,0.787,419.042,1000,0.785,418.132,282,0.9574468085106383,492.11347517730496,891,0.7239057239057239,389.0965207631874,891,0.7216610549943884,388.3692480359147,2770,0,0,82.29305911064148,ab16711
DR,14,552960,2000,0.946,493.3405,0.585,1000,0.923,473.813,1000,0.929,478.466,282,0.9574468085106383,493.0886524822695,891,0.9124579124579124,464.72278338945006,891,0.9046015712682379,461.7665544332211,2770,0,0,82.29305911064148,ab16711
DR,14,614400,2000,0.9885,498.0095,0.885,1000,0.843,441.168,1000,0.829,435.129,282,0.9893617021276596,498.07092198581563,891,0.7789001122334456,410.1638608305275,891,0.7789001122334456,409.9079685746352,2770,0,0,82.29305911064148,ab16711
DR,16,0,2000,0.0,19.1735,0.0,1000,0.0,46.356,1000,0.0,45.331,282,0.0,19.627659574468087,891,0.0,49.22222222222222,891,0.0,48.674523007856344,2736,0,0,82.50487923622131,ab16711
DR,16,61440,2000,0.0685,245.3635,0.0,1000,0.005,139.953,1000,0.001,138.929,282,0.06028368794326241,241.75177304964538,891,0.001122334455667789,130.11223344556677,891,0.0,129.20089786756452,2736,0,0,82.50487923622131,ab16711
DR,16,122880,2000,0.112,286.007,0.0,1000,0.0,132.555,1000,0.001,133.384,282,0.1276595744680851,282.15602836879435,891,0.0,126.96745230078564,891,0.0,126.44107744107744,2736,0,0,82.50487923622131,ab16711
DR,16,184320,2000,0.019,183.5895,0.0,1000,0.002,122.16,1000,0.004,122.613,282,0.031914893617021274,184.645390070922,891,0.0,115.95286195286195,891,0.0,115.17845117845118,2736,0,0,82.50487923622131,ab16711
DR,16,245760,2000,0.965,495.2685,0.675,1000,0.959,486.587,1000,0.965,488.898,282,0.975177304964539,496.89716312056737,891,0.9326599326599326,472.9191919191919,891,0.9292929292929293,472.0561167227834,2736,0,0,82.50487923622131,ab16711
DR,16,307200,2000,0.992,498.473,0.92,1000,0.504,295.208,1000,0.491,289.159,282,0.9787234042553191,494.18794326241135,891,0.36251402918069586,232.33557800224466,891,0.33221099887766553,220.0628507295174,2736,0,0,82.50487923622131,ab16711
DR,16,368640,2000,0.944,493.814,0.6,1000,0.618,348.097,1000,0.609,345.301,282,0.9397163120567376,493.9822695035461,891,0.49158249158249157,290.24017957351293,891,0.4826038159371493,288.37598204264873,2736,0,0,82.50487923622131,ab16711
DR,16,430080,2000,0.998,499.1215,0.98,1000,0.084,98.153,1000,0.084,97.44,282,0.9893617021276596,495.31205673758865,891,0.0,60.16273849607183,891,0.002244668911335578,60.24242424242424,2736,0,0,82.50487923622131,ab16711
DR,16,491520,2000,0.9845,496.6555,0.845,1000,0.829,437.07,1000,0.819,432.708,282,0.9787234042553191,494.2269503546099,891,0.7789001122334456,410.5791245791246,891,0.7687991021324355,406.320987654321,2736,0,0,82.50487923622131,ab16711
DR,16,552960,2000,0.89,479.137,0.375,1000,0.11,223.954,1000,0.104,221.496,282,0.8687943262411347,475.90070921985813,891,0.08641975308641975,203.50392817059483,891,0.08305274971941638,198.63636363636363,2736,0,0,82.50487923622131,ab16711
DR,16,614400,2000,0.716,476.961,0.205,1000,0.095,218.417,1000,0.091,213.789,282,0.6985815602836879,476.2659574468085,891,0.019079685746352413,173.50953984287318,891,0.013468013468013467,167.30190796857462,2736,0,0,82.50487923622131,ab16711
DR,17,0,2000,0.0,14.6565,0.0,1000,0.0,34.852,1000,0.0,33.475,282,0.0,15.127659574468085,891,0.0,37.021324354657686,891,0.0,37.09652076318743,2731,0,0,82.97414493560791,ab16711
DR,17,61440,2000,0.0595,243.3435,0.0,1000,0.001,119.468,1000,0.001,119.57,282,0.04609929078014184,235.31914893617022,891,0.0,114.44893378226712,891,0.0,113.84399551066218,2731,0,0,82.97414493560791,ab16711
DR,17,122880,2000,0.6595,453.268,0.16,1000,0.009,203.968,1000,0.009,204.471,282,0.6170212765957447,441.5248226950355,891,0.001122334455667789,186.9483726150393,891,0.001122334455667789,184.8529741863075,2731,0,0,82.97414493560791,ab16711
DR,17,184320,2000,0.3745,373.762,0.0,1000,0.006,148.139,1000,0.004,147.302,282,0.3546099290780142,368.12056737588654,891,0.001122334455667789,135.08305274971943,891,0.0,133.89001122334454,2731,0,0,82.97414493560791,ab16711
DR,17,245760,2000,0.994,498.9465,0.94,1000,0.501,292.64,1000,0.492,288.275,282,0.9929078014184397,497.01418439716315,891,0.32323232323232326,215.17957351290684,891,0.33221099887766553,217.80246913580248,2731,0,0,82.97414493560791,ab16711
DR,17,307200,2000,0.7345,457.5875,0.03,1000,0.718,392.193,1000,0.701,385.048,282,0.74822695035461,462.0248226950355,891,0.6812570145903479,372.5768799102132,891,0.6498316498316499,360.3636363636364,2731,0,0,82.97414493560791,ab16711
DR,17,368640,2000,0.8815,480.8785,0.405,1000,0.637,359.804,1000,0.637,360.139,282,0.900709219858156,482.3404255319149,891,0.5611672278338945,325.8260381593715,891,0.5510662177328844,321.30415263748597,2731,0,0,82.97414493560791,ab16711
DR,17,430080,2000,0.125,267.757,0.0,1000,0.002,124.001,1000,0.003,123.63,282,0.1099290780141844,259.84751773049646,891,0.001122334455667789,114.96071829405163,891,0.0,113.95847362514029,2731,0,0,82.97414493560791,ab16711
DR,17,491520,2000,0.744,465.4325,0.255,1000,0.111,250.57,1000,0.112,249.154,282,0.7375886524822695,464.322695035461,891,0.0718294051627385,221.07968574635242,891,0.058361391694725026,218.76430976430976,2731,0,0,82.97414493560791,ab16711
DR,17,552960,2000,0.997,499.219,0.97,1000,0.777,411.096,1000,0.778,413.234,282,0.9858156028368794,495.5886524822695,891,0.6801346801346801,370.62850729517396,891,0.6666666666666666,364.38496071829405,2731,0,0,82.97414493560791,ab16711
DR,17,614400,2000,0.994,497.9595,0.94,1000,0.204,155.33,1000,0.198,153.827,282,0.9893617021276596,495.3049645390071,891,0.06285072951739619,92.57014590347924,891,0.06734006734006734,94.41414141414141,2731,0,0,82.97414493560791,ab16711
DR,18,0,2000,0.0,46.8685,0.0,1000,0.0,19.403,1000,0.0,19.538,282,0.0,44.326241134751776,891,0.0,19.607182940516275,891,0.0,19.399551066217732,2749,0,0,83.41189002990723,ab16711
DR,18,61440,2000,0.276,386.5775,0.0,1000,0.308,303.84,1000,0.288,302.196,282,0.2553191489361702,375.6808510638298,891,0.2760942760942761,289.15824915824913,891,0.25252525252525254,281.99214365881033,2749,0,0,83.41189002990723,ab16711
DR,18,122880,2000,0.2695,397.2005,0.0,1000,0.469,333.543,1000,0.469,333.349,282,0.2730496453900709,386.27659574468083,891,0.4713804713804714,325.8294051627385,891,0.4668911335578002,323.2514029180696,2749,0,0,83.41189002990723,ab16711
DR,18,184320,2000,0.228,366.0495,0.0,1000,0.013,107.958,1000,0.018,110.725,282,0.20567375886524822,359.0070921985816,891,0.001122334455667789,86.39506172839506,891,0.0,87.23569023569024,2749,0,0,83.41189002990723,ab16711
DR,18,245760,2000,0.93,492.8145,0.615,1000,0.334,325.61,1000,0.324,319.762,282,0.9290780141843972,491.0425531914894,891,0.2143658810325477,268.3928170594837,891,0.2356902356902357,269.00785634118967,2749,0,0,83.41189002990723,ab16711
DR,18,307200,2000,0.8745,479.3055,0.26,1000,0.816,430.516,1000,0.819,431.69,282,0.8936170212765957,481.3191489361702,891,0.7744107744107744,409.73737373737373,891,0.7485970819304153,399.00112233445566,2749,0,0,83.41189002990723,ab16711
DR,18,368640,2000,0.2255,398.069,0.0,1000,0.462,317.315,1000,0.47,320.58,282,0.2624113475177305,402.7836879432624,891,0.4377104377104377,299.38720538720537,891,0.43434343434343436,296.0617283950617,2749,0,0,83.41189002990723,ab16711
DR,18,430080,2000,0.9955,499.059,0.955,1000,0.802,421.789,1000,0.785,412.761,282,0.9929078014184397,497.50354609929076,891,0.7048260381593715,377.3771043771044,891,0.7037037037037037,376.24466891133557,2749,0,0,83.41189002990723,ab16711
DR,18,491520,2000,0.922,486.164,0.415,1000,0.745,402.526,1000,0.757,406.902,282,0.9361702127659575,484.531914893617,891,0.7014590347923682,380.0796857463524,891,0.6778900112233446,370.21773288439954,2749,0,0,83.41189002990723,ab16711
DR,18,552960,2000,0.9705,494.9725,0.705,1000,0.909,469.141,1000,0.9,466.84,282,0.9680851063829787,493.9751773049645,891,0.8765432098765432,450.43322109988776,891,0.8641975308641975,445.46801346801345,2749,0,0,83.41189002990723,ab16711
DR,18,614400,2000,0.0055,153.11,0.0,1000,0.0,145.733,1000,0.0,145.841,282,0.024822695035460994,154.95390070921985,891,0.0,137.1043771043771,891,0.0,134.30976430976432,2749,0,0,83.41189002990723,ab16711
DR,19,0,2000,0.0,14.8025,0.0,1000,0.0,39.851,1000,0.0,40.454,282,0.0,15.25531914893617,891,0.0,42.55106621773288,891,0.0,43.2615039281706,2563,0,0,83.86305928230286,ab16711
DR,19,61440,2000,0.4925,420.9025,0.05,1000,0.27,311.798,1000,0.261,311.831,282,0.5035460992907801,418.9822695035461,891,0.21773288439955107,291.24017957351293,891,0.21099887766554434,287.5353535353535,2563,0,0,83.86305928230286,ab16711
DR,19,122880,2000,0.5815,444.42,0.105,1000,0.01,209.353,1000,0.011,209.986,282,0.5780141843971631,437.86524822695037,891,0.001122334455667789,192.7732884399551,891,0.001122334455667789,191.6228956228956,2563,0,0,83.86305928230286,ab16711
DR,19,184320,2000,0.969,496.052,0.69,1000,0.562,317.285,1000,0.585,327.388,282,0.9680851063829787,496.21276595744683,891,0.44556677890011226,263.388327721661,891,0.4219977553310887,253.08978675645344,2563,0,0,83.86305928230286,ab16711
DR,19,245760,2000,0.9085,491.688,0.39,1000,0.471,278.492,1000,0.488,286.945,282,0.9113475177304965,490.1595744680851,891,0.38608305274971944,235.35353535353536,891,0.3838383838383838,234.2300785634119,2563,0,0,83.86305928230286,ab16711
DR,19,307200,2000,0.9655,495.3375,0.655,1000,0.72,389.88,1000,0.71,386.76,282,0.9645390070921985,495.51063829787233,891,0.6240179573512907,345.78900112233447,891,0.6049382716049383,335.95061728395063,2563,0,0,83.86305928230286,ab16711
DR,19,368640,2000,0.977,496.696,0.77,1000,0.431,350.789,1000,0.45,351.373,282,0.9680851063829787,493.0390070921986,891,0.33557800224466894,309.381593714927,891,0.32996632996632996,303.35016835016836,2563,0,0,83.86305928230286,ab16711
DR,19,430080,2000,0.9985,499.842,0.985,1000,0.939,477.898,1000,0.933,476.238,282,0.9858156028368794,496.1489361702128,891,0.8933782267115601,457.10213243546576,891,0.8698092031425365,447.5499438832772,2563,0,0,83.86305928230286,ab16711
DR,19,491520,2000,0.999,499.737,0.99,1000,0.442,260.394,1000,0.434,256.969,282,0.9893617021276596,497.78723404255317,891,0.3782267115600449,228.97530864197532,891,0.3602693602693603,222.8529741863075,2563,0,0,83.86305928230286,ab16711
DR,19,552960,2000,0.9605,495.071,0.625,1000,0.747,402.011,1000,0.733,395.543,282,0.9539007092198581,493.00354609929076,891,0.6610549943883277,358.80808080808083,891,0.6722783389450057,363.4848484848485,2563,0,0,83.86305928230286,ab16711
DR,19,614400,2000,0.995,499.0915,0.95,1000,0.874,453.218,1000,0.854,446.292,282,0.9858156028368794,496.75531914893617,891,0.8159371492704826,424.8731762065095,891,0.7934904601571269,415.7149270482604,2563,0,0,83.86305928230286,ab16711
DR,20,0,2000,0.001,52.3345,0.0,1000,0.0,20.207,1000,0.0,20.113,282,0.0035460992907801418,56.0354609929078,891,0.0,20.24354657687991,891,0.0,20.175084175084177,2906,0,0,83.67203092575073,ab16711
DR,20,61440,2000,0.9215,487.7715,0.57,1000,0.786,414.908,1000,0.781,413.461,282,0.900709219858156,481.43971631205676,891,0.7250280583613917,387.84736251402916,891,0.7037037037037037,379.4231200897868,2906,0,0,83.67203092575073,ab16711
DR,20,122880,2000,0.1385,307.427,0.0,1000,0.001,133.716,1000,0.001,133.619,282,0.1276595744680851,300.8936170212766,891,0.001122334455667789,126.82154882154882,891,0.0,125.79012345679013,2906,0,0,83.67203092575073,ab16711
DR,20,184320,2000,0.0695,249.733,0.0,1000,0.0,114.487,1000,0.0,114.376,282,0.06028368794326241,242.82624113475177,891,0.0,109.50841750841751,891,0.0,108.93265993265993,2906,0,0,83.67203092575073,ab16711
DR,20,245760,2000,0.854,487.1435,0.46,1000,0.053,129.486,1000,0.052,133.603,282,0.8546099290780141,487.6666666666667,891,0.002244668911335578,94.2401795735129,891,0.0,89.71941638608305,2906,0,0,83.67203092575073,ab16711
DR,20,307200,2000,0.0555,281.4275,0.0,1000,0.126,223.372,1000,0.128,224.478,282,0.07092198581560284,285.3829787234043,891,0.09427609427609428,201.49943883277217,891,0.08866442199775533,200.17957351290684,2906,0,0,83.67203092575073,ab16711
DR,20,368640,2000,0.053,254.464,0.0,1000,0.007,143.138,1000,0.008,146.199,282,0.04964539007092199,249.90070921985816,891,0.003367003367003367,135.60157126823793,891,0.001122334455667789,131.47923681257015,2906,0,0,83.67203092575073,ab16711
DR,20,430080,2000,0.9805,496.649,0.805,1000,0.92,473.189,1000,0.917,471.462,282,0.9787234042553191,494.39716312056737,891,0.8810325476992144,452.8428731762065,891,0.8731762065095399,448.9854096520763,2906,0,0,83.67203092575073,ab16711
DR,20,491520,2000,0.997,499.16,0.97,1000,0.759,404.233,1000,0.772,412.866,282,0.9964539007092199,498.8936170212766,891,0.6868686868686869,369.3591470258137,891,0.6655443322109988,360.19191919191917,2906,0,0,83.67203092575073,ab16711
DR,20,552960,2000,0.995,497.824,0.95,1000,0.153,129.059,1000,0.145,125.332,282,0.9893617021276596,495.28723404255317,891,0.016835016835016835,69.05723905723906,891,0.013468013468013467,67.99102132435466,2906,0,0,83.67203092575073,ab16711
DR,20,614400,2000,0.9985,499.4175,0.985,1000,0.463,272.924,1000,0.445,267.237,282,0.9858156028368794,496.23758865248226,891,0.3164983164983165,209.24466891133557,891,0.30976430976430974,205.5398428731762,2906,0,0,83.67203092575073,ab16711
DR,22,0,2000,0.0,28.856,0.0,1000,0.0,17.409,1000,0.0,17.123,282,0.0,28.56382978723404,891,0.0,17.72166105499439,891,0.0,17.708193041526375,3493,0,0,62.38325309753418,ab16711
DR,22,61440,2000,0.069,222.6145,0.0,1000,0.0,102.798,1000,0.0,102.765,282,0.04964539007092199,216.4255319148936,891,0.0,100.60942760942761,891,0.0,100.23793490460157,3493,0,0,62.38325309753418,ab16711
DR,22,122880,2000,0.084,259.3375,0.0,1000,0.0,116.089,1000,0.0,116.056,282,0.07801418439716312,253.24822695035462,891,0.0,111.33894500561168,891,0.0,110.8574635241302,3493,0,0,62.38325309753418,ab16711
DR,22,184320,2000,0.1815,318.3965,0.0,1000,0.012,152.998,1000,0.014,152.323,282,0.1524822695035461,313.77659574468083,891,0.001122334455667789,138.33221099887766,891,0.0,137.16498316498317,3493,0,0,62.38325309753418,ab16711
DR,22,245760,2000,0.0225,220.374,0.0,1000,0.027,176.744,1000,0.035,177.732,282,0.03546099290780142,225.4822695035461,891,0.03367003367003367,163.4388327721661,891,0.019079685746352413,160.16161616161617,3493,0,0,62.38325309753418,ab16711
DR,22,307200,2000,0.0405,293.5025,0.0,1000,0.101,186.145,1000,0.106,182.688,282,0.0673758865248227,298.8900709219858,891,0.04264870931537598,140.5263748597082,891,0.07407407407407407,153.60044893378227,3493,0,0,62.38325309753418,ab16711
DR,22,368640,2000,0.9825,497.575,0.825,1000,0.932,476.24,1000,0.924,472.938,282,0.9787234042553191,495.07092198581563,891,0.8922558922558923,456.6273849607183,891,0.877665544332211,450.1054994388328,3493,0,0,62.38325309753418,ab16711
DR,22,430080,2000,0.022,195.3325,0.0,1000,0.002,120.258,1000,0.001,119.574,282,0.024822695035460994,193.19148936170214,891,0.0,112.9371492704826,891,0.0,112.31313131313131,3493,0,0,62.38325309753418,ab16711
DR,22,491520,2000,0.109,280.0075,0.0,1000,0.007,139.673,1000,0.007,138.571,282,0.09929078014184398,277.52836879432624,891,0.0,127.34567901234568,891,0.0,126.64646464646465,3493,0,0,62.38325309753418,ab16711
DR,22,552960,2000,0.0905,257.576,0.0,1000,0.004,131.332,1000,0.007,130.89,282,0.0673758865248227,252.21985815602838,891,0.0,120.71156004489337,891,0.0,119.92143658810325,3493,0,0,62.38325309753418,ab16711
DR,22,614400,2000,0.2065,400.0735,0.0,1000,0.443,313.586,1000,0.446,316.695,282,0.23404255319148937,401.3333333333333,891,0.4051627384960718,293.4691358024691,891,0.40179573512906847,291.66329966329965,3493,0,0,62.38325309753418,ab16711
DR,21,0,2000,0.0,16.19,0.0,1000,0.0,48.168,1000,0.0,47.56,282,0.0,16.54964539007092,891,0.0,51.866442199775534,891,0.0,52.52413019079686,2657,0,0,64.5872220993042,ab16711
DR,21,61440,2000,0.209,327.5565,0.0,1000,0.002,140.995,1000,0.002,140.107,282,0.16666666666666666,317.9645390070922,891,0.0,131.75533108866443,891,0.0,130.6206509539843,2657,0,0,64.5872220993042,ab16711
DR,21,122880,2000,0.9845,497.4845,0.845,1000,0.957,482.838,1000,0.958,483.404,282,0.9964539007092199,498.48581560283685,891,0.9147025813692481,464.9652076318743,891,0.8933782267115601,456.7519640852974,2657,0,0,64.5872220993042,ab16711
DR,21,184320,2000,0.928,491.0895,0.55,1000,0.887,474.021,1000,0.865,471.546,282,0.9539007092198581,491.1276595744681,891,0.8204264870931538,453.2166105499439,891,0.8092031425364759,449.1863075196409,2657,0,0,64.5872220993042,ab16711
DR,21,245760,2000,0.0215,183.734,0.0,1000,0.003,119.555,1000,0.003,119.29,282,0.03900709219858156,186.5212765957447,891,0.0,113.14029180695847,891,0.0,112.41975308641975,2657,0,0,64.5872220993042,ab16711
DR,21,307200,2000,0.536,465.217,0.1,1000,0.092,190.026,1000,0.082,185.195,282,0.5602836879432624,464.1950354609929,891,0.015712682379349047,149.07519640852973,891,0.008978675645342313,140.59034792368126,2657,0,0,64.5872220993042,ab16711
DR,21,368640,2000,0.9975,499.0375,0.975,1000,0.268,185.731,1000,0.273,186.164,282,0.9893617021276596,495.38652482269504,891,0.09876543209876543,110.54769921436588,891,0.1122334455667789,115.17396184062851,2657,0,0,64.5872220993042,ab16711
DR,21,430080,2000,0.9785,494.8075,0.785,1000,0.688,380.015,1000,0.682,378.076,282,0.9716312056737588,492.1489361702128,891,0.5948372615039281,339.29517396184065,891,0.5892255892255892,337.18967452300785,2657,0,0,64.5872220993042,ab16711
DR,21,491520,2000,0.807,467.5395,0.23,1000,0.013,186.803,1000,0.015,185.052,282,0.7588652482269503,454.7588652482269,891,0.0,167.58473625140292,891,0.003367003367003367,163.49270482603816,2657,0,0,64.5872220993042,ab16711
DR,21,552960,2000,0.7165,477.1815,0.215,1000,0.047,183.44,1000,0.055,186.266,282,0.6737588652482269,468.5248226950355,891,0.03479236812570146,153.0942760942761,891,0.03254769921436588,153.43995510662177,2657,0,0,64.5872220993042,ab16711
DR,21,614400,2000,0.9945,498.5445,0.945,1000,0.46,276.986,1000,0.459,278.651,282,0.9822695035460993,495.2340425531915,891,0.3063973063973064,209.54096520763187,891,0.2996632996632997,207.46576879910214,2657,0,0,64.5872220993042,ab16711
DR,23,0,2000,0.0,10.5555,0.0,1000,0.0,10.759,1000,0.0,10.797,282,0.0,10.159574468085106,891,0.0,11.151515151515152,891,0.0,11.033670033670033,2736,0,0,64.17045283317566,ab16711
DR,23,61440,2000,0.0525,232.084,0.0,1000,0.0,124.111,1000,0.0,123.986,282,0.0425531914893617,225.77659574468086,891,0.0,118.05948372615039,891,0.0,117.37485970819304,2736,0,0,64.17045283317566,ab16711
DR,23,122880,2000,0.0115,175.3055,0.0,1000,0.002,118.269,1000,0.005,118.322,282,0.014184397163120567,173.45035460992906,891,0.0,111.60942760942761,891,0.0,110.94388327721661,2736,0,0,64.17045283317566,ab16711
DR,23,184320,2000,0.0305,247.0445,0.0,1000,0.247,258.228,1000,0.233,257.521,282,0.04964539007092199,253.79432624113474,891,0.21773288439955107,238.0561167227834,891,0.22109988776655443,237.8361391694725,2736,0,0,64.17045283317566,ab16711
DR,23,245760,2000,0.5975,435.116,0.17,1000,0.238,273.83,1000,0.224,273.444,282,0.6347517730496454,437.23758865248226,891,0.1728395061728395,246.72727272727272,891,0.1728395061728395,245.70482603815938,2736,0,0,64.17045283317566,ab16711
DR,23,307200,2000,0.9865,497.9295,0.865,1000,0.963,487.49,1000,0.955,486.234,282,0.9929078014184397,498.2482269503546,891,0.9191919191919192,467.8810325476992,891,0.9068462401795735,462.638608305275,2736,0,0,64.17045283317566,ab16711
DR,23,368640,2000,0.9935,498.669,0.935,1000,0.93,474.95,1000,0.934,475.82,282,0.9893617021276596,498.08156028368796,891,0.8978675645342312,458.013468013468,891,0.8720538720538721,447.7878787878788,2736,0,0,64.17045283317566,ab16711
DR,23,430080,2000,0.9785,497.248,0.785,1000,0.882,457.328,1000,0.883,460.096,282,0.975177304964539,494.28014184397165,891,0.8540965207631874,440.24017957351293,891,0.8428731762065096,435.74747474747477,2736,0,0,64.17045283317566,ab16711
DR,23,491520,2000,0.9985,499.359,0.985,1000,0.606,334.005,1000,0.631,345.646,282,0.9964539007092199,498.531914893617,891,0.4837261503928171,280.8047138047138,891,0.4478114478114478,265.58249158249157,2736,0,0,64.17045283317566,ab16711
DR,23,552960,2000,0.9755,496.784,0.755,1000,0.375,234.643,1000,0.379,237.168,282,0.9645390070921985,492.48936170212767,891,0.2828282828282828,188.2783389450056,891,0.28058361391694725,187.3804713804714,2736,0,0,64.17045283317566,ab16711
DR,23,614400,2000,0.989,495.1065,0.89,1000,0.098,101.741,1000,0.091,97.92,282,0.9893617021276596,495.2482269503546,891,0.002244668911335578,59.03591470258137,891,0.003367003367003367,59.23232323232323,2736,0,0,64.17045283317566,ab16711
DR,24,0,2000,0.0,29.7275,0.0,1000,0.0,35.429,1000,0.0,36.71,282,0.0,28.343971631205672,891,0.0,38.18742985409652,891,0.0,37.739618406285075,2899,0,0,64.30666613578796,ab16711
DR,24,61440,2000,0.215,332.31,0.0,1000,0.0,146.102,1000,0.001,145.983,282,0.22695035460992907,326.5425531914894,891,0.0,137.9090909090909,891,0.0,136.50392817059483,2899,0,0,64.30666613578796,ab16711
DR,24,122880,2000,0.4695,420.204,0.0,1000,0.207,299.407,1000,0.21,301.517,282,0.43617021276595747,411.64539007092196,891,0.1728395061728395,284.8136924803591,891,0.16498316498316498,283.307519640853,2899,0,0,64.30666613578796,ab16711
DR,24,184320,2000,0.755,474.3715,0.33,1000,0.461,362.016,1000,0.461,361.433,282,0.7304964539007093,469.7517730496454,891,0.4500561167227834,349.52300785634117,891,0.4511784511784512,349.8002244668911,2899,0,0,64.30666613578796,ab16711
DR,24,245760,2000,0.0395,306.76,0.0,1000,0.011,119.023,1000,0.018,122.952,282,0.03546099290780142,302.0,891,0.001122334455667789,104.97979797979798,891,0.003367003367003367,105.4320987654321,2899,0,0,64.30666613578796,ab16711
DR,24,307200,2000,0.0205,179.759,0.0,1000,0.002,120.914,1000,0.007,121.906,282,0.03900709219858156,183.9468085106383,891,0.001122334455667789,114.17396184062851,891,0.0,113.28170594837262,2899,0,0,64.30666613578796,ab16711
DR,24,368640,2000,0.1365,297.052,0.0,1000,0.001,123.149,1000,0.002,123.345,282,0.14893617021276595,291.6489361702128,891,0.0,115.87429854096521,891,0.0,115.11447811447812,2899,0,0,64.30666613578796,ab16711
DR,24,430080,2000,0.997,499.016,0.97,1000,0.426,252.705,1000,0.428,255.929,282,0.9929078014184397,496.968085106383,891,0.3333333333333333,210.44444444444446,891,0.3254769921436588,206.92704826038158,2899,0,0,64.30666613578796,ab16711
DR,24,491520,2000,0.9785,496.338,0.785,1000,0.287,195.164,1000,0.285,195.03,282,0.9680851063829787,492.2163120567376,891,0.17732884399551066,142.63524130190797,891,0.19304152637485972,148.73625140291807,2899,0,0,64.30666613578796,ab16711
DR,24,552960,2000,0.999,499.6525,0.99,1000,0.833,431.49,1000,0.83,432.445,282,0.9893617021276596,497.2659574468085,891,0.7530864197530864,397.1492704826038,891,0.7295173961840629,387.66329966329965,2899,0,0,64.30666613578796,ab16711
DR,24,614400,2000,0.995,497.8365,0.95,1000,0.081,94.115,1000,0.071,89.39,282,0.9858156028368794,494.8936170212766,891,0.002244668911335578,58.84287317620651,891,0.001122334455667789,58.439955106621774,2899,0,0,64.30666613578796,ab16711
DR,25,0,2000,0.0,38.355,0.0,1000,0.0,39.502,1000,0.0,39.947,282,0.0,35.812056737588655,891,0.0,40.79124579124579,891,0.0,41.674523007856344,2654,0,0,65.5001482963562,ab16711
DR,25,61440,2000,0.281,354.911,0.0,1000,0.003,162.185,1000,0.005,163.289,282,0.25177304964539005,342.5,891,0.0,151.47586980920315,891,0.001122334455667789,149.84062850729518,2654,0,0,65.5001482963562,ab16711
DR,25,122880,2000,0.648,461.3085,0.195,1000,0.067,225.809,1000,0.056,227.263,282,0.6205673758865248,455.15602836879435,891,0.031425364758698095,196.15937149270482,891,0.030303030303030304,185.4736251402918,2654,0,0,65.5001482963562,ab16711
DR,25,184320,2000,0.0655,247.5435,0.0,1000,0.001,119.32,1000,0.002,119.177,282,0.06382978723404255,242.24822695035462,891,0.0,113.31313131313131,891,0.0,112.63299663299664,2654,0,0,65.5001482963562,ab16711
DR,25,245760,2000,0.0445,233.707,0.0,1000,0.005,134.545,1000,0.006,134.541,282,0.028368794326241134,228.67375886524823,891,0.0,125.72615039281706,891,0.001122334455667789,126.40852974186308,2654,0,0,65.5001482963562,ab16711
DR,25,307200,2000,0.929,491.851,0.59,1000,0.409,354.535,1000,0.401,353.228,282,0.9326241134751773,491.9751773049645,891,0.3658810325476992,329.30415263748597,891,0.35353535353535354,322.1257014590348,2654,0,0,65.5001482963562,ab16711
DR,25,368640,2000,0.413,397.7825,0.0,1000,0.01,178.586,1000,0.012,179.403,282,0.40070921985815605,388.9929078014184,891,0.004489337822671156,166.20089786756452,891,0.002244668911335578,165.13019079685748,2654,0,0,65.5001482963562,ab16711
DR,25,430080,2000,0.974,496.15,0.74,1000,0.95,486.426,1000,0.958,488.439,282,0.9787234042553191,495.88652482269504,891,0.9450056116722784,478.4870931537598,891,0.9438832772166106,477.9820426487093,2654,0,0,65.5001482963562,ab16711
DR,25,491520,2000,0.9095,488.8285,0.395,1000,0.825,438.241,1000,0.821,436.621,282,0.9148936170212766,486.18794326241135,891,0.7822671156004489,414.4410774410774,891,0.7845117845117845,414.9057239057239,2654,0,0,65.5001482963562,ab16711
DR,25,552960,2000,0.9985,499.354,0.985,1000,0.327,206.214,1000,0.323,205.173,282,0.9964539007092199,498.3936170212766,891,0.23681257014590348,167.70145903479238,891,0.2031425364758698,152.40740740740742,2654,0,0,65.5001482963562,ab16711
DR,25,614400,2000,0.9985,499.468,0.985,1000,0.325,210.791,1000,0.333,214.056,282,0.9858156028368794,495.07092198581563,891,0.20089786756453423,153.96296296296296,891,0.21997755331088664,161.31986531986533,2654,0,0,65.5001482963562,ab16711
DR,27,0,2000,0.0,32.794,0.0,1000,0.0,16.454,1000,0.0,16.217,282,0.0,32.42553191489362,891,0.0,16.723905723905723,891,0.0,16.693602693602692,2788,0,0,63.36219501495361,ab16711
DR,27,61440,2000,0.1195,266.2935,0.0,1000,0.001,112.444,1000,0.0,111.971,282,0.09929078014184398,257.0886524822695,891,0.0,108.08080808080808,891,0.0,107.37934904601572,2788,0,0,63.36219501495361,ab16711
DR,27,122880,2000,0.264,369.097,0.0,1000,0.003,156.189,1000,0.005,156.689,282,0.24822695035460993,362.0496453900709,891,0.0,145.3804713804714,891,0.0,143.09876543209876,2788,0,0,63.36219501495361,ab16711
DR,27,184320,2000,0.0585,235.1605,0.0,1000,0.002,117.604,1000,0.003,117.99,282,0.0673758865248227,227.0212765957447,891,0.0,111.91919191919192,891,0.0,111.41189674523008,2788,0,0,63.36219501495361,ab16711
DR,27,245760,2000,0.353,369.5485,0.0,1000,0.005,142.57,1000,0.01,144.214,282,0.3262411347517731,358.32978723404256,891,0.0,132.26936026936028,891,0.0,131.0347923681257,2788,0,0,63.36219501495361,ab16711
DR,27,307200,2000,0.982,496.952,0.82,1000,0.858,445.939,1000,0.846,441.897,282,0.975177304964539,494.4326241134752,891,0.7968574635241302,417.5634118967452,891,0.7946127946127947,416.70482603815935,2788,0,0,63.36219501495361,ab16711
DR,27,368640,2000,0.962,493.0205,0.62,1000,0.676,391.456,1000,0.673,390.928,282,0.9716312056737588,495.5,891,0.5869809203142536,356.0314253647587,891,0.5847362514029181,354.9034792368126,2788,0,0,63.36219501495361,ab16711
DR,27,430080,2000,0.9875,498.131,0.875,1000,0.775,411.844,1000,0.796,420.179,282,0.9858156028368794,496.34751773049646,891,0.7138047138047138,379.979797979798,891,0.6936026936026936,372.65656565656565,2788,0,0,63.36219501495361,ab16711
DR,27,491520,2000,0.9985,499.345,0.985,1000,0.137,125.603,1000,0.147,130.453,282,0.9893617021276596,495.4255319148936,891,0.010101010101010102,67.67340067340068,891,0.010101010101010102,67.42199775533109,2788,0,0,63.36219501495361,ab16711
DR,27,552960,2000,0.9965,498.509,0.965,1000,0.077,95.11,1000,0.081,96.567,282,0.9858156028368794,494.40070921985813,891,0.002244668911335578,60.245791245791246,891,0.001122334455667789,59.78226711560045,2788,0,0,63.36219501495361,ab16711
DR,27,614400,2000,0.9985,499.3485,0.985,1000,0.272,183.237,1000,0.275,184.93,282,0.9964539007092199,498.40070921985813,891,0.13692480359147025,124.4983164983165,891,0.1335578002244669,122.15488215488216,2788,0,0,63.36219501495361,ab16711
DR,28,0,2000,0.0,16.8255,0.0,1000,0.0,67.498,1000,0.0,68.409,282,0.0,17.617021276595743,891,0.0,70.23456790123457,891,0.0,69.72390572390573,2914,0,0,63.378889083862305,ab16711
DR,28,61440,2000,0.0605,229.0925,0.0,1000,0.002,125.202,1000,0.006,123.715,282,0.0425531914893617,223.58510638297872,891,0.0,115.55443322109988,891,0.0,114.5712682379349,2914,0,0,63.378889083862305,ab16711
DR,28,122880,2000,0.101,266.9665,0.0,1000,0.001,117.616,1000,0.0,117.302,282,0.08156028368794327,254.9468085106383,891,0.0,112.19416386083053,891,0.0,111.57912457912458,2914,0,0,63.378889083862305,ab16711
DR,28,184320,2000,0.028,208.6305,0.0,1000,0.004,126.723,1000,0.003,126.417,282,0.0425531914893617,207.53546099290782,891,0.0,117.86531986531986,891,0.0,117.14141414141415,2914,0,0,63.378889083862305,ab16711
DR,28,245760,2000,0.0665,263.486,0.0,1000,0.002,133.509,1000,0.001,133.569,282,0.0673758865248227,254.26241134751774,891,0.0,126.94163860830527,891,0.0,126.09988776655443,2914,0,0,63.378889083862305,ab16711
DR,28,307200,2000,0.044,223.2405,0.0,1000,0.002,120.915,1000,0.001,120.454,282,0.04609929078014184,217.14893617021278,891,0.0,113.71829405162738,891,0.0,113.04377104377105,2914,0,0,63.378889083862305,ab16711
DR,28,368640,2000,0.9725,496.401,0.725,1000,0.93,479.843,1000,0.934,480.01,282,0.9822695035460993,496.6666666666667,891,0.8933782267115601,461.91582491582494,891,0.8933782267115601,459.3265993265993,2914,0,0,63.378889083862305,ab16711
DR,28,430080,2000,0.8195,474.0045,0.365,1000,0.244,263.223,1000,0.237,261.225,282,0.7978723404255319,465.50354609929076,891,0.18855218855218855,235.0942760942761,891,0.17620650953984288,227.76543209876544,2914,0,0,63.378889083862305,ab16711
DR,28,491520,2000,0.987,494.1765,0.87,1000,0.029,66.645,1000,0.03,68.088,282,0.9822695035460993,491.968085106383,891,0.002244668911335578,56.11672278338945,891,0.0,55.65768799102133,2914,0,0,63.378889083862305,ab16711
DR,28,552960,2000,0.9845,495.0445,0.845,1000,0.021,68.016,1000,0.022,70.065,282,0.975177304964539,490.51063829787233,891,0.001122334455667789,57.43322109988777,891,0.0,56.96969696969697,2914,0,0,63.378889083862305,ab16711
DR,28,614400,2000,0.9915,497.8765,0.915,1000,0.519,301.564,1000,0.508,295.86,282,0.9822695035460993,495.51063829787233,891,0.4388327721661055,263.67003367003366,891,0.4489337822671156,266.1773288439955,2914,0,0,63.378889083862305,ab16711
DR,26,0,2000,0.0,12.866,0.0,1000,0.0,26.854,1000,0.0,27.186,282,0.0,12.606382978723405,891,0.0,28.163860830527497,891,0.0,27.99102132435466,2770,0,0,64.50050520896912,ab16711
DR,26,61440,2000,0.4105,363.6225,0.0,1000,0.042,168.015,1000,0.044,166.431,282,0.41843971631205673,364.1595744680851,891,0.02132435465768799,151.2828282828283,891,0.016835016835016835,148.0527497194164,2770,0,0,64.50050520896912,ab16711
DR,26,122880,2000,0.1005,281.908,0.0,1000,0.1,228.424,1000,0.114,227.379,282,0.1099290780141844,274.7695035460993,891,0.07968574635241302,214.8473625140292,891,0.07631874298540965,209.2053872053872,2770,0,0,64.50050520896912,ab16711
DR,26,184320,2000,0.295,363.339,0.0,1000,0.005,155.613,1000,0.005,155.412,282,0.2695035460992908,357.39716312056737,891,0.001122334455667789,144.49046015712682,891,0.0,143.3793490460157,2770,0,0,64.50050520896912,ab16711
DR,26,245760,2000,0.114,261.014,0.0,1000,0.001,116.954,1000,0.002,116.798,282,0.10638297872340426,254.35106382978722,891,0.001122334455667789,109.89113355780023,891,0.0,108.94388327721661,2770,0,0,64.50050520896912,ab16711
DR,26,307200,2000,0.172,312.6155,0.0,1000,0.004,145.418,1000,0.012,145.605,282,0.1595744680851064,307.63120567375887,891,0.0,132.54545454545453,891,0.0,131.60381593714928,2770,0,0,64.50050520896912,ab16711
DR,26,368640,2000,0.586,418.441,0.145,1000,0.041,173.68,1000,0.04,174.749,282,0.5567375886524822,405.24468085106383,891,0.02132435465768799,158.2749719416386,891,0.025813692480359147,155.40628507295173,2770,0,0,64.50050520896912,ab16711
DR,26,430080,2000,0.9985,499.3545,0.985,1000,0.38,235.385,1000,0.362,229.631,282,0.9893617021276596,496.4751773049645,891,0.2255892255892256,168.21099887766553,891,0.1919191919191919,153.96969696969697,2770,0,0,64.50050520896912,ab16711
DR,26,491520,2000,0.9895,498.02,0.895,1000,0.504,318.67,1000,0.497,313.227,282,0.9858156028368794,496.36170212765956,891,0.38047138047138046,263.4118967452301,891,0.36924803591470257,255.08305274971943,2770,0,0,64.50050520896912,ab16711
DR,26,552960,2000,0.9985,499.3775,0.985,1000,0.426,248.774,1000,0.422,247.647,282,0.9929078014184397,498.031914893617,891,0.35802469135802467,219.69809203142538,891,0.34231200897867564,214.2401795735129,2770,0,0,64.50050520896912,ab16711
DR,26,614400,2000,0.9945,497.5685,0.945,1000,0.177,142.629,1000,0.172,141.881,282,0.9929078014184397,496.7730496453901,891,0.06172839506172839,91.04938271604938,891,0.06958473625140292,94.0976430976431,2770,0,0,64.50050520896912,ab16711
DR,29,0,2000,0.0,13.745,0.0,1000,0.0,11.618,1000,0.0,11.751,282,0.0,13.00709219858156,891,0.0,12.103254769921437,891,0.0,11.856341189674524,2623,0,0,64.32685995101929,ab16711
DR,29,61440,2000,0.034,267.6745,0.0,1000,0.324,283.392,1000,0.323,285.853,282,0.05319148936170213,275.0354609929078,891,0.3254769921436588,269.77777777777777,891,0.3400673400673401,270.76206509539844,2623,0,0,64.32685995101929,ab16711
DR,29,122880,2000,0.754,479.302,0.275,1000,0.388,361.402,1000,0.381,358.315,282,0.6843971631205674,473.6170212765957,891,0.3400673400673401,331.08193041526374,891,0.34231200897867564,330.01571268237933,2623,0,0,64.32685995101929,ab16711
DR,29,184320,2000,0.729,478.0535,0.215,1000,0.283,328.852,1000,0.289,331.793,282,0.7021276595744681,477.5851063829787,891,0.23007856341189675,292.7833894500561,891,0.19640852974186307,278.6004489337823,2623,0,0,64.32685995101929,ab16711
DR,29,245760,2000,0.965,495.456,0.66,1000,0.958,486.522,1000,0.961,487.534,282,0.9716312056737588,494.74468085106383,891,0.9337822671156004,473.5016835016835,891,0.9191919191919192,467.4040404040404,2623,0,0,64.32685995101929,ab16711
DR,29,307200,2000,0.26,361.552,0.0,1000,0.002,146.36,1000,0.001,146.299,282,0.25886524822695034,352.3900709219858,891,0.0,137.02020202020202,891,0.0,135.97081930415263,2623,0,0,64.32685995101929,ab16711
DR,29,368640,2000,0.072,242.3145,0.0,1000,0.0,115.299,1000,0.001,115.84,282,0.04964539007092199,233.46808510638297,891,0.0,109.8294051627385,891,0.0,109.22558922558923,2623,0,0,64.32685995101929,ab16711
DR,29,430080,2000,0.9965,499.3345,0.965,1000,0.946,483.189,1000,0.951,484.757,282,0.9893617021276596,496.98581560283685,891,0.9147025813692481,466.3860830527497,891,0.8877665544332211,455.1257014590348,2623,0,0,64.32685995101929,ab16711
DR,29,491520,2000,0.9815,491.7975,0.815,1000,0.029,66.035,1000,0.03,67.455,282,0.9787234042553191,490.50354609929076,891,0.001122334455667789,55.572390572390574,891,0.0,55.18181818181818,2623,0,0,64.32685995101929,ab16711
DR,29,552960,2000,0.995,498.5245,0.95,1000,0.068,91.169,1000,0.065,90.595,282,0.9858156028368794,494.6063829787234,891,0.001122334455667789,59.56677890011223,891,0.002244668911335578,59.78787878787879,2623,0,0,64.32685995101929,ab16711
DR,29,614400,2000,0.988,494.643,0.88,1000,0.031,66.763,1000,0.035,68.412,282,0.9858156028368794,493.63120567375887,891,0.002244668911335578,55.970819304152634,891,0.001122334455667789,55.63860830527497,2623,0,0,64.32685995101929,ab16711
DR,30,0,2000,0.0,30.36,0.0,1000,0.0,36.184,1000,0.0,35.868,282,0.0,30.45390070921986,891,0.0,38.021324354657686,891,0.0,38.397306397306394,2518,0,0,65.56465196609497,ab16711
DR,30,61440,2000,0.4125,395.6625,0.0,1000,0.042,229.669,1000,0.039,229.147,282,0.375886524822695,390.7304964539007,891,0.017957351290684626,210.4803591470258,891,0.016835016835016835,206.3030303030303,2518,0,0,65.56465196609497,ab16711
DR,30,122880,2000,0.176,328.3095,0.0,1000,0.002,148.09,1000,0.003,149.168,282,0.18439716312056736,317.6843971631206,891,0.0,139.79573512906848,891,0.0,138.79685746352413,2518,0,0,65.56465196609497,ab16711
DR,30,184320,2000,0.993,498.995,0.93,1000,0.866,447.156,1000,0.865,447.514,282,0.9858156028368794,496.2836879432624,891,0.797979797979798,418.23569023569024,891,0.7890011223344556,414.97418630751963,2518,0,0,65.56465196609497,ab16711
DR,30,245760,2000,0.026,222.845,0.0,1000,0.022,169.782,1000,0.02,169.133,282,0.031914893617021274,227.42198581560282,891,0.008978675645342313,154.13131313131314,891,0.010101010101010102,152.324354657688,2518,0,0,65.56465196609497,ab16711
DR,30,307200,2000,0.999,499.759,0.99,1000,0.687,371.83,1000,0.673,365.045,282,0.9893617021276596,497.13829787234044,891,0.5454545454545454,310.6026936026936,891,0.5499438832772167,312.4826038159371,2518,0,0,65.56465196609497,ab16711
DR,30,368640,2000,0.9925,498.942,0.925,1000,0.838,436.778,1000,0.803,421.59,282,0.9929078014184397,497.531914893617,891,0.7418630751964085,394.42424242424244,891,0.7362514029180696,391.0381593714927,2518,0,0,65.56465196609497,ab16711
DR,30,430080,2000,0.99,498.623,0.9,1000,0.857,447.206,1000,0.855,446.742,282,0.9929078014184397,498.86879432624113,891,0.8103254769921436,422.3591470258137,891,0.7991021324354658,418.04938271604937,2518,0,0,65.56465196609497,ab16711
DR,30,491520,2000,0.9775,495.6155,0.775,1000,0.311,223.448,1000,0.313,225.319,282,0.9716312056737588,493.7482269503546,891,0.19304152637485972,167.30639730639732,891,0.20987654320987653,172.42312008978675,2518,0,0,65.56465196609497,ab16711
DR,30,552960,2000,0.996,499.3605,0.96,1000,0.832,436.751,1000,0.845,443.251,282,0.9822695035460993,495.1063829787234,891,0.7833894500561167,411.14365881032546,891,0.7710437710437711,405.95735129068464,2518,0,0,65.56465196609497,ab16711
DR,30,614400,2000,0.9935,498.4525,0.935,1000,0.507,302.034,1000,0.502,301.404,282,0.9787234042553191,493.71985815602835,891,0.372615039281706,244.20987654320987,891,0.35241301907968575,235.23793490460156,2518,0,0,65.56465196609497,ab16711
DR,31,0,2000,0.0,12.6555,0.0,1000,0.0,25.278,1000,0.0,25.114,282,0.0,12.453900709219859,891,0.0,26.40740740740741,891,0.0,26.175084175084177,2722,0,0,62.97191405296326,ab16711
DR,31,61440,2000,0.0955,252.092,0.0,1000,0.0,112.885,1000,0.0,111.982,282,0.07092198581560284,243.27304964539007,891,0.0,108.40179573512907,891,0.0,107.49719416386083,2722,0,0,62.97191405296326,ab16711
DR,31,122880,2000,0.2085,347.368,0.0,1000,0.004,118.945,1000,0.005,121.246,282,0.1950354609929078,335.4326241134752,891,0.0,104.05611672278339,891,0.001122334455667789,103.60044893378226,2722,0,0,62.97191405296326,ab16711
DR,31,184320,2000,0.083,256.757,0.0,1000,0.0,117.805,1000,0.0,118.054,282,0.07446808510638298,250.9113475177305,891,0.0,113.14478114478115,891,0.0,112.58024691358025,2722,0,0,62.97191405296326,ab16711
DR,31,245760,2000,0.58,430.5145,0.15,1000,0.171,249.802,1000,0.179,248.362,282,0.549645390070922,419.4468085106383,891,0.13804713804713806,229.7149270482604,891,0.12682379349046016,222.86868686868686,2722,0,0,62.97191405296326,ab16711
DR,31,307200,2000,0.2205,355.9495,0.0,1000,0.146,224.222,1000,0.15,223.904,282,0.19148936170212766,344.70567375886526,891,0.11335578002244669,207.29068462401796,891,0.10998877665544332,201.81705948372615,2722,0,0,62.97191405296326,ab16711
DR,31,368640,2000,0.527,423.392,0.07,1000,0.009,166.886,1000,0.008,166.964,282,0.5212765957446809,418.63475177304963,891,0.001122334455667789,152.02469135802468,891,0.0,150.2884399551066,2722,0,0,62.97191405296326,ab16711
DR,31,430080,2000,0.703,464.231,0.15,1000,0.618,380.357,1000,0.598,374.645,282,0.6879432624113475,457.1666666666667,891,0.5723905723905723,357.7833894500561,891,0.5578002244668911,352.79910213243545,2722,0,0,62.97191405296326,ab16711
DR,31,491520,2000,0.9855,497.3035,0.855,1000,0.906,465.575,1000,0.912,467.491,282,0.9858156028368794,496.6418439716312,891,0.8608305274971941,444.5061728395062,891,0.8552188552188552,442.0987654320988,2722,0,0,62.97191405296326,ab16711
DR,31,552960,2000,0.992,498.6095,0.92,1000,0.891,460.141,1000,0.887,458.279,282,0.9893617021276596,497.2163120567376,891,0.8372615039281706,434.27946127946126,891,0.8372615039281706,433.48597081930416,2722,0,0,62.97191405296326,ab16711
DR,31,614400,2000,0.9905,498.288,0.905,1000,0.892,460.714,1000,0.892,459.48,282,0.9929078014184397,497.7517730496454,891,0.8428731762065096,436.27946127946126,891,0.8383838383838383,434.0628507295174,2722,0,0,62.97191405296326,ab16711
DR,33,0,2000,0.0,15.8475,0.0,1000,0.0,26.583,1000,0.0,25.978,282,0.0,16.131205673758867,891,0.0,28.042648709315376,891,0.0,28.7979797979798,2703,0,0,62.91177797317505,ab16711
DR,33,61440,2000,0.064,242.1035,0.0,1000,0.0,119.402,1000,0.0,119.562,282,0.07092198581560284,234.95744680851064,891,0.0,114.58585858585859,891,0.0,113.87542087542087,2703,0,0,62.91177797317505,ab16711
DR,33,122880,2000,0.0465,228.3355,0.0,1000,0.0,112.761,1000,0.0,113.2,282,0.0425531914893617,225.22340425531914,891,0.0,109.14029180695847,891,0.0,108.68574635241302,2703,0,0,62.91177797317505,ab16711
DR,33,184320,2000,0.9845,497.782,0.845,1000,0.74,392.914,1000,0.748,396.851,282,0.9858156028368794,497.7695035460993,891,0.6397306397306397,349.2693602693603,891,0.6139169472502806,338.07182940516276,2703,0,0,62.91177797317505,ab16711
DR,33,245760,2000,0.9765,496.5685,0.765,1000,0.081,104.179,1000,0.08,105.037,282,0.9787234042553191,493.6276595744681,891,0.003367003367003367,64.07519640852975,891,0.008978675645342313,65.9057239057239,2703,0,0,62.91177797317505,ab16711
DR,33,307200,2000,0.9785,497.172,0.785,1000,0.434,261.55,1000,0.437,265.258,282,0.9822695035460993,495.21276595744683,891,0.31986531986531985,207.03591470258138,891,0.31200897867564537,202.98765432098764,2703,0,0,62.91177797317505,ab16711
DR,33,368640,2000,0.0125,174.752,0.0,1000,0.005,126.068,1000,0.004,126.399,282,0.01773049645390071,175.34397163120568,891,0.0,117.8675645342312,891,0.001122334455667789,117.15039281705948,2703,0,0,62.91177797317505,ab16711
DR,33,430080,2000,0.984,493.576,0.84,1000,0.017,66.359,1000,0.02,68.143,282,0.975177304964539,489.86524822695037,891,0.0,56.45454545454545,891,0.0,56.11896745230079,2703,0,0,62.91177797317505,ab16711
DR,33,491520,2000,0.999,499.574,0.99,1000,0.709,378.993,1000,0.727,387.309,282,0.9929078014184397,497.7340425531915,891,0.6127946127946128,336.7497194163861,891,0.5757575757575758,320.60381593714925,2703,0,0,62.91177797317505,ab16711
DR,33,552960,2000,0.9935,497.131,0.935,1000,0.064,87.781,1000,0.069,90.476,282,0.9858156028368794,493.7517730496454,891,0.005611672278338945,61.280583613916946,891,0.005611672278338945,61.941638608305276,2703,0,0,62.91177797317505,ab16711
DR,33,614400,2000,0.995,497.8255,0.95,1000,0.079,93.836,1000,0.073,90.774,282,0.9893617021276596,495.27659574468083,891,0.002244668911335578,58.8327721661055,891,0.001122334455667789,58.4287317620651,2703,0,0,62.91177797317505,ab16711
DR,34,0,2000,0.0,32.6305,0.0,1000,0.0,41.691,1000,0.0,40.453,282,0.0,32.43617021276596,891,0.0,43.221099887766556,891,0.0,43.68574635241302,2862,0,0,62.89483070373535,ab16711
DR,34,61440,2000,0.101,272.7495,0.0,1000,0.0,125.973,1000,0.0,126.093,282,0.10283687943262411,270.49645390070924,891,0.0,121.13131313131314,891,0.0,120.17171717171718,2862,0,0,62.89483070373535,ab16711
DR,34,122880,2000,0.028,182.005,0.0,1000,0.003,109.18,1000,0.002,108.399,282,0.02127659574468085,174.43971631205673,891,0.0,102.8013468013468,891,0.0,102.26038159371492,2862,0,0,62.89483070373535,ab16711
DR,34,184320,2000,0.0105,184.077,0.0,1000,0.001,122.83,1000,0.0,121.966,282,0.0035460992907801418,180.9964539007092,891,0.0,116.21997755331088,891,0.0,115.3097643097643,2862,0,0,62.89483070373535,ab16711
DR,34,245760,2000,0.076,265.2405,0.0,1000,0.002,135.301,1000,0.004,136.0,282,0.06382978723404255,256.47163120567376,891,0.0,127.93827160493827,891,0.0,126.5959595959596,2862,0,0,62.89483070373535,ab16711
DR,34,307200,2000,0.964,495.9065,0.66,1000,0.596,335.957,1000,0.584,330.385,282,0.975177304964539,497.87943262411346,891,0.4601571268237935,275.4635241301908,891,0.4511784511784512,273.1189674523008,2862,0,0,62.89483070373535,ab16711
DR,34,368640,2000,0.99,498.312,0.9,1000,0.914,467.539,1000,0.914,469.627,282,0.9858156028368794,497.06382978723406,891,0.8720538720538721,448.28619528619527,891,0.8698092031425365,447.280583613917,2862,0,0,62.89483070373535,ab16711
DR,34,430080,2000,0.9985,499.479,0.985,1000,0.608,337.088,1000,0.593,331.94,282,0.9929078014184397,496.99645390070924,891,0.4556677890011223,271.75982042648707,891,0.43434343434343436,262.4141414141414,2862,0,0,62.89483070373535,ab16711
DR,34,491520,2000,0.997,499.681,0.97,1000,0.805,421.608,1000,0.777,409.662,282,0.9964539007092199,498.4432624113475,891,0.7014590347923682,375.05162738496074,891,0.7048260381593715,377.4523007856341,2862,0,0,62.89483070373535,ab16711
DR,34,552960,2000,0.9855,498.0245,0.855,1000,0.902,463.997,1000,0.893,460.611,282,0.9822695035460993,496.6985815602837,891,0.8540965207631874,440.3591470258137,891,0.8383838383838383,433.93602693602696,2862,0,0,62.89483070373535,ab16711
DR,34,614400,2000,0.9985,499.352,0.985,1000,0.209,159.541,1000,0.211,161.998,282,0.9929078014184397,497.28723404255317,891,0.07631874298540965,100.19079685746352,891,0.07968574635241302,100.03030303030303,2862,0,0,62.89483070373535,ab16711
DR,32,0,2000,0.0,34.1565,0.0,1000,0.0,33.63,1000,0.0,32.052,282,0.0,34.58510638297872,891,0.0,33.83726150392817,891,0.0,34.582491582491585,2719,0,0,64.20122694969177,ab16711
DR,32,61440,2000,0.152,296.629,0.0,1000,0.0,126.039,1000,0.0,125.641,282,0.14184397163120568,292.56382978723406,891,0.0,119.90796857463525,891,0.0,118.9304152637486,2719,0,0,64.20122694969177,ab16711
DR,32,122880,2000,0.1365,316.445,0.0,1000,0.019,161.5,1000,0.013,159.681,282,0.1347517730496454,308.6737588652482,891,0.004489337822671156,141.26262626262627,891,0.003367003367003367,139.06958473625141,2719,0,0,64.20122694969177,ab16711
DR,32,184320,2000,0.8875,482.777,0.42,1000,0.14,273.839,1000,0.156,273.523,282,0.8865248226950354,482.1808510638298,891,0.0931537598204265,244.24915824915826,891,0.07856341189674523,237.3793490460157,2719,0,0,64.20122694969177,ab16711
DR,32,245760,2000,0.337,348.717,0.0,1000,0.002,125.552,1000,0.006,126.955,282,0.2978723404255319,333.40425531914894,891,0.0,117.60942760942761,891,0.001122334455667789,117.03254769921436,2719,0,0,64.20122694969177,ab16711
DR,32,307200,2000,0.9555,492.6655,0.605,1000,0.859,445.79,1000,0.838,437.842,282,0.9539007092198581,492.4929078014184,891,0.7901234567901234,415.2053872053872,891,0.7867564534231201,413.92255892255895,2719,0,0,64.20122694969177,ab16711
DR,32,368640,2000,0.762,452.2515,0.19,1000,0.134,219.575,1000,0.132,219.913,282,0.7446808510638298,440.87943262411346,891,0.09539842873176206,200.72727272727272,891,0.09539842873176206,194.24130190796856,2719,0,0,64.20122694969177,ab16711
DR,32,430080,2000,0.9245,491.137,0.445,1000,0.946,482.104,1000,0.938,480.018,282,0.9361702127659575,490.2269503546099,891,0.9124579124579124,465.1952861952862,891,0.8866442199775533,454.47699214365883,2719,0,0,64.20122694969177,ab16711
DR,32,491520,2000,0.9985,499.3665,0.985,1000,0.391,240.405,1000,0.382,236.059,282,0.9929078014184397,496.99645390070924,891,0.23793490460157127,172.34343434343435,891,0.20763187429854096,160.8181818181818,2719,0,0,64.20122694969177,ab16711
DR,32,552960,2000,0.9845,493.0215,0.845,1000,0.031,66.374,1000,0.035,68.039,282,0.975177304964539,488.72340425531917,891,0.002244668911335578,55.72615039281706,891,0.001122334455667789,55.40852974186308,2719,0,0,64.20122694969177,ab16711
DR,32,614400,2000,0.985,493.2455,0.85,1000,0.031,66.521,1000,0.034,68.089,282,0.9787234042553191,490.37943262411346,891,0.001122334455667789,55.721661054994385,891,0.001122334455667789,55.51851851851852,2719,0,0,64.20122694969177,ab16711
DR,35,0,2000,0.0,46.1035,0.0,1000,0.0,18.193,1000,0.0,18.112,282,0.0,46.184397163120565,891,0.0,18.300785634118967,891,0.0,18.14702581369248,2651,0,0,63.26317119598389,ab16711
DR,35,61440,2000,0.054,222.402,0.0,1000,0.0,106.479,1000,0.0,106.245,282,0.03546099290780142,214.04255319148936,891,0.0,103.7003367003367,891,0.0,103.15488215488216,2651,0,0,63.26317119598389,ab16711
DR,35,122880,2000,0.0615,226.136,0.0,1000,0.0,106.373,1000,0.0,106.279,282,0.07092198581560284,221.7304964539007,891,0.0,103.63973063973064,891,0.0,103.25476992143659,2651,0,0,63.26317119598389,ab16711
DR,35,184320,2000,0.342,402.578,0.0,1000,0.047,166.315,1000,0.049,171.87,282,0.3120567375886525,392.2730496453901,891,0.020202020202020204,144.20089786756452,891,0.020202020202020204,134.30078563411897,2651,0,0,63.26317119598389,ab16711
DR,35,245760,2000,0.954,494.5465,0.67,1000,0.512,408.925,1000,0.533,410.465,282,0.925531914893617,490.2659574468085,891,0.43209876543209874,377.4556677890011,891,0.4264870931537598,371.7003367003367,2651,0,0,63.26317119598389,ab16711
DR,35,307200,2000,0.979,496.837,0.79,1000,0.106,108.37,1000,0.104,108.212,282,0.9893617021276596,496.6950354609929,891,0.030303030303030304,73.77104377104376,891,0.029180695847362513,73.48035914702581,2651,0,0,63.26317119598389,ab16711
DR,35,368640,2000,0.9665,495.7315,0.675,1000,0.82,427.098,1000,0.817,426.976,282,0.9787234042553191,497.2482269503546,891,0.745230078563412,393.652076318743,891,0.7239057239057239,385.50056116722783,2651,0,0,63.26317119598389,ab16711
DR,35,430080,2000,0.961,491.0295,0.645,1000,0.038,76.578,1000,0.037,75.993,282,0.9787234042553191,493.1985815602837,891,0.001122334455667789,56.7665544332211,891,0.0,56.57351290684624,2651,0,0,63.26317119598389,ab16711
DR,35,491520,2000,0.97,494.0495,0.7,1000,0.022,71.17,1000,0.032,75.642,282,0.9645390070921985,488.63120567375887,891,0.0,58.82491582491583,891,0.002244668911335578,59.180695847362514,2651,0,0,63.26317119598389,ab16711
DR,35,552960,2000,0.999,499.635,0.99,1000,0.663,359.996,1000,0.654,355.41,282,0.9964539007092199,498.4432624113475,891,0.5207631874298541,297.80583613916946,891,0.5241301907968574,298.8675645342312,2651,0,0,63.26317119598389,ab16711
DR,35,614400,2000,0.9965,498.467,0.965,1000,0.072,88.721,1000,0.066,85.959,282,0.9893617021276596,495.27659574468083,891,0.002244668911335578,58.35578002244669,891,0.001122334455667789,58.021324354657686,2651,0,0,63.26317119598389,ab16711
DR,36,0,2000,0.0,44.3235,0.0,1000,0.0,19.039,1000,0.0,18.975,282,0.0,43.52836879432624,891,0.0,19.19753086419753,891,0.0,19.09203142536476,2639,0,0,64.14013814926147,ab16711
DR,36,61440,2000,0.1075,283.0555,0.0,1000,0.001,138.175,1000,0.002,137.409,282,0.1276595744680851,278.677304964539,891,0.0,129.36026936026937,891,0.0,128.41301907968574,2639,0,0,64.14013814926147,ab16711
DR,36,122880,2000,0.627,452.4495,0.125,1000,0.012,221.266,1000,0.009,221.634,282,0.6205673758865248,448.5921985815603,891,0.002244668911335578,204.34567901234567,891,0.001122334455667789,202.65993265993265,2639,0,0,64.14013814926147,ab16711
DR,36,184320,2000,0.94,494.0625,0.635,1000,0.13,271.76,1000,0.116,268.98,282,0.9184397163120568,490.0567375886525,891,0.07295173961840629,223.6206509539843,891,0.06509539842873176,216.16947250280583,2639,0,0,64.14013814926147,ab16711
DR,36,245760,2000,0.77,457.355,0.195,1000,0.324,240.786,1000,0.322,240.493,282,0.7588652482269503,452.2695035460993,891,0.26936026936026936,214.40965207631874,891,0.2671156004489338,212.77216610549945,2639,0,0,64.14013814926147,ab16711
DR,36,307200,2000,0.131,279.6985,0.0,1000,0.004,142.768,1000,0.005,142.783,282,0.10283687943262411,268.92907801418437,891,0.001122334455667789,131.65993265993265,891,0.0,130.01234567901236,2639,0,0,64.14013814926147,ab16711
DR,36,368640,2000,0.994,498.957,0.94,1000,0.952,486.518,1000,0.949,485.298,282,0.9858156028368794,495.60283687943263,891,0.9259259259259259,470.67003367003366,891,0.9057239057239057,462.18742985409654,2639,0,0,64.14013814926147,ab16711
DR,36,430080,2000,0.9955,498.2685,0.955,1000,0.113,115.958,1000,0.122,120.637,282,0.9893617021276596,495.4148936170213,891,0.020202020202020204,71.16947250280583,891,0.017957351290684626,70.89113355780023,2639,0,0,64.14013814926147,ab16711
DR,36,491520,2000,0.994,497.3555,0.94,1000,0.154,131.542,1000,0.144,127.324,282,0.9822695035460993,493.4645390070922,891,0.019079685746352413,72.37822671156005,891,0.017957351290684626,71.28956228956228,2639,0,0,64.14013814926147,ab16711
DR,36,552960,2000,0.1655,287.1,0.0,1000,0.005,175.698,1000,0.004,173.052,282,0.14893617021276595,276.09929078014187,891,0.0,162.75420875420875,891,0.0,161.9584736251403,2639,0,0,64.14013814926147,ab16711
DR,36,614400,2000,0.994,499.1165,0.94,1000,0.878,456.211,1000,0.856,448.505,282,0.9822695035460993,495.56382978723406,891,0.819304152637486,427.5959595959596,891,0.8058361391694725,421.82379349046016,2639,0,0,64.14013814926147,ab16711
DR,37,0,2000,0.001,87.2885,0.0,1000,0.0,39.335,1000,0.0,39.545,282,0.0035460992907801418,82.27304964539007,891,0.0,39.28731762065095,891,0.0,38.52637485970819,2704,0,0,63.93606400489807,ab16711
DR,37,61440,2000,0.199,318.9915,0.0,1000,0.001,133.954,1000,0.001,132.928,282,0.14893617021276595,310.0673758865248,891,0.0,125.42087542087542,891,0.0,124.30078563411897,2704,0,0,63.93606400489807,ab16711
DR,37,122880,2000,0.278,360.0335,0.0,1000,0.001,145.105,1000,0.002,144.804,282,0.2765957446808511,350.9645390070922,891,0.0,135.03254769921438,891,0.001122334455667789,133.93939393939394,2704,0,0,63.93606400489807,ab16711
DR,37,184320,2000,0.111,277.618,0.0,1000,0.0,119.186,1000,0.0,119.288,282,0.09574468085106383,268.09929078014187,891,0.0,113.43097643097643,891,0.0,112.85634118967452,2704,0,0,63.93606400489807,ab16711
DR,37,245760,2000,0.214,335.4195,0.0,1000,0.004,151.304,1000,0.005,151.379,282,0.18439716312056736,327.1843971631206,891,0.0,139.4702581369248,891,0.0,138.64646464646464,2704,0,0,63.93606400489807,ab16711
DR,37,307200,2000,0.156,324.012,0.0,1000,0.025,177.843,1000,0.022,179.916,282,0.14184397163120568,322.322695035461,891,0.015712682379349047,166.3030303030303,891,0.013468013468013467,162.95286195286195,2704,0,0,63.93606400489807,ab16711
DR,37,368640,2000,0.8505,487.8065,0.425,1000,0.06,179.666,1000,0.065,176.119,282,0.8404255319148937,487.72340425531917,891,0.013468013468013467,139.6240179573513,891,0.014590347923681257,134.26262626262627,2704,0,0,63.93606400489807,ab16711
DR,37,430080,2000,0.927,487.514,0.31,1000,0.805,425.303,1000,0.808,425.466,282,0.9219858156028369,483.86524822695037,891,0.7441077441077442,394.85858585858585,891,0.7429854096520763,394.12794612794613,2704,0,0,63.93606400489807,ab16711
DR,37,491520,2000,0.995,497.824,0.95,1000,0.16,132.226,1000,0.149,127.938,282,0.9893617021276596,495.28014184397165,891,0.020202020202020204,70.89450056116723,891,0.016835016835016835,69.32996632996633,2704,0,0,63.93606400489807,ab16711
DR,37,552960,2000,0.9925,496.74,0.925,1000,0.051,77.424,1000,0.052,77.632,282,0.9893617021276596,495.2730496453901,891,0.002244668911335578,57.00561167227834,891,0.001122334455667789,56.64421997755331,2704,0,0,63.93606400489807,ab16711
DR,37,614400,2000,0.923,490.4835,0.515,1000,0.071,279.774,1000,0.071,280.595,282,0.9148936170212766,484.9609929078014,891,0.04264870931537598,254.49719416386083,891,0.04040404040404041,248.96632996632997,2704,0,0,63.93606400489807,ab16711
DR,39,0,2000,0.0,13.663,0.0,1000,0.0,31.571,1000,0.0,32.62,282,0.0,13.22340425531915,891,0.0,33.898989898989896,891,0.0,33.78114478114478,2679,0,0,62.79055905342102,ab16711
DR,39,61440,2000,0.0745,229.1595,0.0,1000,0.0,103.924,1000,0.0,103.798,282,0.0673758865248227,222.39007092198582,891,0.0,101.44219977553311,891,0.0,101.04826038159372,2679,0,0,62.79055905342102,ab16711
DR,39,122880,2000,0.1615,312.759,0.0,1000,0.0,134.996,1000,0.004,136.361,282,0.16666666666666666,304.6276595744681,891,0.0,127.85634118967452,891,0.0,126.82491582491582,2679,0,0,62.79055905342102,ab16711
DR,39,184320,2000,0.56,430.6845,0.12,1000,0.013,188.656,1000,0.016,189.026,282,0.5638297872340425,431.52836879432624,891,0.001122334455667789,169.7182940516274,891,0.001122334455667789,168.0594837261504,2679,0,0,62.79055905342102,ab16711
DR,39,245760,2000,0.0875,289.9775,0.0,1000,0.181,221.054,1000,0.169,218.247,282,0.10638297872340426,298.64539007092196,891,0.1425364758698092,197.2895622895623,891,0.1335578002244669,196.4803591470258,2679,0,0,62.79055905342102,ab16711
DR,39,307200,2000,0.9245,491.3105,0.565,1000,0.019,105.976,1000,0.016,105.302,282,0.900709219858156,487.59574468085106,891,0.0,76.69809203142536,891,0.0,76.34567901234568,2679,0,0,62.79055905342102,ab16711
DR,39,368640,2000,0.9955,498.8165,0.955,1000,0.127,121.271,1000,0.134,124.998,282,0.9929078014184397,496.9078014184397,891,0.03367003367003367,78.50841750841751,891,0.029180695847362513,75.51515151515152,2679,0,0,62.79055905342102,ab16711
DR,39,430080,2000,0.9965,499.3735,0.965,1000,0.804,423.614,1000,0.814,427.147,282,0.9929078014184397,497.45390070921985,891,0.7239057239057239,388.5432098765432,891,0.7070707070707071,381.3063973063973,2679,0,0,62.79055905342102,ab16711
DR,39,491520,2000,0.9805,496.1675,0.805,1000,0.815,429.483,1000,0.812,428.15,282,0.9787234042553191,496.04609929078015,891,0.7598204264870931,402.5331088664422,891,0.7519640852974186,399.5050505050505,2679,0,0,62.79055905342102,ab16711
DR,39,552960,2000,0.985,497.1205,0.85,1000,0.772,412.88,1000,0.765,410.195,282,0.9787234042553191,496.1737588652482,891,0.712682379349046,383.6161616161616,891,0.7014590347923682,379.2581369248036,2679,0,0,62.79055905342102,ab16711
DR,39,614400,2000,0.6855,470.7885,0.19,1000,0.343,301.548,1000,0.336,297.542,282,0.6702127659574468,470.4078014184397,891,0.25925925925925924,257.337822671156,891,0.2772166105499439,260.327721661055,2679,0,0,62.79055905342102,ab16711
DR,38,0,2000,0.0,29.61,0.0,1000,0.0,29.981,1000,0.0,30.411,282,0.0,29.20567375886525,891,0.0,29.004489337822672,891,0.0,28.939393939393938,2780,0,0,64.1705858707428,ab16711
DR,38,61440,2000,0.0145,184.71,0.0,1000,0.0,107.145,1000,0.0,107.133,282,0.010638297872340425,176.38652482269504,891,0.0,103.50729517396184,891,0.0,103.06172839506173,2780,0,0,64.1705858707428,ab16711
DR,38,122880,2000,0.965,494.368,0.675,1000,0.845,438.181,1000,0.836,435.266,282,0.9787234042553191,495.8191489361702,891,0.7721661054994389,407.60493827160496,891,0.7654320987654321,404.8967452300786,2780,0,0,64.1705858707428,ab16711
DR,38,184320,2000,0.7835,483.597,0.365,1000,0.084,210.745,1000,0.089,215.301,282,0.7872340425531915,481.5070921985816,891,0.03367003367003367,172.46801346801348,891,0.038159371492704826,169.74859708193043,2780,0,0,64.1705858707428,ab16711
DR,38,245760,2000,0.99,497.782,0.9,1000,0.771,413.215,1000,0.755,406.308,282,0.9858156028368794,497.2304964539007,891,0.7025813692480359,380.05387205387206,891,0.6823793490460157,371.7946127946128,2780,0,0,64.1705858707428,ab16711
DR,38,307200,2000,0.019,178.076,0.0,1000,0.0,146.89,1000,0.0,143.825,282,0.02127659574468085,183.29432624113474,891,0.0,134.41526374859708,891,0.0,134.03254769921438,2780,0,0,64.1705858707428,ab16711
DR,38,368640,2000,0.994,498.9765,0.94,1000,0.889,461.326,1000,0.881,458.104,282,0.9822695035460993,496.09929078014187,891,0.8451178451178452,437.6206509539843,891,0.8271604938271605,430.0617283950617,2780,0,0,64.1705858707428,ab16711
DR,38,430080,2000,0.997,498.71,0.97,1000,0.069,88.519,1000,0.072,89.601,282,0.9893617021276596,495.3156028368794,891,0.002244668911335578,59.41414141414141,891,0.002244668911335578,59.5331088664422,2780,0,0,64.1705858707428,ab16711
DR,38,491520,2000,0.999,499.5665,0.99,1000,0.546,306.669,1000,0.542,305.883,282,0.9964539007092199,498.5531914893617,891,0.38496071829405165,237.66442199775534,891,0.36924803591470257,230.96632996632997,2780,0,0,64.1705858707428,ab16711
DR,38,552960,2000,0.9985,499.7765,0.985,1000,0.926,473.767,1000,0.924,474.094,282,0.9858156028368794,495.60283687943263,891,0.8888888888888888,455.4231200897868,891,0.8686868686868687,446.84960718294053,2780,0,0,64.1705858707428,ab16711
DR,38,614400,2000,0.9865,494.0385,0.865,1000,0.036,69.745,1000,0.039,70.903,282,0.9822695035460993,492.1808510638298,891,0.002244668911335578,56.707070707070706,891,0.001122334455667789,56.34567901234568,2780,0,0,64.1705858707428,ab16711
DR,40,0,2000,0.0,13.525,0.0,1000,0.0,24.414,1000,0.0,24.825,282,0.0,13.368794326241135,891,0.0,25.707070707070706,891,0.0,25.75084175084175,2549,0,0,63.6508150100708,ab16711
DR,40,61440,2000,0.418,395.9935,0.0,1000,0.009,203.214,1000,0.005,203.388,282,0.41843971631205673,388.17021276595744,891,0.001122334455667789,188.003367003367,891,0.0,186.1459034792368,2549,0,0,63.6508150100708,ab16711
DR,40,122880,2000,0.984,497.6965,0.84,1000,0.888,455.904,1000,0.891,457.554,282,0.9929078014184397,499.3156028368794,891,0.8170594837261503,426.60381593714925,891,0.8047138047138047,421.1537598204265,2549,0,0,63.6508150100708,ab16711
DR,40,184320,2000,0.5065,427.8555,0.0,1000,0.008,192.79,1000,0.011,192.443,282,0.475177304964539,417.0354609929078,891,0.001122334455667789,178.06060606060606,891,0.0,176.006734006734,2549,0,0,63.6508150100708,ab16711
DR,40,245760,2000,0.0245,190.907,0.0,1000,0.002,113.861,1000,0.001,113.239,282,0.014184397163120567,184.02482269503545,891,0.0,108.14478114478115,891,0.0,107.42985409652076,2549,0,0,63.6508150100708,ab16711
DR,40,307200,2000,0.99,496.869,0.9,1000,0.048,78.661,1000,0.043,77.446,282,0.9858156028368794,493.86170212765956,891,0.0,57.20987654320987,891,0.001122334455667789,57.166105499438835,2549,0,0,63.6508150100708,ab16711
DR,40,368640,2000,0.9955,499.2075,0.955,1000,0.63,345.47,1000,0.592,328.934,282,0.9929078014184397,497.1489361702128,891,0.47474747474747475,278.41750841750843,891,0.4781144781144781,279.7306397306397,2549,0,0,63.6508150100708,ab16711
DR,40,430080,2000,0.98,495.417,0.8,1000,0.03,73.303,1000,0.043,77.81,282,0.9716312056737588,492.21276595744683,891,0.001122334455667789,58.08978675645342,891,0.002244668911335578,58.40179573512907,2549,0,0,63.6508150100708,ab16711
DR,40,491520,2000,0.9915,496.2,0.915,1000,0.032,68.139,1000,0.035,69.412,282,0.9858156028368794,495.177304964539,891,0.002244668911335578,56.58585858585859,891,0.001122334455667789,56.25476992143659,2549,0,0,63.6508150100708,ab16711
DR,40,552960,2000,0.992,496.47,0.92,1000,0.03,68.761,1000,0.034,70.253,282,0.9858156028368794,493.70567375886526,891,0.002244668911335578,57.05162738496072,891,0.001122334455667789,56.65881032547699,2549,0,0,63.6508150100708,ab16711
DR,40,614400,2000,0.9825,496.8825,0.825,1000,0.818,432.136,1000,0.808,426.841,282,0.9716312056737588,494.5531914893617,891,0.7463524130190797,397.9652076318743,891,0.7463524130190797,398.1043771043771,2549,0,0,63.6508150100708,ab16711
DR,41,0,2000,0.0,36.2915,0.0,1000,0.0,35.027,1000,0.0,36.3,282,0.0,38.4822695035461,891,0.0,35.325476992143656,891,0.0,35.494949494949495,2714,0,0,53.31132197380066,ab16711
DR,41,61440,2000,0.0935,253.433,0.0,1000,0.0,111.999,1000,0.0,111.987,282,0.09574468085106383,245.7836879432624,891,0.0,107.92480359147025,891,0.0,107.30751964085297,2714,0,0,53.31132197380066,ab16711
DR,41,122880,2000,0.11,286.534,0.0,1000,0.0,128.834,1000,0.002,129.686,282,0.11702127659574468,282.02836879432624,891,0.0,122.87654320987654,891,0.0,121.97643097643098,2714,0,0,53.31132197380066,ab16711
DR,41,184320,2000,0.041,211.7715,0.0,1000,0.002,110.997,1000,0.002,111.464,282,0.031914893617021274,202.84751773049646,891,0.0,105.93153759820426,891,0.0,105.58810325476992,2714,0,0,53.31132197380066,ab16711
DR,41,245760,2000,0.916,490.317,0.525,1000,0.368,324.027,1000,0.354,320.542,282,0.9184397163120568,488.1985815602837,891,0.3153759820426487,295.39842873176207,891,0.2996632996632997,287.81257014590346,2714,0,0,53.31132197380066,ab16711
DR,41,307200,2000,0.518,467.0195,0.1,1000,0.052,139.501,1000,0.049,142.145,282,0.5141843971631206,464.43617021276594,891,0.001122334455667789,103.70145903479236,891,0.001122334455667789,99.5331088664422,2714,0,0,53.31132197380066,ab16711
DR,41,368640,2000,0.9765,496.1865,0.765,1000,0.87,452.364,1000,0.853,446.028,282,0.975177304964539,495.3510638297872,891,0.8181818181818182,426.4702581369248,891,0.7968574635241302,417.9584736251403,2714,0,0,53.31132197380066,ab16711
DR,41,430080,2000,0.022,296.054,0.0,1000,0.002,167.669,1000,0.002,176.34,282,0.024822695035460994,289.93971631205676,891,0.001122334455667789,143.84399551066218,891,0.001122334455667789,139.44668911335577,2714,0,0,53.31132197380066,ab16711
DR,41,491520,2000,0.161,311.657,0.0,1000,0.001,147.402,1000,0.001,147.92,282,0.14893617021276595,301.08156028368796,891,0.0,137.2334455667789,891,0.0,134.30639730639732,2714,0,0,53.31132197380066,ab16711
DR,41,552960,2000,0.8395,481.8735,0.37,1000,0.577,383.896,1000,0.563,380.099,282,0.8049645390070922,474.790780141844,891,0.5375982042648709,360.3063973063973,891,0.5420875420875421,362.37149270482604,2714,0,0,53.31132197380066,ab16711
DR,41,614400,2000,0.9965,498.697,0.965,1000,0.096,107.452,1000,0.1,110.198,282,0.9858156028368794,494.93617021276594,891,0.007856341189674524,66.07070707070707,891,0.008978675645342313,66.48821548821549,2714,0,0,53.31132197380066,ab16711
DR,42,0,2000,0.0,43.016,0.0,1000,0.0,17.243,1000,0.0,17.233,282,0.0,42.09574468085106,891,0.0,17.439955106621774,891,0.0,17.29405162738496,3065,0,0,53.82063579559326,ab16711
DR,42,61440,2000,0.4095,384.335,0.0,1000,0.007,164.738,1000,0.004,163.455,282,0.40070921985815605,375.67021276595744,891,0.001122334455667789,150.0549943883277,891,0.0,148.54657687991022,3065,0,0,53.82063579559326,ab16711
DR,42,122880,2000,0.9385,493.04,0.64,1000,0.761,446.843,1000,0.75,445.113,282,0.9716312056737588,495.4468085106383,891,0.7059483726150393,424.38496071829405,891,0.6790123456790124,416.7351290684624,3065,0,0,53.82063579559326,ab16711
DR,42,184320,2000,0.0245,196.0825,0.0,1000,0.001,107.574,1000,0.001,107.806,282,0.01773049645390071,188.42198581560282,891,0.0,103.31649831649831,891,0.0,103.01010101010101,3065,0,0,53.82063579559326,ab16711
DR,42,245760,2000,0.0785,276.8585,0.0,1000,0.002,133.076,1000,0.005,133.514,282,0.0851063829787234,271.5496453900709,891,0.0,125.87654320987654,891,0.0,125.94837261503928,3065,0,0,53.82063579559326,ab16711
DR,42,307200,2000,0.0635,228.1865,0.0,1000,0.002,117.471,1000,0.004,118.122,282,0.0425531914893617,219.53900709219857,891,0.0,111.41526374859708,891,0.0,110.8675645342312,3065,0,0,53.82063579559326,ab16711
DR,42,368640,2000,0.85,471.108,0.26,1000,0.557,328.491,1000,0.544,322.688,282,0.851063829787234,468.4645390070922,891,0.5061728395061729,303.0347923681257,891,0.500561167227834,301.47474747474746,3065,0,0,53.82063579559326,ab16711
DR,42,430080,2000,0.0815,295.151,0.0,1000,0.108,211.478,1000,0.122,212.618,282,0.08865248226950355,288.0070921985816,891,0.09764309764309764,196.81032547699215,891,0.09427609427609428,193.39842873176207,3065,0,0,53.82063579559326,ab16711
DR,42,491520,2000,0.7745,478.6925,0.31,1000,0.088,185.819,1000,0.101,191.226,282,0.7375886524822695,468.42198581560285,891,0.04713804713804714,147.20875420875421,891,0.052749719416386086,147.06060606060606,3065,0,0,53.82063579559326,ab16711
DR,42,552960,2000,0.998,499.716,0.98,1000,0.92,472.835,1000,0.924,473.463,282,0.9858156028368794,496.38652482269504,891,0.8832772166105499,452.9910213243547,891,0.8698092031425365,447.22109988776657,3065,0,0,53.82063579559326,ab16711
DR,42,614400,2000,0.995,499.087,0.95,1000,0.184,157.841,1000,0.185,158.517,282,0.9858156028368794,494.6737588652482,891,0.038159371492704826,85.05836139169473,891,0.026936026936026935,79.7598204264871,3065,0,0,53.82063579559326,ab16711
DR,43,0,2000,0.0,30.985,0.0,1000,0.0,42.186,1000,0.0,41.986,282,0.0,30.26241134751773,891,0.0,44.023569023569024,891,0.0,45.04489337822671,2991,0,0,53.87476873397827,ab16711
DR,43,61440,2000,0.3525,359.477,0.0,1000,0.009,153.197,1000,0.003,151.26,282,0.3333333333333333,349.07801418439715,891,0.001122334455667789,139.83501683501683,891,0.0,137.83501683501683,2991,0,0,53.87476873397827,ab16711
DR,43,122880,2000,0.6805,465.083,0.225,1000,0.18,282.926,1000,0.166,276.798,282,0.7375886524822695,465.91843971631204,891,0.11447811447811448,241.88215488215488,891,0.10437710437710437,240.8540965207632,2991,0,0,53.87476873397827,ab16711
DR,43,184320,2000,0.068,258.38,0.0,1000,0.003,134.563,1000,0.009,135.239,282,0.0425531914893617,247.2695035460993,891,0.0,127.53984287317621,891,0.0,126.24354657687991,2991,0,0,53.87476873397827,ab16711
DR,43,245760,2000,0.067,272.662,0.0,1000,0.038,180.383,1000,0.044,178.725,282,0.08156028368794327,268.13475177304963,891,0.028058361391694726,166.0460157126824,891,0.03367003367003367,161.1358024691358,2991,0,0,53.87476873397827,ab16711
DR,43,307200,2000,0.6005,442.3845,0.15,1000,0.028,214.305,1000,0.027,211.823,282,0.5460992907801419,434.1666666666667,891,0.014590347923681257,197.29854096520762,891,0.019079685746352413,195.44781144781146,2991,0,0,53.87476873397827,ab16711
DR,43,368640,2000,0.184,320.1045,0.0,1000,0.002,137.408,1000,0.003,138.141,282,0.15602836879432624,314.0390070921986,891,0.0,130.38159371492705,891,0.0,130.52076318742985,2991,0,0,53.87476873397827,ab16711
DR,43,430080,2000,0.7925,476.1365,0.34,1000,0.226,274.677,1000,0.202,276.93,282,0.74822695035461,466.97872340425533,891,0.18742985409652077,255.41750841750843,891,0.1840628507295174,244.59708193041527,2991,0,0,53.87476873397827,ab16711
DR,43,491520,2000,0.5505,438.3125,0.115,1000,0.004,121.232,1000,0.004,125.71,282,0.5177304964539007,424.60283687943263,891,0.0,100.34792368125702,891,0.0,98.78002244668912,2991,0,0,53.87476873397827,ab16711
DR,43,552960,2000,0.9865,498.05,0.865,1000,0.758,403.426,1000,0.745,398.624,282,0.9964539007092199,498.8900709219858,891,0.6677890011223344,360.4253647586981,891,0.6498316498316499,353.40628507295173,2991,0,0,53.87476873397827,ab16711
DR,43,614400,2000,0.996,499.3415,0.96,1000,0.956,486.45,1000,0.958,487.562,282,0.9893617021276596,498.0248226950355,891,0.9281705948372615,471.10213243546576,891,0.9191919191919192,467.699214365881,2991,0,0,53.87476873397827,ab16711
DR,44,0,2000,0.0,11.291,0.0,1000,0.0,18.134,1000,0.0,18.336,282,0.0,10.826241134751774,891,0.0,19.570145903479236,891,0.0,19.052749719416386,2631,0,0,53.35167694091797,ab16711
DR,44,61440,2000,0.424,406.8165,0.0,1000,0.007,202.979,1000,0.004,203.085,282,0.4148936170212766,397.9432624113475,891,0.0,190.7732884399551,891,0.0,189.51402918069584,2631,0,0,53.35167694091797,ab16711
DR,44,122880,2000,0.3115,382.4785,0.0,1000,0.004,173.929,1000,0.005,173.819,282,0.3191489361702128,372.4078014184397,891,0.0,162.1604938271605,891,0.0,161.3793490460157,2631,0,0,53.35167694091797,ab16711
DR,44,184320,2000,0.035,212.3375,0.0,1000,0.003,125.848,1000,0.004,126.124,282,0.0425531914893617,208.53191489361703,891,0.0,119.34792368125702,891,0.0,118.42648709315375,2631,0,0,53.35167694091797,ab16711
DR,44,245760,2000,0.9965,499.511,0.965,1000,0.886,456.697,1000,0.883,455.809,282,1.0,500.0,891,0.819304152637486,426.82828282828285,891,0.8058361391694725,422.3557800224467,2631,0,0,53.35167694091797,ab16711
DR,44,307200,2000,0.4435,439.402,0.0,1000,0.871,456.491,1000,0.866,454.919,282,0.450354609929078,439.32978723404256,891,0.8372615039281706,436.2502805836139,891,0.8237934904601572,430.2783389450056,2631,0,0,53.35167694091797,ab16711
DR,44,368640,2000,0.999,499.563,0.99,1000,0.428,254.553,1000,0.438,259.793,282,0.9822695035460993,494.3900709219858,891,0.3108866442199775,201.09652076318744,891,0.30078563411896747,196.21099887766553,2631,0,0,53.35167694091797,ab16711
DR,44,430080,2000,0.9865,497.696,0.865,1000,0.705,382.506,1000,0.73,393.235,282,0.9858156028368794,496.9751773049645,891,0.6318742985409652,344.23569023569024,891,0.6004489337822672,330.85634118967454,2631,0,0,53.35167694091797,ab16711
DR,44,491520,2000,0.9755,495.6225,0.755,1000,0.629,347.667,1000,0.653,358.88,282,0.9822695035460993,494.7836879432624,891,0.5499438832772167,307.01571268237933,891,0.5218855218855218,294.91806958473626,2631,0,0,53.35167694091797,ab16711
DR,44,552960,2000,0.999,499.574,0.99,1000,0.725,383.989,1000,0.741,391.003,282,0.9964539007092199,499.2588652482269,891,0.6172839506172839,337.6374859708193,891,0.6026936026936027,330.679012345679,2631,0,0,53.35167694091797,ab16711
DR,44,614400,2000,0.9795,496.3205,0.795,1000,0.752,409.329,1000,0.748,408.42,282,0.9822695035460993,494.8758865248227,891,0.6879910213243546,377.1773288439955,891,0.691358024691358,377.8945005611672,2631,0,0,53.35167694091797,ab16711
DR,46,0,2000,0.0,88.101,0.0,1000,0.0,42.068,1000,0.0,42.874,282,0.0,88.64539007092199,891,0.0,41.60157126823793,891,0.0,41.44107744107744,2982,0,0,52.88675928115845,ab16711
DR,46,61440,2000,0.0945,251.6005,0.0,1000,0.0,112.039,1000,0.0,112.039,282,0.08865248226950355,249.4078014184397,891,0.0,108.53647586980921,891,0.0,107.94388327721661,2982,0,0,52.88675928115845,ab16711
DR,46,122880,2000,0.108,296.558,0.0,1000,0.005,153.578,1000,0.008,154.054,282,0.1099290780141844,294.47163120567376,891,0.001122334455667789,142.22558922558923,891,0.001122334455667789,139.29068462401796,2982,0,0,52.88675928115845,ab16711
DR,46,184320,2000,0.069,264.298,0.0,1000,0.0,124.363,1000,0.001,124.269,282,0.08156028368794327,259.32978723404256,891,0.0,118.4253647586981,891,0.0,117.89786756453424,2982,0,0,52.88675928115845,ab16711
DR,46,245760,2000,0.0495,257.476,0.0,1000,0.022,167.506,1000,0.016,170.409,282,0.06382978723404255,260.12056737588654,891,0.01122334455667789,157.0549943883277,891,0.014590347923681257,154.78002244668912,2982,0,0,52.88675928115845,ab16711
DR,46,307200,2000,0.0525,247.3225,0.0,1000,0.003,131.514,1000,0.002,131.269,282,0.05673758865248227,240.55673758865248,891,0.0,124.30078563411897,891,0.0,123.20763187429854,2982,0,0,52.88675928115845,ab16711
DR,46,368640,2000,0.8035,482.833,0.395,1000,0.052,146.839,1000,0.049,146.322,282,0.8014184397163121,481.7411347517731,891,0.003367003367003367,108.23232323232324,891,0.001122334455667789,103.99775533108867,2982,0,0,52.88675928115845,ab16711
DR,46,430080,2000,0.9885,498.349,0.885,1000,0.349,226.866,1000,0.37,234.961,282,0.9822695035460993,493.9148936170213,891,0.1750841750841751,146.37037037037038,891,0.186307519640853,150.35465768799102,2982,0,0,52.88675928115845,ab16711
DR,46,491520,2000,0.961,494.6975,0.61,1000,0.649,358.33,1000,0.669,366.488,282,0.950354609929078,491.3262411347518,891,0.5712682379349046,317.41301907968574,891,0.5488215488215489,307.90684624017956,2982,0,0,52.88675928115845,ab16711
DR,46,552960,2000,0.999,499.574,0.99,1000,0.507,289.753,1000,0.509,291.075,282,0.9964539007092199,498.4113475177305,891,0.3277216610549944,212.8641975308642,891,0.3221099887766554,209.83389450056117,2982,0,0,52.88675928115845,ab16711
DR,46,614400,2000,0.932,485.7155,0.48,1000,0.196,264.757,1000,0.204,267.1,282,0.9219858156028369,482.26241134751774,891,0.16161616161616163,242.58473625140292,891,0.14702581369248036,234.03367003367003,2982,0,0,52.88675928115845,ab16711
DR,47,0,2000,0.0,11.631,0.0,1000,0.0,19.442,1000,0.0,19.002,282,0.0,11.202127659574469,891,0.0,20.745230078563413,891,0.0,20.35016835016835,2932,0,0,52.76672911643982,ab16711
DR,47,61440,2000,0.452,379.943,0.0,1000,0.006,126.776,1000,0.004,126.314,282,0.475177304964539,365.7269503546099,891,0.0,116.29854096520764,891,0.001122334455667789,115.73625140291807,2932,0,0,52.76672911643982,ab16711
DR,47,122880,2000,0.074,236.235,0.0,1000,0.004,114.342,1000,0.001,113.159,282,0.06382978723404255,229.95744680851064,891,0.0,108.27833894500561,891,0.0,107.55667789001123,2932,0,0,52.76672911643982,ab16711
DR,47,184320,2000,0.233,316.2845,0.0,1000,0.001,118.292,1000,0.0,117.174,282,0.20921985815602837,309.11347517730496,891,0.001122334455667789,111.42312008978675,891,0.0,110.39955106621774,2932,0,0,52.76672911643982,ab16711
DR,47,245760,2000,0.5355,398.1225,0.08,1000,0.146,172.08,1000,0.129,166.794,282,0.549645390070922,391.57092198581563,891,0.10213243546576879,151.43771043771045,891,0.0920314253647587,148.00224466891135,2932,0,0,52.76672911643982,ab16711
DR,47,307200,2000,0.116,279.035,0.0,1000,0.003,133.72,1000,0.01,134.167,282,0.10283687943262411,272.6843971631206,891,0.0,123.29517396184063,891,0.0,122.42985409652076,2932,0,0,52.76672911643982,ab16711
DR,47,368640,2000,0.91,488.6645,0.55,1000,0.328,311.36,1000,0.323,309.33,282,0.9042553191489362,487.23758865248226,891,0.25252525252525254,275.9438832772166,891,0.250280583613917,270.98092031425364,2932,0,0,52.76672911643982,ab16711
DR,47,430080,2000,0.9865,498.178,0.865,1000,0.962,487.365,1000,0.957,487.91,282,0.9893617021276596,497.2659574468085,891,0.9259259259259259,470.5173961840629,891,0.9046015712682379,461.8821548821549,2932,0,0,52.76672911643982,ab16711
DR,47,491520,2000,0.888,476.145,0.39,1000,0.449,284.469,1000,0.443,282.782,282,0.900709219858156,480.6099290780142,891,0.3894500561167228,256.8619528619529,891,0.39730639730639733,259.42199775533106,2932,0,0,52.76672911643982,ab16711
DR,47,552960,2000,0.6285,463.793,0.04,1000,0.388,347.103,1000,0.388,347.48,282,0.6382978723404256,461.27659574468083,891,0.37037037037037035,324.23120089786755,891,0.36251402918069586,320.317620650954,2932,0,0,52.76672911643982,ab16711
DR,47,614400,2000,0.9895,495.5805,0.895,1000,0.032,69.154,1000,0.032,69.984,282,0.9858156028368794,493.71276595744683,891,0.001122334455667789,57.387205387205384,891,0.001122334455667789,57.08641975308642,2932,0,0,52.76672911643982,ab16711
DR,45,0,2000,0.003,51.959,0.0,1000,0.0,19.186,1000,0.0,19.119,282,0.010638297872340425,56.48936170212766,891,0.0,19.28956228956229,891,0.0,19.199775533108866,3071,0,0,53.91558814048767,ab16711
DR,45,61440,2000,0.078,258.4255,0.0,1000,0.0,127.762,1000,0.003,128.987,282,0.07446808510638298,246.62765957446808,891,0.0,122.22334455667789,891,0.0,121.41414141414141,3071,0,0,53.91558814048767,ab16711
DR,45,122880,2000,0.224,344.7205,0.0,1000,0.001,149.844,1000,0.006,151.093,282,0.22340425531914893,336.01418439716315,891,0.0,140.50617283950618,891,0.0,141.337822671156,3071,0,0,53.91558814048767,ab16711
DR,45,184320,2000,0.914,483.7115,0.435,1000,0.545,323.699,1000,0.547,323.956,282,0.9290780141843972,484.6063829787234,891,0.4837261503928171,294.36700336700335,891,0.4725028058361392,289.7901234567901,3071,0,0,53.91558814048767,ab16711
DR,45,245760,2000,0.88,486.207,0.4,1000,0.208,310.99,1000,0.189,307.091,282,0.8297872340425532,477.2659574468085,891,0.18967452300785634,289.42648709315375,891,0.19304152637485972,287.5881032547699,3071,0,0,53.91558814048767,ab16711
DR,45,307200,2000,0.9665,494.6595,0.665,1000,0.877,456.475,1000,0.862,450.977,282,0.9645390070921985,491.82978723404256,891,0.8305274971941639,432.43995510662177,891,0.8327721661054994,433.10886644219977,3071,0,0,53.91558814048767,ab16711
DR,45,368640,2000,0.066,262.3735,0.0,1000,0.017,165.099,1000,0.021,167.175,282,0.05319148936170213,256.34751773049646,891,0.008978675645342313,156.58249158249157,891,0.01122334455667789,157.76430976430976,3071,0,0,53.91558814048767,ab16711
DR,45,430080,2000,0.738,469.149,0.175,1000,0.043,225.046,1000,0.027,224.858,282,0.6702127659574468,457.9078014184397,891,0.04040404040404041,216.86531986531986,891,0.04152637485970819,212.7732884399551,3071,0,0,53.91558814048767,ab16711
DR,45,491520,2000,0.998,499.449,0.98,1000,0.571,320.468,1000,0.588,327.742,282,0.9893617021276596,496.822695035461,891,0.4377104377104377,259.40179573512904,891,0.4107744107744108,247.59147025813692,3071,0,0,53.91558814048767,ab16711
DR,45,552960,2000,0.4575,408.7015,0.0,1000,0.031,167.224,1000,0.029,166.759,282,0.450354609929078,399.9929078014184,891,0.017957351290684626,152.76879910213245,891,0.02132435465768799,150.0460157126824,3071,0,0,53.91558814048767,ab16711
DR,45,614400,2000,0.0485,224.728,0.0,1000,0.008,132.354,1000,0.007,132.015,282,0.03900709219858156,217.9964539007092,891,0.007856341189674524,123.02356902356902,891,0.006734006734006734,121.25140291806959,3071,0,0,53.91558814048767,ab16711
DR,48,0,2000,0.0,40.7335,0.0,1000,0.0,20.762,1000,0.0,20.438,282,0.0,39.755319148936174,891,0.0,20.86307519640853,891,0.0,20.73961840628507,2613,0,0,52.80463004112244,ab16711
DR,48,61440,2000,0.1865,326.0415,0.0,1000,0.005,170.76,1000,0.004,171.059,282,0.15602836879432624,319.2659574468085,891,0.0,159.5016835016835,891,0.0,158.03367003367003,2613,0,0,52.80463004112244,ab16711
DR,48,122880,2000,0.329,382.8865,0.0,1000,0.123,267.097,1000,0.138,267.464,282,0.29432624113475175,370.56382978723406,891,0.09988776655443322,252.83389450056117,891,0.08866442199775533,247.4837261503928,2613,0,0,52.80463004112244,ab16711
DR,48,184320,2000,0.1185,280.2935,0.0,1000,0.001,132.181,1000,0.005,133.237,282,0.08156028368794327,266.60283687943263,891,0.0,125.19304152637486,891,0.0,124.1604938271605,2613,0,0,52.80463004112244,ab16711
DR,48,245760,2000,0.9685,496.3425,0.705,1000,0.239,213.619,1000,0.249,214.819,282,0.9609929078014184,494.8900709219858,891,0.13019079685746351,151.31425364758698,891,0.10662177328843996,140.72727272727272,2613,0,0,52.80463004112244,ab16711
DR,48,307200,2000,0.607,457.642,0.17,1000,0.19,227.619,1000,0.211,235.037,282,0.549645390070922,450.3085106382979,891,0.1414141414141414,194.0482603815937,891,0.11784511784511785,184.24803591470257,2613,0,0,52.80463004112244,ab16711
DR,48,368640,2000,0.985,497.7675,0.85,1000,0.35,225.779,1000,0.351,227.107,282,0.9893617021276596,498.20212765957444,891,0.19640852974186307,156.08641975308643,891,0.1750841750841751,145.32996632996634,2613,0,0,52.80463004112244,ab16711
DR,48,430080,2000,0.719,479.26,0.27,1000,0.052,149.333,1000,0.043,149.09,282,0.7056737588652482,476.28723404255317,891,0.001122334455667789,112.1604938271605,891,0.0,104.85072951739619,2613,0,0,52.80463004112244,ab16711
DR,48,491520,2000,0.9895,495.3735,0.895,1000,0.032,68.173,1000,0.034,69.582,282,0.9822695035460993,492.0744680851064,891,0.002244668911335578,56.57687991021324,891,0.001122334455667789,56.270482603815935,2613,0,0,52.80463004112244,ab16711
DR,48,552960,2000,0.999,499.706,0.99,1000,0.767,406.241,1000,0.748,397.998,282,0.9858156028368794,496.677304964539,891,0.6475869809203143,354.9910213243547,891,0.6408529741863075,352.20314253647587,2613,0,0,52.80463004112244,ab16711
DR,48,614400,2000,0.9115,481.514,0.34,1000,0.449,329.471,1000,0.449,326.597,282,0.9078014184397163,479.7163120567376,891,0.39169472502805835,304.8574635241302,891,0.36924803591470257,295.28619528619527,2613,0,0,52.80463004112244,ab16711
