arm,seed,learning_rate,step,E0/n_learnable,E0/success,E0/success_all,E0/mean_steps,E1/n_learnable,E1/success,E1/success_all,E1/mean_steps,E1b/n_learnable,E1b/success,E1b/success_all,E1b/mean_steps,E2/n_learnable,E2/success,E2/success_all,E2/mean_steps,E3a/n_learnable,E3a/success,E3a/success_all,E3a/mean_steps,E3b/n_learnable,E3b/success,E3b/success_all,E3b/mean_steps,E4/n_learnable,E4/success,E4/success_all,E4/mean_steps,E5/n_learnable,E5/success,E5/success_all,E5/mean_steps,n_episodes,n_new,wall_time_sec
N,3,3e-05,0,282,0.0,0.0,13.365248226950355,138,0.0,0.0,17.333333333333332,93,0.0,0.0,20.956989247311828,95,0.0,0.0,17.36842105263158,96,0.0,0.0,17.5,92,0.0,0.0,13.097826086956522,99,0.0,0.0,13.1010101010101,272,0.0,0.0,13.691176470588236,7082,7082,85.22783899307251
N,3,3e-05,20480,282,0.0070921985815602835,0.006666666666666667,66.60992907801419,138,0.0,0.0,57.492753623188406,93,0.0,0.0,59.38709677419355,95,0.0,0.0,58.8,96,0.010416666666666666,0.01,75.69791666666667,92,0.0,0.0,66.47826086956522,99,0.010101010101010102,0.01,49.898989898989896,272,0.007352941176470588,0.00625,87.5220588235294,7082,7082,85.22783899307251
N,3,3e-05,40960,282,0.0,0.0,63.00709219858156,138,0.0,0.0,57.492753623188406,93,0.0,0.0,58.333333333333336,95,0.0,0.0,58.49473684210526,96,0.0,0.0,67.79166666666667,92,0.0,0.0,63.46739130434783,99,0.010101010101010102,0.01,51.38383838383838,272,0.014705882352941176,0.0125,84.73529411764706,7082,7082,85.22783899307251
N,3,3e-05,61440,282,0.0,0.0,68.13120567375887,138,0.0,0.0,60.58695652173913,93,0.0,0.0,62.54838709677419,95,0.0,0.0,60.463157894736845,96,0.010416666666666666,0.01,73.11458333333333,92,0.0,0.0,70.5,99,0.010101010101010102,0.01,56.37373737373738,272,0.01838235294117647,0.015625,93.27941176470588,7082,7082,85.22783899307251
N,3,3e-05,81920,282,0.014184397163120567,0.013333333333333334,76.81205673758865,138,0.0,0.0,66.22463768115942,93,0.0,0.0,67.88172043010752,95,0.0,0.0,64.63157894736842,96,0.010416666666666666,0.01,82.05208333333333,92,0.0,0.0,78.20652173913044,99,0.0,0.0,52.93939393939394,272,0.029411764705882353,0.025,101.78676470588235,7082,7082,85.22783899307251
N,3,3e-05,102400,282,0.0070921985815602835,0.006666666666666667,81.71985815602837,138,0.0,0.0,71.84782608695652,93,0.0,0.0,72.52688172043011,95,0.0,0.0,68.63157894736842,96,0.010416666666666666,0.01,87.11458333333333,92,0.0,0.0,79.30434782608695,99,0.010101010101010102,0.01,60.343434343434346,272,0.022058823529411766,0.01875,107.65441176470588,7082,7082,85.22783899307251
N,3,3e-05,122880,282,0.02127659574468085,0.02,91.66312056737588,138,0.0,0.0,80.1376811594203,93,0.0,0.0,82.78494623655914,95,0.010526315789473684,0.01,77.38947368421053,96,0.010416666666666666,0.01,97.8125,92,0.010869565217391304,0.01,93.3586956521739,99,0.010101010101010102,0.01,66.39393939393939,272,0.04779411764705882,0.040625,117.12132352941177,7082,7082,85.22783899307251
N,3,3e-05,143360,282,0.028368794326241134,0.02666666666666667,104.68085106382979,138,0.0,0.0,91.56521739130434,93,0.0,0.0,95.70967741935483,95,0.0,0.0,89.2,96,0.020833333333333332,0.02,111.45833333333333,92,0.021739130434782608,0.02,111.46739130434783,99,0.020202020202020204,0.02,77.74747474747475,272,0.05514705882352941,0.046875,128.9191176470588,7082,7082,85.22783899307251
N,3,3e-05,163840,282,0.0425531914893617,0.04,134.5744680851064,138,0.0,0.0,125.16666666666667,93,0.010752688172043012,0.01,124.36559139784946,95,0.010526315789473684,0.01,118.96842105263158,96,0.041666666666666664,0.04,142.0625,92,0.05434782608695652,0.05,136.52173913043478,99,0.020202020202020204,0.02,97.87878787878788,272,0.07720588235294118,0.065625,154.4889705882353,7082,7082,85.22783899307251
N,3,3e-05,184320,282,0.08156028368794327,0.07666666666666666,192.4078014184397,138,0.028985507246376812,0.02666666666666667,189.44927536231884,93,0.043010752688172046,0.04,191.05376344086022,95,0.042105263157894736,0.04,176.18947368421053,96,0.0625,0.06,201.5,92,0.08695652173913043,0.08,194.68478260869566,99,0.010101010101010102,0.01,140.37373737373738,272,0.09558823529411764,0.08125,214.38970588235293,7082,7082,85.22783899307251
N,3,3e-05,204800,282,0.34397163120567376,0.3233333333333333,323.54609929078015,138,0.39855072463768115,0.36666666666666664,345.3550724637681,93,0.3548387096774194,0.33,339.23655913978496,95,0.4105263157894737,0.39,333.58947368421053,96,0.4479166666666667,0.43,347.8958333333333,92,0.391304347826087,0.36,344.4130434782609,99,0.25252525252525254,0.25,265.0808080808081,272,0.3382352941176471,0.2875,333.18014705882354,7082,7082,85.22783899307251
N,3,3e-05,225280,282,0.1702127659574468,0.16,286.7588652482269,138,0.16666666666666666,0.15333333333333332,292.5869565217391,93,0.13978494623655913,0.13,286.8709677419355,95,0.14736842105263157,0.14,271.70526315789476,96,0.19791666666666666,0.19,294.0729166666667,92,0.1956521739130435,0.18,289.2717391304348,99,0.050505050505050504,0.05,216.40404040404042,272,0.20220588235294118,0.171875,313.04411764705884,7082,7082,85.22783899307251
N,3,3e-05,245760,282,0.1347517730496454,0.12666666666666668,270.5744680851064,138,0.10144927536231885,0.09333333333333334,262.9347826086956,93,0.07526881720430108,0.07,261.73118279569894,95,0.08421052631578947,0.08,250.37894736842105,96,0.11458333333333333,0.11,266.6354166666667,92,0.15217391304347827,0.14,274.35869565217394,99,0.050505050505050504,0.05,211.92929292929293,272,0.16911764705882354,0.14375,301.6139705882353,7082,7082,85.22783899307251
N,3,3e-05,266240,282,0.1276595744680851,0.12,286.48936170212767,138,0.057971014492753624,0.05333333333333334,280.4927536231884,93,0.08602150537634409,0.08,279.80645161290323,95,0.09473684210526316,0.09,270.36842105263156,96,0.11458333333333333,0.11,280.15625,92,0.18478260869565216,0.17,291.0108695652174,99,0.08080808080808081,0.08,237.13131313131314,272,0.16544117647058823,0.140625,315.7095588235294,7082,7082,85.22783899307251
N,3,3e-05,286720,282,0.1347517730496454,0.12666666666666668,280.64539007092196,138,0.10144927536231885,0.09333333333333334,277.4710144927536,93,0.08602150537634409,0.08,272.59139784946234,95,0.10526315789473684,0.1,261.4947368421053,96,0.11458333333333333,0.11,273.3541666666667,92,0.14130434782608695,0.13,279.0652173913044,99,0.0707070707070707,0.07,228.27272727272728,272,0.15441176470588236,0.13125,307.0772058823529,7082,7082,85.22783899307251
N,3,3e-05,307200,282,0.09219858156028368,0.08666666666666667,264.91843971631204,138,0.036231884057971016,0.03333333333333333,251.52898550724638,93,0.07526881720430108,0.07,257.73118279569894,95,0.08421052631578947,0.08,248.30526315789473,96,0.10416666666666667,0.1,258.7291666666667,92,0.15217391304347827,0.14,269.2391304347826,99,0.08080808080808081,0.08,218.75757575757575,272,0.13602941176470587,0.115625,291.51838235294116,7082,7082,85.22783899307251
N,3,3e-05,327680,282,0.1773049645390071,0.16666666666666666,303.08156028368796,138,0.10144927536231885,0.09333333333333334,297.8768115942029,93,0.12903225806451613,0.12,299.18279569892474,95,0.1368421052631579,0.13,287.9578947368421,96,0.13541666666666666,0.13,297.8125,92,0.21739130434782608,0.2,303.6304347826087,99,0.12121212121212122,0.12,248.35353535353536,272,0.20220588235294118,0.171875,331.1654411764706,7082,7082,85.22783899307251
N,3,3e-05,348160,282,0.20567375886524822,0.19333333333333333,314.1276595744681,138,0.15217391304347827,0.14,315.92753623188406,93,0.15053763440860216,0.14,306.5376344086022,95,0.12631578947368421,0.12,292.2421052631579,96,0.15625,0.15,308.1041666666667,92,0.17391304347826086,0.16,311.42391304347825,99,0.0707070707070707,0.07,251.5151515151515,272,0.20955882352941177,0.178125,340.49264705882354,7082,7082,85.22783899307251
N,3,3e-05,368640,282,0.2872340425531915,0.27,345.06028368794324,138,0.2608695652173913,0.24,351.77536231884056,93,0.1827956989247312,0.17,345.1290322580645,95,0.23157894736842105,0.22,328.22105263157897,96,0.23958333333333334,0.23,347.6041666666667,92,0.2826086956521739,0.26,341.6521739130435,99,0.16161616161616163,0.16,279.030303030303,272,0.3382352941176471,0.2875,363.6102941176471,7082,7082,85.22783899307251
N,3,3e-05,389120,282,0.2375886524822695,0.22333333333333333,321.6099290780142,138,0.15942028985507245,0.14666666666666667,320.768115942029,93,0.16129032258064516,0.15,313.5698924731183,95,0.14736842105263157,0.14,306.53684210526313,96,0.16666666666666666,0.16,315.71875,92,0.25,0.23,318.2608695652174,99,0.12121212121212122,0.12,256.6060606060606,272,0.2977941176470588,0.253125,345.3125,7082,7082,85.22783899307251
N,3,3e-05,409600,282,0.21631205673758866,0.20333333333333334,308.7269503546099,138,0.17391304347826086,0.16,312.5507246376812,93,0.15053763440860216,0.14,306.1290322580645,95,0.12631578947368421,0.12,292.85263157894735,96,0.19791666666666666,0.19,310.1875,92,0.21739130434782608,0.2,309.0217391304348,99,0.09090909090909091,0.09,245.67676767676767,272,0.21691176470588236,0.184375,335.00735294117646,7082,7082,85.22783899307251
N,2,3e-05,0,282,0.02127659574468085,0.02,186.11702127659575,138,0.021739130434782608,0.02,188.3840579710145,93,0.03225806451612903,0.03,189.53763440860214,95,0.0,0.0,161.0842105263158,96,0.0,0.0,29.322916666666668,92,0.010869565217391304,0.01,177.1413043478261,99,0.020202020202020204,0.02,127.86868686868686,272,0.007352941176470588,0.00625,135.37867647058823,7111,7111,85.41649889945984
N,2,3e-05,20480,282,0.01773049645390071,0.016666666666666666,68.14893617021276,138,0.0,0.0,56.71739130434783,93,0.0,0.0,59.18279569892473,95,0.0,0.0,55.85263157894737,96,0.041666666666666664,0.04,81.45833333333333,92,0.010869565217391304,0.01,66.70652173913044,99,0.0,0.0,47.64646464646464,272,0.058823529411764705,0.05,99.28676470588235,7111,7111,85.41649889945984
N,2,3e-05,40960,282,0.01773049645390071,0.016666666666666666,68.68439716312056,138,0.0,0.0,58.02173913043478,93,0.0,0.0,61.924731182795696,95,0.0,0.0,58.536842105263155,96,0.041666666666666664,0.04,81.60416666666667,92,0.010869565217391304,0.01,67.19565217391305,99,0.0,0.0,48.94949494949495,272,0.0661764705882353,0.05625,99.28676470588235,7111,7111,85.41649889945984
N,2,3e-05,61440,282,0.01773049645390071,0.016666666666666666,75.66312056737588,138,0.0,0.0,64.42753623188406,93,0.0,0.0,67.26881720430107,95,0.0,0.0,65.26315789473684,96,0.041666666666666664,0.04,87.38541666666667,92,0.010869565217391304,0.01,75.41304347826087,99,0.0,0.0,52.303030303030305,272,0.06985294117647059,0.059375,106.57352941176471,7111,7111,85.41649889945984
N,2,3e-05,81920,282,0.02127659574468085,0.02,79.81914893617021,138,0.0,0.0,70.28260869565217,93,0.010752688172043012,0.01,76.58064516129032,95,0.010526315789473684,0.01,71.03157894736842,96,0.0625,0.06,101.11458333333333,92,0.03260869565217391,0.03,87.03260869565217,99,0.0,0.0,55.5959595959596,272,0.07352941176470588,0.0625,114.65073529411765,7111,7111,85.41649889945984
N,2,3e-05,102400,282,0.024822695035460994,0.023333333333333334,87.4645390070922,138,0.0,0.0,75.71014492753623,93,0.010752688172043012,0.01,86.38709677419355,95,0.010526315789473684,0.01,77.25263157894737,96,0.07291666666666667,0.07,110.79166666666667,92,0.03260869565217391,0.03,92.08695652173913,99,0.0,0.0,61.45454545454545,272,0.07720588235294118,0.065625,121.16911764705883,7111,7111,85.41649889945984
N,2,3e-05,122880,282,0.024822695035460994,0.023333333333333334,95.19858156028369,138,0.0,0.0,83.57246376811594,93,0.021505376344086023,0.02,98.54838709677419,95,0.021052631578947368,0.02,87.16842105263157,96,0.09375,0.09,125.875,92,0.043478260869565216,0.04,102.6195652173913,99,0.0,0.0,67.55555555555556,272,0.08088235294117647,0.06875,128.57720588235293,7111,7111,85.41649889945984
N,2,3e-05,143360,282,0.04964539007092199,0.04666666666666667,112.27304964539007,138,0.0,0.0,98.94202898550725,93,0.0,0.0,104.31182795698925,95,0.010526315789473684,0.01,98.58947368421053,96,0.07291666666666667,0.07,134.5625,92,0.05434782608695652,0.05,120.15217391304348,99,0.010101010101010102,0.01,78.92929292929293,272,0.08823529411764706,0.075,140.37132352941177,7111,7111,85.41649889945984
N,2,3e-05,163840,282,0.07092198581560284,0.06666666666666667,166.4822695035461,138,0.036231884057971016,0.03333333333333333,157.15217391304347,93,0.010752688172043012,0.01,154.83870967741936,95,0.031578947368421054,0.03,146.7157894736842,96,0.13541666666666666,0.13,191.82291666666666,92,0.10869565217391304,0.1,177.70652173913044,99,0.020202020202020204,0.02,121.91919191919192,272,0.11029411764705882,0.09375,183.97426470588235,7111,7111,85.41649889945984
N,2,3e-05,184320,282,0.36879432624113473,0.3466666666666667,281.89716312056737,138,0.39855072463768115,0.36666666666666664,294.2391304347826,93,0.44086021505376344,0.41,303.93548387096774,95,0.3263157894736842,0.31,267.09473684210525,96,0.40625,0.39,310.4583333333333,92,0.40217391304347827,0.37,286.9347826086956,99,0.2222222222222222,0.22,206.85858585858585,272,0.3897058823529412,0.33125,307.0772058823529,7111,7111,85.41649889945984
N,2,3e-05,204800,282,0.46808510638297873,0.44,368.5921985815603,138,0.5362318840579711,0.49333333333333335,391.69565217391306,93,0.5483870967741935,0.51,393.21505376344084,95,0.37894736842105264,0.36,359.36842105263156,96,0.5416666666666666,0.52,393.6354166666667,92,0.4782608695652174,0.44,376.82608695652175,99,0.2828282828282828,0.28,299.5151515151515,272,0.5514705882352942,0.46875,376.1617647058824,7111,7111,85.41649889945984
N,2,3e-05,225280,282,0.4148936170212766,0.39,382.8156028368794,138,0.463768115942029,0.4266666666666667,405.6666666666667,93,0.45161290322580644,0.42,407.6666666666667,95,0.3157894736842105,0.3,382.5473684210526,96,0.5,0.48,412.3020833333333,92,0.42391304347826086,0.39,390.5,99,0.26262626262626265,0.26,319.4343434343434,272,0.5698529411764706,0.484375,390.34558823529414,7111,7111,85.41649889945984
N,2,3e-05,245760,282,0.2907801418439716,0.2733333333333333,339.8829787234043,138,0.21739130434782608,0.2,341.1376811594203,93,0.22580645161290322,0.21,340.19354838709677,95,0.24210526315789474,0.23,325.5052631578947,96,0.22916666666666666,0.22,341.3333333333333,92,0.31521739130434784,0.29,342.0217391304348,99,0.15151515151515152,0.15,277.8989898989899,272,0.3492647058823529,0.296875,358.0220588235294,7111,7111,85.41649889945984
N,2,3e-05,266240,282,0.12411347517730496,0.11666666666666667,280.01418439716315,138,0.07971014492753623,0.07333333333333333,274.536231884058,93,0.0967741935483871,0.09,276.8494623655914,95,0.10526315789473684,0.1,263.4947368421053,96,0.125,0.12,282.65625,92,0.15217391304347827,0.14,280.9891304347826,99,0.1414141414141414,0.14,229.87878787878788,272,0.16544117647058823,0.140625,302.0257352941176,7111,7111,85.41649889945984
N,2,3e-05,286720,282,0.14893617021276595,0.14,279.93971631205676,138,0.11594202898550725,0.10666666666666667,275.42753623188406,93,0.0967741935483871,0.09,272.6989247311828,95,0.09473684210526316,0.09,263.22105263157897,96,0.125,0.12,276.3541666666667,92,0.14130434782608695,0.13,278.4347826086956,99,0.0707070707070707,0.07,225.56565656565655,272,0.17279411764705882,0.146875,308.99264705882354,7111,7111,85.41649889945984
N,2,3e-05,307200,282,0.1276595744680851,0.12,270.43617021276594,138,0.07246376811594203,0.06666666666666667,264.94202898550725,93,0.06451612903225806,0.06,262.7741935483871,95,0.07368421052631578,0.07,251.73684210526315,96,0.10416666666666667,0.1,267.5729166666667,92,0.14130434782608695,0.13,272.5978260869565,99,0.050505050505050504,0.05,214.05050505050505,272,0.12867647058823528,0.109375,296.1617647058824,7111,7111,85.41649889945984
N,2,3e-05,327680,282,0.1524822695035461,0.14333333333333334,282.0744680851064,138,0.11594202898550725,0.10666666666666667,276.5289855072464,93,0.07526881720430108,0.07,273.1720430107527,95,0.10526315789473684,0.1,264.2526315789474,96,0.125,0.12,275.8854166666667,92,0.16304347826086957,0.15,281.04347826086956,99,0.0707070707070707,0.07,225.59595959595958,272,0.17647058823529413,0.15,311.0404411764706,7111,7111,85.41649889945984
N,2,3e-05,348160,282,0.1276595744680851,0.12,263.02836879432624,138,0.08695652173913043,0.08,255.53623188405797,93,0.07526881720430108,0.07,252.51612903225808,95,0.08421052631578947,0.08,241.8421052631579,96,0.10416666666666667,0.1,257.3125,92,0.14130434782608695,0.13,264.9891304347826,99,0.06060606060606061,0.06,207.8181818181818,272,0.14338235294117646,0.121875,288.85661764705884,7111,7111,85.41649889945984
N,2,3e-05,368640,282,0.18085106382978725,0.17,300.3829787234043,138,0.15942028985507245,0.14666666666666667,302.57971014492756,93,0.13978494623655913,0.13,298.505376344086,95,0.10526315789473684,0.1,283.8315789473684,96,0.17708333333333334,0.17,302.125,92,0.1956521739130435,0.18,301.7826086956522,99,0.08080808080808081,0.08,241.24242424242425,272,0.20220588235294118,0.171875,325.125,7111,7111,85.41649889945984
N,2,3e-05,389120,282,0.20567375886524822,0.19333333333333333,303.7517730496454,138,0.17391304347826086,0.16,308.07971014492756,93,0.15053763440860216,0.14,303.5698924731183,95,0.14736842105263157,0.14,292.0,96,0.20833333333333334,0.2,310.25,92,0.17391304347826086,0.16,297.10869565217394,99,0.0707070707070707,0.07,239.44444444444446,272,0.20220588235294118,0.171875,328.1139705882353,7111,7111,85.41649889945984
N,2,3e-05,409600,282,0.11347517730496454,0.10666666666666667,254.43971631205673,138,0.06521739130434782,0.06,243.6231884057971,93,0.06451612903225806,0.06,240.96774193548387,95,0.09473684210526316,0.09,233.7578947368421,96,0.10416666666666667,0.1,249.72916666666666,92,0.14130434782608695,0.13,254.2173913043478,99,0.030303030303030304,0.03,196.03030303030303,272,0.1213235294117647,0.103125,278.25367647058823,7111,7111,85.41649889945984
N,1,3e-05,0,282,0.0,0.0,35.02836879432624,138,0.0,0.0,33.14492753623188,93,0.0,0.0,33.89247311827957,95,0.0,0.0,33.54736842105263,96,0.0,0.0,48.864583333333336,92,0.0,0.0,39.02173913043478,99,0.0,0.0,28.67676767676768,272,0.025735294117647058,0.021875,46.77205882352941,7053,7053,85.46980381011963
N,1,3e-05,20480,282,0.01773049645390071,0.016666666666666666,68.08156028368795,138,0.0,0.0,56.630434782608695,93,0.010752688172043012,0.01,62.634408602150536,95,0.010526315789473684,0.01,62.26315789473684,96,0.03125,0.03,78.125,92,0.021739130434782608,0.02,71.32608695652173,99,0.0,0.0,50.35353535353536,272,0.04779411764705882,0.040625,96.27941176470588,7053,7053,85.46980381011963
N,1,3e-05,40960,282,0.01773049645390071,0.016666666666666666,69.65602836879432,138,0.0,0.0,58.06521739130435,93,0.0,0.0,60.1505376344086,95,0.0,0.0,56.8421052631579,96,0.03125,0.03,80.76041666666667,92,0.010869565217391304,0.01,70.29347826086956,99,0.0,0.0,48.333333333333336,272,0.04779411764705882,0.040625,99.37867647058823,7053,7053,85.46980381011963
N,1,3e-05,61440,282,0.02127659574468085,0.02,72.94680851063829,138,0.007246376811594203,0.006666666666666667,63.63768115942029,93,0.0,0.0,65.93548387096774,95,0.010526315789473684,0.01,63.56842105263158,96,0.041666666666666664,0.04,88.33333333333333,92,0.010869565217391304,0.01,71.79347826086956,99,0.010101010101010102,0.01,54.888888888888886,272,0.051470588235294115,0.04375,104.22058823529412,7053,7053,85.46980381011963
N,1,3e-05,81920,282,0.024822695035460994,0.023333333333333334,79.42553191489361,138,0.007246376811594203,0.006666666666666667,69.7463768115942,93,0.010752688172043012,0.01,71.68817204301075,95,0.010526315789473684,0.01,69.08421052631579,96,0.041666666666666664,0.04,92.66666666666667,92,0.010869565217391304,0.01,81.8913043478261,99,0.0,0.0,54.56565656565657,272,0.04779411764705882,0.040625,108.93014705882354,7053,7053,85.46980381011963
N,1,3e-05,102400,282,0.03900709219858156,0.03666666666666667,91.19148936170212,138,0.0,0.0,72.42753623188406,93,0.0,0.0,75.46236559139786,95,0.010526315789473684,0.01,75.01052631578948,96,0.052083333333333336,0.05,99.16666666666667,92,0.021739130434782608,0.02,94.34782608695652,99,0.0,0.0,59.04040404040404,272,0.0661764705882353,0.05625,115.20220588235294,7053,7053,85.46980381011963
N,1,3e-05,122880,282,0.04609929078014184,0.043333333333333335,100.81914893617021,138,0.007246376811594203,0.006666666666666667,85.65942028985508,93,0.0,0.0,86.6989247311828,95,0.010526315789473684,0.01,83.2421052631579,96,0.052083333333333336,0.05,112.88541666666667,92,0.05434782608695652,0.05,106.18478260869566,99,0.0,0.0,65.82828282828282,272,0.07352941176470588,0.0625,127.34558823529412,7053,7053,85.46980381011963
N,1,3e-05,143360,282,0.06382978723404255,0.06,130.08510638297872,138,0.007246376811594203,0.006666666666666667,118.52898550724638,93,0.0,0.0,119.16129032258064,95,0.010526315789473684,0.01,108.10526315789474,96,0.10416666666666667,0.1,151.32291666666666,92,0.07608695652173914,0.07,136.1195652173913,99,0.010101010101010102,0.01,90.18181818181819,272,0.10294117647058823,0.0875,154.6691176470588,7053,7053,85.46980381011963
N,1,3e-05,163840,282,0.10283687943262411,0.09666666666666666,184.5921985815603,138,0.036231884057971016,0.03333333333333333,171.20289855072463,93,0.043010752688172046,0.04,182.10752688172042,95,0.09473684210526316,0.09,171.47368421052633,96,0.15625,0.15,203.875,92,0.11956521739130435,0.11,194.97826086956522,99,0.030303030303030304,0.03,136.6060606060606,272,0.1323529411764706,0.1125,206.5110294117647,7053,7053,85.46980381011963
N,1,3e-05,184320,282,0.6453900709219859,0.6066666666666667,371.06028368794324,138,0.6811594202898551,0.6266666666666667,383.0072463768116,93,0.7419354838709677,0.69,402.1290322580645,95,0.5894736842105263,0.56,348.5578947368421,96,0.7083333333333334,0.68,390.7604166666667,92,0.6739130434782609,0.62,380.55434782608694,99,0.43434343434343436,0.43,285.19191919191917,272,0.4889705882352941,0.415625,354.0404411764706,7053,7053,85.46980381011963
N,1,3e-05,204800,282,0.3475177304964539,0.32666666666666666,335.74468085106383,138,0.3333333333333333,0.30666666666666664,357.07971014492756,93,0.3010752688172043,0.28,359.93548387096774,95,0.3157894736842105,0.3,329.4736842105263,96,0.3229166666666667,0.31,352.3020833333333,92,0.3695652173913043,0.34,342.32608695652175,99,0.20202020202020202,0.2,269.6868686868687,272,0.4522058823529412,0.384375,365.10661764705884,7053,7053,85.46980381011963
N,1,3e-05,225280,282,0.13829787234042554,0.13,268.70212765957444,138,0.08695652173913043,0.08,268.3623188405797,93,0.10752688172043011,0.1,264.26881720430106,95,0.11578947368421053,0.11,253.58947368421053,96,0.14583333333333334,0.14,274.0729166666667,92,0.17391304347826086,0.16,272.14130434782606,99,0.030303030303030304,0.03,202.26262626262627,272,0.16544117647058823,0.140625,293.8860294117647,7053,7053,85.46980381011963
N,1,3e-05,245760,282,0.1276595744680851,0.12,253.8049645390071,138,0.07246376811594203,0.06666666666666667,242.42028985507247,93,0.08602150537634409,0.08,242.752688172043,95,0.07368421052631578,0.07,234.83157894736843,96,0.11458333333333333,0.11,254.05208333333334,92,0.14130434782608695,0.13,255.3804347826087,99,0.04040404040404041,0.04,194.33333333333334,272,0.125,0.10625,277.9485294117647,7053,7053,85.46980381011963
N,1,3e-05,266240,282,0.11702127659574468,0.11,248.16666666666666,138,0.043478260869565216,0.04,234.93478260869566,93,0.06451612903225806,0.06,235.04301075268816,95,0.09473684210526316,0.09,230.81052631578947,96,0.10416666666666667,0.1,245.95833333333334,92,0.11956521739130435,0.11,247.7608695652174,99,0.020202020202020204,0.02,191.16161616161617,272,0.12867647058823528,0.109375,272.70588235294116,7053,7053,85.46980381011963
N,1,3e-05,286720,282,0.1702127659574468,0.16,282.93617021276594,138,0.09420289855072464,0.08666666666666667,278.2391304347826,93,0.10752688172043011,0.1,274.2903225806452,95,0.09473684210526316,0.09,262.8,96,0.125,0.12,277.5729166666667,92,0.13043478260869565,0.12,280.14130434782606,99,0.06060606060606061,0.06,224.1919191919192,272,0.15441176470588236,0.13125,307.4852941176471,7053,7053,85.46980381011963
N,1,3e-05,307200,282,0.14184397163120568,0.13333333333333333,279.28014184397165,138,0.08695652173913043,0.08,281.5,93,0.08602150537634409,0.08,276.51612903225805,95,0.12631578947368421,0.12,268.7368421052632,96,0.16666666666666666,0.16,285.8854166666667,92,0.16304347826086957,0.15,279.0,99,0.06060606060606061,0.06,218.989898989899,272,0.13970588235294118,0.11875,301.0220588235294,7053,7053,85.46980381011963
N,1,3e-05,327680,282,0.17375886524822695,0.16333333333333333,290.5070921985816,138,0.12318840579710146,0.11333333333333333,285.9492753623188,93,0.11827956989247312,0.11,282.6236559139785,95,0.1368421052631579,0.13,273.94736842105266,96,0.125,0.12,284.71875,92,0.18478260869565216,0.17,292.89130434782606,99,0.1111111111111111,0.11,236.82828282828282,272,0.19852941176470587,0.16875,321.21691176470586,7053,7053,85.46980381011963
N,1,3e-05,348160,282,0.1453900709219858,0.13666666666666666,269.01418439716315,138,0.08695652173913043,0.08,263.9855072463768,93,0.0967741935483871,0.09,257.93548387096774,95,0.08421052631578947,0.08,248.49473684210525,96,0.11458333333333333,0.11,268.3020833333333,92,0.11956521739130435,0.11,265.60869565217394,99,0.04040404040404041,0.04,202.34343434343435,272,0.15441176470588236,0.13125,290.125,7053,7053,85.46980381011963
N,1,3e-05,368640,282,0.14893617021276595,0.14,268.49645390070924,138,0.08695652173913043,0.08,264.40579710144925,93,0.08602150537634409,0.08,258.48387096774195,95,0.08421052631578947,0.08,249.2736842105263,96,0.11458333333333333,0.11,266.03125,92,0.09782608695652174,0.09,264.17391304347825,99,0.04040404040404041,0.04,205.83838383838383,272,0.15073529411764705,0.128125,291.4632352941176,7053,7053,85.46980381011963
N,1,3e-05,389120,282,0.11702127659574468,0.11,272.9645390070922,138,0.050724637681159424,0.04666666666666667,259.6449275362319,93,0.043010752688172046,0.04,263.64516129032256,95,0.12631578947368421,0.12,257.7684210526316,96,0.125,0.12,271.65625,92,0.17391304347826086,0.16,278.79347826086956,99,0.1111111111111111,0.11,225.41414141414143,272,0.14705882352941177,0.125,297.40808823529414,7053,7053,85.46980381011963
N,1,3e-05,409600,282,0.1099290780141844,0.10333333333333333,274.531914893617,138,0.057971014492753624,0.05333333333333334,265.3478260869565,93,0.06451612903225806,0.06,267.9462365591398,95,0.14736842105263157,0.14,262.0105263157895,96,0.125,0.12,273.6145833333333,92,0.18478260869565216,0.17,281.1521739130435,99,0.1111111111111111,0.11,226.21212121212122,272,0.16176470588235295,0.1375,302.5514705882353,7053,7053,85.46980381011963
N,5,3e-05,0,282,0.0,0.0,15.368794326241135,138,0.0,0.0,19.17391304347826,93,0.0,0.0,23.516129032258064,95,0.0,0.0,18.957894736842107,96,0.0,0.0,19.4375,92,0.0,0.0,15.206521739130435,99,0.0,0.0,14.535353535353535,272,0.0,0.0,14.286764705882353,6952,6952,94.48948621749878
N,5,3e-05,20480,282,0.02127659574468085,0.02,69.56737588652483,138,0.0,0.0,60.6231884057971,93,0.0,0.0,64.12903225806451,95,0.010526315789473684,0.01,61.37894736842105,96,0.03125,0.03,82.90625,92,0.010869565217391304,0.01,66.45652173913044,99,0.0,0.0,48.98989898989899,272,0.0661764705882353,0.05625,102.36764705882354,6952,6952,94.48948621749878
N,5,3e-05,40960,282,0.02127659574468085,0.02,73.36170212765957,138,0.0,0.0,61.97826086956522,93,0.010752688172043012,0.01,67.6236559139785,95,0.010526315789473684,0.01,64.32631578947368,96,0.0625,0.06,92.58333333333333,92,0.010869565217391304,0.01,76.16304347826087,99,0.0,0.0,51.21212121212121,272,0.07352941176470588,0.0625,105.8345588235294,6952,6952,94.48948621749878
N,5,3e-05,61440,282,0.01773049645390071,0.016666666666666666,78.34397163120568,138,0.0,0.0,64.43478260869566,93,0.0,0.0,68.31182795698925,95,0.0,0.0,62.242105263157896,96,0.020833333333333332,0.02,84.01041666666667,92,0.03260869565217391,0.03,78.92391304347827,99,0.0,0.0,51.464646464646464,272,0.0661764705882353,0.05625,106.85661764705883,6952,6952,94.48948621749878
N,5,3e-05,81920,282,0.024822695035460994,0.023333333333333334,79.84751773049645,138,0.0,0.0,71.97101449275362,93,0.0,0.0,71.35483870967742,95,0.010526315789473684,0.01,68.3578947368421,96,0.010416666666666666,0.01,83.64583333333333,92,0.021739130434782608,0.02,82.04347826086956,99,0.0,0.0,53.80808080808081,272,0.0625,0.053125,106.71323529411765,6952,6952,94.48948621749878
N,5,3e-05,102400,282,0.028368794326241134,0.02666666666666667,88.16666666666667,138,0.0,0.0,79.81884057971014,93,0.0,0.0,81.65591397849462,95,0.010526315789473684,0.01,74.57894736842105,96,0.020833333333333332,0.02,95.08333333333333,92,0.03260869565217391,0.03,94.44565217391305,99,0.010101010101010102,0.01,62.03030303030303,272,0.06985294117647059,0.059375,116.32720588235294,6952,6952,94.48948621749878
N,5,3e-05,122880,282,0.0425531914893617,0.04,99.95744680851064,138,0.0,0.0,93.0072463768116,93,0.010752688172043012,0.01,90.56989247311827,95,0.010526315789473684,0.01,85.18947368421053,96,0.041666666666666664,0.04,112.85416666666667,92,0.043478260869565216,0.04,104.21739130434783,99,0.010101010101010102,0.01,69.04040404040404,272,0.07720588235294118,0.065625,126.23161764705883,6952,6952,94.48948621749878
N,5,3e-05,143360,282,0.04609929078014184,0.043333333333333335,116.81205673758865,138,0.014492753623188406,0.013333333333333334,109.96376811594203,93,0.010752688172043012,0.01,112.26881720430107,95,0.021052631578947368,0.02,106.34736842105264,96,0.020833333333333332,0.02,119.27083333333333,92,0.043478260869565216,0.04,116.78260869565217,99,0.010101010101010102,0.01,83.91919191919192,272,0.08455882352941177,0.071875,140.5441176470588,6952,6952,94.48948621749878
N,5,3e-05,163840,282,0.0425531914893617,0.04,155.86879432624113,138,0.0,0.0,151.17391304347825,93,0.0,0.0,155.247311827957,95,0.021052631578947368,0.02,144.7157894736842,96,0.03125,0.03,167.03125,92,0.03260869565217391,0.03,155.04347826086956,99,0.010101010101010102,0.01,119.92929292929293,272,0.09926470588235294,0.084375,179.98529411764707,6952,6952,94.48948621749878
N,5,3e-05,184320,282,0.1524822695035461,0.14333333333333334,246.53191489361703,138,0.08695652173913043,0.08,249.1014492753623,93,0.08602150537634409,0.08,254.09677419354838,95,0.08421052631578947,0.08,230.2,96,0.19791666666666666,0.19,277.4583333333333,92,0.15217391304347827,0.14,255.5108695652174,99,0.0707070707070707,0.07,179.21212121212122,272,0.1875,0.159375,262.3382352941176,6952,6952,94.48948621749878
N,5,3e-05,204800,282,0.2801418439716312,0.2633333333333333,309.0921985815603,138,0.32608695652173914,0.3,330.6449275362319,93,0.3118279569892473,0.29,330.0860215053763,95,0.2631578947368421,0.25,310.37894736842105,96,0.3854166666666667,0.37,338.6770833333333,92,0.30434782608695654,0.28,318.30434782608694,99,0.15151515151515152,0.15,243.5252525252525,272,0.3235294117647059,0.275,336.3492647058824,6952,6952,94.48948621749878
N,5,3e-05,225280,282,0.1595744680851064,0.15,267.8156028368794,138,0.13768115942028986,0.12666666666666668,273.22463768115944,93,0.11827956989247312,0.11,265.93548387096774,95,0.11578947368421053,0.11,254.01052631578946,96,0.17708333333333334,0.17,278.96875,92,0.1956521739130435,0.18,271.1630434782609,99,0.04040404040404041,0.04,205.16161616161617,272,0.1875,0.159375,299.27941176470586,6952,6952,94.48948621749878
N,5,3e-05,245760,282,0.20921985815602837,0.19666666666666666,301.28723404255317,138,0.15217391304347827,0.14,295.4347826086956,93,0.13978494623655913,0.13,298.2795698924731,95,0.17894736842105263,0.17,282.2,96,0.20833333333333334,0.2,307.2604166666667,92,0.2391304347826087,0.22,306.7608695652174,99,0.1717171717171717,0.17,244.12121212121212,272,0.19852941176470587,0.16875,316.44485294117646,6952,6952,94.48948621749878
N,5,3e-05,266240,282,0.1702127659574468,0.16,276.9432624113475,138,0.07971014492753623,0.07333333333333333,267.963768115942,93,0.0967741935483871,0.09,269.61290322580646,95,0.12631578947368421,0.12,259.5684210526316,96,0.13541666666666666,0.13,275.6041666666667,92,0.17391304347826086,0.16,279.4673913043478,99,0.12121212121212122,0.12,223.42424242424244,272,0.1801470588235294,0.153125,307.62132352941177,6952,6952,94.48948621749878
N,5,3e-05,286720,282,0.09574468085106383,0.09,247.61702127659575,138,0.050724637681159424,0.04666666666666667,238.32608695652175,93,0.08602150537634409,0.08,237.80645161290323,95,0.09473684210526316,0.09,231.6315789473684,96,0.11458333333333333,0.11,245.05208333333334,92,0.14130434782608695,0.13,250.25,99,0.030303030303030304,0.03,191.66666666666666,272,0.1213235294117647,0.103125,273.2867647058824,6952,6952,94.48948621749878
N,5,3e-05,307200,282,0.09929078014184398,0.09333333333333334,268.90425531914894,138,0.036231884057971016,0.03333333333333333,257.0652173913044,93,0.08602150537634409,0.08,260.4731182795699,95,0.08421052631578947,0.08,253.03157894736842,96,0.10416666666666667,0.1,263.1145833333333,92,0.17391304347826086,0.16,274.60869565217394,99,0.08080808080808081,0.08,220.1010101010101,272,0.1323529411764706,0.1125,295.8639705882353,6952,6952,94.48948621749878
N,5,3e-05,327680,282,0.1595744680851064,0.15,298.5567375886525,138,0.10144927536231885,0.09333333333333334,285.0289855072464,93,0.12903225806451613,0.12,285.18279569892474,95,0.14736842105263157,0.14,281.4526315789474,96,0.19791666666666666,0.19,302.8645833333333,92,0.16304347826086957,0.15,297.8804347826087,99,0.15151515151515152,0.15,245.62626262626262,272,0.15441176470588236,0.13125,299.6470588235294,6952,6952,94.48948621749878
N,5,3e-05,348160,282,0.1879432624113475,0.17666666666666667,301.8156028368794,138,0.12318840579710146,0.11333333333333333,295.7391304347826,93,0.12903225806451613,0.12,296.505376344086,95,0.1368421052631579,0.13,281.9157894736842,96,0.13541666666666666,0.13,297.0729166666667,92,0.21739130434782608,0.2,302.4673913043478,99,0.15151515151515152,0.15,250.36363636363637,272,0.20588235294117646,0.175,328.6470588235294,6952,6952,94.48948621749878
N,5,3e-05,368640,282,0.09574468085106383,0.09,250.06028368794327,138,0.043478260869565216,0.04,240.3768115942029,93,0.08602150537634409,0.08,239.18279569892474,95,0.08421052631578947,0.08,231.17894736842106,96,0.11458333333333333,0.11,246.78125,92,0.15217391304347827,0.14,252.65217391304347,99,0.030303030303030304,0.03,195.3939393939394,272,0.125,0.10625,276.80882352941177,6952,6952,94.48948621749878
N,5,3e-05,389120,282,0.16666666666666666,0.15666666666666668,280.26241134751774,138,0.10144927536231885,0.09333333333333334,274.5507246376812,93,0.10752688172043011,0.1,270.258064516129,95,0.09473684210526316,0.09,257.6736842105263,96,0.11458333333333333,0.11,273.6458333333333,92,0.14130434782608695,0.13,278.89130434782606,99,0.06060606060606061,0.06,217.83838383838383,272,0.15808823529411764,0.134375,307.8492647058824,6952,6952,94.48948621749878
N,5,3e-05,409600,282,0.20212765957446807,0.19,299.15602836879435,138,0.14492753623188406,0.13333333333333333,299.9782608695652,93,0.13978494623655913,0.13,294.06451612903226,95,0.11578947368421053,0.11,280.0210526315789,96,0.16666666666666666,0.16,297.7604166666667,92,0.1956521739130435,0.18,300.5652173913044,99,0.06060606060606061,0.06,233.53535353535352,272,0.21323529411764705,0.18125,330.27941176470586,6952,6952,94.48948621749878
N,6,3e-05,0,282,0.0,0.0,13.861702127659575,138,0.0,0.0,17.434782608695652,93,0.0,0.0,21.322580645161292,95,0.0,0.0,17.2,96,0.0,0.0,17.989583333333332,92,0.0,0.0,13.380434782608695,99,0.0,0.0,12.868686868686869,272,0.0,0.0,13.683823529411764,7004,7004,94.8189697265625
N,6,3e-05,20480,282,0.02127659574468085,0.02,68.02482269503547,138,0.0,0.0,57.369565217391305,93,0.0,0.0,59.774193548387096,95,0.0,0.0,55.863157894736844,96,0.041666666666666664,0.04,81.72916666666667,92,0.021739130434782608,0.02,68.83695652173913,99,0.0,0.0,45.81818181818182,272,0.058823529411764705,0.05,96.2904411764706,7004,7004,94.8189697265625
N,6,3e-05,40960,282,0.024822695035460994,0.023333333333333334,73.95035460992908,138,0.0,0.0,59.492753623188406,93,0.0,0.0,61.903225806451616,95,0.0,0.0,58.2,96,0.052083333333333336,0.05,86.60416666666667,92,0.021739130434782608,0.02,71.83695652173913,99,0.0,0.0,48.323232323232325,272,0.07352941176470588,0.0625,104.4154411764706,7004,7004,94.8189697265625
N,6,3e-05,61440,282,0.03900709219858156,0.03666666666666667,80.83687943262412,138,0.0,0.0,65.5,93,0.0,0.0,70.09677419354838,95,0.010526315789473684,0.01,67.89473684210526,96,0.041666666666666664,0.04,94.54166666666667,92,0.021739130434782608,0.02,76.77173913043478,99,0.0,0.0,52.74747474747475,272,0.07352941176470588,0.0625,107.75735294117646,7004,7004,94.8189697265625
N,6,3e-05,81920,282,0.03900709219858156,0.03666666666666667,87.59929078014184,138,0.0,0.0,71.48550724637681,93,0.0,0.0,76.11827956989248,95,0.010526315789473684,0.01,72.58947368421053,96,0.041666666666666664,0.04,100.79166666666667,92,0.021739130434782608,0.02,82.95652173913044,99,0.0,0.0,56.24242424242424,272,0.07720588235294118,0.065625,115.48897058823529,7004,7004,94.8189697265625
N,6,3e-05,102400,282,0.03900709219858156,0.03666666666666667,96.00709219858156,138,0.021739130434782608,0.02,90.67391304347827,93,0.010752688172043012,0.01,88.17204301075269,95,0.010526315789473684,0.01,80.11578947368422,96,0.052083333333333336,0.05,113.58333333333333,92,0.05434782608695652,0.05,101.51086956521739,99,0.010101010101010102,0.01,66.82828282828282,272,0.07352941176470588,0.0625,122.09191176470588,7004,7004,94.8189697265625
N,6,3e-05,122880,282,0.05319148936170213,0.05,114.05319148936171,138,0.0,0.0,100.44202898550725,93,0.010752688172043012,0.01,102.78494623655914,95,0.010526315789473684,0.01,97.76842105263158,96,0.03125,0.03,116.13541666666667,92,0.05434782608695652,0.05,115.76086956521739,99,0.010101010101010102,0.01,77.57575757575758,272,0.08823529411764706,0.075,137.90808823529412,7004,7004,94.8189697265625
N,6,3e-05,143360,282,0.0425531914893617,0.04,147.06737588652481,138,0.007246376811594203,0.006666666666666667,143.5144927536232,93,0.010752688172043012,0.01,147.41935483870967,95,0.031578947368421054,0.03,139.53684210526316,96,0.020833333333333332,0.02,156.52083333333334,92,0.03260869565217391,0.03,146.7608695652174,99,0.010101010101010102,0.01,111.55555555555556,272,0.08823529411764706,0.075,168.5183823529412,7004,7004,94.8189697265625
N,6,3e-05,163840,282,0.02127659574468085,0.02,172.96453900709218,138,0.0,0.0,179.6086956521739,93,0.0,0.0,175.1290322580645,95,0.031578947368421054,0.03,179.8842105263158,96,0.020833333333333332,0.02,184.48958333333334,92,0.043478260869565216,0.04,188.79347826086956,99,0.010101010101010102,0.01,148.59595959595958,272,0.0625,0.053125,183.79779411764707,7004,7004,94.8189697265625
N,6,3e-05,184320,282,0.18085106382978725,0.17,263.1914893617021,138,0.15942028985507245,0.14666666666666667,270.231884057971,93,0.12903225806451613,0.12,262.4193548387097,95,0.16842105263157894,0.16,269.3157894736842,96,0.21875,0.21,293.5520833333333,92,0.18478260869565216,0.17,276.64130434782606,99,0.06060606060606061,0.06,205.59595959595958,272,0.22058823529411764,0.1875,269.3529411764706,7004,7004,94.8189697265625
N,6,3e-05,204800,282,0.4219858156028369,0.39666666666666667,349.2836879432624,138,0.4927536231884058,0.4533333333333333,377.6521739130435,93,0.4838709677419355,0.45,377.5806451612903,95,0.4631578947368421,0.44,366.7684210526316,96,0.5,0.48,375.1145833333333,92,0.5217391304347826,0.48,367.17391304347825,99,0.36363636363636365,0.36,287.34343434343435,272,0.4889705882352941,0.415625,369.1727941176471,7004,7004,94.8189697265625
N,6,3e-05,225280,282,0.1879432624113475,0.17666666666666667,280.88652482269504,138,0.16666666666666666,0.15333333333333332,287.8623188405797,93,0.15053763440860216,0.14,283.19354838709677,95,0.10526315789473684,0.1,266.7473684210526,96,0.19791666666666666,0.19,293.5,92,0.1956521739130435,0.18,282.1304347826087,99,0.050505050505050504,0.05,212.7171717171717,272,0.21323529411764705,0.18125,307.94485294117646,7004,7004,94.8189697265625
N,6,3e-05,245760,282,0.14893617021276595,0.14,264.1914893617021,138,0.07246376811594203,0.06666666666666667,249.7391304347826,93,0.0967741935483871,0.09,251.65591397849462,95,0.08421052631578947,0.08,244.0842105263158,96,0.11458333333333333,0.11,263.2395833333333,92,0.18478260869565216,0.17,267.0869565217391,99,0.04040404040404041,0.04,203.73737373737373,272,0.15441176470588236,0.13125,291.94117647058823,7004,7004,94.8189697265625
N,6,3e-05,266240,282,0.22695035460992907,0.21333333333333335,305.7411347517731,138,0.2028985507246377,0.18666666666666668,312.21014492753625,93,0.16129032258064516,0.15,304.3763440860215,95,0.17894736842105263,0.17,293.86315789473684,96,0.19791666666666666,0.19,311.3854166666667,92,0.2391304347826087,0.22,306.8804347826087,99,0.10101010101010101,0.1,237.78787878787878,272,0.25,0.2125,332.2242647058824,7004,7004,94.8189697265625
N,6,3e-05,286720,282,0.13120567375886524,0.12333333333333334,264.709219858156,138,0.07246376811594203,0.06666666666666667,263.9347826086956,93,0.07526881720430108,0.07,263.5806451612903,95,0.09473684210526316,0.09,250.8421052631579,96,0.16666666666666666,0.16,275.21875,92,0.14130434782608695,0.13,262.0108695652174,99,0.050505050505050504,0.05,205.03030303030303,272,0.1323529411764706,0.1125,285.4632352941176,7004,7004,94.8189697265625
N,6,3e-05,307200,282,0.1347517730496454,0.12666666666666668,262.91843971631204,138,0.07246376811594203,0.06666666666666667,257.94202898550725,93,0.08602150537634409,0.08,252.78494623655914,95,0.08421052631578947,0.08,240.81052631578947,96,0.13541666666666666,0.13,263.4479166666667,92,0.11956521739130435,0.11,257.3152173913044,99,0.050505050505050504,0.05,197.6969696969697,272,0.125,0.10625,280.1617647058824,7004,7004,94.8189697265625
N,6,3e-05,327680,282,0.14184397163120568,0.13333333333333333,260.1950354609929,138,0.07971014492753623,0.07333333333333333,249.68115942028984,93,0.07526881720430108,0.07,247.56989247311827,95,0.09473684210526316,0.09,240.37894736842105,96,0.10416666666666667,0.1,256.2083333333333,92,0.15217391304347827,0.14,260.9673913043478,99,0.050505050505050504,0.05,202.8181818181818,272,0.14705882352941177,0.125,289.81617647058823,7004,7004,94.8189697265625
N,6,3e-05,348160,282,0.1276595744680851,0.12,274.11347517730496,138,0.057971014492753624,0.05333333333333334,260.8985507246377,93,0.07526881720430108,0.07,267.01075268817203,95,0.11578947368421053,0.11,254.7578947368421,96,0.125,0.12,270.6979166666667,92,0.18478260869565216,0.17,280.0326086956522,99,0.1111111111111111,0.11,222.94949494949495,272,0.16544117647058823,0.140625,301.2720588235294,7004,7004,94.8189697265625
N,6,3e-05,368640,282,0.2198581560283688,0.20666666666666667,317.95390070921985,138,0.13768115942028986,0.12666666666666668,309.60869565217394,93,0.17204301075268819,0.16,308.83870967741933,95,0.16842105263157894,0.16,299.0736842105263,96,0.16666666666666666,0.16,310.4375,92,0.21739130434782608,0.2,313.39130434782606,99,0.18181818181818182,0.18,259.24242424242425,272,0.23897058823529413,0.203125,340.87867647058823,7004,7004,94.8189697265625
N,6,3e-05,389120,282,0.13120567375886524,0.12333333333333334,277.75531914893617,138,0.050724637681159424,0.04666666666666667,265.6811594202899,93,0.07526881720430108,0.07,269.8494623655914,95,0.14736842105263157,0.14,263.22105263157897,96,0.11458333333333333,0.11,273.4479166666667,92,0.17391304347826086,0.16,283.6195652173913,99,0.1111111111111111,0.11,230.40404040404042,272,0.15808823529411764,0.134375,304.9779411764706,7004,7004,94.8189697265625
N,6,3e-05,409600,282,0.1879432624113475,0.17666666666666667,312.6808510638298,138,0.15217391304347827,0.14,308.4782608695652,93,0.15053763440860216,0.14,307.39784946236557,95,0.16842105263157894,0.16,295.5473684210526,96,0.14583333333333334,0.14,305.40625,92,0.25,0.23,315.0326086956522,99,0.1414141414141414,0.14,256.7878787878788,272,0.2536764705882353,0.215625,344.4007352941176,7004,7004,94.8189697265625
N,4,3e-05,0,282,0.0,0.0,59.322695035460995,138,0.0,0.0,62.405797101449274,93,0.0,0.0,65.61290322580645,95,0.0,0.0,57.31578947368421,96,0.0,0.0,53.3125,92,0.0,0.0,56.891304347826086,99,0.0,0.0,41.55555555555556,272,0.0,0.0,61.81985294117647,6781,6781,95.52243995666504
N,4,3e-05,20480,282,0.0070921985815602835,0.006666666666666667,66.2517730496454,138,0.0,0.0,63.02173913043478,93,0.0,0.0,63.333333333333336,95,0.0,0.0,56.357894736842105,96,0.0,0.0,68.625,92,0.010869565217391304,0.01,73.57608695652173,99,0.0,0.0,49.73737373737374,272,0.03308823529411765,0.028125,87.81985294117646,6781,6781,95.52243995666504
N,4,3e-05,40960,282,0.02127659574468085,0.02,73.76595744680851,138,0.0,0.0,60.73913043478261,93,0.0,0.0,63.043010752688176,95,0.0,0.0,61.63157894736842,96,0.020833333333333332,0.02,81.5,92,0.010869565217391304,0.01,73.27173913043478,99,0.010101010101010102,0.01,57.92929292929293,272,0.03676470588235294,0.03125,101.83823529411765,6781,6781,95.52243995666504
N,4,3e-05,61440,282,0.028368794326241134,0.02666666666666667,81.71631205673759,138,0.0,0.0,66.94202898550725,93,0.0,0.0,67.97849462365592,95,0.010526315789473684,0.01,72.57894736842105,96,0.03125,0.03,90.3125,92,0.010869565217391304,0.01,80.97826086956522,99,0.020202020202020204,0.02,60.93939393939394,272,0.03308823529411765,0.028125,106.83823529411765,6781,6781,95.52243995666504
N,4,3e-05,81920,282,0.031914893617021274,0.03,90.86524822695036,138,0.007246376811594203,0.006666666666666667,77.67391304347827,93,0.0,0.0,74.36559139784946,95,0.010526315789473684,0.01,76.22105263157894,96,0.041666666666666664,0.04,96.33333333333333,92,0.010869565217391304,0.01,91.71739130434783,99,0.020202020202020204,0.02,65.63636363636364,272,0.03676470588235294,0.03125,111.34191176470588,6781,6781,95.52243995666504
N,4,3e-05,102400,282,0.02127659574468085,0.02,92.79432624113475,138,0.0,0.0,82.68115942028986,93,0.0,0.0,81.83870967741936,95,0.021052631578947368,0.02,82.90526315789474,96,0.0,0.0,90.71875,92,0.010869565217391304,0.01,103.81521739130434,99,0.020202020202020204,0.02,72.14141414141415,272,0.03676470588235294,0.03125,115.18382352941177,6781,6781,95.52243995666504
N,4,3e-05,122880,282,0.03900709219858156,0.03666666666666667,106.56028368794327,138,0.0,0.0,96.1086956521739,93,0.0,0.0,94.41935483870968,95,0.021052631578947368,0.02,94.41052631578947,96,0.010416666666666666,0.01,109.33333333333333,92,0.05434782608695652,0.05,118.27173913043478,99,0.020202020202020204,0.02,80.17171717171718,272,0.05514705882352941,0.046875,128.57720588235293,6781,6781,95.52243995666504
N,4,3e-05,143360,282,0.05319148936170213,0.05,142.43617021276594,138,0.014492753623188406,0.013333333333333334,137.35507246376812,93,0.021505376344086023,0.02,132.4731182795699,95,0.031578947368421054,0.03,133.2842105263158,96,0.041666666666666664,0.04,150.01041666666666,92,0.06521739130434782,0.06,151.02173913043478,99,0.020202020202020204,0.02,105.34343434343434,272,0.07720588235294118,0.065625,162.91544117647058,6781,6781,95.52243995666504
N,4,3e-05,163840,282,0.0673758865248227,0.06333333333333334,188.63475177304966,138,0.007246376811594203,0.006666666666666667,188.0144927536232,93,0.021505376344086023,0.02,186.21505376344086,95,0.05263157894736842,0.05,177.2736842105263,96,0.0625,0.06,196.875,92,0.05434782608695652,0.05,187.77173913043478,99,0.020202020202020204,0.02,143.91919191919192,272,0.09558823529411764,0.08125,211.87867647058823,6781,6781,95.52243995666504
N,4,3e-05,184320,282,0.17375886524822695,0.16333333333333333,265.6063829787234,138,0.18840579710144928,0.17333333333333334,271.8768115942029,93,0.15053763440860216,0.14,261.61290322580646,95,0.12631578947368421,0.12,256.3263157894737,96,0.23958333333333334,0.23,290.1770833333333,92,0.2391304347826087,0.22,276.1630434782609,99,0.1414141414141414,0.14,219.94949494949495,272,0.15441176470588236,0.13125,269.1875,6781,6781,95.52243995666504
N,4,3e-05,204800,282,0.18439716312056736,0.17333333333333334,277.33687943262413,138,0.12318840579710146,0.11333333333333333,280.40579710144925,93,0.10752688172043011,0.1,276.0967741935484,95,0.10526315789473684,0.1,269.88421052631577,96,0.1875,0.18,296.1354166666667,92,0.18478260869565216,0.17,283.69565217391306,99,0.08080808080808081,0.08,221.87878787878788,272,0.1801470588235294,0.153125,291.0367647058824,6781,6781,95.52243995666504
N,4,3e-05,225280,282,0.28368794326241137,0.26666666666666666,321.36879432624113,138,0.2318840579710145,0.21333333333333335,335.84057971014494,93,0.21505376344086022,0.2,328.9139784946237,95,0.18947368421052632,0.18,315.69473684210527,96,0.2916666666666667,0.28,334.8645833333333,92,0.2608695652173913,0.24,328.9347826086956,99,0.09090909090909091,0.09,253.84848484848484,272,0.2757352941176471,0.234375,339.9227941176471,6781,6781,95.52243995666504
N,4,3e-05,245760,282,0.20567375886524822,0.19333333333333333,300.86879432624113,138,0.10869565217391304,0.1,298.45652173913044,93,0.13978494623655913,0.13,295.0967741935484,95,0.14736842105263157,0.14,281.70526315789476,96,0.13541666666666666,0.13,297.125,92,0.25,0.23,304.80434782608694,99,0.1111111111111111,0.11,241.58585858585857,272,0.2426470588235294,0.20625,334.80514705882354,6781,6781,95.52243995666504
N,4,3e-05,266240,282,0.13829787234042554,0.13,268.47872340425533,138,0.057971014492753624,0.05333333333333334,253.2391304347826,93,0.10752688172043011,0.1,255.30107526881721,95,0.10526315789473684,0.1,247.4842105263158,96,0.11458333333333333,0.11,262.65625,92,0.16304347826086957,0.15,272.3369565217391,99,0.08080808080808081,0.08,213.5151515151515,272,0.15808823529411764,0.134375,297.38235294117646,6781,6781,95.52243995666504
N,4,3e-05,286720,282,0.19148936170212766,0.18,290.51063829787233,138,0.11594202898550725,0.10666666666666667,279.2826086956522,93,0.17204301075268819,0.16,285.93548387096774,95,0.15789473684210525,0.15,271.11578947368423,96,0.15625,0.15,288.84375,92,0.22826086956521738,0.21,293.1630434782609,99,0.13131313131313133,0.13,232.2929292929293,272,0.20220588235294118,0.171875,317.88235294117646,6781,6781,95.52243995666504
N,4,3e-05,307200,282,0.11347517730496454,0.10666666666666667,272.78014184397165,138,0.06521739130434782,0.06,256.9782608695652,93,0.043010752688172046,0.04,261.2903225806452,95,0.1368421052631579,0.13,254.26315789473685,96,0.11458333333333333,0.11,271.3333333333333,92,0.16304347826086957,0.15,277.10869565217394,99,0.12121212121212122,0.12,225.87878787878788,272,0.14338235294117646,0.121875,294.3014705882353,6781,6781,95.52243995666504
N,4,3e-05,327680,282,0.1524822695035461,0.14333333333333334,295.81205673758865,138,0.07246376811594203,0.06666666666666667,282.5072463768116,93,0.10752688172043011,0.1,284.96774193548384,95,0.14736842105263157,0.14,275.89473684210526,96,0.13541666666666666,0.13,290.03125,92,0.1956521739130435,0.18,297.7173913043478,99,0.1414141414141414,0.14,241.3030303030303,272,0.1875,0.159375,317.2279411764706,6781,6781,95.52243995666504
N,4,3e-05,348160,282,0.1702127659574468,0.16,300.06382978723406,138,0.13768115942028986,0.12666666666666668,286.1014492753623,93,0.10752688172043011,0.1,281.5698924731183,95,0.12631578947368421,0.12,280.1684210526316,96,0.1875,0.18,300.8125,92,0.15217391304347827,0.14,299.6847826086956,99,0.09090909090909091,0.09,242.91919191919192,272,0.125,0.10625,293.5514705882353,6781,6781,95.52243995666504
N,4,3e-05,368640,282,0.14184397163120568,0.13333333333333333,293.5425531914894,138,0.06521739130434782,0.06,282.82608695652175,93,0.0967741935483871,0.09,285.0752688172043,95,0.15789473684210525,0.15,275.0736842105263,96,0.14583333333333334,0.14,287.4583333333333,92,0.20652173913043478,0.19,295.8804347826087,99,0.12121212121212122,0.12,241.24242424242425,272,0.1875,0.159375,325.2022058823529,6781,6781,95.52243995666504
N,4,3e-05,389120,282,0.1347517730496454,0.12666666666666668,271.20212765957444,138,0.07246376811594203,0.06666666666666667,257.5507246376812,93,0.07526881720430108,0.07,262.10752688172045,95,0.12631578947368421,0.12,252.16842105263157,96,0.125,0.12,265.8541666666667,92,0.17391304347826086,0.16,273.7826086956522,99,0.08080808080808081,0.08,217.41414141414143,272,0.16176470588235295,0.1375,297.5367647058824,6781,6781,95.52243995666504
N,4,3e-05,409600,282,0.13829787234042554,0.13,268.5673758865248,138,0.10144927536231885,0.09333333333333334,261.4927536231884,93,0.07526881720430108,0.07,255.11827956989248,95,0.08421052631578947,0.08,241.93684210526317,96,0.10416666666666667,0.1,260.0416666666667,92,0.16304347826086957,0.15,265.89130434782606,99,0.04040404040404041,0.04,206.34343434343435,272,0.16544117647058823,0.140625,296.7132352941176,6781,6781,95.52243995666504
N,7,3e-05,0,282,0.0,0.0,38.148936170212764,138,0.0,0.0,35.96376811594203,93,0.0,0.0,36.086021505376344,95,0.0,0.0,35.410526315789475,96,0.0,0.0,51.333333333333336,92,0.0,0.0,42.47826086956522,99,0.0,0.0,30.02020202020202,272,0.0,0.0,38.974264705882355,7035,7035,110.49750089645386
N,7,3e-05,20480,282,0.03546099290780142,0.03333333333333333,73.62411347517731,138,0.0,0.0,56.81159420289855,93,0.010752688172043012,0.01,62.75268817204301,95,0.0,0.0,57.22105263157895,96,0.052083333333333336,0.05,84.78125,92,0.010869565217391304,0.01,69.1195652173913,99,0.020202020202020204,0.02,54.666666666666664,272,0.07352941176470588,0.0625,104.48897058823529,7035,7035,110.49750089645386
N,7,3e-05,40960,282,0.01773049645390071,0.016666666666666666,70.35106382978724,138,0.0,0.0,60.97826086956522,93,0.021505376344086023,0.02,70.25806451612904,95,0.021052631578947368,0.02,65.41052631578947,96,0.041666666666666664,0.04,84.76041666666667,92,0.03260869565217391,0.03,78.08695652173913,99,0.010101010101010102,0.01,53.61616161616162,272,0.07352941176470588,0.0625,107.57720588235294,7035,7035,110.49750089645386
N,7,3e-05,61440,282,0.01773049645390071,0.016666666666666666,71.84397163120568,138,0.0,0.0,64.34782608695652,93,0.0,0.0,69.66666666666667,95,0.010526315789473684,0.01,65.94736842105263,96,0.041666666666666664,0.04,90.63541666666667,92,0.043478260869565216,0.04,83.27173913043478,99,0.0,0.0,52.0,272,0.051470588235294115,0.04375,105.51470588235294,7035,7035,110.49750089645386
N,7,3e-05,81920,282,0.031914893617021274,0.03,80.41843971631205,138,0.0,0.0,68.47826086956522,93,0.010752688172043012,0.01,77.43010752688173,95,0.021052631578947368,0.02,69.7578947368421,96,0.052083333333333336,0.05,99.39583333333333,92,0.043478260869565216,0.04,86.34782608695652,99,0.020202020202020204,0.02,62.696969696969695,272,0.0625,0.053125,114.97058823529412,7035,7035,110.49750089645386
N,7,3e-05,102400,282,0.028368794326241134,0.02666666666666667,83.19858156028369,138,0.014492753623188406,0.013333333333333334,78.8695652173913,93,0.010752688172043012,0.01,77.95698924731182,95,0.021052631578947368,0.02,75.58947368421053,96,0.052083333333333336,0.05,99.45833333333333,92,0.06521739130434782,0.06,108.58695652173913,99,0.010101010101010102,0.01,67.04040404040404,272,0.04779411764705882,0.040625,113.37867647058823,7035,7035,110.49750089645386
N,7,3e-05,122880,282,0.031914893617021274,0.03,94.83333333333333,138,0.007246376811594203,0.006666666666666667,90.3913043478261,93,0.021505376344086023,0.02,92.52688172043011,95,0.021052631578947368,0.02,86.74736842105263,96,0.052083333333333336,0.05,112.14583333333333,92,0.03260869565217391,0.03,111.05434782608695,99,0.020202020202020204,0.02,74.35353535353535,272,0.04411764705882353,0.0375,121.27573529411765,7035,7035,110.49750089645386
N,7,3e-05,143360,282,0.05319148936170213,0.05,125.08510638297872,138,0.028985507246376812,0.02666666666666667,116.65217391304348,93,0.010752688172043012,0.01,117.80645161290323,95,0.031578947368421054,0.03,112.11578947368422,96,0.08333333333333333,0.08,144.125,92,0.06521739130434782,0.06,136.6086956521739,99,0.020202020202020204,0.02,95.75757575757575,272,0.07352941176470588,0.0625,146.41176470588235,7035,7035,110.49750089645386
N,7,3e-05,163840,282,0.0851063829787234,0.08,175.29432624113474,138,0.036231884057971016,0.03333333333333333,165.2753623188406,93,0.010752688172043012,0.01,163.1720430107527,95,0.11578947368421053,0.11,176.34736842105264,96,0.125,0.12,198.54166666666666,92,0.10869565217391304,0.1,195.15217391304347,99,0.050505050505050504,0.05,141.92929292929293,272,0.09558823529411764,0.08125,195.97426470588235,7035,7035,110.49750089645386
N,7,3e-05,184320,282,0.19148936170212766,0.18,241.45390070921985,138,0.13043478260869565,0.12,233.52898550724638,93,0.11827956989247312,0.11,242.56989247311827,95,0.15789473684210525,0.15,225.9157894736842,96,0.19791666666666666,0.19,256.125,92,0.18478260869565216,0.17,240.94565217391303,99,0.10101010101010101,0.1,184.95959595959596,272,0.15808823529411764,0.134375,256.9154411764706,7035,7035,110.49750089645386
N,7,3e-05,204800,282,0.6631205673758865,0.6233333333333333,409.07801418439715,138,0.7101449275362319,0.6533333333333333,428.92028985507244,93,0.7419354838709677,0.69,425.06451612903226,95,0.6526315789473685,0.62,412.7578947368421,96,0.78125,0.75,442.0520833333333,92,0.7391304347826086,0.68,424.70652173913044,99,0.5252525252525253,0.52,349.5050505050505,272,0.6286764705882353,0.534375,402.5220588235294,7035,7035,110.49750089645386
N,7,3e-05,225280,282,0.24113475177304963,0.22666666666666666,302.3900709219858,138,0.15217391304347827,0.14,301.3840579710145,93,0.16129032258064516,0.15,297.97849462365593,95,0.21052631578947367,0.2,280.5473684210526,96,0.17708333333333334,0.17,301.0625,92,0.2826086956521739,0.26,303.8369565217391,99,0.16161616161616163,0.16,238.22222222222223,272,0.2647058823529412,0.225,334.6764705882353,7035,7035,110.49750089645386
N,7,3e-05,245760,282,0.2801418439716312,0.2633333333333333,324.1241134751773,138,0.2463768115942029,0.22666666666666666,330.6159420289855,93,0.1827956989247312,0.17,324.741935483871,95,0.22105263157894736,0.21,308.1578947368421,96,0.1875,0.18,322.1041666666667,92,0.2608695652173913,0.24,321.80434782608694,99,0.12121212121212122,0.12,253.15151515151516,272,0.34191176470588236,0.290625,356.7720588235294,7035,7035,110.49750089645386
N,7,3e-05,266240,282,0.1347517730496454,0.12666666666666668,268.59574468085106,138,0.057971014492753624,0.05333333333333334,254.06521739130434,93,0.08602150537634409,0.08,260.6666666666667,95,0.12631578947368421,0.12,249.26315789473685,96,0.13541666666666666,0.13,265.7291666666667,92,0.17391304347826086,0.16,272.75,99,0.09090909090909091,0.09,215.5252525252525,272,0.14705882352941177,0.125,293.5,7035,7035,110.49750089645386
N,7,3e-05,286720,282,0.1773049645390071,0.16666666666666666,282.28014184397165,138,0.12318840579710146,0.11333333333333333,276.3333333333333,93,0.11827956989247312,0.11,269.18279569892474,95,0.09473684210526316,0.09,256.11578947368423,96,0.125,0.12,272.6041666666667,92,0.16304347826086957,0.15,279.4347826086956,99,0.050505050505050504,0.05,218.8989898989899,272,0.17279411764705882,0.146875,309.7132352941176,7035,7035,110.49750089645386
N,7,3e-05,307200,282,0.12056737588652482,0.11333333333333333,279.2730496453901,138,0.07246376811594203,0.06666666666666667,269.5144927536232,93,0.0967741935483871,0.09,271.06451612903226,95,0.1368421052631579,0.13,262.22105263157897,96,0.14583333333333334,0.14,275.8125,92,0.15217391304347827,0.14,285.3152173913044,99,0.12121212121212122,0.12,235.46464646464648,272,0.14338235294117646,0.121875,300.68014705882354,7035,7035,110.49750089645386
N,7,3e-05,327680,282,0.12056737588652482,0.11333333333333333,282.1595744680851,138,0.08695652173913043,0.08,270.7173913043478,93,0.0967741935483871,0.09,272.93548387096774,95,0.12631578947368421,0.12,265.13684210526316,96,0.14583333333333334,0.14,281.46875,92,0.15217391304347827,0.14,288.6521739130435,99,0.12121212121212122,0.12,234.2929292929293,272,0.14338235294117646,0.121875,298.0404411764706,7035,7035,110.49750089645386
N,7,3e-05,348160,282,0.20921985815602837,0.19666666666666666,299.70567375886526,138,0.12318840579710146,0.11333333333333333,300.4492753623188,93,0.13978494623655913,0.13,289.60215053763443,95,0.11578947368421053,0.11,276.6421052631579,96,0.14583333333333334,0.14,292.9479166666667,92,0.1956521739130435,0.18,298.29347826086956,99,0.08080808080808081,0.08,236.56565656565655,272,0.21691176470588236,0.184375,333.9485294117647,7035,7035,110.49750089645386
N,7,3e-05,368640,282,0.19858156028368795,0.18666666666666668,297.3014184397163,138,0.14492753623188406,0.13333333333333333,294.3188405797101,93,0.12903225806451613,0.12,287.48387096774195,95,0.11578947368421053,0.11,273.4,96,0.13541666666666666,0.13,288.4375,92,0.20652173913043478,0.19,298.1847826086956,99,0.09090909090909091,0.09,236.6969696969697,272,0.23529411764705882,0.2,334.18382352941177,7035,7035,110.49750089645386
N,7,3e-05,389120,282,0.09574468085106383,0.09,251.84751773049646,138,0.050724637681159424,0.04666666666666667,236.8695652173913,93,0.043010752688172046,0.04,237.0752688172043,95,0.09473684210526316,0.09,232.38947368421051,96,0.07291666666666667,0.07,247.65625,92,0.10869565217391304,0.1,259.6847826086956,99,0.0707070707070707,0.07,209.22222222222223,272,0.09926470588235294,0.084375,273.5772058823529,7035,7035,110.49750089645386
N,7,3e-05,409600,282,0.1347517730496454,0.12666666666666668,272.7588652482269,138,0.06521739130434782,0.06,257.1449275362319,93,0.10752688172043011,0.1,262.10752688172045,95,0.09473684210526316,0.09,248.61052631578949,96,0.13541666666666666,0.13,265.8020833333333,92,0.17391304347826086,0.16,276.5217391304348,99,0.06060606060606061,0.06,218.55555555555554,272,0.16176470588235295,0.1375,300.8125,7035,7035,110.49750089645386
N,8,3e-05,0,282,0.0070921985815602835,0.006666666666666667,67.4645390070922,138,0.0,0.0,60.507246376811594,93,0.0,0.0,54.81720430107527,95,0.0,0.0,50.17894736842105,96,0.0,0.0,65.91666666666667,92,0.010869565217391304,0.01,73.80434782608695,99,0.010101010101010102,0.01,50.5959595959596,272,0.04411764705882353,0.0375,123.03308823529412,7052,7052,111.59687304496765
N,8,3e-05,20480,282,0.0035460992907801418,0.0033333333333333335,59.748226950354606,138,0.0,0.0,54.31159420289855,93,0.0,0.0,57.61290322580645,95,0.010526315789473684,0.01,55.97894736842105,96,0.010416666666666666,0.01,72.35416666666667,92,0.010869565217391304,0.01,67.0,99,0.0,0.0,43.37373737373738,272,0.03676470588235294,0.03125,92.53308823529412,7052,7052,111.59687304496765
N,8,3e-05,40960,282,0.014184397163120567,0.013333333333333334,67.07801418439716,138,0.0,0.0,57.01449275362319,93,0.010752688172043012,0.01,63.86021505376344,95,0.010526315789473684,0.01,59.810526315789474,96,0.03125,0.03,78.89583333333333,92,0.010869565217391304,0.01,69.79347826086956,99,0.0,0.0,46.888888888888886,272,0.04779411764705882,0.040625,96.58088235294117,7052,7052,111.59687304496765
N,8,3e-05,61440,282,0.010638297872340425,0.01,68.01773049645391,138,0.0,0.0,61.51449275362319,93,0.0,0.0,70.34408602150538,95,0.010526315789473684,0.01,61.94736842105263,96,0.041666666666666664,0.04,89.64583333333333,92,0.03260869565217391,0.03,80.23913043478261,99,0.0,0.0,49.06060606060606,272,0.04411764705882353,0.0375,102.75367647058823,7052,7052,111.59687304496765
N,8,3e-05,81920,282,0.02127659574468085,0.02,74.85106382978724,138,0.0,0.0,67.83333333333333,93,0.010752688172043012,0.01,71.49462365591398,95,0.010526315789473684,0.01,65.09473684210526,96,0.041666666666666664,0.04,92.29166666666667,92,0.03260869565217391,0.03,85.08695652173913,99,0.0,0.0,52.73737373737374,272,0.04044117647058824,0.034375,99.30882352941177,7052,7052,111.59687304496765
N,8,3e-05,102400,282,0.01773049645390071,0.016666666666666666,78.34751773049645,138,0.0,0.0,71.57971014492753,93,0.010752688172043012,0.01,80.06451612903226,95,0.010526315789473684,0.01,70.01052631578948,96,0.052083333333333336,0.05,104.27083333333333,92,0.043478260869565216,0.04,89.41304347826087,99,0.010101010101010102,0.01,61.55555555555556,272,0.0625,0.053125,116.03308823529412,7052,7052,111.59687304496765
N,8,3e-05,122880,282,0.024822695035460994,0.023333333333333334,91.23049645390071,138,0.0,0.0,81.52898550724638,93,0.0,0.0,92.21505376344086,95,0.031578947368421054,0.03,89.15789473684211,96,0.07291666666666667,0.07,116.89583333333333,92,0.043478260869565216,0.04,99.94565217391305,99,0.010101010101010102,0.01,66.13131313131314,272,0.07720588235294118,0.065625,127.76102941176471,7052,7052,111.59687304496765
N,8,3e-05,143360,282,0.028368794326241134,0.02666666666666667,110.05673758865248,138,0.0,0.0,100.40579710144928,93,0.021505376344086023,0.02,109.3225806451613,95,0.021052631578947368,0.02,101.33684210526316,96,0.07291666666666667,0.07,132.54166666666666,92,0.05434782608695652,0.05,128.04347826086956,99,0.020202020202020204,0.02,85.4040404040404,272,0.07720588235294118,0.065625,142.0735294117647,7052,7052,111.59687304496765
N,8,3e-05,163840,282,0.04964539007092199,0.04666666666666667,163.03900709219857,138,0.021739130434782608,0.02,156.3695652173913,93,0.03225806451612903,0.03,163.98924731182797,95,0.042105263157894736,0.04,157.68421052631578,96,0.10416666666666667,0.1,188.79166666666666,92,0.08695652173913043,0.08,181.16304347826087,99,0.010101010101010102,0.01,134.06060606060606,272,0.09926470588235294,0.084375,190.3014705882353,7052,7052,111.59687304496765
N,8,3e-05,184320,282,0.1276595744680851,0.12,227.17730496453902,138,0.07246376811594203,0.06666666666666667,216.69565217391303,93,0.07526881720430108,0.07,218.3763440860215,95,0.12631578947368421,0.12,218.38947368421051,96,0.15625,0.15,243.73958333333334,92,0.16304347826086957,0.15,232.20652173913044,99,0.050505050505050504,0.05,171.68686868686868,272,0.15441176470588236,0.13125,251.4375,7052,7052,111.59687304496765
N,8,3e-05,204800,282,0.20567375886524822,0.19333333333333333,281.78723404255317,138,0.13043478260869565,0.12,277.07971014492756,93,0.1827956989247312,0.17,284.5376344086022,95,0.21052631578947367,0.2,265.7894736842105,96,0.19791666666666666,0.19,292.3541666666667,92,0.2608695652173913,0.24,285.6847826086956,99,0.12121212121212122,0.12,219.78787878787878,272,0.21323529411764705,0.18125,305.12867647058823,7052,7052,111.59687304496765
N,8,3e-05,225280,282,0.1950354609929078,0.18333333333333332,293.48936170212767,138,0.13043478260869565,0.12,291.5,93,0.13978494623655913,0.13,292.40860215053766,95,0.17894736842105263,0.17,279.85263157894735,96,0.16666666666666666,0.16,300.9791666666667,92,0.20652173913043478,0.19,294.39130434782606,99,0.13131313131313133,0.13,236.63636363636363,272,0.23161764705882354,0.196875,319.30882352941177,7052,7052,111.59687304496765
N,8,3e-05,245760,282,0.16666666666666666,0.15666666666666668,279.98936170212767,138,0.10869565217391304,0.1,280.963768115942,93,0.11827956989247312,0.11,276.16129032258067,95,0.10526315789473684,0.1,264.3157894736842,96,0.17708333333333334,0.17,285.8125,92,0.16304347826086957,0.15,279.9130434782609,99,0.04040404040404041,0.04,216.55555555555554,272,0.17647058823529413,0.15,305.2022058823529,7052,7052,111.59687304496765
N,8,3e-05,266240,282,0.30851063829787234,0.29,347.0496453900709,138,0.2608695652173913,0.24,348.1159420289855,93,0.24731182795698925,0.23,347.60215053763443,95,0.23157894736842105,0.22,328.17894736842106,96,0.25,0.24,353.8645833333333,92,0.33695652173913043,0.31,344.9782608695652,99,0.23232323232323232,0.23,282.3333333333333,272,0.34191176470588236,0.290625,360.97058823529414,7052,7052,111.59687304496765
N,8,3e-05,286720,282,0.16312056737588654,0.15333333333333332,274.76241134751774,138,0.08695652173913043,0.08,265.3478260869565,93,0.0967741935483871,0.09,265.86021505376345,95,0.09473684210526316,0.09,255.47368421052633,96,0.11458333333333333,0.11,270.9270833333333,92,0.15217391304347827,0.14,277.6195652173913,99,0.050505050505050504,0.05,214.58585858585857,272,0.17279411764705882,0.146875,305.1654411764706,7052,7052,111.59687304496765
N,8,3e-05,307200,282,0.1453900709219858,0.13666666666666666,269.6914893617021,138,0.07971014492753623,0.07333333333333333,260.6231884057971,93,0.07526881720430108,0.07,259.4516129032258,95,0.08421052631578947,0.08,249.2,96,0.11458333333333333,0.11,264.84375,92,0.14130434782608695,0.13,271.19565217391306,99,0.06060606060606061,0.06,211.02020202020202,272,0.15073529411764705,0.128125,297.12132352941177,7052,7052,111.59687304496765
N,8,3e-05,327680,282,0.1702127659574468,0.16,278.4503546099291,138,0.10144927536231885,0.09333333333333334,268.6521739130435,93,0.10752688172043011,0.1,268.96774193548384,95,0.08421052631578947,0.08,257.5473684210526,96,0.11458333333333333,0.11,272.09375,92,0.17391304347826086,0.16,279.6630434782609,99,0.0707070707070707,0.07,221.77777777777777,272,0.1801470588235294,0.153125,308.5625,7052,7052,111.59687304496765
N,8,3e-05,348160,282,0.07446808510638298,0.07,239.58510638297872,138,0.036231884057971016,0.03333333333333333,224.52173913043478,93,0.07526881720430108,0.07,232.3763440860215,95,0.07368421052631578,0.07,225.47368421052633,96,0.10416666666666667,0.1,238.57291666666666,92,0.10869565217391304,0.1,246.95652173913044,99,0.020202020202020204,0.02,190.21212121212122,272,0.09926470588235294,0.084375,266.4522058823529,7052,7052,111.59687304496765
N,8,3e-05,368640,282,0.12411347517730496,0.11666666666666667,259.70567375886526,138,0.07971014492753623,0.07333333333333333,252.04347826086956,93,0.06451612903225806,0.06,247.44086021505376,95,0.08421052631578947,0.08,238.61052631578949,96,0.10416666666666667,0.1,255.0625,92,0.15217391304347827,0.14,260.4347826086956,99,0.050505050505050504,0.05,202.62626262626262,272,0.13970588235294118,0.11875,286.65808823529414,7052,7052,111.59687304496765
N,8,3e-05,389120,282,0.18085106382978725,0.17,283.4574468085106,138,0.10144927536231885,0.09333333333333334,280.0,93,0.10752688172043011,0.1,274.51612903225805,95,0.09473684210526316,0.09,260.53684210526313,96,0.125,0.12,277.375,92,0.13043478260869565,0.12,281.7717391304348,99,0.050505050505050504,0.05,221.22222222222223,272,0.15808823529411764,0.134375,310.3272058823529,7052,7052,111.59687304496765
N,8,3e-05,409600,282,0.24822695035460993,0.23333333333333334,323.2695035460993,138,0.21739130434782608,0.2,328.0869565217391,93,0.1827956989247312,0.17,324.2795698924731,95,0.16842105263157894,0.16,307.7368421052632,96,0.2604166666666667,0.25,331.7083333333333,92,0.22826086956521738,0.21,321.2282608695652,99,0.1111111111111111,0.11,257.45454545454544,272,0.23529411764705882,0.2,337.90441176470586,7052,7052,111.59687304496765
N,9,3e-05,0,282,0.010638297872340425,0.01,22.127659574468087,138,0.028985507246376812,0.02666666666666667,33.26086956521739,93,0.0,0.0,23.537634408602152,95,0.0,0.0,19.621052631578948,96,0.0,0.0,19.84375,92,0.0,0.0,15.630434782608695,99,0.010101010101010102,0.01,20.303030303030305,272,0.22426470588235295,0.190625,139.8235294117647,7135,7135,111.67961406707764
N,9,3e-05,20480,282,0.031914893617021274,0.03,89.59219858156028,138,0.0,0.0,77.70289855072464,93,0.0,0.0,83.86021505376344,95,0.0,0.0,73.47368421052632,96,0.07291666666666667,0.07,111.29166666666667,92,0.03260869565217391,0.03,96.5,99,0.0,0.0,58.62626262626262,272,0.08088235294117647,0.06875,122.57352941176471,7135,7135,111.67961406707764
N,9,3e-05,40960,282,0.03546099290780142,0.03333333333333333,83.0354609929078,138,0.0,0.0,68.2536231884058,93,0.0,0.0,71.36559139784946,95,0.0,0.0,66.66315789473684,96,0.0625,0.06,98.73958333333333,92,0.021739130434782608,0.02,82.3804347826087,99,0.0,0.0,54.0,272,0.08088235294117647,0.06875,114.26102941176471,7135,7135,111.67961406707764
N,9,3e-05,61440,282,0.03900709219858156,0.03666666666666667,85.04609929078015,138,0.0,0.0,69.94927536231884,93,0.0,0.0,73.34408602150538,95,0.0,0.0,67.85263157894737,96,0.0625,0.06,102.90625,92,0.021739130434782608,0.02,83.58695652173913,99,0.0,0.0,55.18181818181818,272,0.08455882352941177,0.071875,116.1654411764706,7135,7135,111.67961406707764
N,9,3e-05,81920,282,0.03900709219858156,0.03666666666666667,86.10992907801419,138,0.0,0.0,70.34057971014492,93,0.0,0.0,73.49462365591398,95,0.0,0.0,68.53684210526316,96,0.052083333333333336,0.05,97.55208333333333,92,0.021739130434782608,0.02,81.1413043478261,99,0.010101010101010102,0.01,59.24242424242424,272,0.08088235294117647,0.06875,116.20220588235294,7135,7135,111.67961406707764
N,9,3e-05,102400,282,0.0425531914893617,0.04,92.97872340425532,138,0.0,0.0,76.6086956521739,93,0.0,0.0,81.64516129032258,95,0.0,0.0,74.70526315789473,96,0.07291666666666667,0.07,109.69791666666667,92,0.05434782608695652,0.05,100.67391304347827,99,0.0,0.0,60.80808080808081,272,0.08823529411764706,0.075,123.51102941176471,7135,7135,111.67961406707764
N,9,3e-05,122880,282,0.0425531914893617,0.04,101.78368794326241,138,0.0,0.0,87.6304347826087,93,0.043010752688172046,0.04,103.41935483870968,95,0.021052631578947368,0.02,90.09473684210526,96,0.07291666666666667,0.07,125.32291666666667,92,0.06521739130434782,0.06,112.33695652173913,99,0.010101010101010102,0.01,70.88888888888889,272,0.08455882352941177,0.071875,134.71691176470588,7135,7135,111.67961406707764
N,9,3e-05,143360,282,0.04609929078014184,0.043333333333333335,126.59219858156028,138,0.0,0.0,113.06521739130434,93,0.043010752688172046,0.04,133.5268817204301,95,0.021052631578947368,0.02,114.89473684210526,96,0.10416666666666667,0.1,157.71875,92,0.07608695652173914,0.07,141.52173913043478,99,0.0,0.0,89.46464646464646,272,0.09191176470588236,0.078125,158.375,7135,7135,111.67961406707764
N,9,3e-05,163840,282,0.09574468085106383,0.09,179.80851063829786,138,0.057971014492753624,0.05333333333333334,168.6086956521739,93,0.053763440860215055,0.05,180.01075268817203,95,0.042105263157894736,0.04,158.7157894736842,96,0.15625,0.15,203.29166666666666,92,0.09782608695652174,0.09,186.7826086956522,99,0.020202020202020204,0.02,129.55555555555554,272,0.1213235294117647,0.103125,200.5625,7135,7135,111.67961406707764
N,9,3e-05,184320,282,0.37943262411347517,0.3566666666666667,288.74468085106383,138,0.427536231884058,0.3933333333333333,308.1014492753623,93,0.4838709677419355,0.45,320.78494623655916,95,0.3368421052631579,0.32,270.6421052631579,96,0.4583333333333333,0.44,318.8541666666667,92,0.391304347826087,0.36,290.9891304347826,99,0.2222222222222222,0.22,218.36363636363637,272,0.38235294117647056,0.325,308.96691176470586,7135,7135,111.67961406707764
N,9,3e-05,204800,282,0.7624113475177305,0.7166666666666667,418.0851063829787,138,0.8478260869565217,0.78,444.22463768115944,93,0.8494623655913979,0.79,441.19354838709677,95,0.8210526315789474,0.78,434.9894736842105,96,0.8645833333333334,0.83,453.8645833333333,92,0.8369565217391305,0.77,435.9021739130435,99,0.6060606060606061,0.6,349.3636363636364,272,0.6654411764705882,0.565625,396.3492647058824,7135,7135,111.67961406707764
N,9,3e-05,225280,282,0.6666666666666666,0.6266666666666667,437.34397163120565,138,0.6956521739130435,0.64,456.268115942029,93,0.6989247311827957,0.65,448.16129032258067,95,0.5052631578947369,0.48,432.93684210526317,96,0.7291666666666666,0.7,455.375,92,0.6521739130434783,0.6,441.2717391304348,99,0.43434343434343436,0.43,373.24242424242425,272,0.6838235294117647,0.58125,412.625,7135,7135,111.67961406707764
N,9,3e-05,245760,282,0.19858156028368795,0.18666666666666668,298.06028368794324,138,0.1956521739130435,0.18,303.81159420289856,93,0.12903225806451613,0.12,298.7096774193548,95,0.12631578947368421,0.12,283.5473684210526,96,0.19791666666666666,0.19,304.9270833333333,92,0.1956521739130435,0.18,296.20652173913044,99,0.050505050505050504,0.05,235.2020202020202,272,0.20955882352941177,0.178125,321.80882352941177,7135,7135,111.67961406707764
N,9,3e-05,266240,282,0.1773049645390071,0.16666666666666666,287.00354609929076,138,0.11594202898550725,0.10666666666666667,289.4347826086956,93,0.11827956989247312,0.11,282.19354838709677,95,0.10526315789473684,0.1,272.7578947368421,96,0.15625,0.15,289.6458333333333,92,0.18478260869565216,0.17,288.6630434782609,99,0.06060606060606061,0.06,228.31313131313132,272,0.1875,0.159375,315.19485294117646,7135,7135,111.67961406707764
N,9,3e-05,286720,282,0.1879432624113475,0.17666666666666667,293.15248226950354,138,0.12318840579710146,0.11333333333333333,294.2608695652174,93,0.11827956989247312,0.11,288.6666666666667,95,0.10526315789473684,0.1,278.70526315789476,96,0.17708333333333334,0.17,296.09375,92,0.20652173913043478,0.19,294.6521739130435,99,0.0707070707070707,0.07,230.93939393939394,272,0.19852941176470587,0.16875,318.7022058823529,7135,7135,111.67961406707764
N,9,3e-05,307200,282,0.14184397163120568,0.13333333333333333,261.02836879432624,138,0.07246376811594203,0.06666666666666667,260.32608695652175,93,0.0967741935483871,0.09,256.31182795698925,95,0.08421052631578947,0.08,244.17894736842106,96,0.14583333333333334,0.14,266.3854166666667,92,0.13043478260869565,0.12,260.10869565217394,99,0.04040404040404041,0.04,197.64646464646464,272,0.13970588235294118,0.11875,281.25367647058823,7135,7135,111.67961406707764
N,9,3e-05,327680,282,0.12056737588652482,0.11333333333333333,256.9113475177305,138,0.06521739130434782,0.06,256.231884057971,93,0.07526881720430108,0.07,250.16129032258064,95,0.08421052631578947,0.08,247.8421052631579,96,0.09375,0.09,266.7395833333333,92,0.15217391304347827,0.14,260.0869565217391,99,0.0707070707070707,0.07,204.27272727272728,272,0.14338235294117646,0.121875,270.75,7135,7135,111.67961406707764
N,9,3e-05,348160,282,0.16666666666666666,0.15666666666666668,283.0851063829787,138,0.10869565217391304,0.1,286.536231884058,93,0.10752688172043011,0.1,280.258064516129,95,0.12631578947368421,0.12,272.46315789473687,96,0.17708333333333334,0.17,292.8541666666667,92,0.18478260869565216,0.17,285.1195652173913,99,0.08080808080808081,0.08,224.3030303030303,272,0.1801470588235294,0.153125,303.22058823529414,7135,7135,111.67961406707764
N,9,3e-05,368640,282,0.1347517730496454,0.12666666666666668,267.47163120567376,138,0.07971014492753623,0.07333333333333333,266.5652173913044,93,0.06451612903225806,0.06,261.2258064516129,95,0.09473684210526316,0.09,252.68421052631578,96,0.13541666666666666,0.13,273.6979166666667,92,0.16304347826086957,0.15,267.5978260869565,99,0.050505050505050504,0.05,207.8181818181818,272,0.12867647058823528,0.109375,285.4742647058824,7135,7135,111.67961406707764
N,9,3e-05,389120,282,0.14893617021276595,0.14,266.88652482269504,138,0.07971014492753623,0.07333333333333333,263.21014492753625,93,0.0967741935483871,0.09,257.83870967741933,95,0.08421052631578947,0.08,244.5157894736842,96,0.10416666666666667,0.1,265.75,92,0.11956521739130435,0.11,261.4673913043478,99,0.050505050505050504,0.05,202.6161616161616,272,0.1323529411764706,0.1125,288.0625,7135,7135,111.67961406707764
N,9,3e-05,409600,282,0.14184397163120568,0.13333333333333333,265.2304964539007,138,0.07971014492753623,0.07333333333333333,257.8623188405797,93,0.07526881720430108,0.07,252.65591397849462,95,0.07368421052631578,0.07,241.44210526315788,96,0.10416666666666667,0.1,259.21875,92,0.13043478260869565,0.12,259.9130434782609,99,0.04040404040404041,0.04,203.16161616161617,272,0.14705882352941177,0.125,288.15441176470586,7135,7135,111.67961406707764
N,10,3e-05,0,282,0.0,0.0,10.48581560283688,138,0.0,0.0,13.195652173913043,93,0.0,0.0,15.268817204301076,95,0.0,0.0,12.305263157894737,96,0.0,0.0,13.541666666666666,92,0.0,0.0,10.728260869565217,99,0.0,0.0,9.141414141414142,272,0.0,0.0,11.849264705882353,7380,7380,113.04511284828186
N,10,3e-05,20480,282,0.0070921985815602835,0.006666666666666667,61.00354609929078,138,0.0,0.0,54.507246376811594,93,0.0,0.0,57.10752688172043,95,0.0,0.0,52.31578947368421,96,0.010416666666666666,0.01,69.92708333333333,92,0.0,0.0,63.92391304347826,99,0.0,0.0,44.54545454545455,272,0.022058823529411766,0.01875,88.2904411764706,7380,7380,113.04511284828186
N,10,3e-05,40960,282,0.0035460992907801418,0.0033333333333333335,61.808510638297875,138,0.0,0.0,59.98550724637681,93,0.0,0.0,59.72043010752688,95,0.0,0.0,55.14736842105263,96,0.0,0.0,66.45833333333333,92,0.010869565217391304,0.01,67.40217391304348,99,0.0,0.0,46.38383838383838,272,0.029411764705882353,0.025,81.56985294117646,7380,7380,113.04511284828186
N,10,3e-05,61440,282,0.0070921985815602835,0.006666666666666667,62.641843971631204,138,0.0,0.0,67.0072463768116,93,0.0,0.0,64.45161290322581,95,0.0,0.0,56.473684210526315,96,0.0,0.0,71.82291666666667,92,0.0,0.0,67.51086956521739,99,0.0,0.0,50.26262626262626,272,0.025735294117647058,0.021875,81.86764705882354,7380,7380,113.04511284828186
N,10,3e-05,81920,282,0.0,0.0,64.69503546099291,138,0.0,0.0,68.97101449275362,93,0.0,0.0,67.74193548387096,95,0.0,0.0,60.43157894736842,96,0.010416666666666666,0.01,74.91666666666667,92,0.0,0.0,70.42391304347827,99,0.010101010101010102,0.01,54.96969696969697,272,0.007352941176470588,0.00625,78.74264705882354,7380,7380,113.04511284828186
N,10,3e-05,102400,282,0.0035460992907801418,0.0033333333333333335,73.38297872340425,138,0.0,0.0,75.65942028985508,93,0.0,0.0,73.3225806451613,95,0.0,0.0,71.34736842105264,96,0.010416666666666666,0.01,81.52083333333333,92,0.010869565217391304,0.01,79.47826086956522,99,0.010101010101010102,0.01,60.17171717171717,272,0.003676470588235294,0.003125,84.12132352941177,7380,7380,113.04511284828186
N,10,3e-05,122880,282,0.0070921985815602835,0.006666666666666667,81.39716312056737,138,0.0,0.0,84.03623188405797,93,0.0,0.0,85.90322580645162,95,0.021052631578947368,0.02,89.52631578947368,96,0.0,0.0,92.16666666666667,92,0.010869565217391304,0.01,84.79347826086956,99,0.0,0.0,65.36363636363636,272,0.0,0.0,87.06617647058823,7380,7380,113.04511284828186
N,10,3e-05,143360,282,0.0035460992907801418,0.0033333333333333335,98.34751773049645,138,0.0,0.0,102.97826086956522,93,0.0,0.0,104.2258064516129,95,0.021052631578947368,0.02,106.82105263157895,96,0.0,0.0,108.1875,92,0.03260869565217391,0.03,112.6195652173913,99,0.0,0.0,80.98989898989899,272,0.003676470588235294,0.003125,103.77573529411765,7380,7380,113.04511284828186
N,10,3e-05,163840,282,0.010638297872340425,0.01,127.44680851063829,138,0.0,0.0,135.3768115942029,93,0.0,0.0,131.76344086021504,95,0.0,0.0,133.46315789473684,96,0.0,0.0,148.61458333333334,92,0.010869565217391304,0.01,137.3586956521739,99,0.0,0.0,108.6969696969697,272,0.003676470588235294,0.003125,123.95588235294117,7380,7380,113.04511284828186
N,10,3e-05,184320,282,0.010638297872340425,0.01,163.36524822695034,138,0.007246376811594203,0.006666666666666667,174.32608695652175,93,0.0,0.0,164.7741935483871,95,0.031578947368421054,0.03,184.13684210526316,96,0.0,0.0,172.73958333333334,92,0.021739130434782608,0.02,179.95652173913044,99,0.050505050505050504,0.05,164.72727272727272,272,0.014705882352941176,0.0125,153.10294117647058,7380,7380,113.04511284828186
N,10,3e-05,204800,282,0.05673758865248227,0.05333333333333334,191.15248226950354,138,0.036231884057971016,0.03333333333333333,195.91304347826087,93,0.03225806451612903,0.03,192.19354838709677,95,0.07368421052631578,0.07,199.77894736842106,96,0.0625,0.06,206.65625,92,0.08695652173913043,0.08,208.07608695652175,99,0.050505050505050504,0.05,171.67676767676767,272,0.04779411764705882,0.040625,188.70955882352942,7380,7380,113.04511284828186
N,10,3e-05,225280,282,0.11347517730496454,0.10666666666666667,240.13829787234042,138,0.06521739130434782,0.06,241.86231884057972,93,0.053763440860215055,0.05,243.79569892473117,95,0.05263157894736842,0.05,225.54736842105262,96,0.07291666666666667,0.07,253.72916666666666,92,0.11956521739130435,0.11,244.70652173913044,99,0.030303030303030304,0.03,191.43434343434345,272,0.125,0.10625,250.80514705882354,7380,7380,113.04511284828186
N,10,3e-05,245760,282,0.10283687943262411,0.09666666666666666,244.24113475177305,138,0.057971014492753624,0.05333333333333334,242.65942028985506,93,0.03225806451612903,0.03,237.69892473118279,95,0.042105263157894736,0.04,227.68421052631578,96,0.11458333333333333,0.11,256.4166666666667,92,0.10869565217391304,0.1,238.45652173913044,99,0.030303030303030304,0.03,185.62626262626262,272,0.12867647058823528,0.109375,261.3272058823529,7380,7380,113.04511284828186
N,10,3e-05,266240,282,0.14184397163120568,0.13333333333333333,266.59929078014187,138,0.09420289855072464,0.08666666666666667,268.42753623188406,93,0.0967741935483871,0.09,267.01075268817203,95,0.08421052631578947,0.08,253.22105263157894,96,0.17708333333333334,0.17,277.7604166666667,92,0.11956521739130435,0.11,264.8804347826087,99,0.04040404040404041,0.04,206.35353535353536,272,0.15073529411764705,0.128125,288.9522058823529,7380,7380,113.04511284828186
N,10,3e-05,286720,282,0.1347517730496454,0.12666666666666668,267.0886524822695,138,0.08695652173913043,0.08,268.9855072463768,93,0.06451612903225806,0.06,267.16129032258067,95,0.09473684210526316,0.09,254.67368421052632,96,0.16666666666666666,0.16,278.1458333333333,92,0.10869565217391304,0.1,260.57608695652175,99,0.04040404040404041,0.04,206.94949494949495,272,0.15808823529411764,0.134375,289.15808823529414,7380,7380,113.04511284828186
N,10,3e-05,307200,282,0.16312056737588654,0.15333333333333332,285.4113475177305,138,0.10869565217391304,0.1,278.3550724637681,93,0.0967741935483871,0.09,277.83870967741933,95,0.11578947368421053,0.11,268.12631578947367,96,0.13541666666666666,0.13,283.8229166666667,92,0.1956521739130435,0.18,290.1630434782609,99,0.04040404040404041,0.04,224.56565656565655,272,0.1801470588235294,0.153125,313.60661764705884,7380,7380,113.04511284828186
N,10,3e-05,327680,282,0.12056737588652482,0.11333333333333333,279.4503546099291,138,0.050724637681159424,0.04666666666666667,269.7608695652174,93,0.07526881720430108,0.07,273.5483870967742,95,0.10526315789473684,0.1,260.53684210526313,96,0.125,0.12,280.5,92,0.18478260869565216,0.17,283.5326086956522,99,0.12121212121212122,0.12,228.8080808080808,272,0.16176470588235295,0.1375,301.5845588235294,7380,7380,113.04511284828186
N,10,3e-05,348160,282,0.08865248226950355,0.08333333333333333,254.22340425531914,138,0.050724637681159424,0.04666666666666667,239.0072463768116,93,0.043010752688172046,0.04,243.78494623655914,95,0.12631578947368421,0.12,239.29473684210527,96,0.11458333333333333,0.11,258.8229166666667,92,0.07608695652173914,0.07,257.54347826086956,99,0.10101010101010101,0.1,215.78787878787878,272,0.1213235294117647,0.103125,266.5845588235294,7380,7380,113.04511284828186
N,10,3e-05,368640,282,0.06382978723404255,0.06,241.97163120567376,138,0.036231884057971016,0.03333333333333333,225.3695652173913,93,0.021505376344086023,0.02,229.44086021505376,95,0.09473684210526316,0.09,228.66315789473686,96,0.09375,0.09,242.08333333333334,92,0.09782608695652174,0.09,251.65217391304347,99,0.0707070707070707,0.07,199.13131313131314,272,0.09558823529411764,0.08125,263.8014705882353,7380,7380,113.04511284828186
N,10,3e-05,389120,282,0.07801418439716312,0.07333333333333333,248.35106382978722,138,0.050724637681159424,0.04666666666666667,236.6231884057971,93,0.08602150537634409,0.08,240.91397849462365,95,0.07368421052631578,0.07,233.57894736842104,96,0.10416666666666667,0.1,247.57291666666666,92,0.11956521739130435,0.11,256.19565217391306,99,0.050505050505050504,0.05,198.96969696969697,272,0.11764705882352941,0.1,277.22058823529414,7380,7380,113.04511284828186
N,10,3e-05,409600,282,0.07801418439716312,0.07333333333333333,235.01063829787233,138,0.043478260869565216,0.04,227.28985507246378,93,0.021505376344086023,0.02,221.03225806451613,95,0.07368421052631578,0.07,218.5157894736842,96,0.08333333333333333,0.08,233.36458333333334,92,0.13043478260869565,0.12,235.45652173913044,99,0.030303030303030304,0.03,179.88888888888889,272,0.09926470588235294,0.084375,255.22426470588235,7380,7380,113.04511284828186
N,12,3e-05,0,282,0.0,0.0,12.73049645390071,138,0.0,0.0,16.26086956521739,93,0.0,0.0,18.06451612903226,95,0.0,0.0,15.989473684210527,96,0.0,0.0,15.864583333333334,92,0.0,0.0,13.206521739130435,99,0.0,0.0,11.464646464646465,272,0.0,0.0,13.047794117647058,7338,7338,113.16459608078003
N,12,3e-05,20480,282,0.0035460992907801418,0.0033333333333333335,56.159574468085104,138,0.0,0.0,52.10144927536232,93,0.0,0.0,57.096774193548384,95,0.010526315789473684,0.01,53.96842105263158,96,0.020833333333333332,0.02,72.125,92,0.010869565217391304,0.01,66.65217391304348,99,0.0,0.0,42.73737373737374,272,0.022058823529411766,0.01875,82.96691176470588,7338,7338,113.16459608078003
N,12,3e-05,40960,282,0.0,0.0,57.166666666666664,138,0.007246376811594203,0.006666666666666667,58.77536231884058,93,0.0,0.0,56.26881720430107,95,0.0,0.0,50.589473684210525,96,0.020833333333333332,0.02,72.41666666666667,92,0.010869565217391304,0.01,67.76086956521739,99,0.0,0.0,46.08080808080808,272,0.011029411764705883,0.009375,74.9375,7338,7338,113.16459608078003
N,12,3e-05,61440,282,0.0,0.0,59.0886524822695,138,0.0,0.0,59.61594202898551,93,0.0,0.0,58.70967741935484,95,0.0,0.0,54.95789473684211,96,0.010416666666666666,0.01,73.375,92,0.0,0.0,61.391304347826086,99,0.0,0.0,49.60606060606061,272,0.011029411764705883,0.009375,73.9154411764706,7338,7338,113.16459608078003
N,12,3e-05,81920,282,0.0,0.0,60.0886524822695,138,0.0,0.0,60.36231884057971,93,0.0,0.0,60.903225806451616,95,0.0,0.0,58.44210526315789,96,0.010416666666666666,0.01,71.45833333333333,92,0.0,0.0,61.29347826086956,99,0.0,0.0,48.16161616161616,272,0.0,0.0,71.7720588235294,7338,7338,113.16459608078003
N,12,3e-05,102400,282,0.0,0.0,66.41134751773049,138,0.0,0.0,66.48550724637681,93,0.0,0.0,66.72043010752688,95,0.0,0.0,65.29473684210527,96,0.010416666666666666,0.01,76.86458333333333,92,0.0,0.0,66.8804347826087,99,0.0,0.0,53.54545454545455,272,0.0,0.0,78.26838235294117,7338,7338,113.16459608078003
N,12,3e-05,122880,282,0.0035460992907801418,0.0033333333333333335,73.74468085106383,138,0.0,0.0,71.68840579710145,93,0.0,0.0,72.27956989247312,95,0.0,0.0,71.3578947368421,96,0.020833333333333332,0.02,86.5,92,0.0,0.0,73.03260869565217,99,0.010101010101010102,0.01,63.84848484848485,272,0.0,0.0,85.23529411764706,7338,7338,113.16459608078003
N,12,3e-05,143360,282,0.0,0.0,86.82978723404256,138,0.0,0.0,83.65942028985508,93,0.0,0.0,85.09677419354838,95,0.0,0.0,80.34736842105264,96,0.0,0.0,101.36458333333333,92,0.0,0.0,87.51086956521739,99,0.010101010101010102,0.01,78.58585858585859,272,0.0,0.0,90.0625,7338,7338,113.16459608078003
N,12,3e-05,163840,282,0.0070921985815602835,0.006666666666666667,108.56382978723404,138,0.0,0.0,105.05797101449275,93,0.0,0.0,102.36559139784946,95,0.0,0.0,100.23157894736842,96,0.0,0.0,117.33333333333333,92,0.010869565217391304,0.01,103.67391304347827,99,0.010101010101010102,0.01,91.58585858585859,272,0.011029411764705883,0.009375,104.29411764705883,7338,7338,113.16459608078003
N,12,3e-05,184320,282,0.01773049645390071,0.016666666666666666,151.64893617021278,138,0.0,0.0,144.81884057971016,93,0.0,0.0,149.58064516129033,95,0.0,0.0,136.92631578947368,96,0.020833333333333332,0.02,164.72916666666666,92,0.0,0.0,139.57608695652175,99,0.020202020202020204,0.02,126.08080808080808,272,0.01838235294117647,0.015625,137.9485294117647,7338,7338,113.16459608078003
N,12,3e-05,204800,282,0.010638297872340425,0.01,192.9078014184397,138,0.0,0.0,185.31159420289856,93,0.0,0.0,184.9784946236559,95,0.0,0.0,186.0421052631579,96,0.010416666666666666,0.01,206.20833333333334,92,0.021739130434782608,0.02,191.42391304347825,99,0.020202020202020204,0.02,175.59595959595958,272,0.03676470588235294,0.03125,180.2389705882353,7338,7338,113.16459608078003
N,12,3e-05,225280,282,0.11702127659574468,0.11,241.52482269503545,138,0.06521739130434782,0.06,230.36231884057972,93,0.043010752688172046,0.04,233.04301075268816,95,0.07368421052631578,0.07,221.3684210526316,96,0.13541666666666666,0.13,252.83333333333334,92,0.07608695652173914,0.07,230.7391304347826,99,0.08080808080808081,0.08,203.27272727272728,272,0.07352941176470588,0.0625,220.05882352941177,7338,7338,113.16459608078003
N,12,3e-05,245760,282,0.1099290780141844,0.10333333333333333,259.1595744680851,138,0.06521739130434782,0.06,245.6304347826087,93,0.021505376344086023,0.02,247.9247311827957,95,0.09473684210526316,0.09,241.52631578947367,96,0.13541666666666666,0.13,265.4791666666667,92,0.15217391304347827,0.14,269.89130434782606,99,0.10101010101010101,0.1,212.33333333333334,272,0.12867647058823528,0.109375,277.3382352941176,7338,7338,113.16459608078003
N,12,3e-05,266240,282,0.19858156028368795,0.18666666666666668,294.97872340425533,138,0.09420289855072464,0.08666666666666667,289.04347826086956,93,0.10752688172043011,0.1,286.38709677419354,95,0.1368421052631579,0.13,278.1578947368421,96,0.13541666666666666,0.13,292.4895833333333,92,0.21739130434782608,0.2,297.6195652173913,99,0.0707070707070707,0.07,233.22222222222223,272,0.20588235294117646,0.175,322.5845588235294,7338,7338,113.16459608078003
N,12,3e-05,286720,282,0.15602836879432624,0.14666666666666667,273.1489361702128,138,0.08695652173913043,0.08,264.31159420289856,93,0.0967741935483871,0.09,262.02150537634407,95,0.10526315789473684,0.1,254.8736842105263,96,0.11458333333333333,0.11,270.9791666666667,92,0.17391304347826086,0.16,276.0869565217391,99,0.050505050505050504,0.05,213.05050505050505,272,0.15441176470588236,0.13125,301.2757352941176,7338,7338,113.16459608078003
N,12,3e-05,307200,282,0.1879432624113475,0.17666666666666667,308.822695035461,138,0.13043478260869565,0.12,309.7463768115942,93,0.11827956989247312,0.11,300.39784946236557,95,0.11578947368421053,0.11,291.6,96,0.15625,0.15,306.7604166666667,92,0.18478260869565216,0.17,305.5978260869565,99,0.0707070707070707,0.07,249.53535353535352,272,0.21323529411764705,0.18125,335.2132352941176,7338,7338,113.16459608078003
N,12,3e-05,327680,282,0.24822695035460993,0.23333333333333334,333.5248226950355,138,0.2028985507246377,0.18666666666666668,341.0217391304348,93,0.1827956989247312,0.17,331.1182795698925,95,0.18947368421052632,0.18,315.57894736842104,96,0.22916666666666666,0.22,333.1458333333333,92,0.22826086956521738,0.21,332.20652173913044,99,0.13131313131313133,0.13,273.74747474747477,272,0.25735294117647056,0.21875,352.0257352941176,7338,7338,113.16459608078003
N,12,3e-05,348160,282,0.22695035460992907,0.21333333333333335,325.5567375886525,138,0.18115942028985507,0.16666666666666666,326.7608695652174,93,0.13978494623655913,0.13,316.60215053763443,95,0.15789473684210525,0.15,308.6842105263158,96,0.20833333333333334,0.2,324.3958333333333,92,0.22826086956521738,0.21,319.5869565217391,99,0.10101010101010101,0.1,262.6060606060606,272,0.2536764705882353,0.215625,347.55882352941177,7338,7338,113.16459608078003
N,12,3e-05,368640,282,0.1879432624113475,0.17666666666666667,297.0,138,0.14492753623188406,0.13333333333333333,296.5289855072464,93,0.12903225806451613,0.12,287.89247311827955,95,0.09473684210526316,0.09,278.9894736842105,96,0.16666666666666666,0.16,295.3958333333333,92,0.14130434782608695,0.13,295.5652173913044,99,0.0707070707070707,0.07,234.44444444444446,272,0.17279411764705882,0.146875,320.63235294117646,7338,7338,113.16459608078003
N,12,3e-05,389120,282,0.1950354609929078,0.18333333333333332,302.57092198581563,138,0.13043478260869565,0.12,304.60869565217394,93,0.11827956989247312,0.11,297.39784946236557,95,0.11578947368421053,0.11,285.2315789473684,96,0.1875,0.18,303.5104166666667,92,0.16304347826086957,0.15,296.0217391304348,99,0.050505050505050504,0.05,238.59595959595958,272,0.18382352941176472,0.15625,325.21691176470586,7338,7338,113.16459608078003
N,12,3e-05,409600,282,0.19148936170212766,0.18,294.54609929078015,138,0.13043478260869565,0.12,295.6811594202899,93,0.10752688172043011,0.1,291.01075268817203,95,0.11578947368421053,0.11,282.0210526315789,96,0.1875,0.18,299.6354166666667,92,0.1956521739130435,0.18,293.3369565217391,99,0.06060606060606061,0.06,230.25252525252526,272,0.1801470588235294,0.153125,317.94485294117646,7338,7338,113.16459608078003
N,11,3e-05,0,282,0.0,0.0,22.578014184397162,138,0.0,0.0,32.094202898550726,93,0.0,0.0,39.946236559139784,95,0.0,0.0,24.073684210526316,96,0.0,0.0,19.552083333333332,92,0.0,0.0,25.130434782608695,99,0.0,0.0,21.272727272727273,272,0.0,0.0,59.88970588235294,6847,6847,114.18512105941772
N,11,3e-05,20480,282,0.014184397163120567,0.013333333333333334,65.73049645390071,138,0.0,0.0,55.0,93,0.0,0.0,57.89247311827957,95,0.0,0.0,53.96842105263158,96,0.041666666666666664,0.04,80.40625,92,0.010869565217391304,0.01,66.22826086956522,99,0.0,0.0,45.62626262626262,272,0.0661764705882353,0.05625,97.36029411764706,6847,6847,114.18512105941772
N,11,3e-05,40960,282,0.024822695035460994,0.023333333333333334,71.02127659574468,138,0.0,0.0,58.731884057971016,93,0.0,0.0,61.053763440860216,95,0.0,0.0,58.02105263157895,96,0.041666666666666664,0.04,82.875,92,0.021739130434782608,0.02,71.01086956521739,99,0.0,0.0,47.13131313131313,272,0.0661764705882353,0.05625,102.9375,6847,6847,114.18512105941772
N,11,3e-05,61440,282,0.01773049645390071,0.016666666666666666,72.94326241134752,138,0.0,0.0,61.79710144927536,93,0.010752688172043012,0.01,67.7741935483871,95,0.010526315789473684,0.01,63.421052631578945,96,0.03125,0.03,82.33333333333333,92,0.010869565217391304,0.01,70.18478260869566,99,0.0,0.0,49.62626262626262,272,0.07720588235294118,0.065625,106.01838235294117,6847,6847,114.18512105941772
N,11,3e-05,81920,282,0.028368794326241134,0.02666666666666667,78.43262411347517,138,0.0,0.0,67.17391304347827,93,0.0,0.0,69.40860215053763,95,0.0,0.0,64.11578947368422,96,0.041666666666666664,0.04,89.47916666666667,92,0.021739130434782608,0.02,78.0,99,0.0,0.0,51.676767676767675,272,0.07352941176470588,0.0625,110.84191176470588,6847,6847,114.18512105941772
N,11,3e-05,102400,282,0.03546099290780142,0.03333333333333333,87.26950354609929,138,0.0,0.0,73.8913043478261,93,0.010752688172043012,0.01,80.44086021505376,95,0.0,0.0,72.71578947368421,96,0.08333333333333333,0.08,111.13541666666667,92,0.03260869565217391,0.03,90.41304347826087,99,0.0,0.0,56.63636363636363,272,0.08455882352941177,0.071875,119.95220588235294,6847,6847,114.18512105941772
N,11,3e-05,122880,282,0.0425531914893617,0.04,106.322695035461,138,0.0,0.0,91.39855072463769,93,0.010752688172043012,0.01,99.94623655913979,95,0.010526315789473684,0.01,90.6,96,0.09375,0.09,130.92708333333334,92,0.043478260869565216,0.04,112.34782608695652,99,0.0,0.0,69.03030303030303,272,0.08088235294117647,0.06875,132.23529411764707,6847,6847,114.18512105941772
N,11,3e-05,143360,282,0.04609929078014184,0.043333333333333335,133.62056737588654,138,0.014492753623188406,0.013333333333333334,126.68840579710145,93,0.0,0.0,130.01075268817203,95,0.010526315789473684,0.01,120.61052631578947,96,0.09375,0.09,163.48958333333334,92,0.05434782608695652,0.05,143.66304347826087,99,0.010101010101010102,0.01,96.88888888888889,272,0.08088235294117647,0.06875,158.53676470588235,6847,6847,114.18512105941772
N,11,3e-05,163840,282,0.08865248226950355,0.08333333333333333,225.73758865248226,138,0.057971014492753624,0.05333333333333334,223.5144927536232,93,0.11827956989247312,0.11,248.41935483870967,95,0.07368421052631578,0.07,218.68421052631578,96,0.1875,0.18,252.89583333333334,92,0.11956521739130435,0.11,228.2608695652174,99,0.030303030303030304,0.03,168.03030303030303,272,0.16911764705882354,0.14375,255.25367647058823,6847,6847,114.18512105941772
N,11,3e-05,184320,282,0.599290780141844,0.5633333333333334,380.09574468085106,138,0.5797101449275363,0.5333333333333333,384.6449275362319,93,0.6881720430107527,0.64,403.4301075268817,95,0.5894736842105263,0.56,373.3157894736842,96,0.7708333333333334,0.74,409.8645833333333,92,0.6086956521739131,0.56,388.2608695652174,99,0.43434343434343436,0.43,297.5353535353535,272,0.43014705882352944,0.365625,340.1139705882353,6847,6847,114.18512105941772
N,11,3e-05,204800,282,0.8014184397163121,0.7533333333333333,429.13475177304963,138,0.8333333333333334,0.7666666666666667,445.42028985507244,93,0.8387096774193549,0.78,440.48387096774195,95,0.7578947368421053,0.72,422.12631578947367,96,0.8854166666666666,0.85,462.0729166666667,92,0.8260869565217391,0.76,434.80434782608694,99,0.6363636363636364,0.63,356.5858585858586,272,0.6360294117647058,0.540625,394.15441176470586,6847,6847,114.18512105941772
N,11,3e-05,225280,282,0.4858156028368794,0.45666666666666667,394.531914893617,138,0.42028985507246375,0.38666666666666666,400.65942028985506,93,0.46236559139784944,0.43,398.1290322580645,95,0.4,0.38,382.4736842105263,96,0.5104166666666666,0.49,412.7604166666667,92,0.4782608695652174,0.44,389.8478260869565,99,0.36363636363636365,0.36,331.8484848484849,272,0.4338235294117647,0.36875,381.01838235294116,6847,6847,114.18512105941772
N,11,3e-05,245760,282,0.17375886524822695,0.16333333333333333,273.6595744680851,138,0.08695652173913043,0.08,261.5507246376812,93,0.0967741935483871,0.09,264.44086021505376,95,0.09473684210526316,0.09,253.09473684210528,96,0.11458333333333333,0.11,271.6979166666667,92,0.15217391304347827,0.14,274.79347826086956,99,0.04040404040404041,0.04,212.43434343434345,272,0.16911764705882354,0.14375,300.19485294117646,6847,6847,114.18512105941772
N,11,3e-05,266240,282,0.1773049645390071,0.16666666666666666,289.1241134751773,138,0.10144927536231885,0.09333333333333334,285.8985507246377,93,0.08602150537634409,0.08,282.6989247311828,95,0.11578947368421053,0.11,270.4842105263158,96,0.125,0.12,288.1875,92,0.17391304347826086,0.16,292.4130434782609,99,0.050505050505050504,0.05,228.8080808080808,272,0.1875,0.159375,317.6102941176471,6847,6847,114.18512105941772
N,11,3e-05,286720,282,0.14893617021276595,0.14,275.11347517730496,138,0.11594202898550725,0.10666666666666667,268.2391304347826,93,0.0967741935483871,0.09,266.5698924731183,95,0.1368421052631579,0.13,259.7157894736842,96,0.125,0.12,270.7916666666667,92,0.15217391304347827,0.14,274.85869565217394,99,0.0707070707070707,0.07,221.989898989899,272,0.15808823529411764,0.134375,305.0404411764706,6847,6847,114.18512105941772
N,11,3e-05,307200,282,0.09574468085106383,0.09,255.68085106382978,138,0.050724637681159424,0.04666666666666667,244.8768115942029,93,0.08602150537634409,0.08,246.4516129032258,95,0.08421052631578947,0.08,240.37894736842105,96,0.11458333333333333,0.11,254.02083333333334,92,0.15217391304347827,0.14,259.9021739130435,99,0.06060606060606061,0.06,205.22222222222223,272,0.12867647058823528,0.109375,287.4632352941176,6847,6847,114.18512105941772
N,11,3e-05,327680,282,0.11347517730496454,0.10666666666666667,257.04609929078015,138,0.057971014492753624,0.05333333333333334,248.6014492753623,93,0.08602150537634409,0.08,246.51612903225808,95,0.07368421052631578,0.07,238.21052631578948,96,0.11458333333333333,0.11,254.45833333333334,92,0.15217391304347827,0.14,260.67391304347825,99,0.050505050505050504,0.05,201.56565656565655,272,0.125,0.10625,284.1470588235294,6847,6847,114.18512105941772
N,11,3e-05,348160,282,0.1595744680851064,0.15,276.45390070921985,138,0.10144927536231885,0.09333333333333334,267.5217391304348,93,0.0967741935483871,0.09,266.93548387096774,95,0.08421052631578947,0.08,255.0,96,0.11458333333333333,0.11,270.1666666666667,92,0.18478260869565216,0.17,278.69565217391306,99,0.08080808080808081,0.08,223.66666666666666,272,0.17279411764705882,0.146875,307.2757352941176,6847,6847,114.18512105941772
N,11,3e-05,368640,282,0.1595744680851064,0.15,288.6170212765957,138,0.09420289855072464,0.08666666666666667,279.57246376811594,93,0.10752688172043011,0.1,284.13978494623655,95,0.11578947368421053,0.11,268.87368421052633,96,0.125,0.12,288.28125,92,0.21739130434782608,0.2,293.44565217391306,99,0.15151515151515152,0.15,236.57575757575756,272,0.19117647058823528,0.1625,314.0992647058824,6847,6847,114.18512105941772
N,11,3e-05,389120,282,0.2198581560283688,0.20666666666666667,317.5248226950355,138,0.16666666666666666,0.15333333333333332,313.9492753623188,93,0.1827956989247312,0.17,314.4301075268817,95,0.18947368421052632,0.18,299.58947368421053,96,0.19791666666666666,0.19,318.90625,92,0.25,0.23,316.7608695652174,99,0.1717171717171717,0.17,257.030303030303,272,0.23161764705882354,0.196875,338.65808823529414,6847,6847,114.18512105941772
N,11,3e-05,409600,282,0.1950354609929078,0.18333333333333332,300.2517730496454,138,0.10869565217391304,0.1,294.9782608695652,93,0.16129032258064516,0.15,296.3333333333333,95,0.11578947368421053,0.11,280.22105263157897,96,0.14583333333333334,0.14,300.125,92,0.21739130434782608,0.2,301.25,99,0.16161616161616163,0.16,247.45454545454547,272,0.22058823529411764,0.1875,326.22058823529414,6847,6847,114.18512105941772
N,13,3e-05,0,282,0.0,0.0,28.20567375886525,138,0.0,0.0,26.81159420289855,93,0.0,0.0,27.107526881720432,95,0.0,0.0,26.178947368421053,96,0.0,0.0,40.229166666666664,92,0.0,0.0,30.706521739130434,99,0.0,0.0,22.424242424242426,272,0.0,0.0,30.503676470588236,7301,7301,118.85308694839478
N,13,3e-05,20480,282,0.0035460992907801418,0.0033333333333333335,56.42198581560284,138,0.0,0.0,54.10144927536232,93,0.0,0.0,57.81720430107527,95,0.0,0.0,55.03157894736842,96,0.020833333333333332,0.02,74.80208333333333,92,0.0,0.0,65.44565217391305,99,0.0,0.0,43.696969696969695,272,0.014705882352941176,0.0125,81.78676470588235,7301,7301,118.85308694839478
N,13,3e-05,40960,282,0.010638297872340425,0.01,62.59219858156028,138,0.0,0.0,55.82608695652174,93,0.0,0.0,59.043010752688176,95,0.0,0.0,54.93684210526316,96,0.0,0.0,73.71875,92,0.010869565217391304,0.01,64.78260869565217,99,0.0,0.0,44.63636363636363,272,0.025735294117647058,0.021875,87.68014705882354,7301,7301,118.85308694839478
N,13,3e-05,61440,282,0.0070921985815602835,0.006666666666666667,69.03900709219859,138,0.0,0.0,58.905797101449274,93,0.0,0.0,59.97849462365591,95,0.0,0.0,59.536842105263155,96,0.03125,0.03,82.14583333333333,92,0.010869565217391304,0.01,68.09782608695652,99,0.0,0.0,49.07070707070707,272,0.01838235294117647,0.015625,94.59926470588235,7301,7301,118.85308694839478
N,13,3e-05,81920,282,0.014184397163120567,0.013333333333333334,74.30141843971631,138,0.007246376811594203,0.006666666666666667,64.82608695652173,93,0.0,0.0,67.02150537634408,95,0.010526315789473684,0.01,63.32631578947368,96,0.03125,0.03,85.97916666666667,92,0.010869565217391304,0.01,71.55434782608695,99,0.0,0.0,53.02020202020202,272,0.01838235294117647,0.015625,99.87867647058823,7301,7301,118.85308694839478
N,13,3e-05,102400,282,0.01773049645390071,0.016666666666666666,78.23758865248227,138,0.007246376811594203,0.006666666666666667,69.55797101449275,93,0.010752688172043012,0.01,73.73118279569893,95,0.010526315789473684,0.01,67.9578947368421,96,0.03125,0.03,92.72916666666667,92,0.010869565217391304,0.01,82.55434782608695,99,0.0,0.0,54.323232323232325,272,0.04044117647058824,0.034375,107.28308823529412,7301,7301,118.85308694839478
N,13,3e-05,122880,282,0.010638297872340425,0.01,81.57446808510639,138,0.0,0.0,75.80434782608695,93,0.0,0.0,82.3225806451613,95,0.010526315789473684,0.01,75.05263157894737,96,0.041666666666666664,0.04,105.15625,92,0.03260869565217391,0.03,91.8695652173913,99,0.0,0.0,59.95959595959596,272,0.051470588235294115,0.04375,117.52573529411765,7301,7301,118.85308694839478
N,13,3e-05,143360,282,0.02127659574468085,0.02,96.29432624113475,138,0.007246376811594203,0.006666666666666667,89.14492753623189,93,0.0,0.0,95.45161290322581,95,0.021052631578947368,0.02,88.61052631578947,96,0.07291666666666667,0.07,121.65625,92,0.043478260869565216,0.04,108.31521739130434,99,0.0,0.0,72.63636363636364,272,0.0661764705882353,0.05625,129.7610294117647,7301,7301,118.85308694839478
N,13,3e-05,163840,282,0.028368794326241134,0.02666666666666667,125.24113475177305,138,0.0,0.0,116.89855072463769,93,0.0,0.0,121.3225806451613,95,0.031578947368421054,0.03,123.01052631578948,96,0.07291666666666667,0.07,154.32291666666666,92,0.06521739130434782,0.06,145.7391304347826,99,0.030303030303030304,0.03,106.93939393939394,272,0.07720588235294118,0.065625,157.84926470588235,7301,7301,118.85308694839478
N,13,3e-05,184320,282,0.10283687943262411,0.09666666666666666,195.7836879432624,138,0.028985507246376812,0.02666666666666667,187.2173913043478,93,0.043010752688172046,0.04,196.2688172043011,95,0.06315789473684211,0.06,186.10526315789474,96,0.11458333333333333,0.11,213.0,92,0.14130434782608695,0.13,205.02173913043478,99,0.030303030303030304,0.03,153.17171717171718,272,0.11764705882352941,0.1,217.25,7301,7301,118.85308694839478
N,13,3e-05,204800,282,0.6560283687943262,0.6166666666666667,388.71276595744683,138,0.7246376811594203,0.6666666666666666,410.9347826086956,93,0.7526881720430108,0.7,406.741935483871,95,0.6526315789473685,0.62,373.86315789473684,96,0.7708333333333334,0.74,413.9479166666667,92,0.6847826086956522,0.63,396.5326086956522,99,0.494949494949495,0.49,311.8888888888889,272,0.5661764705882353,0.48125,368.4595588235294,7301,7301,118.85308694839478
N,13,3e-05,225280,282,0.20921985815602837,0.19666666666666666,281.3049645390071,138,0.12318840579710146,0.11333333333333333,271.5217391304348,93,0.11827956989247312,0.11,275.03225806451616,95,0.15789473684210525,0.15,262.9263157894737,96,0.21875,0.21,293.9270833333333,92,0.21739130434782608,0.2,281.4347826086956,99,0.16161616161616163,0.16,220.26262626262627,272,0.20955882352941177,0.178125,292.87132352941177,7301,7301,118.85308694839478
N,13,3e-05,245760,282,0.16666666666666666,0.15666666666666668,278.0070921985816,138,0.06521739130434782,0.06,266.45652173913044,93,0.11827956989247312,0.11,270.35483870967744,95,0.1368421052631579,0.13,263.34736842105264,96,0.15625,0.15,280.75,92,0.20652173913043478,0.19,277.30434782608694,99,0.08080808080808081,0.08,212.57575757575756,272,0.19117647058823528,0.1625,304.1764705882353,7301,7301,118.85308694839478
N,13,3e-05,266240,282,0.1773049645390071,0.16666666666666666,289.6843971631206,138,0.10869565217391304,0.1,284.8478260869565,93,0.11827956989247312,0.11,289.4193548387097,95,0.1368421052631579,0.13,277.42105263157896,96,0.15625,0.15,296.0416666666667,92,0.1956521739130435,0.18,295.0978260869565,99,0.12121212121212122,0.12,234.58585858585857,272,0.20588235294117646,0.175,315.8602941176471,7301,7301,118.85308694839478
N,13,3e-05,286720,282,0.1702127659574468,0.16,287.0,138,0.12318840579710146,0.11333333333333333,289.82608695652175,93,0.13978494623655913,0.13,288.0537634408602,95,0.11578947368421053,0.11,272.82105263157894,96,0.16666666666666666,0.16,294.625,92,0.14130434782608695,0.13,284.14130434782606,99,0.06060606060606061,0.06,227.6060606060606,272,0.1801470588235294,0.153125,309.6727941176471,7301,7301,118.85308694839478
N,13,3e-05,307200,282,0.1702127659574468,0.16,284.8581560283688,138,0.10869565217391304,0.1,283.8768115942029,93,0.10752688172043011,0.1,280.18279569892474,95,0.10526315789473684,0.1,267.8421052631579,96,0.14583333333333334,0.14,287.6041666666667,92,0.18478260869565216,0.17,285.9130434782609,99,0.04040404040404041,0.04,218.5252525252525,272,0.1801470588235294,0.153125,310.4632352941176,7301,7301,118.85308694839478
N,13,3e-05,327680,282,0.1347517730496454,0.12666666666666668,280.98936170212767,138,0.057971014492753624,0.05333333333333334,269.94202898550725,93,0.06451612903225806,0.06,271.5806451612903,95,0.14736842105263157,0.14,265.4,96,0.16666666666666666,0.16,285.5729166666667,92,0.15217391304347827,0.14,283.57608695652175,99,0.13131313131313133,0.13,233.58585858585857,272,0.14338235294117646,0.121875,294.3492647058824,7301,7301,118.85308694839478
N,13,3e-05,348160,282,0.0851063829787234,0.08,259.42198581560285,138,0.050724637681159424,0.04666666666666667,247.7173913043478,93,0.043010752688172046,0.04,251.51612903225808,95,0.11578947368421053,0.11,244.56842105263158,96,0.10416666666666667,0.1,262.0416666666667,92,0.17391304347826086,0.16,270.0652173913044,99,0.09090909090909091,0.09,214.64646464646464,272,0.1213235294117647,0.103125,285.37132352941177,7301,7301,118.85308694839478
N,13,3e-05,368640,282,0.10283687943262411,0.09666666666666666,264.98936170212767,138,0.043478260869565216,0.04,253.4927536231884,93,0.03225806451612903,0.03,259.2903225806452,95,0.11578947368421053,0.11,248.66315789473686,96,0.125,0.12,267.8229166666667,92,0.18478260869565216,0.17,273.79347826086956,99,0.10101010101010101,0.1,219.43434343434345,272,0.15441176470588236,0.13125,292.0404411764706,7301,7301,118.85308694839478
N,13,3e-05,389120,282,0.2127659574468085,0.2,302.6595744680851,138,0.13043478260869565,0.12,296.4782608695652,93,0.13978494623655913,0.13,297.86021505376345,95,0.16842105263157894,0.16,283.13684210526316,96,0.16666666666666666,0.16,301.6770833333333,92,0.22826086956521738,0.21,303.8478260869565,99,0.12121212121212122,0.12,241.02020202020202,272,0.25,0.2125,331.43014705882354,7301,7301,118.85308694839478
N,13,3e-05,409600,282,0.20567375886524822,0.19333333333333333,301.10283687943263,138,0.12318840579710146,0.11333333333333333,295.2826086956522,93,0.11827956989247312,0.11,295.1182795698925,95,0.15789473684210525,0.15,279.69473684210527,96,0.16666666666666666,0.16,297.0625,92,0.21739130434782608,0.2,300.1304347826087,99,0.1414141414141414,0.14,241.44444444444446,272,0.23897058823529413,0.203125,328.5882352941176,7301,7301,118.85308694839478
N,14,3e-05,0,282,0.0,0.0,12.939716312056738,138,0.0,0.0,16.036231884057973,93,0.0,0.0,19.537634408602152,95,0.0,0.0,15.757894736842106,96,0.0,0.0,15.90625,92,0.0,0.0,13.065217391304348,99,0.0,0.0,11.83838383838384,272,0.0,0.0,13.161764705882353,7062,7062,119.29570817947388
N,14,3e-05,20480,282,0.0035460992907801418,0.0033333333333333335,60.347517730496456,138,0.0,0.0,58.42028985507246,93,0.0,0.0,63.924731182795696,95,0.0,0.0,60.4,96,0.03125,0.03,79.19791666666667,92,0.010869565217391304,0.01,74.51086956521739,99,0.0,0.0,45.23232323232323,272,0.025735294117647058,0.021875,86.01102941176471,7062,7062,119.29570817947388
N,14,3e-05,40960,282,0.014184397163120567,0.013333333333333334,65.93262411347517,138,0.0,0.0,63.094202898550726,93,0.0,0.0,63.043010752688176,95,0.0,0.0,58.82105263157895,96,0.03125,0.03,84.46875,92,0.021739130434782608,0.02,77.21739130434783,99,0.0,0.0,48.676767676767675,272,0.01838235294117647,0.015625,84.52573529411765,7062,7062,119.29570817947388
N,14,3e-05,61440,282,0.010638297872340425,0.01,67.4645390070922,138,0.007246376811594203,0.006666666666666667,68.23188405797102,93,0.0,0.0,65.94623655913979,95,0.0,0.0,60.54736842105263,96,0.03125,0.03,84.78125,92,0.010869565217391304,0.01,78.97826086956522,99,0.0,0.0,52.86868686868687,272,0.01838235294117647,0.015625,86.3345588235294,7062,7062,119.29570817947388
N,14,3e-05,81920,282,0.0035460992907801418,0.0033333333333333335,70.677304964539,138,0.007246376811594203,0.006666666666666667,70.9927536231884,93,0.0,0.0,69.21505376344086,95,0.0,0.0,67.17894736842105,96,0.020833333333333332,0.02,82.96875,92,0.010869565217391304,0.01,73.1413043478261,99,0.010101010101010102,0.01,59.666666666666664,272,0.003676470588235294,0.003125,83.44485294117646,7062,7062,119.29570817947388
N,14,3e-05,102400,282,0.0,0.0,74.43262411347517,138,0.0,0.0,74.21014492753623,93,0.0,0.0,76.75268817204301,95,0.0,0.0,72.06315789473685,96,0.0,0.0,84.13541666666667,92,0.0,0.0,76.72826086956522,99,0.0,0.0,67.60606060606061,272,0.0,0.0,81.6875,7062,7062,119.29570817947388
N,14,3e-05,122880,282,0.0,0.0,90.28368794326241,138,0.0,0.0,84.44927536231884,93,0.0,0.0,87.41935483870968,95,0.0,0.0,80.3157894736842,96,0.0,0.0,99.38541666666667,92,0.0,0.0,88.8804347826087,99,0.010101010101010102,0.01,79.26262626262626,272,0.0,0.0,88.69117647058823,7062,7062,119.29570817947388
N,14,3e-05,143360,282,0.0035460992907801418,0.0033333333333333335,113.93262411347517,138,0.0,0.0,109.6159420289855,93,0.0,0.0,111.04301075268818,95,0.0,0.0,105.17894736842105,96,0.010416666666666666,0.01,126.90625,92,0.010869565217391304,0.01,110.3804347826087,99,0.0,0.0,98.9090909090909,272,0.003676470588235294,0.003125,102.36397058823529,7062,7062,119.29570817947388
N,14,3e-05,163840,282,0.0070921985815602835,0.006666666666666667,153.12056737588654,138,0.0,0.0,149.85507246376812,93,0.0,0.0,150.1505376344086,95,0.0,0.0,141.8421052631579,96,0.020833333333333332,0.02,162.94791666666666,92,0.0,0.0,149.70652173913044,99,0.010101010101010102,0.01,130.12121212121212,272,0.007352941176470588,0.00625,133.6066176470588,7062,7062,119.29570817947388
N,14,3e-05,184320,282,0.0070921985815602835,0.006666666666666667,174.145390070922,138,0.007246376811594203,0.006666666666666667,173.0,93,0.010752688172043012,0.01,169.68817204301075,95,0.010526315789473684,0.01,178.55789473684212,96,0.052083333333333336,0.05,190.29166666666666,92,0.03260869565217391,0.03,179.02173913043478,99,0.020202020202020204,0.02,165.26262626262627,272,0.029411764705882353,0.025,162.73529411764707,7062,7062,119.29570817947388
N,14,3e-05,204800,282,0.04964539007092199,0.04666666666666667,200.65248226950354,138,0.028985507246376812,0.02666666666666667,192.02898550724638,93,0.0,0.0,189.752688172043,95,0.031578947368421054,0.03,182.02105263157895,96,0.0625,0.06,211.03125,92,0.021739130434782608,0.02,189.70652173913044,99,0.04040404040404041,0.04,172.46464646464648,272,0.03308823529411765,0.028125,187.05882352941177,7062,7062,119.29570817947388
N,14,3e-05,225280,282,0.08865248226950355,0.08333333333333333,236.68085106382978,138,0.050724637681159424,0.04666666666666667,223.8913043478261,93,0.043010752688172046,0.04,224.23655913978496,95,0.05263157894736842,0.05,217.8,96,0.125,0.12,250.48958333333334,92,0.08695652173913043,0.08,233.9891304347826,99,0.04040404040404041,0.04,198.04040404040404,272,0.051470588235294115,0.04375,223.68014705882354,7062,7062,119.29570817947388
N,14,3e-05,245760,282,0.06382978723404255,0.06,235.88297872340425,138,0.028985507246376812,0.02666666666666667,222.04347826086956,93,0.043010752688172046,0.04,226.03225806451613,95,0.08421052631578947,0.08,222.8421052631579,96,0.08333333333333333,0.08,241.17708333333334,92,0.07608695652173914,0.07,244.6195652173913,99,0.04040404040404041,0.04,198.59595959595958,272,0.08088235294117647,0.06875,253.56617647058823,7062,7062,119.29570817947388
N,14,3e-05,266240,282,0.09929078014184398,0.09333333333333334,266.86524822695037,138,0.07971014492753623,0.07333333333333333,255.44202898550725,93,0.053763440860215055,0.05,255.55913978494624,95,0.07368421052631578,0.07,248.09473684210528,96,0.14583333333333334,0.14,272.3541666666667,92,0.08695652173913043,0.08,266.6630434782609,99,0.06060606060606061,0.06,221.33333333333334,272,0.09926470588235294,0.084375,263.3382352941176,7062,7062,119.29570817947388
N,14,3e-05,286720,282,0.1347517730496454,0.12666666666666668,281.8404255319149,138,0.057971014492753624,0.05333333333333334,275.5507246376812,93,0.0967741935483871,0.09,277.02150537634407,95,0.11578947368421053,0.11,263.2736842105263,96,0.13541666666666666,0.13,280.71875,92,0.18478260869565216,0.17,286.5652173913044,99,0.13131313131313133,0.13,237.5252525252525,272,0.17279411764705882,0.146875,311.3860294117647,7062,7062,119.29570817947388
N,14,3e-05,307200,282,0.23404255319148937,0.22,321.9574468085106,138,0.16666666666666666,0.15333333333333332,321.34057971014494,93,0.15053763440860216,0.14,317.741935483871,95,0.1368421052631579,0.13,301.89473684210526,96,0.17708333333333334,0.17,319.4479166666667,92,0.2608695652173913,0.24,320.79347826086956,99,0.15151515151515152,0.15,261.7171717171717,272,0.26838235294117646,0.228125,347.93014705882354,7062,7062,119.29570817947388
N,14,3e-05,327680,282,0.1347517730496454,0.12666666666666668,292.21276595744683,138,0.057971014492753624,0.05333333333333334,281.27536231884056,93,0.0967741935483871,0.09,288.258064516129,95,0.1368421052631579,0.13,275.62105263157895,96,0.13541666666666666,0.13,288.8958333333333,92,0.20652173913043478,0.19,294.29347826086956,99,0.12121212121212122,0.12,244.95959595959596,272,0.16176470588235295,0.1375,316.75367647058823,7062,7062,119.29570817947388
N,14,3e-05,348160,282,0.22340425531914893,0.21,326.47163120567376,138,0.18840579710144928,0.17333333333333334,330.7028985507246,93,0.13978494623655913,0.13,321.51612903225805,95,0.14736842105263157,0.14,306.6,96,0.20833333333333334,0.2,324.9375,92,0.25,0.23,324.4021739130435,99,0.10101010101010101,0.1,263.6363636363636,272,0.2610294117647059,0.221875,354.0625,7062,7062,119.29570817947388
N,14,3e-05,368640,282,0.18439716312056736,0.17333333333333334,307.21276595744683,138,0.13768115942028986,0.12666666666666668,303.6014492753623,93,0.12903225806451613,0.12,302.21505376344084,95,0.15789473684210525,0.15,290.2736842105263,96,0.14583333333333334,0.14,301.9895833333333,92,0.22826086956521738,0.21,309.75,99,0.13131313131313133,0.13,253.22222222222223,272,0.23529411764705882,0.2,334.93382352941177,7062,7062,119.29570817947388
N,14,3e-05,389120,282,0.1879432624113475,0.17666666666666667,294.3156028368794,138,0.14492753623188406,0.13333333333333333,297.0144927536232,93,0.12903225806451613,0.12,287.3225806451613,95,0.10526315789473684,0.1,275.4315789473684,96,0.15625,0.15,294.125,92,0.16304347826086957,0.15,294.9130434782609,99,0.06060606060606061,0.06,230.34343434343435,272,0.1801470588235294,0.153125,324.0147058823529,7062,7062,119.29570817947388
N,14,3e-05,409600,282,0.12056737588652482,0.11333333333333333,251.27659574468086,138,0.06521739130434782,0.06,241.47826086956522,93,0.043010752688172046,0.04,235.70967741935485,95,0.08421052631578947,0.08,228.09473684210528,96,0.10416666666666667,0.1,245.125,92,0.14130434782608695,0.13,249.80434782608697,99,0.030303030303030304,0.03,192.56565656565655,272,0.11764705882352941,0.1,274.1875,7062,7062,119.29570817947388
N,15,3e-05,0,282,0.0,0.0,38.58510638297872,138,0.0,0.0,39.80434782608695,93,0.0,0.0,42.634408602150536,95,0.0,0.0,40.63157894736842,96,0.0,0.0,52.21875,92,0.0,0.0,41.108695652173914,99,0.0,0.0,28.484848484848484,272,0.0,0.0,42.5735294117647,7105,7105,119.05156397819519
N,15,3e-05,20480,282,0.0,0.0,58.847517730496456,138,0.0,0.0,57.07971014492754,93,0.0,0.0,60.236559139784944,95,0.0,0.0,54.83157894736842,96,0.03125,0.03,79.90625,92,0.010869565217391304,0.01,69.78260869565217,99,0.0,0.0,44.21212121212121,272,0.022058823529411766,0.01875,80.62132352941177,7105,7105,119.05156397819519
N,15,3e-05,40960,282,0.0,0.0,61.758865248226954,138,0.0,0.0,62.78260869565217,93,0.0,0.0,64.49462365591398,95,0.0,0.0,58.589473684210525,96,0.020833333333333332,0.02,79.33333333333333,92,0.010869565217391304,0.01,74.15217391304348,99,0.0,0.0,47.82828282828283,272,0.01838235294117647,0.015625,82.6875,7105,7105,119.05156397819519
N,15,3e-05,61440,282,0.010638297872340425,0.01,67.88652482269504,138,0.0,0.0,64.57971014492753,93,0.0,0.0,66.26881720430107,95,0.0,0.0,60.126315789473686,96,0.041666666666666664,0.04,88.65625,92,0.03260869565217391,0.03,83.59782608695652,99,0.0,0.0,49.22222222222222,272,0.03308823529411765,0.028125,91.74632352941177,7105,7105,119.05156397819519
N,15,3e-05,81920,282,0.014184397163120567,0.013333333333333334,75.26595744680851,138,0.0,0.0,69.6086956521739,93,0.0,0.0,74.59139784946237,95,0.0,0.0,66.34736842105264,96,0.052083333333333336,0.05,97.33333333333333,92,0.043478260869565216,0.04,88.96739130434783,99,0.0,0.0,52.656565656565654,272,0.051470588235294115,0.04375,103.98161764705883,7105,7105,119.05156397819519
N,15,3e-05,102400,282,0.01773049645390071,0.016666666666666666,82.81205673758865,138,0.0,0.0,75.28985507246377,93,0.021505376344086023,0.02,85.74193548387096,95,0.010526315789473684,0.01,78.0,96,0.0625,0.06,106.8125,92,0.03260869565217391,0.03,92.3913043478261,99,0.0,0.0,57.333333333333336,272,0.06985294117647059,0.059375,116.94117647058823,7105,7105,119.05156397819519
N,15,3e-05,122880,282,0.02127659574468085,0.02,96.77659574468085,138,0.0,0.0,88.94202898550725,93,0.0,0.0,92.89247311827957,95,0.010526315789473684,0.01,89.37894736842105,96,0.0625,0.06,121.42708333333333,92,0.03260869565217391,0.03,107.08695652173913,99,0.0,0.0,69.25252525252525,272,0.05514705882352941,0.046875,124.26102941176471,7105,7105,119.05156397819519
N,15,3e-05,143360,282,0.028368794326241134,0.02666666666666667,119.2872340425532,138,0.0,0.0,111.47826086956522,93,0.0,0.0,121.13978494623656,95,0.010526315789473684,0.01,111.06315789473685,96,0.09375,0.09,153.95833333333334,92,0.06521739130434782,0.06,135.95652173913044,99,0.0,0.0,89.34343434343434,272,0.08088235294117647,0.06875,151.84558823529412,7105,7105,119.05156397819519
N,15,3e-05,163840,282,0.03546099290780142,0.03333333333333333,171.04964539007094,138,0.0,0.0,167.31884057971016,93,0.0,0.0,177.48387096774192,95,0.031578947368421054,0.03,167.9157894736842,96,0.09375,0.09,199.84375,92,0.06521739130434782,0.06,180.22826086956522,99,0.020202020202020204,0.02,136.63636363636363,272,0.09558823529411764,0.08125,193.8933823529412,7105,7105,119.05156397819519
N,15,3e-05,184320,282,0.1595744680851064,0.15,251.3049645390071,138,0.09420289855072464,0.08666666666666667,259.0144927536232,93,0.12903225806451613,0.12,270.505376344086,95,0.1368421052631579,0.13,237.0842105263158,96,0.22916666666666666,0.22,286.6770833333333,92,0.17391304347826086,0.16,249.97826086956522,99,0.04040404040404041,0.04,181.56565656565655,272,0.20588235294117646,0.175,267.64338235294116,7105,7105,119.05156397819519
N,15,3e-05,204800,282,0.6524822695035462,0.6133333333333333,383.42907801418437,138,0.6884057971014492,0.6333333333333333,402.0652173913044,93,0.7419354838709677,0.69,411.5806451612903,95,0.631578947368421,0.6,365.8421052631579,96,0.7708333333333334,0.74,410.59375,92,0.6847826086956522,0.63,395.0108695652174,99,0.46464646464646464,0.46,306.54545454545456,272,0.4889705882352941,0.415625,358.6875,7105,7105,119.05156397819519
N,15,3e-05,225280,282,0.2553191489361702,0.24,309.47872340425533,138,0.2391304347826087,0.22,326.05797101449275,93,0.17204301075268819,0.16,321.0,95,0.25263157894736843,0.24,304.62105263157895,96,0.2708333333333333,0.26,329.5416666666667,92,0.25,0.23,313.2173913043478,99,0.13131313131313133,0.13,248.72727272727272,272,0.34191176470588236,0.290625,345.5772058823529,7105,7105,119.05156397819519
N,15,3e-05,245760,282,0.30851063829787234,0.29,340.75531914893617,138,0.2753623188405797,0.25333333333333335,357.57971014492756,93,0.27956989247311825,0.26,351.61290322580646,95,0.2736842105263158,0.26,345.0421052631579,96,0.3229166666666667,0.31,356.1041666666667,92,0.2717391304347826,0.25,346.57608695652175,99,0.13131313131313133,0.13,278.83838383838383,272,0.34191176470588236,0.290625,352.09191176470586,7105,7105,119.05156397819519
N,15,3e-05,266240,282,0.12056737588652482,0.11333333333333333,257.7659574468085,138,0.043478260869565216,0.04,256.80434782608694,93,0.043010752688172046,0.04,252.20430107526883,95,0.09473684210526316,0.09,246.21052631578948,96,0.11458333333333333,0.11,266.8333333333333,92,0.14130434782608695,0.13,255.08695652173913,99,0.04040404040404041,0.04,202.0909090909091,272,0.1213235294117647,0.103125,274.54411764705884,7105,7105,119.05156397819519
N,15,3e-05,286720,282,0.1702127659574468,0.16,292.5,138,0.10869565217391304,0.1,292.768115942029,93,0.10752688172043011,0.1,287.97849462365593,95,0.10526315789473684,0.1,276.5473684210526,96,0.15625,0.15,295.9270833333333,92,0.15217391304347827,0.14,285.55434782608694,99,0.08080808080808081,0.08,236.55555555555554,272,0.16176470588235295,0.1375,308.78308823529414,7105,7105,119.05156397819519
N,15,3e-05,307200,282,0.16312056737588654,0.15333333333333332,282.6914893617021,138,0.10144927536231885,0.09333333333333334,273.1231884057971,93,0.08602150537634409,0.08,272.97849462365593,95,0.08421052631578947,0.08,261.63157894736844,96,0.125,0.12,277.4791666666667,92,0.15217391304347827,0.14,283.42391304347825,99,0.050505050505050504,0.05,224.15151515151516,272,0.17647058823529413,0.15,308.9375,7105,7105,119.05156397819519
N,15,3e-05,327680,282,0.14184397163120568,0.13333333333333333,275.38652482269504,138,0.10869565217391304,0.1,274.768115942029,93,0.06451612903225806,0.06,266.8709677419355,95,0.09473684210526316,0.09,256.9894736842105,96,0.11458333333333333,0.11,274.03125,92,0.14130434782608695,0.13,275.45652173913044,99,0.050505050505050504,0.05,215.75757575757575,272,0.15441176470588236,0.13125,300.93382352941177,7105,7105,119.05156397819519
N,15,3e-05,348160,282,0.12411347517730496,0.11666666666666667,255.2304964539007,138,0.057971014492753624,0.05333333333333334,249.57971014492753,93,0.06451612903225806,0.06,244.36559139784947,95,0.08421052631578947,0.08,236.89473684210526,96,0.08333333333333333,0.08,254.45833333333334,92,0.09782608695652174,0.09,247.6413043478261,99,0.030303030303030304,0.03,196.33333333333334,272,0.09926470588235294,0.084375,271.1875,7105,7105,119.05156397819519
N,15,3e-05,368640,282,0.18085106382978725,0.17,298.9078014184397,138,0.11594202898550725,0.10666666666666667,299.57246376811594,93,0.12903225806451613,0.12,294.86021505376345,95,0.10526315789473684,0.1,284.4421052631579,96,0.17708333333333334,0.17,302.4895833333333,92,0.16304347826086957,0.15,295.94565217391306,99,0.0707070707070707,0.07,239.4747474747475,272,0.19117647058823528,0.1625,321.5220588235294,7105,7105,119.05156397819519
N,15,3e-05,389120,282,0.16666666666666666,0.15666666666666668,282.0354609929078,138,0.10869565217391304,0.1,278.80434782608694,93,0.10752688172043011,0.1,271.81720430107526,95,0.08421052631578947,0.08,263.62105263157895,96,0.14583333333333334,0.14,282.3541666666667,92,0.14130434782608695,0.13,278.19565217391306,99,0.04040404040404041,0.04,214.25252525252526,272,0.16176470588235295,0.1375,303.6985294117647,7105,7105,119.05156397819519
N,15,3e-05,409600,282,0.12056737588652482,0.11333333333333333,254.77659574468086,138,0.06521739130434782,0.06,247.40579710144928,93,0.08602150537634409,0.08,244.32258064516128,95,0.08421052631578947,0.08,232.0842105263158,96,0.09375,0.09,254.34375,92,0.08695652173913043,0.08,245.7173913043478,99,0.04040404040404041,0.04,191.67676767676767,272,0.10661764705882353,0.090625,271.55514705882354,7105,7105,119.05156397819519
N,16,3e-05,0,282,0.0,0.0,34.851063829787236,138,0.0,0.0,36.23913043478261,93,0.0,0.0,40.18279569892473,95,0.0,0.0,37.810526315789474,96,0.0,0.0,50.708333333333336,92,0.0,0.0,34.65217391304348,99,0.0,0.0,27.727272727272727,272,0.0,0.0,38.783088235294116,7323,7323,121.57165431976318
N,16,3e-05,20480,282,0.0070921985815602835,0.006666666666666667,58.698581560283685,138,0.0,0.0,54.27536231884058,93,0.0,0.0,60.13978494623656,95,0.010526315789473684,0.01,56.50526315789474,96,0.041666666666666664,0.04,77.64583333333333,92,0.021739130434782608,0.02,70.46739130434783,99,0.0,0.0,42.303030303030305,272,0.029411764705882353,0.025,87.94485294117646,7323,7323,121.57165431976318
N,16,3e-05,40960,282,0.010638297872340425,0.01,62.702127659574465,138,0.0,0.0,56.61594202898551,93,0.0,0.0,59.72043010752688,95,0.010526315789473684,0.01,58.93684210526316,96,0.041666666666666664,0.04,80.83333333333333,92,0.021739130434782608,0.02,68.8804347826087,99,0.0,0.0,45.0,272,0.04411764705882353,0.0375,98.21323529411765,7323,7323,121.57165431976318
N,16,3e-05,61440,282,0.01773049645390071,0.016666666666666666,68.88297872340425,138,0.0,0.0,59.927536231884055,93,0.010752688172043012,0.01,67.19354838709677,95,0.021052631578947368,0.02,64.58947368421053,96,0.041666666666666664,0.04,86.32291666666667,92,0.03260869565217391,0.03,75.45652173913044,99,0.010101010101010102,0.01,51.94949494949495,272,0.05514705882352941,0.046875,102.8345588235294,7323,7323,121.57165431976318
N,16,3e-05,81920,282,0.02127659574468085,0.02,72.84751773049645,138,0.0,0.0,66.10144927536231,93,0.010752688172043012,0.01,76.15053763440861,95,0.010526315789473684,0.01,64.12631578947368,96,0.052083333333333336,0.05,94.63541666666667,92,0.043478260869565216,0.04,85.29347826086956,99,0.010101010101010102,0.01,55.05050505050505,272,0.04411764705882353,0.0375,105.0845588235294,7323,7323,121.57165431976318
N,16,3e-05,102400,282,0.031914893617021274,0.03,81.7482269503546,138,0.0,0.0,72.6086956521739,93,0.021505376344086023,0.02,79.97849462365592,95,0.010526315789473684,0.01,72.6,96,0.07291666666666667,0.07,104.625,92,0.043478260869565216,0.04,91.72826086956522,99,0.020202020202020204,0.02,63.343434343434346,272,0.0661764705882353,0.05625,112.13970588235294,7323,7323,121.57165431976318
N,16,3e-05,122880,282,0.02127659574468085,0.02,85.97517730496453,138,0.007246376811594203,0.006666666666666667,82.7536231884058,93,0.010752688172043012,0.01,83.75268817204301,95,0.010526315789473684,0.01,77.41052631578947,96,0.0625,0.06,108.375,92,0.043478260869565216,0.04,101.27173913043478,99,0.010101010101010102,0.01,65.01010101010101,272,0.058823529411764705,0.05,114.00367647058823,7323,7323,121.57165431976318
N,16,3e-05,143360,282,0.028368794326241134,0.02666666666666667,106.38652482269504,138,0.021739130434782608,0.02,103.81159420289855,93,0.010752688172043012,0.01,102.78494623655914,95,0.031578947368421054,0.03,100.49473684210527,96,0.07291666666666667,0.07,128.0,92,0.03260869565217391,0.03,117.44565217391305,99,0.010101010101010102,0.01,79.8989898989899,272,0.058823529411764705,0.05,130.83823529411765,7323,7323,121.57165431976318
N,16,3e-05,163840,282,0.0425531914893617,0.04,152.63120567375887,138,0.007246376811594203,0.006666666666666667,147.7826086956522,93,0.0,0.0,149.20430107526883,95,0.031578947368421054,0.03,144.74736842105264,96,0.07291666666666667,0.07,178.96875,92,0.06521739130434782,0.06,165.92391304347825,99,0.030303030303030304,0.03,131.3939393939394,272,0.0661764705882353,0.05625,168.41176470588235,7323,7323,121.57165431976318
N,16,3e-05,184320,282,0.0673758865248227,0.06333333333333334,210.82269503546098,138,0.021739130434782608,0.02,207.04347826086956,93,0.0,0.0,202.80645161290323,95,0.031578947368421054,0.03,199.42105263157896,96,0.13541666666666666,0.13,240.60416666666666,92,0.10869565217391304,0.1,214.82608695652175,99,0.06060606060606061,0.06,170.11111111111111,272,0.10294117647058823,0.0875,222.81985294117646,7323,7323,121.57165431976318
N,16,3e-05,204800,282,0.25177304964539005,0.23666666666666666,285.84397163120565,138,0.15942028985507245,0.14666666666666667,265.27536231884056,93,0.20430107526881722,0.19,284.0967741935484,95,0.17894736842105263,0.17,254.47368421052633,96,0.3125,0.3,300.1145833333333,92,0.2608695652173913,0.24,287.2717391304348,99,0.18181818181818182,0.18,224.40404040404042,272,0.14705882352941177,0.125,259.01838235294116,7323,7323,121.57165431976318
N,16,3e-05,225280,282,0.48226950354609927,0.4533333333333333,381.43971631205676,138,0.391304347826087,0.36,384.81159420289856,93,0.40860215053763443,0.38,381.6774193548387,95,0.4842105263157895,0.46,374.3263157894737,96,0.5208333333333334,0.5,403.34375,92,0.5217391304347826,0.48,377.5108695652174,99,0.37373737373737376,0.37,325.82828282828285,272,0.3272058823529412,0.278125,365.0735294117647,7323,7323,121.57165431976318
N,16,3e-05,245760,282,0.18439716312056736,0.17333333333333334,287.90425531914894,138,0.10144927536231885,0.09333333333333334,279.92753623188406,93,0.12903225806451613,0.12,281.1720430107527,95,0.15789473684210525,0.15,271.22105263157897,96,0.15625,0.15,289.625,92,0.22826086956521738,0.21,292.2391304347826,99,0.12121212121212122,0.12,228.07070707070707,272,0.21691176470588236,0.184375,317.0882352941176,7323,7323,121.57165431976318
N,16,3e-05,266240,282,0.14184397163120568,0.13333333333333333,275.64539007092196,138,0.07246376811594203,0.06666666666666667,260.4782608695652,93,0.0967741935483871,0.09,267.6774193548387,95,0.11578947368421053,0.11,256.30526315789473,96,0.125,0.12,272.4895833333333,92,0.17391304347826086,0.16,281.5,99,0.1111111111111111,0.11,221.5252525252525,272,0.15808823529411764,0.134375,302.37132352941177,7323,7323,121.57165431976318
N,16,3e-05,286720,282,0.0673758865248227,0.06333333333333334,250.1595744680851,138,0.028985507246376812,0.02666666666666667,235.0,93,0.021505376344086023,0.02,237.70967741935485,95,0.09473684210526316,0.09,236.65263157894736,96,0.09375,0.09,249.53125,92,0.11956521739130435,0.11,259.6195652173913,99,0.08080808080808081,0.08,210.8080808080808,272,0.10294117647058823,0.0875,274.36764705882354,7323,7323,121.57165431976318
N,16,3e-05,307200,282,0.06028368794326241,0.056666666666666664,240.58510638297872,138,0.036231884057971016,0.03333333333333333,224.28985507246378,93,0.021505376344086023,0.02,226.5483870967742,95,0.06315789473684211,0.06,225.21052631578948,96,0.08333333333333333,0.08,237.33333333333334,92,0.10869565217391304,0.1,247.83695652173913,99,0.04040404040404041,0.04,196.54545454545453,272,0.10294117647058823,0.0875,263.9632352941176,7323,7323,121.57165431976318
N,16,3e-05,327680,282,0.07092198581560284,0.06666666666666667,237.59574468085106,138,0.028985507246376812,0.02666666666666667,222.91304347826087,93,0.053763440860215055,0.05,229.65591397849462,95,0.07368421052631578,0.07,223.77894736842106,96,0.09375,0.09,239.70833333333334,92,0.05434782608695652,0.05,242.94565217391303,99,0.0707070707070707,0.07,208.7171717171717,272,0.0625,0.053125,251.6691176470588,7323,7323,121.57165431976318
N,16,3e-05,348160,282,0.07801418439716312,0.07333333333333333,258.36524822695037,138,0.036231884057971016,0.03333333333333333,244.65942028985506,93,0.06451612903225806,0.06,250.21505376344086,95,0.08421052631578947,0.08,242.65263157894736,96,0.09375,0.09,253.80208333333334,92,0.15217391304347827,0.14,266.0652173913044,99,0.0707070707070707,0.07,216.05050505050505,272,0.12867647058823528,0.109375,286.95588235294116,7323,7323,121.57165431976318
N,16,3e-05,368640,282,0.0851063829787234,0.08,267.2340425531915,138,0.057971014492753624,0.05333333333333334,257.0144927536232,93,0.043010752688172046,0.04,260.80645161290323,95,0.11578947368421053,0.11,254.4842105263158,96,0.09375,0.09,263.375,92,0.14130434782608695,0.13,274.9891304347826,99,0.08080808080808081,0.08,227.6969696969697,272,0.12867647058823528,0.109375,294.95588235294116,7323,7323,121.57165431976318
N,16,3e-05,389120,282,0.1276595744680851,0.12,284.3510638297872,138,0.08695652173913043,0.08,277.3188405797101,93,0.11827956989247312,0.11,274.60215053763443,95,0.10526315789473684,0.1,265.4421052631579,96,0.11458333333333333,0.11,275.6145833333333,92,0.16304347826086957,0.15,283.4673913043478,99,0.08080808080808081,0.08,233.21212121212122,272,0.16911764705882354,0.14375,313.59558823529414,7323,7323,121.57165431976318
N,16,3e-05,409600,282,0.1276595744680851,0.12,281.2163120567376,138,0.057971014492753624,0.05333333333333334,271.67391304347825,93,0.10752688172043011,0.1,271.78494623655916,95,0.09473684210526316,0.09,263.9578947368421,96,0.11458333333333333,0.11,274.3333333333333,92,0.1956521739130435,0.18,284.55434782608694,99,0.09090909090909091,0.09,234.2020202020202,272,0.16544117647058823,0.140625,312.4852941176471,7323,7323,121.57165431976318
N,17,3e-05,0,282,0.0,0.0,14.78014184397163,138,0.0,0.0,18.130434782608695,93,0.0,0.0,22.247311827956988,95,0.0,0.0,18.31578947368421,96,0.0,0.0,18.71875,92,0.0,0.0,14.880434782608695,99,0.0,0.0,13.95959595959596,272,0.0,0.0,14.084558823529411,6836,6836,121.03499507904053
N,17,3e-05,20480,282,0.0035460992907801418,0.0033333333333333335,62.326241134751776,138,0.0,0.0,56.30434782608695,93,0.0,0.0,56.53763440860215,95,0.0,0.0,57.98947368421052,96,0.010416666666666666,0.01,73.09375,92,0.0,0.0,66.83695652173913,99,0.0,0.0,46.91919191919192,272,0.007352941176470588,0.00625,84.04779411764706,6836,6836,121.03499507904053
N,17,3e-05,40960,282,0.0,0.0,64.97517730496453,138,0.0,0.0,59.572463768115945,93,0.0,0.0,60.03225806451613,95,0.0,0.0,58.8,96,0.0,0.0,68.38541666666667,92,0.0,0.0,69.69565217391305,99,0.020202020202020204,0.02,54.64646464646464,272,0.014705882352941176,0.0125,86.69852941176471,6836,6836,121.03499507904053
N,17,3e-05,61440,282,0.0,0.0,73.13475177304964,138,0.0,0.0,63.8768115942029,93,0.0,0.0,66.10752688172043,95,0.0,0.0,64.66315789473684,96,0.010416666666666666,0.01,79.47916666666667,92,0.0,0.0,76.48913043478261,99,0.010101010101010102,0.01,58.73737373737374,272,0.01838235294117647,0.015625,97.59191176470588,6836,6836,121.03499507904053
N,17,3e-05,81920,282,0.0070921985815602835,0.006666666666666667,80.45390070921985,138,0.0,0.0,72.57971014492753,93,0.0,0.0,72.68817204301075,95,0.010526315789473684,0.01,72.48421052631579,96,0.010416666666666666,0.01,82.4375,92,0.0,0.0,85.20652173913044,99,0.010101010101010102,0.01,60.75757575757576,272,0.025735294117647058,0.021875,102.61029411764706,6836,6836,121.03499507904053
N,17,3e-05,102400,282,0.01773049645390071,0.016666666666666666,94.04609929078015,138,0.0,0.0,82.53623188405797,93,0.0,0.0,83.82795698924731,95,0.021052631578947368,0.02,83.38947368421053,96,0.0,0.0,92.08333333333333,92,0.010869565217391304,0.01,103.67391304347827,99,0.0,0.0,67.28282828282828,272,0.04044117647058824,0.034375,116.10661764705883,6836,6836,121.03499507904053
N,17,3e-05,122880,282,0.02127659574468085,0.02,107.50709219858156,138,0.0,0.0,104.57246376811594,93,0.010752688172043012,0.01,103.47311827956989,95,0.0,0.0,95.77894736842106,96,0.0,0.0,110.05208333333333,92,0.043478260869565216,0.04,110.56521739130434,99,0.010101010101010102,0.01,78.32323232323232,272,0.05514705882352941,0.046875,133.6875,6836,6836,121.03499507904053
N,17,3e-05,143360,282,0.031914893617021274,0.03,148.02482269503545,138,0.0,0.0,139.92753623188406,93,0.0,0.0,140.0,95,0.010526315789473684,0.01,137.07368421052632,96,0.010416666666666666,0.01,147.44791666666666,92,0.03260869565217391,0.03,143.8586956521739,99,0.010101010101010102,0.01,113.21212121212122,272,0.06985294117647059,0.059375,165.29044117647058,6836,6836,121.03499507904053
N,17,3e-05,163840,282,0.0673758865248227,0.06333333333333334,186.14893617021278,138,0.007246376811594203,0.006666666666666667,181.9927536231884,93,0.0,0.0,179.49462365591398,95,0.031578947368421054,0.03,175.17894736842106,96,0.020833333333333332,0.02,184.71875,92,0.05434782608695652,0.05,184.22826086956522,99,0.020202020202020204,0.02,149.44444444444446,272,0.08455882352941177,0.071875,201.54779411764707,6836,6836,121.03499507904053
N,17,3e-05,184320,282,0.1099290780141844,0.10333333333333333,230.67730496453902,138,0.043478260869565216,0.04,230.1304347826087,93,0.043010752688172046,0.04,225.76344086021504,95,0.09473684210526316,0.09,217.23157894736843,96,0.07291666666666667,0.07,240.42708333333334,92,0.11956521739130435,0.11,231.42391304347825,99,0.04040404040404041,0.04,179.11111111111111,272,0.1323529411764706,0.1125,249.41544117647058,6836,6836,121.03499507904053
N,17,3e-05,204800,282,0.12411347517730496,0.11666666666666667,252.61347517730496,138,0.050724637681159424,0.04666666666666667,248.17391304347825,93,0.043010752688172046,0.04,243.86021505376345,95,0.08421052631578947,0.08,234.89473684210526,96,0.10416666666666667,0.1,260.21875,92,0.16304347826086957,0.15,254.1086956521739,99,0.050505050505050504,0.05,193.6161616161616,272,0.11764705882352941,0.1,270.59558823529414,6836,6836,121.03499507904053
N,17,3e-05,225280,282,0.13120567375886524,0.12333333333333334,263.7695035460993,138,0.07971014492753623,0.07333333333333333,255.68840579710144,93,0.043010752688172046,0.04,249.86021505376345,95,0.09473684210526316,0.09,243.76842105263157,96,0.11458333333333333,0.11,260.84375,92,0.13043478260869565,0.12,262.89130434782606,99,0.050505050505050504,0.05,202.97979797979798,272,0.13970588235294118,0.11875,285.60661764705884,6836,6836,121.03499507904053
N,17,3e-05,245760,282,0.11347517730496454,0.10666666666666667,261.5567375886525,138,0.07246376811594203,0.06666666666666667,255.1086956521739,93,0.08602150537634409,0.08,251.32258064516128,95,0.09473684210526316,0.09,240.7263157894737,96,0.11458333333333333,0.11,254.34375,92,0.15217391304347827,0.14,260.79347826086956,99,0.04040404040404041,0.04,203.83838383838383,272,0.1323529411764706,0.1125,286.43014705882354,6836,6836,121.03499507904053
N,17,3e-05,266240,282,0.12411347517730496,0.11666666666666667,268.1276595744681,138,0.07971014492753623,0.07333333333333333,261.72463768115944,93,0.053763440860215055,0.05,255.10752688172042,95,0.10526315789473684,0.1,245.9157894736842,96,0.11458333333333333,0.11,259.1875,92,0.15217391304347827,0.14,266.25,99,0.04040404040404041,0.04,210.15151515151516,272,0.1213235294117647,0.103125,292.9779411764706,6836,6836,121.03499507904053
N,17,3e-05,286720,282,0.1453900709219858,0.13666666666666666,278.2695035460993,138,0.09420289855072464,0.08666666666666667,273.5217391304348,93,0.07526881720430108,0.07,265.97849462365593,95,0.11578947368421053,0.11,256.2421052631579,96,0.11458333333333333,0.11,273.7916666666667,92,0.11956521739130435,0.11,269.85869565217394,99,0.06060606060606061,0.06,215.3030303030303,272,0.12867647058823528,0.109375,295.6397058823529,6836,6836,121.03499507904053
N,17,3e-05,307200,282,0.12056737588652482,0.11333333333333333,256.26241134751774,138,0.057971014492753624,0.05333333333333334,248.19565217391303,93,0.03225806451612903,0.03,242.13978494623655,95,0.08421052631578947,0.08,234.6315789473684,96,0.08333333333333333,0.08,250.64583333333334,92,0.11956521739130435,0.11,252.7391304347826,99,0.04040404040404041,0.04,196.5252525252525,272,0.11764705882352941,0.1,276.9117647058824,6836,6836,121.03499507904053
N,17,3e-05,327680,282,0.1595744680851064,0.15,280.5886524822695,138,0.11594202898550725,0.10666666666666667,282.8623188405797,93,0.08602150537634409,0.08,274.0430107526882,95,0.11578947368421053,0.11,266.53684210526313,96,0.125,0.12,282.1145833333333,92,0.1956521739130435,0.18,282.7173913043478,99,0.08080808080808081,0.08,223.57575757575756,272,0.15441176470588236,0.13125,295.0735294117647,6836,6836,121.03499507904053
N,17,3e-05,348160,282,0.1524822695035461,0.14333333333333334,280.36524822695037,138,0.09420289855072464,0.08666666666666667,277.5217391304348,93,0.0967741935483871,0.09,271.2043010752688,95,0.10526315789473684,0.1,259.2736842105263,96,0.14583333333333334,0.14,280.2916666666667,92,0.13043478260869565,0.12,277.1847826086956,99,0.050505050505050504,0.05,217.4848484848485,272,0.1323529411764706,0.1125,301.15441176470586,6836,6836,121.03499507904053
N,17,3e-05,368640,282,0.1879432624113475,0.17666666666666667,291.0673758865248,138,0.13043478260869565,0.12,293.6376811594203,93,0.11827956989247312,0.11,284.247311827957,95,0.12631578947368421,0.12,276.53684210526313,96,0.15625,0.15,294.0208333333333,92,0.21739130434782608,0.2,294.80434782608694,99,0.09090909090909091,0.09,231.86868686868686,272,0.1875,0.159375,306.5992647058824,6836,6836,121.03499507904053
N,17,3e-05,389120,282,0.12056737588652482,0.11333333333333333,258.36170212765956,138,0.06521739130434782,0.06,249.3840579710145,93,0.06451612903225806,0.06,243.74193548387098,95,0.09473684210526316,0.09,235.6421052631579,96,0.10416666666666667,0.1,250.35416666666666,92,0.15217391304347827,0.14,259.7826086956522,99,0.030303030303030304,0.03,199.76767676767676,272,0.125,0.10625,286.19485294117646,6836,6836,121.03499507904053
N,17,3e-05,409600,282,0.1276595744680851,0.12,270.06028368794324,138,0.08695652173913043,0.08,259.0652173913044,93,0.08602150537634409,0.08,256.1290322580645,95,0.08421052631578947,0.08,248.56842105263158,96,0.11458333333333333,0.11,259.5416666666667,92,0.14130434782608695,0.13,268.6195652173913,99,0.050505050505050504,0.05,214.2020202020202,272,0.13970588235294118,0.11875,297.24632352941177,6836,6836,121.03499507904053
N,18,3e-05,0,282,0.0,0.0,49.39007092198582,138,0.0,0.0,50.47826086956522,93,0.0,0.0,54.16129032258065,95,0.0,0.0,48.54736842105263,96,0.0,0.0,57.833333333333336,92,0.0,0.0,52.40217391304348,99,0.0,0.0,38.464646464646464,272,0.0,0.0,63.143382352941174,6950,6950,120.97036695480347
N,18,3e-05,20480,282,0.0070921985815602835,0.006666666666666667,60.361702127659576,138,0.007246376811594203,0.006666666666666667,59.52173913043478,93,0.0,0.0,58.935483870967744,95,0.010526315789473684,0.01,57.33684210526316,96,0.010416666666666666,0.01,76.78125,92,0.010869565217391304,0.01,70.40217391304348,99,0.0,0.0,44.17171717171717,272,0.025735294117647058,0.021875,85.29779411764706,6950,6950,120.97036695480347
N,18,3e-05,40960,282,0.014184397163120567,0.013333333333333334,69.3581560283688,138,0.0,0.0,58.60144927536232,93,0.010752688172043012,0.01,64.23655913978494,95,0.010526315789473684,0.01,61.21052631578947,96,0.020833333333333332,0.02,85.72916666666667,92,0.010869565217391304,0.01,70.3586956521739,99,0.0,0.0,49.5959595959596,272,0.04779411764705882,0.040625,101.78308823529412,6950,6950,120.97036695480347
N,18,3e-05,61440,282,0.01773049645390071,0.016666666666666666,71.19858156028369,138,0.0,0.0,59.789855072463766,93,0.0,0.0,62.623655913978496,95,0.0,0.0,57.589473684210525,96,0.03125,0.03,83.08333333333333,92,0.010869565217391304,0.01,71.6413043478261,99,0.0,0.0,49.56565656565657,272,0.0625,0.053125,103.40441176470588,6950,6950,120.97036695480347
N,18,3e-05,81920,282,0.024822695035460994,0.023333333333333334,79.51063829787235,138,0.0,0.0,65.89855072463769,93,0.0,0.0,68.23655913978494,95,0.0,0.0,62.06315789473684,96,0.041666666666666664,0.04,89.25,92,0.010869565217391304,0.01,80.22826086956522,99,0.0,0.0,53.43434343434343,272,0.07352941176470588,0.0625,110.1875,6950,6950,120.97036695480347
N,18,3e-05,102400,282,0.03546099290780142,0.03333333333333333,87.71631205673759,138,0.0,0.0,71.19565217391305,93,0.010752688172043012,0.01,77.26881720430107,95,0.021052631578947368,0.02,79.46315789473684,96,0.052083333333333336,0.05,104.63541666666667,92,0.010869565217391304,0.01,89.76086956521739,99,0.0,0.0,59.97979797979798,272,0.07352941176470588,0.0625,116.77573529411765,6950,6950,120.97036695480347
N,18,3e-05,122880,282,0.03900709219858156,0.03666666666666667,102.88652482269504,138,0.007246376811594203,0.006666666666666667,87.52898550724638,93,0.010752688172043012,0.01,91.6989247311828,95,0.010526315789473684,0.01,84.61052631578947,96,0.08333333333333333,0.08,124.97916666666667,92,0.043478260869565216,0.04,103.8913043478261,99,0.0,0.0,69.31313131313131,272,0.07720588235294118,0.065625,132.03676470588235,6950,6950,120.97036695480347
N,18,3e-05,143360,282,0.04964539007092199,0.04666666666666667,129.38297872340425,138,0.014492753623188406,0.013333333333333334,117.55072463768116,93,0.010752688172043012,0.01,120.03225806451613,95,0.021052631578947368,0.02,114.17894736842105,96,0.11458333333333333,0.11,156.5625,92,0.09782608695652174,0.09,143.57608695652175,99,0.0,0.0,91.54545454545455,272,0.09558823529411764,0.08125,157.55514705882354,6950,6950,120.97036695480347
N,18,3e-05,163840,282,0.10283687943262411,0.09666666666666666,189.93262411347519,138,0.036231884057971016,0.03333333333333333,175.34782608695653,93,0.0967741935483871,0.09,194.88172043010752,95,0.08421052631578947,0.08,177.76842105263157,96,0.16666666666666666,0.16,215.47916666666666,92,0.13043478260869565,0.12,200.79347826086956,99,0.020202020202020204,0.02,141.05050505050505,272,0.15441176470588236,0.13125,215.64705882352942,6950,6950,120.97036695480347
N,18,3e-05,184320,282,0.6347517730496454,0.5966666666666667,369.3191489361702,138,0.717391304347826,0.66,392.3550724637681,93,0.7419354838709677,0.69,400.4301075268817,95,0.5789473684210527,0.55,342.88421052631577,96,0.7291666666666666,0.7,395.5208333333333,92,0.6630434782608695,0.61,373.0326086956522,99,0.43434343434343436,0.43,290.8686868686869,272,0.5882352941176471,0.5,370.75,6950,6950,120.97036695480347
N,18,3e-05,204800,282,0.3546099290780142,0.3333333333333333,340.0567375886525,138,0.391304347826087,0.36,363.231884057971,93,0.3870967741935484,0.36,367.494623655914,95,0.35789473684210527,0.34,344.2105263157895,96,0.375,0.36,366.9895833333333,92,0.40217391304347827,0.37,355.8804347826087,99,0.16161616161616163,0.16,270.77777777777777,272,0.4117647058823529,0.35,362.99264705882354,6950,6950,120.97036695480347
N,18,3e-05,225280,282,0.2375886524822695,0.22333333333333333,315.98936170212767,138,0.21014492753623187,0.19333333333333333,318.09420289855075,93,0.13978494623655913,0.13,313.1720430107527,95,0.16842105263157894,0.16,300.90526315789475,96,0.20833333333333334,0.2,322.3125,92,0.2608695652173913,0.24,319.3695652173913,99,0.12121212121212122,0.12,254.35353535353536,272,0.25,0.2125,336.9889705882353,6950,6950,120.97036695480347
N,18,3e-05,245760,282,0.1595744680851064,0.15,279.36170212765956,138,0.09420289855072464,0.08666666666666667,268.04347826086956,93,0.08602150537634409,0.08,268.4516129032258,95,0.11578947368421053,0.11,259.3263157894737,96,0.125,0.12,273.6770833333333,92,0.16304347826086957,0.15,278.6630434782609,99,0.0707070707070707,0.07,222.26262626262627,272,0.16911764705882354,0.14375,306.7389705882353,6950,6950,120.97036695480347
N,18,3e-05,266240,282,0.19148936170212766,0.18,312.52127659574467,138,0.10144927536231885,0.09333333333333334,304.4855072463768,93,0.10752688172043011,0.1,305.4301075268817,95,0.15789473684210525,0.15,296.12631578947367,96,0.15625,0.15,313.5833333333333,92,0.25,0.23,311.7608695652174,99,0.18181818181818182,0.18,258.27272727272725,272,0.19852941176470587,0.16875,328.99632352941177,6950,6950,120.97036695480347
N,18,3e-05,286720,282,0.1347517730496454,0.12666666666666668,286.39716312056737,138,0.057971014492753624,0.05333333333333334,276.5652173913044,93,0.08602150537634409,0.08,276.5483870967742,95,0.10526315789473684,0.1,267.66315789473686,96,0.11458333333333333,0.11,279.6458333333333,92,0.20652173913043478,0.19,289.2608695652174,99,0.10101010101010101,0.1,235.76767676767676,272,0.15441176470588236,0.13125,312.50367647058823,6950,6950,120.97036695480347
N,18,3e-05,307200,282,0.13120567375886524,0.12333333333333334,275.1063829787234,138,0.10869565217391304,0.1,267.15942028985506,93,0.07526881720430108,0.07,263.8709677419355,95,0.09473684210526316,0.09,254.7578947368421,96,0.11458333333333333,0.11,267.0104166666667,92,0.15217391304347827,0.14,273.57608695652175,99,0.06060606060606061,0.06,215.82828282828282,272,0.15073529411764705,0.128125,300.2610294117647,6950,6950,120.97036695480347
N,18,3e-05,327680,282,0.07801418439716312,0.07333333333333333,259.9255319148936,138,0.036231884057971016,0.03333333333333333,244.95652173913044,93,0.08602150537634409,0.08,252.34408602150538,95,0.08421052631578947,0.08,244.62105263157895,96,0.11458333333333333,0.11,256.7708333333333,92,0.14130434782608695,0.13,266.7717391304348,99,0.0707070707070707,0.07,215.45454545454547,272,0.125,0.10625,287.70588235294116,6950,6950,120.97036695480347
N,18,3e-05,348160,282,0.1453900709219858,0.13666666666666666,305.01063829787233,138,0.07971014492753623,0.07333333333333333,291.4347826086956,93,0.13978494623655913,0.13,299.02150537634407,95,0.16842105263157894,0.16,290.0421052631579,96,0.15625,0.15,300.3854166666667,92,0.18478260869565216,0.17,305.4021739130435,99,0.1717171717171717,0.17,255.6060606060606,272,0.17279411764705882,0.146875,319.55514705882354,6950,6950,120.97036695480347
N,18,3e-05,368640,282,0.1524822695035461,0.14333333333333334,299.33687943262413,138,0.10144927536231885,0.09333333333333334,286.9710144927536,93,0.10752688172043011,0.1,285.55913978494624,95,0.1368421052631579,0.13,283.18947368421055,96,0.15625,0.15,298.53125,92,0.14130434782608695,0.13,299.7391304347826,99,0.1414141414141414,0.14,248.92929292929293,272,0.16544117647058823,0.140625,308.8492647058824,6950,6950,120.97036695480347
N,18,3e-05,389120,282,0.1099290780141844,0.10333333333333333,263.3581560283688,138,0.08695652173913043,0.08,248.1014492753623,93,0.043010752688172046,0.04,248.40860215053763,95,0.042105263157894736,0.04,238.42105263157896,96,0.11458333333333333,0.11,263.6145833333333,92,0.10869565217391304,0.1,263.42391304347825,99,0.08080808080808081,0.08,215.7171717171717,272,0.09191176470588236,0.078125,262.2389705882353,6950,6950,120.97036695480347
N,18,3e-05,409600,282,0.2375886524822695,0.22333333333333333,313.7304964539007,138,0.13768115942028986,0.12666666666666668,296.84057971014494,93,0.10752688172043011,0.1,292.21505376344084,95,0.15789473684210525,0.15,293.12631578947367,96,0.20833333333333334,0.2,313.09375,92,0.18478260869565216,0.17,308.32608695652175,99,0.13131313131313133,0.13,253.25252525252526,272,0.13970588235294118,0.11875,300.50367647058823,6950,6950,120.97036695480347
N,19,3e-05,0,282,0.0,0.0,34.06382978723404,138,0.0,0.0,33.47826086956522,93,0.0,0.0,36.24731182795699,95,0.0,0.0,36.23157894736842,96,0.0,0.0,48.010416666666664,92,0.0,0.0,36.95652173913044,99,0.0,0.0,24.555555555555557,272,0.0,0.0,36.45955882352941,6980,6980,83.54253125190735
N,19,3e-05,20480,282,0.0070921985815602835,0.006666666666666667,67.24113475177305,138,0.0,0.0,60.391304347826086,93,0.0,0.0,62.61290322580645,95,0.0,0.0,60.09473684210526,96,0.020833333333333332,0.02,81.58333333333333,92,0.010869565217391304,0.01,71.1195652173913,99,0.0,0.0,48.08080808080808,272,0.025735294117647058,0.021875,90.8345588235294,6980,6980,83.54253125190735
N,19,3e-05,40960,282,0.024822695035460994,0.023333333333333334,74.83687943262412,138,0.0,0.0,62.81159420289855,93,0.0,0.0,65.41935483870968,95,0.0,0.0,61.02105263157895,96,0.041666666666666664,0.04,86.30208333333333,92,0.021739130434782608,0.02,76.43478260869566,99,0.0,0.0,49.21212121212121,272,0.08088235294117647,0.06875,108.50367647058823,6980,6980,83.54253125190735
N,19,3e-05,61440,282,0.03546099290780142,0.03333333333333333,80.36879432624113,138,0.0,0.0,65.55797101449275,93,0.010752688172043012,0.01,72.04301075268818,95,0.010526315789473684,0.01,67.0,96,0.052083333333333336,0.05,94.28125,92,0.03260869565217391,0.03,84.75,99,0.010101010101010102,0.01,54.23232323232323,272,0.08088235294117647,0.06875,112.11764705882354,6980,6980,83.54253125190735
N,19,3e-05,81920,282,0.0425531914893617,0.04,89.89007092198581,138,0.0,0.0,73.1086956521739,93,0.0,0.0,76.6774193548387,95,0.010526315789473684,0.01,73.01052631578948,96,0.07291666666666667,0.07,106.72916666666667,92,0.021739130434782608,0.02,86.0,99,0.0,0.0,57.45454545454545,272,0.07720588235294118,0.065625,117.5845588235294,6980,6980,83.54253125190735
N,19,3e-05,102400,282,0.03900709219858156,0.03666666666666667,91.64893617021276,138,0.0,0.0,76.65217391304348,93,0.010752688172043012,0.01,82.52688172043011,95,0.010526315789473684,0.01,77.12631578947368,96,0.09375,0.09,116.35416666666667,92,0.043478260869565216,0.04,95.82608695652173,99,0.0,0.0,58.38383838383838,272,0.08455882352941177,0.071875,123.49632352941177,6980,6980,83.54253125190735
N,19,3e-05,122880,282,0.05673758865248227,0.05333333333333334,107.60283687943263,138,0.0,0.0,89.71014492753623,93,0.010752688172043012,0.01,96.6989247311828,95,0.0,0.0,87.81052631578947,96,0.10416666666666667,0.1,132.11458333333334,92,0.06521739130434782,0.06,114.19565217391305,99,0.0,0.0,67.74747474747475,272,0.08823529411764706,0.075,133.5735294117647,6980,6980,83.54253125190735
N,19,3e-05,143360,282,0.0425531914893617,0.04,133.48581560283688,138,0.0,0.0,127.02173913043478,93,0.0,0.0,127.31182795698925,95,0.010526315789473684,0.01,119.81052631578947,96,0.07291666666666667,0.07,156.5,92,0.07608695652173914,0.07,147.68478260869566,99,0.0,0.0,94.21212121212122,272,0.07720588235294118,0.065625,156.39705882352942,6980,6980,83.54253125190735
N,19,3e-05,163840,282,0.03900709219858156,0.03666666666666667,167.52836879432624,138,0.007246376811594203,0.006666666666666667,163.58695652173913,93,0.0,0.0,168.78494623655914,95,0.042105263157894736,0.04,160.81052631578947,96,0.08333333333333333,0.08,190.33333333333334,92,0.07608695652173914,0.07,185.56521739130434,99,0.010101010101010102,0.01,131.44444444444446,272,0.08823529411764706,0.075,193.51470588235293,6980,6980,83.54253125190735
N,19,3e-05,184320,282,0.1524822695035461,0.14333333333333334,273.4503546099291,138,0.10144927536231885,0.09333333333333334,284.22463768115944,93,0.10752688172043011,0.1,287.4301075268817,95,0.15789473684210525,0.15,265.5157894736842,96,0.25,0.24,311.9479166666667,92,0.16304347826086957,0.15,280.60869565217394,99,0.0707070707070707,0.07,202.23232323232324,272,0.21691176470588236,0.184375,285.25,6980,6980,83.54253125190735
N,19,3e-05,204800,282,0.75177304964539,0.7066666666666667,425.58156028368796,138,0.7971014492753623,0.7333333333333333,440.5144927536232,93,0.7956989247311828,0.74,434.1505376344086,95,0.7789473684210526,0.74,427.2421052631579,96,0.8958333333333334,0.86,458.375,92,0.8043478260869565,0.74,447.6630434782609,99,0.6363636363636364,0.63,362.93939393939394,272,0.49264705882352944,0.41875,376.47058823529414,6980,6980,83.54253125190735
N,19,3e-05,225280,282,0.46808510638297873,0.44,373.3404255319149,138,0.47101449275362317,0.43333333333333335,394.6449275362319,93,0.44086021505376344,0.41,389.80645161290323,95,0.4421052631578947,0.42,374.34736842105264,96,0.5,0.48,391.2395833333333,92,0.5543478260869565,0.51,387.57608695652175,99,0.29292929292929293,0.29,308.1111111111111,272,0.4963235294117647,0.421875,378.85661764705884,6980,6980,83.54253125190735
N,19,3e-05,245760,282,0.25177304964539005,0.23666666666666666,317.11347517730496,138,0.21739130434782608,0.2,325.2608695652174,93,0.1935483870967742,0.18,320.9247311827957,95,0.2,0.19,304.8421052631579,96,0.21875,0.21,324.25,92,0.30434782608695654,0.28,324.5652173913044,99,0.13131313131313133,0.13,250.5151515151515,272,0.2867647058823529,0.24375,341.99264705882354,6980,6980,83.54253125190735
N,19,3e-05,266240,282,0.30851063829787234,0.29,336.968085106383,138,0.2536231884057971,0.23333333333333334,339.1159420289855,93,0.27956989247311825,0.26,341.7204301075269,95,0.28421052631578947,0.27,322.38947368421054,96,0.2708333333333333,0.26,347.6145833333333,92,0.34782608695652173,0.32,336.45652173913044,99,0.21212121212121213,0.21,269.47474747474746,272,0.33088235294117646,0.28125,350.3639705882353,6980,6980,83.54253125190735
N,19,3e-05,286720,282,0.18085106382978725,0.17,287.70567375886526,138,0.10869565217391304,0.1,281.90579710144925,93,0.12903225806451613,0.12,280.01075268817203,95,0.11578947368421053,0.11,267.86315789473684,96,0.14583333333333334,0.14,286.2604166666667,92,0.20652173913043478,0.19,291.19565217391306,99,0.0707070707070707,0.07,222.53535353535352,272,0.20220588235294118,0.171875,314.875,6980,6980,83.54253125190735
N,19,3e-05,307200,282,0.15602836879432624,0.14666666666666667,276.8723404255319,138,0.10144927536231885,0.09333333333333334,268.036231884058,93,0.08602150537634409,0.08,265.3763440860215,95,0.12631578947368421,0.12,258.14736842105265,96,0.125,0.12,272.75,92,0.16304347826086957,0.15,276.7173913043478,99,0.050505050505050504,0.05,219.96969696969697,272,0.17279411764705882,0.146875,307.3529411764706,6980,6980,83.54253125190735
N,19,3e-05,327680,282,0.2553191489361702,0.24,325.6737588652482,138,0.17391304347826086,0.16,324.731884057971,93,0.1935483870967742,0.18,322.505376344086,95,0.18947368421052632,0.18,305.9684210526316,96,0.1875,0.18,325.8958333333333,92,0.2608695652173913,0.24,323.8369565217391,99,0.15151515151515152,0.15,265.72727272727275,272,0.26838235294117646,0.228125,349.2647058823529,6980,6980,83.54253125190735
N,19,3e-05,348160,282,0.1950354609929078,0.18333333333333332,305.3085106382979,138,0.13768115942028986,0.12666666666666668,300.268115942029,93,0.15053763440860216,0.14,301.7741935483871,95,0.15789473684210525,0.15,286.12631578947367,96,0.1875,0.18,307.0729166666667,92,0.22826086956521738,0.21,305.8804347826087,99,0.16161616161616163,0.16,248.57575757575756,272,0.21323529411764705,0.18125,326.71691176470586,6980,6980,83.54253125190735
N,19,3e-05,368640,282,0.12411347517730496,0.11666666666666667,256.6737588652482,138,0.050724637681159424,0.04666666666666667,242.2753623188406,93,0.07526881720430108,0.07,243.8279569892473,95,0.09473684210526316,0.09,236.8736842105263,96,0.125,0.12,253.30208333333334,92,0.15217391304347827,0.14,259.6195652173913,99,0.050505050505050504,0.05,200.68686868686868,272,0.13602941176470587,0.115625,284.3970588235294,6980,6980,83.54253125190735
N,19,3e-05,389120,282,0.12056737588652482,0.11333333333333333,246.6950354609929,138,0.06521739130434782,0.06,236.68840579710144,93,0.053763440860215055,0.05,231.3763440860215,95,0.08421052631578947,0.08,225.6315789473684,96,0.10416666666666667,0.1,243.5625,92,0.15217391304347827,0.14,246.3804347826087,99,0.030303030303030304,0.03,187.35353535353536,272,0.12867647058823528,0.109375,269.49264705882354,6980,6980,83.54253125190735
N,19,3e-05,409600,282,0.1595744680851064,0.15,276.0425531914894,138,0.09420289855072464,0.08666666666666667,275.39130434782606,93,0.10752688172043011,0.1,268.18279569892474,95,0.08421052631578947,0.08,257.4947368421053,96,0.11458333333333333,0.11,276.28125,92,0.14130434782608695,0.13,273.2391304347826,99,0.050505050505050504,0.05,211.46464646464648,272,0.15808823529411764,0.134375,302.19117647058823,6980,6980,83.54253125190735
N,20,3e-05,0,282,0.0,0.0,11.641843971631205,138,0.0,0.0,13.72463768115942,93,0.0,0.0,16.913978494623656,95,0.0,0.0,13.821052631578947,96,0.0,0.0,16.208333333333332,92,0.0,0.0,12.652173913043478,99,0.0,0.0,10.707070707070708,272,0.0,0.0,13.867647058823529,6997,6997,82.24757885932922
N,20,3e-05,20480,282,0.010638297872340425,0.01,62.56382978723404,138,0.0,0.0,57.108695652173914,93,0.0,0.0,61.24731182795699,95,0.0,0.0,57.8421052631579,96,0.010416666666666666,0.01,72.60416666666667,92,0.010869565217391304,0.01,65.3586956521739,99,0.0,0.0,45.09090909090909,272,0.04044117647058824,0.034375,91.56617647058823,6997,6997,82.24757885932922
N,20,3e-05,40960,282,0.02127659574468085,0.02,73.15602836879432,138,0.0,0.0,62.45652173913044,93,0.0,0.0,65.01075268817205,95,0.0,0.0,60.305263157894736,96,0.052083333333333336,0.05,89.0625,92,0.021739130434782608,0.02,72.95652173913044,99,0.0,0.0,48.63636363636363,272,0.07352941176470588,0.0625,105.19485294117646,6997,6997,82.24757885932922
N,20,3e-05,61440,282,0.0425531914893617,0.04,84.58156028368795,138,0.0,0.0,67.72463768115942,93,0.0,0.0,71.6989247311828,95,0.0,0.0,64.07368421052631,96,0.041666666666666664,0.04,94.94791666666667,92,0.03260869565217391,0.03,81.58695652173913,99,0.0,0.0,53.303030303030305,272,0.06985294117647059,0.059375,108.55882352941177,6997,6997,82.24757885932922
N,20,3e-05,81920,282,0.03546099290780142,0.03333333333333333,86.41134751773049,138,0.0,0.0,71.31159420289855,93,0.0,0.0,75.3010752688172,95,0.0,0.0,67.07368421052631,96,0.0625,0.06,102.32291666666667,92,0.03260869565217391,0.03,86.41304347826087,99,0.0,0.0,58.13131313131313,272,0.07720588235294118,0.065625,115.125,6997,6997,82.24757885932922
N,20,3e-05,102400,282,0.028368794326241134,0.02666666666666667,89.70212765957447,138,0.0,0.0,77.19565217391305,93,0.021505376344086023,0.02,90.76344086021506,95,0.021052631578947368,0.02,82.8,96,0.07291666666666667,0.07,112.36458333333333,92,0.043478260869565216,0.04,95.91304347826087,99,0.010101010101010102,0.01,62.42424242424242,272,0.08823529411764706,0.075,124.76838235294117,6997,6997,82.24757885932922
N,20,3e-05,122880,282,0.03900709219858156,0.03666666666666667,103.84397163120568,138,0.007246376811594203,0.006666666666666667,91.17391304347827,93,0.010752688172043012,0.01,98.7741935483871,95,0.010526315789473684,0.01,89.67368421052632,96,0.09375,0.09,133.875,92,0.043478260869565216,0.04,108.33695652173913,99,0.0,0.0,73.8989898989899,272,0.08823529411764706,0.075,134.77205882352942,6997,6997,82.24757885932922
N,20,3e-05,143360,282,0.03900709219858156,0.03666666666666667,142.7340425531915,138,0.0,0.0,138.35507246376812,93,0.021505376344086023,0.02,146.27956989247312,95,0.031578947368421054,0.03,137.65263157894736,96,0.0625,0.06,162.59375,92,0.06521739130434782,0.06,153.2391304347826,99,0.010101010101010102,0.01,107.9090909090909,272,0.09926470588235294,0.084375,167.8639705882353,6997,6997,82.24757885932922
N,20,3e-05,163840,282,0.08156028368794327,0.07666666666666666,208.96453900709218,138,0.014492753623188406,0.013333333333333334,208.36231884057972,93,0.010752688172043012,0.01,208.56989247311827,95,0.021052631578947368,0.02,189.23157894736843,96,0.11458333333333333,0.11,232.875,92,0.08695652173913043,0.08,215.84782608695653,99,0.020202020202020204,0.02,152.9090909090909,272,0.1213235294117647,0.103125,229.66544117647058,6997,6997,82.24757885932922
N,20,3e-05,184320,282,0.6737588652482269,0.6333333333333333,392.6843971631206,138,0.7463768115942029,0.6866666666666666,414.82608695652175,93,0.7741935483870968,0.72,418.40860215053766,95,0.7052631578947368,0.67,394.9578947368421,96,0.7708333333333334,0.74,412.1770833333333,92,0.7391304347826086,0.68,405.44565217391306,99,0.494949494949495,0.49,315.95959595959596,272,0.5330882352941176,0.453125,364.43382352941177,6997,6997,82.24757885932922
N,20,3e-05,204800,282,0.16666666666666666,0.15666666666666668,271.81205673758865,138,0.08695652173913043,0.08,264.2971014492754,93,0.10752688172043011,0.1,262.23655913978496,95,0.14736842105263157,0.14,254.56842105263158,96,0.15625,0.15,281.1354166666667,92,0.22826086956521738,0.21,273.6195652173913,99,0.0707070707070707,0.07,204.76767676767676,272,0.17279411764705882,0.146875,302.19485294117646,6997,6997,82.24757885932922
N,20,3e-05,225280,282,0.1879432624113475,0.17666666666666667,292.79787234042556,138,0.10869565217391304,0.1,288.1304347826087,93,0.11827956989247312,0.11,286.1720430107527,95,0.1368421052631579,0.13,278.88421052631577,96,0.15625,0.15,297.4270833333333,92,0.25,0.23,299.9347826086956,99,0.09090909090909091,0.09,225.44444444444446,272,0.23161764705882354,0.196875,322.15441176470586,6997,6997,82.24757885932922
N,20,3e-05,245760,282,0.14184397163120568,0.13333333333333333,267.4078014184397,138,0.057971014492753624,0.05333333333333334,254.43478260869566,93,0.08602150537634409,0.08,255.41935483870967,95,0.10526315789473684,0.1,250.92631578947368,96,0.11458333333333333,0.11,263.9375,92,0.14130434782608695,0.13,267.57608695652175,99,0.06060606060606061,0.06,213.0,272,0.14338235294117646,0.121875,293.19485294117646,6997,6997,82.24757885932922
N,20,3e-05,266240,282,0.09929078014184398,0.09333333333333334,236.10283687943263,138,0.036231884057971016,0.03333333333333333,225.92028985507247,93,0.06451612903225806,0.06,222.61290322580646,95,0.07368421052631578,0.07,219.66315789473686,96,0.10416666666666667,0.1,236.86458333333334,92,0.10869565217391304,0.1,238.25,99,0.030303030303030304,0.03,184.43434343434345,272,0.10294117647058823,0.0875,259.05514705882354,6997,6997,82.24757885932922
N,20,3e-05,286720,282,0.10638297872340426,0.1,258.40070921985813,138,0.057971014492753624,0.05333333333333334,247.1231884057971,93,0.08602150537634409,0.08,248.53763440860214,95,0.08421052631578947,0.08,242.14736842105262,96,0.125,0.12,256.4895833333333,92,0.14130434782608695,0.13,261.5652173913044,99,0.0707070707070707,0.07,207.8989898989899,272,0.1213235294117647,0.103125,287.66911764705884,6997,6997,82.24757885932922
N,20,3e-05,307200,282,0.10638297872340426,0.1,245.53546099290782,138,0.028985507246376812,0.02666666666666667,237.13768115942028,93,0.03225806451612903,0.03,235.76344086021504,95,0.08421052631578947,0.08,226.32631578947368,96,0.0625,0.06,243.22916666666666,92,0.09782608695652174,0.09,239.42391304347825,99,0.04040404040404041,0.04,188.010101010101,272,0.09191176470588236,0.078125,262.46691176470586,6997,6997,82.24757885932922
N,20,3e-05,327680,282,0.11347517730496454,0.10666666666666667,257.47872340425533,138,0.050724637681159424,0.04666666666666667,251.7753623188406,93,0.053763440860215055,0.05,245.90322580645162,95,0.08421052631578947,0.08,236.93684210526317,96,0.08333333333333333,0.08,254.64583333333334,92,0.09782608695652174,0.09,248.56521739130434,99,0.04040404040404041,0.04,198.1010101010101,272,0.10661764705882353,0.090625,274.7757352941176,6997,6997,82.24757885932922
N,20,3e-05,348160,282,0.1773049645390071,0.16666666666666666,297.06028368794324,138,0.10144927536231885,0.09333333333333334,297.3985507246377,93,0.11827956989247312,0.11,289.6774193548387,95,0.09473684210526316,0.09,278.33684210526314,96,0.15625,0.15,294.75,92,0.17391304347826086,0.16,296.07608695652175,99,0.08080808080808081,0.08,233.67676767676767,272,0.16544117647058823,0.140625,317.5735294117647,6997,6997,82.24757885932922
N,20,3e-05,368640,282,0.24113475177304963,0.22666666666666666,332.2482269503546,138,0.1956521739130435,0.18,339.45652173913044,93,0.20430107526881722,0.19,328.6236559139785,95,0.17894736842105263,0.17,318.4947368421053,96,0.21875,0.21,335.7916666666667,92,0.2391304347826087,0.22,329.89130434782606,99,0.13131313131313133,0.13,271.17171717171715,272,0.2536764705882353,0.215625,351.40808823529414,6997,6997,82.24757885932922
N,20,3e-05,389120,282,0.1773049645390071,0.16666666666666666,291.0921985815603,138,0.11594202898550725,0.10666666666666667,286.1811594202899,93,0.0967741935483871,0.09,280.23655913978496,95,0.10526315789473684,0.1,272.2526315789474,96,0.125,0.12,284.4479166666667,92,0.15217391304347827,0.14,290.80434782608694,99,0.06060606060606061,0.06,231.84848484848484,272,0.17647058823529413,0.15,319.2279411764706,6997,6997,82.24757885932922
N,20,3e-05,409600,282,0.1595744680851064,0.15,285.5248226950355,138,0.11594202898550725,0.10666666666666667,278.04347826086956,93,0.0967741935483871,0.09,273.10752688172045,95,0.1368421052631579,0.13,266.0842105263158,96,0.125,0.12,277.9791666666667,92,0.18478260869565216,0.17,286.6304347826087,99,0.09090909090909091,0.09,232.91919191919192,272,0.1875,0.159375,315.1507352941176,6997,6997,82.24757885932922
