arm,seed,run_seed,learning_rate,step,E0/n,E0/success,E0/mean_steps,E1/n,E1/success,E1/mean_steps,E1b/n,E1b/success,E1b/mean_steps,E2/n,E2/success,E2/mean_steps,E3a/n,E3a/success,E3a/mean_steps,E3b/n,E3b/success,E3b/mean_steps,E4/n,E4/success,E4/mean_steps,E5/n,E5/success,E5/mean_steps,n_episodes,n_new,wall_time_sec
N,4,3397530112,0.0001,0,282,0.0,36.90070921985816,138,0.0,36.289855072463766,93,0.0,37.053763440860216,95,0.0,34.863157894736844,96,0.0,47.083333333333336,92,0.0,39.380434782608695,99,0.0,29.8989898989899,272,0.0,43.0625,6300,6300,276.9135286808014
N,4,3397530112,0.0001,20480,282,0.0070921985815602835,66.69858156028369,138,0.007246376811594203,62.666666666666664,93,0.0,66.03225806451613,95,0.010526315789473684,63.90526315789474,96,0.020833333333333332,83.73958333333333,92,0.021739130434782608,79.41304347826087,99,0.0,50.93939393939394,272,0.03676470588235294,98.0404411764706,6300,6300,276.9135286808014
N,4,3397530112,0.0001,40960,282,0.0070921985815602835,88.83333333333333,138,0.0,85.66666666666667,93,0.0,88.04301075268818,95,0.0,87.0421052631579,96,0.020833333333333332,102.95833333333333,92,0.0,89.43478260869566,99,0.0,80.82828282828282,272,0.011029411764705883,99.56617647058823,6300,6300,276.9135286808014
N,4,3397530112,0.0001,61440,282,0.24113475177304963,292.1063829787234,138,0.2463768115942029,288.3623188405797,93,0.13978494623655913,279.6989247311828,95,0.2,272.22105263157897,96,0.2708333333333333,308.4583333333333,92,0.2391304347826087,297.70652173913044,99,0.1717171717171717,242.05050505050505,272,0.125,265.7720588235294,6300,6300,276.9135286808014
N,4,3397530112,0.0001,81920,282,0.475177304964539,410.68794326241135,138,0.5,416.6666666666667,93,0.41935483870967744,411.9032258064516,95,0.3684210526315789,392.85263157894735,96,0.4583333333333333,417.3541666666667,92,0.41304347826086957,399.8369565217391,99,0.30303030303030304,342.80808080808083,272,0.5441176470588235,414.7242647058824,6300,6300,276.9135286808014
N,4,3397530112,0.0001,102400,282,0.07092198581560284,225.81560283687944,138,0.06521739130434782,229.67391304347825,93,0.03225806451612903,222.96774193548387,95,0.010526315789473684,217.93684210526317,96,0.0625,232.30208333333334,92,0.06521739130434782,237.27173913043478,99,0.050505050505050504,194.77777777777777,272,0.04411764705882353,230.4558823529412,6300,6300,276.9135286808014
N,4,3397530112,0.0001,122880,282,0.3262411347517731,367.6843971631206,138,0.2391304347826087,358.07971014492756,93,0.27956989247311825,358.6559139784946,95,0.2736842105263158,343.9578947368421,96,0.25,357.3333333333333,92,0.30434782608695654,354.9891304347826,99,0.20202020202020202,298.44444444444446,272,0.31985294117647056,375.43382352941177,6300,6300,276.9135286808014
N,4,3397530112,0.0001,143360,282,0.1702127659574468,288.5425531914894,138,0.11594202898550725,282.07971014492756,93,0.10752688172043011,276.1182795698925,95,0.09473684210526316,261.8421052631579,96,0.11458333333333333,277.4375,92,0.15217391304347827,281.8804347826087,99,0.04040404040404041,221.08080808080808,272,0.17279411764705882,313.06617647058823,6300,6300,276.9135286808014
N,4,3397530112,0.0001,163840,282,0.24468085106382978,331.6489361702128,138,0.15942028985507245,327.30434782608694,93,0.1827956989247312,324.36559139784947,95,0.18947368421052632,309.86315789473684,96,0.19791666666666666,324.4791666666667,92,0.2608695652173913,326.3369565217391,99,0.20202020202020202,268.55555555555554,272,0.2757352941176471,355.0477941176471,6300,6300,276.9135286808014
N,4,3397530112,0.0001,184320,282,0.1453900709219858,273.0177304964539,138,0.09420289855072464,264.89130434782606,93,0.07526881720430108,257.4516129032258,95,0.09473684210526316,245.65263157894736,96,0.10416666666666667,261.7916666666667,92,0.14130434782608695,266.9347826086956,99,0.04040404040404041,206.33333333333334,272,0.16176470588235295,297.0147058823529,6300,6300,276.9135286808014
N,4,3397530112,0.0001,204800,282,0.2978723404255319,346.1985815602837,138,0.21739130434782608,344.39130434782606,93,0.26881720430107525,342.31182795698925,95,0.25263157894736843,325.7263157894737,96,0.2604166666666667,341.7604166666667,92,0.30434782608695654,343.32608695652175,99,0.2222222222222222,279.82828282828285,272,0.3014705882352941,364.25735294117646,6300,6300,276.9135286808014
N,4,3397530112,0.0001,225280,282,0.1950354609929078,299.63475177304963,138,0.09420289855072464,284.92753623188406,93,0.06451612903225806,272.89247311827955,95,0.07368421052631578,276.4842105263158,96,0.15625,299.3229166666667,92,0.17391304347826086,295.89130434782606,99,0.09090909090909091,241.25252525252526,272,0.09558823529411764,275.7352941176471,6300,6300,276.9135286808014
N,4,3397530112,0.0001,245760,282,0.7163120567375887,460.28014184397165,138,0.7028985507246377,460.3695652173913,93,0.6989247311827957,458.0967741935484,95,0.6,451.14736842105265,96,0.7291666666666666,468.0416666666667,92,0.6304347826086957,458.14130434782606,99,0.5151515151515151,419.8484848484849,272,0.7022058823529411,455.99264705882354,6300,6300,276.9135286808014
N,4,3397530112,0.0001,266240,282,0.4432624113475177,398.531914893617,138,0.43478260869565216,414.0,93,0.3870967741935484,402.494623655914,95,0.45263157894736844,408.8421052631579,96,0.4895833333333333,404.4270833333333,92,0.45652173913043476,406.3152173913044,99,0.36363636363636365,355.27272727272725,272,0.40808823529411764,406.4264705882353,6300,6300,276.9135286808014
N,4,3397530112,0.0001,286720,282,0.3617021276595745,379.22340425531917,138,0.30434782608695654,375.68840579710144,93,0.3225806451612903,370.0537634408602,95,0.2736842105263158,353.34736842105264,96,0.2708333333333333,369.8541666666667,92,0.31521739130434784,368.3369565217391,99,0.2222222222222222,312.3333333333333,272,0.3860294117647059,394.59191176470586,6300,6300,276.9135286808014
N,4,3397530112,0.0001,307200,282,0.13120567375886524,259.14539007092196,138,0.06521739130434782,249.86231884057972,93,0.06451612903225806,243.09677419354838,95,0.08421052631578947,231.18947368421053,96,0.08333333333333333,249.19791666666666,92,0.13043478260869565,249.20652173913044,99,0.04040404040404041,197.55555555555554,272,0.10661764705882353,278.6139705882353,6300,6300,276.9135286808014
N,4,3397530112,0.0001,327680,282,0.2872340425531915,351.2163120567376,138,0.21739130434782608,349.9710144927536,93,0.25806451612903225,346.06451612903226,95,0.22105263157894736,327.0421052631579,96,0.20833333333333334,341.65625,92,0.29347826086956524,346.9021739130435,99,0.21212121212121213,288.90909090909093,272,0.35661764705882354,378.2132352941176,6300,6300,276.9135286808014
N,4,3397530112,0.0001,348160,282,0.4219858156028369,397.290780141844,138,0.42028985507246375,406.3695652173913,93,0.3870967741935484,398.1290322580645,95,0.35789473684210527,380.7157894736842,96,0.3020833333333333,394.4479166666667,92,0.44565217391304346,398.07608695652175,99,0.2828282828282828,336.52525252525254,272,0.5220588235294118,419.0845588235294,6300,6300,276.9135286808014
N,4,3397530112,0.0001,368640,282,0.24468085106382978,327.84751773049646,138,0.21739130434782608,335.1304347826087,93,0.1935483870967742,322.8279569892473,95,0.1368421052631579,311.5578947368421,96,0.1875,321.3229166666667,92,0.1956521739130435,323.30434782608694,99,0.1111111111111111,264.4848484848485,272,0.2426470588235294,355.0147058823529,6300,6300,276.9135286808014
N,4,3397530112,0.0001,389120,282,0.8404255319148937,478.0390070921986,138,0.8115942028985508,480.72463768115944,93,0.7741935483870968,473.35483870967744,95,0.7578947368421053,475.22105263157897,96,0.8333333333333334,482.125,92,0.7608695652173914,471.8478260869565,99,0.6767676767676768,446.6060606060606,272,0.7720588235294118,465.0110294117647,6300,6300,276.9135286808014
N,4,3397530112,0.0001,409600,282,0.6099290780141844,438.4751773049645,138,0.5072463768115942,428.0217391304348,93,0.5053763440860215,421.8709677419355,95,0.5263157894736842,418.89473684210526,96,0.5729166666666666,435.8125,92,0.5543478260869565,429.1521739130435,99,0.5151515151515151,392.9191919191919,272,0.4485294117647059,427.89338235294116,6300,6300,276.9135286808014
N,4,3397530112,0.0001,430080,282,0.7801418439716312,468.93617021276594,138,0.855072463768116,484.68840579710144,93,0.8387096774193549,477.31182795698925,95,0.8,479.7157894736842,96,0.84375,482.375,92,0.8369565217391305,472.20652173913044,99,0.6464646464646465,438.050505050505,272,0.7610294117647058,464.53308823529414,6300,6300,276.9135286808014
N,4,3397530112,0.0001,450560,282,0.8971631205673759,488.9326241134752,138,0.927536231884058,494.42028985507244,93,0.9032258064516129,490.5376344086022,95,0.9157894736842105,493.61052631578946,96,0.9270833333333334,494.1041666666667,92,0.8804347826086957,482.2717391304348,99,0.7676767676767676,463.6363636363636,272,0.8161764705882353,474.0257352941176,6300,6300,276.9135286808014
N,4,3397530112,0.0001,471040,282,0.8617021276595744,485.709219858156,138,0.9130434782608695,491.6376811594203,93,0.9032258064516129,488.76344086021504,95,0.8947368421052632,491.37894736842105,96,0.9583333333333334,494.0104166666667,92,0.8369565217391305,479.6304347826087,99,0.7373737373737373,461.07070707070704,272,0.8014705882352942,466.8602941176471,6300,6300,276.9135286808014
N,4,3397530112,0.0001,491520,282,0.07801418439716312,253.22695035460993,138,0.08695652173913043,253.64492753623188,93,0.053763440860215055,245.91397849462365,95,0.031578947368421054,241.30526315789473,96,0.03125,249.94791666666666,92,0.13043478260869565,266.7608695652174,99,0.06060606060606061,217.82828282828282,272,0.07352941176470588,262.34191176470586,6300,6300,276.9135286808014
N,4,3397530112,0.0001,512000,282,0.09219858156028368,271.04609929078015,138,0.06521739130434782,273.8840579710145,93,0.03225806451612903,258.505376344086,95,0.06315789473684211,269.1684210526316,96,0.08333333333333333,274.3125,92,0.15217391304347827,285.05434782608694,99,0.09090909090909091,239.44444444444446,272,0.04779411764705882,274.4889705882353,6300,6300,276.9135286808014
N,4,3397530112,0.0001,532480,282,0.03546099290780142,209.53191489361703,138,0.007246376811594203,205.16666666666666,93,0.0,197.6451612903226,95,0.042105263157894736,216.01052631578946,96,0.041666666666666664,219.55208333333334,92,0.06521739130434782,223.1086956521739,99,0.020202020202020204,191.57575757575756,272,0.011029411764705883,202.9816176470588,6300,6300,276.9135286808014
N,4,3397530112,0.0001,552960,282,0.014184397163120567,188.84751773049646,138,0.014492753623188406,189.1231884057971,93,0.0,186.752688172043,95,0.021052631578947368,196.8736842105263,96,0.0,196.79166666666666,92,0.05434782608695652,205.34782608695653,99,0.010101010101010102,175.5050505050505,272,0.003676470588235294,191.32720588235293,6300,6300,276.9135286808014
N,4,3397530112,0.0001,573440,282,0.024822695035460994,208.61702127659575,138,0.014492753623188406,207.2608695652174,93,0.010752688172043012,203.1720430107527,95,0.021052631578947368,214.8,96,0.010416666666666666,215.52083333333334,92,0.05434782608695652,225.17391304347825,99,0.030303030303030304,192.07070707070707,272,0.011029411764705883,209.71323529411765,6300,6300,276.9135286808014
N,4,3397530112,0.0001,593920,282,0.07446808510638298,250.9964539007092,138,0.021739130434782608,245.4855072463768,93,0.021505376344086023,233.95698924731184,95,0.08421052631578947,262.5052631578947,96,0.0625,254.02083333333334,92,0.08695652173913043,259.3152173913044,99,0.10101010101010101,236.0,272,0.029411764705882353,245.66176470588235,6300,6300,276.9135286808014
N,4,3397530112,0.0001,614400,282,0.10283687943262411,269.0248226950355,138,0.08695652173913043,268.3695652173913,93,0.06451612903225806,257.0,95,0.10526315789473684,287.37894736842105,96,0.03125,264.0729166666667,92,0.08695652173913043,277.45652173913044,99,0.13131313131313133,259.8181818181818,272,0.07352941176470588,264.8529411764706,6300,6300,276.9135286808014
N,4,3397530112,0.0001,634880,282,0.04964539007092199,215.03900709219857,138,0.036231884057971016,216.6014492753623,93,0.010752688172043012,208.29032258064515,95,0.031578947368421054,227.61052631578949,96,0.020833333333333332,214.70833333333334,92,0.08695652173913043,228.02173913043478,99,0.04040404040404041,206.88888888888889,272,0.01838235294117647,209.25,6300,6300,276.9135286808014
N,4,3397530112,0.0001,655360,282,0.04964539007092199,221.15248226950354,138,0.043478260869565216,223.85507246376812,93,0.021505376344086023,214.6021505376344,95,0.042105263157894736,234.96842105263158,96,0.010416666666666666,219.76041666666666,92,0.06521739130434782,231.67391304347825,99,0.08080808080808081,219.26262626262627,272,0.029411764705882353,214.9375,6300,6300,276.9135286808014
N,4,3397530112,0.0001,675840,282,0.03900709219858156,198.32978723404256,138,0.014492753623188406,202.83333333333334,93,0.0,193.78494623655914,95,0.010526315789473684,210.6421052631579,96,0.0,201.29166666666666,92,0.05434782608695652,213.05434782608697,99,0.04040404040404041,200.85858585858585,272,0.011029411764705883,195.8308823529412,6300,6300,276.9135286808014
N,4,3397530112,0.0001,696320,282,0.014184397163120567,172.93617021276594,138,0.014492753623188406,180.2753623188406,93,0.010752688172043012,173.05376344086022,95,0.0,184.52631578947367,96,0.0,175.875,92,0.03260869565217391,184.42391304347825,99,0.010101010101010102,175.59595959595958,272,0.003676470588235294,168.6764705882353,6300,6300,276.9135286808014
N,4,3397530112,0.0001,716800,282,0.03900709219858156,203.53546099290782,138,0.007246376811594203,205.7246376811594,93,0.0,200.9784946236559,95,0.06315789473684211,221.65263157894736,96,0.0,199.90625,92,0.06521739130434782,212.15217391304347,99,0.04040404040404041,206.35353535353536,272,0.025735294117647058,198.75367647058823,6300,6300,276.9135286808014
N,4,3397530112,0.0001,737280,282,0.04964539007092199,215.79787234042553,138,0.036231884057971016,219.14492753623188,93,0.021505376344086023,212.29032258064515,95,0.042105263157894736,230.03157894736842,96,0.010416666666666666,212.08333333333334,92,0.06521739130434782,229.97826086956522,99,0.0707070707070707,218.27272727272728,272,0.011029411764705883,210.0183823529412,6300,6300,276.9135286808014
N,4,3397530112,0.0001,757760,282,0.09219858156028368,262.6914893617021,138,0.043478260869565216,258.09420289855075,93,0.03225806451612903,247.2258064516129,95,0.11578947368421053,273.2736842105263,96,0.07291666666666667,261.6145833333333,92,0.10869565217391304,272.1304347826087,99,0.1111111111111111,250.6060606060606,272,0.03676470588235294,257.2720588235294,6300,6300,276.9135286808014
N,4,3397530112,0.0001,778240,282,0.06382978723404255,275.29432624113474,138,0.043478260869565216,272.04347826086956,93,0.06451612903225806,270.18279569892474,95,0.07368421052631578,286.53684210526313,96,0.03125,267.6354166666667,92,0.06521739130434782,278.70652173913044,99,0.1111111111111111,275.4343434343434,272,0.051470588235294115,267.3235294117647,6300,6300,276.9135286808014
N,4,3397530112,0.0001,798720,282,0.19148936170212766,338.4503546099291,138,0.14492753623188406,341.5144927536232,93,0.0967741935483871,327.8494623655914,95,0.18947368421052632,348.9894736842105,96,0.16666666666666666,331.0416666666667,92,0.25,350.0326086956522,99,0.24242424242424243,322.1010101010101,272,0.11397058823529412,335.29411764705884,6300,6300,276.9135286808014
N,4,3397530112,0.0001,819200,282,0.35106382978723405,404.0496453900709,138,0.32608695652173914,408.1014492753623,93,0.2903225806451613,400.5698924731183,95,0.3473684210526316,407.1684210526316,96,0.3020833333333333,399.3645833333333,92,0.40217391304347827,409.2717391304348,99,0.37373737373737376,386.0808080808081,272,0.27941176470588236,407.4779411764706,6300,6300,276.9135286808014
N,4,3397530112,0.0001,839680,282,0.48226950354609927,435.6950354609929,138,0.47101449275362317,445.5217391304348,93,0.40860215053763443,438.68817204301075,95,0.4631578947368421,438.7473684210526,96,0.375,433.9791666666667,92,0.5434782608695652,440.9673913043478,99,0.4444444444444444,420.62626262626264,272,0.36764705882352944,430.7867647058824,6300,6300,276.9135286808014
N,4,3397530112,0.0001,860160,282,0.6985815602836879,464.709219858156,138,0.6884057971014492,472.21014492753625,93,0.6774193548387096,466.06451612903226,95,0.6947368421052632,469.7263157894737,96,0.625,466.78125,92,0.7391304347826086,465.5217391304348,99,0.6161616161616161,441.07070707070704,272,0.7279411764705882,466.28308823529414,6300,6300,276.9135286808014
N,4,3397530112,0.0001,880640,282,0.9680851063829787,494.59574468085106,138,0.9855072463768116,498.45652173913044,93,0.978494623655914,496.3763440860215,95,0.9894736842105263,498.6,96,0.9895833333333334,499.1458333333333,92,0.9565217391304348,494.9130434782609,99,0.9292929292929293,493.050505050505,272,0.9338235294117647,489.04411764705884,6300,6300,276.9135286808014
N,4,3397530112,0.0001,901120,282,0.875886524822695,484.26241134751774,138,0.8768115942028986,490.28985507246375,93,0.8279569892473119,483.76344086021504,95,0.8421052631578947,488.38947368421054,96,0.9375,492.21875,92,0.8913043478260869,487.6304347826087,99,0.797979797979798,467.010101010101,272,0.8529411764705882,480.02941176470586,6300,6300,276.9135286808014
N,4,3397530112,0.0001,921600,282,0.975177304964539,496.45390070921985,138,0.9855072463768116,498.69565217391306,93,0.978494623655914,497.97849462365593,95,0.9894736842105263,499.2315789473684,96,0.9895833333333334,499.4375,92,0.967391304347826,495.8804347826087,99,0.9494949494949495,494.949494949495,272,0.9411764705882353,489.03308823529414,6300,6300,276.9135286808014
N,4,3397530112,0.0001,942080,282,0.8333333333333334,480.9113475177305,138,0.8333333333333334,486.72463768115944,93,0.8064516129032258,478.7741935483871,95,0.8421052631578947,484.38947368421054,96,0.8229166666666666,484.875,92,0.7934782608695652,477.3369565217391,99,0.7272727272727273,465.7171717171717,272,0.8125,475.7132352941176,6300,6300,276.9135286808014
N,4,3397530112,0.0001,962560,282,0.7907801418439716,470.57801418439715,138,0.782608695652174,475.18840579710144,93,0.7311827956989247,465.93548387096774,95,0.6736842105263158,467.9157894736842,96,0.7916666666666666,477.8958333333333,92,0.782608695652174,477.04347826086956,99,0.6666666666666666,445.949494949495,272,0.7977941176470589,468.72058823529414,6300,6300,276.9135286808014
N,4,3397530112,0.0001,983040,282,0.900709219858156,489.5248226950355,138,0.8768115942028986,491.7173913043478,93,0.8494623655913979,486.9569892473118,95,0.8736842105263158,490.8421052631579,96,0.9479166666666666,494.2708333333333,92,0.9239130434782609,491.42391304347825,99,0.7878787878787878,469.7171717171717,272,0.8566176470588235,475.8345588235294,6300,6300,276.9135286808014
N,4,3397530112,0.0001,1003520,282,0.9219858156028369,489.9751773049645,138,0.9347826086956522,494.84057971014494,93,0.8817204301075269,485.6989247311828,95,0.9157894736842105,494.9684210526316,96,0.9479166666666666,495.3645833333333,92,0.9130434782608695,489.0217391304348,99,0.8484848484848485,477.6969696969697,272,0.8786764705882353,478.7610294117647,6300,6300,276.9135286808014
N,4,3397530112,0.0001,1024000,282,0.9680851063829787,496.38652482269504,138,0.9927536231884058,499.7028985507246,93,0.978494623655914,491.247311827957,95,0.9894736842105263,499.6842105263158,96,1.0,500.0,92,0.9891304347826086,496.89130434782606,99,0.9595959595959596,493.09090909090907,272,0.9411764705882353,485.2389705882353,6300,6300,276.9135286808014
N,4,3397530112,0.0001,1044480,282,0.8581560283687943,485.1063829787234,138,0.8405797101449275,485.5507246376812,93,0.7634408602150538,454.18279569892474,95,0.8315789473684211,487.4315789473684,96,0.8541666666666666,489.3645833333333,92,0.8804347826086957,488.1304347826087,99,0.7878787878787878,459.8787878787879,272,0.8382352941176471,470.29411764705884,6300,6300,276.9135286808014
N,4,3397530112,0.0001,1064960,282,0.9716312056737588,491.8262411347518,138,0.9782608695652174,493.7971014492754,93,0.8709677419354839,445.13978494623655,95,0.9894736842105263,495.4842105263158,96,0.9791666666666666,490.78125,92,0.9891304347826086,495.19565217391306,99,0.9494949494949495,484.62626262626264,272,0.9044117647058824,466.49632352941177,6300,6300,276.9135286808014
N,4,3397530112,0.0001,1085440,282,0.9716312056737588,496.26241134751774,138,0.9927536231884058,499.8550724637681,93,0.978494623655914,494.9569892473118,95,1.0,500.0,96,1.0,500.0,92,0.9891304347826086,496.9021739130435,99,0.9696969696969697,493.35353535353534,272,0.9485294117647058,487.01838235294116,6300,6300,276.9135286808014
N,4,3397530112,0.0001,1105920,282,0.9468085106382979,493.5886524822695,138,0.9420289855072463,495.80434782608694,93,0.9139784946236559,488.5376344086022,95,0.968421052631579,497.6,96,0.9583333333333334,496.46875,92,0.9347826086956522,493.6195652173913,99,0.8686868686868687,478.72727272727275,272,0.9044117647058824,482.875,6300,6300,276.9135286808014
N,4,3397530112,0.0001,1126400,282,0.9609929078014184,496.11347517730496,138,0.9855072463768116,499.60869565217394,93,1.0,500.0,95,0.9894736842105263,498.4947368421053,96,1.0,500.0,92,0.967391304347826,496.04347826086956,99,0.9595959595959596,498.6363636363636,272,0.9558823529411765,490.4375,6300,6300,276.9135286808014
N,4,3397530112,0.0001,1146880,282,0.9787234042553191,497.59574468085106,138,0.9855072463768116,498.6159420289855,93,1.0,500.0,95,0.9894736842105263,498.5578947368421,96,1.0,500.0,92,0.9782608695652174,497.6195652173913,99,0.98989898989899,499.7979797979798,272,0.9558823529411765,489.18014705882354,6300,6300,276.9135286808014
N,4,3397530112,0.0001,1167360,282,0.9822695035460993,497.63120567375887,138,0.9855072463768116,498.59420289855075,93,1.0,500.0,95,0.9894736842105263,498.87368421052633,96,1.0,500.0,92,0.9782608695652174,499.2282608695652,99,0.98989898989899,499.80808080808083,272,0.9522058823529411,488.87867647058823,6300,6300,276.9135286808014
N,4,3397530112,0.0001,1187840,282,0.9858156028368794,497.790780141844,138,0.9927536231884058,499.92753623188406,93,1.0,500.0,95,1.0,500.0,96,1.0,500.0,92,0.9782608695652174,498.4130434782609,99,1.0,500.0,272,0.9742647058823529,491.2242647058824,6300,6300,276.9135286808014
N,4,3397530112,0.0001,1208320,282,0.9893617021276596,495.3829787234043,138,1.0,500.0,93,0.967741935483871,486.81720430107526,95,1.0,500.0,96,1.0,500.0,92,0.9891304347826086,495.32608695652175,99,1.0,500.0,272,0.9595588235294118,485.4522058823529,6300,6300,276.9135286808014
N,4,3397530112,0.0001,1228800,282,0.9929078014184397,496.9078014184397,138,1.0,500.0,93,0.978494623655914,491.61290322580646,95,1.0,500.0,96,1.0,500.0,92,0.9891304347826086,495.30434782608694,99,1.0,500.0,272,0.9522058823529411,484.25735294117646,6300,6300,276.9135286808014
N,3,1947088435,0.0001,0,282,0.0,16.588652482269502,138,0.0,16.57246376811594,93,0.0,17.72043010752688,95,0.0,16.50526315789474,96,0.0,27.375,92,0.0,18.097826086956523,99,0.0,13.808080808080808,272,0.0,21.628676470588236,7260,7260,278.18622374534607
N,3,1947088435,0.0001,20480,282,0.024822695035460994,88.86879432624113,138,0.0,76.77536231884058,93,0.010752688172043012,88.29032258064517,95,0.010526315789473684,79.03157894736842,96,0.052083333333333336,109.39583333333333,92,0.021739130434782608,98.23913043478261,99,0.0,58.15151515151515,272,0.058823529411764705,119.7279411764706,7260,7260,278.18622374534607
N,3,1947088435,0.0001,40960,282,0.05673758865248227,185.00709219858157,138,0.007246376811594203,177.6159420289855,93,0.0,186.18279569892474,95,0.010526315789473684,171.45263157894738,96,0.11458333333333333,211.84375,92,0.08695652173913043,196.16304347826087,99,0.010101010101010102,137.12121212121212,272,0.11397058823529412,213.30514705882354,7260,7260,278.18622374534607
N,3,1947088435,0.0001,61440,282,0.5,371.4432624113475,138,0.5072463768115942,389.3478260869565,93,0.5268817204301075,393.0430107526882,95,0.4631578947368421,375.85263157894735,96,0.4895833333333333,390.5833333333333,92,0.5108695652173914,376.3804347826087,99,0.29292929292929293,301.3838383838384,272,0.5404411764705882,382.37132352941177,7260,7260,278.18622374534607
N,3,1947088435,0.0001,81920,282,0.3262411347517731,346.31205673758865,138,0.2536231884057971,350.95652173913044,93,0.25806451612903225,344.44086021505376,95,0.24210526315789474,325.86315789473684,96,0.23958333333333334,344.9583333333333,92,0.33695652173913043,342.29347826086956,99,0.21212121212121213,279.52525252525254,272,0.3639705882352941,369.89338235294116,7260,7260,278.18622374534607
N,3,1947088435,0.0001,102400,282,0.1453900709219858,298.468085106383,138,0.07246376811594203,288.3695652173913,93,0.11827956989247312,292.4623655913978,95,0.1368421052631579,281.4947368421053,96,0.13541666666666666,291.625,92,0.1956521739130435,300.4673913043478,99,0.15151515151515152,250.1818181818182,272,0.1875,323.55514705882354,7260,7260,278.18622374534607
N,3,1947088435,0.0001,122880,282,0.06028368794326241,222.10992907801418,138,0.028985507246376812,218.768115942029,93,0.03225806451612903,213.93548387096774,95,0.010526315789473684,198.62105263157895,96,0.03125,215.0,92,0.06521739130434782,216.91304347826087,99,0.020202020202020204,176.45454545454547,272,0.051470588235294115,233.67279411764707,7260,7260,278.18622374534607
N,3,1947088435,0.0001,143360,282,0.1595744680851064,284.9751773049645,138,0.09420289855072464,281.40579710144925,93,0.08602150537634409,274.3333333333333,95,0.09473684210526316,268.6421052631579,96,0.07291666666666667,273.2708333333333,92,0.13043478260869565,273.04347826086956,99,0.04040404040404041,223.8080808080808,272,0.14338235294117646,296.89338235294116,7260,7260,278.18622374534607
N,3,1947088435,0.0001,163840,282,0.4219858156028369,396.5744680851064,138,0.30434782608695654,389.60869565217394,93,0.34408602150537637,382.7204301075269,95,0.3368421052631579,370.4842105263158,96,0.375,392.7291666666667,92,0.42391304347826086,389.6195652173913,99,0.26262626262626265,333.04040404040404,272,0.36764705882352944,398.63235294117646,7260,7260,278.18622374534607
N,3,1947088435,0.0001,184320,282,0.6063829787234043,425.9574468085106,138,0.5289855072463768,429.463768115942,93,0.5161290322580645,421.31182795698925,95,0.5578947368421052,415.2631578947368,96,0.59375,438.4270833333333,92,0.5760869565217391,425.35869565217394,99,0.46464646464646464,373.8989898989899,272,0.5147058823529411,422.69117647058823,7260,7260,278.18622374534607
N,3,1947088435,0.0001,204800,282,0.3404255319148936,357.90425531914894,138,0.18840579710144928,338.4130434782609,93,0.16129032258064516,324.0430107526882,95,0.24210526315789474,337.9789473684211,96,0.28125,365.7083333333333,92,0.30434782608695654,357.0217391304348,99,0.23232323232323232,311.45454545454544,272,0.15808823529411764,328.34191176470586,7260,7260,278.18622374534607
N,3,1947088435,0.0001,225280,282,0.7801418439716312,460.8510638297872,138,0.782608695652174,468.0289855072464,93,0.7956989247311828,463.81720430107526,95,0.7052631578947368,454.94736842105266,96,0.8229166666666666,476.5625,92,0.7934782608695652,462.44565217391306,99,0.6565656565656566,418.1313131313131,272,0.7316176470588235,452.4375,7260,7260,278.18622374534607
N,3,1947088435,0.0001,245760,282,0.09219858156028368,261.6241134751773,138,0.08695652173913043,252.68115942028984,93,0.043010752688172046,247.44086021505376,95,0.09473684210526316,246.21052631578948,96,0.10416666666666667,260.4583333333333,92,0.13043478260869565,269.1195652173913,99,0.1111111111111111,220.35353535353536,272,0.09926470588235294,280.1727941176471,7260,7260,278.18622374534607
N,3,1947088435,0.0001,266240,282,0.07446808510638298,247.25177304964538,138,0.036231884057971016,235.90579710144928,93,0.043010752688172046,236.66666666666666,95,0.042105263157894736,228.18947368421053,96,0.0625,239.08333333333334,92,0.09782608695652174,254.90217391304347,99,0.050505050505050504,209.64646464646464,272,0.06985294117647059,279.69117647058823,7260,7260,278.18622374534607
N,3,1947088435,0.0001,286720,282,0.25177304964539005,345.4432624113475,138,0.15217391304347827,326.2971014492754,93,0.10752688172043011,310.2903225806452,95,0.15789473684210525,319.37894736842105,96,0.21875,338.1354166666667,92,0.25,343.64130434782606,99,0.13131313131313133,289.22222222222223,272,0.09558823529411764,324.98161764705884,7260,7260,278.18622374534607
N,3,1947088435,0.0001,307200,282,0.13829787234042554,308.1099290780142,138,0.13768115942028986,306.036231884058,93,0.08602150537634409,293.44086021505376,95,0.14736842105263157,291.11578947368423,96,0.15625,300.0729166666667,92,0.11956521739130435,304.29347826086956,99,0.0707070707070707,255.9090909090909,272,0.17647058823529413,328.9632352941176,7260,7260,278.18622374534607
N,3,1947088435,0.0001,327680,282,0.20212765957446807,345.2836879432624,138,0.15217391304347827,345.8188405797101,93,0.1827956989247312,338.16129032258067,95,0.16842105263157894,328.8,96,0.14583333333333334,330.34375,92,0.22826086956521738,342.82608695652175,99,0.1414141414141414,292.6868686868687,272,0.2757352941176471,374.65441176470586,7260,7260,278.18622374534607
N,3,1947088435,0.0001,348160,282,0.35106382978723405,384.8191489361702,138,0.3695652173913043,394.18840579710144,93,0.3870967741935484,383.6559139784946,95,0.28421052631578947,382.2842105263158,96,0.3333333333333333,379.28125,92,0.3695652173913043,388.3478260869565,99,0.2727272727272727,337.80808080808083,272,0.4117647058823529,407.1764705882353,7260,7260,278.18622374534607
N,3,1947088435,0.0001,368640,282,0.3475177304964539,381.15602836879435,138,0.35507246376811596,390.34057971014494,93,0.3118279569892473,379.1182795698925,95,0.2736842105263158,377.9578947368421,96,0.3125,376.0520833333333,92,0.32608695652173914,382.60869565217394,99,0.23232323232323232,337.19191919191917,272,0.43014705882352944,407.0514705882353,7260,7260,278.18622374534607
N,3,1947088435,0.0001,389120,282,0.2978723404255319,347.4503546099291,138,0.2608695652173913,352.8623188405797,93,0.21505376344086022,343.4516129032258,95,0.18947368421052632,326.18947368421055,96,0.19791666666666666,335.4791666666667,92,0.20652173913043478,343.2282608695652,99,0.16161616161616163,289.64646464646466,272,0.34558823529411764,380.0,7260,7260,278.18622374534607
N,3,1947088435,0.0001,409600,282,0.16666666666666666,312.92907801418437,138,0.15942028985507245,312.731884057971,93,0.12903225806451613,298.0860215053763,95,0.08421052631578947,305.41052631578947,96,0.13541666666666666,307.0104166666667,92,0.20652173913043478,317.7282608695652,99,0.1111111111111111,272.3131313131313,272,0.15073529411764705,325.5367647058824,7260,7260,278.18622374534607
N,3,1947088435,0.0001,430080,282,0.0425531914893617,206.3404255319149,138,0.043478260869565216,212.15942028985506,93,0.021505376344086023,202.1720430107527,95,0.010526315789473684,217.54736842105262,96,0.010416666666666666,206.08333333333334,92,0.06521739130434782,216.09782608695653,99,0.050505050505050504,205.83838383838383,272,0.007352941176470588,200.1691176470588,7260,7260,278.18622374534607
N,3,1947088435,0.0001,450560,282,0.1276595744680851,341.74468085106383,138,0.06521739130434782,340.67391304347825,93,0.08602150537634409,336.2903225806452,95,0.1368421052631579,352.8421052631579,96,0.0625,333.8020833333333,92,0.14130434782608695,342.7717391304348,99,0.16161616161616163,335.4646464646465,272,0.13970588235294118,340.86764705882354,7260,7260,278.18622374534607
N,3,1947088435,0.0001,471040,282,0.10638297872340426,314.60283687943263,138,0.043478260869565216,308.768115942029,93,0.06451612903225806,307.48387096774195,95,0.042105263157894736,318.1684210526316,96,0.0625,304.9895833333333,92,0.09782608695652174,315.7826086956522,99,0.13131313131313133,312.3838383838384,272,0.08088235294117647,310.28308823529414,7260,7260,278.18622374534607
N,3,1947088435,0.0001,491520,282,0.11702127659574468,336.92907801418437,138,0.07246376811594203,335.9927536231884,93,0.08602150537634409,333.83870967741933,95,0.07368421052631578,346.22105263157897,96,0.0625,330.2916666666667,92,0.11956521739130435,338.4782608695652,99,0.20202020202020202,334.989898989899,272,0.10661764705882353,335.72058823529414,7260,7260,278.18622374534607
N,3,1947088435,0.0001,512000,282,0.03546099290780142,246.69858156028369,138,0.007246376811594203,243.08695652173913,93,0.021505376344086023,245.13978494623655,95,0.010526315789473684,251.18947368421053,96,0.020833333333333332,246.76041666666666,92,0.043478260869565216,252.30434782608697,99,0.050505050505050504,255.5050505050505,272,0.03308823529411765,243.94117647058823,7260,7260,278.18622374534607
N,3,1947088435,0.0001,532480,282,0.031914893617021274,256.6666666666667,138,0.007246376811594203,257.2391304347826,93,0.021505376344086023,257.8709677419355,95,0.0,264.38947368421054,96,0.010416666666666666,255.92708333333334,92,0.021739130434782608,260.2717391304348,99,0.050505050505050504,262.42424242424244,272,0.03676470588235294,262.1360294117647,7260,7260,278.18622374534607
N,3,1947088435,0.0001,552960,282,0.028368794326241134,175.4255319148936,138,0.007246376811594203,176.41304347826087,93,0.021505376344086023,181.91397849462365,95,0.0,186.10526315789474,96,0.0,174.21875,92,0.0,173.44565217391303,99,0.020202020202020204,182.67676767676767,272,0.014705882352941176,179.91176470588235,7260,7260,278.18622374534607
N,3,1947088435,0.0001,573440,282,0.02127659574468085,164.65602836879432,138,0.0,163.65942028985506,93,0.0,162.96774193548387,95,0.0,178.1578947368421,96,0.010416666666666666,164.23958333333334,92,0.021739130434782608,166.81521739130434,99,0.020202020202020204,165.010101010101,272,0.022058823529411766,170.4375,7260,7260,278.18622374534607
N,3,1947088435,0.0001,593920,282,0.014184397163120567,169.1631205673759,138,0.014492753623188406,168.09420289855072,93,0.0,165.19354838709677,95,0.010526315789473684,181.73684210526315,96,0.0,165.4375,92,0.021739130434782608,171.08695652173913,99,0.0,164.17171717171718,272,0.01838235294117647,176.92279411764707,7260,7260,278.18622374534607
N,3,1947088435,0.0001,614400,282,0.03546099290780142,196.7872340425532,138,0.014492753623188406,194.67391304347825,93,0.03225806451612903,199.66666666666666,95,0.021052631578947368,209.17894736842106,96,0.010416666666666666,193.38541666666666,92,0.010869565217391304,192.15217391304347,99,0.020202020202020204,200.40404040404042,272,0.03676470588235294,200.94485294117646,7260,7260,278.18622374534607
N,3,1947088435,0.0001,634880,282,0.03546099290780142,217.18794326241135,138,0.007246376811594203,211.6086956521739,93,0.0,213.21505376344086,95,0.010526315789473684,221.8421052631579,96,0.03125,215.32291666666666,92,0.010869565217391304,213.7173913043478,99,0.010101010101010102,219.0909090909091,272,0.04411764705882353,218.15441176470588,7260,7260,278.18622374534607
N,3,1947088435,0.0001,655360,282,0.04609929078014184,277.3936170212766,138,0.014492753623188406,272.4782608695652,93,0.021505376344086023,271.89247311827955,95,0.021052631578947368,279.5052631578947,96,0.041666666666666664,269.5416666666667,92,0.03260869565217391,275.85869565217394,99,0.050505050505050504,278.35353535353534,272,0.0625,276.7720588235294,7260,7260,278.18622374534607
N,3,1947088435,0.0001,675840,282,0.08865248226950355,325.1914893617021,138,0.050724637681159424,319.4782608695652,93,0.08602150537634409,316.1290322580645,95,0.06315789473684211,328.46315789473687,96,0.052083333333333336,311.9375,92,0.08695652173913043,324.0108695652174,99,0.15151515151515152,320.95959595959596,272,0.10294117647058823,322.94485294117646,7260,7260,278.18622374534607
N,3,1947088435,0.0001,696320,282,0.06028368794326241,254.12056737588654,138,0.028985507246376812,246.53623188405797,93,0.06451612903225806,245.38709677419354,95,0.031578947368421054,260.9789473684211,96,0.020833333333333332,242.72916666666666,92,0.05434782608695652,254.4891304347826,99,0.10101010101010101,261.75757575757575,272,0.058823529411764705,253.875,7260,7260,278.18622374534607
N,3,1947088435,0.0001,716800,282,0.0673758865248227,252.75886524822695,138,0.028985507246376812,244.95652173913044,93,0.053763440860215055,243.09677419354838,95,0.05263157894736842,262.2526315789474,96,0.03125,238.90625,92,0.07608695652173914,255.1195652173913,99,0.09090909090909091,253.63636363636363,272,0.0661764705882353,252.3235294117647,7260,7260,278.18622374534607
N,3,1947088435,0.0001,737280,282,0.0425531914893617,218.40425531914894,138,0.021739130434782608,215.0,93,0.021505376344086023,211.79569892473117,95,0.021052631578947368,227.2736842105263,96,0.010416666666666666,211.58333333333334,92,0.03260869565217391,225.2608695652174,99,0.04040404040404041,218.74747474747474,272,0.04411764705882353,220.55514705882354,7260,7260,278.18622374534607
N,3,1947088435,0.0001,757760,282,0.0425531914893617,199.72340425531914,138,0.014492753623188406,195.30434782608697,93,0.010752688172043012,193.9247311827957,95,0.0,203.77894736842106,96,0.010416666666666666,194.08333333333334,92,0.03260869565217391,200.41304347826087,99,0.020202020202020204,196.6060606060606,272,0.03676470588235294,201.1691176470588,7260,7260,278.18622374534607
N,3,1947088435,0.0001,778240,282,0.028368794326241134,202.04609929078015,138,0.007246376811594203,199.02898550724638,93,0.0,196.09677419354838,95,0.010526315789473684,212.0,96,0.0,197.33333333333334,92,0.010869565217391304,205.43478260869566,99,0.04040404040404041,203.22222222222223,272,0.04779411764705882,208.41544117647058,7260,7260,278.18622374534607
N,3,1947088435,0.0001,798720,282,0.031914893617021274,191.72340425531914,138,0.014492753623188406,187.92753623188406,93,0.0,184.43010752688173,95,0.021052631578947368,203.92631578947368,96,0.0,184.67708333333334,92,0.03260869565217391,194.4891304347826,99,0.050505050505050504,200.13131313131314,272,0.04411764705882353,199.9558823529412,7260,7260,278.18622374534607
N,3,1947088435,0.0001,819200,282,0.03900709219858156,217.82269503546098,138,0.014492753623188406,214.3985507246377,93,0.021505376344086023,217.1720430107527,95,0.031578947368421054,227.66315789473686,96,0.020833333333333332,212.38541666666666,92,0.021739130434782608,216.08695652173913,99,0.010101010101010102,218.11111111111111,272,0.04779411764705882,225.63235294117646,7260,7260,278.18622374534607
N,3,1947088435,0.0001,839680,282,0.028368794326241134,196.56028368794327,138,0.007246376811594203,194.6086956521739,93,0.010752688172043012,195.50537634408602,95,0.031578947368421054,210.2,96,0.010416666666666666,192.70833333333334,92,0.0,192.02173913043478,99,0.030303030303030304,196.03030303030303,272,0.04779411764705882,205.97426470588235,7260,7260,278.18622374534607
N,3,1947088435,0.0001,860160,282,0.0425531914893617,251.2659574468085,138,0.014492753623188406,245.8840579710145,93,0.021505376344086023,243.91397849462365,95,0.06315789473684211,265.2105263157895,96,0.010416666666666666,243.77083333333334,92,0.05434782608695652,253.7391304347826,99,0.08080808080808081,252.68686868686868,272,0.0625,256.1985294117647,7260,7260,278.18622374534607
N,3,1947088435,0.0001,880640,282,0.07446808510638298,281.1276595744681,138,0.028985507246376812,270.78985507246375,93,0.043010752688172046,267.1505376344086,95,0.09473684210526316,288.70526315789476,96,0.03125,269.71875,92,0.06521739130434782,280.55434782608694,99,0.1111111111111111,277.72727272727275,272,0.08823529411764706,284.59191176470586,7260,7260,278.18622374534607
N,3,1947088435,0.0001,901120,282,0.32269503546099293,423.0851063829787,138,0.2826086956521739,422.3768115942029,93,0.23655913978494625,402.741935483871,95,0.37894736842105264,431.4,96,0.2604166666666667,413.8229166666667,92,0.41304347826086957,431.9782608695652,99,0.37373737373737376,412.1515151515151,272,0.2867647058823529,419.4117647058824,7260,7260,278.18622374534607
N,3,1947088435,0.0001,921600,282,0.14184397163120568,362.70212765957444,138,0.08695652173913043,360.44202898550725,93,0.08602150537634409,344.86021505376345,95,0.11578947368421053,369.8,96,0.0625,353.53125,92,0.14130434782608695,368.39130434782606,99,0.21212121212121213,359.3030303030303,272,0.15808823529411764,363.13235294117646,7260,7260,278.18622374534607
N,3,1947088435,0.0001,942080,282,0.20921985815602837,381.86879432624113,138,0.14492753623188406,380.8768115942029,93,0.17204301075268819,370.21505376344084,95,0.16842105263157894,378.4736842105263,96,0.09375,366.1875,92,0.1956521739130435,385.0217391304348,99,0.2828282828282828,368.37373737373736,272,0.20955882352941177,380.09191176470586,7260,7260,278.18622374534607
N,3,1947088435,0.0001,962560,282,0.06382978723404255,303.64539007092196,138,0.036231884057971016,300.30434782608694,93,0.06451612903225806,296.9139784946237,95,0.021052631578947368,307.8315789473684,96,0.052083333333333336,294.6458333333333,92,0.043478260869565216,303.3369565217391,99,0.1111111111111111,305.4949494949495,272,0.09558823529411764,310.3382352941176,7260,7260,278.18622374534607
N,3,1947088435,0.0001,983040,282,0.0425531914893617,218.5,138,0.014492753623188406,213.7826086956522,93,0.021505376344086023,210.04301075268816,95,0.042105263157894736,228.2842105263158,96,0.010416666666666666,211.09375,92,0.043478260869565216,224.16304347826087,99,0.050505050505050504,219.32323232323233,272,0.05514705882352941,226.6875,7260,7260,278.18622374534607
N,3,1947088435,0.0001,1003520,282,0.05319148936170213,245.4113475177305,138,0.036231884057971016,239.80434782608697,93,0.043010752688172046,238.19354838709677,95,0.07368421052631578,258.3263157894737,96,0.03125,234.6875,92,0.06521739130434782,248.79347826086956,99,0.0707070707070707,245.03030303030303,272,0.08088235294117647,252.77941176470588,7260,7260,278.18622374534607
N,3,1947088435,0.0001,1024000,282,0.13829787234042554,332.1418439716312,138,0.07246376811594203,323.7536231884058,93,0.07526881720430108,319.5268817204301,95,0.08421052631578947,334.5052631578947,96,0.052083333333333336,317.5729166666667,92,0.09782608695652174,334.04347826086956,99,0.18181818181818182,323.93939393939394,272,0.13602941176470587,336.84558823529414,7260,7260,278.18622374534607
N,3,1947088435,0.0001,1044480,282,0.04964539007092199,228.5212765957447,138,0.014492753623188406,222.02898550724638,93,0.0,219.08602150537635,95,0.05263157894736842,242.74736842105264,96,0.0,219.4375,92,0.05434782608695652,233.43478260869566,99,0.04040404040404041,229.53535353535352,272,0.07720588235294118,238.34191176470588,7260,7260,278.18622374534607
N,3,1947088435,0.0001,1064960,282,0.09929078014184398,296.0390070921986,138,0.036231884057971016,288.2463768115942,93,0.043010752688172046,283.23655913978496,95,0.12631578947368421,304.9894736842105,96,0.03125,280.75,92,0.08695652173913043,297.0978260869565,99,0.15151515151515152,291.5151515151515,272,0.11764705882352941,301.8014705882353,7260,7260,278.18622374534607
N,3,1947088435,0.0001,1085440,282,0.07092198581560284,292.71985815602835,138,0.036231884057971016,287.0289855072464,93,0.043010752688172046,279.0860215053763,95,0.11578947368421053,300.3157894736842,96,0.03125,282.0,92,0.07608695652173914,297.0326086956522,99,0.12121212121212122,288.8181818181818,272,0.11764705882352941,301.97058823529414,7260,7260,278.18622374534607
N,3,1947088435,0.0001,1105920,282,0.07801418439716312,301.65602836879435,138,0.036231884057971016,295.31159420289856,93,0.053763440860215055,288.3333333333333,95,0.08421052631578947,310.37894736842105,96,0.041666666666666664,292.0729166666667,92,0.05434782608695652,302.4021739130435,99,0.13131313131313133,300.8888888888889,272,0.11397058823529412,310.1654411764706,7260,7260,278.18622374534607
N,3,1947088435,0.0001,1126400,282,0.15602836879432624,361.8156028368794,138,0.09420289855072464,358.8768115942029,93,0.0967741935483871,350.4301075268817,95,0.1368421052631579,364.4315789473684,96,0.07291666666666667,347.0416666666667,92,0.13043478260869565,364.5108695652174,99,0.2222222222222222,351.6969696969697,272,0.19117647058823528,369.24632352941177,7260,7260,278.18622374534607
N,3,1947088435,0.0001,1146880,282,0.19858156028368795,400.3723404255319,138,0.18115942028985507,406.2826086956522,93,0.12903225806451613,393.36559139784947,95,0.15789473684210525,409.14736842105265,96,0.11458333333333333,395.8125,92,0.18478260869565216,406.0978260869565,99,0.26262626262626265,397.3939393939394,272,0.2426470588235294,410.0220588235294,7260,7260,278.18622374534607
N,3,1947088435,0.0001,1167360,282,0.12411347517730496,369.56028368794324,138,0.07971014492753623,368.2173913043478,93,0.0967741935483871,354.96774193548384,95,0.11578947368421053,374.18947368421055,96,0.07291666666666667,357.40625,92,0.11956521739130435,371.9891304347826,99,0.20202020202020202,364.82828282828285,272,0.1948529411764706,377.84191176470586,7260,7260,278.18622374534607
N,3,1947088435,0.0001,1187840,282,0.2375886524822695,396.6063829787234,138,0.18840579710144928,394.3840579710145,93,0.15053763440860216,376.36559139784947,95,0.21052631578947367,405.3263157894737,96,0.1875,387.40625,92,0.2826086956521739,405.69565217391306,99,0.32323232323232326,385.26262626262627,272,0.25735294117647056,403.2904411764706,7260,7260,278.18622374534607
N,3,1947088435,0.0001,1208320,282,0.07446808510638298,279.29432624113474,138,0.036231884057971016,273.44202898550725,93,0.053763440860215055,271.7096774193548,95,0.10526315789473684,290.3157894736842,96,0.03125,268.0729166666667,92,0.07608695652173914,282.2608695652174,99,0.12121212121212122,277.90909090909093,272,0.09926470588235294,285.9227941176471,7260,7260,278.18622374534607
N,3,1947088435,0.0001,1228800,282,0.13829787234042554,328.7269503546099,138,0.07246376811594203,321.1666666666667,93,0.06451612903225806,312.6559139784946,95,0.1368421052631579,330.3157894736842,96,0.052083333333333336,313.1458333333333,92,0.10869565217391304,330.9673913043478,99,0.1919191919191919,320.5858585858586,272,0.14338235294117646,333.1654411764706,7260,7260,278.18622374534607
N,1,596351397,0.0001,0,282,0.0,24.343971631205672,138,0.0,22.72463768115942,93,0.0,22.86021505376344,95,0.0,22.810526315789474,96,0.0,36.885416666666664,92,0.0,24.717391304347824,99,0.0,19.262626262626263,272,0.0,26.665441176470587,6586,6586,278.40029215812683
N,1,596351397,0.0001,20480,282,0.0,58.333333333333336,138,0.0,58.73913043478261,93,0.0,59.39784946236559,95,0.0,55.76842105263158,96,0.020833333333333332,74.36458333333333,92,0.0,60.52173913043478,99,0.0,45.92929292929293,272,0.0,72.78676470588235,6586,6586,278.40029215812683
N,1,596351397,0.0001,40960,282,0.0,71.87943262411348,138,0.0,73.1086956521739,93,0.0,73.08602150537635,95,0.0,70.3157894736842,96,0.0,82.14583333333333,92,0.0,72.08695652173913,99,0.0,61.5959595959596,272,0.0,79.5845588235294,6586,6586,278.40029215812683
N,1,596351397,0.0001,61440,282,0.0425531914893617,168.41489361702128,138,0.007246376811594203,163.81159420289856,93,0.0,166.4731182795699,95,0.031578947368421054,161.55789473684212,96,0.0625,191.89583333333334,92,0.06521739130434782,176.02173913043478,99,0.050505050505050504,146.8080808080808,272,0.0661764705882353,184.72426470588235,6586,6586,278.40029215812683
N,1,596351397,0.0001,81920,282,0.0673758865248227,244.8368794326241,138,0.043478260869565216,234.94927536231884,93,0.021505376344086023,236.03225806451613,95,0.05263157894736842,231.32631578947368,96,0.11458333333333333,254.89583333333334,92,0.08695652173913043,249.17391304347825,99,0.08080808080808081,209.36363636363637,272,0.07720588235294118,246.3860294117647,6586,6586,278.40029215812683
N,1,596351397,0.0001,102400,282,0.10638297872340426,259.790780141844,138,0.07971014492753623,256.8550724637681,93,0.053763440860215055,250.96774193548387,95,0.08421052631578947,242.56842105263158,96,0.07291666666666667,254.54166666666666,92,0.08695652173913043,250.59782608695653,99,0.04040404040404041,201.5050505050505,272,0.09191176470588236,274.9595588235294,6586,6586,278.40029215812683
N,1,596351397,0.0001,122880,282,0.09929078014184398,274.4113475177305,138,0.043478260869565216,262.8768115942029,93,0.08602150537634409,266.96774193548384,95,0.11578947368421053,261.8315789473684,96,0.10416666666666667,274.0104166666667,92,0.08695652173913043,277.7826086956522,99,0.1111111111111111,235.64646464646464,272,0.10661764705882353,295.31617647058823,6586,6586,278.40029215812683
N,1,596351397,0.0001,143360,282,0.13120567375886524,266.09574468085106,138,0.07246376811594203,261.15942028985506,93,0.053763440860215055,253.88172043010752,95,0.08421052631578947,243.2842105263158,96,0.10416666666666667,259.125,92,0.14130434782608695,263.2173913043478,99,0.04040404040404041,204.6161616161616,272,0.13602941176470587,289.5845588235294,6586,6586,278.40029215812683
N,1,596351397,0.0001,163840,282,0.06382978723404255,200.64893617021278,138,0.028985507246376812,192.07246376811594,93,0.010752688172043012,187.0215053763441,95,0.05263157894736842,186.2421052631579,96,0.052083333333333336,196.69791666666666,92,0.07608695652173914,202.72826086956522,99,0.010101010101010102,160.1010101010101,272,0.04411764705882353,223.68014705882354,6586,6586,278.40029215812683
N,1,596351397,0.0001,184320,282,0.12411347517730496,256.5390070921986,138,0.06521739130434782,250.42028985507247,93,0.06451612903225806,241.69892473118279,95,0.08421052631578947,234.29473684210527,96,0.0625,245.88541666666666,92,0.08695652173913043,243.2826086956522,99,0.030303030303030304,196.56565656565655,272,0.09558823529411764,268.9264705882353,6586,6586,278.40029215812683
N,1,596351397,0.0001,204800,282,0.0673758865248227,216.82624113475177,138,0.036231884057971016,208.6159420289855,93,0.010752688172043012,198.36559139784947,95,0.06315789473684211,199.57894736842104,96,0.052083333333333336,209.6875,92,0.05434782608695652,209.3586956521739,99,0.04040404040404041,169.3838383838384,272,0.05514705882352941,231.73529411764707,6586,6586,278.40029215812683
N,1,596351397,0.0001,225280,282,0.20212765957446807,315.4751773049645,138,0.13043478260869565,313.6014492753623,93,0.12903225806451613,309.26881720430106,95,0.1368421052631579,292.14736842105265,96,0.13541666666666666,305.09375,92,0.20652173913043478,314.0978260869565,99,0.1111111111111111,257.6969696969697,272,0.2610294117647059,349.5772058823529,6586,6586,278.40029215812683
N,1,596351397,0.0001,245760,282,0.19858156028368795,308.71276595744683,138,0.14492753623188406,304.2971014492754,93,0.13978494623655913,300.93548387096774,95,0.12631578947368421,286.5263157894737,96,0.13541666666666666,299.3645833333333,92,0.20652173913043478,310.19565217391306,99,0.12121212121212122,250.22222222222223,272,0.24632352941176472,345.28308823529414,6586,6586,278.40029215812683
N,1,596351397,0.0001,266240,282,0.05319148936170213,218.8368794326241,138,0.028985507246376812,206.96376811594203,93,0.021505376344086023,198.7741935483871,95,0.010526315789473684,191.61052631578949,96,0.041666666666666664,218.76041666666666,92,0.05434782608695652,217.9673913043478,99,0.050505050505050504,182.6161616161616,272,0.025735294117647058,208.46691176470588,6586,6586,278.40029215812683
N,1,596351397,0.0001,286720,282,0.11702127659574468,279.02127659574467,138,0.06521739130434782,267.2608695652174,93,0.07526881720430108,271.5483870967742,95,0.10526315789473684,262.7263157894737,96,0.09375,268.7916666666667,92,0.14130434782608695,283.19565217391306,99,0.09090909090909091,234.9090909090909,272,0.16544117647058823,310.53308823529414,6586,6586,278.40029215812683
N,1,596351397,0.0001,307200,282,0.08865248226950355,259.48936170212767,138,0.06521739130434782,250.08695652173913,93,0.053763440860215055,243.8709677419355,95,0.07368421052631578,241.62105263157895,96,0.08333333333333333,257.25,92,0.09782608695652174,258.6304347826087,99,0.08080808080808081,215.41414141414143,272,0.0661764705882353,267.5625,6586,6586,278.40029215812683
N,1,596351397,0.0001,327680,282,0.23404255319148937,337.9255319148936,138,0.18840579710144928,324.1666666666667,93,0.11827956989247312,308.0860215053763,95,0.11578947368421053,313.37894736842105,96,0.19791666666666666,332.90625,92,0.21739130434782608,334.39130434782606,99,0.10101010101010101,280.4141414141414,272,0.1213235294117647,323.5220588235294,6586,6586,278.40029215812683
N,1,596351397,0.0001,348160,282,0.25177304964539005,346.00354609929076,138,0.15942028985507245,330.5652173913044,93,0.08602150537634409,314.7741935483871,95,0.14736842105263157,323.94736842105266,96,0.19791666666666666,342.9895833333333,92,0.25,343.6521739130435,99,0.15151515151515152,293.85858585858585,272,0.10661764705882353,326.8492647058824,6586,6586,278.40029215812683
N,1,596351397,0.0001,368640,282,0.15602836879432624,319.61347517730496,138,0.10869565217391304,294.7463768115942,93,0.06451612903225806,282.68817204301075,95,0.12631578947368421,294.1578947368421,96,0.19791666666666666,322.21875,92,0.21739130434782608,316.44565217391306,99,0.20202020202020202,299.9191919191919,272,0.11029411764705882,292.2279411764706,6586,6586,278.40029215812683
N,1,596351397,0.0001,389120,282,0.2907801418439716,374.9822695035461,138,0.21014492753623187,351.2971014492754,93,0.15053763440860216,343.1290322580645,95,0.22105263157894736,351.09473684210525,96,0.2916666666666667,373.3854166666667,92,0.2608695652173913,367.4891304347826,99,0.31313131313131315,348.2121212121212,272,0.16911764705882354,345.375,6586,6586,278.40029215812683
N,1,596351397,0.0001,409600,282,0.33687943262411346,390.5425531914894,138,0.21014492753623187,367.5,93,0.1827956989247312,361.76344086021504,95,0.2631578947368421,369.05263157894734,96,0.3020833333333333,389.1145833333333,92,0.32608695652173914,386.8152173913044,99,0.3333333333333333,363.8484848484849,272,0.1875,363.8125,6586,6586,278.40029215812683
N,1,596351397,0.0001,430080,282,0.0851063829787234,260.52836879432624,138,0.050724637681159424,244.7608695652174,93,0.021505376344086023,227.93548387096774,95,0.06315789473684211,245.53684210526316,96,0.041666666666666664,259.1979166666667,92,0.14130434782608695,268.45652173913044,99,0.0707070707070707,230.33333333333334,272,0.022058823529411766,236.4558823529412,6586,6586,278.40029215812683
N,1,596351397,0.0001,450560,282,0.04609929078014184,211.6241134751773,138,0.014492753623188406,202.231884057971,93,0.010752688172043012,190.65591397849462,95,0.042105263157894736,189.81052631578947,96,0.03125,207.13541666666666,92,0.043478260869565216,212.1086956521739,99,0.050505050505050504,176.67676767676767,272,0.025735294117647058,209.24264705882354,6586,6586,278.40029215812683
N,1,596351397,0.0001,471040,282,0.0673758865248227,242.66666666666666,138,0.09420289855072464,241.58695652173913,93,0.053763440860215055,223.63440860215053,95,0.06315789473684211,226.31578947368422,96,0.07291666666666667,241.61458333333334,92,0.11956521739130435,251.57608695652175,99,0.04040404040404041,202.68686868686868,272,0.08455882352941177,261.50735294117646,6586,6586,278.40029215812683
N,1,596351397,0.0001,491520,282,0.07801418439716312,255.86170212765958,138,0.10869565217391304,250.02898550724638,93,0.043010752688172046,233.63440860215053,95,0.08421052631578947,237.77894736842106,96,0.07291666666666667,251.8125,92,0.11956521739130435,260.69565217391306,99,0.06060606060606061,212.5252525252525,272,0.10294117647058823,270.80882352941177,6586,6586,278.40029215812683
N,1,596351397,0.0001,512000,282,0.1524822695035461,297.177304964539,138,0.11594202898550725,287.7971014492754,93,0.07526881720430108,266.494623655914,95,0.08421052631578947,271.61052631578946,96,0.125,288.4791666666667,92,0.17391304347826086,296.32608695652175,99,0.0707070707070707,243.1919191919192,272,0.11029411764705882,293.26838235294116,6586,6586,278.40029215812683
N,1,596351397,0.0001,532480,282,0.03546099290780142,207.2127659574468,138,0.014492753623188406,204.4855072463768,93,0.0,185.09677419354838,95,0.021052631578947368,192.85263157894738,96,0.020833333333333332,205.16666666666666,92,0.010869565217391304,202.19565217391303,99,0.050505050505050504,183.16161616161617,272,0.029411764705882353,201.34926470588235,6586,6586,278.40029215812683
N,1,596351397,0.0001,552960,282,0.07092198581560284,258.64539007092196,138,0.036231884057971016,243.90579710144928,93,0.053763440860215055,229.1505376344086,95,0.021052631578947368,231.77894736842106,96,0.052083333333333336,248.39583333333334,92,0.08695652173913043,255.5108695652174,99,0.050505050505050504,213.8181818181818,272,0.0625,252.83823529411765,6586,6586,278.40029215812683
N,1,596351397,0.0001,573440,282,0.09219858156028368,267.9609929078014,138,0.08695652173913043,258.1376811594203,93,0.0,232.08602150537635,95,0.07368421052631578,252.2421052631579,96,0.0625,262.9166666666667,92,0.13043478260869565,270.92391304347825,99,0.08080808080808081,232.6969696969697,272,0.051470588235294115,249.77573529411765,6586,6586,278.40029215812683
N,1,596351397,0.0001,593920,282,0.0851063829787234,261.79787234042556,138,0.057971014492753624,252.81159420289856,93,0.021505376344086023,229.76344086021504,95,0.07368421052631578,247.1263157894737,96,0.0625,261.2395833333333,92,0.13043478260869565,266.2826086956522,99,0.0707070707070707,230.7171717171717,272,0.05514705882352941,247.28308823529412,6586,6586,278.40029215812683
N,1,596351397,0.0001,614400,282,0.0425531914893617,225.19148936170214,138,0.036231884057971016,218.18115942028984,93,0.010752688172043012,201.1290322580645,95,0.042105263157894736,218.2842105263158,96,0.020833333333333332,224.98958333333334,92,0.05434782608695652,230.20652173913044,99,0.030303030303030304,205.97979797979798,272,0.04779411764705882,215.91544117647058,6586,6586,278.40029215812683
N,1,596351397,0.0001,634880,282,0.07801418439716312,255.61347517730496,138,0.07246376811594203,247.5072463768116,93,0.0,223.1505376344086,95,0.031578947368421054,239.49473684210525,96,0.052083333333333336,249.85416666666666,92,0.10869565217391304,260.4782608695652,99,0.08080808080808081,222.88888888888889,272,0.04779411764705882,239.79044117647058,6586,6586,278.40029215812683
N,1,596351397,0.0001,655360,282,0.0425531914893617,239.89007092198582,138,0.014492753623188406,227.81159420289856,93,0.021505376344086023,214.40860215053763,95,0.021052631578947368,228.43157894736842,96,0.041666666666666664,243.29166666666666,92,0.06521739130434782,237.4673913043478,99,0.06060606060606061,216.5151515151515,272,0.04779411764705882,224.69117647058823,6586,6586,278.40029215812683
N,1,596351397,0.0001,675840,282,0.12411347517730496,292.98581560283685,138,0.08695652173913043,282.036231884058,93,0.07526881720430108,259.7204301075269,95,0.06315789473684211,268.87368421052633,96,0.07291666666666667,284.8020833333333,92,0.13043478260869565,291.2717391304348,99,0.0707070707070707,244.66666666666666,272,0.07720588235294118,284.0772058823529,6586,6586,278.40029215812683
N,1,596351397,0.0001,696320,282,0.23049645390070922,346.5851063829787,138,0.2028985507246377,336.6666666666667,93,0.13978494623655913,319.0430107526882,95,0.15789473684210525,324.8315789473684,96,0.1875,340.5729166666667,92,0.20652173913043478,341.1195652173913,99,0.12121212121212122,291.0808080808081,272,0.1875,348.55882352941177,6586,6586,278.40029215812683
N,1,596351397,0.0001,716800,282,0.44680851063829785,405.06028368794324,138,0.35507246376811596,392.1521739130435,93,0.27956989247311825,378.39784946236557,95,0.35789473684210527,381.0421052631579,96,0.3958333333333333,396.75,92,0.43478260869565216,396.5217391304348,99,0.2727272727272727,354.4646464646465,272,0.3382352941176471,399.69485294117646,6586,6586,278.40029215812683
N,1,596351397,0.0001,737280,282,0.9042553191489362,487.3085106382979,138,0.9347826086956522,494.2608695652174,93,0.8709677419354839,491.13978494623655,95,0.9368421052631579,495.10526315789474,96,0.9479166666666666,495.3645833333333,92,0.9347826086956522,494.10869565217394,99,0.8686868686868687,479.7070707070707,272,0.8823529411764706,484.0882352941176,6586,6586,278.40029215812683
N,1,596351397,0.0001,757760,282,0.9822695035460993,497.6737588652482,138,1.0,500.0,93,1.0,500.0,95,1.0,500.0,96,1.0,500.0,92,1.0,500.0,99,0.9797979797979798,499.6161616161616,272,0.9558823529411765,490.9227941176471,6586,6586,278.40029215812683
N,1,596351397,0.0001,778240,282,0.9468085106382979,494.61347517730496,138,0.9782608695652174,497.60869565217394,93,0.956989247311828,495.9032258064516,95,0.9789473684210527,498.0842105263158,96,0.9895833333333334,498.9375,92,0.9565217391304348,495.0978260869565,99,0.9090909090909091,488.050505050505,272,0.9191176470588235,486.8529411764706,6586,6586,278.40029215812683
N,1,596351397,0.0001,798720,282,0.9929078014184397,497.09929078014187,138,1.0,500.0,93,0.989247311827957,496.6236559139785,95,1.0,500.0,96,1.0,500.0,92,0.9891304347826086,495.3804347826087,99,1.0,500.0,272,0.8897058823529411,474.625,6586,6586,278.40029215812683
N,1,596351397,0.0001,819200,282,0.9078014184397163,490.18794326241135,138,0.9565217391304348,497.92753623188406,93,1.0,500.0,95,1.0,500.0,96,1.0,500.0,92,0.9130434782608695,490.85869565217394,99,0.9191919191919192,494.35353535353534,272,0.9044117647058824,486.1507352941176,6586,6586,278.40029215812683
N,1,596351397,0.0001,839680,282,0.9680851063829787,494.9503546099291,138,1.0,500.0,93,1.0,500.0,95,1.0,500.0,96,1.0,500.0,92,0.9782608695652174,494.5326086956522,99,0.9595959595959596,493.6363636363636,272,0.9080882352941176,484.6617647058824,6586,6586,278.40029215812683
N,1,596351397,0.0001,860160,282,0.9680851063829787,493.4822695035461,138,0.9927536231884058,499.4782608695652,93,0.989247311827957,495.68817204301075,95,1.0,500.0,96,1.0,500.0,92,0.9565217391304348,488.9673913043478,99,0.9191919191919192,479.74747474747477,272,0.8308823529411765,462.5110294117647,6586,6586,278.40029215812683
N,1,596351397,0.0001,880640,282,0.9219858156028369,482.12056737588654,138,0.9782608695652174,496.2971014492754,93,0.978494623655914,491.39784946236557,95,0.9368421052631579,489.3263157894737,96,0.9791666666666666,491.5208333333333,92,0.9239130434782609,479.3804347826087,99,0.8282828282828283,453.35353535353534,272,0.7647058823529411,451.88235294117646,6586,6586,278.40029215812683
N,1,596351397,0.0001,901120,282,0.9148936170212766,483.97163120567376,138,0.9420289855072463,492.3840579710145,93,0.956989247311828,488.1505376344086,95,0.8947368421052632,484.6736842105263,96,0.9895833333333334,495.6145833333333,92,0.9347826086956522,483.2826086956522,99,0.8181818181818182,459.1515151515151,272,0.7352941176470589,448.3125,6586,6586,278.40029215812683
N,1,596351397,0.0001,921600,282,0.9397163120567376,485.7517730496454,138,0.9855072463768116,496.8333333333333,93,0.978494623655914,491.48387096774195,95,0.9894736842105263,495.65263157894736,96,0.9791666666666666,491.59375,92,0.9239130434782609,479.8804347826087,99,0.8787878787878788,464.1010101010101,272,0.8345588235294118,462.25367647058823,6586,6586,278.40029215812683
N,1,596351397,0.0001,942080,282,0.9858156028368794,497.42198581560285,138,1.0,500.0,93,1.0,500.0,95,1.0,500.0,96,1.0,500.0,92,0.9891304347826086,495.5,99,0.98989898989899,498.35353535353534,272,0.8933823529411765,480.1875,6586,6586,278.40029215812683
N,1,596351397,0.0001,962560,282,1.0,500.0,138,1.0,500.0,93,1.0,500.0,95,1.0,500.0,96,1.0,500.0,92,1.0,500.0,99,1.0,500.0,272,0.9485294117647058,489.90441176470586,6586,6586,278.40029215812683
N,1,596351397,0.0001,983040,282,0.9361702127659575,490.4929078014184,138,0.9855072463768116,499.0144927536232,93,0.989247311827957,499.0537634408602,95,1.0,500.0,96,1.0,500.0,92,0.9782608695652174,498.9130434782609,99,0.9191919191919192,493.55555555555554,272,0.9485294117647058,492.6507352941176,6586,6586,278.40029215812683
N,1,596351397,0.0001,1003520,282,0.9361702127659575,492.2340425531915,138,0.9565217391304348,495.92028985507244,93,0.9247311827956989,490.86021505376345,95,0.968421052631579,497.87368421052633,96,0.96875,498.1458333333333,92,0.9239130434782609,492.6630434782609,99,0.8888888888888888,482.92929292929296,272,0.9044117647058824,483.4264705882353,6586,6586,278.40029215812683
N,1,596351397,0.0001,1024000,282,0.9822695035460993,495.93617021276594,138,1.0,500.0,93,0.978494623655914,491.3225806451613,95,1.0,500.0,96,1.0,500.0,92,0.9782608695652174,492.2282608695652,99,0.9797979797979798,494.050505050505,272,0.9632352941176471,486.98161764705884,6586,6586,278.40029215812683
N,1,596351397,0.0001,1044480,282,0.9893617021276596,495.31205673758865,138,1.0,500.0,93,0.967741935483871,485.97849462365593,95,1.0,500.0,96,1.0,500.0,92,0.9891304347826086,495.2282608695652,99,0.98989898989899,495.4040404040404,272,0.9522058823529411,482.90441176470586,6586,6586,278.40029215812683
N,1,596351397,0.0001,1064960,282,0.9893617021276596,495.36170212765956,138,1.0,500.0,93,0.9354838709677419,474.03225806451616,95,1.0,500.0,96,0.9895833333333334,495.1666666666667,92,0.9891304347826086,495.20652173913044,99,0.9797979797979798,490.72727272727275,272,0.9522058823529411,483.90441176470586,6586,6586,278.40029215812683
N,1,596351397,0.0001,1085440,282,0.9893617021276596,495.2836879432624,138,1.0,500.0,93,0.9247311827956989,467.3225806451613,95,1.0,500.0,96,0.9895833333333334,495.1145833333333,92,0.9891304347826086,495.1630434782609,99,0.9696969696969697,486.14141414141415,272,0.9485294117647058,481.0257352941176,6586,6586,278.40029215812683
N,1,596351397,0.0001,1105920,282,0.9893617021276596,495.6170212765957,138,1.0,500.0,93,0.967741935483871,487.02150537634407,95,1.0,500.0,96,1.0,500.0,92,0.9891304347826086,495.2717391304348,99,0.98989898989899,495.4646464646465,272,0.9411764705882353,483.1360294117647,6586,6586,278.40029215812683
N,1,596351397,0.0001,1126400,282,0.9929078014184397,496.91843971631204,138,1.0,500.0,93,0.967741935483871,486.18279569892474,95,1.0,500.0,96,1.0,500.0,92,0.9891304347826086,495.2391304347826,99,0.98989898989899,495.4949494949495,272,0.9154411764705882,479.49264705882354,6586,6586,278.40029215812683
N,1,596351397,0.0001,1146880,282,0.9893617021276596,495.37943262411346,138,1.0,500.0,93,0.956989247311828,482.4623655913978,95,1.0,500.0,96,1.0,500.0,92,0.9891304347826086,495.2282608695652,99,0.98989898989899,495.45454545454544,272,0.9338235294117647,482.6875,6586,6586,278.40029215812683
N,1,596351397,0.0001,1167360,282,0.9929078014184397,498.23758865248226,138,1.0,500.0,93,0.989247311827957,495.3333333333333,95,1.0,500.0,96,1.0,500.0,92,0.9891304347826086,495.30434782608694,99,1.0,500.0,272,0.9632352941176471,487.87867647058823,6586,6586,278.40029215812683
N,1,596351397,0.0001,1187840,282,0.9787234042553191,495.10283687943263,138,0.9927536231884058,499.55797101449275,93,0.989247311827957,495.36559139784947,95,1.0,500.0,96,1.0,500.0,92,0.9891304347826086,497.0108695652174,99,0.98989898989899,499.7070707070707,272,0.9595588235294118,490.36764705882354,6586,6586,278.40029215812683
N,1,596351397,0.0001,1208320,282,0.9787234042553191,495.22340425531917,138,1.0,500.0,93,0.989247311827957,495.36559139784947,95,1.0,500.0,96,1.0,500.0,92,1.0,500.0,99,1.0,500.0,272,0.9632352941176471,490.6985294117647,6586,6586,278.40029215812683
N,1,596351397,0.0001,1228800,282,0.9893617021276596,496.36524822695037,138,1.0,500.0,93,0.989247311827957,495.36559139784947,95,1.0,500.0,96,1.0,500.0,92,0.9782608695652174,495.2717391304348,99,1.0,500.0,272,0.9705882352941176,490.25735294117646,6586,6586,278.40029215812683
N,2,359346417,0.0001,0,282,0.0,12.75886524822695,138,0.0,17.347826086956523,93,0.0,19.49462365591398,95,0.0,16.294736842105262,96,0.0,17.40625,92,0.0,12.98913043478261,99,0.0,12.393939393939394,272,0.0,13.676470588235293,6644,6644,280.95780420303345
N,2,359346417,0.0001,20480,282,0.014184397163120567,72.69148936170212,138,0.007246376811594203,64.52173913043478,93,0.010752688172043012,67.20430107526882,95,0.010526315789473684,63.68421052631579,96,0.03125,86.36458333333333,92,0.010869565217391304,74.51086956521739,99,0.010101010101010102,53.45454545454545,272,0.04779411764705882,102.90808823529412,6644,6644,280.95780420303345
N,2,359346417,0.0001,40960,282,0.024822695035460994,89.54609929078015,138,0.0,80.3913043478261,93,0.021505376344086023,89.52688172043011,95,0.010526315789473684,79.69473684210526,96,0.0625,110.95833333333333,92,0.043478260869565216,100.95652173913044,99,0.010101010101010102,66.9090909090909,272,0.08088235294117647,124.58823529411765,6644,6644,280.95780420303345
N,2,359346417,0.0001,61440,282,0.4645390070921986,314.57092198581563,138,0.5,333.5869565217391,93,0.5376344086021505,341.4193548387097,95,0.4105263157894737,292.7578947368421,96,0.4375,328.3125,92,0.4782608695652174,312.32608695652175,99,0.25252525252525254,221.84848484848484,272,0.45588235294117646,328.0772058823529,6644,6644,280.95780420303345
N,2,359346417,0.0001,81920,282,0.09574468085106383,243.70921985815602,138,0.043478260869565216,227.6231884057971,93,0.08602150537634409,233.04301075268816,95,0.05263157894736842,223.22105263157894,96,0.11458333333333333,243.59375,92,0.15217391304347827,248.7173913043478,99,0.030303030303030304,189.73737373737373,272,0.09926470588235294,266.25,6644,6644,280.95780420303345
N,2,359346417,0.0001,102400,282,0.1099290780141844,242.93971631205673,138,0.06521739130434782,240.3695652173913,93,0.043010752688172046,234.96774193548387,95,0.06315789473684211,228.31578947368422,96,0.08333333333333333,245.03125,92,0.09782608695652174,242.68478260869566,99,0.04040404040404041,186.33333333333334,272,0.09926470588235294,261.125,6644,6644,280.95780420303345
N,2,359346417,0.0001,122880,282,0.08156028368794327,251.4078014184397,138,0.050724637681159424,240.58695652173913,93,0.03225806451612903,237.01075268817203,95,0.05263157894736842,231.81052631578947,96,0.07291666666666667,255.32291666666666,92,0.08695652173913043,255.1413043478261,99,0.08080808080808081,209.94949494949495,272,0.07352941176470588,250.625,6644,6644,280.95780420303345
N,2,359346417,0.0001,143360,282,0.10638297872340426,271.4326241134752,138,0.07971014492753623,259.3623188405797,93,0.053763440860215055,258.0,95,0.08421052631578947,253.56842105263158,96,0.09375,271.4583333333333,92,0.09782608695652174,271.45652173913044,99,0.06060606060606061,226.17171717171718,272,0.08455882352941177,274.0,6644,6644,280.95780420303345
N,2,359346417,0.0001,163840,282,0.0425531914893617,222.25177304964538,138,0.021739130434782608,211.86231884057972,93,0.021505376344086023,215.31182795698925,95,0.010526315789473684,206.26315789473685,96,0.052083333333333336,226.96875,92,0.07608695652173914,229.3586956521739,99,0.08080808080808081,194.97979797979798,272,0.04411764705882353,236.8014705882353,6644,6644,280.95780420303345
N,2,359346417,0.0001,184320,282,0.04964539007092199,210.6631205673759,138,0.028985507246376812,206.81159420289856,93,0.03225806451612903,204.13978494623655,95,0.021052631578947368,194.6,96,0.041666666666666664,214.39583333333334,92,0.03260869565217391,215.31521739130434,99,0.050505050505050504,181.85858585858585,272,0.025735294117647058,216.22794117647058,6644,6644,280.95780420303345
N,2,359346417,0.0001,204800,282,0.05673758865248227,233.89716312056737,138,0.028985507246376812,224.07246376811594,93,0.03225806451612903,224.68817204301075,95,0.021052631578947368,220.6,96,0.0625,236.42708333333334,92,0.08695652173913043,239.16304347826087,99,0.08080808080808081,201.6161616161616,272,0.058823529411764705,253.5625,6644,6644,280.95780420303345
N,2,359346417,0.0001,225280,282,0.09929078014184398,266.5425531914894,138,0.06521739130434782,263.6376811594203,93,0.043010752688172046,254.04301075268816,95,0.10526315789473684,246.33684210526314,96,0.08333333333333333,252.79166666666666,92,0.11956521739130435,262.3695652173913,99,0.030303030303030304,212.56565656565655,272,0.11029411764705882,291.86764705882354,6644,6644,280.95780420303345
N,2,359346417,0.0001,245760,282,0.24113475177304963,344.3156028368794,138,0.21014492753623187,346.5217391304348,93,0.23655913978494625,339.96774193548384,95,0.2,324.66315789473686,96,0.19791666666666666,335.1875,92,0.25,340.19565217391306,99,0.20202020202020202,287.6969696969697,272,0.3125,372.0147058823529,6644,6644,280.95780420303345
N,2,359346417,0.0001,266240,282,0.30851063829787234,352.6099290780142,138,0.2826086956521739,358.9492753623188,93,0.27956989247311825,351.258064516129,95,0.2,338.29473684210524,96,0.28125,351.3020833333333,92,0.22826086956521738,345.1195652173913,99,0.16161616161616163,298.85858585858585,272,0.29411764705882354,370.52941176470586,6644,6644,280.95780420303345
N,2,359346417,0.0001,286720,282,0.25177304964539005,336.79432624113474,138,0.2246376811594203,344.8840579710145,93,0.21505376344086022,334.60215053763443,95,0.22105263157894736,316.9789473684211,96,0.1875,330.75,92,0.29347826086956524,337.17391304347825,99,0.15151515151515152,271.0,272,0.36764705882352944,375.80882352941177,6644,6644,280.95780420303345
N,2,359346417,0.0001,307200,282,0.20212765957446807,302.290780141844,138,0.17391304347826086,308.6449275362319,93,0.10752688172043011,289.3763440860215,95,0.2,305.9894736842105,96,0.21875,312.28125,92,0.2717391304347826,319.69565217391306,99,0.1717171717171717,268.04040404040404,272,0.14338235294117646,305.4117647058824,6644,6644,280.95780420303345
N,2,359346417,0.0001,327680,282,0.25177304964539005,323.36879432624113,138,0.2391304347826087,332.768115942029,93,0.17204301075268819,311.59139784946234,95,0.23157894736842105,328.69473684210527,96,0.2916666666666667,334.1770833333333,92,0.3695652173913043,340.5652173913044,99,0.20202020202020202,278.83838383838383,272,0.1875,329.7279411764706,6644,6644,280.95780420303345
N,2,359346417,0.0001,348160,282,0.9716312056737588,495.51063829787233,138,0.9855072463768116,496.77536231884056,93,0.989247311827957,495.63440860215053,95,0.9894736842105263,495.6842105263158,96,0.9895833333333334,495.78125,92,0.9456521739130435,483.54347826086956,99,0.898989898989899,464.85858585858585,272,0.8492647058823529,465.47058823529414,6644,6644,280.95780420303345
N,2,359346417,0.0001,368640,282,0.05319148936170213,264.86524822695037,138,0.014492753623188406,266.3768115942029,93,0.021505376344086023,267.2043010752688,95,0.021052631578947368,273.58947368421053,96,0.020833333333333332,263.8125,92,0.06521739130434782,271.8369565217391,99,0.050505050505050504,258.1010101010101,272,0.0661764705882353,270.84191176470586,6644,6644,280.95780420303345
N,2,359346417,0.0001,389120,282,0.7269503546099291,469.5921985815603,138,0.7536231884057971,479.42753623188406,93,0.7526881720430108,475.59139784946234,95,0.7894736842105263,477.0315789473684,96,0.8020833333333334,482.84375,92,0.75,469.1195652173913,99,0.6161616161616161,452.1818181818182,272,0.7169117647058824,463.1507352941176,6644,6644,280.95780420303345
N,2,359346417,0.0001,409600,282,0.04609929078014184,202.53900709219857,138,0.043478260869565216,205.3768115942029,93,0.0,193.11827956989248,95,0.031578947368421054,213.2842105263158,96,0.010416666666666666,204.125,92,0.05434782608695652,216.09782608695653,99,0.050505050505050504,198.75757575757575,272,0.003676470588235294,194.38235294117646,6644,6644,280.95780420303345
N,2,359346417,0.0001,430080,282,0.07092198581560284,225.75886524822695,138,0.043478260869565216,223.92753623188406,93,0.021505376344086023,216.80645161290323,95,0.031578947368421054,236.01052631578946,96,0.010416666666666666,220.67708333333334,92,0.06521739130434782,235.27173913043478,99,0.0707070707070707,219.23232323232324,272,0.022058823529411766,215.40808823529412,6644,6644,280.95780420303345
N,2,359346417,0.0001,450560,282,0.18085106382978725,312.2304964539007,138,0.10869565217391304,307.7826086956522,93,0.08602150537634409,296.38709677419354,95,0.16842105263157894,324.90526315789475,96,0.07291666666666667,302.75,92,0.16304347826086957,320.5326086956522,99,0.20202020202020202,297.1010101010101,272,0.09191176470588236,303.29411764705884,6644,6644,280.95780420303345
N,2,359346417,0.0001,471040,282,0.09929078014184398,293.51063829787233,138,0.050724637681159424,287.3695652173913,93,0.06451612903225806,284.505376344086,95,0.06315789473684211,301.7894736842105,96,0.052083333333333336,283.6145833333333,92,0.08695652173913043,296.67391304347825,99,0.16161616161616163,293.16161616161617,272,0.05514705882352941,285.11764705882354,6644,6644,280.95780420303345
N,2,359346417,0.0001,491520,282,0.14893617021276595,337.8581560283688,138,0.08695652173913043,334.3985507246377,93,0.0967741935483871,330.2795698924731,95,0.10526315789473684,345.6842105263158,96,0.08333333333333333,330.0104166666667,92,0.14130434782608695,338.94565217391306,99,0.16161616161616163,331.4343434343434,272,0.13602941176470587,337.5404411764706,6644,6644,280.95780420303345
N,2,359346417,0.0001,512000,282,0.1099290780141844,269.6099290780142,138,0.036231884057971016,260.8623188405797,93,0.06451612903225806,259.44086021505376,95,0.10526315789473684,279.4421052631579,96,0.03125,257.1770833333333,92,0.10869565217391304,277.6521739130435,99,0.1414141414141414,266.1515151515151,272,0.058823529411764705,261.8639705882353,6644,6644,280.95780420303345
N,2,359346417,0.0001,532480,282,0.1702127659574468,340.31205673758865,138,0.10144927536231885,338.07971014492756,93,0.11827956989247312,333.10752688172045,95,0.17894736842105263,354.82105263157894,96,0.08333333333333333,335.0104166666667,92,0.18478260869565216,349.5652173913044,99,0.21212121212121213,333.5959595959596,272,0.15073529411764705,342.0992647058824,6644,6644,280.95780420303345
N,2,359346417,0.0001,552960,282,0.08865248226950355,247.99290780141843,138,0.06521739130434782,242.54347826086956,93,0.021505376344086023,229.08602150537635,95,0.06315789473684211,254.5157894736842,96,0.020833333333333332,241.47916666666666,92,0.09782608695652174,254.56521739130434,99,0.10101010101010101,236.78787878787878,272,0.03676470588235294,243.0110294117647,6644,6644,280.95780420303345
N,2,359346417,0.0001,573440,282,0.24113475177304963,347.3014184397163,138,0.15942028985507245,348.84057971014494,93,0.13978494623655913,334.89247311827955,95,0.2736842105263158,358.81052631578945,96,0.19791666666666666,339.1458333333333,92,0.29347826086956524,359.5652173913044,99,0.26262626262626265,324.1111111111111,272,0.1801470588235294,346.05514705882354,6644,6644,280.95780420303345
N,2,359346417,0.0001,593920,282,0.8120567375886525,474.98936170212767,138,0.8695652173913043,485.3188405797101,93,0.8602150537634409,481.1505376344086,95,0.8315789473684211,484.61052631578946,96,0.8541666666666666,484.5104166666667,92,0.8260869565217391,477.5978260869565,99,0.7272727272727273,458.57575757575756,272,0.8125,474.61764705882354,6644,6644,280.95780420303345
N,2,359346417,0.0001,614400,282,0.851063829787234,480.84751773049646,138,0.927536231884058,492.8550724637681,93,0.9139784946236559,487.16129032258067,95,0.9052631578947369,491.12631578947367,96,0.9479166666666666,493.75,92,0.8804347826086957,484.2826086956522,99,0.8181818181818182,473.54545454545456,272,0.8529411764705882,482.49264705882354,6644,6644,280.95780420303345
N,2,359346417,0.0001,634880,282,0.9716312056737588,495.59574468085106,138,0.9855072463768116,498.45652173913044,93,1.0,500.0,95,1.0,500.0,96,1.0,500.0,92,0.9782608695652174,494.64130434782606,99,0.98989898989899,499.62626262626264,272,0.9411764705882353,491.8492647058824,6644,6644,280.95780420303345
N,2,359346417,0.0001,655360,282,0.9858156028368794,497.4751773049645,138,0.9927536231884058,499.84057971014494,93,1.0,500.0,95,1.0,500.0,96,1.0,500.0,92,0.9891304347826086,498.8478260869565,99,0.98989898989899,499.90909090909093,272,0.9742647058823529,494.65441176470586,6644,6644,280.95780420303345
N,2,359346417,0.0001,675840,282,0.975177304964539,496.50354609929076,138,1.0,500.0,93,1.0,500.0,95,1.0,500.0,96,1.0,500.0,92,0.967391304347826,497.1521739130435,99,0.9797979797979798,499.32323232323233,272,0.9595588235294118,493.1985294117647,6644,6644,280.95780420303345
N,2,359346417,0.0001,696320,282,0.8687943262411347,487.9432624113475,138,0.9347826086956522,493.5652173913044,93,0.8817204301075269,488.1182795698925,95,0.9157894736842105,492.88421052631577,96,0.9166666666666666,493.0,92,0.8804347826086957,488.3152173913044,99,0.8181818181818182,478.5050505050505,272,0.8492647058823529,480.64338235294116,6644,6644,280.95780420303345
N,2,359346417,0.0001,716800,282,0.5354609929078015,436.07092198581563,138,0.5362318840579711,446.9347826086956,93,0.4731182795698925,434.4623655913978,95,0.6,447.38947368421054,96,0.53125,432.34375,92,0.5652173913043478,442.60869565217394,99,0.494949494949495,412.7171717171717,272,0.5551470588235294,447.2720588235294,6644,6644,280.95780420303345
N,2,359346417,0.0001,737280,282,0.7340425531914894,469.98581560283685,138,0.7753623188405797,481.9492753623188,93,0.8279569892473119,477.3763440860215,95,0.7789473684210526,481.70526315789476,96,0.7083333333333334,472.4791666666667,92,0.782608695652174,477.42391304347825,99,0.6868686868686869,456.3838383838384,272,0.7941176470588235,472.85661764705884,6644,6644,280.95780420303345
N,2,359346417,0.0001,757760,282,0.9361702127659575,492.78723404255317,138,1.0,500.0,93,1.0,500.0,95,0.9789473684210527,498.90526315789475,96,0.9895833333333334,498.7708333333333,92,0.9347826086956522,490.4673913043478,99,0.898989898989899,488.3333333333333,272,0.9522058823529411,493.31985294117646,6644,6644,280.95780420303345
N,2,359346417,0.0001,778240,282,0.9468085106382979,493.5567375886525,138,0.9855072463768116,499.07246376811594,93,1.0,500.0,95,0.9789473684210527,496.2631578947368,96,1.0,500.0,92,0.9782608695652174,499.0326086956522,99,0.9696969696969697,497.3636363636364,272,0.9558823529411765,493.78308823529414,6644,6644,280.95780420303345
N,2,359346417,0.0001,798720,282,0.9574468085106383,495.2659574468085,138,0.9855072463768116,498.8623188405797,93,0.989247311827957,499.3763440860215,95,0.9789473684210527,496.7473684210526,96,0.9791666666666666,498.7083333333333,92,0.9565217391304348,493.85869565217394,99,0.9292929292929293,492.34343434343435,272,0.9522058823529411,492.3639705882353,6644,6644,280.95780420303345
N,2,359346417,0.0001,819200,282,0.9609929078014184,496.27659574468083,138,0.9927536231884058,498.67391304347825,93,1.0,500.0,95,0.9789473684210527,499.11578947368423,96,1.0,500.0,92,0.9565217391304348,496.5108695652174,99,0.9595959595959596,494.26262626262627,272,0.9485294117647058,493.3235294117647,6644,6644,280.95780420303345
N,2,359346417,0.0001,839680,282,0.975177304964539,495.58156028368796,138,1.0,500.0,93,1.0,500.0,95,1.0,500.0,96,1.0,500.0,92,0.9891304347826086,495.5326086956522,99,0.98989898989899,499.7979797979798,272,0.9742647058823529,495.25,6644,6644,280.95780420303345
N,2,359346417,0.0001,860160,282,0.975177304964539,496.4432624113475,138,0.9855072463768116,498.6304347826087,93,1.0,500.0,95,1.0,500.0,96,1.0,500.0,92,0.9891304347826086,499.3152173913044,99,0.98989898989899,499.8484848484849,272,0.9742647058823529,495.4154411764706,6644,6644,280.95780420303345
N,2,359346417,0.0001,880640,282,0.950354609929078,492.25531914893617,138,0.9637681159420289,495.8478260869565,93,0.989247311827957,495.741935483871,95,0.9894736842105263,499.09473684210525,96,1.0,500.0,92,0.9347826086956522,491.3369565217391,99,0.9595959595959596,495.82828282828285,272,0.9338235294117647,489.94485294117646,6644,6644,280.95780420303345
N,2,359346417,0.0001,901120,282,0.10638297872340426,319.5177304964539,138,0.021739130434782608,309.6159420289855,93,0.03225806451612903,309.247311827957,95,0.031578947368421054,323.4,96,0.0625,312.46875,92,0.07608695652173914,321.3804347826087,99,0.1414141414141414,316.6363636363636,272,0.17279411764705882,331.4227941176471,6644,6644,280.95780420303345
N,2,359346417,0.0001,921600,282,0.09574468085106383,291.59574468085106,138,0.028985507246376812,280.7971014492754,93,0.03225806451612903,276.6236559139785,95,0.031578947368421054,293.17894736842106,96,0.041666666666666664,279.4791666666667,92,0.08695652173913043,293.0869565217391,99,0.1919191919191919,295.989898989899,272,0.15441176470588236,304.74264705882354,6644,6644,280.95780420303345
N,2,359346417,0.0001,942080,282,0.09574468085106383,276.17021276595744,138,0.043478260869565216,261.3478260869565,93,0.06451612903225806,258.5806451612903,95,0.042105263157894736,277.37894736842105,96,0.0625,264.2291666666667,92,0.09782608695652174,278.6195652173913,99,0.1717171717171717,277.2020202020202,272,0.12867647058823528,287.19485294117646,6644,6644,280.95780420303345
N,2,359346417,0.0001,962560,282,0.05319148936170213,212.02482269503545,138,0.028985507246376812,210.8985507246377,93,0.043010752688172046,204.21505376344086,95,0.021052631578947368,215.93684210526317,96,0.020833333333333332,206.20833333333334,92,0.08695652173913043,218.66304347826087,99,0.08080808080808081,213.37373737373738,272,0.0625,222.6691176470588,6644,6644,280.95780420303345
N,2,359346417,0.0001,983040,282,0.028368794326241134,191.58156028368793,138,0.014492753623188406,190.15942028985506,93,0.0,180.247311827957,95,0.031578947368421054,198.62105263157895,96,0.020833333333333332,196.625,92,0.03260869565217391,194.30434782608697,99,0.06060606060606061,188.8080808080808,272,0.05514705882352941,203.99264705882354,6644,6644,280.95780420303345
N,2,359346417,0.0001,1003520,282,0.06382978723404255,223.30851063829786,138,0.06521739130434782,224.7753623188406,93,0.021505376344086023,211.80645161290323,95,0.05263157894736842,229.9157894736842,96,0.020833333333333332,221.61458333333334,92,0.05434782608695652,227.18478260869566,99,0.08080808080808081,215.84848484848484,272,0.08455882352941177,238.09558823529412,6644,6644,280.95780420303345
N,2,359346417,0.0001,1024000,282,0.0851063829787234,255.2872340425532,138,0.043478260869565216,248.53623188405797,93,0.053763440860215055,237.95698924731184,95,0.07368421052631578,264.5578947368421,96,0.020833333333333332,243.08333333333334,92,0.08695652173913043,260.0652173913044,99,0.15151515151515152,253.33333333333334,272,0.10294117647058823,266.3235294117647,6644,6644,280.95780420303345
N,2,359346417,0.0001,1044480,282,0.09929078014184398,277.21985815602835,138,0.043478260869565216,264.8623188405797,93,0.06451612903225806,261.1290322580645,95,0.10526315789473684,284.6421052631579,96,0.03125,259.875,92,0.08695652173913043,277.67391304347825,99,0.18181818181818182,277.3939393939394,272,0.125,288.7757352941176,6644,6644,280.95780420303345
N,2,359346417,0.0001,1064960,282,0.0425531914893617,218.52836879432624,138,0.014492753623188406,211.91304347826087,93,0.0,207.09677419354838,95,0.05263157894736842,229.77894736842106,96,0.0,208.85416666666666,92,0.06521739130434782,222.54347826086956,99,0.06060606060606061,222.03030303030303,272,0.06985294117647059,230.29044117647058,6644,6644,280.95780420303345
N,2,359346417,0.0001,1085440,282,0.03900709219858156,203.82624113475177,138,0.014492753623188406,197.16666666666666,93,0.0,192.55913978494624,95,0.031578947368421054,214.30526315789473,96,0.0,194.51041666666666,92,0.06521739130434782,209.57608695652175,99,0.06060606060606061,210.3030303030303,272,0.0625,216.84558823529412,6644,6644,280.95780420303345
N,2,359346417,0.0001,1105920,282,0.03546099290780142,191.67375886524823,138,0.007246376811594203,185.35507246376812,93,0.0,183.61290322580646,95,0.021052631578947368,193.14736842105262,96,0.0,183.20833333333334,92,0.03260869565217391,191.7826086956522,99,0.030303030303030304,193.27272727272728,272,0.058823529411764705,202.6691176470588,6644,6644,280.95780420303345
N,2,359346417,0.0001,1126400,282,0.07446808510638298,258.8404255319149,138,0.07246376811594203,252.66666666666666,93,0.053763440860215055,242.49462365591398,95,0.05263157894736842,259.10526315789474,96,0.052083333333333336,250.07291666666666,92,0.09782608695652174,265.8695652173913,99,0.1111111111111111,248.4747474747475,272,0.11029411764705882,272.12867647058823,6644,6644,280.95780420303345
N,2,359346417,0.0001,1146880,282,0.41843971631205673,409.7269503546099,138,0.39855072463768115,420.8695652173913,93,0.3333333333333333,405.7096774193548,95,0.4631578947368421,422.11578947368423,96,0.3229166666666667,398.2291666666667,92,0.4673913043478261,416.32608695652175,99,0.3838383838383838,384.06060606060606,272,0.41911764705882354,427.1029411764706,6644,6644,280.95780420303345
N,2,359346417,0.0001,1167360,282,0.2198581560283688,351.34397163120565,138,0.2028985507246377,351.5,93,0.15053763440860216,334.0752688172043,95,0.2,357.5263157894737,96,0.1875,335.9583333333333,92,0.2391304347826087,360.5869565217391,99,0.23232323232323232,320.7676767676768,272,0.20220588235294118,363.9632352941176,6644,6644,280.95780420303345
N,2,359346417,0.0001,1187840,282,0.6879432624113475,462.93617021276594,138,0.782608695652174,477.6521739130435,93,0.7311827956989247,468.89247311827955,95,0.7684210526315789,475.4842105263158,96,0.625,464.34375,92,0.7282608695652174,464.42391304347825,99,0.6666666666666666,448.4040404040404,272,0.7794117647058824,470.65808823529414,6644,6644,280.95780420303345
N,2,359346417,0.0001,1208320,282,0.8049645390070922,475.5390070921986,138,0.8985507246376812,488.57246376811594,93,0.9032258064516129,486.97849462365593,95,0.9052631578947369,491.05263157894734,96,0.8229166666666666,480.6979166666667,92,0.8586956521739131,479.89130434782606,99,0.7676767676767676,466.3030303030303,272,0.8713235294117647,482.37867647058823,6644,6644,280.95780420303345
N,2,359346417,0.0001,1228800,282,0.46808510638297873,410.2730496453901,138,0.4420289855072464,421.42753623188406,93,0.3655913978494624,406.26881720430106,95,0.4842105263157895,421.13684210526316,96,0.375,401.0729166666667,92,0.4673913043478261,417.9130434782609,99,0.3838383838383838,388.6868686868687,272,0.45588235294117646,428.09558823529414,6644,6644,280.95780420303345
N,5,68414812,0.0001,0,282,0.0,27.120567375886523,138,0.0,37.96376811594203,93,0.0,36.03225806451613,95,0.0,24.736842105263158,96,0.0,18.760416666666668,92,0.0,25.76086956521739,99,0.0,19.525252525252526,272,0.0,59.81985294117647,6795,6795,331.7340340614319
N,5,68414812,0.0001,20480,282,0.0035460992907801418,77.8581560283688,138,0.0,76.8695652173913,93,0.0,79.84946236559139,95,0.0,74.13684210526316,96,0.03125,94.59375,92,0.0,79.01086956521739,99,0.0,58.45454545454545,272,0.022058823529411766,94.77941176470588,6795,6795,331.7340340614319
N,5,68414812,0.0001,40960,282,0.031914893617021274,131.39007092198582,138,0.007246376811594203,126.82608695652173,93,0.0,130.01075268817203,95,0.010526315789473684,119.78947368421052,96,0.052083333333333336,153.10416666666666,92,0.021739130434782608,133.47826086956522,99,0.0,98.87878787878788,272,0.0625,148.52573529411765,6795,6795,331.7340340614319
N,5,68414812,0.0001,61440,282,0.6170212765957447,414.2695035460993,138,0.5507246376811594,426.95652173913044,93,0.5591397849462365,422.98924731182797,95,0.5578947368421052,420.09473684210525,96,0.6875,440.5833333333333,92,0.6195652173913043,420.4130434782609,99,0.48484848484848486,361.77777777777777,272,0.4852941176470588,391.24632352941177,6795,6795,331.7340340614319
N,5,68414812,0.0001,81920,282,0.16666666666666666,283.7340425531915,138,0.10144927536231885,275.4710144927536,93,0.10752688172043011,274.76344086021504,95,0.12631578947368421,265.82105263157894,96,0.13541666666666666,280.8645833333333,92,0.1956521739130435,285.20652173913044,99,0.09090909090909091,230.21212121212122,272,0.1801470588235294,314.94485294117646,6795,6795,331.7340340614319
N,5,68414812,0.0001,102400,282,0.05319148936170213,238.48936170212767,138,0.028985507246376812,221.35507246376812,93,0.010752688172043012,227.29032258064515,95,0.06315789473684211,224.18947368421053,96,0.0625,236.375,92,0.07608695652173914,244.91304347826087,99,0.04040404040404041,204.42424242424244,272,0.06985294117647059,257.28308823529414,6795,6795,331.7340340614319
N,5,68414812,0.0001,122880,282,0.0425531914893617,210.5,138,0.028985507246376812,198.70289855072463,93,0.0,197.94623655913978,95,0.042105263157894736,199.47368421052633,96,0.052083333333333336,211.48958333333334,92,0.08695652173913043,223.2826086956522,99,0.030303030303030304,176.55555555555554,272,0.051470588235294115,232.4485294117647,6795,6795,331.7340340614319
N,5,68414812,0.0001,143360,282,0.04964539007092199,234.59929078014184,138,0.036231884057971016,218.94202898550725,93,0.010752688172043012,220.36559139784947,95,0.06315789473684211,220.41052631578947,96,0.0625,233.05208333333334,92,0.08695652173913043,244.22826086956522,99,0.04040404040404041,197.63636363636363,272,0.06985294117647059,254.1875,6795,6795,331.7340340614319
N,5,68414812,0.0001,163840,282,0.1099290780141844,256.1985815602837,138,0.050724637681159424,249.03623188405797,93,0.043010752688172046,242.66666666666666,95,0.08421052631578947,236.4,96,0.052083333333333336,246.35416666666666,92,0.08695652173913043,246.8586956521739,99,0.030303030303030304,194.8181818181818,272,0.08455882352941177,265.9889705882353,6795,6795,331.7340340614319
N,5,68414812,0.0001,184320,282,0.10283687943262411,263.2269503546099,138,0.021739130434782608,250.42028985507247,93,0.0967741935483871,256.03225806451616,95,0.07368421052631578,245.2,96,0.10416666666666667,255.23958333333334,92,0.13043478260869565,265.05434782608694,99,0.050505050505050504,212.75757575757575,272,0.13602941176470587,295.3897058823529,6795,6795,331.7340340614319
N,5,68414812,0.0001,204800,282,0.13120567375886524,300.8936170212766,138,0.08695652173913043,290.0652173913044,93,0.0967741935483871,293.752688172043,95,0.1368421052631579,284.11578947368423,96,0.15625,296.5104166666667,92,0.15217391304347827,305.75,99,0.13131313131313133,253.91919191919192,272,0.14705882352941177,318.98161764705884,6795,6795,331.7340340614319
N,5,68414812,0.0001,225280,282,0.09574468085106383,258.7836879432624,138,0.10144927536231885,261.9130434782609,93,0.08602150537634409,255.06451612903226,95,0.031578947368421054,244.55789473684212,96,0.03125,259.53125,92,0.10869565217391304,262.4891304347826,99,0.050505050505050504,210.68686868686868,272,0.08823529411764706,268.9375,6795,6795,331.7340340614319
N,5,68414812,0.0001,245760,282,0.12411347517730496,267.83687943262413,138,0.057971014492753624,265.65942028985506,93,0.07526881720430108,258.18279569892474,95,0.06315789473684211,252.90526315789472,96,0.07291666666666667,260.8645833333333,92,0.11956521739130435,263.5108695652174,99,0.06060606060606061,217.11111111111111,272,0.1213235294117647,282.68014705882354,6795,6795,331.7340340614319
N,5,68414812,0.0001,266240,282,0.06382978723404255,245.91843971631207,138,0.028985507246376812,232.84057971014494,93,0.010752688172043012,236.9784946236559,95,0.07368421052631578,230.97894736842105,96,0.07291666666666667,241.17708333333334,92,0.10869565217391304,253.92391304347825,99,0.04040404040404041,206.73737373737373,272,0.09558823529411764,278.8492647058824,6795,6795,331.7340340614319
N,5,68414812,0.0001,286720,282,0.10283687943262411,257.40425531914894,138,0.06521739130434782,250.66666666666666,93,0.043010752688172046,242.3548387096774,95,0.07368421052631578,234.7578947368421,96,0.0625,241.96875,92,0.08695652173913043,247.93478260869566,99,0.050505050505050504,203.4848484848485,272,0.09558823529411764,274.0367647058824,6795,6795,331.7340340614319
N,5,68414812,0.0001,307200,282,0.11347517730496454,274.77659574468083,138,0.08695652173913043,277.54347826086956,93,0.07526881720430108,267.4193548387097,95,0.05263157894736842,258.38947368421054,96,0.08333333333333333,271.0416666666667,92,0.13043478260869565,277.29347826086956,99,0.06060606060606061,231.43434343434345,272,0.08455882352941177,287.18382352941177,6795,6795,331.7340340614319
N,5,68414812,0.0001,327680,282,0.23049645390070922,334.89716312056737,138,0.1956521739130435,339.15942028985506,93,0.17204301075268819,328.258064516129,95,0.15789473684210525,316.10526315789474,96,0.14583333333333334,325.0208333333333,92,0.20652173913043478,330.32608695652175,99,0.10101010101010101,280.55555555555554,272,0.22426470588235295,359.56985294117646,6795,6795,331.7340340614319
N,5,68414812,0.0001,348160,282,0.08865248226950355,274.95390070921985,138,0.09420289855072464,273.77536231884056,93,0.07526881720430108,267.78494623655916,95,0.09473684210526316,259.41052631578947,96,0.09375,261.6875,92,0.10869565217391304,269.0108695652174,99,0.06060606060606061,228.989898989899,272,0.11764705882352941,304.71691176470586,6795,6795,331.7340340614319
N,5,68414812,0.0001,368640,282,0.776595744680851,474.5390070921986,138,0.8115942028985508,486.1014492753623,93,0.7741935483870968,478.9569892473118,95,0.7894736842105263,483.7368421052632,96,0.84375,485.28125,92,0.7934782608695652,477.0,99,0.6161616161616161,447.42424242424244,272,0.7352941176470589,458.49264705882354,6795,6795,331.7340340614319
N,5,68414812,0.0001,389120,282,0.9929078014184397,498.52127659574467,138,1.0,500.0,93,1.0,500.0,95,1.0,500.0,96,1.0,500.0,92,0.967391304347826,493.7717391304348,99,0.9696969696969697,490.5050505050505,272,0.8676470588235294,466.52941176470586,6795,6795,331.7340340614319
N,5,68414812,0.0001,409600,282,0.2872340425531915,350.45390070921985,138,0.2753623188405797,355.9347826086956,93,0.20430107526881722,343.8494623655914,95,0.2,332.0,96,0.22916666666666666,340.28125,92,0.25,344.4347826086956,99,0.12121212121212122,287.0,272,0.29044117647058826,372.48161764705884,6795,6795,331.7340340614319
N,5,68414812,0.0001,430080,282,0.9929078014184397,499.86879432624113,138,0.9927536231884058,499.8478260869565,93,1.0,500.0,95,1.0,500.0,96,1.0,500.0,92,0.9782608695652174,492.9673913043478,99,0.9595959595959596,489.09090909090907,272,0.875,469.1654411764706,6795,6795,331.7340340614319
N,5,68414812,0.0001,450560,282,0.9397163120567376,494.16312056737587,138,0.9782608695652174,499.57246376811594,93,1.0,500.0,95,0.9894736842105263,499.4526315789474,96,0.96875,497.96875,92,0.967391304347826,496.9782608695652,99,0.8686868686868687,480.42424242424244,272,0.8676470588235294,472.6029411764706,6795,6795,331.7340340614319
N,5,68414812,0.0001,471040,282,0.19858156028368795,315.65248226950354,138,0.16666666666666666,320.5144927536232,93,0.053763440860215055,300.96774193548384,95,0.22105263157894736,327.3157894736842,96,0.1875,313.0208333333333,92,0.2826086956521739,331.5869565217391,99,0.2222222222222222,294.4848484848485,272,0.15073529411764705,311.7867647058824,6795,6795,331.7340340614319
N,5,68414812,0.0001,491520,282,0.5638297872340425,424.2836879432624,138,0.6014492753623188,443.30434782608694,93,0.5591397849462365,439.8494623655914,95,0.6210526315789474,437.7684210526316,96,0.5520833333333334,432.1979166666667,92,0.5978260869565217,432.6630434782609,99,0.5353535353535354,404.8181818181818,272,0.5183823529411765,431.5220588235294,6795,6795,331.7340340614319
N,5,68414812,0.0001,512000,282,0.024822695035460994,183.5531914893617,138,0.021739130434782608,191.20289855072463,93,0.021505376344086023,185.53763440860214,95,0.031578947368421054,202.07368421052632,96,0.010416666666666666,182.58333333333334,92,0.03260869565217391,194.2608695652174,99,0.04040404040404041,181.5151515151515,272,0.025735294117647058,182.8860294117647,6795,6795,331.7340340614319
N,5,68414812,0.0001,532480,282,0.06382978723404255,224.68794326241135,138,0.021739130434782608,220.7391304347826,93,0.021505376344086023,212.81720430107526,95,0.06315789473684211,238.67368421052632,96,0.03125,230.0,92,0.05434782608695652,235.40217391304347,99,0.06060606060606061,213.45454545454547,272,0.003676470588235294,215.1985294117647,6795,6795,331.7340340614319
N,5,68414812,0.0001,552960,282,0.0425531914893617,206.145390070922,138,0.043478260869565216,210.4927536231884,93,0.010752688172043012,203.05376344086022,95,0.021052631578947368,218.81052631578947,96,0.010416666666666666,203.15625,92,0.07608695652173914,217.6195652173913,99,0.08080808080808081,208.45454545454547,272,0.014705882352941176,202.49264705882354,6795,6795,331.7340340614319
N,5,68414812,0.0001,573440,282,0.01773049645390071,167.5,138,0.0,169.42753623188406,93,0.010752688172043012,165.78494623655914,95,0.010526315789473684,181.26315789473685,96,0.010416666666666666,176.54166666666666,92,0.03260869565217391,178.55434782608697,99,0.050505050505050504,167.989898989899,272,0.003676470588235294,163.91544117647058,6795,6795,331.7340340614319
N,5,68414812,0.0001,593920,282,0.014184397163120567,183.2836879432624,138,0.0,186.2391304347826,93,0.010752688172043012,181.43010752688173,95,0.031578947368421054,197.7157894736842,96,0.010416666666666666,194.52083333333334,92,0.05434782608695652,201.7826086956522,99,0.020202020202020204,174.7171717171717,272,0.0,185.09191176470588,6795,6795,331.7340340614319
N,5,68414812,0.0001,614400,282,0.05673758865248227,230.95744680851064,138,0.007246376811594203,226.2608695652174,93,0.03225806451612903,223.31182795698925,95,0.05263157894736842,226.76842105263157,96,0.041666666666666664,232.76041666666666,92,0.05434782608695652,237.5326086956522,99,0.030303030303030304,204.27272727272728,272,0.01838235294117647,231.75735294117646,6795,6795,331.7340340614319
N,5,68414812,0.0001,634880,282,0.0851063829787234,272.86170212765956,138,0.06521739130434782,275.28985507246375,93,0.07526881720430108,266.4731182795699,95,0.06315789473684211,268.70526315789476,96,0.07291666666666667,274.375,92,0.10869565217391304,285.29347826086956,99,0.08080808080808081,243.93939393939394,272,0.0661764705882353,281.2279411764706,6795,6795,331.7340340614319
N,5,68414812,0.0001,655360,282,0.06028368794326241,236.0709219858156,138,0.014492753623188406,236.70289855072463,93,0.0,223.58064516129033,95,0.08421052631578947,252.2421052631579,96,0.03125,241.45833333333334,92,0.09782608695652174,249.08695652173913,99,0.050505050505050504,223.91919191919192,272,0.014705882352941176,237.92279411764707,6795,6795,331.7340340614319
N,5,68414812,0.0001,675840,282,0.03546099290780142,196.53546099290782,138,0.014492753623188406,198.08695652173913,93,0.0,187.5268817204301,95,0.021052631578947368,210.0421052631579,96,0.03125,206.40625,92,0.043478260869565216,207.77173913043478,99,0.010101010101010102,182.66666666666666,272,0.007352941176470588,196.87867647058823,6795,6795,331.7340340614319
N,5,68414812,0.0001,696320,282,0.03546099290780142,206.0212765957447,138,0.007246376811594203,206.68840579710144,93,0.0,196.67741935483872,95,0.031578947368421054,221.4842105263158,96,0.041666666666666664,214.91666666666666,92,0.043478260869565216,214.5,99,0.050505050505050504,202.08080808080808,272,0.003676470588235294,203.2389705882353,6795,6795,331.7340340614319
N,5,68414812,0.0001,716800,282,0.01773049645390071,178.34397163120568,138,0.007246376811594203,179.68115942028984,93,0.0,173.06451612903226,95,0.05263157894736842,193.86315789473684,96,0.020833333333333332,187.44791666666666,92,0.021739130434782608,182.94565217391303,99,0.030303030303030304,177.62626262626262,272,0.01838235294117647,178.2389705882353,6795,6795,331.7340340614319
N,5,68414812,0.0001,737280,282,0.03546099290780142,202.52836879432624,138,0.007246376811594203,202.63768115942028,93,0.0,193.19354838709677,95,0.031578947368421054,216.23157894736843,96,0.041666666666666664,210.25,92,0.03260869565217391,209.6195652173913,99,0.06060606060606061,200.44444444444446,272,0.007352941176470588,199.76470588235293,6795,6795,331.7340340614319
N,5,68414812,0.0001,757760,282,0.02127659574468085,176.38652482269504,138,0.0,178.8695652173913,93,0.0,175.76344086021504,95,0.0,182.43157894736842,96,0.0,176.04166666666666,92,0.0,175.3804347826087,99,0.030303030303030304,181.46464646464648,272,0.007352941176470588,174.24632352941177,6795,6795,331.7340340614319
N,5,68414812,0.0001,778240,282,0.024822695035460994,176.41489361702128,138,0.007246376811594203,178.85507246376812,93,0.010752688172043012,176.752688172043,95,0.0,181.85263157894738,96,0.0,174.98958333333334,92,0.0,174.5326086956522,99,0.030303030303030304,179.1010101010101,272,0.014705882352941176,175.1764705882353,6795,6795,331.7340340614319
N,5,68414812,0.0001,798720,282,0.01773049645390071,174.42198581560282,138,0.007246376811594203,175.0072463768116,93,0.010752688172043012,172.7741935483871,95,0.021052631578947368,184.61052631578949,96,0.020833333333333332,181.46875,92,0.021739130434782608,179.31521739130434,99,0.010101010101010102,173.45454545454547,272,0.01838235294117647,175.24264705882354,6795,6795,331.7340340614319
N,5,68414812,0.0001,819200,282,0.024822695035460994,192.95390070921985,138,0.007246376811594203,190.92753623188406,93,0.0,185.2258064516129,95,0.042105263157894736,204.55789473684212,96,0.020833333333333332,201.32291666666666,92,0.03260869565217391,199.1304347826087,99,0.04040404040404041,190.3939393939394,272,0.029411764705882353,197.84191176470588,6795,6795,331.7340340614319
N,5,68414812,0.0001,839680,282,0.04964539007092199,226.2304964539007,138,0.021739130434782608,222.31159420289856,93,0.03225806451612903,219.1290322580645,95,0.010526315789473684,234.54736842105262,96,0.010416666666666666,219.21875,92,0.05434782608695652,235.20652173913044,99,0.06060606060606061,225.2020202020202,272,0.04044117647058824,226.96323529411765,6795,6795,331.7340340614319
N,5,68414812,0.0001,860160,282,0.24822695035460993,371.1950354609929,138,0.2246376811594203,373.8695652173913,93,0.20430107526881722,359.9139784946237,95,0.25263157894736843,379.61052631578946,96,0.19791666666666666,359.8854166666667,92,0.33695652173913043,382.6630434782609,99,0.25252525252525254,342.3030303030303,272,0.21323529411764705,375.7647058823529,6795,6795,331.7340340614319
N,5,68414812,0.0001,880640,282,0.574468085106383,447.5673758865248,138,0.6231884057971014,455.8188405797101,93,0.5806451612903226,444.10752688172045,95,0.5894736842105263,455.7157894736842,96,0.4895833333333333,442.3854166666667,92,0.6086956521739131,451.10869565217394,99,0.5353535353535354,424.42424242424244,272,0.6286764705882353,455.4117647058824,6795,6795,331.7340340614319
N,5,68414812,0.0001,901120,282,0.41843971631205673,408.1170212765957,138,0.41304347826086957,420.0652173913044,93,0.3655913978494624,406.10752688172045,95,0.43157894736842106,416.90526315789475,96,0.40625,400.5416666666667,92,0.44565217391304346,416.60869565217394,99,0.3434343434343434,373.95959595959596,272,0.4338235294117647,421.65441176470586,6795,6795,331.7340340614319
N,5,68414812,0.0001,921600,282,0.975177304964539,494.24468085106383,138,0.9855072463768116,496.4855072463768,93,0.956989247311828,485.1182795698925,95,0.9894736842105263,499.13684210526316,96,0.9895833333333334,499.625,92,0.9782608695652174,495.2282608695652,99,0.9494949494949495,492.82828282828285,272,0.9522058823529411,486.81985294117646,6795,6795,331.7340340614319
N,5,68414812,0.0001,942080,282,0.9680851063829787,493.63475177304963,138,0.9710144927536232,495.22463768115944,93,0.9354838709677419,481.76344086021504,95,1.0,500.0,96,0.96875,498.8645833333333,92,0.967391304347826,494.2391304347826,99,0.9090909090909091,484.6161616161616,272,0.9191176470588235,480.2095588235294,6795,6795,331.7340340614319
N,5,68414812,0.0001,962560,282,0.9148936170212766,488.1985815602837,138,0.927536231884058,492.2463768115942,93,0.8279569892473119,461.7204301075269,95,0.9052631578947369,495.6736842105263,96,0.9166666666666666,489.8958333333333,92,0.9130434782608695,490.0,99,0.8181818181818182,476.5858585858586,272,0.8602941176470589,476.77941176470586,6795,6795,331.7340340614319
N,5,68414812,0.0001,983040,282,0.9787234042553191,490.6985815602837,138,0.9420289855072463,475.2173913043478,93,0.7956989247311828,411.6989247311828,95,0.968421052631579,486.82105263157894,96,0.8958333333333334,455.6666666666667,92,0.9782608695652174,490.25,99,0.9393939393939394,473.54545454545456,272,0.8823529411764706,452.4779411764706,6795,6795,331.7340340614319
N,5,68414812,0.0001,1003520,282,0.9822695035460993,493.41843971631204,138,0.9782608695652174,490.19565217391306,93,0.8602150537634409,439.59139784946234,95,0.9789473684210527,491.4315789473684,96,0.9583333333333334,480.6666666666667,92,0.9891304347826086,495.1521739130435,99,0.9595959595959596,481.3939393939394,272,0.9301470588235294,470.9485294117647,6795,6795,331.7340340614319
N,5,68414812,0.0001,1024000,282,0.9787234042553191,494.3936170212766,138,0.9782608695652174,497.1159420289855,93,0.956989247311828,482.0860215053763,95,1.0,500.0,96,1.0,500.0,92,0.9782608695652174,495.2608695652174,99,0.9797979797979798,495.37373737373736,272,0.9485294117647058,485.87867647058823,6795,6795,331.7340340614319
N,5,68414812,0.0001,1044480,282,0.9858156028368794,495.13120567375887,138,0.9927536231884058,497.32608695652175,93,0.956989247311828,482.06451612903226,95,1.0,500.0,96,1.0,500.0,92,0.9891304347826086,495.2282608695652,99,0.9797979797979798,490.969696969697,272,0.9669117647058824,486.9852941176471,6795,6795,331.7340340614319
N,5,68414812,0.0001,1064960,282,0.9893617021276596,496.02836879432624,138,1.0,500.0,93,0.989247311827957,495.5376344086022,95,1.0,500.0,96,1.0,500.0,92,0.9891304347826086,495.3478260869565,99,1.0,500.0,272,0.9669117647058824,488.4779411764706,6795,6795,331.7340340614319
N,5,68414812,0.0001,1085440,282,0.9929078014184397,496.93971631205676,138,1.0,500.0,93,0.989247311827957,495.4193548387097,95,1.0,500.0,96,1.0,500.0,92,0.9891304347826086,495.29347826086956,99,1.0,500.0,272,0.9632352941176471,488.11764705882354,6795,6795,331.7340340614319
N,5,68414812,0.0001,1105920,282,0.9645390070921985,495.1737588652482,138,0.9927536231884058,499.536231884058,93,0.967741935483871,486.3010752688172,95,1.0,500.0,96,1.0,500.0,92,0.9782608695652174,495.05434782608694,99,0.9696969696969697,490.25252525252523,272,0.9522058823529411,486.7647058823529,6795,6795,331.7340340614319
N,5,68414812,0.0001,1126400,282,0.9858156028368794,495.3049645390071,138,1.0,500.0,93,0.9247311827956989,467.8709677419355,95,1.0,500.0,96,1.0,500.0,92,0.9891304347826086,495.1630434782609,99,0.9797979797979798,490.72727272727275,272,0.9595588235294118,483.61764705882354,6795,6795,331.7340340614319
N,5,68414812,0.0001,1146880,282,0.9893617021276596,495.31205673758865,138,1.0,500.0,93,0.946236559139785,476.86021505376345,95,1.0,500.0,96,1.0,500.0,92,0.9891304347826086,495.20652173913044,99,0.9797979797979798,490.8787878787879,272,0.9595588235294118,485.19117647058823,6795,6795,331.7340340614319
N,5,68414812,0.0001,1167360,282,0.9858156028368794,495.20567375886526,138,0.9927536231884058,497.32608695652175,93,0.9139784946236559,463.39784946236557,95,1.0,500.0,96,1.0,500.0,92,0.9891304347826086,495.19565217391306,99,0.9696969696969697,486.25252525252523,272,0.9632352941176471,485.4632352941176,6795,6795,331.7340340614319
N,5,68414812,0.0001,1187840,282,0.9893617021276596,495.4148936170213,138,1.0,500.0,93,0.946236559139785,479.3440860215054,95,1.0,500.0,96,1.0,500.0,92,0.9891304347826086,495.2173913043478,99,0.98989898989899,495.4040404040404,272,0.9632352941176471,487.8382352941176,6795,6795,331.7340340614319
N,5,68414812,0.0001,1208320,282,0.9822695035460993,494.93617021276594,138,1.0,500.0,93,0.967741935483871,487.5806451612903,95,1.0,500.0,96,1.0,500.0,92,0.9891304347826086,495.2391304347826,99,0.98989898989899,495.4040404040404,272,0.9632352941176471,488.27941176470586,6795,6795,331.7340340614319
N,5,68414812,0.0001,1228800,282,0.9964539007092199,498.90070921985813,138,1.0,500.0,93,0.989247311827957,495.5483870967742,95,1.0,500.0,96,1.0,500.0,92,1.0,500.0,99,1.0,500.0,272,0.9742647058823529,491.7242647058824,6795,6795,331.7340340614319
N,6,1279808943,0.0001,0,282,0.0,39.5,138,0.0,37.57971014492754,93,0.0,35.98924731182796,95,0.0,34.67368421052632,96,0.0,48.4375,92,0.0,41.358695652173914,99,0.0,30.282828282828284,272,0.0,44.25,7252,7252,333.0530152320862
N,6,1279808943,0.0001,20480,282,0.0,64.56382978723404,138,0.0,60.46376811594203,93,0.0,61.376344086021504,95,0.0,58.36842105263158,96,0.020833333333333332,78.1875,92,0.021739130434782608,77.3913043478261,99,0.0,48.61616161616162,272,0.014705882352941176,85.36029411764706,7252,7252,333.0530152320862
N,6,1279808943,0.0001,40960,282,0.0,78.01418439716312,138,0.0,81.03623188405797,93,0.0,80.88172043010752,95,0.0,77.02105263157895,96,0.010416666666666666,92.19791666666667,92,0.0,81.01086956521739,99,0.010101010101010102,73.22222222222223,272,0.0,89.78308823529412,7252,7252,333.0530152320862
N,6,1279808943,0.0001,61440,282,0.03546099290780142,191.77304964539007,138,0.014492753623188406,179.3695652173913,93,0.0,179.86021505376345,95,0.031578947368421054,171.07368421052632,96,0.03125,199.17708333333334,92,0.010869565217391304,177.8586956521739,99,0.030303030303030304,164.72727272727272,272,0.022058823529411766,173.63970588235293,7252,7252,333.0530152320862
N,6,1279808943,0.0001,81920,282,0.16312056737588654,311.85460992907804,138,0.11594202898550725,299.231884057971,93,0.10752688172043011,300.76344086021504,95,0.16842105263157894,294.3263157894737,96,0.16666666666666666,314.1354166666667,92,0.1956521739130435,308.6521739130435,99,0.16161616161616163,255.16161616161617,272,0.16911764705882354,316.8529411764706,7252,7252,333.0530152320862
N,6,1279808943,0.0001,102400,282,0.04964539007092199,219.31560283687944,138,0.014492753623188406,206.1231884057971,93,0.021505376344086023,211.3548387096774,95,0.05263157894736842,208.2736842105263,96,0.0625,221.65625,92,0.043478260869565216,223.6413043478261,99,0.06060606060606061,193.23232323232324,272,0.04779411764705882,237.63235294117646,7252,7252,333.0530152320862
N,6,1279808943,0.0001,122880,282,0.07446808510638298,268.40070921985813,138,0.057971014492753624,261.5072463768116,93,0.07526881720430108,261.21505376344084,95,0.09473684210526316,259.0105263157895,96,0.10416666666666667,270.5520833333333,92,0.13043478260869565,276.9782608695652,99,0.10101010101010101,229.27272727272728,272,0.08088235294117647,279.2904411764706,7252,7252,333.0530152320862
N,6,1279808943,0.0001,143360,282,0.21631205673758866,322.01063829787233,138,0.18115942028985507,325.7971014492754,93,0.16129032258064516,314.1505376344086,95,0.14736842105263157,300.5684210526316,96,0.1875,314.4895833333333,92,0.18478260869565216,315.0108695652174,99,0.10101010101010101,256.04040404040404,272,0.21691176470588236,342.69485294117646,7252,7252,333.0530152320862
N,6,1279808943,0.0001,163840,282,0.08156028368794327,255.60992907801418,138,0.036231884057971016,241.1231884057971,93,0.043010752688172046,246.63440860215053,95,0.10526315789473684,239.09473684210528,96,0.08333333333333333,250.5,92,0.11956521739130435,262.29347826086956,99,0.0707070707070707,218.77777777777777,272,0.09558823529411764,282.37132352941177,7252,7252,333.0530152320862
N,6,1279808943,0.0001,184320,282,0.1702127659574468,310.63475177304963,138,0.14492753623188406,311.44202898550725,93,0.08602150537634409,302.1290322580645,95,0.14736842105263157,289.5473684210526,96,0.125,296.8645833333333,92,0.18478260869565216,304.4347826086956,99,0.10101010101010101,253.0,272,0.20220588235294118,342.0477941176471,7252,7252,333.0530152320862
N,6,1279808943,0.0001,204800,282,0.24822695035460993,340.0886524822695,138,0.2391304347826087,347.82608695652175,93,0.22580645161290322,339.8709677419355,95,0.14736842105263157,328.5684210526316,96,0.19791666666666666,338.8125,92,0.21739130434782608,336.0108695652174,99,0.15151515151515152,289.5858585858586,272,0.2426470588235294,358.84191176470586,7252,7252,333.0530152320862
N,6,1279808943,0.0001,225280,282,0.1702127659574468,322.59929078014187,138,0.11594202898550725,322.7028985507246,93,0.10752688172043011,313.3333333333333,95,0.22105263157894736,337.9894736842105,96,0.13541666666666666,319.15625,92,0.22826086956521738,335.30434782608694,99,0.16161616161616163,301.52525252525254,272,0.08088235294117647,307.26838235294116,7252,7252,333.0530152320862
N,6,1279808943,0.0001,245760,282,0.2872340425531915,357.36170212765956,138,0.2318840579710145,363.80434782608694,93,0.1827956989247312,347.8817204301075,95,0.2631578947368421,364.87368421052633,96,0.2708333333333333,357.5104166666667,92,0.3695652173913043,367.1304347826087,99,0.24242424242424243,322.8888888888889,272,0.1801470588235294,355.9852941176471,7252,7252,333.0530152320862
N,6,1279808943,0.0001,266240,282,0.10638297872340426,252.7304964539007,138,0.043478260869565216,248.57971014492753,93,0.021505376344086023,239.16129032258064,95,0.05263157894736842,233.2,96,0.052083333333333336,244.57291666666666,92,0.06521739130434782,250.2173913043478,99,0.04040404040404041,200.95959595959596,272,0.09558823529411764,265.99264705882354,7252,7252,333.0530152320862
N,6,1279808943,0.0001,286720,282,0.2978723404255319,382.8191489361702,138,0.2898550724637681,388.07971014492756,93,0.23655913978494625,377.7956989247312,95,0.3473684210526316,396.22105263157897,96,0.2708333333333333,381.1666666666667,92,0.40217391304347827,388.4021739130435,99,0.31313131313131315,359.1212121212121,272,0.19117647058823528,371.93382352941177,7252,7252,333.0530152320862
N,6,1279808943,0.0001,307200,282,0.04964539007092199,243.19148936170214,138,0.014492753623188406,240.6304347826087,93,0.0,230.58064516129033,95,0.07368421052631578,251.3684210526316,96,0.0625,248.97916666666666,92,0.09782608695652174,256.5108695652174,99,0.030303030303030304,218.68686868686868,272,0.01838235294117647,240.45220588235293,7252,7252,333.0530152320862
N,6,1279808943,0.0001,327680,282,0.1524822695035461,314.59574468085106,138,0.13043478260869565,320.31159420289856,93,0.043010752688172046,300.39784946236557,95,0.2,325.0210526315789,96,0.16666666666666666,317.4270833333333,92,0.2717391304347826,330.1521739130435,99,0.1717171717171717,287.06060606060606,272,0.10294117647058823,310.80514705882354,7252,7252,333.0530152320862
N,6,1279808943,0.0001,348160,282,0.1276595744680851,290.90425531914894,138,0.07246376811594203,290.8623188405797,93,0.021505376344086023,272.6236559139785,95,0.1368421052631579,301.9789473684211,96,0.11458333333333333,289.9375,92,0.17391304347826086,303.8369565217391,99,0.13131313131313133,267.0808080808081,272,0.05514705882352941,283.14338235294116,7252,7252,333.0530152320862
N,6,1279808943,0.0001,368640,282,0.05319148936170213,233.13475177304966,138,0.036231884057971016,234.9855072463768,93,0.03225806451612903,228.43010752688173,95,0.021052631578947368,246.42105263157896,96,0.020833333333333332,231.78125,92,0.05434782608695652,243.43478260869566,99,0.08080808080808081,230.59595959595958,272,0.03308823529411765,224.34558823529412,7252,7252,333.0530152320862
N,6,1279808943,0.0001,389120,282,0.07446808510638298,260.2340425531915,138,0.021739130434782608,257.3840579710145,93,0.021505376344086023,246.0215053763441,95,0.11578947368421053,271.7894736842105,96,0.07291666666666667,262.84375,92,0.10869565217391304,269.7391304347826,99,0.08080808080808081,246.05050505050505,272,0.029411764705882353,256.3382352941176,7252,7252,333.0530152320862
N,6,1279808943,0.0001,409600,282,0.28368794326241137,376.4574468085106,138,0.2826086956521739,382.45652173913044,93,0.1827956989247312,371.76344086021504,95,0.3368421052631579,387.13684210526316,96,0.2604166666666667,373.0208333333333,92,0.3804347826086957,384.5978260869565,99,0.29292929292929293,348.04040404040404,272,0.16544117647058823,368.1360294117647,7252,7252,333.0530152320862
N,6,1279808943,0.0001,430080,282,0.15602836879432624,309.01063829787233,138,0.10144927536231885,304.1376811594203,93,0.0967741935483871,295.0967741935484,95,0.15789473684210525,322.7578947368421,96,0.08333333333333333,301.5416666666667,92,0.18478260869565216,319.67391304347825,99,0.16161616161616163,292.77777777777777,272,0.08088235294117647,298.6029411764706,7252,7252,333.0530152320862
N,6,1279808943,0.0001,450560,282,0.05673758865248227,238.96808510638297,138,0.028985507246376812,239.15942028985506,93,0.03225806451612903,234.06451612903226,95,0.06315789473684211,254.18947368421053,96,0.020833333333333332,233.9375,92,0.08695652173913043,251.2826086956522,99,0.10101010101010101,241.02020202020202,272,0.03308823529411765,231.59926470588235,7252,7252,333.0530152320862
N,6,1279808943,0.0001,471040,282,0.04609929078014184,195.43617021276594,138,0.014492753623188406,197.0072463768116,93,0.010752688172043012,190.8494623655914,95,0.031578947368421054,208.47368421052633,96,0.010416666666666666,199.1875,92,0.06521739130434782,208.66304347826087,99,0.030303030303030304,198.1010101010101,272,0.014705882352941176,193.24632352941177,7252,7252,333.0530152320862
N,6,1279808943,0.0001,491520,282,0.07446808510638298,267.87943262411346,138,0.043478260869565216,264.72463768115944,93,0.06451612903225806,263.55913978494624,95,0.08421052631578947,278.6,96,0.03125,258.34375,92,0.08695652173913043,272.7173913043478,99,0.10101010101010101,267.8989898989899,272,0.04411764705882353,260.2610294117647,7252,7252,333.0530152320862
N,6,1279808943,0.0001,512000,282,0.024822695035460994,194.48936170212767,138,0.014492753623188406,195.2608695652174,93,0.0,192.1290322580645,95,0.010526315789473684,207.61052631578949,96,0.0,191.3125,92,0.06521739130434782,202.56521739130434,99,0.020202020202020204,199.24242424242425,272,0.03308823529411765,198.48529411764707,7252,7252,333.0530152320862
N,6,1279808943,0.0001,532480,282,0.02127659574468085,188.86524822695034,138,0.014492753623188406,189.79710144927537,93,0.0,186.40860215053763,95,0.031578947368421054,204.22105263157894,96,0.0,185.71875,92,0.03260869565217391,194.1086956521739,99,0.010101010101010102,186.5151515151515,272,0.025735294117647058,191.31617647058823,7252,7252,333.0530152320862
N,6,1279808943,0.0001,552960,282,0.03900709219858156,208.62056737588654,138,0.007246376811594203,205.1231884057971,93,0.010752688172043012,208.86021505376345,95,0.021052631578947368,215.43157894736842,96,0.020833333333333332,207.26041666666666,92,0.0,203.27173913043478,99,0.020202020202020204,209.85858585858585,272,0.014705882352941176,204.01470588235293,7252,7252,333.0530152320862
N,6,1279808943,0.0001,573440,282,0.05319148936170213,337.6950354609929,138,0.036231884057971016,338.69565217391306,93,0.07526881720430108,337.6559139784946,95,0.042105263157894736,348.87368421052633,96,0.041666666666666664,333.5729166666667,92,0.08695652173913043,340.2391304347826,99,0.1414141414141414,343.4848484848485,272,0.07352941176470588,333.99264705882354,7252,7252,333.0530152320862
N,6,1279808943,0.0001,593920,282,0.04964539007092199,263.15248226950354,138,0.021739130434782608,259.6449275362319,93,0.010752688172043012,260.8817204301075,95,0.021052631578947368,268.62105263157895,96,0.052083333333333336,258.9583333333333,92,0.043478260869565216,267.0108695652174,99,0.0707070707070707,270.7070707070707,272,0.029411764705882353,256.4522058823529,7252,7252,333.0530152320862
N,6,1279808943,0.0001,614400,282,0.03546099290780142,215.7304964539007,138,0.014492753623188406,215.36231884057972,93,0.021505376344086023,216.01075268817203,95,0.031578947368421054,231.54736842105262,96,0.020833333333333332,211.6875,92,0.043478260869565216,221.07608695652175,99,0.050505050505050504,225.53535353535352,272,0.022058823529411766,218.3566176470588,7252,7252,333.0530152320862
N,6,1279808943,0.0001,634880,282,0.031914893617021274,201.37943262411346,138,0.014492753623188406,201.54347826086956,93,0.0,198.752688172043,95,0.031578947368421054,217.06315789473683,96,0.010416666666666666,197.90625,92,0.03260869565217391,206.3586956521739,99,0.04040404040404041,209.16161616161617,272,0.029411764705882353,203.10294117647058,7252,7252,333.0530152320862
N,6,1279808943,0.0001,655360,282,0.04964539007092199,249.9290780141844,138,0.036231884057971016,245.7536231884058,93,0.053763440860215055,245.34408602150538,95,0.042105263157894736,260.6421052631579,96,0.020833333333333332,241.19791666666666,92,0.05434782608695652,252.8586956521739,99,0.0707070707070707,254.25252525252526,272,0.04411764705882353,247.75367647058823,7252,7252,333.0530152320862
N,6,1279808943,0.0001,675840,282,0.03546099290780142,222.8368794326241,138,0.007246376811594203,219.19565217391303,93,0.010752688172043012,220.34408602150538,95,0.021052631578947368,229.25263157894736,96,0.020833333333333332,219.95833333333334,92,0.010869565217391304,219.02173913043478,99,0.020202020202020204,228.96969696969697,272,0.04044117647058824,225.43382352941177,7252,7252,333.0530152320862
N,6,1279808943,0.0001,696320,282,0.03546099290780142,221.2163120567376,138,0.014492753623188406,218.5072463768116,93,0.021505376344086023,214.6236559139785,95,0.042105263157894736,232.82105263157894,96,0.0,214.91666666666666,92,0.08695652173913043,231.19565217391303,99,0.050505050505050504,223.4747474747475,272,0.051470588235294115,224.54044117647058,7252,7252,333.0530152320862
N,6,1279808943,0.0001,716800,282,0.06382978723404255,233.19858156028369,138,0.028985507246376812,230.13768115942028,93,0.021505376344086023,222.58064516129033,95,0.021052631578947368,239.46315789473684,96,0.020833333333333332,228.38541666666666,92,0.06521739130434782,239.5,99,0.0707070707070707,228.57575757575756,272,0.04411764705882353,232.79779411764707,7252,7252,333.0530152320862
N,6,1279808943,0.0001,737280,282,0.07092198581560284,263.3333333333333,138,0.043478260869565216,258.9782608695652,93,0.053763440860215055,251.49462365591398,95,0.06315789473684211,273.14736842105265,96,0.03125,252.96875,92,0.08695652173913043,268.25,99,0.10101010101010101,264.83838383838383,272,0.06985294117647059,264.5220588235294,7252,7252,333.0530152320862
N,6,1279808943,0.0001,757760,282,0.0851063829787234,257.48936170212767,138,0.050724637681159424,254.96376811594203,93,0.043010752688172046,246.31182795698925,95,0.031578947368421054,263.85263157894735,96,0.041666666666666664,249.65625,92,0.09782608695652174,264.92391304347825,99,0.12121212121212122,254.77777777777777,272,0.05514705882352941,257.80882352941177,7252,7252,333.0530152320862
N,6,1279808943,0.0001,778240,282,0.028368794326241134,196.87234042553192,138,0.014492753623188406,194.55072463768116,93,0.0,189.0215053763441,95,0.021052631578947368,204.68421052631578,96,0.020833333333333332,204.51041666666666,92,0.03260869565217391,203.2608695652174,99,0.020202020202020204,192.05050505050505,272,0.04411764705882353,204.42279411764707,7252,7252,333.0530152320862
N,6,1279808943,0.0001,798720,282,0.06028368794326241,241.60638297872342,138,0.043478260869565216,238.84057971014494,93,0.043010752688172046,230.59139784946237,95,0.06315789473684211,250.68421052631578,96,0.03125,237.67708333333334,92,0.08695652173913043,251.1304347826087,99,0.09090909090909091,237.4747474747475,272,0.051470588235294115,245.47058823529412,7252,7252,333.0530152320862
N,6,1279808943,0.0001,819200,282,0.10283687943262411,280.2269503546099,138,0.07971014492753623,277.09420289855075,93,0.07526881720430108,264.4193548387097,95,0.08421052631578947,290.09473684210525,96,0.052083333333333336,270.71875,92,0.10869565217391304,290.82608695652175,99,0.15151515151515152,272.1212121212121,272,0.07720588235294118,282.5220588235294,7252,7252,333.0530152320862
N,6,1279808943,0.0001,839680,282,0.07092198581560284,252.78014184397162,138,0.057971014492753624,251.14492753623188,93,0.043010752688172046,242.06451612903226,95,0.06315789473684211,263.0315789473684,96,0.041666666666666664,249.08333333333334,92,0.08695652173913043,261.39130434782606,99,0.13131313131313133,248.77777777777777,272,0.0661764705882353,256.18014705882354,7252,7252,333.0530152320862
N,6,1279808943,0.0001,860160,282,0.04609929078014184,229.19858156028369,138,0.036231884057971016,229.55072463768116,93,0.021505376344086023,220.09677419354838,95,0.05263157894736842,238.57894736842104,96,0.03125,228.96875,92,0.08695652173913043,239.15217391304347,99,0.08080808080808081,228.04040404040404,272,0.04411764705882353,233.1433823529412,7252,7252,333.0530152320862
N,6,1279808943,0.0001,880640,282,0.08865248226950355,276.4503546099291,138,0.036231884057971016,270.27536231884056,93,0.043010752688172046,262.3333333333333,95,0.08421052631578947,285.6,96,0.03125,262.8541666666667,92,0.10869565217391304,281.04347826086956,99,0.15151515151515152,273.37373737373736,272,0.09191176470588236,277.81617647058823,7252,7252,333.0530152320862
N,6,1279808943,0.0001,901120,282,0.04964539007092199,228.58156028368793,138,0.028985507246376812,225.7826086956522,93,0.0,216.8709677419355,95,0.042105263157894736,234.97894736842105,96,0.041666666666666664,227.16666666666666,92,0.06521739130434782,238.0326086956522,99,0.020202020202020204,219.12121212121212,272,0.051470588235294115,232.11029411764707,7252,7252,333.0530152320862
N,6,1279808943,0.0001,921600,282,0.024822695035460994,199.67730496453902,138,0.007246376811594203,196.95652173913044,93,0.010752688172043012,190.70967741935485,95,0.031578947368421054,207.9578947368421,96,0.010416666666666666,206.14583333333334,92,0.03260869565217391,205.06521739130434,99,0.020202020202020204,194.05050505050505,272,0.04779411764705882,208.72058823529412,7252,7252,333.0530152320862
N,6,1279808943,0.0001,942080,282,0.03546099290780142,220.37943262411346,138,0.0,216.82608695652175,93,0.0,206.86021505376345,95,0.021052631578947368,228.42105263157896,96,0.052083333333333336,227.09375,92,0.03260869565217391,230.90217391304347,99,0.030303030303030304,206.88888888888889,272,0.06985294117647059,234.47058823529412,7252,7252,333.0530152320862
N,6,1279808943,0.0001,962560,282,0.03900709219858156,223.8404255319149,138,0.014492753623188406,220.3985507246377,93,0.0,209.43010752688173,95,0.042105263157894736,230.44210526315788,96,0.052083333333333336,230.17708333333334,92,0.043478260869565216,232.84782608695653,99,0.04040404040404041,213.74747474747474,272,0.0661764705882353,237.5441176470588,7252,7252,333.0530152320862
N,6,1279808943,0.0001,983040,282,0.08865248226950355,271.2340425531915,138,0.07246376811594203,271.1449275362319,93,0.043010752688172046,253.20430107526883,95,0.09473684210526316,278.17894736842106,96,0.08333333333333333,265.53125,92,0.09782608695652174,279.6521739130435,99,0.1111111111111111,256.050505050505,272,0.08088235294117647,273.5882352941176,7252,7252,333.0530152320862
N,6,1279808943,0.0001,1003520,282,0.1347517730496454,313.4751773049645,138,0.10869565217391304,315.78985507246375,93,0.0967741935483871,299.78494623655916,95,0.14736842105263157,324.7473684210526,96,0.10416666666666667,302.71875,92,0.17391304347826086,327.55434782608694,99,0.20202020202020202,300.62626262626264,272,0.11764705882352941,316.6029411764706,7252,7252,333.0530152320862
N,6,1279808943,0.0001,1024000,282,0.23049645390070922,374.2517730496454,138,0.18115942028985507,372.3623188405797,93,0.15053763440860216,359.9139784946237,95,0.24210526315789474,380.2315789473684,96,0.16666666666666666,363.28125,92,0.2826086956521739,379.39130434782606,99,0.2727272727272727,357.5050505050505,272,0.21323529411764705,377.28308823529414,7252,7252,333.0530152320862
N,6,1279808943,0.0001,1044480,282,0.21631205673758866,357.7588652482269,138,0.13768115942028986,356.2608695652174,93,0.13978494623655913,345.2903225806452,95,0.21052631578947367,365.53684210526313,96,0.13541666666666666,348.2708333333333,92,0.2608695652173913,367.8369565217391,99,0.24242424242424243,344.54545454545456,272,0.20220588235294118,364.5367647058824,7252,7252,333.0530152320862
N,6,1279808943,0.0001,1064960,282,0.46808510638297873,408.06382978723406,138,0.42028985507246375,416.90579710144925,93,0.3548387096774194,405.6236559139785,95,0.47368421052631576,418.5263157894737,96,0.4166666666666667,405.75,92,0.4891304347826087,415.57608695652175,99,0.42424242424242425,381.42424242424244,272,0.41911764705882354,422.0110294117647,7252,7252,333.0530152320862
N,6,1279808943,0.0001,1085440,282,0.9645390070921985,493.48581560283685,138,0.9855072463768116,498.60869565217394,93,0.978494623655914,496.7956989247312,95,0.9894736842105263,499.69473684210527,96,1.0,500.0,92,0.967391304347826,494.79347826086956,99,0.9595959595959596,495.93939393939394,272,0.9411764705882353,490.62867647058823,7252,7252,333.0530152320862
N,6,1279808943,0.0001,1105920,282,0.8191489361702128,476.13829787234044,138,0.8768115942028986,490.0507246376812,93,0.8817204301075269,482.61290322580646,95,0.8736842105263158,490.06315789473683,96,0.8333333333333334,483.3125,92,0.8586956521739131,480.9673913043478,99,0.7272727272727273,458.9191919191919,272,0.8345588235294118,477.10661764705884,7252,7252,333.0530152320862
N,6,1279808943,0.0001,1126400,282,0.9787234042553191,494.4822695035461,138,0.9927536231884058,499.84057971014494,93,0.967741935483871,487.80645161290323,95,1.0,500.0,96,1.0,500.0,92,0.967391304347826,498.0869565217391,99,0.98989898989899,499.969696969697,272,0.9558823529411765,487.2022058823529,7252,7252,333.0530152320862
N,6,1279808943,0.0001,1146880,282,0.9858156028368794,497.3049645390071,138,0.9927536231884058,499.90579710144925,93,1.0,500.0,95,1.0,500.0,96,1.0,500.0,92,1.0,500.0,99,1.0,500.0,272,0.9632352941176471,492.3970588235294,7252,7252,333.0530152320862
N,6,1279808943,0.0001,1167360,282,0.9822695035460993,496.64539007092196,138,1.0,500.0,93,1.0,500.0,95,1.0,500.0,96,1.0,500.0,92,0.9782608695652174,495.2826086956522,99,1.0,500.0,272,0.9595588235294118,493.3014705882353,7252,7252,333.0530152320862
N,6,1279808943,0.0001,1187840,282,0.9929078014184397,497.24468085106383,138,1.0,500.0,93,1.0,500.0,95,1.0,500.0,96,1.0,500.0,92,0.9891304347826086,499.7173913043478,99,1.0,500.0,272,0.9669117647058824,493.7720588235294,7252,7252,333.0530152320862
N,6,1279808943,0.0001,1208320,282,0.925531914893617,485.93971631205676,138,0.9855072463768116,499.3695652173913,93,0.978494623655914,492.0430107526882,95,0.9578947368421052,494.9789473684211,96,1.0,500.0,92,0.9239130434782609,489.0,99,0.8585858585858586,466.6666666666667,272,0.9301470588235294,485.7242647058824,7252,7252,333.0530152320862
N,6,1279808943,0.0001,1228800,282,0.8617021276595744,471.98581560283685,138,0.9710144927536232,494.90579710144925,93,0.978494623655914,491.8279569892473,95,0.9368421052631579,482.7157894736842,96,0.9791666666666666,495.28125,92,0.8913043478260869,478.0217391304348,99,0.8787878787878788,466.77777777777777,272,0.9044117647058824,478.4375,7252,7252,333.0530152320862
N,7,4026425123,0.0001,0,282,0.0,13.73049645390071,138,0.0,16.920289855072465,93,0.0,20.72043010752688,95,0.0,17.126315789473683,96,0.0,17.791666666666668,92,0.0,13.923913043478262,99,0.0,12.555555555555555,272,0.0,13.676470588235293,6599,6599,333.8737108707428
N,7,4026425123,0.0001,20480,282,0.02127659574468085,75.76950354609929,138,0.0,61.507246376811594,93,0.0,63.44086021505376,95,0.0,64.5578947368421,96,0.010416666666666666,78.09375,92,0.021739130434782608,76.44565217391305,99,0.010101010101010102,55.94949494949495,272,0.04779411764705882,101.99264705882354,6599,6599,333.8737108707428
N,7,4026425123,0.0001,40960,282,0.024822695035460994,92.11347517730496,138,0.0,92.51449275362319,93,0.0,88.59139784946237,95,0.031578947368421054,93.10526315789474,96,0.010416666666666666,99.01041666666667,92,0.021739130434782608,97.1304347826087,99,0.020202020202020204,75.86868686868686,272,0.029411764705882353,106.16176470588235,6599,6599,333.8737108707428
N,7,4026425123,0.0001,61440,282,0.03900709219858156,210.9078014184397,138,0.0,213.9855072463768,93,0.0,203.69892473118279,95,0.031578947368421054,213.47368421052633,96,0.020833333333333332,216.78125,92,0.043478260869565216,223.30434782608697,99,0.04040404040404041,188.85858585858585,272,0.0625,213.42279411764707,6599,6599,333.8737108707428
N,7,4026425123,0.0001,81920,282,0.19858156028368795,296.677304964539,138,0.11594202898550725,290.81159420289856,93,0.12903225806451613,290.0967741935484,95,0.15789473684210525,277.94736842105266,96,0.15625,292.6875,92,0.2391304347826087,299.8804347826087,99,0.15151515151515152,238.7070707070707,272,0.22426470588235295,330.2977941176471,6599,6599,333.8737108707428
N,7,4026425123,0.0001,102400,282,0.41843971631205673,387.01063829787233,138,0.2898550724637681,377.1449275362319,93,0.3225806451612903,374.1720430107527,95,0.3263157894736842,368.29473684210524,96,0.375,386.3958333333333,92,0.41304347826086957,381.3369565217391,99,0.26262626262626265,323.27272727272725,272,0.3235294117647059,382.98161764705884,6599,6599,333.8737108707428
N,7,4026425123,0.0001,122880,282,0.2198581560283688,289.177304964539,138,0.10869565217391304,272.27536231884056,93,0.11827956989247312,267.68817204301075,95,0.10526315789473684,264.89473684210526,96,0.17708333333333334,291.2604166666667,92,0.1956521739130435,294.2608695652174,99,0.09090909090909091,229.64646464646464,272,0.10661764705882353,267.39338235294116,6599,6599,333.8737108707428
N,7,4026425123,0.0001,143360,282,0.1453900709219858,281.3900709219858,138,0.07246376811594203,268.94202898550725,93,0.0967741935483871,272.80645161290323,95,0.14736842105263157,262.93684210526317,96,0.125,272.65625,92,0.18478260869565216,285.82608695652175,99,0.10101010101010101,232.43434343434345,272,0.17647058823529413,312.4595588235294,6599,6599,333.8737108707428
N,7,4026425123,0.0001,163840,282,0.6702127659574468,444.4432624113475,138,0.5579710144927537,440.28985507246375,93,0.5806451612903226,440.6236559139785,95,0.5684210526315789,431.9894736842105,96,0.6458333333333334,452.65625,92,0.6195652173913043,447.7173913043478,99,0.5757575757575758,415.7070707070707,272,0.5,432.12132352941177,6599,6599,333.8737108707428
N,7,4026425123,0.0001,184320,282,0.3723404255319149,352.48936170212767,138,0.43478260869565216,380.4347826086956,93,0.3763440860215054,369.0752688172043,95,0.4631578947368421,377.5473684210526,96,0.4583333333333333,364.0104166666667,92,0.4673913043478261,373.70652173913044,99,0.31313131313131315,309.09090909090907,272,0.34191176470588236,372.28308823529414,6599,6599,333.8737108707428
N,7,4026425123,0.0001,204800,282,0.11702127659574468,248.52836879432624,138,0.10869565217391304,251.4927536231884,93,0.06451612903225806,239.25806451612902,95,0.06315789473684211,228.31578947368422,96,0.052083333333333336,248.38541666666666,92,0.14130434782608695,252.66304347826087,99,0.050505050505050504,202.46464646464648,272,0.10661764705882353,264.9117647058824,6599,6599,333.8737108707428
N,7,4026425123,0.0001,225280,282,0.08865248226950355,224.41843971631207,138,0.050724637681159424,217.55072463768116,93,0.053763440860215055,209.91397849462365,95,0.031578947368421054,200.43157894736842,96,0.010416666666666666,208.32291666666666,92,0.07608695652173914,220.47826086956522,99,0.04040404040404041,178.56565656565655,272,0.06985294117647059,242.32720588235293,6599,6599,333.8737108707428
N,7,4026425123,0.0001,245760,282,0.09574468085106383,225.5035460992908,138,0.057971014492753624,216.05072463768116,93,0.021505376344086023,201.4731182795699,95,0.05263157894736842,197.23157894736843,96,0.052083333333333336,212.0,92,0.05434782608695652,211.5326086956522,99,0.020202020202020204,175.03030303030303,272,0.051470588235294115,246.26470588235293,6599,6599,333.8737108707428
N,7,4026425123,0.0001,266240,282,0.1347517730496454,282.6063829787234,138,0.06521739130434782,274.2028985507246,93,0.08602150537634409,273.5483870967742,95,0.10526315789473684,259.34736842105264,96,0.11458333333333333,267.9375,92,0.16304347826086957,288.0326086956522,99,0.09090909090909091,234.42424242424244,272,0.17647058823529413,319.4154411764706,6599,6599,333.8737108707428
N,7,4026425123,0.0001,286720,282,0.05673758865248227,225.91843971631207,138,0.043478260869565216,219.36231884057972,93,0.021505376344086023,213.29032258064515,95,0.010526315789473684,209.67368421052632,96,0.052083333333333336,227.33333333333334,92,0.07608695652173914,232.43478260869566,99,0.04040404040404041,191.77777777777777,272,0.058823529411764705,248.46691176470588,6599,6599,333.8737108707428
N,7,4026425123,0.0001,307200,282,0.08156028368794327,242.7340425531915,138,0.050724637681159424,232.69565217391303,93,0.053763440860215055,235.40860215053763,95,0.042105263157894736,225.0842105263158,96,0.0625,238.41666666666666,92,0.08695652173913043,247.34782608695653,99,0.04040404040404041,201.88888888888889,272,0.09926470588235294,274.9154411764706,6599,6599,333.8737108707428
N,7,4026425123,0.0001,327680,282,0.07092198581560284,250.29432624113474,138,0.043478260869565216,241.28985507246378,93,0.043010752688172046,223.3978494623656,95,0.010526315789473684,230.37894736842105,96,0.0625,245.10416666666666,92,0.08695652173913043,249.5108695652174,99,0.050505050505050504,208.83838383838383,272,0.03676470588235294,239.22426470588235,6599,6599,333.8737108707428
N,7,4026425123,0.0001,348160,282,0.07092198581560284,244.41843971631207,138,0.014492753623188406,226.64492753623188,93,0.010752688172043012,215.6451612903226,95,0.042105263157894736,229.74736842105264,96,0.03125,242.75,92,0.08695652173913043,244.5,99,0.050505050505050504,217.41414141414143,272,0.04411764705882353,224.77941176470588,6599,6599,333.8737108707428
N,7,4026425123,0.0001,368640,282,0.05319148936170213,224.02836879432624,138,0.043478260869565216,220.42753623188406,93,0.0,199.0752688172043,95,0.010526315789473684,212.89473684210526,96,0.020833333333333332,224.40625,92,0.06521739130434782,224.52173913043478,99,0.050505050505050504,202.55555555555554,272,0.03676470588235294,213.76470588235293,6599,6599,333.8737108707428
N,7,4026425123,0.0001,389120,282,0.03900709219858156,221.7163120567376,138,0.021739130434782608,208.3768115942029,93,0.021505376344086023,200.74193548387098,95,0.010526315789473684,208.81052631578947,96,0.03125,224.28125,92,0.043478260869565216,216.52173913043478,99,0.050505050505050504,204.74747474747474,272,0.03308823529411765,208.75735294117646,6599,6599,333.8737108707428
N,7,4026425123,0.0001,409600,282,0.014184397163120567,217.07801418439718,138,0.014492753623188406,209.91304347826087,93,0.010752688172043012,196.61290322580646,95,0.031578947368421054,211.8842105263158,96,0.020833333333333332,222.70833333333334,92,0.03260869565217391,220.16304347826087,99,0.04040404040404041,198.17171717171718,272,0.029411764705882353,209.73529411764707,6599,6599,333.8737108707428
N,7,4026425123,0.0001,430080,282,0.014184397163120567,196.7340425531915,138,0.0,189.3695652173913,93,0.0,180.96774193548387,95,0.010526315789473684,191.97894736842105,96,0.0,202.64583333333334,92,0.021739130434782608,197.47826086956522,99,0.020202020202020204,184.91919191919192,272,0.029411764705882353,191.59191176470588,6599,6599,333.8737108707428
N,7,4026425123,0.0001,450560,282,0.06382978723404255,272.57801418439715,138,0.021739130434782608,253.57971014492753,93,0.053763440860215055,248.6236559139785,95,0.042105263157894736,252.4842105263158,96,0.07291666666666667,278.0208333333333,92,0.07608695652173914,268.1195652173913,99,0.09090909090909091,258.6666666666667,272,0.051470588235294115,253.27573529411765,6599,6599,333.8737108707428
N,7,4026425123,0.0001,471040,282,0.05319148936170213,240.44326241134752,138,0.028985507246376812,223.55797101449275,93,0.043010752688172046,219.11827956989248,95,0.042105263157894736,224.94736842105263,96,0.0625,250.75,92,0.03260869565217391,233.57608695652175,99,0.050505050505050504,229.7979797979798,272,0.04411764705882353,229.61764705882354,6599,6599,333.8737108707428
N,7,4026425123,0.0001,491520,282,0.024822695035460994,197.6241134751773,138,0.021739130434782608,193.42753623188406,93,0.010752688172043012,182.80645161290323,95,0.010526315789473684,189.2,96,0.03125,208.58333333333334,92,0.010869565217391304,195.68478260869566,99,0.020202020202020204,187.8989898989899,272,0.029411764705882353,191.3639705882353,6599,6599,333.8737108707428
N,7,4026425123,0.0001,512000,282,0.0425531914893617,228.50709219858157,138,0.028985507246376812,216.09420289855072,93,0.010752688172043012,208.01075268817203,95,0.021052631578947368,213.66315789473686,96,0.0625,237.71875,92,0.043478260869565216,225.6086956521739,99,0.020202020202020204,215.2020202020202,272,0.03676470588235294,217.12867647058823,6599,6599,333.8737108707428
N,7,4026425123,0.0001,532480,282,0.03546099290780142,213.53191489361703,138,0.028985507246376812,204.45652173913044,93,0.010752688172043012,195.18279569892474,95,0.021052631578947368,202.23157894736843,96,0.041666666666666664,221.63541666666666,92,0.03260869565217391,211.06521739130434,99,0.010101010101010102,198.33333333333334,272,0.03308823529411765,205.95220588235293,6599,6599,333.8737108707428
N,7,4026425123,0.0001,552960,282,0.024822695035460994,205.81560283687944,138,0.028985507246376812,197.32608695652175,93,0.0,190.29032258064515,95,0.010526315789473684,194.73684210526315,96,0.020833333333333332,217.1875,92,0.03260869565217391,198.16304347826087,99,0.020202020202020204,196.1818181818182,272,0.03308823529411765,195.95955882352942,6599,6599,333.8737108707428
N,7,4026425123,0.0001,573440,282,0.06028368794326241,256.11347517730496,138,0.007246376811594203,235.79710144927537,93,0.03225806451612903,230.51612903225808,95,0.042105263157894736,237.26315789473685,96,0.07291666666666667,262.65625,92,0.05434782608695652,252.56521739130434,99,0.0707070707070707,246.45454545454547,272,0.07352941176470588,247.15073529411765,6599,6599,333.8737108707428
N,7,4026425123,0.0001,593920,282,0.1347517730496454,323.3049645390071,138,0.07246376811594203,298.7028985507246,93,0.08602150537634409,296.0860215053763,95,0.06315789473684211,298.69473684210527,96,0.11458333333333333,319.5625,92,0.11956521739130435,320.4347826086956,99,0.2222222222222222,315.2929292929293,272,0.10294117647058823,304.80882352941177,6599,6599,333.8737108707428
N,7,4026425123,0.0001,614400,282,0.1099290780141844,316.64539007092196,138,0.036231884057971016,293.69565217391306,93,0.07526881720430108,291.4193548387097,95,0.05263157894736842,294.5263157894737,96,0.07291666666666667,314.4375,92,0.09782608695652174,313.0108695652174,99,0.1717171717171717,309.7878787878788,272,0.09558823529411764,300.72058823529414,6599,6599,333.8737108707428
N,7,4026425123,0.0001,634880,282,0.04964539007092199,228.55673758865248,138,0.036231884057971016,216.34057971014494,93,0.010752688172043012,208.3978494623656,95,0.031578947368421054,214.26315789473685,96,0.052083333333333336,238.375,92,0.05434782608695652,224.79347826086956,99,0.020202020202020204,213.37373737373738,272,0.04044117647058824,219.27205882352942,6599,6599,333.8737108707428
N,7,4026425123,0.0001,655360,282,0.04609929078014184,237.10992907801418,138,0.043478260869565216,224.81159420289856,93,0.03225806451612903,215.94623655913978,95,0.021052631578947368,222.22105263157894,96,0.07291666666666667,247.79166666666666,92,0.043478260869565216,231.90217391304347,99,0.06060606060606061,227.88888888888889,272,0.05514705882352941,228.375,6599,6599,333.8737108707428
N,7,4026425123,0.0001,675840,282,0.1099290780141844,311.86170212765956,138,0.06521739130434782,289.7826086956522,93,0.053763440860215055,283.8494623655914,95,0.05263157894736842,287.42105263157896,96,0.125,312.1979166666667,92,0.11956521739130435,309.2282608695652,99,0.18181818181818182,301.6161616161616,272,0.09191176470588236,294.7977941176471,6599,6599,333.8737108707428
N,7,4026425123,0.0001,696320,282,0.05673758865248227,242.6241134751773,138,0.036231884057971016,227.2753623188406,93,0.03225806451612903,219.20430107526883,95,0.042105263157894736,226.8736842105263,96,0.08333333333333333,252.4375,92,0.07608695652173914,241.3695652173913,99,0.030303030303030304,228.96969696969697,272,0.04779411764705882,228.2683823529412,6599,6599,333.8737108707428
N,7,4026425123,0.0001,716800,282,0.1524822695035461,334.7163120567376,138,0.07971014492753623,311.3550724637681,93,0.0967741935483871,306.4516129032258,95,0.08421052631578947,310.81052631578945,96,0.17708333333333334,332.96875,92,0.16304347826086957,332.5869565217391,99,0.21212121212121213,323.4646464646465,272,0.1213235294117647,317.9852941176471,6599,6599,333.8737108707428
N,7,4026425123,0.0001,737280,282,0.20212765957446807,362.8049645390071,138,0.09420289855072464,338.7391304347826,93,0.11827956989247312,329.0967741935484,95,0.12631578947368421,335.85263157894735,96,0.19791666666666666,358.03125,92,0.22826086956521738,357.8152173913044,99,0.23232323232323232,341.26262626262627,272,0.1875,350.7610294117647,6599,6599,333.8737108707428
N,7,4026425123,0.0001,757760,282,0.2978723404255319,403.17021276595744,138,0.18115942028985507,387.54347826086956,93,0.15053763440860216,373.21505376344084,95,0.22105263157894736,381.41052631578947,96,0.23958333333333334,396.8125,92,0.32608695652173914,400.2717391304348,99,0.3434343434343434,383.62626262626264,272,0.22794117647058823,388.2904411764706,6599,6599,333.8737108707428
N,7,4026425123,0.0001,778240,282,0.9822695035460993,498.04609929078015,138,0.9927536231884058,499.4492753623188,93,0.989247311827957,495.5806451612903,95,1.0,500.0,96,1.0,500.0,92,0.967391304347826,498.70652173913044,99,0.9797979797979798,494.3131313131313,272,0.9522058823529411,486.4375,6599,6599,333.8737108707428
N,7,4026425123,0.0001,798720,282,0.9893617021276596,499.3936170212766,138,1.0,500.0,93,1.0,500.0,95,1.0,500.0,96,1.0,500.0,92,0.9782608695652174,499.44565217391306,99,0.9797979797979798,494.5050505050505,272,0.9448529411764706,485.68382352941177,6599,6599,333.8737108707428
N,7,4026425123,0.0001,819200,282,0.9858156028368794,497.52127659574467,138,0.9927536231884058,499.80434782608694,93,1.0,500.0,95,1.0,500.0,96,1.0,500.0,92,0.9891304347826086,495.67391304347825,99,0.9797979797979798,498.8888888888889,272,0.9485294117647058,490.4595588235294,6599,6599,333.8737108707428
N,7,4026425123,0.0001,839680,282,0.9893617021276596,498.23758865248226,138,0.9927536231884058,499.8478260869565,93,1.0,500.0,95,0.9894736842105263,498.5263157894737,96,1.0,500.0,92,0.967391304347826,494.5978260869565,99,0.9797979797979798,495.93939393939394,272,0.9227941176470589,486.0735294117647,6599,6599,333.8737108707428
N,7,4026425123,0.0001,860160,282,0.9893617021276596,497.86524822695037,138,0.9927536231884058,498.77536231884056,93,0.989247311827957,495.752688172043,95,1.0,500.0,96,1.0,500.0,92,0.9891304347826086,495.4782608695652,99,0.9797979797979798,495.7878787878788,272,0.9301470588235294,486.4522058823529,6599,6599,333.8737108707428
N,7,4026425123,0.0001,880640,282,0.975177304964539,496.02127659574467,138,1.0,500.0,93,1.0,500.0,95,1.0,500.0,96,1.0,500.0,92,0.967391304347826,495.04347826086956,99,0.98989898989899,499.82828282828285,272,0.9375,487.8970588235294,6599,6599,333.8737108707428
N,7,4026425123,0.0001,901120,282,0.9929078014184397,498.4609929078014,138,1.0,500.0,93,1.0,500.0,95,1.0,500.0,96,1.0,500.0,92,0.9891304347826086,495.55434782608694,99,0.98989898989899,498.4949494949495,272,0.9154411764705882,484.30882352941177,6599,6599,333.8737108707428
N,7,4026425123,0.0001,921600,282,0.950354609929078,492.1737588652482,138,0.9782608695652174,495.54347826086956,93,0.989247311827957,495.7096774193548,95,0.9578947368421052,493.85263157894735,96,1.0,500.0,92,0.9782608695652174,495.4021739130435,99,0.9393939393939394,480.4646464646465,272,0.9227941176470589,486.2022058823529,6599,6599,333.8737108707428
N,7,4026425123,0.0001,942080,282,0.7907801418439716,466.3191489361702,138,0.8695652173913043,482.59420289855075,93,0.8064516129032258,469.40860215053766,95,0.8315789473684211,477.2315789473684,96,0.8020833333333334,473.65625,92,0.8260869565217391,473.9130434782609,99,0.6161616161616161,422.42424242424244,272,0.7757352941176471,464.5110294117647,6599,6599,333.8737108707428
N,7,4026425123,0.0001,962560,282,0.9858156028368794,498.12056737588654,138,0.9927536231884058,499.8550724637681,93,1.0,500.0,95,1.0,500.0,96,1.0,500.0,92,0.9782608695652174,495.19565217391306,99,0.9797979797979798,495.949494949495,272,0.9485294117647058,489.9522058823529,6599,6599,333.8737108707428
N,7,4026425123,0.0001,983040,282,0.7198581560283688,445.97163120567376,138,0.8188405797101449,478.8985507246377,93,0.8817204301075269,474.06451612903226,95,0.8105263157894737,473.38947368421054,96,0.7708333333333334,455.9791666666667,92,0.782608695652174,457.44565217391306,99,0.6666666666666666,416.77777777777777,272,0.7904411764705882,465.09191176470586,6599,6599,333.8737108707428
N,7,4026425123,0.0001,1003520,282,0.5709219858156028,419.2659574468085,138,0.5434782608695652,437.71014492753625,93,0.5591397849462365,436.4623655913978,95,0.6105263157894737,431.6842105263158,96,0.5520833333333334,419.625,92,0.6086956521739131,431.0869565217391,99,0.47474747474747475,384.24242424242425,272,0.5992647058823529,440.6617647058824,6599,6599,333.8737108707428
N,7,4026425123,0.0001,1024000,282,0.9219858156028369,485.6737588652482,138,0.9782608695652174,495.2971014492754,93,0.989247311827957,495.68817204301075,95,0.968421052631579,489.9684210526316,96,1.0,500.0,92,0.9347826086956522,491.20652173913044,99,0.9292929292929293,483.77777777777777,272,0.9264705882352942,485.91911764705884,6599,6599,333.8737108707428
N,7,4026425123,0.0001,1044480,282,0.8404255319148937,464.8900709219858,138,0.9492753623188406,488.5289855072464,93,0.956989247311828,483.78494623655916,95,0.9789473684210527,492.37894736842105,96,0.90625,477.875,92,0.9021739130434783,475.2608695652174,99,0.7676767676767676,431.72727272727275,272,0.8823529411764706,471.3345588235294,6599,6599,333.8737108707428
N,7,4026425123,0.0001,1064960,282,0.9893617021276596,496.6985815602837,138,1.0,500.0,93,1.0,500.0,95,1.0,500.0,96,1.0,500.0,92,0.9891304347826086,495.5108695652174,99,1.0,500.0,272,0.9154411764705882,483.86764705882354,6599,6599,333.8737108707428
N,7,4026425123,0.0001,1085440,282,0.7624113475177305,465.0070921985816,138,0.8478260869565217,483.463768115942,93,0.8494623655913979,478.9139784946237,95,0.8210526315789474,483.0736842105263,96,0.8020833333333334,475.71875,92,0.8586956521739131,478.39130434782606,99,0.7070707070707071,447.72727272727275,272,0.8051470588235294,472.3014705882353,6599,6599,333.8737108707428
N,7,4026425123,0.0001,1105920,282,0.9290780141843972,487.6843971631206,138,0.9710144927536232,495.6304347826087,93,0.989247311827957,495.83870967741933,95,0.9789473684210527,495.33684210526314,96,1.0,500.0,92,0.967391304347826,493.07608695652175,99,0.9595959595959596,491.85858585858585,272,0.9375,488.00367647058823,6599,6599,333.8737108707428
N,7,4026425123,0.0001,1126400,282,0.9042553191489362,487.0354609929078,138,0.9492753623188406,494.6376811594203,93,0.978494623655914,495.23655913978496,95,0.9368421052631579,494.0421052631579,96,0.9791666666666666,496.1875,92,0.9130434782608695,485.17391304347825,99,0.898989898989899,480.25252525252523,272,0.9044117647058824,485.59558823529414,6599,6599,333.8737108707428
N,7,4026425123,0.0001,1146880,282,0.9184397163120568,491.1099290780142,138,0.9710144927536232,495.1231884057971,93,0.978494623655914,495.4623655913978,95,0.968421052631579,497.11578947368423,96,0.9895833333333334,498.6145833333333,92,0.9239130434782609,490.8695652173913,99,0.9595959595959596,492.3030303030303,272,0.9191176470588235,487.76838235294116,6599,6599,333.8737108707428
N,7,4026425123,0.0001,1167360,282,0.9219858156028369,488.9255319148936,138,0.9565217391304348,495.78985507246375,93,0.967741935483871,495.5806451612903,95,0.9473684210526315,494.0,96,0.9791666666666666,497.3958333333333,92,0.9565217391304348,492.3695652173913,99,0.9393939393939394,490.57575757575756,272,0.8823529411764706,485.7610294117647,6599,6599,333.8737108707428
N,7,4026425123,0.0001,1187840,282,0.9645390070921985,494.79432624113474,138,0.9927536231884058,499.77536231884056,93,1.0,500.0,95,0.9894736842105263,498.5052631578947,96,1.0,500.0,92,0.9782608695652174,494.7391304347826,99,0.9797979797979798,498.6969696969697,272,0.9522058823529411,492.5735294117647,6599,6599,333.8737108707428
N,7,4026425123,0.0001,1208320,282,0.9539007092198581,496.677304964539,138,1.0,500.0,93,1.0,500.0,95,0.968421052631579,496.3157894736842,96,1.0,500.0,92,0.967391304347826,498.75,99,0.9696969696969697,498.75757575757575,272,0.9485294117647058,492.6507352941176,6599,6599,333.8737108707428
N,7,4026425123,0.0001,1228800,282,0.9964539007092199,498.56382978723406,138,1.0,500.0,93,1.0,500.0,95,1.0,500.0,96,1.0,500.0,92,1.0,500.0,99,1.0,500.0,272,0.9669117647058824,491.30882352941177,6599,6599,333.8737108707428
N,8,2192848405,0.0001,0,282,0.0,52.769503546099294,138,0.0,58.04347826086956,93,0.0,61.215053763440864,95,0.0,52.32631578947368,96,0.0,64.98958333333333,92,0.0,55.32608695652174,99,0.0,39.313131313131315,272,0.0,59.14705882352941,6808,6808,337.1308331489563
N,8,2192848405,0.0001,20480,282,0.0,59.758865248226954,138,0.0,60.427536231884055,93,0.0,61.774193548387096,95,0.0,57.14736842105263,96,0.03125,81.16666666666667,92,0.0,69.70652173913044,99,0.0,46.333333333333336,272,0.025735294117647058,84.30882352941177,6808,6808,337.1308331489563
N,8,2192848405,0.0001,40960,282,0.0035460992907801418,91.34751773049645,138,0.0,91.1376811594203,93,0.0,94.23655913978494,95,0.0,86.98947368421052,96,0.0,102.95833333333333,92,0.0,91.8804347826087,99,0.0,66.5050505050505,272,0.014705882352941176,104.76102941176471,6808,6808,337.1308331489563
N,8,2192848405,0.0001,61440,282,0.028368794326241134,204.7659574468085,138,0.0,205.32608695652175,93,0.0,220.8494623655914,95,0.010526315789473684,198.4,96,0.03125,222.66666666666666,92,0.03260869565217391,208.43478260869566,99,0.0,156.67676767676767,272,0.051470588235294115,215.88970588235293,6808,6808,337.1308331489563
N,8,2192848405,0.0001,81920,282,0.2872340425531915,314.4645390070922,138,0.2536231884057971,333.4347826086956,93,0.27956989247311825,327.64516129032256,95,0.18947368421052632,309.77894736842103,96,0.3229166666666667,336.90625,92,0.2826086956521739,323.8152173913044,99,0.13131313131313133,257.5353535353535,272,0.28308823529411764,333.87867647058823,6808,6808,337.1308331489563
N,8,2192848405,0.0001,102400,282,0.13829787234042554,267.10283687943263,138,0.08695652173913043,264.5072463768116,93,0.0967741935483871,259.48387096774195,95,0.08421052631578947,248.02105263157895,96,0.125,268.25,92,0.11956521739130435,265.89130434782606,99,0.050505050505050504,202.63636363636363,272,0.1323529411764706,288.2610294117647,6808,6808,337.1308331489563
N,8,2192848405,0.0001,122880,282,0.0673758865248227,246.10638297872342,138,0.043478260869565216,232.7246376811594,93,0.07526881720430108,237.38709677419354,95,0.07368421052631578,232.4,96,0.09375,247.32291666666666,92,0.05434782608695652,253.0108695652174,99,0.09090909090909091,211.04040404040404,272,0.07352941176470588,260.1360294117647,6808,6808,337.1308331489563
N,8,2192848405,0.0001,143360,282,0.06382978723404255,252.95390070921985,138,0.036231884057971016,238.57246376811594,93,0.021505376344086023,243.58064516129033,95,0.08421052631578947,238.0842105263158,96,0.08333333333333333,248.5,92,0.10869565217391304,258.6521739130435,99,0.0707070707070707,215.37373737373738,272,0.08088235294117647,278.00735294117646,6808,6808,337.1308331489563
N,8,2192848405,0.0001,163840,282,0.21631205673758866,324.3014184397163,138,0.15942028985507245,318.92753623188406,93,0.13978494623655913,313.18279569892474,95,0.1368421052631579,297.9894736842105,96,0.14583333333333334,309.9166666666667,92,0.1956521739130435,315.3152173913044,99,0.1111111111111111,265.24242424242425,272,0.2426470588235294,348.0625,6808,6808,337.1308331489563
N,8,2192848405,0.0001,184320,282,0.2127659574468085,316.0248226950355,138,0.14492753623188406,302.07971014492756,93,0.15053763440860216,298.9032258064516,95,0.14736842105263157,295.7578947368421,96,0.21875,317.9791666666667,92,0.20652173913043478,317.6847826086956,99,0.09090909090909091,257.34343434343435,272,0.13602941176470587,308.91911764705884,6808,6808,337.1308331489563
N,8,2192848405,0.0001,204800,282,0.37943262411347517,377.677304964539,138,0.2898550724637681,372.65942028985506,93,0.3118279569892473,368.3763440860215,95,0.2736842105263158,353.4421052631579,96,0.2916666666666667,368.2083333333333,92,0.358695652173913,365.7391304347826,99,0.21212121212121213,307.42424242424244,272,0.36764705882352944,385.8639705882353,6808,6808,337.1308331489563
N,8,2192848405,0.0001,225280,282,0.23049645390070922,333.7588652482269,138,0.15217391304347827,320.21014492753625,93,0.11827956989247312,306.247311827957,95,0.14736842105263157,314.66315789473686,96,0.22916666666666666,341.5625,92,0.20652173913043478,331.4130434782609,99,0.15151515151515152,284.54545454545456,272,0.10661764705882353,305.6029411764706,6808,6808,337.1308331489563
N,8,2192848405,0.0001,245760,282,0.1276595744680851,310.28723404255317,138,0.09420289855072464,292.4782608695652,93,0.07526881720430108,279.23655913978496,95,0.10526315789473684,290.9789473684211,96,0.17708333333333334,318.4583333333333,92,0.16304347826086957,308.10869565217394,99,0.16161616161616163,280.62626262626264,272,0.07352941176470588,280.5147058823529,6808,6808,337.1308331489563
N,8,2192848405,0.0001,266240,282,0.1524822695035461,289.5390070921986,138,0.10144927536231885,275.8550724637681,93,0.06451612903225806,264.13978494623655,95,0.07368421052631578,263.82105263157894,96,0.10416666666666667,286.21875,92,0.14130434782608695,286.8369565217391,99,0.050505050505050504,233.5151515151515,272,0.0625,271.36764705882354,6808,6808,337.1308331489563
N,8,2192848405,0.0001,286720,282,0.19858156028368795,337.2482269503546,138,0.16666666666666666,319.10869565217394,93,0.0967741935483871,304.98924731182797,95,0.17894736842105263,317.05263157894734,96,0.23958333333333334,343.1875,92,0.20652173913043478,333.10869565217394,99,0.20202020202020202,298.1818181818182,272,0.11029411764705882,306.72058823529414,6808,6808,337.1308331489563
N,8,2192848405,0.0001,307200,282,0.1950354609929078,328.8581560283688,138,0.13043478260869565,313.55797101449275,93,0.06451612903225806,297.6236559139785,95,0.1368421052631579,307.85263157894735,96,0.15625,328.2083333333333,92,0.17391304347826086,324.3478260869565,99,0.13131313131313133,278.82828282828285,272,0.0625,300.84558823529414,6808,6808,337.1308331489563
N,8,2192848405,0.0001,327680,282,0.8156028368794326,477.9255319148936,138,0.8405797101449275,487.81159420289856,93,0.8064516129032258,480.83870967741933,95,0.8105263157894737,483.05263157894734,96,0.8854166666666666,487.2708333333333,92,0.8586956521739131,478.0217391304348,99,0.6464646464646465,447.4141414141414,272,0.7720588235294118,469.09191176470586,6808,6808,337.1308331489563
N,8,2192848405,0.0001,348160,282,0.25177304964539005,330.52836879432624,138,0.1956521739130435,332.7028985507246,93,0.16129032258064516,321.0860215053763,95,0.1368421052631579,322.34736842105264,96,0.1875,328.0833333333333,92,0.2391304347826087,334.60869565217394,99,0.12121212121212122,276.95959595959596,272,0.19852941176470587,338.6102941176471,6808,6808,337.1308331489563
N,8,2192848405,0.0001,368640,282,0.0851063829787234,253.41843971631207,138,0.050724637681159424,252.34782608695653,93,0.06451612903225806,246.0,95,0.021052631578947368,239.2421052631579,96,0.052083333333333336,256.625,92,0.15217391304347827,266.32608695652175,99,0.04040404040404041,208.94949494949495,272,0.07720588235294118,262.03308823529414,6808,6808,337.1308331489563
N,8,2192848405,0.0001,389120,282,0.15602836879432624,286.66312056737587,138,0.09420289855072464,289.4130434782609,93,0.06451612903225806,272.26881720430106,95,0.15789473684210525,292.2631578947368,96,0.16666666666666666,293.0208333333333,92,0.2608695652173913,307.89130434782606,99,0.13131313131313133,258.6363636363636,272,0.10661764705882353,285.8235294117647,6808,6808,337.1308331489563
N,8,2192848405,0.0001,409600,282,0.05673758865248227,237.01418439716312,138,0.0,230.92753623188406,93,0.0,220.8494623655914,95,0.07368421052631578,246.55789473684212,96,0.07291666666666667,244.29166666666666,92,0.10869565217391304,248.70652173913044,99,0.030303030303030304,212.56565656565655,272,0.01838235294117647,230.08455882352942,6808,6808,337.1308331489563
N,8,2192848405,0.0001,430080,282,0.028368794326241134,204.73758865248226,138,0.007246376811594203,202.20289855072463,93,0.021505376344086023,200.4516129032258,95,0.031578947368421054,199.29473684210527,96,0.03125,204.27083333333334,92,0.05434782608695652,209.7608695652174,99,0.030303030303030304,178.44444444444446,272,0.014705882352941176,208.17279411764707,6808,6808,337.1308331489563
N,8,2192848405,0.0001,450560,282,0.02127659574468085,198.96808510638297,138,0.007246376811594203,196.83333333333334,93,0.010752688172043012,193.752688172043,95,0.010526315789473684,187.66315789473686,96,0.010416666666666666,195.625,92,0.05434782608695652,200.41304347826087,99,0.030303030303030304,171.04040404040404,272,0.025735294117647058,206.4485294117647,6808,6808,337.1308331489563
N,8,2192848405,0.0001,471040,282,0.03900709219858156,207.92198581560282,138,0.043478260869565216,205.45652173913044,93,0.021505376344086023,200.79569892473117,95,0.021052631578947368,194.7157894736842,96,0.010416666666666666,201.67708333333334,92,0.06521739130434782,214.32608695652175,99,0.04040404040404041,174.97979797979798,272,0.03308823529411765,217.46691176470588,6808,6808,337.1308331489563
N,8,2192848405,0.0001,491520,282,0.014184397163120567,176.4113475177305,138,0.0,177.2463768115942,93,0.0,174.72043010752688,95,0.0,182.8421052631579,96,0.0,184.05208333333334,92,0.043478260869565216,193.5,99,0.010101010101010102,162.34343434343435,272,0.003676470588235294,177.8235294117647,6808,6808,337.1308331489563
N,8,2192848405,0.0001,512000,282,0.06382978723404255,256.5354609929078,138,0.021739130434782608,251.43478260869566,93,0.0,241.38709677419354,95,0.12631578947368421,269.7368421052632,96,0.07291666666666667,259.4166666666667,92,0.09782608695652174,263.8152173913044,99,0.06060606060606061,238.11111111111111,272,0.025735294117647058,252.87867647058823,6808,6808,337.1308331489563
N,8,2192848405,0.0001,532480,282,0.07446808510638298,267.0886524822695,138,0.043478260869565216,263.32608695652175,93,0.010752688172043012,251.04301075268816,95,0.09473684210526316,271.53684210526313,96,0.0625,267.7083333333333,92,0.11956521739130435,280.0217391304348,99,0.0707070707070707,240.2929292929293,272,0.04044117647058824,263.38235294117646,6808,6808,337.1308331489563
N,8,2192848405,0.0001,552960,282,0.15602836879432624,318.5496453900709,138,0.10144927536231885,323.1449275362319,93,0.053763440860215055,306.48387096774195,95,0.15789473684210525,327.2315789473684,96,0.14583333333333334,313.6979166666667,92,0.1956521739130435,331.32608695652175,99,0.16161616161616163,293.83838383838383,272,0.08088235294117647,313.1102941176471,6808,6808,337.1308331489563
N,8,2192848405,0.0001,573440,282,0.06028368794326241,257.1843971631206,138,0.028985507246376812,256.6811594202899,93,0.0,251.3548387096774,95,0.07368421052631578,270.18947368421055,96,0.010416666666666666,250.38541666666666,92,0.08695652173913043,266.0326086956522,99,0.050505050505050504,254.67676767676767,272,0.029411764705882353,244.4191176470588,6808,6808,337.1308331489563
N,8,2192848405,0.0001,593920,282,0.03900709219858156,213.07801418439718,138,0.014492753623188406,211.2536231884058,93,0.0,209.2258064516129,95,0.042105263157894736,226.25263157894736,96,0.010416666666666666,208.6875,92,0.043478260869565216,220.83695652173913,99,0.030303030303030304,214.1919191919192,272,0.025735294117647058,209.34926470588235,6808,6808,337.1308331489563
N,8,2192848405,0.0001,614400,282,0.028368794326241134,202.15248226950354,138,0.014492753623188406,200.5144927536232,93,0.0,197.61290322580646,95,0.021052631578947368,214.62105263157895,96,0.0,196.79166666666666,92,0.010869565217391304,205.47826086956522,99,0.030303030303030304,199.9090909090909,272,0.025735294117647058,198.79044117647058,6808,6808,337.1308331489563
N,8,2192848405,0.0001,634880,282,0.03546099290780142,196.82269503546098,138,0.036231884057971016,201.6014492753623,93,0.010752688172043012,194.3548387096774,95,0.0,204.1157894736842,96,0.0,195.77083333333334,92,0.043478260869565216,203.52173913043478,99,0.06060606060606061,198.87878787878788,272,0.01838235294117647,194.54779411764707,6808,6808,337.1308331489563
N,8,2192848405,0.0001,655360,282,0.031914893617021274,185.96099290780143,138,0.0,186.3913043478261,93,0.0,178.30107526881721,95,0.021052631578947368,197.37894736842105,96,0.020833333333333332,197.73958333333334,92,0.03260869565217391,196.8586956521739,99,0.020202020202020204,179.4949494949495,272,0.014705882352941176,188.49264705882354,6808,6808,337.1308331489563
N,8,2192848405,0.0001,675840,282,0.04609929078014184,228.4787234042553,138,0.014492753623188406,225.5072463768116,93,0.010752688172043012,214.90322580645162,95,0.05263157894736842,241.7578947368421,96,0.0625,233.76041666666666,92,0.06521739130434782,238.72826086956522,99,0.08080808080808081,222.64646464646464,272,0.029411764705882353,225.11029411764707,6808,6808,337.1308331489563
N,8,2192848405,0.0001,696320,282,0.04964539007092199,225.88297872340425,138,0.028985507246376812,224.19565217391303,93,0.010752688172043012,212.63440860215053,95,0.07368421052631578,241.7578947368421,96,0.052083333333333336,229.94791666666666,92,0.06521739130434782,232.9673913043478,99,0.0707070707070707,222.55555555555554,272,0.029411764705882353,222.4485294117647,6808,6808,337.1308331489563
N,8,2192848405,0.0001,716800,282,0.03546099290780142,217.18085106382978,138,0.021739130434782608,218.45652173913044,93,0.010752688172043012,206.2688172043011,95,0.05263157894736842,228.43157894736842,96,0.03125,221.3125,92,0.07608695652173914,225.1086956521739,99,0.06060606060606061,217.03030303030303,272,0.014705882352941176,212.8639705882353,6808,6808,337.1308331489563
N,8,2192848405,0.0001,737280,282,0.03900709219858156,215.68794326241135,138,0.007246376811594203,214.20289855072463,93,0.0,204.4516129032258,95,0.021052631578947368,228.6421052631579,96,0.041666666666666664,224.07291666666666,92,0.043478260869565216,225.6304347826087,99,0.020202020202020204,208.21212121212122,272,0.03308823529411765,217.20220588235293,6808,6808,337.1308331489563
N,8,2192848405,0.0001,757760,282,0.0425531914893617,226.80851063829786,138,0.021739130434782608,227.84782608695653,93,0.0,215.13978494623655,95,0.042105263157894736,240.2842105263158,96,0.03125,229.14583333333334,92,0.06521739130434782,237.02173913043478,99,0.030303030303030304,210.35353535353536,272,0.029411764705882353,231.9558823529412,6808,6808,337.1308331489563
N,8,2192848405,0.0001,778240,282,0.0425531914893617,216.97517730496455,138,0.007246376811594203,214.59420289855072,93,0.0,204.91397849462365,95,0.031578947368421054,230.53684210526316,96,0.020833333333333332,221.02083333333334,92,0.03260869565217391,225.34782608695653,99,0.020202020202020204,206.35353535353536,272,0.029411764705882353,218.36764705882354,6808,6808,337.1308331489563
N,8,2192848405,0.0001,798720,282,0.06028368794326241,255.10283687943263,138,0.014492753623188406,254.84057971014494,93,0.0,239.80645161290323,95,0.07368421052631578,266.7578947368421,96,0.052083333333333336,257.1458333333333,92,0.09782608695652174,268.9673913043478,99,0.050505050505050504,238.83838383838383,272,0.03676470588235294,256.7095588235294,6808,6808,337.1308331489563
N,8,2192848405,0.0001,819200,282,0.1276595744680851,323.20567375886526,138,0.13768115942028986,329.65942028985506,93,0.0967741935483871,312.3010752688172,95,0.15789473684210525,329.63157894736844,96,0.11458333333333333,321.1979166666667,92,0.1956521739130435,333.8478260869565,99,0.1717171717171717,291.6969696969697,272,0.14705882352941177,338.4632352941176,6808,6808,337.1308331489563
N,8,2192848405,0.0001,839680,282,0.37943262411347517,393.5,138,0.3695652173913043,407.05797101449275,93,0.2903225806451613,391.6989247311828,95,0.35789473684210527,402.4,96,0.375,389.5520833333333,92,0.41304347826086957,402.5869565217391,99,0.3434343434343434,361.979797979798,272,0.3492647058823529,409.23161764705884,6808,6808,337.1308331489563
N,8,2192848405,0.0001,860160,282,0.723404255319149,467.3085106382979,138,0.7608695652173914,476.3333333333333,93,0.7204301075268817,463.4301075268817,95,0.7473684210526316,473.4421052631579,96,0.65625,468.125,92,0.75,470.7717391304348,99,0.5656565656565656,429.8686868686869,272,0.7720588235294118,465.3602941176471,6808,6808,337.1308331489563
N,8,2192848405,0.0001,880640,282,0.8936170212765957,487.57801418439715,138,0.9347826086956522,495.0652173913044,93,0.8709677419354839,488.7204301075269,95,0.9263157894736842,494.0105263157895,96,0.9375,494.6458333333333,92,0.9130434782608695,490.2608695652174,99,0.797979797979798,475.73737373737373,272,0.8602941176470589,483.5110294117647,6808,6808,337.1308331489563
N,8,2192848405,0.0001,901120,282,0.9787234042553191,497.6241134751773,138,1.0,500.0,93,1.0,500.0,95,0.9894736842105263,499.7263157894737,96,1.0,500.0,92,0.9565217391304348,497.85869565217394,99,0.9696969696969697,493.5050505050505,272,0.9522058823529411,492.4154411764706,6808,6808,337.1308331489563
N,8,2192848405,0.0001,921600,282,0.9219858156028369,492.50354609929076,138,0.9782608695652174,498.07971014492756,93,0.989247311827957,499.752688172043,95,0.968421052631579,499.0210526315789,96,0.9791666666666666,498.5729166666667,92,0.9456521739130435,496.4347826086956,99,0.8888888888888888,486.3030303030303,272,0.9227941176470589,489.10661764705884,6808,6808,337.1308331489563
N,8,2192848405,0.0001,942080,282,0.9929078014184397,498.7411347517731,138,1.0,500.0,93,0.989247311827957,496.61290322580646,95,1.0,500.0,96,1.0,500.0,92,1.0,500.0,99,0.9797979797979798,493.7171717171717,272,0.9669117647058824,491.1727941176471,6808,6808,337.1308331489563
N,8,2192848405,0.0001,962560,282,0.9290780141843972,493.3014184397163,138,0.9710144927536232,496.57971014492756,93,0.967741935483871,494.5376344086022,95,0.9578947368421052,498.6,96,0.9791666666666666,498.8333333333333,92,0.9239130434782609,495.6521739130435,99,0.8888888888888888,486.26262626262627,272,0.9154411764705882,484.13235294117646,6808,6808,337.1308331489563
N,8,2192848405,0.0001,983040,282,0.9858156028368794,495.61347517730496,138,1.0,500.0,93,0.956989247311828,481.6236559139785,95,1.0,500.0,96,0.9895833333333334,495.21875,92,0.9891304347826086,495.2391304347826,99,0.9797979797979798,490.47474747474746,272,0.9558823529411765,486.6397058823529,6808,6808,337.1308331489563
N,8,2192848405,0.0001,1003520,282,0.9858156028368794,499.1914893617021,138,1.0,500.0,93,1.0,500.0,95,1.0,500.0,96,1.0,500.0,92,1.0,500.0,99,0.9797979797979798,493.67676767676767,272,0.9632352941176471,491.00367647058823,6808,6808,337.1308331489563
N,8,2192848405,0.0001,1024000,282,0.9326241134751773,493.322695035461,138,0.9927536231884058,498.6811594202899,93,1.0,500.0,95,0.9894736842105263,499.6,96,1.0,500.0,92,0.9456521739130435,497.1304347826087,99,0.9090909090909091,488.7979797979798,272,0.9448529411764706,493.16911764705884,6808,6808,337.1308331489563
N,8,2192848405,0.0001,1044480,282,0.975177304964539,497.8333333333333,138,1.0,500.0,93,1.0,500.0,95,0.9894736842105263,499.7473684210526,96,1.0,500.0,92,0.967391304347826,499.25,99,0.9696969696969697,493.44444444444446,272,0.9522058823529411,490.69117647058823,6808,6808,337.1308331489563
N,8,2192848405,0.0001,1064960,282,0.9893617021276596,499.21985815602835,138,0.9927536231884058,499.5507246376812,93,0.989247311827957,495.60215053763443,95,1.0,500.0,96,1.0,500.0,92,0.9782608695652174,499.2282608695652,99,0.98989898989899,499.06060606060606,272,0.9595588235294118,487.5477941176471,6808,6808,337.1308331489563
N,8,2192848405,0.0001,1085440,282,0.9858156028368794,497.70567375886526,138,1.0,500.0,93,1.0,500.0,95,1.0,500.0,96,1.0,500.0,92,0.9782608695652174,495.2173913043478,99,1.0,500.0,272,0.9632352941176471,492.625,6808,6808,337.1308331489563
N,8,2192848405,0.0001,1105920,282,0.8404255319148937,483.79787234042556,138,0.927536231884058,494.1304347826087,93,0.8924731182795699,487.02150537634407,95,0.9052631578947369,491.4315789473684,96,0.90625,492.0208333333333,92,0.8586956521739131,483.95652173913044,99,0.8484848484848485,480.32323232323233,272,0.8676470588235294,484.25367647058823,6808,6808,337.1308331489563
N,8,2192848405,0.0001,1126400,282,0.9609929078014184,492.09574468085106,138,0.9855072463768116,498.42028985507244,93,1.0,500.0,95,0.9894736842105263,498.46315789473687,96,1.0,500.0,92,0.967391304347826,494.42391304347825,99,0.98989898989899,499.5959595959596,272,0.9448529411764706,493.34191176470586,6808,6808,337.1308331489563
N,8,2192848405,0.0001,1146880,282,0.9822695035460993,495.6170212765957,138,1.0,500.0,93,1.0,500.0,95,1.0,500.0,96,1.0,500.0,92,0.9891304347826086,495.54347826086956,99,0.9595959595959596,489.24242424242425,272,0.9411764705882353,487.8492647058824,6808,6808,337.1308331489563
N,8,2192848405,0.0001,1167360,282,0.9326241134751773,490.63829787234044,138,0.9782608695652174,497.39130434782606,93,1.0,500.0,95,0.9789473684210527,498.4947368421053,96,1.0,500.0,92,0.9565217391304348,493.80434782608694,99,0.9090909090909091,479.7171717171717,272,0.9264705882352942,487.66911764705884,6808,6808,337.1308331489563
N,8,2192848405,0.0001,1187840,282,0.9858156028368794,496.7517730496454,138,1.0,500.0,93,1.0,500.0,95,1.0,500.0,96,1.0,500.0,92,0.9891304347826086,495.57608695652175,99,0.98989898989899,495.020202020202,272,0.9485294117647058,489.86764705882354,6808,6808,337.1308331489563
N,8,2192848405,0.0001,1208320,282,0.9858156028368794,496.1666666666667,138,1.0,500.0,93,1.0,500.0,95,1.0,500.0,96,1.0,500.0,92,0.9891304347826086,495.5,99,1.0,500.0,272,0.9080882352941176,480.9485294117647,6808,6808,337.1308331489563
N,8,2192848405,0.0001,1228800,282,0.9929078014184397,497.09929078014187,138,1.0,500.0,93,1.0,500.0,95,1.0,500.0,96,1.0,500.0,92,0.9891304347826086,495.4891304347826,99,1.0,500.0,272,0.9227941176470589,481.4117647058824,6808,6808,337.1308331489563
N,9,211215398,0.0001,0,282,0.0,22.833333333333332,138,0.0,22.347826086956523,93,0.0,22.172043010752688,95,0.0,23.063157894736843,96,0.0,36.46875,92,0.0,24.32608695652174,99,0.0,18.434343434343436,272,0.0,26.919117647058822,6302,6302,333.34683632850647
N,9,211215398,0.0001,20480,282,0.010638297872340425,70.65602836879432,138,0.007246376811594203,65.97826086956522,93,0.0,70.3763440860215,95,0.010526315789473684,68.90526315789474,96,0.020833333333333332,88.125,92,0.043478260869565216,87.52173913043478,99,0.0,52.75757575757576,272,0.029411764705882353,100.08823529411765,6302,6302,333.34683632850647
N,9,211215398,0.0001,40960,282,0.010638297872340425,88.15248226950355,138,0.007246376811594203,81.21739130434783,93,0.0,83.0752688172043,95,0.0,82.6,96,0.03125,102.76041666666667,92,0.010869565217391304,88.8913043478261,99,0.010101010101010102,69.83838383838383,272,0.01838235294117647,107.64338235294117,6302,6302,333.34683632850647
N,9,211215398,0.0001,61440,282,0.06028368794326241,199.03546099290782,138,0.028985507246376812,187.97101449275362,93,0.0,187.10752688172042,95,0.0,173.02105263157895,96,0.052083333333333336,203.66666666666666,92,0.043478260869565216,190.4673913043478,99,0.020202020202020204,159.8989898989899,272,0.03676470588235294,181.90808823529412,6302,6302,333.34683632850647
N,9,211215398,0.0001,81920,282,0.2978723404255319,350.9432624113475,138,0.21739130434782608,343.30434782608694,93,0.25806451612903225,343.4516129032258,95,0.25263157894736843,327.17894736842106,96,0.2604166666666667,346.7083333333333,92,0.2826086956521739,343.1521739130435,99,0.18181818181818182,281.47474747474746,272,0.30514705882352944,364.78308823529414,6302,6302,333.34683632850647
N,9,211215398,0.0001,102400,282,0.1524822695035461,276.65602836879435,138,0.09420289855072464,266.1449275362319,93,0.11827956989247312,265.60215053763443,95,0.09473684210526316,253.67368421052632,96,0.125,267.3958333333333,92,0.17391304347826086,279.4891304347826,99,0.0707070707070707,220.76767676767676,272,0.1801470588235294,307.40441176470586,6302,6302,333.34683632850647
N,9,211215398,0.0001,122880,282,0.08156028368794327,224.48581560283688,138,0.036231884057971016,218.7608695652174,93,0.021505376344086023,209.72043010752688,95,0.010526315789473684,198.56842105263158,96,0.03125,215.70833333333334,92,0.08695652173913043,227.0326086956522,99,0.050505050505050504,180.989898989899,272,0.09191176470588236,242.31617647058823,6302,6302,333.34683632850647
N,9,211215398,0.0001,143360,282,0.2624113475177305,321.7588652482269,138,0.18840579710144928,320.2391304347826,93,0.24731182795698925,320.9462365591398,95,0.22105263157894736,300.8,96,0.19791666666666666,317.7708333333333,92,0.32608695652173914,322.1630434782609,99,0.18181818181818182,257.1515151515151,272,0.29411764705882354,348.37867647058823,6302,6302,333.34683632850647
N,9,211215398,0.0001,163840,282,0.0851063829787234,232.63475177304966,138,0.057971014492753624,217.52173913043478,93,0.021505376344086023,208.96774193548387,95,0.042105263157894736,204.34736842105264,96,0.09375,231.47916666666666,92,0.08695652173913043,227.5,99,0.04040404040404041,189.4747474747475,272,0.029411764705882353,218.94117647058823,6302,6302,333.34683632850647
N,9,211215398,0.0001,184320,282,0.0851063829787234,247.10992907801418,138,0.057971014492753624,236.8695652173913,93,0.08602150537634409,234.76344086021504,95,0.06315789473684211,223.74736842105264,96,0.09375,237.52083333333334,92,0.11956521739130435,249.56521739130434,99,0.050505050505050504,200.7979797979798,272,0.10661764705882353,279.69117647058823,6302,6302,333.34683632850647
N,9,211215398,0.0001,204800,282,0.0673758865248227,247.76241134751774,138,0.07246376811594203,243.2246376811594,93,0.043010752688172046,234.6236559139785,95,0.07368421052631578,232.0,96,0.07291666666666667,248.36458333333334,92,0.10869565217391304,253.4891304347826,99,0.0707070707070707,207.6969696969697,272,0.07352941176470588,261.94485294117646,6302,6302,333.34683632850647
N,9,211215398,0.0001,225280,282,0.5815602836879432,430.8404255319149,138,0.45652173913043476,421.10869565217394,93,0.43010752688172044,414.6666666666667,95,0.4631578947368421,409.5052631578947,96,0.5520833333333334,430.2291666666667,92,0.5652173913043478,426.0869565217391,99,0.48484848484848486,387.969696969697,272,0.4338235294117647,425.16911764705884,6302,6302,333.34683632850647
N,9,211215398,0.0001,245760,282,0.32978723404255317,353.1418439716312,138,0.2608695652173913,349.68840579710144,93,0.3118279569892473,351.1182795698925,95,0.25263157894736843,328.9157894736842,96,0.2604166666666667,346.90625,92,0.34782608695652173,354.57608695652175,99,0.2222222222222222,286.32323232323233,272,0.35294117647058826,377.49632352941177,6302,6302,333.34683632850647
N,9,211215398,0.0001,266240,282,0.13120567375886524,298.04609929078015,138,0.10144927536231885,289.6666666666667,93,0.11827956989247312,290.741935483871,95,0.11578947368421053,277.8421052631579,96,0.13541666666666666,288.125,92,0.18478260869565216,302.7391304347826,99,0.15151515151515152,251.93939393939394,272,0.1875,329.31617647058823,6302,6302,333.34683632850647
N,9,211215398,0.0001,286720,282,0.13120567375886524,266.2482269503546,138,0.08695652173913043,261.8623188405797,93,0.053763440860215055,248.34408602150538,95,0.042105263157894736,240.7263157894737,96,0.0625,250.07291666666666,92,0.09782608695652174,254.6304347826087,99,0.0707070707070707,216.72727272727272,272,0.1323529411764706,286.3897058823529,6302,6302,333.34683632850647
N,9,211215398,0.0001,307200,282,0.3120567375886525,366.87943262411346,138,0.2608695652173913,375.81159420289856,93,0.20430107526881722,359.02150537634407,95,0.3157894736842105,373.41052631578947,96,0.3020833333333333,366.28125,92,0.34782608695652173,372.9782608695652,99,0.2222222222222222,323.3333333333333,272,0.29411764705882354,381.2022058823529,6302,6302,333.34683632850647
N,9,211215398,0.0001,327680,282,0.5780141843971631,430.13120567375887,138,0.572463768115942,437.3623188405797,93,0.5053763440860215,421.741935483871,95,0.47368421052631576,415.33684210526314,96,0.4791666666666667,431.4166666666667,92,0.5652173913043478,429.3804347826087,99,0.3939393939393939,372.1010101010101,272,0.5551470588235294,437.30514705882354,6302,6302,333.34683632850647
N,9,211215398,0.0001,348160,282,0.9680851063829787,496.77659574468083,138,1.0,500.0,93,1.0,500.0,95,0.9894736842105263,499.7578947368421,96,1.0,500.0,92,0.9565217391304348,494.42391304347825,99,0.9494949494949495,486.0808080808081,272,0.9411764705882353,490.9227941176471,6302,6302,333.34683632850647
N,9,211215398,0.0001,368640,282,0.975177304964539,495.1914893617021,138,1.0,500.0,93,1.0,500.0,95,0.9894736842105263,499.7578947368421,96,1.0,500.0,92,0.9782608695652174,495.1847826086956,99,0.9595959595959596,488.77777777777777,272,0.9191176470588235,486.93014705882354,6302,6302,333.34683632850647
N,9,211215398,0.0001,389120,282,0.5390070921985816,427.209219858156,138,0.5942028985507246,443.71014492753625,93,0.5161290322580645,433.93548387096774,95,0.6105263157894737,441.0210526315789,96,0.53125,429.2395833333333,92,0.6195652173913043,441.94565217391306,99,0.48484848484848486,398.80808080808083,272,0.5404411764705882,438.71691176470586,6302,6302,333.34683632850647
N,9,211215398,0.0001,409600,282,0.9680851063829787,497.0354609929078,138,0.9855072463768116,498.5144927536232,93,0.978494623655914,498.10752688172045,95,1.0,500.0,96,1.0,500.0,92,0.9239130434782609,496.19565217391306,99,0.9090909090909091,487.7878787878788,272,0.9411764705882353,486.5257352941176,6302,6302,333.34683632850647
N,9,211215398,0.0001,430080,282,0.900709219858156,488.5886524822695,138,0.9347826086956522,494.0,93,0.8924731182795699,485.26881720430106,95,0.9368421052631579,493.13684210526316,96,0.9270833333333334,493.3854166666667,92,0.8913043478260869,489.5108695652174,99,0.7777777777777778,469.5050505050505,272,0.8602941176470589,479.63235294117646,6302,6302,333.34683632850647
N,9,211215398,0.0001,450560,282,0.9716312056737588,496.59929078014187,138,0.9927536231884058,499.3985507246377,93,0.978494623655914,494.6774193548387,95,0.9894736842105263,499.4526315789474,96,1.0,500.0,92,0.967391304347826,498.5217391304348,99,0.9494949494949495,491.7979797979798,272,0.9448529411764706,488.31617647058823,6302,6302,333.34683632850647
N,9,211215398,0.0001,471040,282,0.9893617021276596,495.36879432624113,138,1.0,500.0,93,0.978494623655914,491.6666666666667,95,1.0,500.0,96,1.0,500.0,92,0.9891304347826086,495.25,99,0.98989898989899,495.45454545454544,272,0.9485294117647058,485.22058823529414,6302,6302,333.34683632850647
N,9,211215398,0.0001,491520,282,0.8617021276595744,485.9148936170213,138,0.8840579710144928,491.22463768115944,93,0.8494623655913979,487.36559139784947,95,0.8421052631578947,488.57894736842104,96,0.90625,492.0729166666667,92,0.8586956521739131,488.29347826086956,99,0.797979797979798,470.65656565656565,272,0.8492647058823529,482.7757352941176,6302,6302,333.34683632850647
N,9,211215398,0.0001,512000,282,0.9787234042553191,495.6170212765957,138,1.0,500.0,93,1.0,500.0,95,1.0,500.0,96,1.0,500.0,92,0.9782608695652174,495.0869565217391,99,0.98989898989899,499.73737373737373,272,0.9558823529411765,493.89338235294116,6302,6302,333.34683632850647
N,9,211215398,0.0001,532480,282,0.8971631205673759,486.28723404255317,138,0.9492753623188406,496.1159420289855,93,0.9247311827956989,492.63440860215053,95,0.9263157894736842,492.09473684210525,96,0.9375,493.59375,92,0.8913043478260869,484.5869565217391,99,0.8282828282828283,467.5959595959596,272,0.9044117647058824,485.06617647058823,6302,6302,333.34683632850647
N,9,211215398,0.0001,552960,282,0.9822695035460993,496.72340425531917,138,0.9855072463768116,499.19565217391306,93,1.0,500.0,95,0.9894736842105263,499.4,96,1.0,500.0,92,0.9891304347826086,499.95652173913044,99,1.0,500.0,272,0.9852941176470589,497.1470588235294,6302,6302,333.34683632850647
N,9,211215398,0.0001,573440,282,0.9290780141843972,489.1241134751773,138,0.9855072463768116,499.0507246376812,93,0.989247311827957,495.83870967741933,95,1.0,500.0,96,1.0,500.0,92,0.9347826086956522,490.0108695652174,99,0.9191919191919192,482.83838383838383,272,0.9485294117647058,491.1875,6302,6302,333.34683632850647
N,9,211215398,0.0001,593920,282,0.23404255319148937,296.62056737588654,138,0.15217391304347827,287.4130434782609,93,0.15053763440860216,276.3333333333333,95,0.1368421052631579,269.77894736842103,96,0.1875,296.8541666666667,92,0.20652173913043478,297.60869565217394,99,0.12121212121212122,238.5050505050505,272,0.2977941176470588,330.55882352941177,6302,6302,333.34683632850647
N,9,211215398,0.0001,614400,282,0.0851063829787234,226.43262411347519,138,0.07246376811594203,219.40579710144928,93,0.021505376344086023,203.38709677419354,95,0.021052631578947368,204.30526315789473,96,0.041666666666666664,215.52083333333334,92,0.08695652173913043,232.19565217391303,99,0.0707070707070707,191.5252525252525,272,0.13602941176470587,256.78308823529414,6302,6302,333.34683632850647
N,9,211215398,0.0001,634880,282,0.09574468085106383,243.78014184397162,138,0.09420289855072464,240.47826086956522,93,0.043010752688172046,223.6451612903226,95,0.07368421052631578,248.8736842105263,96,0.09375,244.07291666666666,92,0.08695652173913043,253.8913043478261,99,0.09090909090909091,221.03030303030303,272,0.10661764705882353,254.1360294117647,6302,6302,333.34683632850647
N,9,211215398,0.0001,655360,282,0.028368794326241134,192.4822695035461,138,0.028985507246376812,191.97826086956522,93,0.021505376344086023,183.13978494623655,95,0.010526315789473684,194.73684210526315,96,0.03125,198.19791666666666,92,0.05434782608695652,200.79347826086956,99,0.020202020202020204,179.8080808080808,272,0.05514705882352941,205.67279411764707,6302,6302,333.34683632850647
N,9,211215398,0.0001,675840,282,0.0425531914893617,197.53900709219857,138,0.021739130434782608,196.64492753623188,93,0.010752688172043012,189.66666666666666,95,0.010526315789473684,202.8736842105263,96,0.010416666666666666,190.66666666666666,92,0.06521739130434782,203.97826086956522,99,0.06060606060606061,196.26262626262627,272,0.05514705882352941,208.9264705882353,6302,6302,333.34683632850647
N,9,211215398,0.0001,696320,282,0.07092198581560284,230.3581560283688,138,0.014492753623188406,220.42753623188406,93,0.010752688172043012,219.25806451612902,95,0.08421052631578947,240.2,96,0.020833333333333332,216.96875,92,0.07608695652173914,233.6304347826087,99,0.1111111111111111,236.36363636363637,272,0.06985294117647059,239.11029411764707,6302,6302,333.34683632850647
N,9,211215398,0.0001,716800,282,0.0851063829787234,259.2588652482269,138,0.057971014492753624,252.3985507246377,93,0.06451612903225806,244.3978494623656,95,0.05263157894736842,262.53684210526313,96,0.03125,248.41666666666666,92,0.10869565217391304,265.5108695652174,99,0.10101010101010101,253.8181818181818,272,0.10661764705882353,271.2389705882353,6302,6302,333.34683632850647
N,9,211215398,0.0001,737280,282,0.1879432624113475,321.13829787234044,138,0.12318840579710146,315.0217391304348,93,0.08602150537634409,296.0860215053763,95,0.1368421052631579,324.9684210526316,96,0.125,302.3333333333333,92,0.18478260869565216,330.8478260869565,99,0.2222222222222222,300.8787878787879,272,0.17647058823529413,335.69117647058823,6302,6302,333.34683632850647
N,9,211215398,0.0001,757760,282,0.22340425531914893,357.21276595744683,138,0.18115942028985507,354.7536231884058,93,0.12903225806451613,339.06451612903226,95,0.23157894736842105,361.7578947368421,96,0.125,337.5416666666667,92,0.21739130434782608,363.10869565217394,99,0.29292929292929293,338.969696969697,272,0.25735294117647056,370.0477941176471,6302,6302,333.34683632850647
N,9,211215398,0.0001,778240,282,0.0673758865248227,255.06737588652481,138,0.07246376811594203,250.1159420289855,93,0.053763440860215055,241.33333333333334,95,0.06315789473684211,257.22105263157897,96,0.052083333333333336,247.72916666666666,92,0.10869565217391304,263.45652173913044,99,0.1111111111111111,246.74747474747474,272,0.08823529411764706,265.89338235294116,6302,6302,333.34683632850647
N,9,211215398,0.0001,798720,282,0.06382978723404255,241.84397163120568,138,0.036231884057971016,236.34782608695653,93,0.021505376344086023,224.70967741935485,95,0.05263157894736842,242.82105263157894,96,0.041666666666666664,238.8125,92,0.05434782608695652,247.3804347826087,99,0.0707070707070707,233.55555555555554,272,0.09191176470588236,255.6691176470588,6302,6302,333.34683632850647
N,9,211215398,0.0001,819200,282,0.05319148936170213,234.5709219858156,138,0.036231884057971016,228.96376811594203,93,0.010752688172043012,218.05376344086022,95,0.06315789473684211,236.01052631578946,96,0.041666666666666664,231.46875,92,0.05434782608695652,241.09782608695653,99,0.0707070707070707,227.76767676767676,272,0.08088235294117647,248.8933823529412,6302,6302,333.34683632850647
N,9,211215398,0.0001,839680,282,0.05319148936170213,231.67375886524823,138,0.007246376811594203,224.1159420289855,93,0.010752688172043012,215.83870967741936,95,0.021052631578947368,230.81052631578947,96,0.03125,231.5625,92,0.06521739130434782,238.56521739130434,99,0.06060606060606061,222.17171717171718,272,0.08455882352941177,247.2941176470588,6302,6302,333.34683632850647
N,9,211215398,0.0001,860160,282,0.05319148936170213,219.67730496453902,138,0.007246376811594203,213.06521739130434,93,0.021505376344086023,211.9784946236559,95,0.021052631578947368,227.30526315789473,96,0.010416666666666666,211.09375,92,0.043478260869565216,224.07608695652175,99,0.0707070707070707,221.58585858585857,272,0.06985294117647059,232.93382352941177,6302,6302,333.34683632850647
N,9,211215398,0.0001,880640,282,0.05673758865248227,225.47517730496455,138,0.014492753623188406,216.52898550724638,93,0.010752688172043012,213.09677419354838,95,0.05263157894736842,238.1157894736842,96,0.010416666666666666,213.19791666666666,92,0.07608695652173914,227.97826086956522,99,0.09090909090909091,230.33333333333334,272,0.08088235294117647,240.1360294117647,6302,6302,333.34683632850647
N,9,211215398,0.0001,901120,282,0.03546099290780142,190.34397163120568,138,0.0,183.36231884057972,93,0.0,180.79569892473117,95,0.021052631578947368,195.44210526315788,96,0.0,181.75,92,0.03260869565217391,190.2173913043478,99,0.04040404040404041,191.37373737373738,272,0.058823529411764705,204.41176470588235,6302,6302,333.34683632850647
N,9,211215398,0.0001,921600,282,0.06028368794326241,219.33333333333334,138,0.028985507246376812,215.17391304347825,93,0.021505376344086023,209.49462365591398,95,0.021052631578947368,222.82105263157894,96,0.020833333333333332,210.91666666666666,92,0.05434782608695652,225.08695652173913,99,0.050505050505050504,220.84848484848484,272,0.08088235294117647,233.05514705882354,6302,6302,333.34683632850647
N,9,211215398,0.0001,942080,282,0.23049645390070922,343.84751773049646,138,0.18115942028985507,342.536231884058,93,0.10752688172043011,320.9247311827957,95,0.24210526315789474,351.2421052631579,96,0.15625,324.4791666666667,92,0.2391304347826087,352.9673913043478,99,0.26262626262626265,317.5151515151515,272,0.23529411764705882,359.7977941176471,6302,6302,333.34683632850647
N,9,211215398,0.0001,962560,282,0.6382978723404256,449.42907801418437,138,0.7101449275362319,468.42753623188406,93,0.7096774193548387,461.4623655913978,95,0.6736842105263158,464.12631578947367,96,0.6041666666666666,452.8645833333333,92,0.6847826086956522,456.6521739130435,99,0.6363636363636364,431.7070707070707,272,0.7794117647058824,468.6654411764706,6302,6302,333.34683632850647
N,9,211215398,0.0001,983040,282,0.74822695035461,468.61347517730496,138,0.8478260869565217,483.536231884058,93,0.8064516129032258,471.76344086021504,95,0.8,483.2526315789474,96,0.7708333333333334,474.4791666666667,92,0.7934782608695652,469.55434782608694,99,0.5858585858585859,438.85858585858585,272,0.8308823529411765,473.1102941176471,6302,6302,333.34683632850647
N,9,211215398,0.0001,1003520,282,0.5567375886524822,434.4255319148936,138,0.5942028985507246,446.04347826086956,93,0.5268817204301075,427.89247311827955,95,0.49473684210526314,426.6421052631579,96,0.5,431.875,92,0.5760869565217391,433.80434782608694,99,0.41414141414141414,393.06060606060606,272,0.6654411764705882,452.87867647058823,6302,6302,333.34683632850647
N,9,211215398,0.0001,1024000,282,0.8865248226950354,483.8049645390071,138,0.9565217391304348,492.44202898550725,93,0.9247311827956989,487.6559139784946,95,0.968421052631579,496.4,96,0.9270833333333334,493.28125,92,0.8804347826086957,484.05434782608694,99,0.8282828282828283,471.32323232323233,272,0.8897058823529411,483.85661764705884,6302,6302,333.34683632850647
N,9,211215398,0.0001,1044480,282,0.925531914893617,489.87943262411346,138,0.9565217391304348,497.2173913043478,93,0.989247311827957,498.5806451612903,95,0.9894736842105263,497.34736842105264,96,0.9791666666666666,498.875,92,0.9130434782608695,488.3152173913044,99,0.9090909090909091,488.73737373737373,272,0.9191176470588235,489.5845588235294,6302,6302,333.34683632850647
N,9,211215398,0.0001,1064960,282,0.9858156028368794,497.5851063829787,138,1.0,500.0,93,1.0,500.0,95,1.0,500.0,96,1.0,500.0,92,0.967391304347826,494.3804347826087,99,1.0,500.0,272,0.9742647058823529,496.85661764705884,6302,6302,333.34683632850647
N,9,211215398,0.0001,1085440,282,0.2765957446808511,420.4574468085106,138,0.4927536231884058,457.3478260869565,93,0.5806451612903226,466.5268817204301,95,0.42105263157894735,451.1578947368421,96,0.3125,450.4583333333333,92,0.32608695652173914,428.1630434782609,99,0.32323232323232326,415.52525252525254,272,0.6066176470588235,457.55514705882354,6302,6302,333.34683632850647
N,9,211215398,0.0001,1105920,282,0.9574468085106383,493.8829787234043,138,0.9782608695652174,497.3478260869565,93,1.0,500.0,95,0.9789473684210527,497.93684210526317,96,1.0,500.0,92,0.9239130434782609,487.3695652173913,99,0.9595959595959596,497.32323232323233,272,0.9154411764705882,490.125,6302,6302,333.34683632850647
N,9,211215398,0.0001,1126400,282,0.8723404255319149,488.24468085106383,138,0.9565217391304348,495.9492753623188,93,0.978494623655914,497.5698924731183,95,0.9368421052631579,496.11578947368423,96,0.96875,498.0,92,0.9239130434782609,488.7717391304348,99,0.8787878787878788,491.8484848484849,272,0.9007352941176471,487.2904411764706,6302,6302,333.34683632850647
N,9,211215398,0.0001,1146880,282,0.9858156028368794,496.3262411347518,138,1.0,500.0,93,0.989247311827957,495.73118279569894,95,1.0,500.0,96,1.0,500.0,92,0.9782608695652174,491.5326086956522,99,0.98989898989899,495.93939393939394,272,0.9375,486.5147058823529,6302,6302,333.34683632850647
N,9,211215398,0.0001,1167360,282,0.6170212765957447,442.21985815602835,138,0.782608695652174,472.6521739130435,93,0.8924731182795699,478.3225806451613,95,0.8105263157894737,481.9157894736842,96,0.8229166666666666,462.0833333333333,92,0.7065217391304348,454.85869565217394,99,0.5252525252525253,411.010101010101,272,0.8308823529411765,469.2720588235294,6302,6302,333.34683632850647
N,9,211215398,0.0001,1187840,282,0.8156028368794326,474.73758865248226,138,0.8695652173913043,481.39130434782606,93,0.8279569892473119,472.1182795698925,95,0.8421052631578947,475.6842105263158,96,0.9166666666666666,484.6979166666667,92,0.8478260869565217,471.79347826086956,99,0.6767676767676768,449.9191919191919,272,0.6801470588235294,447.6397058823529,6302,6302,333.34683632850647
N,9,211215398,0.0001,1208320,282,0.8865248226950354,474.90425531914894,138,0.9637681159420289,490.78985507246375,93,0.967741935483871,487.494623655914,95,0.9473684210526315,489.7578947368421,96,0.9895833333333334,495.6666666666667,92,0.9239130434782609,478.25,99,0.8484848484848485,455.8484848484849,272,0.8125,460.25367647058823,6302,6302,333.34683632850647
N,9,211215398,0.0001,1228800,282,0.9219858156028369,485.0851063829787,138,0.9637681159420289,495.1811594202899,93,0.989247311827957,495.61290322580646,95,0.9789473684210527,492.1578947368421,96,0.9895833333333334,495.71875,92,0.9130434782608695,481.2608695652174,99,0.9090909090909091,476.92929292929296,272,0.8933823529411765,478.1397058823529,6302,6302,333.34683632850647
N,10,550480792,0.0001,0,282,0.0,14.081560283687944,138,0.0,17.036231884057973,93,0.0,20.946236559139784,95,0.0,17.68421052631579,96,0.0,17.65625,92,0.0,14.543478260869565,99,0.0,12.767676767676768,272,0.0,13.852941176470589,7231,7231,333.4984772205353
N,10,550480792,0.0001,20480,282,0.014184397163120567,69.76950354609929,138,0.0,60.94927536231884,93,0.010752688172043012,68.91397849462365,95,0.031578947368421054,68.08421052631579,96,0.03125,87.78125,92,0.010869565217391304,74.3586956521739,99,0.010101010101010102,52.73737373737374,272,0.04044117647058824,101.7095588235294,7231,7231,333.4984772205353
N,10,550480792,0.0001,40960,282,0.05319148936170213,96.55673758865248,138,0.0,81.48550724637681,93,0.0,83.86021505376344,95,0.0,77.54736842105264,96,0.020833333333333332,100.01041666666667,92,0.021739130434782608,97.8695652173913,99,0.0,63.62626262626262,272,0.07352941176470588,122.02941176470588,7231,7231,333.4984772205353
N,10,550480792,0.0001,61440,282,0.09574468085106383,192.74468085106383,138,0.050724637681159424,183.44202898550725,93,0.03225806451612903,183.3548387096774,95,0.08421052631578947,186.67368421052632,96,0.11458333333333333,211.78125,92,0.13043478260869565,205.17391304347825,99,0.06060606060606061,156.92929292929293,272,0.11397058823529412,216.27573529411765,7231,7231,333.4984772205353
N,10,550480792,0.0001,81920,282,0.16312056737588654,278.99645390070924,138,0.10144927536231885,266.94202898550725,93,0.08602150537634409,271.6989247311828,95,0.12631578947368421,259.9684210526316,96,0.14583333333333334,278.1041666666667,92,0.22826086956521738,284.0652173913044,99,0.1414141414141414,223.13131313131314,272,0.1875,303.74632352941177,7231,7231,333.4984772205353
N,10,550480792,0.0001,102400,282,0.0673758865248227,240.0035460992908,138,0.057971014492753624,229.3840579710145,93,0.03225806451612903,234.18279569892474,95,0.07368421052631578,225.8421052631579,96,0.08333333333333333,243.5,92,0.09782608695652174,247.7391304347826,99,0.10101010101010101,206.8080808080808,272,0.0661764705882353,248.25,7231,7231,333.4984772205353
N,10,550480792,0.0001,122880,282,0.3191489361702128,357.52836879432624,138,0.3188405797101449,367.21014492753625,93,0.3118279569892473,359.96774193548384,95,0.2736842105263158,357.5684210526316,96,0.3541666666666667,366.1041666666667,92,0.358695652173913,364.70652173913044,99,0.2222222222222222,305.1313131313131,272,0.3272058823529412,371.9154411764706,7231,7231,333.4984772205353
N,10,550480792,0.0001,143360,282,0.06382978723404255,240.06737588652481,138,0.07246376811594203,246.0144927536232,93,0.043010752688172046,238.16129032258064,95,0.021052631578947368,234.73684210526315,96,0.052083333333333336,246.91666666666666,92,0.13043478260869565,258.25,99,0.050505050505050504,210.74747474747474,272,0.04779411764705882,246.2941176470588,7231,7231,333.4984772205353
N,10,550480792,0.0001,163840,282,0.21631205673758866,314.031914893617,138,0.16666666666666666,316.5217391304348,93,0.12903225806451613,305.55913978494624,95,0.15789473684210525,315.30526315789473,96,0.21875,323.78125,92,0.2826086956521739,329.4347826086956,99,0.1414141414141414,271.06060606060606,272,0.15808823529411764,315.85661764705884,7231,7231,333.4984772205353
N,10,550480792,0.0001,184320,282,0.24113475177304963,327.7836879432624,138,0.2246376811594203,336.15942028985506,93,0.1827956989247312,322.38709677419354,95,0.16842105263157894,307.5578947368421,96,0.20833333333333334,322.1458333333333,92,0.20652173913043478,324.4891304347826,99,0.1111111111111111,261.83838383838383,272,0.2610294117647059,355.4154411764706,7231,7231,333.4984772205353
N,10,550480792,0.0001,204800,282,0.2375886524822695,342.70567375886526,138,0.17391304347826086,329.9782608695652,93,0.20430107526881722,329.494623655914,95,0.18947368421052632,312.70526315789476,96,0.19791666666666666,334.2916666666667,92,0.25,334.10869565217394,99,0.15151515151515152,279.2020202020202,272,0.23897058823529413,354.4632352941176,7231,7231,333.4984772205353
N,10,550480792,0.0001,225280,282,0.1879432624113475,310.822695035461,138,0.16666666666666666,298.6159420289855,93,0.15053763440860216,292.93548387096774,95,0.12631578947368421,289.30526315789473,96,0.20833333333333334,309.90625,92,0.17391304347826086,311.14130434782606,99,0.13131313131313133,253.83838383838383,272,0.15808823529411764,315.49632352941177,7231,7231,333.4984772205353
N,10,550480792,0.0001,245760,282,0.21631205673758866,324.7340425531915,138,0.18115942028985507,313.2536231884058,93,0.0967741935483871,295.8817204301075,95,0.11578947368421053,297.62105263157895,96,0.20833333333333334,324.4270833333333,92,0.21739130434782608,324.6847826086956,99,0.12121212121212122,268.8181818181818,272,0.125,309.68382352941177,7231,7231,333.4984772205353
N,10,550480792,0.0001,266240,282,0.0851063829787234,265.35460992907804,138,0.043478260869565216,250.94202898550725,93,0.053763440860215055,253.18279569892474,95,0.08421052631578947,251.33684210526314,96,0.125,266.0520833333333,92,0.11956521739130435,272.5,99,0.1111111111111111,226.17171717171718,272,0.09558823529411764,284.9595588235294,7231,7231,333.4984772205353
N,10,550480792,0.0001,286720,282,0.08156028368794327,247.71985815602838,138,0.07971014492753623,242.768115942029,93,0.021505376344086023,232.46236559139786,95,0.06315789473684211,227.30526315789473,96,0.052083333333333336,234.52083333333334,92,0.06521739130434782,241.8586956521739,99,0.04040404040404041,198.4848484848485,272,0.0661764705882353,268.9264705882353,7231,7231,333.4984772205353
N,10,550480792,0.0001,307200,282,0.16666666666666666,298.2482269503546,138,0.14492753623188406,301.10869565217394,93,0.11827956989247312,291.40860215053766,95,0.09473684210526316,285.8,96,0.13541666666666666,298.28125,92,0.1956521739130435,306.30434782608694,99,0.1111111111111111,253.0,272,0.13602941176470587,308.44485294117646,7231,7231,333.4984772205353
N,10,550480792,0.0001,327680,282,0.2553191489361702,345.90425531914894,138,0.21739130434782608,353.17391304347825,93,0.1827956989247312,339.7956989247312,95,0.23157894736842105,352.3578947368421,96,0.22916666666666666,346.7291666666667,92,0.29347826086956524,356.29347826086956,99,0.1717171717171717,304.90909090909093,272,0.21323529411764705,355.4779411764706,7231,7231,333.4984772205353
N,10,550480792,0.0001,348160,282,0.36524822695035464,377.5921985815603,138,0.32608695652173914,384.7826086956522,93,0.34408602150537637,378.5698924731183,95,0.2736842105263158,372.63157894736844,96,0.3541666666666667,378.8229166666667,92,0.33695652173913043,385.3369565217391,99,0.25252525252525254,330.3131313131313,272,0.36764705882352944,395.0992647058824,7231,7231,333.4984772205353
N,10,550480792,0.0001,368640,282,0.08865248226950355,254.47517730496455,138,0.036231884057971016,250.40579710144928,93,0.021505376344086023,236.4731182795699,95,0.12631578947368421,269.14736842105265,96,0.0625,256.8645833333333,92,0.08695652173913043,265.7608695652174,99,0.09090909090909091,237.8181818181818,272,0.029411764705882353,245.56617647058823,7231,7231,333.4984772205353
N,10,550480792,0.0001,389120,282,0.2127659574468085,348.39716312056737,138,0.15217391304347827,349.6014492753623,93,0.15053763440860216,338.3010752688172,95,0.2631578947368421,357.6736842105263,96,0.16666666666666666,343.7708333333333,92,0.25,355.67391304347825,99,0.23232323232323232,328.0,272,0.125,337.7720588235294,7231,7231,333.4984772205353
N,10,550480792,0.0001,409600,282,0.3262411347517731,379.4645390070922,138,0.3188405797101449,388.1811594202899,93,0.25806451612903225,377.6666666666667,95,0.3368421052631579,392.06315789473683,96,0.3229166666666667,379.40625,92,0.40217391304347827,387.9347826086956,99,0.2828282828282828,347.1212121212121,272,0.22058823529411764,375.58088235294116,7231,7231,333.4984772205353
N,10,550480792,0.0001,430080,282,0.36879432624113473,390.0177304964539,138,0.35507246376811596,396.71014492753625,93,0.27956989247311825,384.4731182795699,95,0.3473684210526316,398.87368421052633,96,0.34375,386.7291666666667,92,0.44565217391304346,398.45652173913044,99,0.3434343434343434,359.62626262626264,272,0.25735294117647056,387.625,7231,7231,333.4984772205353
N,10,550480792,0.0001,450560,282,0.5460992907801419,443.83687943262413,138,0.5869565217391305,454.5869565217391,93,0.5483870967741935,445.4731182795699,95,0.5894736842105263,447.9263157894737,96,0.5208333333333334,442.1979166666667,92,0.5869565217391305,446.1521739130435,99,0.5252525252525253,423.54545454545456,272,0.5147058823529411,441.56617647058823,7231,7231,333.4984772205353
N,10,550480792,0.0001,471040,282,0.3475177304964539,391.70212765957444,138,0.2898550724637681,396.5144927536232,93,0.22580645161290322,387.13978494623655,95,0.3473684210526316,398.4842105263158,96,0.2916666666666667,388.6770833333333,92,0.43478260869565216,399.80434782608694,99,0.35353535353535354,371.82828282828285,272,0.27941176470588236,395.75367647058823,7231,7231,333.4984772205353
N,10,550480792,0.0001,491520,282,0.05673758865248227,229.10283687943263,138,0.028985507246376812,227.29710144927537,93,0.03225806451612903,219.94623655913978,95,0.05263157894736842,239.78947368421052,96,0.010416666666666666,229.70833333333334,92,0.10869565217391304,243.4673913043478,99,0.09090909090909091,227.88888888888889,272,0.029411764705882353,224.04044117647058,7231,7231,333.4984772205353
N,10,550480792,0.0001,512000,282,0.0851063829787234,269.3191489361702,138,0.036231884057971016,266.3333333333333,93,0.06451612903225806,258.23655913978496,95,0.06315789473684211,279.06315789473683,96,0.03125,260.5833333333333,92,0.10869565217391304,278.5,99,0.1414141414141414,264.6363636363636,272,0.0661764705882353,267.375,7231,7231,333.4984772205353
N,10,550480792,0.0001,532480,282,0.2198581560283688,363.2517730496454,138,0.18115942028985507,363.5144927536232,93,0.13978494623655913,350.80645161290323,95,0.22105263157894736,369.7473684210526,96,0.16666666666666666,351.71875,92,0.2608695652173913,367.1195652173913,99,0.2727272727272727,341.6969696969697,272,0.17647058823529413,364.08088235294116,7231,7231,333.4984772205353
N,10,550480792,0.0001,552960,282,0.09929078014184398,286.8900709219858,138,0.07246376811594203,282.09420289855075,93,0.043010752688172046,275.19354838709677,95,0.09473684210526316,297.34736842105264,96,0.041666666666666664,276.2708333333333,92,0.10869565217391304,291.80434782608694,99,0.13131313131313133,281.14141414141415,272,0.08455882352941177,284.1727941176471,7231,7231,333.4984772205353
N,10,550480792,0.0001,573440,282,0.08865248226950355,271.35460992907804,138,0.057971014492753624,268.3188405797101,93,0.053763440860215055,259.0860215053763,95,0.09473684210526316,287.33684210526314,96,0.03125,261.2708333333333,92,0.10869565217391304,280.8369565217391,99,0.12121212121212122,268.67676767676767,272,0.08823529411764706,273.2389705882353,7231,7231,333.4984772205353
N,10,550480792,0.0001,593920,282,0.07801418439716312,258.3262411347518,138,0.050724637681159424,254.2608695652174,93,0.053763440860215055,243.8279569892473,95,0.06315789473684211,269.2526315789474,96,0.020833333333333332,250.4375,92,0.10869565217391304,266.4021739130435,99,0.10101010101010101,250.27272727272728,272,0.08823529411764706,261.1875,7231,7231,333.4984772205353
N,10,550480792,0.0001,614400,282,0.031914893617021274,198.37234042553192,138,0.0,196.91304347826087,93,0.010752688172043012,190.247311827957,95,0.031578947368421054,214.33684210526314,96,0.041666666666666664,210.65625,92,0.05434782608695652,210.5,99,0.050505050505050504,197.5151515151515,272,0.03308823529411765,204.27205882352942,7231,7231,333.4984772205353
N,10,550480792,0.0001,634880,282,0.0673758865248227,235.2872340425532,138,0.043478260869565216,236.16666666666666,93,0.03225806451612903,222.19354838709677,95,0.05263157894736842,247.53684210526316,96,0.03125,237.08333333333334,92,0.08695652173913043,246.4673913043478,99,0.10101010101010101,231.86868686868686,272,0.04411764705882353,239.22794117647058,7231,7231,333.4984772205353
N,10,550480792,0.0001,655360,282,0.07446808510638298,251.29432624113474,138,0.050724637681159424,247.44202898550725,93,0.03225806451612903,234.61290322580646,95,0.09473684210526316,262.65263157894736,96,0.052083333333333336,249.19791666666666,92,0.08695652173913043,259.9347826086956,99,0.1111111111111111,243.56565656565655,272,0.0625,254.02573529411765,7231,7231,333.4984772205353
N,10,550480792,0.0001,675840,282,0.03900709219858156,211.77304964539007,138,0.028985507246376812,211.65217391304347,93,0.021505376344086023,202.6236559139785,95,0.06315789473684211,223.26315789473685,96,0.03125,216.39583333333334,92,0.05434782608695652,218.54347826086956,99,0.06060606060606061,211.86868686868686,272,0.03676470588235294,213.61029411764707,7231,7231,333.4984772205353
N,10,550480792,0.0001,696320,282,0.05673758865248227,241.1950354609929,138,0.043478260869565216,239.1014492753623,93,0.043010752688172046,232.0752688172043,95,0.031578947368421054,251.14736842105262,96,0.020833333333333332,234.10416666666666,92,0.10869565217391304,252.4891304347826,99,0.10101010101010101,240.6060606060606,272,0.04779411764705882,240.29044117647058,7231,7231,333.4984772205353
N,10,550480792,0.0001,716800,282,0.08865248226950355,258.7517730496454,138,0.07246376811594203,255.4855072463768,93,0.03225806451612903,241.83870967741936,95,0.09473684210526316,269.7473684210526,96,0.052083333333333336,255.36458333333334,92,0.09782608695652174,268.82608695652175,99,0.10101010101010101,247.78787878787878,272,0.05514705882352941,259.27941176470586,7231,7231,333.4984772205353
N,10,550480792,0.0001,737280,282,0.12056737588652482,284.36524822695037,138,0.06521739130434782,280.19565217391306,93,0.021505376344086023,262.18279569892474,95,0.14736842105263157,293.41052631578947,96,0.10416666666666667,280.6666666666667,92,0.15217391304347827,300.3152173913044,99,0.15151515151515152,267.27272727272725,272,0.06985294117647059,283.2352941176471,7231,7231,333.4984772205353
N,10,550480792,0.0001,757760,282,0.08865248226950355,271.71985815602835,138,0.050724637681159424,268.0144927536232,93,0.053763440860215055,257.18279569892474,95,0.08421052631578947,284.5052631578947,96,0.020833333333333332,260.8541666666667,92,0.10869565217391304,280.7173913043478,99,0.1414141414141414,268.37373737373736,272,0.08455882352941177,271.96691176470586,7231,7231,333.4984772205353
N,10,550480792,0.0001,778240,282,0.18085106382978725,337.70212765957444,138,0.13043478260869565,333.9927536231884,93,0.10752688172043011,323.0860215053763,95,0.14736842105263157,344.6842105263158,96,0.09375,325.3229166666667,92,0.16304347826086957,343.2717391304348,99,0.2222222222222222,324.1313131313131,272,0.14705882352941177,335.9852941176471,7231,7231,333.4984772205353
N,10,550480792,0.0001,798720,282,0.07446808510638298,255.20567375886526,138,0.021739130434782608,250.97101449275362,93,0.010752688172043012,245.27956989247312,95,0.09473684210526316,269.7368421052632,96,0.03125,245.95833333333334,92,0.08695652173913043,261.82608695652175,99,0.13131313131313133,258.75757575757575,272,0.07352941176470588,256.38235294117646,7231,7231,333.4984772205353
N,10,550480792,0.0001,819200,282,0.10638297872340426,275.6241134751773,138,0.08695652173913043,271.731884057971,93,0.06451612903225806,258.0,95,0.10526315789473684,287.11578947368423,96,0.03125,265.65625,92,0.13043478260869565,285.7173913043478,99,0.1414141414141414,264.3333333333333,272,0.09558823529411764,278.87132352941177,7231,7231,333.4984772205353
N,10,550480792,0.0001,839680,282,0.11702127659574468,289.6276595744681,138,0.06521739130434782,280.9710144927536,93,0.07526881720430108,274.2258064516129,95,0.10526315789473684,297.0736842105263,96,0.041666666666666664,273.9895833333333,92,0.10869565217391304,290.0108695652174,99,0.1717171717171717,282.969696969697,272,0.11029411764705882,289.2720588235294,7231,7231,333.4984772205353
N,10,550480792,0.0001,860160,282,0.22340425531914893,353.6737588652482,138,0.15942028985507245,353.7173913043478,93,0.16129032258064516,339.3763440860215,95,0.2736842105263158,363.18947368421055,96,0.16666666666666666,343.2604166666667,92,0.2826086956521739,366.5,99,0.31313131313131315,335.3030303030303,272,0.22426470588235295,360.77941176470586,7231,7231,333.4984772205353
N,10,550480792,0.0001,880640,282,0.0673758865248227,235.76241134751774,138,0.036231884057971016,232.84057971014494,93,0.053763440860215055,226.21505376344086,95,0.06315789473684211,248.6315789473684,96,0.020833333333333332,228.77083333333334,92,0.10869565217391304,245.45652173913044,99,0.09090909090909091,238.83838383838383,272,0.05514705882352941,240.89705882352942,7231,7231,333.4984772205353
N,10,550480792,0.0001,901120,282,0.0851063829787234,275.2163120567376,138,0.043478260869565216,270.0507246376812,93,0.03225806451612903,259.63440860215053,95,0.09473684210526316,288.6,96,0.03125,263.09375,92,0.10869565217391304,280.42391304347825,99,0.15151515151515152,270.35353535353534,272,0.08823529411764706,277.8970588235294,7231,7231,333.4984772205353
N,10,550480792,0.0001,921600,282,0.0851063829787234,259.67021276595744,138,0.057971014492753624,259.0144927536232,93,0.053763440860215055,249.01075268817203,95,0.05263157894736842,269.0,96,0.03125,252.17708333333334,92,0.09782608695652174,269.89130434782606,99,0.15151515151515152,256.7070707070707,272,0.07352941176470588,264.63235294117646,7231,7231,333.4984772205353
N,10,550480792,0.0001,942080,282,0.07801418439716312,283.1985815602837,138,0.036231884057971016,279.2608695652174,93,0.06451612903225806,273.78494623655916,95,0.11578947368421053,294.33684210526314,96,0.020833333333333332,271.9375,92,0.09782608695652174,287.54347826086956,99,0.1414141414141414,282.2020202020202,272,0.08455882352941177,283.9264705882353,7231,7231,333.4984772205353
N,10,550480792,0.0001,962560,282,0.1595744680851064,328.6241134751773,138,0.10869565217391304,324.78985507246375,93,0.0967741935483871,314.81720430107526,95,0.1368421052631579,334.7684210526316,96,0.08333333333333333,317.5104166666667,92,0.14130434782608695,337.4782608695652,99,0.2222222222222222,317.54545454545456,272,0.13602941176470587,328.88235294117646,7231,7231,333.4984772205353
N,10,550480792,0.0001,983040,282,0.07446808510638298,242.72340425531914,138,0.028985507246376812,234.15942028985506,93,0.053763440860215055,234.4731182795699,95,0.05263157894736842,251.1263157894737,96,0.03125,230.42708333333334,92,0.043478260869565216,242.16304347826087,99,0.08080808080808081,244.94949494949495,272,0.07352941176470588,244.27573529411765,7231,7231,333.4984772205353
N,10,550480792,0.0001,1003520,282,0.08156028368794327,264.82978723404256,138,0.036231884057971016,257.5507246376812,93,0.043010752688172046,254.25806451612902,95,0.10526315789473684,276.2842105263158,96,0.03125,252.36458333333334,92,0.06521739130434782,266.0978260869565,99,0.09090909090909091,264.5353535353535,272,0.07352941176470588,265.5514705882353,7231,7231,333.4984772205353
N,10,550480792,0.0001,1024000,282,0.03546099290780142,215.99290780141843,138,0.028985507246376812,212.55072463768116,93,0.043010752688172046,214.05376344086022,95,0.031578947368421054,228.9157894736842,96,0.03125,210.875,92,0.043478260869565216,216.7608695652174,99,0.050505050505050504,219.46464646464648,272,0.04411764705882353,221.4558823529412,7231,7231,333.4984772205353
N,10,550480792,0.0001,1044480,282,0.031914893617021274,210.56382978723406,138,0.007246376811594203,207.7536231884058,93,0.0,204.0,95,0.042105263157894736,226.89473684210526,96,0.0,204.86458333333334,92,0.043478260869565216,213.80434782608697,99,0.030303030303030304,213.85858585858585,272,0.07352941176470588,222.93014705882354,7231,7231,333.4984772205353
N,10,550480792,0.0001,1064960,282,0.04609929078014184,245.10992907801418,138,0.021739130434782608,238.7173913043478,93,0.053763440860215055,241.67741935483872,95,0.06315789473684211,257.4947368421053,96,0.03125,237.35416666666666,92,0.043478260869565216,245.54347826086956,99,0.0707070707070707,247.8181818181818,272,0.07720588235294118,252.9485294117647,7231,7231,333.4984772205353
N,10,550480792,0.0001,1085440,282,0.0425531914893617,245.9964539007092,138,0.021739130434782608,239.58695652173913,93,0.043010752688172046,236.9784946236559,95,0.06315789473684211,256.87368421052633,96,0.03125,238.55208333333334,92,0.043478260869565216,244.66304347826087,99,0.0707070707070707,247.22222222222223,272,0.07720588235294118,254.16176470588235,7231,7231,333.4984772205353
N,10,550480792,0.0001,1105920,282,0.06382978723404255,265.1241134751773,138,0.028985507246376812,257.8840579710145,93,0.053763440860215055,257.7741935483871,95,0.06315789473684211,272.94736842105266,96,0.03125,254.04166666666666,92,0.043478260869565216,262.79347826086956,99,0.10101010101010101,266.4343434343434,272,0.08088235294117647,270.55882352941177,7231,7231,333.4984772205353
N,10,550480792,0.0001,1126400,282,0.08865248226950355,312.6914893617021,138,0.036231884057971016,302.05797101449275,93,0.053763440860215055,293.06451612903226,95,0.09473684210526316,314.4,96,0.052083333333333336,301.1875,92,0.07608695652173914,313.2608695652174,99,0.16161616161616163,311.5858585858586,272,0.10294117647058823,318.62867647058823,7231,7231,333.4984772205353
N,10,550480792,0.0001,1146880,282,0.0425531914893617,232.29787234042553,138,0.014492753623188406,226.69565217391303,93,0.010752688172043012,224.08602150537635,95,0.042105263157894736,248.78947368421052,96,0.0,223.80208333333334,92,0.05434782608695652,237.1304347826087,99,0.0707070707070707,234.31313131313132,272,0.08088235294117647,242.91176470588235,7231,7231,333.4984772205353
N,10,550480792,0.0001,1167360,282,0.06382978723404255,288.78723404255317,138,0.036231884057971016,279.67391304347825,93,0.043010752688172046,269.76344086021504,95,0.05263157894736842,292.4842105263158,96,0.052083333333333336,279.6979166666667,92,0.043478260869565216,289.0,99,0.09090909090909091,287.09090909090907,272,0.08823529411764706,294.7647058823529,7231,7231,333.4984772205353
N,10,550480792,0.0001,1187840,282,0.03546099290780142,224.5212765957447,138,0.021739130434782608,221.03623188405797,93,0.043010752688172046,224.76344086021504,95,0.05263157894736842,237.62105263157895,96,0.020833333333333332,218.71875,92,0.021739130434782608,223.3913043478261,99,0.050505050505050504,227.73737373737373,272,0.0661764705882353,234.83823529411765,7231,7231,333.4984772205353
N,10,550480792,0.0001,1208320,282,0.031914893617021274,209.56028368794327,138,0.014492753623188406,206.95652173913044,93,0.0,202.70967741935485,95,0.0,218.62105263157895,96,0.0,203.57291666666666,92,0.03260869565217391,214.2608695652174,99,0.06060606060606061,213.03030303030303,272,0.07352941176470588,222.08455882352942,7231,7231,333.4984772205353
N,10,550480792,0.0001,1228800,282,0.0425531914893617,214.0709219858156,138,0.014492753623188406,209.08695652173913,93,0.0,205.79569892473117,95,0.031578947368421054,224.70526315789473,96,0.0,207.39583333333334,92,0.03260869565217391,217.47826086956522,99,0.050505050505050504,215.3939393939394,272,0.07720588235294118,227.15441176470588,7231,7231,333.4984772205353
N,11,3614505623,0.0001,0,282,0.09219858156028368,62.54255319148936,138,0.10144927536231885,72.66666666666667,93,0.053763440860215055,51.97849462365591,95,0.05263157894736842,45.1578947368421,96,0.0,19.46875,92,0.05434782608695652,42.93478260869565,99,0.06060606060606061,55.21212121212121,272,0.3860294117647059,222.58823529411765,6871,6871,333.67495608329773
N,11,3614505623,0.0001,20480,282,0.0,63.312056737588655,138,0.0,62.29710144927536,93,0.0,66.04301075268818,95,0.0,59.92631578947368,96,0.0,76.17708333333333,92,0.0,69.1195652173913,99,0.0,47.474747474747474,272,0.003676470588235294,80.9779411764706,6871,6871,333.67495608329773
N,11,3614505623,0.0001,40960,282,0.0,97.54609929078015,138,0.0,96.73913043478261,93,0.0,97.11827956989248,95,0.0,91.36842105263158,96,0.0,106.17708333333333,92,0.0,93.28260869565217,99,0.0,74.18181818181819,272,0.007352941176470588,100.21691176470588,6871,6871,333.67495608329773
N,11,3614505623,0.0001,61440,282,0.01773049645390071,201.49290780141843,138,0.0,203.44927536231884,93,0.0,217.20430107526883,95,0.021052631578947368,197.7157894736842,96,0.020833333333333332,216.35416666666666,92,0.021739130434782608,204.90217391304347,99,0.0,153.2020202020202,272,0.03676470588235294,209.3860294117647,6871,6871,333.67495608329773
N,11,3614505623,0.0001,81920,282,0.2978723404255319,339.7659574468085,138,0.2536231884057971,351.4710144927536,93,0.26881720430107525,349.1290322580645,95,0.2631578947368421,327.4315789473684,96,0.28125,354.2395833333333,92,0.29347826086956524,342.7826086956522,99,0.15151515151515152,274.6363636363636,272,0.3639705882352941,361.31617647058823,6871,6871,333.67495608329773
N,11,3614505623,0.0001,102400,282,0.16312056737588654,289.51063829787233,138,0.11594202898550725,286.2536231884058,93,0.10752688172043011,282.81720430107526,95,0.12631578947368421,273.1578947368421,96,0.125,284.8958333333333,92,0.16304347826086957,292.3478260869565,99,0.08080808080808081,233.5050505050505,272,0.20220588235294118,321.12867647058823,6871,6871,333.67495608329773
N,11,3614505623,0.0001,122880,282,0.1524822695035461,299.7411347517731,138,0.06521739130434782,289.7971014492754,93,0.10752688172043011,294.2903225806452,95,0.14736842105263157,283.29473684210524,96,0.10416666666666667,293.65625,92,0.1956521739130435,299.0978260869565,99,0.1414141414141414,251.59595959595958,272,0.17279411764705882,322.1397058823529,6871,6871,333.67495608329773
N,11,3614505623,0.0001,143360,282,0.11702127659574468,294.60283687943263,138,0.07971014492753623,286.5289855072464,93,0.0967741935483871,289.86021505376345,95,0.1368421052631579,281.89473684210526,96,0.16666666666666666,298.15625,92,0.11956521739130435,297.04347826086956,99,0.13131313131313133,250.56565656565655,272,0.16544117647058823,309.3897058823529,6871,6871,333.67495608329773
N,11,3614505623,0.0001,163840,282,0.09219858156028368,256.45390070921985,138,0.09420289855072464,248.7246376811594,93,0.043010752688172046,243.9784946236559,95,0.07368421052631578,236.78947368421052,96,0.11458333333333333,263.2083333333333,92,0.06521739130434782,254.1195652173913,99,0.050505050505050504,211.7171717171717,272,0.058823529411764705,250.49632352941177,6871,6871,333.67495608329773
N,11,3614505623,0.0001,184320,282,0.05673758865248227,225.40070921985816,138,0.036231884057971016,213.81884057971016,93,0.010752688172043012,215.27956989247312,95,0.05263157894736842,212.90526315789472,96,0.0625,225.11458333333334,92,0.08695652173913043,234.0,99,0.050505050505050504,196.97979797979798,272,0.05514705882352941,243.54044117647058,6871,6871,333.67495608329773
N,11,3614505623,0.0001,204800,282,0.09929078014184398,264.8581560283688,138,0.050724637681159424,255.5144927536232,93,0.0967741935483871,256.21505376344084,95,0.07368421052631578,245.76842105263157,96,0.10416666666666667,255.80208333333334,92,0.13043478260869565,264.7826086956522,99,0.050505050505050504,213.3030303030303,272,0.13602941176470587,295.74632352941177,6871,6871,333.67495608329773
N,11,3614505623,0.0001,225280,282,0.22340425531914893,336.61347517730496,138,0.16666666666666666,329.8478260869565,93,0.1935483870967742,331.31182795698925,95,0.2,314.93684210526317,96,0.19791666666666666,328.9479166666667,92,0.2391304347826087,331.8369565217391,99,0.1919191919191919,276.5353535353535,272,0.25735294117647056,355.08088235294116,6871,6871,333.67495608329773
N,11,3614505623,0.0001,245760,282,0.18085106382978725,314.15602836879435,138,0.15217391304347827,303.34057971014494,93,0.16129032258064516,303.18279569892474,95,0.17894736842105263,294.77894736842103,96,0.20833333333333334,313.0208333333333,92,0.20652173913043478,316.32608695652175,99,0.12121212121212122,257.7070707070707,272,0.18382352941176472,317.4632352941176,6871,6871,333.67495608329773
N,11,3614505623,0.0001,266240,282,0.22695035460992907,317.6276595744681,138,0.15942028985507245,319.60869565217394,93,0.12903225806451613,315.7204301075269,95,0.1368421052631579,299.4315789473684,96,0.17708333333333334,314.96875,92,0.20652173913043478,311.04347826086956,99,0.09090909090909091,253.67676767676767,272,0.20955882352941177,331.14338235294116,6871,6871,333.67495608329773
N,11,3614505623,0.0001,286720,282,0.1879432624113475,319.27659574468083,138,0.13043478260869565,324.7536231884058,93,0.12903225806451613,313.35483870967744,95,0.15789473684210525,325.09473684210525,96,0.19791666666666666,325.1354166666667,92,0.2826086956521739,335.20652173913044,99,0.1414141414141414,279.37373737373736,272,0.11764705882352941,321.15441176470586,6871,6871,333.67495608329773
N,11,3614505623,0.0001,307200,282,0.0425531914893617,225.6241134751773,138,0.007246376811594203,225.90579710144928,93,0.0,216.1505376344086,95,0.06315789473684211,237.38947368421051,96,0.041666666666666664,238.375,92,0.07608695652173914,238.41304347826087,99,0.030303030303030304,202.8080808080808,272,0.01838235294117647,222.5514705882353,6871,6871,333.67495608329773
N,11,3614505623,0.0001,327680,282,0.04964539007092199,224.96808510638297,138,0.050724637681159424,225.0,93,0.0,209.1505376344086,95,0.05263157894736842,210.8421052631579,96,0.041666666666666664,220.90625,92,0.06521739130434782,224.9891304347826,99,0.04040404040404041,184.0909090909091,272,0.04779411764705882,238.1066176470588,6871,6871,333.67495608329773
N,11,3614505623,0.0001,348160,282,0.07092198581560284,237.60638297872342,138,0.043478260869565216,239.57246376811594,93,0.043010752688172046,233.13978494623655,95,0.042105263157894736,236.18947368421053,96,0.041666666666666664,241.52083333333334,92,0.07608695652173914,246.82608695652175,99,0.0707070707070707,210.2020202020202,272,0.03308823529411765,239.21691176470588,6871,6871,333.67495608329773
N,11,3614505623,0.0001,368640,282,0.13120567375886524,302.00354609929076,138,0.10144927536231885,305.5,93,0.021505376344086023,286.3333333333333,95,0.16842105263157894,311.85263157894735,96,0.125,302.1458333333333,92,0.20652173913043478,316.4673913043478,99,0.1414141414141414,277.75757575757575,272,0.0661764705882353,294.2647058823529,6871,6871,333.67495608329773
N,11,3614505623,0.0001,389120,282,0.4397163120567376,410.9078014184397,138,0.4492753623188406,423.77536231884056,93,0.3548387096774194,413.36559139784947,95,0.45263157894736844,421.5684210526316,96,0.4270833333333333,411.9895833333333,92,0.5,419.89130434782606,99,0.3434343434343434,376.57575757575756,272,0.36764705882352944,409.60661764705884,6871,6871,333.67495608329773
N,11,3614505623,0.0001,409600,282,0.6737588652482269,460.36170212765956,138,0.717391304347826,469.6376811594203,93,0.6666666666666666,464.23655913978496,95,0.6947368421052632,464.36842105263156,96,0.6666666666666666,465.3854166666667,92,0.6956521739130435,457.7717391304348,99,0.6060606060606061,427.35353535353534,272,0.6507352941176471,450.1875,6871,6871,333.67495608329773
N,11,3614505623,0.0001,430080,282,0.08156028368794327,246.34397163120568,138,0.07246376811594203,249.9855072463768,93,0.053763440860215055,239.33333333333334,95,0.010526315789473684,236.38947368421051,96,0.0625,251.625,92,0.15217391304347827,261.10869565217394,99,0.04040404040404041,210.26262626262627,272,0.06985294117647059,254.1360294117647,6871,6871,333.67495608329773
N,11,3614505623,0.0001,450560,282,0.2695035460992908,340.76241134751774,138,0.2463768115942029,353.3623188405797,93,0.17204301075268819,333.19354838709677,95,0.24210526315789474,349.3263157894737,96,0.2604166666666667,347.5416666666667,92,0.358695652173913,356.54347826086956,99,0.20202020202020202,304.2121212121212,272,0.17647058823529413,347.43014705882354,6871,6871,333.67495608329773
N,11,3614505623,0.0001,471040,282,0.2765957446808511,376.531914893617,138,0.2463768115942029,379.2463768115942,93,0.1935483870967742,370.5806451612903,95,0.3157894736842105,386.29473684210524,96,0.2604166666666667,373.0208333333333,92,0.3695652173913043,384.04347826086956,99,0.29292929292929293,348.22222222222223,272,0.17279411764705882,364.6875,6871,6871,333.67495608329773
N,11,3614505623,0.0001,491520,282,0.3475177304964539,381.3404255319149,138,0.3333333333333333,391.8623188405797,93,0.24731182795698925,377.6989247311828,95,0.3473684210526316,393.3578947368421,96,0.34375,380.3854166666667,92,0.3804347826086957,389.4782608695652,99,0.30303030303030304,345.7070707070707,272,0.29044117647058826,385.99632352941177,6871,6871,333.67495608329773
N,11,3614505623,0.0001,512000,282,0.5780141843971631,430.68794326241135,138,0.5942028985507246,447.2463768115942,93,0.5161290322580645,433.40860215053766,95,0.5368421052631579,436.69473684210527,96,0.5416666666666666,437.25,92,0.5869565217391305,436.85869565217394,99,0.47474747474747475,387.54545454545456,272,0.6323529411764706,441.8014705882353,6871,6871,333.67495608329773
N,11,3614505623,0.0001,532480,282,0.9822695035460993,498.1063829787234,138,1.0,500.0,93,1.0,500.0,95,0.9894736842105263,499.69473684210527,96,1.0,500.0,92,0.9891304347826086,499.29347826086956,99,0.9696969696969697,489.2121212121212,272,0.9044117647058824,478.85661764705884,6871,6871,333.67495608329773
N,11,3614505623,0.0001,552960,282,0.9858156028368794,497.0886524822695,138,1.0,500.0,93,1.0,500.0,95,0.9894736842105263,499.85263157894735,96,1.0,500.0,92,0.967391304347826,494.9021739130435,99,0.9595959595959596,489.47474747474746,272,0.9080882352941176,481.9522058823529,6871,6871,333.67495608329773
N,11,3614505623,0.0001,573440,282,0.8368794326241135,468.9432624113475,138,0.9565217391304348,489.4347826086956,93,0.946236559139785,488.59139784946234,95,0.9368421052631579,485.10526315789474,96,0.9479166666666666,487.5833333333333,92,0.8695652173913043,485.2608695652174,99,0.797979797979798,449.67676767676767,272,0.8308823529411765,461.7720588235294,6871,6871,333.67495608329773
N,11,3614505623,0.0001,593920,282,0.8404255319148937,474.7517730496454,138,0.9347826086956522,489.8623188405797,93,0.8924731182795699,482.741935483871,95,0.9263157894736842,488.17894736842106,96,0.90625,479.7916666666667,92,0.9130434782608695,481.60869565217394,99,0.7474747474747475,443.52525252525254,272,0.8235294117647058,464.26838235294116,6871,6871,333.67495608329773
N,11,3614505623,0.0001,614400,282,0.9822695035460993,497.5,138,0.9855072463768116,498.4130434782609,93,0.989247311827957,495.8279569892473,95,0.9894736842105263,499.65263157894736,96,1.0,500.0,92,0.9782608695652174,494.5,99,0.9494949494949495,494.2929292929293,272,0.9117647058823529,485.3529411764706,6871,6871,333.67495608329773
N,11,3614505623,0.0001,634880,282,0.9929078014184397,497.64539007092196,138,1.0,500.0,93,1.0,500.0,95,1.0,500.0,96,1.0,500.0,92,0.967391304347826,493.9021739130435,99,0.9696969696969697,495.42424242424244,272,0.8823529411764706,475.8492647058824,6871,6871,333.67495608329773
N,11,3614505623,0.0001,655360,282,0.7730496453900709,465.8333333333333,138,0.8768115942028986,487.1159420289855,93,0.8924731182795699,483.01075268817203,95,0.8736842105263158,485.57894736842104,96,0.8541666666666666,476.3229166666667,92,0.8260869565217391,469.5978260869565,99,0.696969696969697,438.77777777777777,272,0.8492647058823529,471.46691176470586,6871,6871,333.67495608329773
N,11,3614505623,0.0001,675840,282,0.6595744680851063,423.49645390070924,138,0.7536231884057971,458.5072463768116,93,0.7956989247311828,456.5268817204301,95,0.8105263157894737,463.4842105263158,96,0.71875,441.3958333333333,92,0.75,451.1521739130435,99,0.5858585858585859,384.9191919191919,272,0.7389705882352942,445.50367647058823,6871,6871,333.67495608329773
N,11,3614505623,0.0001,696320,282,0.0673758865248227,210.56382978723406,138,0.0,194.97101449275362,93,0.010752688172043012,193.23655913978496,95,0.021052631578947368,196.74736842105264,96,0.010416666666666666,203.22916666666666,92,0.10869565217391304,220.22826086956522,99,0.04040404040404041,175.57575757575756,272,0.08088235294117647,228.71691176470588,6871,6871,333.67495608329773
N,11,3614505623,0.0001,716800,282,0.07446808510638298,217.39716312056737,138,0.007246376811594203,203.82608695652175,93,0.0,198.18279569892474,95,0.042105263157894736,210.73684210526315,96,0.041666666666666664,215.82291666666666,92,0.13043478260869565,232.75,99,0.050505050505050504,185.6969696969697,272,0.08455882352941177,233.77941176470588,6871,6871,333.67495608329773
N,11,3614505623,0.0001,737280,282,0.06382978723404255,205.8758865248227,138,0.021739130434782608,193.1231884057971,93,0.021505376344086023,192.98924731182797,95,0.010526315789473684,191.56842105263158,96,0.041666666666666664,205.98958333333334,92,0.05434782608695652,209.30434782608697,99,0.04040404040404041,174.64646464646464,272,0.07352941176470588,220.8860294117647,6871,6871,333.67495608329773
N,11,3614505623,0.0001,757760,282,0.09929078014184398,250.62765957446808,138,0.09420289855072464,249.20289855072463,93,0.021505376344086023,231.74193548387098,95,0.08421052631578947,259.65263157894736,96,0.03125,244.47916666666666,92,0.14130434782608695,271.3152173913044,99,0.1111111111111111,230.25252525252526,272,0.1213235294117647,257.74264705882354,6871,6871,333.67495608329773
N,11,3614505623,0.0001,778240,282,0.024822695035460994,196.03191489361703,138,0.036231884057971016,203.41304347826087,93,0.0,186.8279569892473,95,0.042105263157894736,208.6,96,0.010416666666666666,198.77083333333334,92,0.05434782608695652,208.66304347826087,99,0.08080808080808081,199.2929292929293,272,0.04779411764705882,207.64705882352942,6871,6871,333.67495608329773
N,11,3614505623,0.0001,798720,282,0.09574468085106383,253.47517730496455,138,0.028985507246376812,245.6231884057971,93,0.053763440860215055,239.66666666666666,95,0.10526315789473684,262.0736842105263,96,0.03125,239.3125,92,0.10869565217391304,260.5108695652174,99,0.12121212121212122,248.0,272,0.10661764705882353,261.33088235294116,6871,6871,333.67495608329773
N,11,3614505623,0.0001,819200,282,0.14893617021276595,302.34751773049646,138,0.09420289855072464,294.3840579710145,93,0.07526881720430108,282.51612903225805,95,0.14736842105263157,309.6736842105263,96,0.0625,287.0416666666667,92,0.15217391304347827,309.1304347826087,99,0.21212121212121213,291.64646464646466,272,0.19117647058823528,306.3272058823529,6871,6871,333.67495608329773
N,11,3614505623,0.0001,839680,282,0.0851063829787234,251.80851063829786,138,0.09420289855072464,248.81159420289856,93,0.03225806451612903,233.29032258064515,95,0.06315789473684211,255.90526315789472,96,0.041666666666666664,245.07291666666666,92,0.11956521739130435,265.9673913043478,99,0.12121212121212122,237.5252525252525,272,0.09926470588235294,258.70588235294116,6871,6871,333.67495608329773
N,11,3614505623,0.0001,860160,282,0.031914893617021274,198.79432624113474,138,0.021739130434782608,201.6014492753623,93,0.010752688172043012,191.03225806451613,95,0.042105263157894736,210.83157894736843,96,0.03125,204.0625,92,0.043478260869565216,208.9891304347826,99,0.06060606060606061,196.3838383838384,272,0.0625,212.84926470588235,6871,6871,333.67495608329773
N,11,3614505623,0.0001,880640,282,0.024822695035460994,186.82624113475177,138,0.007246376811594203,186.3768115942029,93,0.0,183.31182795698925,95,0.05263157894736842,200.37894736842105,96,0.0,180.77083333333334,92,0.021739130434782608,189.57608695652175,99,0.050505050505050504,193.16161616161617,272,0.05514705882352941,198.53308823529412,6871,6871,333.67495608329773
N,11,3614505623,0.0001,901120,282,0.0425531914893617,200.89361702127658,138,0.0,198.2753623188406,93,0.010752688172043012,195.8279569892473,95,0.06315789473684211,214.09473684210528,96,0.0,192.08333333333334,92,0.03260869565217391,205.1195652173913,99,0.06060606060606061,203.27272727272728,272,0.0661764705882353,213.5,6871,6871,333.67495608329773
N,11,3614505623,0.0001,921600,282,0.031914893617021274,196.36879432624113,138,0.007246376811594203,196.0,93,0.010752688172043012,188.49462365591398,95,0.021052631578947368,203.81052631578947,96,0.03125,203.69791666666666,92,0.043478260869565216,202.07608695652175,99,0.050505050505050504,192.82828282828282,272,0.051470588235294115,209.65808823529412,6871,6871,333.67495608329773
N,11,3614505623,0.0001,942080,282,0.03546099290780142,203.4787234042553,138,0.007246376811594203,197.90579710144928,93,0.0,198.3978494623656,95,0.031578947368421054,214.74736842105264,96,0.010416666666666666,194.86458333333334,92,0.06521739130434782,207.30434782608697,99,0.08080808080808081,211.59595959595958,272,0.058823529411764705,215.2941176470588,6871,6871,333.67495608329773
N,11,3614505623,0.0001,962560,282,0.04964539007092199,213.73758865248226,138,0.014492753623188406,209.6014492753623,93,0.021505376344086023,206.46236559139786,95,0.031578947368421054,222.37894736842105,96,0.010416666666666666,204.42708333333334,92,0.05434782608695652,217.22826086956522,99,0.0707070707070707,223.21212121212122,272,0.07352941176470588,225.13235294117646,6871,6871,333.67495608329773
N,11,3614505623,0.0001,983040,282,0.09219858156028368,266.1170212765957,138,0.06521739130434782,260.27536231884056,93,0.053763440860215055,249.50537634408602,95,0.09473684210526316,280.4842105263158,96,0.020833333333333332,254.94791666666666,92,0.10869565217391304,275.6304347826087,99,0.15151515151515152,260.04040404040404,272,0.09558823529411764,276.5367647058824,6871,6871,333.67495608329773
N,11,3614505623,0.0001,1003520,282,0.0673758865248227,244.96453900709218,138,0.050724637681159424,239.04347826086956,93,0.021505376344086023,224.08602150537635,95,0.09473684210526316,251.26315789473685,96,0.07291666666666667,243.46875,92,0.07608695652173914,250.94565217391303,99,0.12121212121212122,234.84848484848484,272,0.09558823529411764,256.79411764705884,6871,6871,333.67495608329773
N,11,3614505623,0.0001,1024000,282,0.7588652482269503,471.22340425531917,138,0.855072463768116,484.2971014492754,93,0.7956989247311828,474.10752688172045,95,0.8,481.37894736842105,96,0.75,473.6145833333333,92,0.75,471.1630434782609,99,0.6868686868686869,450.6868686868687,272,0.8235294117647058,474.2610294117647,6871,6871,333.67495608329773
N,11,3614505623,0.0001,1044480,282,0.8333333333333334,482.97872340425533,138,0.8623188405797102,486.9782608695652,93,0.7849462365591398,473.9139784946237,95,0.7894736842105263,485.0105263157895,96,0.875,485.8020833333333,92,0.8586956521739131,483.7282608695652,99,0.7171717171717171,463.7171717171717,272,0.8566176470588235,475.2242647058824,6871,6871,333.67495608329773
N,11,3614505623,0.0001,1064960,282,0.925531914893617,488.8404255319149,138,0.9710144927536232,496.78985507246375,93,0.956989247311828,493.0752688172043,95,0.9789473684210527,499.63157894736844,96,0.9791666666666666,498.15625,92,0.9130434782608695,488.7282608695652,99,0.8686868686868687,483.1515151515151,272,0.9154411764705882,487.40441176470586,6871,6871,333.67495608329773
N,11,3614505623,0.0001,1085440,282,0.9397163120567376,493.28014184397165,138,0.9565217391304348,496.7608695652174,93,0.956989247311828,491.2903225806452,95,1.0,500.0,96,0.9583333333333334,497.09375,92,0.9130434782608695,489.7717391304348,99,0.9191919191919192,489.85858585858585,272,0.9044117647058824,484.5882352941176,6871,6871,333.67495608329773
N,11,3614505623,0.0001,1105920,282,0.9929078014184397,498.468085106383,138,1.0,500.0,93,1.0,500.0,95,1.0,500.0,96,1.0,500.0,92,0.9891304347826086,499.57608695652175,99,1.0,500.0,272,0.9632352941176471,491.3345588235294,6871,6871,333.67495608329773
N,11,3614505623,0.0001,1126400,282,1.0,500.0,138,1.0,500.0,93,0.989247311827957,495.6559139784946,95,1.0,500.0,96,1.0,500.0,92,0.9782608695652174,495.2173913043478,99,1.0,500.0,272,0.9558823529411765,489.84558823529414,6871,6871,333.67495608329773
N,11,3614505623,0.0001,1146880,282,0.9893617021276596,498.1985815602837,138,1.0,500.0,93,0.989247311827957,495.40860215053766,95,1.0,500.0,96,1.0,500.0,92,1.0,500.0,99,1.0,500.0,272,0.9595588235294118,490.6029411764706,6871,6871,333.67495608329773
N,11,3614505623,0.0001,1167360,282,0.9468085106382979,494.3333333333333,138,0.9637681159420289,498.05797101449275,93,0.989247311827957,495.40860215053766,95,0.9894736842105263,499.8315789473684,96,1.0,500.0,92,0.9565217391304348,496.1630434782609,99,0.9595959595959596,498.72727272727275,272,0.9448529411764706,488.93382352941177,6871,6871,333.67495608329773
N,11,3614505623,0.0001,1187840,282,0.975177304964539,495.61347517730496,138,0.9855072463768116,499.18840579710144,93,0.989247311827957,495.36559139784947,95,1.0,500.0,96,1.0,500.0,92,0.9782608695652174,496.8152173913044,99,0.98989898989899,499.8686868686869,272,0.9485294117647058,488.9742647058824,6871,6871,333.67495608329773
N,11,3614505623,0.0001,1208320,282,0.9822695035460993,495.3049645390071,138,0.9927536231884058,499.77536231884056,93,0.9354838709677419,473.01075268817203,95,1.0,500.0,96,1.0,500.0,92,0.9891304347826086,495.20652173913044,99,0.9797979797979798,490.72727272727275,272,0.9558823529411765,484.26838235294116,6871,6871,333.67495608329773
N,11,3614505623,0.0001,1228800,282,0.9858156028368794,495.3900709219858,138,1.0,500.0,93,0.956989247311828,483.40860215053766,95,1.0,500.0,96,1.0,500.0,92,0.9891304347826086,495.2173913043478,99,0.98989898989899,495.4040404040404,272,0.9669117647058824,488.2977941176471,6871,6871,333.67495608329773
N,12,1841485728,0.0001,0,282,0.0,13.397163120567376,138,0.0,16.485507246376812,93,0.0,19.322580645161292,95,0.0,16.621052631578948,96,0.0,16.489583333333332,92,0.0,14.467391304347826,99,0.0,12.494949494949495,272,0.0,13.632352941176471,6342,6342,334.7233998775482
N,12,1841485728,0.0001,20480,282,0.010638297872340425,66.54609929078015,138,0.0,64.07246376811594,93,0.0,67.34408602150538,95,0.0,60.694736842105264,96,0.041666666666666664,85.66666666666667,92,0.010869565217391304,68.46739130434783,99,0.0,52.121212121212125,272,0.01838235294117647,82.87867647058823,6342,6342,334.7233998775482
N,12,1841485728,0.0001,40960,282,0.014184397163120567,84.95744680851064,138,0.007246376811594203,83.07246376811594,93,0.0,84.84946236559139,95,0.0,77.61052631578947,96,0.020833333333333332,103.65625,92,0.0,88.40217391304348,99,0.030303030303030304,78.14141414141415,272,0.007352941176470588,93.7904411764706,6342,6342,334.7233998775482
N,12,1841485728,0.0001,61440,282,0.024822695035460994,194.87943262411346,138,0.0,188.55797101449275,93,0.0,189.1505376344086,95,0.010526315789473684,183.94736842105263,96,0.03125,206.64583333333334,92,0.010869565217391304,196.7608695652174,99,0.010101010101010102,165.14141414141415,272,0.0625,189.52941176470588,6342,6342,334.7233998775482
N,12,1841485728,0.0001,81920,282,0.14893617021276595,269.2659574468085,138,0.10144927536231885,269.4710144927536,93,0.0967741935483871,265.38709677419354,95,0.11578947368421053,256.3157894736842,96,0.1875,281.0520833333333,92,0.16304347826086957,266.14130434782606,99,0.050505050505050504,207.03030303030303,272,0.17647058823529413,288.43014705882354,6342,6342,334.7233998775482
N,12,1841485728,0.0001,102400,282,0.09574468085106383,267.72340425531917,138,0.036231884057971016,253.3840579710145,93,0.0967741935483871,257.97849462365593,95,0.08421052631578947,249.94736842105263,96,0.11458333333333333,260.9895833333333,92,0.15217391304347827,271.8152173913044,99,0.08080808080808081,220.83838383838383,272,0.14338235294117646,295.9522058823529,6342,6342,334.7233998775482
N,12,1841485728,0.0001,122880,282,0.09574468085106383,282.3404255319149,138,0.06521739130434782,274.71014492753625,93,0.08602150537634409,274.31182795698925,95,0.12631578947368421,268.6421052631579,96,0.125,282.8854166666667,92,0.10869565217391304,286.79347826086956,99,0.12121212121212122,240.6060606060606,272,0.11397058823529412,302.02941176470586,6342,6342,334.7233998775482
N,12,1841485728,0.0001,143360,282,0.13829787234042554,296.47872340425533,138,0.07971014492753623,291.0289855072464,93,0.10752688172043011,291.0537634408602,95,0.11578947368421053,278.7684210526316,96,0.10416666666666667,282.4895833333333,92,0.14130434782608695,291.85869565217394,99,0.12121212121212122,250.62626262626262,272,0.17279411764705882,327.5404411764706,6342,6342,334.7233998775482
N,12,1841485728,0.0001,163840,282,0.08865248226950355,259.7340425531915,138,0.09420289855072464,261.5869565217391,93,0.043010752688172046,250.08602150537635,95,0.08421052631578947,244.45263157894738,96,0.07291666666666667,246.59375,92,0.043478260869565216,250.5108695652174,99,0.04040404040404041,211.97979797979798,272,0.07720588235294118,285.9522058823529,6342,6342,334.7233998775482
N,12,1841485728,0.0001,184320,282,0.11702127659574468,293.6843971631206,138,0.07971014492753623,284.6159420289855,93,0.0967741935483871,287.8494623655914,95,0.11578947368421053,274.18947368421055,96,0.13541666666666666,289.90625,92,0.13043478260869565,295.3804347826087,99,0.10101010101010101,248.3939393939394,272,0.14338235294117646,321.29411764705884,6342,6342,334.7233998775482
N,12,1841485728,0.0001,204800,282,0.10638297872340426,272.5851063829787,138,0.043478260869565216,265.1449275362319,93,0.08602150537634409,264.6774193548387,95,0.07368421052631578,252.31578947368422,96,0.09375,262.3229166666667,92,0.14130434782608695,273.7173913043478,99,0.08080808080808081,228.36363636363637,272,0.15441176470588236,307.0514705882353,6342,6342,334.7233998775482
N,12,1841485728,0.0001,225280,282,0.14184397163120568,298.5354609929078,138,0.11594202898550725,296.5652173913044,93,0.10752688172043011,291.3225806451613,95,0.12631578947368421,279.8315789473684,96,0.10416666666666667,283.4895833333333,92,0.15217391304347827,290.1630434782609,99,0.09090909090909091,245.82828282828282,272,0.17647058823529413,331.86764705882354,6342,6342,334.7233998775482
N,12,1841485728,0.0001,245760,282,0.24468085106382978,360.5673758865248,138,0.1956521739130435,359.8840579710145,93,0.22580645161290322,353.6989247311828,95,0.22105263157894736,344.4947368421053,96,0.16666666666666666,348.0416666666667,92,0.2608695652173913,354.30434782608694,99,0.1717171717171717,306.6868686868687,272,0.33088235294117646,387.3639705882353,6342,6342,334.7233998775482
N,12,1841485728,0.0001,266240,282,0.23404255319148937,355.8262411347518,138,0.1956521739130435,351.2536231884058,93,0.17204301075268819,336.258064516129,95,0.16842105263157894,335.2105263157895,96,0.20833333333333334,351.9270833333333,92,0.1956521739130435,350.04347826086956,99,0.12121212121212122,302.1818181818182,272,0.16544117647058823,355.3125,6342,6342,334.7233998775482
N,12,1841485728,0.0001,286720,282,0.32978723404255317,389.28723404255317,138,0.26811594202898553,377.768115942029,93,0.20430107526881722,363.8494623655914,95,0.2736842105263158,368.29473684210524,96,0.3125,384.3229166666667,92,0.2826086956521739,382.05434782608694,99,0.2222222222222222,336.5050505050505,272,0.23161764705882354,377.3382352941176,6342,6342,334.7233998775482
N,12,1841485728,0.0001,307200,282,0.25177304964539005,357.29432624113474,138,0.2028985507246377,351.9347826086956,93,0.21505376344086022,344.60215053763443,95,0.2,335.0736842105263,96,0.23958333333333334,348.0208333333333,92,0.25,350.75,99,0.1717171717171717,301.6666666666667,272,0.25735294117647056,369.49264705882354,6342,6342,334.7233998775482
N,12,1841485728,0.0001,327680,282,0.3971631205673759,396.7517730496454,138,0.3333333333333333,395.1376811594203,93,0.3548387096774194,383.1505376344086,95,0.30526315789473685,374.3263157894737,96,0.3020833333333333,383.5833333333333,92,0.33695652173913043,385.7391304347826,99,0.2727272727272727,335.57575757575756,272,0.46691176470588236,411.13235294117646,6342,6342,334.7233998775482
N,12,1841485728,0.0001,348160,282,0.24822695035460993,359.531914893617,138,0.17391304347826086,340.5144927536232,93,0.10752688172043011,324.0430107526882,95,0.21052631578947367,336.2,96,0.25,360.1458333333333,92,0.2826086956521739,357.75,99,0.25252525252525254,330.3030303030303,272,0.13602941176470587,338.62132352941177,6342,6342,334.7233998775482
N,12,1841485728,0.0001,368640,282,0.30141843971631205,363.31205673758865,138,0.2318840579710145,355.6159420289855,93,0.20430107526881722,340.48387096774195,95,0.21052631578947367,340.1578947368421,96,0.2708333333333333,352.5520833333333,92,0.30434782608695654,363.07608695652175,99,0.1919191919191919,302.1313131313131,272,0.23897058823529413,361.7610294117647,6342,6342,334.7233998775482
N,12,1841485728,0.0001,389120,282,0.16666666666666666,297.9468085106383,138,0.13768115942028986,297.4782608695652,93,0.12903225806451613,292.21505376344084,95,0.11578947368421053,275.3578947368421,96,0.125,281.1979166666667,92,0.16304347826086957,292.1630434782609,99,0.09090909090909091,239.3838383838384,272,0.1948529411764706,332.84558823529414,6342,6342,334.7233998775482
N,12,1841485728,0.0001,409600,282,0.10283687943262411,253.36879432624113,138,0.06521739130434782,246.1304347826087,93,0.07526881720430108,242.08602150537635,95,0.08421052631578947,231.31578947368422,96,0.0625,237.875,92,0.09782608695652174,243.59782608695653,99,0.04040404040404041,204.03030303030303,272,0.09558823529411764,273.50735294117646,6342,6342,334.7233998775482
N,12,1841485728,0.0001,430080,282,0.10283687943262411,268.34397163120565,138,0.08695652173913043,266.17391304347825,93,0.043010752688172046,253.72043010752688,95,0.06315789473684211,252.05263157894737,96,0.0625,258.6145833333333,92,0.09782608695652174,264.5326086956522,99,0.04040404040404041,218.55555555555554,272,0.08455882352941177,282.5404411764706,6342,6342,334.7233998775482
N,12,1841485728,0.0001,450560,282,0.09929078014184398,269.5921985815603,138,0.08695652173913043,269.32608695652175,93,0.053763440860215055,254.79569892473117,95,0.05263157894736842,255.82105263157894,96,0.0625,260.8229166666667,92,0.13043478260869565,273.9130434782609,99,0.050505050505050504,220.75757575757575,272,0.09191176470588236,279.84191176470586,6342,6342,334.7233998775482
N,12,1841485728,0.0001,471040,282,0.2624113475177305,345.6063829787234,138,0.2536231884057971,353.3478260869565,93,0.23655913978494625,343.1720430107527,95,0.18947368421052632,326.2421052631579,96,0.21875,340.2291666666667,92,0.2391304347826087,341.0217391304348,99,0.1414141414141414,287.7979797979798,272,0.3088235294117647,374.7647058823529,6342,6342,334.7233998775482
N,12,1841485728,0.0001,491520,282,0.4929078014184397,419.49645390070924,138,0.5217391304347826,428.6376811594203,93,0.45161290322580644,418.741935483871,95,0.47368421052631576,423.58947368421053,96,0.4895833333333333,416.8541666666667,92,0.5760869565217391,424.69565217391306,99,0.41414141414141414,378.2323232323232,272,0.5147058823529411,429.8235294117647,6342,6342,334.7233998775482
N,12,1841485728,0.0001,512000,282,0.13829787234042554,301.35460992907804,138,0.08695652173913043,304.9130434782609,93,0.021505376344086023,285.8494623655914,95,0.15789473684210525,310.7157894736842,96,0.125,300.6666666666667,92,0.20652173913043478,316.05434782608694,99,0.1717171717171717,277.92929292929296,272,0.06985294117647059,298.6360294117647,6342,6342,334.7233998775482
N,12,1841485728,0.0001,532480,282,0.07446808510638298,259.27659574468083,138,0.028985507246376812,256.2536231884058,93,0.021505376344086023,245.81720430107526,95,0.06315789473684211,258.87368421052633,96,0.0625,262.84375,92,0.14130434782608695,272.9021739130435,99,0.0707070707070707,229.2929292929293,272,0.03676470588235294,255.625,6342,6342,334.7233998775482
N,12,1841485728,0.0001,552960,282,0.03546099290780142,211.03546099290782,138,0.014492753623188406,213.2463768115942,93,0.0,200.25806451612902,95,0.05263157894736842,226.8736842105263,96,0.041666666666666664,220.78125,92,0.06521739130434782,226.2391304347826,99,0.030303030303030304,201.37373737373738,272,0.003676470588235294,208.02941176470588,6342,6342,334.7233998775482
N,12,1841485728,0.0001,573440,282,0.04964539007092199,237.96099290780143,138,0.014492753623188406,237.91304347826087,93,0.010752688172043012,226.4731182795699,95,0.08421052631578947,251.31578947368422,96,0.0625,242.83333333333334,92,0.09782608695652174,253.0,99,0.08080808080808081,231.68686868686868,272,0.011029411764705883,227.6139705882353,6342,6342,334.7233998775482
N,12,1841485728,0.0001,593920,282,0.04964539007092199,223.11702127659575,138,0.028985507246376812,223.92028985507247,93,0.021505376344086023,215.33333333333334,95,0.042105263157894736,234.10526315789474,96,0.03125,226.33333333333334,92,0.08695652173913043,237.3695652173913,99,0.09090909090909091,223.58585858585857,272,0.003676470588235294,213.4558823529412,6342,6342,334.7233998775482
N,12,1841485728,0.0001,614400,282,0.03900709219858156,215.75886524822695,138,0.028985507246376812,218.4927536231884,93,0.03225806451612903,212.51612903225808,95,0.021052631578947368,228.3684210526316,96,0.010416666666666666,218.66666666666666,92,0.05434782608695652,227.0,99,0.0707070707070707,217.75757575757575,272,0.003676470588235294,207.3566176470588,6342,6342,334.7233998775482
N,12,1841485728,0.0001,634880,282,0.0425531914893617,226.42198581560282,138,0.036231884057971016,230.1086956521739,93,0.03225806451612903,223.8279569892473,95,0.0,236.14736842105262,96,0.020833333333333332,226.875,92,0.043478260869565216,235.4673913043478,99,0.050505050505050504,225.4949494949495,272,0.007352941176470588,218.3639705882353,6342,6342,334.7233998775482
N,12,1841485728,0.0001,655360,282,0.05319148936170213,243.74468085106383,138,0.050724637681159424,245.81884057971016,93,0.053763440860215055,239.32258064516128,95,0.010526315789473684,256.33684210526314,96,0.03125,243.11458333333334,92,0.07608695652173914,254.9891304347826,99,0.0707070707070707,239.73737373737373,272,0.011029411764705883,232.4816176470588,6342,6342,334.7233998775482
N,12,1841485728,0.0001,675840,282,0.05319148936170213,228.4964539007092,138,0.036231884057971016,228.7391304347826,93,0.021505376344086023,222.4516129032258,95,0.010526315789473684,238.33684210526314,96,0.020833333333333332,228.22916666666666,92,0.06521739130434782,236.6086956521739,99,0.06060606060606061,220.92929292929293,272,0.003676470588235294,217.81985294117646,6342,6342,334.7233998775482
N,12,1841485728,0.0001,696320,282,0.08865248226950355,262.8723404255319,138,0.07246376811594203,264.8768115942029,93,0.03225806451612903,252.18279569892474,95,0.042105263157894736,273.0315789473684,96,0.052083333333333336,259.7604166666667,92,0.10869565217391304,274.5652173913044,99,0.1111111111111111,253.72727272727272,272,0.025735294117647058,254.2610294117647,6342,6342,334.7233998775482
N,12,1841485728,0.0001,716800,282,0.18085106382978725,318.02127659574467,138,0.14492753623188406,321.4130434782609,93,0.13978494623655913,309.2258064516129,95,0.12631578947368421,317.5473684210526,96,0.15625,313.71875,92,0.1956521739130435,323.67391304347825,99,0.1111111111111111,274.75757575757575,272,0.15073529411764705,329.9522058823529,6342,6342,334.7233998775482
N,12,1841485728,0.0001,737280,282,0.2872340425531915,360.92198581560285,138,0.2536231884057971,370.1521739130435,93,0.1827956989247312,353.96774193548384,95,0.24210526315789474,365.22105263157897,96,0.2604166666666667,358.7604166666667,92,0.30434782608695654,367.89130434782606,99,0.1919191919191919,319.4949494949495,272,0.2536764705882353,372.9632352941176,6342,6342,334.7233998775482
N,12,1841485728,0.0001,757760,282,0.7446808510638298,466.6666666666667,138,0.7536231884057971,473.59420289855075,93,0.6881720430107527,458.1720430107527,95,0.7157894736842105,468.3157894736842,96,0.7291666666666666,471.1666666666667,92,0.75,467.2826086956522,99,0.5555555555555556,424.8787878787879,272,0.7610294117647058,461.2279411764706,6342,6342,334.7233998775482
N,12,1841485728,0.0001,778240,282,0.9858156028368794,498.21276595744683,138,1.0,500.0,93,0.989247311827957,495.5376344086022,95,0.9894736842105263,499.9789473684211,96,1.0,500.0,92,0.9891304347826086,497.2608695652174,99,0.9494949494949495,492.54545454545456,272,0.9485294117647058,486.75367647058823,6342,6342,334.7233998775482
N,12,1841485728,0.0001,798720,282,0.7624113475177305,473.3156028368794,138,0.7391304347826086,477.90579710144925,93,0.7204301075268817,469.4193548387097,95,0.6526315789473685,472.3263157894737,96,0.7604166666666666,480.8541666666667,92,0.6956521739130435,480.0217391304348,99,0.7272727272727273,461.90909090909093,272,0.7389705882352942,467.30514705882354,6342,6342,334.7233998775482
N,12,1841485728,0.0001,819200,282,0.950354609929078,492.5248226950355,138,0.9782608695652174,497.32608695652175,93,0.967741935483871,495.8494623655914,95,0.9894736842105263,498.9157894736842,96,1.0,500.0,92,0.967391304347826,494.4130434782609,99,0.898989898989899,483.5858585858586,272,0.9154411764705882,487.6360294117647,6342,6342,334.7233998775482
N,12,1841485728,0.0001,839680,282,0.9716312056737588,496.0673758865248,138,0.9855072463768116,498.3623188405797,93,0.978494623655914,496.80645161290323,95,0.9789473684210527,498.22105263157897,96,0.9895833333333334,499.2395833333333,92,0.967391304347826,494.39130434782606,99,0.9393939393939394,494.24242424242425,272,0.8970588235294118,483.50367647058823,6342,6342,334.7233998775482
N,12,1841485728,0.0001,860160,282,0.9858156028368794,496.2659574468085,138,1.0,500.0,93,1.0,500.0,95,1.0,500.0,96,1.0,500.0,92,1.0,500.0,99,1.0,500.0,272,0.8933823529411765,475.2242647058824,6342,6342,334.7233998775482
N,12,1841485728,0.0001,880640,282,0.9893617021276596,496.25531914893617,138,1.0,500.0,93,0.967741935483871,487.5268817204301,95,1.0,500.0,96,1.0,500.0,92,0.9891304347826086,495.3369565217391,99,0.9797979797979798,492.5151515151515,272,0.8676470588235294,466.00367647058823,6342,6342,334.7233998775482
N,12,1841485728,0.0001,901120,282,0.9964539007092199,498.4929078014184,138,1.0,500.0,93,1.0,500.0,95,1.0,500.0,96,1.0,500.0,92,1.0,500.0,99,1.0,500.0,272,0.9080882352941176,479.23161764705884,6342,6342,334.7233998775482
N,12,1841485728,0.0001,921600,282,0.9964539007092199,498.49645390070924,138,1.0,500.0,93,1.0,500.0,95,1.0,500.0,96,1.0,500.0,92,0.9782608695652174,495.4347826086956,99,1.0,500.0,272,0.9264705882352942,487.8860294117647,6342,6342,334.7233998775482
N,12,1841485728,0.0001,942080,282,0.9822695035460993,497.7340425531915,138,1.0,500.0,93,1.0,500.0,95,1.0,500.0,96,1.0,500.0,92,0.9782608695652174,495.2826086956522,99,1.0,500.0,272,0.9558823529411765,489.06617647058823,6342,6342,334.7233998775482
N,12,1841485728,0.0001,962560,282,0.9893617021276596,497.9503546099291,138,1.0,500.0,93,1.0,500.0,95,0.9894736842105263,499.7894736842105,96,1.0,500.0,92,0.9891304347826086,495.5,99,0.98989898989899,498.8888888888889,272,0.9411764705882353,486.75,6342,6342,334.7233998775482
N,12,1841485728,0.0001,983040,282,0.9787234042553191,494.86524822695037,138,0.9927536231884058,497.1014492753623,93,0.989247311827957,495.6559139784946,95,0.968421052631579,494.77894736842103,96,0.9895833333333334,495.71875,92,0.967391304347826,490.3804347826087,99,0.9292929292929293,477.7171717171717,272,0.8198529411764706,461.71691176470586,6342,6342,334.7233998775482
N,12,1841485728,0.0001,1003520,282,0.8475177304964538,461.7482269503546,138,0.9782608695652174,491.60869565217394,93,0.967741935483871,487.505376344086,95,0.9368421052631579,483.2421052631579,96,0.9375,482.1354166666667,92,0.9130434782608695,477.0978260869565,99,0.7777777777777778,439.8888888888889,272,0.8455882352941176,464.2352941176471,6342,6342,334.7233998775482
N,12,1841485728,0.0001,1024000,282,0.7446808510638298,446.8333333333333,138,0.9202898550724637,475.57971014492756,93,0.8817204301075269,459.61290322580646,95,0.8842105263157894,469.9684210526316,96,0.875,472.5625,92,0.7608695652173914,447.6847826086956,99,0.6363636363636364,405.010101010101,272,0.7794117647058824,449.1507352941176,6342,6342,334.7233998775482
N,12,1841485728,0.0001,1044480,282,0.9184397163120568,482.8262411347518,138,0.9855072463768116,494.2463768115942,93,0.978494623655914,491.48387096774195,95,0.968421052631579,491.53684210526313,96,0.9791666666666666,491.78125,92,0.9456521739130435,490.79347826086956,99,0.8383838383838383,457.949494949495,272,0.875,472.88235294117646,6342,6342,334.7233998775482
N,12,1841485728,0.0001,1064960,282,0.7836879432624113,467.9822695035461,138,0.7246376811594203,470.1376811594203,93,0.7634408602150538,465.4623655913978,95,0.6736842105263158,460.7263157894737,96,0.75,474.4479166666667,92,0.75,470.8478260869565,99,0.6666666666666666,438.45454545454544,272,0.7426470588235294,468.1029411764706,6342,6342,334.7233998775482
N,12,1841485728,0.0001,1085440,282,0.9787234042553191,497.83687943262413,138,0.9927536231884058,498.71014492753625,93,1.0,500.0,95,0.9894736842105263,499.8,96,1.0,500.0,92,0.9891304347826086,499.9891304347826,99,0.9797979797979798,493.5151515151515,272,0.9558823529411765,490.5477941176471,6342,6342,334.7233998775482
N,12,1841485728,0.0001,1105920,282,0.9964539007092199,498.49645390070924,138,1.0,500.0,93,1.0,500.0,95,1.0,500.0,96,1.0,500.0,92,1.0,500.0,99,0.9797979797979798,493.75757575757575,272,0.9522058823529411,487.06985294117646,6342,6342,334.7233998775482
N,12,1841485728,0.0001,1126400,282,0.975177304964539,494.15248226950354,138,0.9927536231884058,498.8333333333333,93,0.989247311827957,495.5806451612903,95,0.9894736842105263,499.5684210526316,96,1.0,500.0,92,0.967391304347826,487.8478260869565,99,0.9494949494949495,485.1212121212121,272,0.7647058823529411,448.8272058823529,6342,6342,334.7233998775482
N,12,1841485728,0.0001,1146880,282,0.9822695035460993,495.5567375886525,138,1.0,500.0,93,1.0,500.0,95,1.0,500.0,96,1.0,500.0,92,0.9782608695652174,491.2391304347826,99,0.9595959595959596,485.62626262626264,272,0.7941176470588235,459.7720588235294,6342,6342,334.7233998775482
N,12,1841485728,0.0001,1167360,282,0.9822695035460993,495.50354609929076,138,1.0,500.0,93,1.0,500.0,95,1.0,500.0,96,1.0,500.0,92,0.9782608695652174,491.25,99,0.98989898989899,495.020202020202,272,0.875,473.5735294117647,6342,6342,334.7233998775482
N,12,1841485728,0.0001,1187840,282,0.9716312056737588,493.3758865248227,138,0.9927536231884058,499.2971014492754,93,0.989247311827957,495.6774193548387,95,0.9894736842105263,497.66315789473686,96,0.9895833333333334,495.7083333333333,92,0.967391304347826,488.82608695652175,99,0.898989898989899,471.030303030303,272,0.7610294117647058,452.4154411764706,6342,6342,334.7233998775482
N,12,1841485728,0.0001,1208320,282,0.9184397163120568,485.22340425531917,138,0.9782608695652174,493.22463768115944,93,0.978494623655914,491.6666666666667,95,0.9578947368421052,491.2631578947368,96,0.9583333333333334,492.03125,92,0.9782608695652174,494.7282608695652,99,0.8282828282828283,454.3333333333333,272,0.9007352941176471,479.4007352941176,6342,6342,334.7233998775482
N,12,1841485728,0.0001,1228800,282,0.925531914893617,488.57092198581563,138,0.9565217391304348,493.89130434782606,93,0.967741935483871,491.4623655913978,95,0.9789473684210527,492.6421052631579,96,0.96875,495.6979166666667,92,0.9565217391304348,489.3369565217391,99,0.797979797979798,460.6060606060606,272,0.9007352941176471,483.1360294117647,6342,6342,334.7233998775482
N,13,2711993522,0.0001,0,282,0.0,16.095744680851062,138,0.0,19.94927536231884,93,0.0,24.247311827956988,95,0.0,19.8,96,0.0,20.125,92,0.0,16.815217391304348,99,0.0,16.292929292929294,272,0.0,15.308823529411764,5947,5947,325.98825001716614
N,13,2711993522,0.0001,20480,282,0.01773049645390071,83.40070921985816,138,0.0,75.19565217391305,93,0.010752688172043012,83.79569892473118,95,0.010526315789473684,76.48421052631579,96,0.0625,106.92708333333333,92,0.043478260869565216,94.40217391304348,99,0.010101010101010102,60.64646464646464,272,0.08088235294117647,120.01838235294117,5947,5947,325.98825001716614
N,13,2711993522,0.0001,40960,282,0.08156028368794327,183.854609929078,138,0.014492753623188406,173.6231884057971,93,0.053763440860215055,186.98924731182797,95,0.042105263157894736,172.17894736842106,96,0.125,207.6875,92,0.08695652173913043,194.7173913043478,99,0.030303030303030304,142.37373737373738,272,0.10294117647058823,206.7683823529412,5947,5947,325.98825001716614
N,13,2711993522,0.0001,61440,282,0.1950354609929078,302.8900709219858,138,0.21014492753623187,316.7608695652174,93,0.15053763440860216,305.93548387096774,95,0.22105263157894736,317.2105263157895,96,0.2916666666666667,328.0833333333333,92,0.21739130434782608,319.2608695652174,99,0.15151515151515152,259.4848484848485,272,0.18382352941176472,301.0514705882353,5947,5947,325.98825001716614
N,13,2711993522,0.0001,81920,282,0.31560283687943264,360.0425531914894,138,0.2753623188405797,361.3623188405797,93,0.25806451612903225,357.505376344086,95,0.23157894736842105,337.9263157894737,96,0.28125,361.5729166666667,92,0.34782608695652173,353.70652173913044,99,0.21212121212121213,296.75757575757575,272,0.3897058823529412,375.4742647058824,5947,5947,325.98825001716614
N,13,2711993522,0.0001,102400,282,0.06028368794326241,231.62765957446808,138,0.021739130434782608,233.41304347826087,93,0.021505376344086023,228.40860215053763,95,0.042105263157894736,219.1263157894737,96,0.052083333333333336,234.23958333333334,92,0.05434782608695652,232.70652173913044,99,0.030303030303030304,186.74747474747474,272,0.07720588235294118,245.9816176470588,5947,5947,325.98825001716614
N,13,2711993522,0.0001,122880,282,0.11347517730496454,276.5354609929078,138,0.08695652173913043,282.84057971014494,93,0.021505376344086023,267.31182795698925,95,0.1368421052631579,296.2315789473684,96,0.09375,285.625,92,0.14130434782608695,291.5108695652174,99,0.1414141414141414,258.0808080808081,272,0.051470588235294115,266.7389705882353,5947,5947,325.98825001716614
N,13,2711993522,0.0001,143360,282,0.1595744680851064,295.06028368794324,138,0.11594202898550725,293.1304347826087,93,0.0967741935483871,281.1720430107527,95,0.12631578947368421,269.0315789473684,96,0.11458333333333333,283.4583333333333,92,0.15217391304347827,285.8804347826087,99,0.10101010101010101,238.7979797979798,272,0.15073529411764705,314.8492647058824,5947,5947,325.98825001716614
N,13,2711993522,0.0001,163840,282,0.2801418439716312,335.6099290780142,138,0.21014492753623187,341.30434782608694,93,0.22580645161290322,331.68817204301075,95,0.24210526315789474,341.4842105263158,96,0.3020833333333333,348.6354166666667,92,0.34782608695652173,347.2608695652174,99,0.20202020202020202,289.26262626262627,272,0.22058823529411764,339.6875,5947,5947,325.98825001716614
N,13,2711993522,0.0001,184320,282,0.23404255319148937,314.86879432624113,138,0.18840579710144928,319.9782608695652,93,0.20430107526881722,311.741935483871,95,0.18947368421052632,299.2842105263158,96,0.22916666666666666,317.0208333333333,92,0.1956521739130435,313.94565217391306,99,0.10101010101010101,248.27272727272728,272,0.23897058823529413,339.3345588235294,5947,5947,325.98825001716614
N,13,2711993522,0.0001,204800,282,0.29432624113475175,332.88652482269504,138,0.21014492753623187,338.5144927536232,93,0.24731182795698925,328.60215053763443,95,0.2736842105263158,340.38947368421054,96,0.3333333333333333,343.875,92,0.3695652173913043,342.7173913043478,99,0.1717171717171717,274.2929292929293,272,0.2426470588235294,336.7352941176471,5947,5947,325.98825001716614
N,13,2711993522,0.0001,225280,282,0.09219858156028368,224.7340425531915,138,0.043478260869565216,219.7173913043478,93,0.053763440860215055,213.5268817204301,95,0.031578947368421054,207.26315789473685,96,0.0625,219.85416666666666,92,0.09782608695652174,220.3586956521739,99,0.04040404040404041,175.45454545454547,272,0.08455882352941177,242.1691176470588,5947,5947,325.98825001716614
N,13,2711993522,0.0001,245760,282,0.19148936170212766,294.77659574468083,138,0.12318840579710146,291.0,93,0.0967741935483871,281.0752688172043,95,0.09473684210526316,268.7894736842105,96,0.11458333333333333,282.9895833333333,92,0.15217391304347827,287.30434782608694,99,0.06060606060606061,230.78787878787878,272,0.1875,322.2279411764706,5947,5947,325.98825001716614
N,13,2711993522,0.0001,266240,282,0.08156028368794327,234.56737588652481,138,0.036231884057971016,225.64492753623188,93,0.043010752688172046,223.78494623655914,95,0.042105263157894736,215.7157894736842,96,0.052083333333333336,224.95833333333334,92,0.08695652173913043,223.2608695652174,99,0.020202020202020204,183.83838383838383,272,0.0625,247.7683823529412,5947,5947,325.98825001716614
N,13,2711993522,0.0001,286720,282,0.13120567375886524,279.4929078014184,138,0.07971014492753623,279.0652173913044,93,0.06451612903225806,267.4623655913978,95,0.11578947368421053,256.90526315789475,96,0.09375,264.7083333333333,92,0.13043478260869565,270.8369565217391,99,0.0707070707070707,224.1010101010101,272,0.12867647058823528,303.58088235294116,5947,5947,325.98825001716614
N,13,2711993522,0.0001,307200,282,0.3475177304964539,372.57092198581563,138,0.3188405797101449,383.6666666666667,93,0.21505376344086022,370.01075268817203,95,0.3263157894736842,384.09473684210525,96,0.34375,375.34375,92,0.41304347826086957,384.7717391304348,99,0.2727272727272727,334.35353535353534,272,0.2647058823529412,375.87132352941177,5947,5947,325.98825001716614
N,13,2711993522,0.0001,327680,282,0.07446808510638298,236.93617021276594,138,0.07971014492753623,240.44927536231884,93,0.021505376344086023,227.0752688172043,95,0.031578947368421054,221.25263157894736,96,0.041666666666666664,234.17708333333334,92,0.06521739130434782,237.2391304347826,99,0.04040404040404041,193.4949494949495,272,0.05514705882352941,245.81985294117646,5947,5947,325.98825001716614
N,13,2711993522,0.0001,348160,282,0.09929078014184398,275.36170212765956,138,0.08695652173913043,281.89130434782606,93,0.08602150537634409,267.86021505376345,95,0.07368421052631578,275.0105263157895,96,0.09375,279.6979166666667,92,0.16304347826086957,291.8804347826087,99,0.08080808080808081,239.86868686868686,272,0.06985294117647059,276.70588235294116,5947,5947,325.98825001716614
N,13,2711993522,0.0001,368640,282,0.10283687943262411,290.3156028368794,138,0.10144927536231885,297.768115942029,93,0.10752688172043011,286.247311827957,95,0.09473684210526316,291.6,96,0.10416666666666667,292.3333333333333,92,0.1956521739130435,303.39130434782606,99,0.09090909090909091,254.93939393939394,272,0.08455882352941177,297.54411764705884,5947,5947,325.98825001716614
N,13,2711993522,0.0001,389120,282,0.19148936170212766,322.1666666666667,138,0.15217391304347827,327.963768115942,93,0.16129032258064516,316.89247311827955,95,0.1368421052631579,317.6842105263158,96,0.16666666666666666,319.1770833333333,92,0.21739130434782608,325.04347826086956,99,0.1111111111111111,275.85858585858585,272,0.16176470588235295,331.2647058823529,5947,5947,325.98825001716614
N,13,2711993522,0.0001,409600,282,0.4787234042553192,428.47872340425533,138,0.5289855072463768,436.3623188405797,93,0.46236559139784944,427.6666666666667,95,0.5368421052631579,431.41052631578947,96,0.4791666666666667,423.9166666666667,92,0.5217391304347826,428.29347826086956,99,0.3939393939393939,390.9191919191919,272,0.4632352941176471,427.3970588235294,5947,5947,325.98825001716614
N,13,2711993522,0.0001,430080,282,0.9716312056737588,496.3156028368794,138,1.0,500.0,93,1.0,500.0,95,0.9894736842105263,499.5578947368421,96,1.0,500.0,92,0.9891304347826086,495.5326086956522,99,0.9393939393939394,490.8787878787879,272,0.8970588235294118,480.29411764705884,5947,5947,325.98825001716614
N,13,2711993522,0.0001,450560,282,0.7801418439716312,465.29432624113474,138,0.7608695652173914,470.4130434782609,93,0.7634408602150538,467.63440860215053,95,0.7473684210526316,466.4947368421053,96,0.78125,478.2916666666667,92,0.782608695652174,468.39130434782606,99,0.6666666666666666,433.4343434343434,272,0.7242647058823529,457.6507352941176,5947,5947,325.98825001716614
N,13,2711993522,0.0001,471040,282,0.7943262411347518,476.0070921985816,138,0.7753623188405797,477.6449275362319,93,0.7849462365591398,476.18279569892474,95,0.6947368421052632,471.6,96,0.8125,483.5416666666667,92,0.7717391304347826,476.80434782608694,99,0.7070707070707071,457.2929292929293,272,0.7573529411764706,465.3529411764706,5947,5947,325.98825001716614
N,13,2711993522,0.0001,491520,282,0.9858156028368794,496.822695035461,138,1.0,500.0,93,1.0,500.0,95,0.9894736842105263,499.85263157894735,96,1.0,500.0,92,0.9782608695652174,494.70652173913044,99,0.9696969696969697,493.2828282828283,272,0.8970588235294118,480.01838235294116,5947,5947,325.98825001716614
N,13,2711993522,0.0001,512000,282,0.8829787234042553,485.78723404255317,138,0.9565217391304348,495.72463768115944,93,0.9354838709677419,491.35483870967744,95,0.9473684210526315,494.4,96,0.9791666666666666,496.3333333333333,92,0.9021739130434783,481.67391304347825,99,0.8282828282828283,462.3636363636364,272,0.8492647058823529,471.1470588235294,5947,5947,325.98825001716614
N,13,2711993522,0.0001,532480,282,0.9219858156028369,488.968085106383,138,1.0,500.0,93,0.989247311827957,495.81720430107526,95,1.0,500.0,96,0.9791666666666666,498.34375,92,0.9456521739130435,489.4891304347826,99,0.8888888888888888,475.1313131313131,272,0.8860294117647058,476.375,5947,5947,325.98825001716614
N,13,2711993522,0.0001,552960,282,0.9822695035460993,495.48936170212767,138,0.9927536231884058,499.92753623188406,93,1.0,500.0,95,0.9894736842105263,498.7263157894737,96,1.0,500.0,92,0.967391304347826,491.39130434782606,99,0.9494949494949495,483.4646464646465,272,0.7867647058823529,454.59191176470586,5947,5947,325.98825001716614
N,13,2711993522,0.0001,573440,282,0.9893617021276596,497.47872340425533,138,0.9927536231884058,499.81159420289856,93,1.0,500.0,95,0.9894736842105263,498.5263157894737,96,1.0,500.0,92,0.967391304347826,494.4347826086956,99,0.9696969696969697,490.8787878787879,272,0.9227941176470589,485.28308823529414,5947,5947,325.98825001716614
N,13,2711993522,0.0001,593920,282,0.7304964539007093,440.1843971631206,138,0.8695652173913043,469.2463768115942,93,0.8494623655913979,460.1720430107527,95,0.8631578947368421,469.3157894736842,96,0.8333333333333334,456.7604166666667,92,0.8260869565217391,457.3478260869565,99,0.5858585858585859,375.4141414141414,272,0.7720588235294118,449.84558823529414,5947,5947,325.98825001716614
N,13,2711993522,0.0001,614400,282,0.30141843971631205,344.9929078014184,138,0.2536231884057971,337.80434782608694,93,0.24731182795698925,332.0430107526882,95,0.2736842105263158,318.6,96,0.25,334.5833333333333,92,0.33695652173913043,344.9782608695652,99,0.2222222222222222,279.44444444444446,272,0.33088235294117646,368.0,5947,5947,325.98825001716614
N,13,2711993522,0.0001,634880,282,0.9361702127659575,491.7304964539007,138,0.9855072463768116,498.1231884057971,93,0.978494623655914,496.741935483871,95,0.9578947368421052,495.5052631578947,96,0.96875,498.1145833333333,92,0.9565217391304348,493.6847826086956,99,0.8585858585858586,471.9191919191919,272,0.9117647058823529,487.34558823529414,5947,5947,325.98825001716614
N,13,2711993522,0.0001,655360,282,0.925531914893617,488.29787234042556,138,0.9782608695652174,497.7826086956522,93,0.978494623655914,496.7741935483871,95,0.9789473684210527,494.90526315789475,96,0.9895833333333334,499.8645833333333,92,0.9347826086956522,491.44565217391306,99,0.9191919191919192,489.57575757575756,272,0.9117647058823529,484.7242647058824,5947,5947,325.98825001716614
N,13,2711993522,0.0001,675840,282,0.9113475177304965,486.71276595744683,138,0.9492753623188406,494.8478260869565,93,0.946236559139785,494.3440860215054,95,0.9473684210526315,494.7473684210526,96,0.9791666666666666,497.5,92,0.9239130434782609,488.0,99,0.898989898989899,482.35353535353534,272,0.875,481.02941176470586,5947,5947,325.98825001716614
N,13,2711993522,0.0001,696320,282,0.9184397163120568,490.51418439716315,138,0.9637681159420289,496.1811594202899,93,0.946236559139785,492.10752688172045,95,0.9578947368421052,494.88421052631577,96,0.9895833333333334,499.65625,92,0.9456521739130435,490.6521739130435,99,0.9191919191919192,485.050505050505,272,0.8860294117647058,478.8602941176471,5947,5947,325.98825001716614
N,13,2711993522,0.0001,716800,282,0.9787234042553191,496.0070921985816,138,0.9855072463768116,498.5652173913044,93,0.989247311827957,495.741935483871,95,0.9789473684210527,498.13684210526316,96,1.0,500.0,92,0.9782608695652174,494.7282608695652,99,0.9696969696969697,494.5353535353535,272,0.9485294117647058,488.55882352941177,5947,5947,325.98825001716614
N,13,2711993522,0.0001,737280,282,0.8049645390070922,463.99645390070924,138,0.9420289855072463,486.18840579710144,93,0.956989247311828,486.31182795698925,95,0.9578947368421052,490.11578947368423,96,0.9583333333333334,489.0104166666667,92,0.8586956521739131,465.6521739130435,99,0.7373737373737373,440.4343434343434,272,0.7941176470588235,452.12867647058823,5947,5947,325.98825001716614
N,13,2711993522,0.0001,757760,282,0.9858156028368794,495.5070921985816,138,0.9855072463768116,496.6376811594203,93,0.989247311827957,495.63440860215053,95,0.9894736842105263,495.7263157894737,96,0.9895833333333334,495.7291666666667,92,0.9456521739130435,488.55434782608694,99,0.9393939393939394,479.80808080808083,272,0.8823529411764706,477.1397058823529,5947,5947,325.98825001716614
N,13,2711993522,0.0001,778240,282,0.9893617021276596,497.90070921985813,138,0.9855072463768116,498.6811594202899,93,1.0,500.0,95,1.0,500.0,96,1.0,500.0,92,0.9782608695652174,494.8478260869565,99,0.98989898989899,499.85858585858585,272,0.9411764705882353,489.30514705882354,5947,5947,325.98825001716614
N,13,2711993522,0.0001,798720,282,0.9148936170212766,487.790780141844,138,0.9782608695652174,494.1231884057971,93,0.989247311827957,495.68817204301075,95,0.968421052631579,494.65263157894736,96,0.9791666666666666,494.71875,92,0.9565217391304348,492.2717391304348,99,0.8787878787878788,468.80808080808083,272,0.9154411764705882,481.68382352941177,5947,5947,325.98825001716614
N,13,2711993522,0.0001,819200,282,0.7375886524822695,461.5070921985816,138,0.8405797101449275,483.1014492753623,93,0.8709677419354839,479.741935483871,95,0.8315789473684211,468.93684210526317,96,0.78125,474.8125,92,0.7065217391304348,463.5326086956522,99,0.6565656565656566,424.4646464646465,272,0.8125,464.65808823529414,5947,5947,325.98825001716614
N,13,2711993522,0.0001,839680,282,0.7163120567375887,461.209219858156,138,0.8478260869565217,484.44202898550725,93,0.9139784946236559,486.80645161290323,95,0.8105263157894737,470.2,96,0.78125,475.5520833333333,92,0.7608695652173914,466.19565217391306,99,0.6363636363636364,420.1212121212121,272,0.8198529411764706,465.3602941176471,5947,5947,325.98825001716614
N,13,2711993522,0.0001,860160,282,0.24822695035460993,358.1418439716312,138,0.13768115942028986,321.67391304347825,93,0.08602150537634409,311.01075268817203,95,0.12631578947368421,320.7157894736842,96,0.2604166666666667,354.09375,92,0.21739130434782608,346.8695652173913,99,0.32323232323232326,329.54545454545456,272,0.23161764705882354,341.375,5947,5947,325.98825001716614
N,13,2711993522,0.0001,880640,282,0.3120567375886525,368.9078014184397,138,0.18840579710144928,336.84057971014494,93,0.12903225806451613,323.80645161290323,95,0.22105263157894736,335.8,96,0.2708333333333333,360.28125,92,0.31521739130434784,363.1847826086956,99,0.3333333333333333,335.5050505050505,272,0.26838235294117646,354.34191176470586,5947,5947,325.98825001716614
N,13,2711993522,0.0001,901120,282,0.9219858156028369,489.67021276595744,138,0.9782608695652174,498.3333333333333,93,1.0,500.0,95,0.9789473684210527,496.38947368421054,96,0.9895833333333334,499.71875,92,0.9565217391304348,493.9673913043478,99,0.8888888888888888,481.92929292929296,272,0.9227941176470589,489.7022058823529,5947,5947,325.98825001716614
N,13,2711993522,0.0001,921600,282,0.22340425531914893,337.0673758865248,138,0.12318840579710146,308.1376811594203,93,0.07526881720430108,285.2258064516129,95,0.15789473684210525,308.18947368421055,96,0.19791666666666666,328.15625,92,0.2608695652173913,332.9782608695652,99,0.23232323232323232,301.72727272727275,272,0.1875,325.9889705882353,5947,5947,325.98825001716614
N,13,2711993522,0.0001,942080,282,0.34397163120567376,376.66312056737587,138,0.18115942028985507,345.2028985507246,93,0.12903225806451613,330.73118279569894,95,0.22105263157894736,343.9789473684211,96,0.28125,365.7291666666667,92,0.358695652173913,370.8478260869565,99,0.32323232323232326,335.3636363636364,272,0.2977941176470588,363.9007352941176,5947,5947,325.98825001716614
N,13,2711993522,0.0001,962560,282,0.2801418439716312,360.7659574468085,138,0.15217391304347827,330.5,93,0.10752688172043011,313.39784946236557,95,0.15789473684210525,330.0105263157895,96,0.2604166666666667,351.7083333333333,92,0.31521739130434784,359.0652173913044,99,0.31313131313131315,335.8787878787879,272,0.25,348.9779411764706,5947,5947,325.98825001716614
N,13,2711993522,0.0001,983040,282,0.2127659574468085,331.28014184397165,138,0.13043478260869565,300.18840579710144,93,0.06451612903225806,280.0860215053763,95,0.12631578947368421,297.2105263157895,96,0.19791666666666666,322.3020833333333,92,0.2608695652173913,328.5108695652174,99,0.23232323232323232,304.5151515151515,272,0.20220588235294118,320.6764705882353,5947,5947,325.98825001716614
N,13,2711993522,0.0001,1003520,282,0.09574468085106383,268.78723404255317,138,0.08695652173913043,251.55072463768116,93,0.021505376344086023,232.68817204301075,95,0.08421052631578947,247.9578947368421,96,0.07291666666666667,266.9583333333333,92,0.20652173913043478,280.57608695652175,99,0.1111111111111111,241.96969696969697,272,0.10661764705882353,263.4007352941176,5947,5947,325.98825001716614
N,13,2711993522,0.0001,1024000,282,0.04964539007092199,217.12765957446808,138,0.021739130434782608,205.13768115942028,93,0.043010752688172046,198.29032258064515,95,0.031578947368421054,205.21052631578948,96,0.041666666666666664,225.88541666666666,92,0.043478260869565216,207.94565217391303,99,0.050505050505050504,202.15151515151516,272,0.07720588235294118,220.16544117647058,5947,5947,325.98825001716614
N,13,2711993522,0.0001,1044480,282,0.03546099290780142,185.60638297872342,138,0.007246376811594203,175.94927536231884,93,0.010752688172043012,168.2688172043011,95,0.0,175.30526315789473,96,0.0,181.71875,92,0.043478260869565216,184.3804347826087,99,0.0,164.24242424242425,272,0.0661764705882353,189.90808823529412,5947,5947,325.98825001716614
N,13,2711993522,0.0001,1064960,282,0.031914893617021274,193.6595744680851,138,0.021739130434782608,188.65217391304347,93,0.0,175.58064516129033,95,0.031578947368421054,188.29473684210527,96,0.0,192.03125,92,0.03260869565217391,192.40217391304347,99,0.020202020202020204,177.43434343434345,272,0.0661764705882353,200.25,5947,5947,325.98825001716614
N,13,2711993522,0.0001,1085440,282,0.12411347517730496,289.5177304964539,138,0.09420289855072464,268.7173913043478,93,0.043010752688172046,248.247311827957,95,0.08421052631578947,266.93684210526317,96,0.09375,287.8229166666667,92,0.18478260869565216,290.4347826086956,99,0.10101010101010101,257.7878787878788,272,0.125,282.7647058823529,5947,5947,325.98825001716614
N,13,2711993522,0.0001,1105920,282,0.2198581560283688,334.10283687943263,138,0.13043478260869565,307.84057971014494,93,0.08602150537634409,284.81720430107526,95,0.14736842105263157,302.0421052631579,96,0.17708333333333334,324.7708333333333,92,0.2391304347826087,328.57608695652175,99,0.1717171717171717,291.73737373737373,272,0.18382352941176472,326.5404411764706,5947,5947,325.98825001716614
N,13,2711993522,0.0001,1126400,282,0.20567375886524822,327.1950354609929,138,0.13768115942028986,308.84057971014494,93,0.053763440860215055,279.3010752688172,95,0.12631578947368421,299.33684210526314,96,0.125,320.1875,92,0.22826086956521738,323.55434782608694,99,0.1717171717171717,287.6161616161616,272,0.16911764705882354,321.41911764705884,5947,5947,325.98825001716614
N,13,2711993522,0.0001,1146880,282,0.4929078014184397,415.3014184397163,138,0.4492753623188406,419.42028985507244,93,0.40860215053763443,403.5483870967742,95,0.43157894736842106,402.61052631578946,96,0.3958333333333333,405.5,92,0.532608695652174,413.5108695652174,99,0.37373737373737376,362.2929292929293,272,0.5808823529411765,432.56985294117646,5947,5947,325.98825001716614
N,13,2711993522,0.0001,1167360,282,0.7624113475177305,470.72340425531917,138,0.8478260869565217,484.15942028985506,93,0.7634408602150538,468.02150537634407,95,0.8,477.9578947368421,96,0.8333333333333334,479.59375,92,0.8260869565217391,479.7826086956522,99,0.6161616161616161,436.8989898989899,272,0.7904411764705882,469.6397058823529,5947,5947,325.98825001716614
N,13,2711993522,0.0001,1187840,282,0.9609929078014184,493.7411347517731,138,0.9855072463768116,498.5869565217391,93,0.967741935483871,496.5268817204301,95,0.9894736842105263,499.57894736842104,96,1.0,500.0,92,0.9456521739130435,492.3695652173913,99,0.9292929292929293,491.949494949495,272,0.9375,489.66911764705884,5947,5947,325.98825001716614
N,13,2711993522,0.0001,1208320,282,0.9574468085106383,494.09929078014187,138,0.9710144927536232,497.9347826086956,93,0.9354838709677419,487.2795698924731,95,0.9894736842105263,499.5684210526316,96,0.9583333333333334,497.5208333333333,92,0.9456521739130435,492.6630434782609,99,0.9191919191919192,486.8484848484849,272,0.9080882352941176,481.96691176470586,5947,5947,325.98825001716614
N,13,2711993522,0.0001,1228800,282,0.9893617021276596,496.93971631205676,138,1.0,500.0,93,0.989247311827957,495.3333333333333,95,1.0,500.0,96,1.0,500.0,92,0.9782608695652174,494.05434782608694,99,1.0,500.0,272,0.9669117647058824,489.875,5947,5947,325.98825001716614
N,14,25005450,0.0001,0,282,0.0,27.29432624113475,138,0.0,24.579710144927535,93,0.0,25.161290322580644,95,0.0,25.105263157894736,96,0.0,39.520833333333336,92,0.0,27.25,99,0.0,21.393939393939394,272,0.0,28.0,5868,5868,326.8858847618103
N,14,25005450,0.0001,20480,282,0.0070921985815602835,64.94326241134752,138,0.0,64.04347826086956,93,0.0,64.3763440860215,95,0.0,61.589473684210525,96,0.041666666666666664,84.82291666666667,92,0.010869565217391304,74.51086956521739,99,0.0,48.27272727272727,272,0.022058823529411766,83.13602941176471,5868,5868,326.8858847618103
N,14,25005450,0.0001,40960,282,0.02127659574468085,97.39716312056737,138,0.0,93.77536231884058,93,0.010752688172043012,95.43010752688173,95,0.010526315789473684,88.6,96,0.08333333333333333,125.77083333333333,92,0.06521739130434782,119.31521739130434,99,0.020202020202020204,78.51515151515152,272,0.0625,131.29779411764707,5868,5868,326.8858847618103
N,14,25005450,0.0001,61440,282,0.05673758865248227,200.11347517730496,138,0.021739130434782608,189.2536231884058,93,0.021505376344086023,190.4516129032258,95,0.042105263157894736,191.6421052631579,96,0.10416666666666667,214.85416666666666,92,0.09782608695652174,211.45652173913044,99,0.020202020202020204,164.05050505050505,272,0.09558823529411764,220.56617647058823,5868,5868,326.8858847618103
N,14,25005450,0.0001,81920,282,0.15602836879432624,291.0354609929078,138,0.11594202898550725,286.7028985507246,93,0.10752688172043011,282.5483870967742,95,0.11578947368421053,270.30526315789473,96,0.11458333333333333,285.125,92,0.15217391304347827,288.1847826086956,99,0.08080808080808081,233.31313131313132,272,0.16176470588235295,318.78308823529414,5868,5868,326.8858847618103
N,14,25005450,0.0001,102400,282,0.2695035460992908,345.7836879432624,138,0.2318840579710145,350.80434782608694,93,0.1827956989247312,343.97849462365593,95,0.17894736842105263,330.2736842105263,96,0.22916666666666666,347.6875,92,0.22826086956521738,344.1195652173913,99,0.13131313131313133,284.19191919191917,272,0.2647058823529412,359.43014705882354,5868,5868,326.8858847618103
N,14,25005450,0.0001,122880,282,0.10283687943262411,257.1914893617021,138,0.07971014492753623,259.8478260869565,93,0.053763440860215055,250.4731182795699,95,0.031578947368421054,242.52631578947367,96,0.08333333333333333,255.625,92,0.11956521739130435,260.7608695652174,99,0.04040404040404041,203.22222222222223,272,0.10294117647058823,271.5,5868,5868,326.8858847618103
N,14,25005450,0.0001,143360,282,0.06028368794326241,235.81914893617022,138,0.028985507246376812,224.02898550724638,93,0.010752688172043012,225.6021505376344,95,0.05263157894736842,222.93684210526317,96,0.0625,233.11458333333334,92,0.10869565217391304,246.18478260869566,99,0.050505050505050504,202.25252525252526,272,0.051470588235294115,264.7720588235294,5868,5868,326.8858847618103
N,14,25005450,0.0001,163840,282,0.07092198581560284,250.37234042553192,138,0.036231884057971016,240.32608695652175,93,0.03225806451612903,242.03225806451613,95,0.08421052631578947,237.89473684210526,96,0.07291666666666667,247.66666666666666,92,0.08695652173913043,257.2826086956522,99,0.06060606060606061,214.31313131313132,272,0.07720588235294118,278.8897058823529,5868,5868,326.8858847618103
N,14,25005450,0.0001,184320,282,0.16666666666666666,293.57801418439715,138,0.13768115942028986,294.81159420289856,93,0.11827956989247312,283.9247311827957,95,0.12631578947368421,269.9263157894737,96,0.10416666666666667,282.7604166666667,92,0.13043478260869565,283.1195652173913,99,0.09090909090909091,234.22222222222223,272,0.12867647058823528,313.7610294117647,5868,5868,326.8858847618103
N,14,25005450,0.0001,204800,282,0.14893617021276595,301.15248226950354,138,0.12318840579710146,297.1521739130435,93,0.0967741935483871,291.60215053763443,95,0.10526315789473684,278.7368421052632,96,0.11458333333333333,287.7291666666667,92,0.15217391304347827,294.64130434782606,99,0.08080808080808081,244.82828282828282,272,0.1875,330.6470588235294,5868,5868,326.8858847618103
N,14,25005450,0.0001,225280,282,0.09574468085106383,253.68794326241135,138,0.057971014492753624,250.47101449275362,93,0.03225806451612903,241.20430107526883,95,0.09473684210526316,235.68421052631578,96,0.052083333333333336,239.69791666666666,92,0.09782608695652174,242.34782608695653,99,0.06060606060606061,201.8181818181818,272,0.06985294117647059,267.7352941176471,5868,5868,326.8858847618103
N,14,25005450,0.0001,245760,282,0.03900709219858156,211.37943262411346,138,0.007246376811594203,197.7463768115942,93,0.021505376344086023,203.247311827957,95,0.0,193.8,96,0.03125,206.22916666666666,92,0.05434782608695652,215.2391304347826,99,0.030303030303030304,182.17171717171718,272,0.03308823529411765,234.45220588235293,5868,5868,326.8858847618103
N,14,25005450,0.0001,266240,282,0.0851063829787234,284.031914893617,138,0.043478260869565216,276.8550724637681,93,0.07526881720430108,279.93548387096774,95,0.08421052631578947,269.4842105263158,96,0.10416666666666667,281.9479166666667,92,0.11956521739130435,285.4782608695652,99,0.06060606060606061,239.6969696969697,272,0.11029411764705882,309.31985294117646,5868,5868,326.8858847618103
N,14,25005450,0.0001,286720,282,0.08156028368794327,257.5886524822695,138,0.036231884057971016,245.2753623188406,93,0.010752688172043012,232.66666666666666,95,0.021052631578947368,233.0,96,0.041666666666666664,250.42708333333334,92,0.07608695652173914,254.06521739130434,99,0.050505050505050504,211.32323232323233,272,0.014705882352941176,241.72794117647058,5868,5868,326.8858847618103
N,14,25005450,0.0001,307200,282,0.1347517730496454,313.5851063829787,138,0.13768115942028986,307.3333333333333,93,0.11827956989247312,303.21505376344084,95,0.12631578947368421,293.13684210526316,96,0.16666666666666666,312.0,92,0.13043478260869565,313.5217391304348,99,0.09090909090909091,264.93939393939394,272,0.14705882352941177,327.25367647058823,5868,5868,326.8858847618103
N,14,25005450,0.0001,327680,282,0.24468085106382978,352.79432624113474,138,0.17391304347826086,348.0507246376812,93,0.1935483870967742,343.6989247311828,95,0.2,331.12631578947367,96,0.20833333333333334,342.0208333333333,92,0.2608695652173913,345.2282608695652,99,0.1919191919191919,295.27272727272725,272,0.30514705882352944,375.875,5868,5868,326.8858847618103
N,14,25005450,0.0001,348160,282,0.11702127659574468,285.4148936170213,138,0.13768115942028986,276.6231884057971,93,0.053763440860215055,266.81720430107526,95,0.12631578947368421,267.4421052631579,96,0.125,283.5520833333333,92,0.11956521739130435,280.6304347826087,99,0.06060606060606061,233.55555555555554,272,0.08088235294117647,291.99632352941177,5868,5868,326.8858847618103
N,14,25005450,0.0001,368640,282,0.29432624113475175,363.90070921985813,138,0.2391304347826087,351.69565217391306,93,0.1827956989247312,339.8494623655914,95,0.18947368421052632,345.4421052631579,96,0.2604166666666667,361.7291666666667,92,0.29347826086956524,364.3695652173913,99,0.15151515151515152,313.020202020202,272,0.15441176470588236,354.1139705882353,5868,5868,326.8858847618103
N,14,25005450,0.0001,389120,282,0.5780141843971631,439.61347517730496,138,0.47101449275362317,429.9855072463768,93,0.45161290322580644,424.76344086021504,95,0.49473684210526314,420.2736842105263,96,0.5520833333333334,439.0104166666667,92,0.5543478260869565,434.7391304347826,99,0.48484848484848486,407.0808080808081,272,0.43014705882352944,432.65808823529414,5868,5868,326.8858847618103
N,14,25005450,0.0001,409600,282,0.33687943262411346,383.13120567375887,138,0.2753623188405797,369.1014492753623,93,0.1827956989247312,356.4516129032258,95,0.2631578947368421,362.5684210526316,96,0.3333333333333333,384.90625,92,0.34782608695652173,381.35869565217394,99,0.23232323232323232,341.020202020202,272,0.15441176470588236,363.6727941176471,5868,5868,326.8858847618103
N,14,25005450,0.0001,430080,282,0.1099290780141844,277.76241134751774,138,0.07971014492753623,265.68840579710144,93,0.053763440860215055,252.27956989247312,95,0.05263157894736842,255.4,96,0.08333333333333333,272.3958333333333,92,0.05434782608695652,277.3369565217391,99,0.050505050505050504,225.6161616161616,272,0.04779411764705882,264.53308823529414,5868,5868,326.8858847618103
N,14,25005450,0.0001,450560,282,0.5602836879432624,430.57801418439715,138,0.5579710144927537,440.1014492753623,93,0.4838709677419355,425.5806451612903,95,0.4421052631578947,417.2,96,0.46875,433.7604166666667,92,0.532608695652174,428.17391304347825,99,0.3838383838383838,377.3030303030303,272,0.5772058823529411,435.9227941176471,5868,5868,326.8858847618103
N,14,25005450,0.0001,471040,282,0.48936170212765956,416.2836879432624,138,0.36231884057971014,399.2463768115942,93,0.3118279569892473,392.5483870967742,95,0.37894736842105264,394.30526315789473,96,0.4791666666666667,413.7604166666667,92,0.4782608695652174,405.3478260869565,99,0.35353535353535354,373.6868686868687,272,0.2647058823529412,394.80882352941177,5868,5868,326.8858847618103
N,14,25005450,0.0001,491520,282,0.18085106382978725,311.84397163120565,138,0.13768115942028986,298.80434782608694,93,0.053763440860215055,278.61290322580646,95,0.11578947368421053,291.86315789473684,96,0.10416666666666667,310.2291666666667,92,0.1956521739130435,313.17391304347825,99,0.12121212121212122,262.16161616161617,272,0.051470588235294115,283.7867647058824,5868,5868,326.8858847618103
N,14,25005450,0.0001,512000,282,0.24468085106382978,347.20212765957444,138,0.15217391304347827,335.67391304347825,93,0.10752688172043011,321.7204301075269,95,0.16842105263157894,329.13684210526316,96,0.21875,346.8333333333333,92,0.21739130434782608,348.5217391304348,99,0.12121212121212122,298.5050505050505,272,0.08455882352941177,327.1507352941176,5868,5868,326.8858847618103
N,14,25005450,0.0001,532480,282,0.07092198581560284,266.531914893617,138,0.036231884057971016,258.59420289855075,93,0.021505376344086023,243.38709677419354,95,0.021052631578947368,245.34736842105264,96,0.052083333333333336,259.375,92,0.07608695652173914,265.0108695652174,99,0.050505050505050504,223.65656565656565,272,0.029411764705882353,256.81617647058823,5868,5868,326.8858847618103
N,14,25005450,0.0001,552960,282,0.1702127659574468,315.9645390070922,138,0.15942028985507245,309.7028985507246,93,0.11827956989247312,299.3440860215054,95,0.09473684210526316,295.9578947368421,96,0.16666666666666666,311.1145833333333,92,0.15217391304347827,317.9347826086956,99,0.08080808080808081,265.3131313131313,272,0.11397058823529412,317.0625,5868,5868,326.8858847618103
N,14,25005450,0.0001,573440,282,0.19858156028368795,346.20212765957444,138,0.14492753623188406,331.3623188405797,93,0.10752688172043011,317.39784946236557,95,0.15789473684210525,327.1684210526316,96,0.23958333333333334,350.1979166666667,92,0.25,346.9891304347826,99,0.20202020202020202,316.90909090909093,272,0.09926470588235294,319.76838235294116,5868,5868,326.8858847618103
N,14,25005450,0.0001,593920,282,0.09929078014184398,297.290780141844,138,0.057971014492753624,279.0289855072464,93,0.07526881720430108,271.73118279569894,95,0.05263157894736842,276.5157894736842,96,0.11458333333333333,298.9791666666667,92,0.11956521739130435,295.2826086956522,99,0.13131313131313133,280.54545454545456,272,0.029411764705882353,269.25735294117646,5868,5868,326.8858847618103
N,14,25005450,0.0001,614400,282,0.1879432624113475,350.6241134751773,138,0.14492753623188406,335.731884057971,93,0.11827956989247312,321.10752688172045,95,0.16842105263157894,331.17894736842106,96,0.23958333333333334,354.9375,92,0.22826086956521738,349.0108695652174,99,0.2222222222222222,327.0808080808081,272,0.10661764705882353,327.59558823529414,5868,5868,326.8858847618103
N,14,25005450,0.0001,634880,282,0.2695035460992908,391.93617021276594,138,0.16666666666666666,373.1521739130435,93,0.15053763440860216,360.38709677419354,95,0.23157894736842105,375.0842105263158,96,0.2604166666666667,389.2604166666667,92,0.2717391304347826,388.4347826086956,99,0.30303030303030304,373.52525252525254,272,0.1801470588235294,368.0992647058824,5868,5868,326.8858847618103
N,14,25005450,0.0001,655360,282,0.8262411347517731,479.8936170212766,138,0.782608695652174,479.81159420289856,93,0.7849462365591398,473.1182795698925,95,0.7157894736842105,478.77894736842103,96,0.84375,486.25,92,0.8043478260869565,484.75,99,0.7474747474747475,465.2323232323232,272,0.8125,471.22058823529414,5868,5868,326.8858847618103
N,14,25005450,0.0001,675840,282,0.9326241134751773,491.9326241134752,138,0.9565217391304348,497.5217391304348,93,0.9139784946236559,490.80645161290323,95,0.968421052631579,497.7263157894737,96,0.96875,497.4270833333333,92,0.9782608695652174,498.8478260869565,99,0.8888888888888888,483.57575757575756,272,0.8860294117647058,477.5147058823529,5868,5868,326.8858847618103
N,14,25005450,0.0001,696320,282,0.950354609929078,494.468085106383,138,0.9710144927536232,497.90579710144925,93,0.978494623655914,497.97849462365593,95,0.9789473684210527,498.9578947368421,96,0.9895833333333334,499.4270833333333,92,0.9782608695652174,498.3478260869565,99,0.898989898989899,485.77777777777777,272,0.8897058823529411,483.54411764705884,5868,5868,326.8858847618103
N,14,25005450,0.0001,716800,282,0.8049645390070922,475.3262411347518,138,0.8405797101449275,485.8550724637681,93,0.7849462365591398,475.76344086021504,95,0.8315789473684211,482.09473684210525,96,0.8229166666666666,481.6354166666667,92,0.8152173913043478,476.7826086956522,99,0.6363636363636364,446.7878787878788,272,0.8088235294117647,470.1727941176471,5868,5868,326.8858847618103
N,14,25005450,0.0001,737280,282,0.9893617021276596,496.3829787234043,138,0.9927536231884058,499.82608695652175,93,0.978494623655914,491.7204301075269,95,1.0,500.0,96,1.0,500.0,92,0.9891304347826086,498.7826086956522,99,0.9797979797979798,499.83838383838383,272,0.9448529411764706,483.9154411764706,5868,5868,326.8858847618103
N,14,25005450,0.0001,757760,282,0.4858156028368794,433.1276595744681,138,0.47101449275362317,436.44202898550725,93,0.3763440860215054,429.06451612903226,95,0.4842105263157895,434.63157894736844,96,0.4375,426.5520833333333,92,0.5108695652173914,431.9782608695652,99,0.40404040404040403,404.7979797979798,272,0.44485294117647056,434.99632352941177,5868,5868,326.8858847618103
N,14,25005450,0.0001,778240,282,0.9432624113475178,493.3723404255319,138,0.9855072463768116,498.30434782608694,93,0.967741935483871,498.2903225806452,95,0.968421052631579,497.7894736842105,96,0.9791666666666666,498.2604166666667,92,0.9239130434782609,491.9130434782609,99,0.898989898989899,490.5656565656566,272,0.9080882352941176,485.0735294117647,5868,5868,326.8858847618103
N,14,25005450,0.0001,798720,282,0.9645390070921985,496.28723404255317,138,0.9782608695652174,497.2536231884058,93,0.978494623655914,494.7956989247312,95,0.9789473684210527,498.8,96,0.9791666666666666,499.2291666666667,92,0.9347826086956522,494.9347826086956,99,0.9191919191919192,494.55555555555554,272,0.9227941176470589,483.3272058823529,5868,5868,326.8858847618103
N,14,25005450,0.0001,819200,282,0.9893617021276596,496.92907801418437,138,0.9927536231884058,499.8695652173913,93,0.978494623655914,491.1182795698925,95,1.0,500.0,96,1.0,500.0,92,0.9891304347826086,499.4130434782609,99,0.98989898989899,499.949494949495,272,0.9191176470588235,481.05882352941177,5868,5868,326.8858847618103
N,14,25005450,0.0001,839680,282,0.9716312056737588,488.531914893617,138,0.9637681159420289,483.81159420289856,93,0.8924731182795699,455.21505376344084,95,0.9789473684210527,490.62105263157895,96,0.96875,485.5520833333333,92,0.9782608695652174,491.2282608695652,99,0.9292929292929293,469.26262626262627,272,0.8272058823529411,449.59558823529414,5868,5868,326.8858847618103
N,14,25005450,0.0001,860160,282,0.9822695035460993,493.9078014184397,138,1.0,500.0,93,0.956989247311828,481.3440860215054,95,1.0,500.0,96,0.9895833333333334,495.2395833333333,92,0.9891304347826086,495.20652173913044,99,0.9595959595959596,483.3131313131313,272,0.8566176470588235,463.5147058823529,5868,5868,326.8858847618103
N,14,25005450,0.0001,880640,282,0.9893617021276596,496.3936170212766,138,1.0,500.0,93,0.967741935483871,486.10752688172045,95,1.0,500.0,96,1.0,500.0,92,0.9891304347826086,495.25,99,0.9696969696969697,487.93939393939394,272,0.8786764705882353,467.7867647058824,5868,5868,326.8858847618103
N,14,25005450,0.0001,901120,282,0.9893617021276596,496.89716312056737,138,1.0,500.0,93,0.989247311827957,495.5806451612903,95,1.0,500.0,96,1.0,500.0,92,0.9782608695652174,494.8369565217391,99,0.98989898989899,495.020202020202,272,0.9485294117647058,487.9117647058824,5868,5868,326.8858847618103
N,14,25005450,0.0001,921600,282,0.9964539007092199,498.93971631205676,138,1.0,500.0,93,0.989247311827957,495.81720430107526,95,1.0,500.0,96,1.0,500.0,92,0.9891304347826086,495.4130434782609,99,1.0,500.0,272,0.9448529411764706,486.5772058823529,5868,5868,326.8858847618103
N,14,25005450,0.0001,942080,282,0.9787234042553191,493.6914893617021,138,0.9927536231884058,499.5507246376812,93,0.978494623655914,490.97849462365593,95,1.0,500.0,96,1.0,500.0,92,0.967391304347826,486.57608695652175,99,0.9595959595959596,487.26262626262627,272,0.8345588235294118,459.83088235294116,5868,5868,326.8858847618103
N,14,25005450,0.0001,962560,282,0.9929078014184397,497.5673758865248,138,0.9927536231884058,499.963768115942,93,1.0,500.0,95,1.0,500.0,96,1.0,500.0,92,0.9891304347826086,495.7391304347826,99,0.9797979797979798,494.57575757575756,272,0.8860294117647058,473.99632352941177,5868,5868,326.8858847618103
N,14,25005450,0.0001,983040,282,0.9893617021276596,497.52836879432624,138,1.0,500.0,93,1.0,500.0,95,1.0,500.0,96,1.0,500.0,92,0.9891304347826086,495.5217391304348,99,0.98989898989899,496.09090909090907,272,0.8970588235294118,481.7720588235294,5868,5868,326.8858847618103
N,14,25005450,0.0001,1003520,282,0.9964539007092199,499.8156028368794,138,1.0,500.0,93,0.989247311827957,496.6236559139785,95,1.0,500.0,96,1.0,500.0,92,0.9891304347826086,499.3369565217391,99,1.0,500.0,272,0.9669117647058824,489.7352941176471,5868,5868,326.8858847618103
N,14,25005450,0.0001,1024000,282,0.9858156028368794,496.09929078014187,138,1.0,500.0,93,1.0,500.0,95,1.0,500.0,96,1.0,500.0,92,1.0,500.0,99,1.0,500.0,272,0.9227941176470589,485.4117647058824,5868,5868,326.8858847618103
N,14,25005450,0.0001,1044480,282,0.9893617021276596,496.4645390070922,138,1.0,500.0,93,0.978494623655914,491.1182795698925,95,1.0,500.0,96,1.0,500.0,92,0.9891304347826086,495.3152173913044,99,1.0,500.0,272,0.9227941176470589,481.3639705882353,5868,5868,326.8858847618103
N,14,25005450,0.0001,1064960,282,0.9893617021276596,497.5,138,1.0,500.0,93,0.989247311827957,495.5698924731183,95,1.0,500.0,96,1.0,500.0,92,1.0,500.0,99,1.0,500.0,272,0.9595588235294118,488.48161764705884,5868,5868,326.8858847618103
N,14,25005450,0.0001,1085440,282,0.9893617021276596,496.92198581560285,138,1.0,500.0,93,0.989247311827957,495.3333333333333,95,1.0,500.0,96,1.0,500.0,92,0.9891304347826086,495.2608695652174,99,0.9797979797979798,494.54545454545456,272,0.9669117647058824,489.4154411764706,5868,5868,326.8858847618103
N,14,25005450,0.0001,1105920,282,0.9893617021276596,497.36170212765956,138,1.0,500.0,93,0.989247311827957,495.40860215053766,95,1.0,500.0,96,1.0,500.0,92,0.9782608695652174,495.17391304347825,99,1.0,500.0,272,0.9632352941176471,489.1727941176471,5868,5868,326.8858847618103
N,14,25005450,0.0001,1126400,282,0.9858156028368794,497.00354609929076,138,1.0,500.0,93,1.0,500.0,95,1.0,500.0,96,1.0,500.0,92,0.9891304347826086,499.4673913043478,99,1.0,500.0,272,0.9705882352941176,493.25735294117646,5868,5868,326.8858847618103
N,14,25005450,0.0001,1146880,282,0.9361702127659575,491.29432624113474,138,0.9927536231884058,499.6231884057971,93,1.0,500.0,95,0.9894736842105263,499.7263157894737,96,1.0,500.0,92,0.9456521739130435,491.8478260869565,99,0.9696969696969697,492.67676767676767,272,0.9338235294117647,490.53308823529414,5868,5868,326.8858847618103
N,14,25005450,0.0001,1167360,282,0.9397163120567376,490.3829787234043,138,0.9855072463768116,498.5217391304348,93,1.0,500.0,95,0.9789473684210527,498.34736842105264,96,1.0,500.0,92,0.9239130434782609,489.4782608695652,99,0.9696969696969697,493.969696969697,272,0.9191176470588235,483.80882352941177,5868,5868,326.8858847618103
N,14,25005450,0.0001,1187840,282,0.7092198581560284,464.86879432624113,138,0.782608695652174,483.4347826086956,93,0.8064516129032258,480.98924731182797,95,0.7157894736842105,469.11578947368423,96,0.7604166666666666,478.0208333333333,92,0.7282608695652174,473.42391304347825,99,0.6262626262626263,444.1515151515151,272,0.7573529411764706,474.7132352941176,5868,5868,326.8858847618103
N,14,25005450,0.0001,1208320,282,0.9787234042553191,496.6666666666667,138,1.0,500.0,93,1.0,500.0,95,1.0,500.0,96,1.0,500.0,92,0.9782608695652174,497.3152173913044,99,1.0,500.0,272,0.9705882352941176,495.4485294117647,5868,5868,326.8858847618103
N,14,25005450,0.0001,1228800,282,0.8191489361702128,477.90425531914894,138,0.855072463768116,489.2608695652174,93,0.8387096774193549,483.7956989247312,95,0.8210526315789474,488.1578947368421,96,0.8333333333333334,487.6770833333333,92,0.8260869565217391,483.17391304347825,99,0.7474747474747475,467.0,272,0.8419117647058824,481.375,5868,5868,326.8858847618103
N,15,355256379,0.0001,0,282,0.0,13.046099290780141,138,0.0,16.6231884057971,93,0.0,18.967741935483872,95,0.0,16.16842105263158,96,0.0,16.645833333333332,92,0.0,13.782608695652174,99,0.0,11.858585858585858,272,0.0,13.242647058823529,6759,6759,327.39126777648926
N,15,355256379,0.0001,20480,282,0.0,61.741134751773046,138,0.0,62.57971014492754,93,0.010752688172043012,66.38709677419355,95,0.0,58.757894736842104,96,0.03125,81.19791666666667,92,0.010869565217391304,67.21739130434783,99,0.0,46.58585858585859,272,0.014705882352941176,77.76470588235294,6759,6759,327.39126777648926
N,15,355256379,0.0001,40960,282,0.010638297872340425,92.2127659574468,138,0.0,91.0,93,0.0,93.93548387096774,95,0.0,88.56842105263158,96,0.020833333333333332,108.34375,92,0.0,90.79347826086956,99,0.0,71.76767676767676,272,0.029411764705882353,109.46691176470588,6759,6759,327.39126777648926
N,15,355256379,0.0001,61440,282,0.2872340425531915,275.3581560283688,138,0.2246376811594203,264.6159420289855,93,0.23655913978494625,277.93548387096774,95,0.25263157894736843,254.67368421052632,96,0.3229166666666667,288.6354166666667,92,0.29347826086956524,269.94565217391306,99,0.20202020202020202,210.86868686868686,272,0.1948529411764706,269.89338235294116,6759,6759,327.39126777648926
N,15,355256379,0.0001,81920,282,0.07801418439716312,225.48581560283688,138,0.057971014492753624,227.83333333333334,93,0.0,219.21505376344086,95,0.021052631578947368,209.37894736842105,96,0.0,225.94791666666666,92,0.11956521739130435,233.66304347826087,99,0.04040404040404041,182.96969696969697,272,0.07720588235294118,238.25735294117646,6759,6759,327.39126777648926
N,15,355256379,0.0001,102400,282,0.12056737588652482,264.2411347517731,138,0.07971014492753623,265.4855072463768,93,0.043010752688172046,255.78494623655914,95,0.05263157894736842,249.05263157894737,96,0.08333333333333333,262.4166666666667,92,0.15217391304347827,269.3478260869565,99,0.050505050505050504,210.84848484848484,272,0.1213235294117647,275.7389705882353,6759,6759,327.39126777648926
N,15,355256379,0.0001,122880,282,0.07446808510638298,224.34751773049646,138,0.036231884057971016,216.268115942029,93,0.010752688172043012,208.16129032258064,95,0.07368421052631578,208.2,96,0.052083333333333336,218.22916666666666,92,0.06521739130434782,220.42391304347825,99,0.020202020202020204,177.11111111111111,272,0.0625,242.03308823529412,6759,6759,327.39126777648926
N,15,355256379,0.0001,143360,282,0.2127659574468085,304.42907801418437,138,0.14492753623188406,305.4347826086956,93,0.13978494623655913,293.19354838709677,95,0.10526315789473684,282.2631578947368,96,0.14583333333333334,298.0520833333333,92,0.18478260869565216,300.54347826086956,99,0.06060606060606061,241.82828282828282,272,0.20220588235294118,333.65441176470586,6759,6759,327.39126777648926
N,15,355256379,0.0001,163840,282,0.2978723404255319,353.3936170212766,138,0.21014492753623187,346.768115942029,93,0.22580645161290322,344.494623655914,95,0.23157894736842105,329.65263157894736,96,0.22916666666666666,343.71875,92,0.2717391304347826,348.9782608695652,99,0.20202020202020202,287.0,272,0.27205882352941174,364.625,6759,6759,327.39126777648926
N,15,355256379,0.0001,184320,282,0.2695035460992908,340.01063829787233,138,0.18840579710144928,343.39130434782606,93,0.21505376344086022,334.2795698924731,95,0.17894736842105263,339.14736842105265,96,0.21875,341.6458333333333,92,0.29347826086956524,346.07608695652175,99,0.1414141414141414,288.4040404040404,272,0.21691176470588236,345.3272058823529,6759,6759,327.39126777648926
N,15,355256379,0.0001,204800,282,0.06382978723404255,230.0531914893617,138,0.028985507246376812,225.83333333333334,93,0.0,216.1505376344086,95,0.031578947368421054,212.9578947368421,96,0.020833333333333332,223.17708333333334,92,0.07608695652173914,230.4891304347826,99,0.030303030303030304,185.9090909090909,272,0.06985294117647059,243.3125,6759,6759,327.39126777648926
N,15,355256379,0.0001,225280,282,0.1595744680851064,316.4574468085106,138,0.15217391304347827,320.57971014492756,93,0.12903225806451613,307.4193548387097,95,0.14736842105263157,320.6842105263158,96,0.17708333333333334,318.8958333333333,92,0.2391304347826087,330.29347826086956,99,0.1414141414141414,278.9191919191919,272,0.11397058823529412,319.9117647058824,6759,6759,327.39126777648926
N,15,355256379,0.0001,245760,282,0.45390070921985815,416.0744680851064,138,0.4855072463768116,430.17391304347825,93,0.46236559139784944,423.5483870967742,95,0.5052631578947369,426.6,96,0.4791666666666667,421.09375,92,0.5,422.07608695652175,99,0.41414141414141414,388.7070707070707,272,0.40808823529411764,414.5257352941176,6759,6759,327.39126777648926
N,15,355256379,0.0001,266240,282,0.31560283687943264,370.41843971631204,138,0.3333333333333333,381.17391304347825,93,0.21505376344086022,365.9247311827957,95,0.3263157894736842,382.94736842105266,96,0.3125,371.9375,92,0.391304347826087,381.8478260869565,99,0.2828282828282828,336.1212121212121,272,0.21323529411764705,369.34558823529414,6759,6759,327.39126777648926
N,15,355256379,0.0001,286720,282,0.1276595744680851,287.84751773049646,138,0.10869565217391304,284.54347826086956,93,0.08602150537634409,278.93548387096774,95,0.11578947368421053,267.8,96,0.11458333333333333,273.5833333333333,92,0.16304347826086957,282.7282608695652,99,0.08080808080808081,235.84848484848484,272,0.17279411764705882,321.6470588235294,6759,6759,327.39126777648926
N,15,355256379,0.0001,307200,282,0.41134751773049644,391.40425531914894,138,0.26811594202898553,383.10869565217394,93,0.2903225806451613,376.02150537634407,95,0.29473684210526313,367.1684210526316,96,0.3541666666666667,385.34375,92,0.3695652173913043,385.2608695652174,99,0.25252525252525254,331.2020202020202,272,0.34191176470588236,394.03308823529414,6759,6759,327.39126777648926
N,15,355256379,0.0001,327680,282,0.8723404255319149,486.13120567375887,138,0.9202898550724637,492.92028985507244,93,0.8924731182795699,491.13978494623655,95,0.8947368421052632,491.94736842105266,96,0.9270833333333334,493.6458333333333,92,0.9130434782608695,486.2173913043478,99,0.797979797979798,468.55555555555554,272,0.8529411764705882,475.9154411764706,6759,6759,327.39126777648926
N,15,355256379,0.0001,348160,282,0.1276595744680851,291.02127659574467,138,0.08695652173913043,268.8623188405797,93,0.06451612903225806,256.31182795698925,95,0.10526315789473684,269.3157894736842,96,0.19791666666666666,301.6979166666667,92,0.1956521739130435,299.1630434782609,99,0.15151515151515152,270.6868686868687,272,0.0625,261.5147058823529,6759,6759,327.39126777648926
N,15,355256379,0.0001,368640,282,0.13829787234042554,340.60283687943263,138,0.07971014492753623,318.9710144927536,93,0.0967741935483871,318.21505376344084,95,0.09473684210526316,321.0,96,0.15625,342.53125,92,0.1956521739130435,342.5108695652174,99,0.25252525252525254,337.22222222222223,272,0.09191176470588236,319.93014705882354,6759,6759,327.39126777648926
N,15,355256379,0.0001,389120,282,0.9822695035460993,495.78723404255317,138,1.0,500.0,93,0.978494623655914,491.06451612903226,95,1.0,500.0,96,1.0,500.0,92,0.9891304347826086,495.3369565217391,99,0.9696969696969697,492.4343434343434,272,0.8676470588235294,465.1764705882353,6759,6759,327.39126777648926
N,15,355256379,0.0001,409600,282,0.7624113475177305,474.79432624113474,138,0.7753623188405797,484.3623188405797,93,0.7956989247311828,484.93548387096774,95,0.7263157894736842,482.05263157894734,96,0.8125,487.4583333333333,92,0.782608695652174,485.8804347826087,99,0.7171717171717171,463.5656565656566,272,0.7573529411764706,462.71691176470586,6759,6759,327.39126777648926
N,15,355256379,0.0001,430080,282,0.08865248226950355,252.70212765957447,138,0.043478260869565216,230.8768115942029,93,0.03225806451612903,223.11827956989248,95,0.07368421052631578,239.6315789473684,96,0.14583333333333334,263.0,92,0.14130434782608695,261.4347826086956,99,0.09090909090909091,240.6060606060606,272,0.04044117647058824,229.79044117647058,6759,6759,327.39126777648926
N,15,355256379,0.0001,450560,282,0.23049645390070922,317.57092198581563,138,0.15942028985507245,302.2173913043478,93,0.0967741935483871,277.8709677419355,95,0.07368421052631578,286.2631578947368,96,0.15625,308.5520833333333,92,0.17391304347826086,317.5,99,0.13131313131313133,258.80808080808083,272,0.09191176470588236,296.25735294117646,6759,6759,327.39126777648926
N,15,355256379,0.0001,471040,282,0.1347517730496454,285.81205673758865,138,0.06521739130434782,267.7826086956522,93,0.053763440860215055,249.752688172043,95,0.07368421052631578,262.93684210526317,96,0.09375,286.1875,92,0.16304347826086957,290.54347826086956,99,0.09090909090909091,243.37373737373738,272,0.05514705882352941,262.2389705882353,6759,6759,327.39126777648926
N,15,355256379,0.0001,491520,282,0.08865248226950355,270.72340425531917,138,0.021739130434782608,252.54347826086956,93,0.03225806451612903,236.6021505376344,95,0.06315789473684211,252.74736842105264,96,0.0625,268.53125,92,0.11956521739130435,274.60869565217394,99,0.10101010101010101,234.82828282828282,272,0.025735294117647058,247.87132352941177,6759,6759,327.39126777648926
N,15,355256379,0.0001,512000,282,0.30141843971631205,380.56028368794324,138,0.21739130434782608,358.6376811594203,93,0.15053763440860216,346.247311827957,95,0.2,353.65263157894736,96,0.3125,376.7708333333333,92,0.32608695652173914,378.7282608695652,99,0.32323232323232326,353.52525252525254,272,0.17647058823529413,359.25367647058823,6759,6759,327.39126777648926
N,15,355256379,0.0001,532480,282,0.6418439716312057,453.3936170212766,138,0.463768115942029,439.4347826086956,93,0.4838709677419355,438.7741935483871,95,0.5157894736842106,434.0105263157895,96,0.5520833333333334,447.6979166666667,92,0.5978260869565217,445.85869565217394,99,0.5252525252525253,426.14141414141415,272,0.45588235294117646,439.9742647058824,6759,6759,327.39126777648926
N,15,355256379,0.0001,552960,282,0.12411347517730496,308.8758865248227,138,0.10144927536231885,291.81159420289856,93,0.07526881720430108,279.48387096774195,95,0.08421052631578947,288.87368421052633,96,0.10416666666666667,307.7708333333333,92,0.14130434782608695,306.0652173913044,99,0.1111111111111111,279.979797979798,272,0.08088235294117647,286.2904411764706,6759,6759,327.39126777648926
N,15,355256379,0.0001,573440,282,0.19148936170212766,346.97872340425533,138,0.15942028985507245,330.71014492753625,93,0.08602150537634409,311.78494623655916,95,0.14736842105263157,323.18947368421055,96,0.19791666666666666,345.6354166666667,92,0.2391304347826087,343.5108695652174,99,0.1717171717171717,314.3030303030303,272,0.10661764705882353,324.95588235294116,6759,6759,327.39126777648926
N,15,355256379,0.0001,593920,282,0.9468085106382979,493.177304964539,138,0.9710144927536232,498.036231884058,93,0.9354838709677419,491.6774193548387,95,0.9789473684210527,499.2315789473684,96,0.9583333333333334,497.4479166666667,92,0.9456521739130435,495.5217391304348,99,0.8585858585858586,483.22222222222223,272,0.9080882352941176,483.5625,6759,6759,327.39126777648926
N,15,355256379,0.0001,614400,282,0.16666666666666666,325.3191489361702,138,0.10869565217391304,303.8478260869565,93,0.07526881720430108,290.0860215053763,95,0.10526315789473684,300.0842105263158,96,0.1875,323.0104166666667,92,0.20652173913043478,324.3804347826087,99,0.1717171717171717,306.5151515151515,272,0.10294117647058823,302.4522058823529,6759,6759,327.39126777648926
N,15,355256379,0.0001,634880,282,0.24468085106382978,371.290780141844,138,0.18840579710144928,351.3695652173913,93,0.11827956989247312,337.9569892473118,95,0.2,346.1578947368421,96,0.2604166666666667,369.7395833333333,92,0.2717391304347826,366.3804347826087,99,0.25252525252525254,349.1010101010101,272,0.16544117647058823,350.19485294117646,6759,6759,327.39126777648926
N,15,355256379,0.0001,655360,282,0.7588652482269503,470.3156028368794,138,0.6521739130434783,467.92753623188406,93,0.6559139784946236,462.258064516129,95,0.6105263157894737,464.2,96,0.65625,472.2708333333333,92,0.6630434782608695,469.35869565217394,99,0.6666666666666666,452.16161616161617,272,0.6838235294117647,464.62867647058823,6759,6759,327.39126777648926
N,15,355256379,0.0001,675840,282,0.5567375886524822,435.60283687943263,138,0.41304347826086957,426.34057971014494,93,0.3655913978494624,415.9462365591398,95,0.4,418.0210526315789,96,0.5,429.0104166666667,92,0.5,428.5326086956522,99,0.42424242424242425,405.09090909090907,272,0.41911764705882354,425.74632352941177,6759,6759,327.39126777648926
N,15,355256379,0.0001,696320,282,0.8014184397163121,475.8049645390071,138,0.7608695652173914,479.5,93,0.7419354838709677,470.0430107526882,95,0.7157894736842105,476.7578947368421,96,0.7708333333333334,479.6875,92,0.7391304347826086,477.4782608695652,99,0.696969696969697,457.90909090909093,272,0.8051470588235294,470.74264705882354,6759,6759,327.39126777648926
N,15,355256379,0.0001,716800,282,0.5851063829787234,444.87943262411346,138,0.4057971014492754,431.9855072463768,93,0.41935483870967744,430.80645161290323,95,0.4631578947368421,425.4947368421053,96,0.5520833333333334,440.5833333333333,92,0.5652173913043478,440.8804347826087,99,0.5151515151515151,419.09090909090907,272,0.44485294117647056,440.8529411764706,6759,6759,327.39126777648926
N,15,355256379,0.0001,737280,282,0.16312056737588654,319.62056737588654,138,0.10869565217391304,294.5507246376812,93,0.06451612903225806,279.505376344086,95,0.08421052631578947,290.4736842105263,96,0.16666666666666666,314.6145833333333,92,0.1956521739130435,318.5217391304348,99,0.15151515151515152,299.949494949495,272,0.12867647058823528,302.18382352941177,6759,6759,327.39126777648926
N,15,355256379,0.0001,757760,282,0.5390070921985816,442.8014184397163,138,0.391304347826087,425.9130434782609,93,0.3548387096774194,423.55913978494624,95,0.3894736842105263,421.05263157894734,96,0.5104166666666666,434.6145833333333,92,0.532608695652174,437.67391304347825,99,0.47474747474747475,415.06060606060606,272,0.39705882352941174,433.83088235294116,6759,6759,327.39126777648926
N,15,355256379,0.0001,778240,282,0.10283687943262411,283.1808510638298,138,0.06521739130434782,263.8623188405797,93,0.053763440860215055,250.16129032258064,95,0.042105263157894736,262.33684210526314,96,0.13541666666666666,286.9375,92,0.15217391304347827,283.69565217391306,99,0.0707070707070707,261.04040404040404,272,0.08088235294117647,265.3382352941176,6759,6759,327.39126777648926
N,15,355256379,0.0001,798720,282,0.14893617021276595,315.5354609929078,138,0.09420289855072464,293.6666666666667,93,0.08602150537634409,280.5268817204301,95,0.09473684210526316,291.18947368421055,96,0.15625,312.9375,92,0.18478260869565216,312.92391304347825,99,0.16161616161616163,297.7878787878788,272,0.1213235294117647,302.55882352941177,6759,6759,327.39126777648926
N,15,355256379,0.0001,819200,282,0.11702127659574468,315.82978723404256,138,0.07246376811594203,293.6521739130435,93,0.07526881720430108,289.36559139784947,95,0.05263157894736842,291.3263157894737,96,0.13541666666666666,313.7708333333333,92,0.10869565217391304,311.9782608695652,99,0.1919191919191919,311.65656565656565,272,0.09926470588235294,298.9889705882353,6759,6759,327.39126777648926
N,15,355256379,0.0001,839680,282,0.524822695035461,442.8014184397163,138,0.39855072463768115,430.2536231884058,93,0.3548387096774194,422.60215053763443,95,0.4105263157894737,429.5473684210526,96,0.4791666666666667,437.0,92,0.532608695652174,439.17391304347825,99,0.48484848484848486,420.07070707070704,272,0.40441176470588236,433.84558823529414,6759,6759,327.39126777648926
N,15,355256379,0.0001,860160,282,0.10638297872340426,286.29432624113474,138,0.043478260869565216,265.0507246376812,93,0.053763440860215055,254.10752688172042,95,0.07368421052631578,262.9684210526316,96,0.11458333333333333,287.1875,92,0.09782608695652174,281.3152173913044,99,0.12121212121212122,275.0808080808081,272,0.10294117647058823,274.53308823529414,6759,6759,327.39126777648926
N,15,355256379,0.0001,880640,282,0.0673758865248227,248.2659574468085,138,0.057971014492753624,234.2536231884058,93,0.03225806451612903,221.90322580645162,95,0.031578947368421054,230.94736842105263,96,0.09375,256.0520833333333,92,0.07608695652173914,247.2391304347826,99,0.04040404040404041,233.3939393939394,272,0.0661764705882353,239.3566176470588,6759,6759,327.39126777648926
N,15,355256379,0.0001,901120,282,0.0673758865248227,259.7517730496454,138,0.057971014492753624,243.08695652173913,93,0.043010752688172046,232.2688172043011,95,0.031578947368421054,242.16842105263157,96,0.11458333333333333,267.5104166666667,92,0.10869565217391304,259.95652173913044,99,0.08080808080808081,249.08080808080808,272,0.0661764705882353,247.9889705882353,6759,6759,327.39126777648926
N,15,355256379,0.0001,921600,282,0.03900709219858156,216.9113475177305,138,0.036231884057971016,206.2391304347826,93,0.021505376344086023,196.6236559139785,95,0.021052631578947368,205.67368421052632,96,0.020833333333333332,217.82291666666666,92,0.05434782608695652,215.0108695652174,99,0.030303030303030304,200.84848484848484,272,0.058823529411764705,214.58455882352942,6759,6759,327.39126777648926
N,15,355256379,0.0001,942080,282,0.06382978723404255,249.54609929078015,138,0.06521739130434782,235.21014492753622,93,0.021505376344086023,222.31182795698925,95,0.031578947368421054,232.98947368421054,96,0.08333333333333333,254.625,92,0.08695652173913043,248.2391304347826,99,0.06060606060606061,236.93939393939394,272,0.0625,238.77205882352942,6759,6759,327.39126777648926
N,15,355256379,0.0001,962560,282,0.09219858156028368,262.4574468085106,138,0.036231884057971016,244.5072463768116,93,0.03225806451612903,228.38709677419354,95,0.06315789473684211,246.65263157894736,96,0.041666666666666664,258.0,92,0.10869565217391304,266.6304347826087,99,0.09090909090909091,241.12121212121212,272,0.09191176470588236,256.15808823529414,6759,6759,327.39126777648926
N,15,355256379,0.0001,983040,282,0.11702127659574468,281.23758865248226,138,0.050724637681159424,262.0144927536232,93,0.03225806451612903,241.25806451612902,95,0.08421052631578947,261.9157894736842,96,0.0625,274.4791666666667,92,0.16304347826086957,281.7173913043478,99,0.10101010101010101,245.1818181818182,272,0.09558823529411764,267.4375,6759,6759,327.39126777648926
N,15,355256379,0.0001,1003520,282,0.32269503546099293,375.1276595744681,138,0.2028985507246377,349.3985507246377,93,0.15053763440860216,337.0752688172043,95,0.2,345.41052631578947,96,0.2916666666666667,368.40625,92,0.358695652173913,374.69565217391306,99,0.29292929292929293,347.5151515151515,272,0.2647058823529412,364.2867647058824,6759,6759,327.39126777648926
N,15,355256379,0.0001,1024000,282,0.1276595744680851,301.84751773049646,138,0.08695652173913043,279.5507246376812,93,0.053763440860215055,263.7204301075269,95,0.05263157894736842,274.2315789473684,96,0.15625,299.9270833333333,92,0.15217391304347827,300.1521739130435,99,0.1717171717171717,289.74747474747477,272,0.13602941176470587,292.6470588235294,6759,6759,327.39126777648926
N,15,355256379,0.0001,1044480,282,0.0425531914893617,222.99290780141843,138,0.036231884057971016,211.5144927536232,93,0.010752688172043012,203.5483870967742,95,0.010526315789473684,207.8421052631579,96,0.0625,233.875,92,0.03260869565217391,216.65217391304347,99,0.030303030303030304,213.2020202020202,272,0.06985294117647059,221.78676470588235,6759,6759,327.39126777648926
N,15,355256379,0.0001,1064960,282,0.03900709219858156,214.2695035460993,138,0.028985507246376812,203.41304347826087,93,0.03225806451612903,198.41935483870967,95,0.0,200.2421052631579,96,0.0625,229.20833333333334,92,0.010869565217391304,209.8913043478261,99,0.050505050505050504,214.1010101010101,272,0.06985294117647059,216.18014705882354,6759,6759,327.39126777648926
N,15,355256379,0.0001,1085440,282,0.03546099290780142,233.67730496453902,138,0.007246376811594203,217.28985507246378,93,0.010752688172043012,213.30107526881721,95,0.042105263157894736,217.78947368421052,96,0.0625,244.08333333333334,92,0.010869565217391304,227.32608695652175,99,0.0707070707070707,235.08080808080808,272,0.08823529411764706,234.88970588235293,6759,6759,327.39126777648926
N,15,355256379,0.0001,1105920,282,0.01773049645390071,204.18085106382978,138,0.0,190.64492753623188,93,0.010752688172043012,190.76344086021504,95,0.042105263157894736,194.98947368421054,96,0.041666666666666664,218.41666666666666,92,0.021739130434782608,198.8804347826087,99,0.030303030303030304,208.93939393939394,272,0.0625,206.74264705882354,6759,6759,327.39126777648926
N,15,355256379,0.0001,1126400,282,0.04609929078014184,259.2163120567376,138,0.014492753623188406,237.2608695652174,93,0.021505376344086023,235.05376344086022,95,0.010526315789473684,238.13684210526316,96,0.03125,259.8541666666667,92,0.03260869565217391,254.27173913043478,99,0.10101010101010101,267.0,272,0.08088235294117647,253.5183823529412,6759,6759,327.39126777648926
N,15,355256379,0.0001,1146880,282,0.0851063829787234,317.1063829787234,138,0.014492753623188406,292.44202898550725,93,0.043010752688172046,287.0,95,0.042105263157894736,292.5052631578947,96,0.041666666666666664,310.125,92,0.08695652173913043,313.29347826086956,99,0.18181818181818182,315.42424242424244,272,0.09191176470588236,308.6360294117647,6759,6759,327.39126777648926
N,15,355256379,0.0001,1167360,282,0.13829787234042554,335.6276595744681,138,0.06521739130434782,311.05797101449275,93,0.08602150537634409,302.1505376344086,95,0.08421052631578947,311.2526315789474,96,0.13541666666666666,330.4791666666667,92,0.15217391304347827,335.5652173913044,99,0.24242424242424243,328.6666666666667,272,0.15073529411764705,328.09191176470586,6759,6759,327.39126777648926
N,15,355256379,0.0001,1187840,282,0.07446808510638298,271.2730496453901,138,0.043478260869565216,250.55797101449275,93,0.053763440860215055,242.40860215053763,95,0.042105263157894736,250.06315789473683,96,0.09375,273.3020833333333,92,0.05434782608695652,268.5,99,0.09090909090909091,263.80808080808083,272,0.09926470588235294,267.6029411764706,6759,6759,327.39126777648926
N,15,355256379,0.0001,1208320,282,0.028368794326241134,235.8404255319149,138,0.014492753623188406,219.17391304347825,93,0.03225806451612903,216.90322580645162,95,0.031578947368421054,220.14736842105262,96,0.052083333333333336,245.0,92,0.010869565217391304,234.0,99,0.09090909090909091,238.95959595959596,272,0.08823529411764706,237.87867647058823,6759,6759,327.39126777648926
N,15,355256379,0.0001,1228800,282,0.01773049645390071,191.29787234042553,138,0.014492753623188406,186.7246376811594,93,0.0,179.1720430107527,95,0.010526315789473684,182.31578947368422,96,0.0,196.11458333333334,92,0.03260869565217391,197.59782608695653,99,0.030303030303030304,188.12121212121212,272,0.0661764705882353,199.83455882352942,6759,6759,327.39126777648926
N,16,1983430192,0.0001,0,282,0.0,117.82978723404256,138,0.0,127.7463768115942,93,0.0,139.55913978494624,95,0.0,112.09473684210526,96,0.0,83.5625,92,0.0,121.3804347826087,99,0.0,77.63636363636364,272,0.0,111.34191176470588,6322,6322,331.2908630371094
N,16,1983430192,0.0001,20480,282,0.0035460992907801418,70.94326241134752,138,0.0,70.32608695652173,93,0.0,70.72043010752688,95,0.010526315789473684,70.03157894736842,96,0.020833333333333332,84.52083333333333,92,0.0,69.84782608695652,99,0.0,54.74747474747475,272,0.014705882352941176,85.79411764705883,6322,6322,331.2908630371094
N,16,1983430192,0.0001,40960,282,0.010638297872340425,115.82624113475177,138,0.0,111.64492753623189,93,0.0,112.55913978494624,95,0.0,107.03157894736842,96,0.03125,131.11458333333334,92,0.0,108.30434782608695,99,0.0,99.58585858585859,272,0.022058823529411766,117.55147058823529,6322,6322,331.2908630371094
N,16,1983430192,0.0001,61440,282,0.07446808510638298,209.5212765957447,138,0.050724637681159424,203.02173913043478,93,0.043010752688172046,207.5268817204301,95,0.031578947368421054,191.47368421052633,96,0.14583333333333334,231.92708333333334,92,0.07608695652173914,211.2391304347826,99,0.04040404040404041,174.41414141414143,272,0.058823529411764705,199.25735294117646,6322,6322,331.2908630371094
N,16,1983430192,0.0001,81920,282,0.1099290780141844,248.72340425531914,138,0.050724637681159424,238.19565217391303,93,0.06451612903225806,237.19354838709677,95,0.07368421052631578,229.09473684210528,96,0.10416666666666667,245.42708333333334,92,0.14130434782608695,251.20652173913044,99,0.030303030303030304,191.66666666666666,272,0.125,273.69117647058823,6322,6322,331.2908630371094
N,16,1983430192,0.0001,102400,282,0.1347517730496454,291.4468085106383,138,0.06521739130434782,279.9855072463768,93,0.10752688172043011,285.13978494623655,95,0.14736842105263157,276.09473684210525,96,0.13541666666666666,291.28125,92,0.18478260869565216,293.0652173913044,99,0.16161616161616163,244.17171717171718,272,0.15808823529411764,311.01838235294116,6322,6322,331.2908630371094
N,16,1983430192,0.0001,122880,282,0.2730496453900709,346.93617021276594,138,0.1956521739130435,344.2971014492754,93,0.25806451612903225,343.9247311827957,95,0.23157894736842105,326.86315789473684,96,0.20833333333333334,344.7708333333333,92,0.30434782608695654,344.07608695652175,99,0.21212121212121213,285.75757575757575,272,0.3272058823529412,367.1029411764706,6322,6322,331.2908630371094
N,16,1983430192,0.0001,143360,282,0.08156028368794327,222.51063829787233,138,0.028985507246376812,213.231884057971,93,0.021505376344086023,208.18279569892474,95,0.05263157894736842,204.54736842105262,96,0.041666666666666664,217.79166666666666,92,0.08695652173913043,216.04347826086956,99,0.030303030303030304,169.31313131313132,272,0.07352941176470588,233.28676470588235,6322,6322,331.2908630371094
N,16,1983430192,0.0001,163840,282,0.07446808510638298,212.21985815602838,138,0.028985507246376812,200.231884057971,93,0.021505376344086023,197.96774193548387,95,0.06315789473684211,195.81052631578947,96,0.0625,207.89583333333334,92,0.06521739130434782,212.2391304347826,99,0.030303030303030304,168.8080808080808,272,0.06985294117647059,235.71323529411765,6322,6322,331.2908630371094
N,16,1983430192,0.0001,184320,282,0.0425531914893617,243.44326241134752,138,0.021739130434782608,232.07246376811594,93,0.021505376344086023,222.48387096774192,95,0.07368421052631578,233.3578947368421,96,0.03125,248.44791666666666,92,0.08695652173913043,243.8586956521739,99,0.0707070707070707,215.40404040404042,272,0.022058823529411766,217.90808823529412,6322,6322,331.2908630371094
N,16,1983430192,0.0001,204800,282,0.24113475177304963,348.04609929078015,138,0.18115942028985507,331.09420289855075,93,0.10752688172043011,319.7741935483871,95,0.18947368421052632,329.14736842105265,96,0.25,354.8645833333333,92,0.21739130434782608,343.5978260869565,99,0.15151515151515152,307.1212121212121,272,0.10661764705882353,316.73161764705884,6322,6322,331.2908630371094
N,16,1983430192,0.0001,225280,282,0.1595744680851064,311.9078014184397,138,0.10869565217391304,297.69565217391306,93,0.06451612903225806,283.40860215053766,95,0.09473684210526316,292.2631578947368,96,0.125,313.6354166666667,92,0.14130434782608695,310.5,99,0.08080808080808081,258.8787878787879,272,0.0625,284.7095588235294,6322,6322,331.2908630371094
N,16,1983430192,0.0001,245760,282,0.09929078014184398,255.04964539007094,138,0.036231884057971016,242.64492753623188,93,0.07526881720430108,246.0215053763441,95,0.07368421052631578,237.0421052631579,96,0.08333333333333333,246.36458333333334,92,0.13043478260869565,256.0869565217391,99,0.050505050505050504,208.21212121212122,272,0.10661764705882353,284.4779411764706,6322,6322,331.2908630371094
N,16,1983430192,0.0001,266240,282,0.6418439716312057,450.90425531914894,138,0.6956521739130435,459.6014492753623,93,0.6129032258064516,456.48387096774195,95,0.6631578947368421,454.0736842105263,96,0.6458333333333334,456.3125,92,0.6847826086956522,451.94565217391306,99,0.5454545454545454,414.1010101010101,272,0.6139705882352942,437.1727941176471,6322,6322,331.2908630371094
N,16,1983430192,0.0001,286720,282,0.22695035460992907,308.4148936170213,138,0.16666666666666666,312.0507246376812,93,0.1827956989247312,304.96774193548384,95,0.16842105263157894,294.69473684210527,96,0.20833333333333334,309.6979166666667,92,0.1956521739130435,309.0978260869565,99,0.10101010101010101,243.93939393939394,272,0.22426470588235295,331.81985294117646,6322,6322,331.2908630371094
N,16,1983430192,0.0001,307200,282,0.06382978723404255,204.25886524822695,138,0.028985507246376812,202.03623188405797,93,0.053763440860215055,197.53763440860214,95,0.0,181.26315789473685,96,0.0,197.08333333333334,92,0.06521739130434782,207.95652173913044,99,0.030303030303030304,165.45454545454547,272,0.04411764705882353,219.40808823529412,6322,6322,331.2908630371094
N,16,1983430192,0.0001,327680,282,0.05673758865248227,206.24113475177305,138,0.036231884057971016,207.02898550724638,93,0.021505376344086023,199.80645161290323,95,0.0,198.7157894736842,96,0.03125,212.86458333333334,92,0.08695652173913043,220.6304347826087,99,0.030303030303030304,180.14141414141415,272,0.03308823529411765,211.09926470588235,6322,6322,331.2908630371094
N,16,1983430192,0.0001,348160,282,0.02127659574468085,190.5709219858156,138,0.007246376811594203,191.54347826086956,93,0.0,185.13978494623655,95,0.021052631578947368,197.44210526315788,96,0.020833333333333332,202.44791666666666,92,0.09782608695652174,214.2173913043478,99,0.010101010101010102,177.72727272727272,272,0.003676470588235294,185.97794117647058,6322,6322,331.2908630371094
N,16,1983430192,0.0001,368640,282,0.07801418439716312,260.1595744680851,138,0.043478260869565216,258.69565217391306,93,0.03225806451612903,248.19354838709677,95,0.07368421052631578,274.82105263157894,96,0.0625,261.0104166666667,92,0.10869565217391304,270.29347826086956,99,0.13131313131313133,247.14141414141415,272,0.022058823529411766,250.4889705882353,6322,6322,331.2908630371094
N,16,1983430192,0.0001,389120,282,0.0425531914893617,217.98581560283688,138,0.028985507246376812,220.0,93,0.03225806451612903,213.91397849462365,95,0.010526315789473684,227.33684210526314,96,0.020833333333333332,220.08333333333334,92,0.07608695652173914,230.91304347826087,99,0.06060606060606061,216.06060606060606,272,0.003676470588235294,208.06985294117646,6322,6322,331.2908630371094
N,16,1983430192,0.0001,409600,282,0.03900709219858156,220.46099290780143,138,0.007246376811594203,220.45652173913044,93,0.0,211.1720430107527,95,0.05263157894736842,235.07368421052632,96,0.010416666666666666,222.44791666666666,92,0.06521739130434782,230.8804347826087,99,0.030303030303030304,203.3939393939394,272,0.01838235294117647,218.65441176470588,6322,6322,331.2908630371094
N,16,1983430192,0.0001,430080,282,0.30851063829787234,387.3049645390071,138,0.2826086956521739,393.2608695652174,93,0.23655913978494625,382.0752688172043,95,0.3473684210526316,397.4947368421053,96,0.3333333333333333,382.6458333333333,92,0.358695652173913,393.8695652173913,99,0.26262626262626265,353.62626262626264,272,0.25735294117647056,391.6875,6322,6322,331.2908630371094
N,16,1983430192,0.0001,450560,282,0.23404255319148937,342.7304964539007,138,0.1956521739130435,349.07971014492756,93,0.20430107526881722,337.9462365591398,95,0.21052631578947367,341.9263157894737,96,0.19791666666666666,338.78125,92,0.20652173913043478,345.5,99,0.1414141414141414,300.030303030303,272,0.22058823529411764,357.95588235294116,6322,6322,331.2908630371094
N,16,1983430192,0.0001,471040,282,0.08156028368794327,272.77659574468083,138,0.07246376811594203,276.7536231884058,93,0.06451612903225806,267.60215053763443,95,0.06315789473684211,265.7684210526316,96,0.0625,269.9895833333333,92,0.10869565217391304,280.30434782608694,99,0.08080808080808081,238.04040404040404,272,0.0625,282.3272058823529,6322,6322,331.2908630371094
N,16,1983430192,0.0001,491520,282,0.2198581560283688,331.84397163120565,138,0.17391304347826086,338.3478260869565,93,0.16129032258064516,329.23655913978496,95,0.15789473684210525,330.12631578947367,96,0.17708333333333334,328.9479166666667,92,0.17391304347826086,332.17391304347825,99,0.13131313131313133,287.45454545454544,272,0.20220588235294118,348.05514705882354,6322,6322,331.2908630371094
N,16,1983430192,0.0001,512000,282,0.2127659574468085,353.6489361702128,138,0.2028985507246377,361.7173913043478,93,0.12903225806451613,345.4731182795699,95,0.17894736842105263,355.9894736842105,96,0.25,351.5729166666667,92,0.30434782608695654,365.17391304347825,99,0.1919191919191919,318.6969696969697,272,0.17279411764705882,357.8492647058824,6322,6322,331.2908630371094
N,16,1983430192,0.0001,532480,282,0.29432624113475175,384.61347517730496,138,0.2898550724637681,393.5144927536232,93,0.22580645161290322,381.7741935483871,95,0.30526315789473685,395.4947368421053,96,0.3020833333333333,380.78125,92,0.391304347826087,395.2282608695652,99,0.25252525252525254,353.1313131313131,272,0.22058823529411764,382.30514705882354,6322,6322,331.2908630371094
N,16,1983430192,0.0001,552960,282,0.07446808510638298,263.29787234042556,138,0.050724637681159424,263.1231884057971,93,0.03225806451612903,249.67741935483872,95,0.08421052631578947,274.18947368421055,96,0.07291666666666667,263.5520833333333,92,0.13043478260869565,274.45652173913044,99,0.1111111111111111,251.64646464646464,272,0.014705882352941176,253.85294117647058,6322,6322,331.2908630371094
N,16,1983430192,0.0001,573440,282,0.09574468085106383,280.86879432624113,138,0.09420289855072464,280.8840579710145,93,0.08602150537634409,269.9032258064516,95,0.06315789473684211,292.5578947368421,96,0.041666666666666664,275.1770833333333,92,0.10869565217391304,288.5652173913044,99,0.1111111111111111,267.65656565656565,272,0.03308823529411765,269.8345588235294,6322,6322,331.2908630371094
N,16,1983430192,0.0001,593920,282,0.1099290780141844,285.79432624113474,138,0.057971014492753624,281.09420289855075,93,0.08602150537634409,279.1182795698925,95,0.11578947368421053,296.5157894736842,96,0.03125,274.7395833333333,92,0.13043478260869565,292.0108695652174,99,0.10101010101010101,276.7878787878788,272,0.06985294117647059,276.72058823529414,6322,6322,331.2908630371094
N,16,1983430192,0.0001,614400,282,0.12056737588652482,290.79432624113474,138,0.08695652173913043,285.60869565217394,93,0.06451612903225806,279.19354838709677,95,0.12631578947368421,303.58947368421053,96,0.041666666666666664,280.8020833333333,92,0.11956521739130435,297.4021739130435,99,0.12121212121212122,276.22222222222223,272,0.06985294117647059,280.88235294117646,6322,6322,331.2908630371094
N,16,1983430192,0.0001,634880,282,0.1347517730496454,312.5921985815603,138,0.06521739130434782,306.95652173913044,93,0.11827956989247312,303.31182795698925,95,0.1368421052631579,325.5052631578947,96,0.052083333333333336,304.09375,92,0.11956521739130435,316.0869565217391,99,0.15151515151515152,300.8787878787879,272,0.06985294117647059,299.7720588235294,6322,6322,331.2908630371094
N,16,1983430192,0.0001,655360,282,0.10283687943262411,283.78723404255317,138,0.06521739130434782,280.71014492753625,93,0.06451612903225806,277.26881720430106,95,0.09473684210526316,297.3263157894737,96,0.041666666666666664,276.4895833333333,92,0.11956521739130435,292.9347826086956,99,0.10101010101010101,274.0808080808081,272,0.0661764705882353,275.3602941176471,6322,6322,331.2908630371094
N,16,1983430192,0.0001,675840,282,0.10283687943262411,270.6808510638298,138,0.07246376811594203,268.9927536231884,93,0.06451612903225806,263.98924731182797,95,0.10526315789473684,284.17894736842106,96,0.03125,262.6770833333333,92,0.09782608695652174,280.14130434782606,99,0.10101010101010101,265.25252525252523,272,0.058823529411764705,262.0147058823529,6322,6322,331.2908630371094
N,16,1983430192,0.0001,696320,282,0.04964539007092199,226.75531914893617,138,0.036231884057971016,229.81884057971016,93,0.021505376344086023,223.68817204301075,95,0.042105263157894736,244.0842105263158,96,0.010416666666666666,222.48958333333334,92,0.06521739130434782,238.84782608695653,99,0.09090909090909091,228.57575757575756,272,0.022058823529411766,217.18014705882354,6322,6322,331.2908630371094
N,16,1983430192,0.0001,716800,282,0.031914893617021274,204.45744680851064,138,0.028985507246376812,209.231884057971,93,0.021505376344086023,202.6021505376344,95,0.021052631578947368,218.2842105263158,96,0.010416666666666666,207.52083333333334,92,0.07608695652173914,219.5326086956522,99,0.030303030303030304,205.21212121212122,272,0.007352941176470588,199.43014705882354,6322,6322,331.2908630371094
N,16,1983430192,0.0001,737280,282,0.08865248226950355,273.0177304964539,138,0.043478260869565216,273.1449275362319,93,0.010752688172043012,258.3225806451613,95,0.12631578947368421,286.2736842105263,96,0.09375,273.8645833333333,92,0.13043478260869565,285.4782608695652,99,0.08080808080808081,257.27272727272725,272,0.03676470588235294,268.95588235294116,6322,6322,331.2908630371094
N,16,1983430192,0.0001,757760,282,0.10283687943262411,276.0354609929078,138,0.043478260869565216,274.7463768115942,93,0.021505376344086023,261.36559139784947,95,0.1368421052631579,286.4526315789474,96,0.10416666666666667,275.2395833333333,92,0.13043478260869565,287.30434782608694,99,0.10101010101010101,259.969696969697,272,0.04411764705882353,271.7977941176471,6322,6322,331.2908630371094
N,16,1983430192,0.0001,778240,282,0.14893617021276595,329.2659574468085,138,0.11594202898550725,325.4347826086956,93,0.12903225806451613,323.16129032258067,95,0.16842105263157894,338.6,96,0.09375,321.9166666666667,92,0.13043478260869565,335.7173913043478,99,0.18181818181818182,319.14141414141415,272,0.08088235294117647,319.75367647058823,6322,6322,331.2908630371094
N,16,1983430192,0.0001,798720,282,0.3900709219858156,410.27659574468083,138,0.4057971014492754,417.6159420289855,93,0.3548387096774194,406.4193548387097,95,0.42105263157894735,419.17894736842106,96,0.3854166666666667,404.625,92,0.4673913043478261,413.8152173913044,99,0.35353535353535354,381.3838383838384,272,0.3602941176470588,414.99632352941177,6322,6322,331.2908630371094
N,16,1983430192,0.0001,819200,282,0.8794326241134752,487.5390070921986,138,0.927536231884058,493.6449275362319,93,0.8602150537634409,482.01075268817203,95,0.9263157894736842,492.5157894736842,96,0.9270833333333334,491.5625,92,0.8913043478260869,489.32608695652175,99,0.7676767676767676,465.0,272,0.8455882352941176,474.3235294117647,6322,6322,331.2908630371094
N,16,1983430192,0.0001,839680,282,0.9964539007092199,498.5390070921986,138,1.0,500.0,93,0.989247311827957,495.5376344086022,95,1.0,500.0,96,1.0,500.0,92,0.9891304347826086,499.3804347826087,99,0.9797979797979798,494.85858585858585,272,0.9338235294117647,484.33088235294116,6322,6322,331.2908630371094
N,16,1983430192,0.0001,860160,282,0.9645390070921985,494.4326241134752,138,0.9927536231884058,498.9130434782609,93,0.989247311827957,498.61290322580646,95,0.9894736842105263,498.8315789473684,96,1.0,500.0,92,0.9456521739130435,493.17391304347825,99,0.9393939393939394,486.979797979798,272,0.9375,489.6654411764706,6322,6322,331.2908630371094
N,16,1983430192,0.0001,880640,282,0.9078014184397163,487.6099290780142,138,0.9855072463768116,497.2608695652174,93,0.946236559139785,493.73118279569894,95,0.9894736842105263,498.2842105263158,96,0.9895833333333334,498.8541666666667,92,0.9239130434782609,492.0,99,0.8686868686868687,481.0808080808081,272,0.8970588235294118,485.0882352941176,6322,6322,331.2908630371094
N,16,1983430192,0.0001,901120,282,0.9822695035460993,495.06382978723406,138,1.0,500.0,93,0.967741935483871,486.10752688172045,95,1.0,500.0,96,1.0,500.0,92,0.9782608695652174,492.7826086956522,99,0.9393939393939394,479.26262626262627,272,0.8125,453.9375,6322,6322,331.2908630371094
N,16,1983430192,0.0001,921600,282,0.9893617021276596,496.6063829787234,138,1.0,500.0,93,0.989247311827957,495.36559139784947,95,1.0,500.0,96,1.0,500.0,92,0.9891304347826086,495.30434782608694,99,0.9797979797979798,491.8888888888889,272,0.9154411764705882,477.8529411764706,6322,6322,331.2908630371094
N,16,1983430192,0.0001,942080,282,0.9929078014184397,496.92198581560285,138,1.0,500.0,93,0.989247311827957,495.36559139784947,95,1.0,500.0,96,1.0,500.0,92,1.0,500.0,99,0.98989898989899,495.020202020202,272,0.9522058823529411,486.8272058823529,6322,6322,331.2908630371094
N,16,1983430192,0.0001,962560,282,0.9929078014184397,496.93971631205676,138,1.0,500.0,93,0.967741935483871,486.3010752688172,95,1.0,500.0,96,1.0,500.0,92,0.9891304347826086,495.2608695652174,99,0.9797979797979798,493.73737373737373,272,0.8786764705882353,468.6727941176471,6322,6322,331.2908630371094
N,16,1983430192,0.0001,983040,282,0.9787234042553191,495.06382978723406,138,1.0,500.0,93,0.989247311827957,495.5698924731183,95,1.0,500.0,96,1.0,500.0,92,0.9782608695652174,494.45652173913044,99,0.9797979797979798,494.83838383838383,272,0.8823529411764706,468.7720588235294,6322,6322,331.2908630371094
N,16,1983430192,0.0001,1003520,282,0.9893617021276596,497.4645390070922,138,1.0,500.0,93,1.0,500.0,95,1.0,500.0,96,1.0,500.0,92,0.9891304347826086,499.5869565217391,99,0.98989898989899,495.020202020202,272,0.9191176470588235,482.8014705882353,6322,6322,331.2908630371094
N,16,1983430192,0.0001,1024000,282,0.9787234042553191,494.9255319148936,138,1.0,500.0,93,1.0,500.0,95,1.0,500.0,96,1.0,500.0,92,1.0,500.0,99,0.9797979797979798,493.5151515151515,272,0.9117647058823529,480.95588235294116,6322,6322,331.2908630371094
N,16,1983430192,0.0001,1044480,282,0.9680851063829787,495.58156028368796,138,1.0,500.0,93,0.989247311827957,495.752688172043,95,0.9894736842105263,499.8315789473684,96,1.0,500.0,92,0.967391304347826,495.1304347826087,99,0.9494949494949495,485.3636363636364,272,0.9227941176470589,485.8492647058824,6322,6322,331.2908630371094
N,16,1983430192,0.0001,1064960,282,0.9468085106382979,491.66312056737587,138,0.9927536231884058,499.94202898550725,93,0.989247311827957,499.81720430107526,95,1.0,500.0,96,0.9791666666666666,498.3854166666667,92,0.9456521739130435,492.1630434782609,99,0.9494949494949495,486.65656565656565,272,0.9227941176470589,484.6507352941176,6322,6322,331.2908630371094
N,16,1983430192,0.0001,1085440,282,0.9893617021276596,496.4326241134752,138,1.0,500.0,93,1.0,500.0,95,1.0,500.0,96,1.0,500.0,92,0.9891304347826086,495.5326086956522,99,0.9595959595959596,489.34343434343435,272,0.9007352941176471,479.7610294117647,6322,6322,331.2908630371094
N,16,1983430192,0.0001,1105920,282,0.9432624113475178,486.52836879432624,138,0.9782608695652174,493.463768115942,93,0.978494623655914,491.55913978494624,95,0.9578947368421052,484.33684210526314,96,0.9895833333333334,495.7604166666667,92,0.9239130434782609,486.54347826086956,99,0.8686868686868687,454.3030303030303,272,0.8161764705882353,457.21691176470586,6322,6322,331.2908630371094
N,16,1983430192,0.0001,1126400,282,0.9787234042553191,495.8829787234043,138,1.0,500.0,93,1.0,500.0,95,1.0,500.0,96,1.0,500.0,92,0.9782608695652174,495.07608695652175,99,0.9797979797979798,495.35353535353534,272,0.9154411764705882,482.93382352941177,6322,6322,331.2908630371094
N,16,1983430192,0.0001,1146880,282,0.7836879432624113,469.29432624113474,138,0.8840579710144928,488.0869565217391,93,0.8494623655913979,478.4301075268817,95,0.8421052631578947,478.5578947368421,96,0.8541666666666666,482.3229166666667,92,0.8260869565217391,479.7826086956522,99,0.7171717171717171,448.24242424242425,272,0.8161764705882353,475.84558823529414,6322,6322,331.2908630371094
N,16,1983430192,0.0001,1167360,282,0.9184397163120568,488.3333333333333,138,1.0,500.0,93,0.989247311827957,495.8817204301075,95,0.9894736842105263,499.4736842105263,96,0.96875,498.3020833333333,92,0.9130434782608695,489.0,99,0.8787878787878788,473.969696969697,272,0.9154411764705882,484.4595588235294,6322,6322,331.2908630371094
N,16,1983430192,0.0001,1187840,282,0.975177304964539,496.3085106382979,138,1.0,500.0,93,1.0,500.0,95,1.0,500.0,96,1.0,500.0,92,0.9782608695652174,495.2608695652174,99,0.9696969696969697,492.32323232323233,272,0.9522058823529411,491.0845588235294,6322,6322,331.2908630371094
N,16,1983430192,0.0001,1208320,282,0.9645390070921985,494.13829787234044,138,0.9855072463768116,498.4855072463768,93,0.978494623655914,496.13978494623655,95,0.9894736842105263,498.46315789473687,96,1.0,500.0,92,0.9456521739130435,494.85869565217394,99,0.9494949494949495,492.8888888888889,272,0.9411764705882353,490.24264705882354,6322,6322,331.2908630371094
N,16,1983430192,0.0001,1228800,282,0.8652482269503546,487.3014184397163,138,0.927536231884058,494.0869565217391,93,0.8924731182795699,487.16129032258067,95,0.9263157894736842,492.4315789473684,96,0.9270833333333334,493.375,92,0.8804347826086957,486.19565217391306,99,0.8383838383838383,476.2121212121212,272,0.875,482.84558823529414,6322,6322,331.2908630371094
N,17,1674587028,0.0001,0,282,0.0,28.411347517730498,138,0.0,29.608695652173914,93,0.0,32.24731182795699,95,0.0,30.642105263157895,96,0.0,49.03125,92,0.0,24.293478260869566,99,0.0,25.77777777777778,272,0.0,33.63970588235294,6944,6944,322.73149394989014
N,17,1674587028,0.0001,20480,282,0.03546099290780142,81.90070921985816,138,0.007246376811594203,69.94202898550725,93,0.010752688172043012,70.24731182795699,95,0.010526315789473684,67.62105263157895,96,0.0,91.28125,92,0.010869565217391304,81.6304347826087,99,0.010101010101010102,56.0,272,0.014705882352941176,102.8345588235294,6944,6944,322.73149394989014
N,17,1674587028,0.0001,40960,282,0.01773049645390071,93.13829787234043,138,0.014492753623188406,89.65217391304348,93,0.0,88.73118279569893,95,0.0,83.83157894736843,96,0.041666666666666664,107.57291666666667,92,0.03260869565217391,105.65217391304348,99,0.010101010101010102,72.48484848484848,272,0.022058823529411766,114.29411764705883,6944,6944,322.73149394989014
N,17,1674587028,0.0001,61440,282,0.22695035460992907,278.2695035460993,138,0.15942028985507245,266.3985507246377,93,0.1827956989247312,275.0752688172043,95,0.2,259.2631578947368,96,0.25,290.4895833333333,92,0.18478260869565216,277.39130434782606,99,0.1919191919191919,220.2929292929293,272,0.21323529411764705,292.0845588235294,6944,6944,322.73149394989014
N,17,1674587028,0.0001,81920,282,0.1276595744680851,262.9645390070922,138,0.07971014492753623,254.3840579710145,93,0.053763440860215055,250.20430107526883,95,0.09473684210526316,239.4,96,0.11458333333333333,253.9375,92,0.15217391304347827,260.9891304347826,99,0.030303030303030304,203.92929292929293,272,0.1213235294117647,288.6139705882353,6944,6944,322.73149394989014
N,17,1674587028,0.0001,102400,282,0.24468085106382978,316.6099290780142,138,0.21014492753623187,324.2028985507246,93,0.21505376344086022,317.55913978494624,95,0.1368421052631579,298.42105263157896,96,0.21875,315.84375,92,0.21739130434782608,312.7391304347826,99,0.08080808080808081,248.86868686868686,272,0.28308823529411764,351.0,6944,6944,322.73149394989014
N,17,1674587028,0.0001,122880,282,0.3262411347517731,356.79787234042556,138,0.2971014492753623,359.6231884057971,93,0.2903225806451613,357.26881720430106,95,0.23157894736842105,331.5684210526316,96,0.2708333333333333,352.8333333333333,92,0.33695652173913043,351.80434782608694,99,0.1919191919191919,285.14141414141415,272,0.4227941176470588,381.375,6944,6944,322.73149394989014
N,17,1674587028,0.0001,143360,282,0.07801418439716312,236.4822695035461,138,0.028985507246376812,223.6159420289855,93,0.043010752688172046,222.3548387096774,95,0.06315789473684211,213.33684210526314,96,0.09375,227.60416666666666,92,0.10869565217391304,237.45652173913044,99,0.020202020202020204,186.94949494949495,272,0.09191176470588236,263.75,6944,6944,322.73149394989014
N,17,1674587028,0.0001,163840,282,0.0673758865248227,227.3758865248227,138,0.043478260869565216,219.8840579710145,93,0.043010752688172046,216.25806451612902,95,0.06315789473684211,209.85263157894738,96,0.07291666666666667,221.34375,92,0.07608695652173914,228.4673913043478,99,0.020202020202020204,187.33333333333334,272,0.06985294117647059,254.75367647058823,6944,6944,322.73149394989014
N,17,1674587028,0.0001,184320,282,0.09929078014184398,235.56737588652481,138,0.057971014492753624,231.81159420289856,93,0.06451612903225806,226.4731182795699,95,0.031578947368421054,211.97894736842105,96,0.0625,228.41666666666666,92,0.11956521739130435,232.05434782608697,99,0.04040404040404041,186.56565656565655,272,0.07720588235294118,250.86764705882354,6944,6944,322.73149394989014
N,17,1674587028,0.0001,204800,282,0.07446808510638298,242.57801418439718,138,0.06521739130434782,245.96376811594203,93,0.021505376344086023,233.20430107526883,95,0.021052631578947368,231.42105263157896,96,0.052083333333333336,247.52083333333334,92,0.13043478260869565,255.2608695652174,99,0.030303030303030304,209.40404040404042,272,0.051470588235294115,249.99264705882354,6944,6944,322.73149394989014
N,17,1674587028,0.0001,225280,282,0.38652482269503546,373.1843971631206,138,0.35507246376811596,384.27536231884056,93,0.3548387096774194,371.752688172043,95,0.3684210526315789,374.29473684210524,96,0.3958333333333333,375.8020833333333,92,0.391304347826087,381.75,99,0.23232323232323232,315.5050505050505,272,0.35661764705882354,386.09558823529414,6944,6944,322.73149394989014
N,17,1674587028,0.0001,245760,282,0.45390070921985815,388.75531914893617,138,0.427536231884058,396.8333333333333,93,0.40860215053763443,385.64516129032256,95,0.3473684210526316,368.0736842105263,96,0.3854166666666667,389.6666666666667,92,0.41304347826086957,386.64130434782606,99,0.2727272727272727,313.2323232323232,272,0.5257352941176471,409.48161764705884,6944,6944,322.73149394989014
N,17,1674587028,0.0001,266240,282,0.6808510638297872,445.09574468085106,138,0.717391304347826,462.4347826086956,93,0.6774193548387096,450.06451612903226,95,0.6421052631578947,454.18947368421055,96,0.6770833333333334,453.3125,92,0.7391304347826086,450.9891304347826,99,0.5353535353535354,394.5151515151515,272,0.7316176470588235,452.0404411764706,6944,6944,322.73149394989014
N,17,1674587028,0.0001,286720,282,0.9042553191489362,485.48581560283685,138,0.9202898550724637,489.5507246376812,93,0.8387096774193549,481.8279569892473,95,0.8631578947368421,484.4842105263158,96,0.9270833333333334,491.5625,92,0.9239130434782609,489.6630434782609,99,0.8080808080808081,462.90909090909093,272,0.8345588235294118,472.9227941176471,6944,6944,322.73149394989014
N,17,1674587028,0.0001,307200,282,0.7304964539007093,461.0673758865248,138,0.6304347826086957,456.8623188405797,93,0.6129032258064516,455.16129032258067,95,0.6,451.0421052631579,96,0.6666666666666666,464.7708333333333,92,0.6521739130434783,459.2391304347826,99,0.6161616161616161,430.1818181818182,272,0.6286764705882353,458.2022058823529,6944,6944,322.73149394989014
N,17,1674587028,0.0001,327680,282,0.35106382978723405,374.07092198581563,138,0.30434782608695654,361.2028985507246,93,0.20430107526881722,347.3763440860215,95,0.24210526315789474,352.12631578947367,96,0.2916666666666667,367.8333333333333,92,0.34782608695652173,370.3804347826087,99,0.20202020202020202,313.44444444444446,272,0.20220588235294118,360.8639705882353,6944,6944,322.73149394989014
N,17,1674587028,0.0001,348160,282,0.8865248226950354,480.86524822695037,138,0.9492753623188406,493.5072463768116,93,0.9032258064516129,485.7096774193548,95,0.9368421052631579,494.1684210526316,96,0.9375,492.125,92,0.9239130434782609,485.7173913043478,99,0.8080808080808081,464.52525252525254,272,0.8419117647058824,475.6029411764706,6944,6944,322.73149394989014
N,17,1674587028,0.0001,368640,282,0.12411347517730496,259.1985815602837,138,0.09420289855072464,257.3623188405797,93,0.021505376344086023,242.72043010752688,95,0.09473684210526316,254.22105263157894,96,0.08333333333333333,264.4791666666667,92,0.18478260869565216,274.4673913043478,99,0.050505050505050504,217.96969696969697,272,0.11029411764705882,270.4117647058824,6944,6944,322.73149394989014
N,17,1674587028,0.0001,389120,282,0.1453900709219858,332.2340425531915,138,0.10144927536231885,330.1811594202899,93,0.10752688172043011,326.55913978494624,95,0.14736842105263157,342.93684210526317,96,0.07291666666666667,329.25,92,0.14130434782608695,338.4891304347826,99,0.16161616161616163,322.2828282828283,272,0.13602941176470587,333.13235294117646,6944,6944,322.73149394989014
N,17,1674587028,0.0001,409600,282,0.1595744680851064,348.6985815602837,138,0.13768115942028986,359.2028985507246,93,0.13978494623655913,352.247311827957,95,0.16842105263157894,360.7157894736842,96,0.09375,351.4166666666667,92,0.1956521739130435,357.79347826086956,99,0.1717171717171717,332.1515151515151,272,0.16176470588235295,355.2022058823529,6944,6944,322.73149394989014
N,17,1674587028,0.0001,430080,282,0.02127659574468085,180.01418439716312,138,0.014492753623188406,181.7463768115942,93,0.0,185.80645161290323,95,0.010526315789473684,192.74736842105264,96,0.0,176.9375,92,0.010869565217391304,181.19565217391303,99,0.030303030303030304,185.23232323232324,272,0.01838235294117647,181.34191176470588,6944,6944,322.73149394989014
N,17,1674587028,0.0001,450560,282,0.01773049645390071,179.72695035460993,138,0.007246376811594203,181.42028985507247,93,0.0,177.68817204301075,95,0.021052631578947368,194.7578947368421,96,0.0,176.92708333333334,92,0.043478260869565216,187.70652173913044,99,0.010101010101010102,182.65656565656565,272,0.01838235294117647,183.3125,6944,6944,322.73149394989014
N,17,1674587028,0.0001,471040,282,0.0425531914893617,232.48936170212767,138,0.021739130434782608,230.2608695652174,93,0.010752688172043012,223.4516129032258,95,0.05263157894736842,244.62105263157895,96,0.0,223.41666666666666,92,0.07608695652173914,242.06521739130434,99,0.06060606060606061,234.65656565656565,272,0.05514705882352941,234.0,6944,6944,322.73149394989014
N,17,1674587028,0.0001,491520,282,0.08156028368794327,251.40070921985816,138,0.057971014492753624,249.31884057971016,93,0.03225806451612903,236.5268817204301,95,0.07368421052631578,261.85263157894735,96,0.041666666666666664,248.96875,92,0.10869565217391304,261.0108695652174,99,0.10101010101010101,240.96969696969697,272,0.051470588235294115,252.93382352941177,6944,6944,322.73149394989014
N,17,1674587028,0.0001,512000,282,0.07801418439716312,255.1241134751773,138,0.043478260869565216,252.41304347826087,93,0.021505376344086023,237.16129032258064,95,0.09473684210526316,266.7473684210526,96,0.052083333333333336,254.77083333333334,92,0.08695652173913043,267.57608695652175,99,0.10101010101010101,245.59595959595958,272,0.051470588235294115,258.7352941176471,6944,6944,322.73149394989014
N,17,1674587028,0.0001,532480,282,0.0425531914893617,207.43617021276594,138,0.014492753623188406,209.8768115942029,93,0.010752688172043012,200.81720430107526,95,0.031578947368421054,219.67368421052632,96,0.0,208.625,92,0.06521739130434782,218.18478260869566,99,0.0707070707070707,211.2828282828283,272,0.029411764705882353,208.46691176470588,6944,6944,322.73149394989014
N,17,1674587028,0.0001,552960,282,0.07801418439716312,267.7588652482269,138,0.050724637681159424,263.0507246376812,93,0.053763440860215055,253.9784946236559,95,0.06315789473684211,279.10526315789474,96,0.03125,257.9895833333333,92,0.09782608695652174,278.17391304347825,99,0.12121212121212122,263.4949494949495,272,0.08455882352941177,268.8014705882353,6944,6944,322.73149394989014
N,17,1674587028,0.0001,573440,282,0.11347517730496454,307.9751773049645,138,0.06521739130434782,302.7463768115942,93,0.06451612903225806,296.6666666666667,95,0.11578947368421053,315.94736842105266,96,0.052083333333333336,297.6979166666667,92,0.09782608695652174,314.6521739130435,99,0.1717171717171717,302.16161616161617,272,0.11397058823529412,310.05514705882354,6944,6944,322.73149394989014
N,17,1674587028,0.0001,593920,282,0.18085106382978725,341.4078014184397,138,0.13043478260869565,340.54347826086956,93,0.12903225806451613,328.86021505376345,95,0.21052631578947367,350.90526315789475,96,0.09375,330.40625,92,0.22826086956521738,349.19565217391306,99,0.25252525252525254,325.6161616161616,272,0.17279411764705882,345.31617647058823,6944,6944,322.73149394989014
N,17,1674587028,0.0001,614400,282,0.11347517730496454,297.5,138,0.07971014492753623,291.9492753623188,93,0.07526881720430108,283.752688172043,95,0.10526315789473684,305.2421052631579,96,0.041666666666666664,283.71875,92,0.10869565217391304,302.4130434782609,99,0.1414141414141414,285.010101010101,272,0.11029411764705882,298.0404411764706,6944,6944,322.73149394989014
N,17,1674587028,0.0001,634880,282,0.20921985815602837,350.6276595744681,138,0.15942028985507245,348.1811594202899,93,0.13978494623655913,336.6236559139785,95,0.2,358.4,96,0.125,337.65625,92,0.21739130434782608,357.6847826086956,99,0.23232323232323232,328.04040404040404,272,0.1875,355.1102941176471,6944,6944,322.73149394989014
N,17,1674587028,0.0001,655360,282,0.16312056737588654,314.8333333333333,138,0.10869565217391304,315.6231884057971,93,0.08602150537634409,296.9462365591398,95,0.17894736842105263,325.41052631578947,96,0.09375,302.96875,92,0.17391304347826086,329.6847826086956,99,0.20202020202020202,298.2020202020202,272,0.13970588235294118,321.5257352941176,6944,6944,322.73149394989014
N,17,1674587028,0.0001,675840,282,0.05319148936170213,220.38297872340425,138,0.050724637681159424,221.52898550724638,93,0.010752688172043012,209.80645161290323,95,0.07368421052631578,231.18947368421053,96,0.020833333333333332,220.38541666666666,92,0.06521739130434782,226.70652173913044,99,0.0707070707070707,220.62626262626262,272,0.0625,227.39705882352942,6944,6944,322.73149394989014
N,17,1674587028,0.0001,696320,282,0.22695035460992907,396.02127659574467,138,0.21014492753623187,401.32608695652175,93,0.17204301075268819,392.21505376344084,95,0.23157894736842105,404.3157894736842,96,0.17708333333333334,389.34375,92,0.25,398.39130434782606,99,0.26262626262626265,379.7979797979798,272,0.2647058823529412,400.73161764705884,6944,6944,322.73149394989014
N,17,1674587028,0.0001,716800,282,0.6028368794326241,450.31205673758865,138,0.6304347826086957,464.77536231884056,93,0.6129032258064516,457.6666666666667,95,0.6105263157894737,459.66315789473686,96,0.53125,450.0520833333333,92,0.6413043478260869,456.14130434782606,99,0.5959595959595959,429.8989898989899,272,0.6654411764705882,456.53308823529414,6944,6944,322.73149394989014
N,17,1674587028,0.0001,737280,282,0.574468085106383,444.09574468085106,138,0.6304347826086957,463.0217391304348,93,0.6236559139784946,455.9247311827957,95,0.5894736842105263,451.9789473684211,96,0.5208333333333334,448.6770833333333,92,0.6304347826086957,455.1195652173913,99,0.5656565656565656,428.969696969697,272,0.6433823529411765,454.4007352941176,6944,6944,322.73149394989014
N,17,1674587028,0.0001,757760,282,0.19858156028368795,362.0851063829787,138,0.14492753623188406,368.9855072463768,93,0.13978494623655913,355.4623655913978,95,0.16842105263157894,370.42105263157896,96,0.10416666666666667,356.78125,92,0.21739130434782608,375.8478260869565,99,0.23232323232323232,347.3838383838384,272,0.21323529411764705,373.6470588235294,6944,6944,322.73149394989014
N,17,1674587028,0.0001,778240,282,0.09929078014184398,303.98936170212767,138,0.050724637681159424,297.0144927536232,93,0.053763440860215055,290.98924731182797,95,0.042105263157894736,309.09473684210525,96,0.0625,295.65625,92,0.08695652173913043,311.7608695652174,99,0.15151515151515152,298.5656565656566,272,0.13970588235294118,314.7095588235294,6944,6944,322.73149394989014
N,17,1674587028,0.0001,798720,282,0.03900709219858156,227.03191489361703,138,0.007246376811594203,219.07971014492753,93,0.021505376344086023,220.55913978494624,95,0.010526315789473684,231.73684210526315,96,0.010416666666666666,219.11458333333334,92,0.021739130434782608,225.58695652173913,99,0.09090909090909091,234.5050505050505,272,0.058823529411764705,234.64705882352942,6944,6944,322.73149394989014
N,17,1674587028,0.0001,819200,282,0.0425531914893617,242.2304964539007,138,0.007246376811594203,234.15942028985506,93,0.010752688172043012,233.76344086021504,95,0.010526315789473684,246.1157894736842,96,0.020833333333333332,233.40625,92,0.021739130434782608,239.0,99,0.0707070707070707,247.0909090909091,272,0.0625,248.4375,6944,6944,322.73149394989014
N,17,1674587028,0.0001,839680,282,0.04609929078014184,232.71985815602838,138,0.021739130434782608,226.34782608695653,93,0.03225806451612903,228.34408602150538,95,0.031578947368421054,241.22105263157894,96,0.010416666666666666,223.45833333333334,92,0.043478260869565216,234.1304347826087,99,0.09090909090909091,239.44444444444446,272,0.0625,240.03676470588235,6944,6944,322.73149394989014
N,17,1674587028,0.0001,860160,282,0.031914893617021274,199.62056737588654,138,0.007246376811594203,194.65217391304347,93,0.021505376344086023,196.23655913978496,95,0.021052631578947368,207.42105263157896,96,0.020833333333333332,192.19791666666666,92,0.043478260869565216,200.05434782608697,99,0.09090909090909091,209.58585858585857,272,0.04044117647058824,206.73529411764707,6944,6944,322.73149394989014
N,17,1674587028,0.0001,880640,282,0.031914893617021274,208.82624113475177,138,0.014492753623188406,204.58695652173913,93,0.03225806451612903,207.66666666666666,95,0.031578947368421054,218.26315789473685,96,0.010416666666666666,202.375,92,0.021739130434782608,207.16304347826087,99,0.010101010101010102,209.86868686868686,272,0.04779411764705882,216.31617647058823,6944,6944,322.73149394989014
N,17,1674587028,0.0001,901120,282,0.028368794326241134,207.82624113475177,138,0.014492753623188406,203.85507246376812,93,0.021505376344086023,206.3548387096774,95,0.021052631578947368,217.16842105263157,96,0.010416666666666666,202.03125,92,0.021739130434782608,205.1195652173913,99,0.010101010101010102,207.95959595959596,272,0.04044117647058824,214.43382352941177,6944,6944,322.73149394989014
N,17,1674587028,0.0001,921600,282,0.031914893617021274,206.88297872340425,138,0.014492753623188406,201.93478260869566,93,0.021505376344086023,205.2688172043011,95,0.031578947368421054,215.81052631578947,96,0.010416666666666666,200.73958333333334,92,0.021739130434782608,203.67391304347825,99,0.010101010101010102,206.58585858585857,272,0.04411764705882353,213.48529411764707,6944,6944,322.73149394989014
N,17,1674587028,0.0001,942080,282,0.028368794326241134,206.90425531914894,138,0.014492753623188406,203.06521739130434,93,0.021505376344086023,207.04301075268816,95,0.021052631578947368,216.7578947368421,96,0.020833333333333332,201.35416666666666,92,0.021739130434782608,206.22826086956522,99,0.030303030303030304,212.4747474747475,272,0.04779411764705882,214.25367647058823,6944,6944,322.73149394989014
N,17,1674587028,0.0001,962560,282,0.04964539007092199,213.69148936170214,138,0.014492753623188406,207.5,93,0.0,203.38709677419354,95,0.042105263157894736,224.49473684210525,96,0.010416666666666666,204.79166666666666,92,0.05434782608695652,215.25,99,0.04040404040404041,216.1818181818182,272,0.051470588235294115,220.41176470588235,6944,6944,322.73149394989014
N,17,1674587028,0.0001,983040,282,0.05673758865248227,245.40425531914894,138,0.057971014492753624,243.52173913043478,93,0.053763440860215055,235.3548387096774,95,0.042105263157894736,253.61052631578949,96,0.03125,239.78125,92,0.09782608695652174,255.92391304347825,99,0.13131313131313133,242.6161616161616,272,0.0661764705882353,252.0183823529412,6944,6944,322.73149394989014
N,17,1674587028,0.0001,1003520,282,0.09219858156028368,269.709219858156,138,0.07246376811594203,269.463768115942,93,0.021505376344086023,253.08602150537635,95,0.08421052631578947,270.42105263157896,96,0.052083333333333336,265.8645833333333,92,0.13043478260869565,283.4673913043478,99,0.08080808080808081,237.54545454545453,272,0.125,288.1727941176471,6944,6944,322.73149394989014
N,17,1674587028,0.0001,1024000,282,0.22695035460992907,340.2304964539007,138,0.1956521739130435,343.90579710144925,93,0.10752688172043011,324.1505376344086,95,0.22105263157894736,344.4526315789474,96,0.1875,331.78125,92,0.29347826086956524,348.8478260869565,99,0.2222222222222222,307.25252525252523,272,0.21323529411764705,352.87867647058823,6944,6944,322.73149394989014
N,17,1674587028,0.0001,1044480,282,0.43617021276595747,399.81205673758865,138,0.47101449275362317,416.4130434782609,93,0.3870967741935484,399.80645161290323,95,0.43157894736842106,408.3263157894737,96,0.40625,394.2604166666667,92,0.45652173913043476,406.29347826086956,99,0.3434343434343434,366.47474747474746,272,0.45588235294117646,423.34191176470586,6944,6944,322.73149394989014
N,17,1674587028,0.0001,1064960,282,0.5531914893617021,431.65602836879435,138,0.6521739130434783,450.68840579710144,93,0.6021505376344086,435.6774193548387,95,0.5894736842105263,444.70526315789476,96,0.5625,426.6666666666667,92,0.6304347826086957,439.8369565217391,99,0.47474747474747475,393.2929292929293,272,0.6801470588235294,448.69117647058823,6944,6944,322.73149394989014
N,17,1674587028,0.0001,1085440,282,0.8971631205673759,484.09574468085106,138,0.9565217391304348,492.268115942029,93,0.9032258064516129,481.8817204301075,95,0.9578947368421052,492.58947368421053,96,0.9375,492.0104166666667,92,0.9130434782608695,487.9673913043478,99,0.8181818181818182,464.6363636363636,272,0.8786764705882353,480.03308823529414,6944,6944,322.73149394989014
N,17,1674587028,0.0001,1105920,282,0.6134751773049646,436.27659574468083,138,0.7101449275362319,458.3333333333333,93,0.7419354838709677,454.5376344086022,95,0.7263157894736842,455.7473684210526,96,0.59375,445.1145833333333,92,0.6630434782608695,450.14130434782606,99,0.5959595959595959,406.82828282828285,272,0.7132352941176471,450.47058823529414,6944,6944,322.73149394989014
N,17,1674587028,0.0001,1126400,282,0.9609929078014184,493.60283687943263,138,0.9855072463768116,495.94202898550725,93,0.967741935483871,492.7956989247312,95,0.9894736842105263,497.06315789473683,96,0.9895833333333334,499.5833333333333,92,0.9891304347826086,495.57608695652175,99,0.9494949494949495,488.1212121212121,272,0.9338235294117647,490.0882352941176,6944,6944,322.73149394989014
N,17,1674587028,0.0001,1146880,282,0.9361702127659575,489.76241134751774,138,0.9782608695652174,497.19565217391306,93,0.956989247311828,491.97849462365593,95,0.9894736842105263,496.86315789473684,96,0.9791666666666666,495.9166666666667,92,0.9456521739130435,492.30434782608694,99,0.898989898989899,482.8989898989899,272,0.9154411764705882,485.4595588235294,6944,6944,322.73149394989014
N,17,1674587028,0.0001,1167360,282,0.9716312056737588,496.1489361702128,138,0.9855072463768116,498.44202898550725,93,0.978494623655914,492.68817204301075,95,0.9894736842105263,498.13684210526316,96,1.0,500.0,92,0.9565217391304348,490.9673913043478,99,0.9494949494949495,492.3636363636364,272,0.9522058823529411,488.19485294117646,6944,6944,322.73149394989014
N,17,1674587028,0.0001,1187840,282,0.8829787234042553,483.4326241134752,138,0.9492753623188406,492.45652173913044,93,0.9032258064516129,482.0967741935484,95,0.9368421052631579,491.42105263157896,96,0.90625,488.46875,92,0.9021739130434783,486.0652173913044,99,0.8181818181818182,464.74747474747477,272,0.8529411764705882,478.5,6944,6944,322.73149394989014
N,17,1674587028,0.0001,1208320,282,0.8794326241134752,483.79432624113474,138,0.9565217391304348,494.82608695652175,93,0.9354838709677419,486.1505376344086,95,0.9578947368421052,492.2842105263158,96,0.9375,490.1458333333333,92,0.8804347826086957,480.8695652173913,99,0.8585858585858586,475.73737373737373,272,0.8823529411764706,482.2647058823529,6944,6944,322.73149394989014
N,17,1674587028,0.0001,1228800,282,0.9716312056737588,495.8581560283688,138,0.9927536231884058,497.7173913043478,93,0.978494623655914,494.6236559139785,95,0.9894736842105263,497.05263157894734,96,0.9895833333333334,499.8541666666667,92,0.9782608695652174,493.79347826086956,99,0.9393939393939394,488.72727272727275,272,0.9375,489.19485294117646,6944,6944,322.73149394989014
N,18,4039552264,0.0001,0,282,0.0,11.0177304964539,138,0.0,13.884057971014492,93,0.0,16.06451612903226,95,0.0,13.094736842105263,96,0.0,14.40625,92,0.0,11.956521739130435,99,0.0,10.02020202020202,272,0.0,12.102941176470589,5998,5998,321.87732791900635
N,18,4039552264,0.0001,20480,282,0.010638297872340425,64.16312056737588,138,0.0,61.92028985507246,93,0.0,61.53763440860215,95,0.0,60.705263157894734,96,0.041666666666666664,82.75,92,0.03260869565217391,79.05434782608695,99,0.0,47.97979797979798,272,0.029411764705882353,85.20220588235294,5998,5998,321.87732791900635
N,18,4039552264,0.0001,40960,282,0.01773049645390071,85.25886524822695,138,0.0,80.72463768115942,93,0.0,81.91397849462365,95,0.010526315789473684,77.78947368421052,96,0.041666666666666664,108.26041666666667,92,0.03260869565217391,97.8913043478261,99,0.020202020202020204,70.21212121212122,272,0.04044117647058824,114.19852941176471,5998,5998,321.87732791900635
N,18,4039552264,0.0001,61440,282,0.3546099290780142,286.33687943262413,138,0.42028985507246375,300.60869565217394,93,0.4946236559139785,320.89247311827955,95,0.3684210526315789,273.4526315789474,96,0.5,329.25,92,0.3695652173913043,291.9673913043478,99,0.2222222222222222,211.46464646464648,272,0.36764705882352944,307.63235294117646,5998,5998,321.87732791900635
N,18,4039552264,0.0001,81920,282,0.24822695035460993,336.2411347517731,138,0.21014492753623187,343.6159420289855,93,0.17204301075268819,332.9569892473118,95,0.17894736842105263,322.65263157894736,96,0.22916666666666666,339.3541666666667,92,0.22826086956521738,333.8804347826087,99,0.12121212121212122,275.1313131313131,272,0.27205882352941174,356.69485294117646,5998,5998,321.87732791900635
N,18,4039552264,0.0001,102400,282,0.12056737588652482,266.7730496453901,138,0.06521739130434782,264.3478260869565,93,0.053763440860215055,257.2903225806452,95,0.10526315789473684,251.05263157894737,96,0.11458333333333333,268.71875,92,0.10869565217391304,258.9782608695652,99,0.04040404040404041,207.03030303030303,272,0.11397058823529412,285.51838235294116,5998,5998,321.87732791900635
N,18,4039552264,0.0001,122880,282,0.0673758865248227,230.2340425531915,138,0.036231884057971016,223.31159420289856,93,0.03225806451612903,217.79569892473117,95,0.06315789473684211,213.32631578947368,96,0.08333333333333333,226.26041666666666,92,0.09782608695652174,231.3804347826087,99,0.010101010101010102,181.40404040404042,272,0.06985294117647059,253.75,5998,5998,321.87732791900635
N,18,4039552264,0.0001,143360,282,0.09574468085106383,282.1985815602837,138,0.043478260869565216,271.6014492753623,93,0.08602150537634409,276.23655913978496,95,0.10526315789473684,266.0210526315789,96,0.07291666666666667,272.8020833333333,92,0.16304347826086957,282.35869565217394,99,0.09090909090909091,239.12121212121212,272,0.15808823529411764,309.1397058823529,5998,5998,321.87732791900635
N,18,4039552264,0.0001,163840,282,0.3120567375886525,343.59574468085106,138,0.2463768115942029,348.9855072463768,93,0.24731182795698925,343.9247311827957,95,0.22105263157894736,337.46315789473687,96,0.3125,351.1979166666667,92,0.2717391304347826,347.9673913043478,99,0.16161616161616163,287.010101010101,272,0.2757352941176471,355.70588235294116,5998,5998,321.87732791900635
N,18,4039552264,0.0001,184320,282,0.2801418439716312,330.49645390070924,138,0.2391304347826087,336.42028985507244,93,0.21505376344086022,327.59139784946234,95,0.18947368421052632,317.3263157894737,96,0.2604166666666667,333.4375,92,0.25,333.10869565217394,99,0.12121212121212122,263.80808080808083,272,0.2536764705882353,345.68014705882354,5998,5998,321.87732791900635
N,18,4039552264,0.0001,204800,282,0.17375886524822695,288.95390070921985,138,0.14492753623188406,293.7826086956522,93,0.07526881720430108,276.0860215053763,95,0.18947368421052632,304.0842105263158,96,0.1875,296.5520833333333,92,0.22826086956521738,304.92391304347825,99,0.1717171717171717,260.26262626262627,272,0.11764705882352941,286.55882352941177,5998,5998,321.87732791900635
N,18,4039552264,0.0001,225280,282,0.11347517730496454,245.9290780141844,138,0.06521739130434782,240.7608695652174,93,0.07526881720430108,233.9784946236559,95,0.042105263157894736,229.16842105263157,96,0.08333333333333333,241.51041666666666,92,0.10869565217391304,240.2826086956522,99,0.04040404040404041,190.55555555555554,272,0.09926470588235294,261.05514705882354,5998,5998,321.87732791900635
N,18,4039552264,0.0001,245760,282,0.0425531914893617,217.35106382978722,138,0.028985507246376812,210.59420289855072,93,0.03225806451612903,209.9247311827957,95,0.021052631578947368,202.55789473684212,96,0.052083333333333336,210.77083333333334,92,0.043478260869565216,220.77173913043478,99,0.020202020202020204,179.4848484848485,272,0.051470588235294115,245.92279411764707,5998,5998,321.87732791900635
N,18,4039552264,0.0001,266240,282,0.0425531914893617,216.8758865248227,138,0.014492753623188406,207.91304347826087,93,0.0,208.06451612903226,95,0.031578947368421054,204.73684210526315,96,0.0625,214.3125,92,0.09782608695652174,225.9673913043478,99,0.020202020202020204,179.63636363636363,272,0.04411764705882353,252.05514705882354,5998,5998,321.87732791900635
N,18,4039552264,0.0001,286720,282,0.20212765957446807,332.0744680851064,138,0.17391304347826086,333.6014492753623,93,0.17204301075268819,327.8817204301075,95,0.16842105263157894,313.62105263157895,96,0.13541666666666666,317.8125,92,0.1956521739130435,325.5217391304348,99,0.1414141414141414,277.8484848484849,272,0.28308823529411764,366.94117647058823,5998,5998,321.87732791900635
N,18,4039552264,0.0001,307200,282,0.07092198581560284,256.92198581560285,138,0.057971014492753624,252.08695652173913,93,0.021505376344086023,246.4516129032258,95,0.042105263157894736,243.85263157894738,96,0.052083333333333336,257.1145833333333,92,0.08695652173913043,255.69565217391303,99,0.050505050505050504,216.5151515151515,272,0.058823529411764705,273.49264705882354,5998,5998,321.87732791900635
N,18,4039552264,0.0001,327680,282,0.20567375886524822,329.42198581560285,138,0.12318840579710146,319.8985507246377,93,0.06451612903225806,302.80645161290323,95,0.12631578947368421,311.2105263157895,96,0.15625,328.3854166666667,92,0.20652173913043478,327.67391304347825,99,0.0707070707070707,277.34343434343435,272,0.06985294117647059,312.25367647058823,5998,5998,321.87732791900635
N,18,4039552264,0.0001,348160,282,0.9822695035460993,497.70567375886526,138,1.0,500.0,93,1.0,500.0,95,1.0,500.0,96,1.0,500.0,92,0.967391304347826,493.8152173913044,99,0.9393939393939394,491.3131313131313,272,0.8933823529411765,477.60661764705884,5998,5998,321.87732791900635
N,18,4039552264,0.0001,368640,282,0.24822695035460993,326.77659574468083,138,0.17391304347826086,326.3623188405797,93,0.15053763440860216,315.93548387096774,95,0.15789473684210525,317.61052631578946,96,0.19791666666666666,325.8854166666667,92,0.2608695652173913,331.29347826086956,99,0.1111111111111111,272.3030303030303,272,0.21691176470588236,338.06985294117646,5998,5998,321.87732791900635
N,18,4039552264,0.0001,389120,282,0.41134751773049644,415.70567375886526,138,0.39855072463768115,422.94202898550725,93,0.3118279569892473,413.752688172043,95,0.43157894736842106,423.88421052631577,96,0.375,413.9166666666667,92,0.4891304347826087,424.17391304347825,99,0.41414141414141414,393.17171717171715,272,0.3014705882352941,411.75367647058823,5998,5998,321.87732791900635
N,18,4039552264,0.0001,409600,282,0.48226950354609927,434.9326241134752,138,0.5289855072463768,449.036231884058,93,0.5268817204301075,447.96774193548384,95,0.5684210526315789,443.7157894736842,96,0.5104166666666666,443.6666666666667,92,0.5869565217391305,444.64130434782606,99,0.494949494949495,422.8989898989899,272,0.5183823529411765,441.55514705882354,5998,5998,321.87732791900635
N,18,4039552264,0.0001,430080,282,0.9964539007092199,498.48936170212767,138,0.9927536231884058,498.731884057971,93,1.0,500.0,95,1.0,500.0,96,1.0,500.0,92,0.9782608695652174,494.6630434782609,99,0.9696969696969697,490.83838383838383,272,0.9338235294117647,487.1654411764706,5998,5998,321.87732791900635
N,18,4039552264,0.0001,450560,282,0.9680851063829787,495.5177304964539,138,0.9927536231884058,499.6304347826087,93,0.978494623655914,495.0,95,0.9894736842105263,499.9263157894737,96,1.0,500.0,92,0.9565217391304348,491.0,99,0.9292929292929293,490.7070707070707,272,0.8970588235294118,481.3529411764706,5998,5998,321.87732791900635
N,18,4039552264,0.0001,471040,282,0.9858156028368794,496.40425531914894,138,0.9855072463768116,498.42753623188406,93,1.0,500.0,95,0.9894736842105263,498.46315789473687,96,1.0,500.0,92,0.9782608695652174,494.5326086956522,99,0.9797979797979798,496.5858585858586,272,0.9117647058823529,484.2977941176471,5998,5998,321.87732791900635
N,18,4039552264,0.0001,491520,282,0.5957446808510638,439.37943262411346,138,0.6159420289855072,456.5217391304348,93,0.6559139784946236,443.03225806451616,95,0.6,444.22105263157897,96,0.65625,450.6458333333333,92,0.6521739130434783,447.85869565217394,99,0.41414141414141414,384.06060606060606,272,0.7022058823529411,450.84191176470586,5998,5998,321.87732791900635
N,18,4039552264,0.0001,512000,282,0.9574468085106383,491.98936170212767,138,0.9855072463768116,498.40579710144925,93,0.989247311827957,495.741935483871,95,0.9894736842105263,496.7894736842105,96,1.0,500.0,92,0.967391304347826,494.1630434782609,99,0.9393939393939394,481.93939393939394,272,0.9007352941176471,479.8272058823529,5998,5998,321.87732791900635
N,18,4039552264,0.0001,532480,282,0.925531914893617,492.21985815602835,138,0.9710144927536232,497.90579710144925,93,0.967741935483871,497.55913978494624,95,0.9894736842105263,499.9263157894737,96,0.9583333333333334,498.0833333333333,92,0.9239130434782609,492.1195652173913,99,0.8484848484848485,478.4949494949495,272,0.9117647058823529,488.8125,5998,5998,321.87732791900635
N,18,4039552264,0.0001,552960,282,0.9787234042553191,496.3156028368794,138,0.9927536231884058,499.5144927536232,93,1.0,500.0,95,1.0,500.0,96,1.0,500.0,92,0.967391304347826,494.94565217391306,99,0.98989898989899,495.020202020202,272,0.9522058823529411,491.6139705882353,5998,5998,321.87732791900635
N,18,4039552264,0.0001,573440,282,0.9858156028368794,496.7304964539007,138,1.0,500.0,93,1.0,500.0,95,1.0,500.0,96,1.0,500.0,92,0.9782608695652174,495.2391304347826,99,1.0,500.0,272,0.9558823529411765,493.29411764705884,5998,5998,321.87732791900635
N,18,4039552264,0.0001,593920,282,0.9893617021276596,497.5851063829787,138,1.0,500.0,93,1.0,500.0,95,1.0,500.0,96,1.0,500.0,92,0.9782608695652174,495.0869565217391,99,0.9595959595959596,488.22222222222223,272,0.8970588235294118,478.1985294117647,5998,5998,321.87732791900635
N,18,4039552264,0.0001,614400,282,0.8687943262411347,481.8191489361702,138,0.9492753623188406,492.2028985507246,93,0.946236559139785,492.55913978494624,95,0.9578947368421052,492.10526315789474,96,0.9583333333333334,494.1354166666667,92,0.8586956521739131,484.0869565217391,99,0.8484848484848485,473.52525252525254,272,0.8897058823529411,481.4227941176471,5998,5998,321.87732791900635
N,18,4039552264,0.0001,634880,282,0.9929078014184397,497.5673758865248,138,1.0,500.0,93,1.0,500.0,95,1.0,500.0,96,1.0,500.0,92,0.9891304347826086,495.5,99,1.0,500.0,272,0.9044117647058824,479.4264705882353,5998,5998,321.87732791900635
N,18,4039552264,0.0001,655360,282,0.9680851063829787,491.8510638297872,138,1.0,500.0,93,0.989247311827957,495.73118279569894,95,1.0,500.0,96,1.0,500.0,92,0.967391304347826,493.2391304347826,99,0.9090909090909091,474.35353535353534,272,0.8639705882352942,472.1727941176471,5998,5998,321.87732791900635
N,18,4039552264,0.0001,675840,282,0.5567375886524822,438.34751773049646,138,0.6666666666666666,468.07971014492756,93,0.7526881720430108,468.4193548387097,95,0.6105263157894737,448.0736842105263,96,0.6354166666666666,456.2291666666667,92,0.5434782608695652,440.85869565217394,99,0.5353535353535354,402.1313131313131,272,0.6911764705882353,452.8345588235294,5998,5998,321.87732791900635
N,18,4039552264,0.0001,696320,282,0.648936170212766,425.09929078014187,138,0.5434782608695652,425.07246376811594,93,0.5483870967741935,417.4301075268817,95,0.5684210526315789,407.37894736842105,96,0.65625,434.3020833333333,92,0.5978260869565217,418.9673913043478,99,0.5454545454545454,387.7878787878788,272,0.5882352941176471,435.5992647058824,5998,5998,321.87732791900635
N,18,4039552264,0.0001,716800,282,0.925531914893617,491.3758865248227,138,0.9710144927536232,496.68840579710144,93,1.0,500.0,95,0.968421052631579,495.7368421052632,96,0.96875,498.3229166666667,92,0.9347826086956522,493.2608695652174,99,0.8787878787878788,485.83838383838383,272,0.9375,494.49264705882354,5998,5998,321.87732791900635
N,18,4039552264,0.0001,737280,282,0.9893617021276596,496.2163120567376,138,1.0,500.0,93,0.978494623655914,490.76344086021504,95,1.0,500.0,96,1.0,500.0,92,0.9891304347826086,495.25,99,0.98989898989899,495.4646464646465,272,0.9632352941176471,487.75735294117646,5998,5998,321.87732791900635
N,18,4039552264,0.0001,757760,282,0.5460992907801419,462.468085106383,138,0.6594202898550725,481.59420289855075,93,0.8064516129032258,485.16129032258067,95,0.6210526315789474,479.0105263157895,96,0.71875,487.3229166666667,92,0.6413043478260869,478.7717391304348,99,0.6262626262626263,458.3636363636364,272,0.7279411764705882,477.3860294117647,5998,5998,321.87732791900635
N,18,4039552264,0.0001,778240,282,0.1702127659574468,384.08156028368796,138,0.07246376811594203,370.5652173913044,93,0.10752688172043011,361.3440860215054,95,0.10526315789473684,368.65263157894736,96,0.11458333333333333,382.7395833333333,92,0.21739130434782608,391.8695652173913,99,0.2828282828282828,375.72727272727275,272,0.19852941176470587,380.6985294117647,5998,5998,321.87732791900635
N,18,4039552264,0.0001,798720,282,0.5460992907801419,467.0390070921986,138,0.6304347826086957,479.67391304347825,93,0.6451612903225806,478.63440860215053,95,0.6105263157894737,475.1578947368421,96,0.65625,484.53125,92,0.5869565217391305,473.1847826086956,99,0.6262626262626263,464.8989898989899,272,0.6875,469.5257352941176,5998,5998,321.87732791900635
N,18,4039552264,0.0001,819200,282,0.9042553191489362,489.29787234042556,138,0.9710144927536232,498.0289855072464,93,0.989247311827957,495.36559139784947,95,0.9263157894736842,494.7684210526316,96,1.0,500.0,92,0.9347826086956522,493.19565217391306,99,0.9090909090909091,490.1818181818182,272,0.9080882352941176,484.59558823529414,5998,5998,321.87732791900635
N,18,4039552264,0.0001,839680,282,0.9290780141843972,490.77659574468083,138,0.9710144927536232,497.8623188405797,93,0.989247311827957,495.3333333333333,95,0.9578947368421052,497.7894736842105,96,1.0,500.0,92,0.9021739130434783,490.2717391304348,99,0.9292929292929293,490.77777777777777,272,0.9191176470588235,485.9227941176471,5998,5998,321.87732791900635
N,18,4039552264,0.0001,860160,282,0.524822695035461,463.15602836879435,138,0.5942028985507246,478.0652173913044,93,0.6129032258064516,475.7741935483871,95,0.5578947368421052,467.4736842105263,96,0.625,480.15625,92,0.5978260869565217,476.0869565217391,99,0.5656565656565656,462.7070707070707,272,0.6433823529411765,468.2279411764706,5998,5998,321.87732791900635
N,18,4039552264,0.0001,880640,282,0.2375886524822695,409.0673758865248,138,0.13043478260869565,400.07971014492756,93,0.15053763440860216,390.5268817204301,95,0.15789473684210525,398.8,96,0.1875,416.0,92,0.22826086956521738,408.25,99,0.31313131313131315,391.06060606060606,272,0.25735294117647056,409.68014705882354,5998,5998,321.87732791900635
N,18,4039552264,0.0001,901120,282,0.1595744680851064,371.65248226950354,138,0.050724637681159424,351.9347826086956,93,0.07526881720430108,341.9032258064516,95,0.042105263157894736,350.66315789473686,96,0.125,368.2916666666667,92,0.1956521739130435,373.3804347826087,99,0.26262626262626265,360.45454545454544,272,0.1801470588235294,369.63235294117646,5998,5998,321.87732791900635
N,18,4039552264,0.0001,921600,282,0.07801418439716312,282.8156028368794,138,0.043478260869565216,256.84057971014494,93,0.043010752688172046,252.25806451612902,95,0.031578947368421054,256.8315789473684,96,0.052083333333333336,281.0833333333333,92,0.10869565217391304,277.0217391304348,99,0.16161616161616163,285.0808080808081,272,0.10661764705882353,274.8235294117647,5998,5998,321.87732791900635
N,18,4039552264,0.0001,942080,282,0.0425531914893617,212.77304964539007,138,0.021739130434782608,200.90579710144928,93,0.021505376344086023,195.6021505376344,95,0.031578947368421054,200.55789473684212,96,0.052083333333333336,226.97916666666666,92,0.010869565217391304,202.29347826086956,99,0.10101010101010101,220.68686868686868,272,0.08088235294117647,217.74632352941177,5998,5998,321.87732791900635
N,18,4039552264,0.0001,962560,282,0.028368794326241134,190.42198581560282,138,0.028985507246376812,184.53623188405797,93,0.010752688172043012,176.4516129032258,95,0.021052631578947368,181.98947368421054,96,0.03125,199.21875,92,0.03260869565217391,186.07608695652175,99,0.020202020202020204,183.9090909090909,272,0.08088235294117647,202.38970588235293,5998,5998,321.87732791900635
N,18,4039552264,0.0001,983040,282,0.04609929078014184,204.31914893617022,138,0.028985507246376812,193.7173913043478,93,0.0,179.3763440860215,95,0.05263157894736842,195.69473684210527,96,0.0,196.45833333333334,92,0.010869565217391304,204.55434782608697,99,0.04040404040404041,184.15151515151516,272,0.08455882352941177,212.5,5998,5998,321.87732791900635
N,18,4039552264,0.0001,1003520,282,0.05319148936170213,237.354609929078,138,0.050724637681159424,226.79710144927537,93,0.021505376344086023,210.78494623655914,95,0.042105263157894736,227.81052631578947,96,0.020833333333333332,234.73958333333334,92,0.09782608695652174,238.79347826086956,99,0.04040404040404041,218.010101010101,272,0.11029411764705882,244.3933823529412,5998,5998,321.87732791900635
N,18,4039552264,0.0001,1024000,282,0.14184397163120568,305.4078014184397,138,0.09420289855072464,282.1811594202899,93,0.06451612903225806,265.5806451612903,95,0.07368421052631578,278.5578947368421,96,0.15625,302.7083333333333,92,0.14130434782608695,299.6195652173913,99,0.1717171717171717,291.52525252525254,272,0.16544117647058823,302.36764705882354,5998,5998,321.87732791900635
N,18,4039552264,0.0001,1044480,282,0.37943262411347517,391.5673758865248,138,0.2246376811594203,369.2463768115942,93,0.16129032258064516,354.494623655914,95,0.25263157894736843,364.8,96,0.3229166666666667,381.5208333333333,92,0.3695652173913043,385.6304347826087,99,0.32323232323232326,360.4848484848485,272,0.3088235294117647,386.62867647058823,5998,5998,321.87732791900635
N,18,4039552264,0.0001,1064960,282,0.549645390070922,433.21276595744683,138,0.5144927536231884,439.8623188405797,93,0.4838709677419355,421.18279569892474,95,0.43157894736842106,422.4421052631579,96,0.3854166666666667,423.7395833333333,92,0.4673913043478261,428.8152173913044,99,0.36363636363636365,386.16161616161617,272,0.6213235294117647,448.5220588235294,5998,5998,321.87732791900635
N,18,4039552264,0.0001,1085440,282,0.48936170212765956,420.17021276595744,138,0.42028985507246375,419.1449275362319,93,0.41935483870967744,405.2043010752688,95,0.45263157894736844,402.4947368421053,96,0.3854166666666667,408.5833333333333,92,0.5108695652173914,415.2391304347826,99,0.37373737373737376,370.37373737373736,272,0.5625,433.7720588235294,5998,5998,321.87732791900635
N,18,4039552264,0.0001,1105920,282,0.9680851063829787,493.9929078014184,138,0.9927536231884058,499.4855072463768,93,1.0,500.0,95,1.0,500.0,96,1.0,500.0,92,0.9891304347826086,498.3369565217391,99,0.9797979797979798,499.4343434343434,272,0.9742647058823529,496.01838235294116,5998,5998,321.87732791900635
N,18,4039552264,0.0001,1126400,282,0.9964539007092199,499.8333333333333,138,1.0,500.0,93,1.0,500.0,95,1.0,500.0,96,1.0,500.0,92,1.0,500.0,99,1.0,500.0,272,0.9779411764705882,495.9742647058824,5998,5998,321.87732791900635
N,18,4039552264,0.0001,1146880,282,0.9929078014184397,497.22340425531917,138,1.0,500.0,93,1.0,500.0,95,1.0,500.0,96,1.0,500.0,92,0.9891304347826086,499.8478260869565,99,1.0,500.0,272,0.9742647058823529,494.96691176470586,5998,5998,321.87732791900635
N,18,4039552264,0.0001,1167360,282,0.9929078014184397,498.1418439716312,138,1.0,500.0,93,1.0,500.0,95,1.0,500.0,96,1.0,500.0,92,0.9782608695652174,495.2717391304348,99,1.0,500.0,272,0.9705882352941176,495.7867647058824,5998,5998,321.87732791900635
N,18,4039552264,0.0001,1187840,282,0.9929078014184397,496.97163120567376,138,1.0,500.0,93,0.989247311827957,495.5376344086022,95,1.0,500.0,96,1.0,500.0,92,0.9891304347826086,495.3369565217391,99,1.0,500.0,272,0.9816176470588235,493.5772058823529,5998,5998,321.87732791900635
N,18,4039552264,0.0001,1208320,282,0.9929078014184397,496.9503546099291,138,1.0,500.0,93,0.978494623655914,491.01075268817203,95,1.0,500.0,96,1.0,500.0,92,0.9891304347826086,495.29347826086956,99,1.0,500.0,272,0.9632352941176471,488.5514705882353,5998,5998,321.87732791900635
N,18,4039552264,0.0001,1228800,282,0.9893617021276596,495.3723404255319,138,1.0,500.0,93,0.978494623655914,490.73118279569894,95,1.0,500.0,96,1.0,500.0,92,0.9891304347826086,495.32608695652175,99,0.98989898989899,495.5353535353535,272,0.9669117647058824,487.15808823529414,5998,5998,321.87732791900635
N,19,1049467417,0.0001,0,282,0.0,13.00709219858156,138,0.0,18.666666666666668,93,0.0,22.86021505376344,95,0.0,17.33684210526316,96,0.0,18.40625,92,0.0,12.826086956521738,99,0.0,13.373737373737374,272,0.0,16.051470588235293,6650,6650,321.81810212135315
N,19,1049467417,0.0001,20480,282,0.024822695035460994,84.33687943262412,138,0.0,72.97826086956522,93,0.0,78.19354838709677,95,0.010526315789473684,72.07368421052631,96,0.0625,103.08333333333333,92,0.03260869565217391,88.80434782608695,99,0.0,59.282828282828284,272,0.07352941176470588,115.01838235294117,6650,6650,321.81810212135315
N,19,1049467417,0.0001,40960,282,0.028368794326241134,115.44326241134752,138,0.007246376811594203,112.5072463768116,93,0.010752688172043012,115.39784946236558,95,0.031578947368421054,113.32631578947368,96,0.07291666666666667,140.8125,92,0.06521739130434782,130.0108695652174,99,0.030303030303030304,92.8989898989899,272,0.07720588235294118,147.90073529411765,6650,6650,321.81810212135315
N,19,1049467417,0.0001,61440,282,0.2801418439716312,312.9148936170213,138,0.2971014492753623,331.1666666666667,93,0.2903225806451613,325.23655913978496,95,0.2,298.6,96,0.3020833333333333,332.65625,92,0.2717391304347826,323.5217391304348,99,0.13131313131313133,244.92929292929293,272,0.3161764705882353,334.89338235294116,6650,6650,321.81810212135315
N,19,1049467417,0.0001,81920,282,0.12056737588652482,263.9468085106383,138,0.057971014492753624,260.9855072463768,93,0.053763440860215055,255.21505376344086,95,0.08421052631578947,242.8736842105263,96,0.08333333333333333,259.9375,92,0.09782608695652174,256.39130434782606,99,0.06060606060606061,208.4949494949495,272,0.1213235294117647,282.55514705882354,6650,6650,321.81810212135315
N,19,1049467417,0.0001,102400,282,0.16312056737588654,282.43971631205676,138,0.13043478260869565,283.82608695652175,93,0.10752688172043011,273.06451612903226,95,0.09473684210526316,259.37894736842105,96,0.125,277.8229166666667,92,0.14130434782608695,275.60869565217394,99,0.06060606060606061,221.2929292929293,272,0.15808823529411764,302.2610294117647,6650,6650,321.81810212135315
N,19,1049467417,0.0001,122880,282,0.14184397163120568,262.031914893617,138,0.07246376811594203,256.0507246376812,93,0.0967741935483871,252.83870967741936,95,0.08421052631578947,241.09473684210528,96,0.10416666666666667,261.7916666666667,92,0.11956521739130435,255.0108695652174,99,0.050505050505050504,200.88888888888889,272,0.11764705882352941,280.1875,6650,6650,321.81810212135315
N,19,1049467417,0.0001,143360,282,0.09929078014184398,260.290780141844,138,0.050724637681159424,243.7536231884058,93,0.07526881720430108,249.38709677419354,95,0.09473684210526316,243.2842105263158,96,0.13541666666666666,261.03125,92,0.08695652173913043,263.4347826086956,99,0.09090909090909091,219.06060606060606,272,0.1323529411764706,273.91911764705884,6650,6650,321.81810212135315
N,19,1049467417,0.0001,163840,282,0.36524822695035464,357.50354609929076,138,0.26811594202898553,351.6231884057971,93,0.3010752688172043,351.3225806451613,95,0.29473684210526313,333.5684210526316,96,0.3229166666666667,358.1145833333333,92,0.32608695652173914,350.07608695652175,99,0.23232323232323232,285.5050505050505,272,0.29411764705882354,362.80514705882354,6650,6650,321.81810212135315
N,19,1049467417,0.0001,184320,282,0.2624113475177305,344.90070921985813,138,0.2028985507246377,331.1304347826087,93,0.13978494623655913,321.19354838709677,95,0.23157894736842105,334.5052631578947,96,0.28125,356.1458333333333,92,0.22826086956521738,346.39130434782606,99,0.16161616161616163,286.020202020202,272,0.13602941176470587,317.3345588235294,6650,6650,321.81810212135315
N,19,1049467417,0.0001,204800,282,0.74822695035461,463.8049645390071,138,0.7681159420289855,468.9855072463768,93,0.7634408602150538,464.39784946236557,95,0.6421052631578947,460.7684210526316,96,0.8020833333333334,474.71875,92,0.7391304347826086,464.6847826086956,99,0.5656565656565656,426.3131313131313,272,0.7169117647058824,449.47058823529414,6650,6650,321.81810212135315
N,19,1049467417,0.0001,225280,282,0.16312056737588654,278.97163120567376,138,0.10144927536231885,270.6014492753623,93,0.10752688172043011,267.6559139784946,95,0.11578947368421053,257.2,96,0.11458333333333333,269.5416666666667,92,0.17391304347826086,278.8152173913044,99,0.0707070707070707,218.78787878787878,272,0.1875,312.6617647058824,6650,6650,321.81810212135315
N,19,1049467417,0.0001,245760,282,0.1347517730496454,259.93617021276594,138,0.06521739130434782,248.47826086956522,93,0.053763440860215055,241.48387096774192,95,0.08421052631578947,233.43157894736842,96,0.10416666666666667,247.82291666666666,92,0.15217391304347827,257.6630434782609,99,0.030303030303030304,198.07070707070707,272,0.1323529411764706,285.7389705882353,6650,6650,321.81810212135315
N,19,1049467417,0.0001,266240,282,0.10283687943262411,270.1276595744681,138,0.07246376811594203,260.2536231884058,93,0.08602150537634409,264.36559139784947,95,0.11578947368421053,253.18947368421053,96,0.11458333333333333,266.5208333333333,92,0.13043478260869565,276.1630434782609,99,0.13131313131313133,232.13131313131314,272,0.12867647058823528,295.96691176470586,6650,6650,321.81810212135315
N,19,1049467417,0.0001,286720,282,0.04964539007092199,215.1418439716312,138,0.028985507246376812,201.07971014492753,93,0.043010752688172046,209.8709677419355,95,0.021052631578947368,198.53684210526316,96,0.052083333333333336,216.88541666666666,92,0.07608695652173914,221.1195652173913,99,0.050505050505050504,185.91919191919192,272,0.04044117647058824,233.88235294117646,6650,6650,321.81810212135315
N,19,1049467417,0.0001,307200,282,0.09574468085106383,262.26241134751774,138,0.050724637681159424,255.9855072463768,93,0.08602150537634409,255.29032258064515,95,0.06315789473684211,243.9157894736842,96,0.07291666666666667,251.38541666666666,92,0.14130434782608695,264.32608695652175,99,0.050505050505050504,218.83838383838383,272,0.1213235294117647,293.9375,6650,6650,321.81810212135315
N,19,1049467417,0.0001,327680,282,0.07092198581560284,235.98936170212767,138,0.028985507246376812,222.69565217391303,93,0.043010752688172046,229.44086021505376,95,0.042105263157894736,219.01052631578946,96,0.041666666666666664,235.14583333333334,92,0.08695652173913043,238.81521739130434,99,0.08080808080808081,202.46464646464648,272,0.051470588235294115,257.65808823529414,6650,6650,321.81810212135315
N,19,1049467417,0.0001,348160,282,0.03546099290780142,215.54255319148936,138,0.021739130434782608,209.4855072463768,93,0.0,195.94623655913978,95,0.031578947368421054,198.4842105263158,96,0.020833333333333332,211.59375,92,0.05434782608695652,216.05434782608697,99,0.050505050505050504,180.75757575757575,272,0.01838235294117647,206.44117647058823,6650,6650,321.81810212135315
N,19,1049467417,0.0001,368640,282,0.07092198581560284,249.7872340425532,138,0.050724637681159424,244.768115942029,93,0.053763440860215055,233.31182795698925,95,0.05263157894736842,233.78947368421052,96,0.052083333333333336,249.28125,92,0.08695652173913043,248.31521739130434,99,0.050505050505050504,205.82828282828282,272,0.03308823529411765,246.6066176470588,6650,6650,321.81810212135315
N,19,1049467417,0.0001,389120,282,0.45390070921985815,415.3156028368794,138,0.37681159420289856,404.3985507246377,93,0.3333333333333333,396.80645161290323,95,0.35789473684210527,393.46315789473687,96,0.4375,411.625,92,0.42391304347826086,407.3152173913044,99,0.2727272727272727,370.7878787878788,272,0.3235294117647059,403.18014705882354,6650,6650,321.81810212135315
N,19,1049467417,0.0001,409600,282,0.42907801418439717,405.3510638297872,138,0.36231884057971014,405.07246376811594,93,0.3978494623655914,395.9569892473118,95,0.37894736842105264,387.87368421052633,96,0.3541666666666667,400.90625,92,0.3695652173913043,392.7608695652174,99,0.24242424242424243,347.949494949495,272,0.47794117647058826,413.43382352941177,6650,6650,321.81810212135315
N,19,1049467417,0.0001,430080,282,0.7943262411347518,475.4148936170213,138,0.8768115942028986,487.2391304347826,93,0.7956989247311828,477.4623655913978,95,0.8421052631578947,485.8315789473684,96,0.84375,484.1770833333333,92,0.8369565217391305,476.60869565217394,99,0.6262626262626263,442.74747474747477,272,0.7830882352941176,465.74632352941177,6650,6650,321.81810212135315
N,19,1049467417,0.0001,450560,282,0.851063829787234,481.29432624113474,138,0.8913043478260869,488.9492753623188,93,0.8064516129032258,478.80645161290323,95,0.8210526315789474,486.4,96,0.8854166666666666,488.8958333333333,92,0.8586956521739131,484.0,99,0.7474747474747475,457.1515151515151,272,0.8051470588235294,468.64338235294116,6650,6650,321.81810212135315
N,19,1049467417,0.0001,471040,282,0.7659574468085106,467.35460992907804,138,0.7608695652173914,472.19565217391306,93,0.7204301075268817,462.4623655913978,95,0.6631578947368421,466.4842105263158,96,0.78125,474.4583333333333,92,0.7391304347826086,472.0108695652174,99,0.5656565656565656,437.2323232323232,272,0.7316176470588235,460.2867647058824,6650,6650,321.81810212135315
N,19,1049467417,0.0001,491520,282,0.8581560283687943,481.93971631205676,138,0.8188405797101449,483.8188405797101,93,0.8172043010752689,478.4301075268817,95,0.8,480.5157894736842,96,0.8854166666666666,489.5,92,0.8695652173913043,487.29347826086956,99,0.7878787878787878,462.04040404040404,272,0.8088235294117647,469.40808823529414,6650,6650,321.81810212135315
N,19,1049467417,0.0001,512000,282,0.9645390070921985,495.1241134751773,138,0.9855072463768116,498.1159420289855,93,0.967741935483871,496.2795698924731,95,0.9894736842105263,497.9157894736842,96,0.9791666666666666,498.15625,92,0.9565217391304348,492.3152173913044,99,0.8888888888888888,480.7070707070707,272,0.8897058823529411,480.9522058823529,6650,6650,321.81810212135315
N,19,1049467417,0.0001,532480,282,0.9893617021276596,497.8900709219858,138,1.0,500.0,93,1.0,500.0,95,1.0,500.0,96,1.0,500.0,92,0.9782608695652174,495.2717391304348,99,0.9797979797979798,491.1111111111111,272,0.8860294117647058,474.7757352941176,6650,6650,321.81810212135315
N,19,1049467417,0.0001,552960,282,0.9893617021276596,496.5886524822695,138,1.0,500.0,93,1.0,500.0,95,1.0,500.0,96,1.0,500.0,92,0.9891304347826086,495.55434782608694,99,0.9696969696969697,492.2020202020202,272,0.8933823529411765,475.56617647058823,6650,6650,321.81810212135315
N,19,1049467417,0.0001,573440,282,0.39361702127659576,375.0425531914894,138,0.39855072463768115,394.4855072463768,93,0.3548387096774194,383.0,95,0.43157894736842106,389.6736842105263,96,0.4479166666666667,380.125,92,0.4891304347826087,391.3804347826087,99,0.36363636363636365,338.90909090909093,272,0.375,392.97058823529414,6650,6650,321.81810212135315
N,19,1049467417,0.0001,593920,282,0.8297872340425532,479.5851063829787,138,0.8913043478260869,489.34057971014494,93,0.8817204301075269,483.7741935483871,95,0.8842105263157894,487.69473684210527,96,0.8958333333333334,488.25,92,0.8586956521739131,483.3152173913044,99,0.7474747474747475,461.27272727272725,272,0.8161764705882353,474.29411764705884,6650,6650,321.81810212135315
N,19,1049467417,0.0001,614400,282,0.9822695035460993,496.63829787234044,138,0.9927536231884058,499.84057971014494,93,0.989247311827957,495.81720430107526,95,1.0,500.0,96,1.0,500.0,92,0.967391304347826,493.64130434782606,99,0.9595959595959596,490.6363636363636,272,0.9007352941176471,480.10661764705884,6650,6650,321.81810212135315
N,19,1049467417,0.0001,634880,282,0.9042553191489362,475.3758865248227,138,0.9782608695652174,492.90579710144925,93,0.967741935483871,487.2795698924731,95,0.968421052631579,491.5684210526316,96,0.9791666666666666,491.5104166666667,92,0.9239130434782609,476.54347826086956,99,0.8484848484848485,446.62626262626264,272,0.8345588235294118,460.3345588235294,6650,6650,321.81810212135315
N,19,1049467417,0.0001,655360,282,0.8971631205673759,477.0886524822695,138,0.9420289855072463,491.4710144927536,93,0.946236559139785,488.0752688172043,95,0.8947368421052632,482.2105263157895,96,0.9791666666666666,491.46875,92,0.9130434782608695,478.9130434782609,99,0.7878787878787878,445.2121212121212,272,0.6911764705882353,433.8014705882353,6650,6650,321.81810212135315
N,19,1049467417,0.0001,675840,282,0.8333333333333334,450.00354609929076,138,0.9130434782608695,474.4855072463768,93,0.8924731182795699,459.9139784946237,95,0.9157894736842105,471.70526315789476,96,0.8958333333333334,466.9895833333333,92,0.8695652173913043,462.10869565217394,99,0.6767676767676768,401.2121212121212,272,0.7573529411764706,436.27941176470586,6650,6650,321.81810212135315
N,19,1049467417,0.0001,696320,282,0.9893617021276596,497.1063829787234,138,1.0,500.0,93,0.989247311827957,495.7741935483871,95,1.0,500.0,96,1.0,500.0,92,0.967391304347826,492.54347826086956,99,0.9595959595959596,489.7171717171717,272,0.8713235294117647,473.35661764705884,6650,6650,321.81810212135315
N,19,1049467417,0.0001,716800,282,0.8085106382978723,459.9148936170213,138,0.9130434782608695,481.55797101449275,93,0.9247311827956989,472.3010752688172,95,0.8736842105263158,467.6842105263158,96,0.90625,476.34375,92,0.8478260869565217,474.9347826086956,99,0.7272727272727273,419.6363636363636,272,0.8308823529411765,454.9595588235294,6650,6650,321.81810212135315
N,19,1049467417,0.0001,737280,282,0.7907801418439716,458.7304964539007,138,0.8985507246376812,479.57246376811594,93,0.8817204301075269,472.35483870967744,95,0.9052631578947369,475.33684210526314,96,0.90625,477.7604166666667,92,0.8695652173913043,476.95652173913044,99,0.6868686868686869,424.90909090909093,272,0.8235294117647058,463.55882352941177,6650,6650,321.81810212135315
N,19,1049467417,0.0001,757760,282,0.15602836879432624,305.51418439716315,138,0.10144927536231885,278.8623188405797,93,0.053763440860215055,264.1182795698925,95,0.07368421052631578,277.30526315789473,96,0.17708333333333334,309.65625,92,0.14130434782608695,305.2282608695652,99,0.18181818181818182,288.55555555555554,272,0.16176470588235295,292.8639705882353,6650,6650,321.81810212135315
N,19,1049467417,0.0001,778240,282,0.1524822695035461,299.8156028368794,138,0.09420289855072464,272.44202898550725,93,0.053763440860215055,255.23655913978496,95,0.08421052631578947,273.4947368421053,96,0.17708333333333334,305.3125,92,0.18478260869565216,299.0652173913044,99,0.16161616161616163,274.8686868686869,272,0.15441176470588236,283.61764705882354,6650,6650,321.81810212135315
N,19,1049467417,0.0001,798720,282,0.07446808510638298,236.354609929078,138,0.057971014492753624,224.15942028985506,93,0.03225806451612903,209.1290322580645,95,0.08421052631578947,224.50526315789475,96,0.0625,234.45833333333334,92,0.16304347826086957,251.1413043478261,99,0.09090909090909091,208.15151515151516,272,0.09191176470588236,235.1433823529412,6650,6650,321.81810212135315
N,19,1049467417,0.0001,819200,282,0.24822695035460993,367.01063829787233,138,0.10869565217391304,337.07246376811594,93,0.11827956989247312,333.23655913978496,95,0.16842105263157894,335.5684210526316,96,0.25,368.4895833333333,92,0.21739130434782608,351.5108695652174,99,0.30303030303030304,339.45454545454544,272,0.2426470588235294,353.40441176470586,6650,6650,321.81810212135315
N,19,1049467417,0.0001,839680,282,0.11702127659574468,305.2269503546099,138,0.050724637681159424,274.54347826086956,93,0.053763440860215055,265.63440860215053,95,0.042105263157894736,272.7263157894737,96,0.125,310.1666666666667,92,0.09782608695652174,301.1630434782609,99,0.1717171717171717,297.74747474747477,272,0.13970588235294118,290.3970588235294,6650,6650,321.81810212135315
N,19,1049467417,0.0001,860160,282,0.13829787234042554,297.04609929078015,138,0.08695652173913043,272.05797101449275,93,0.06451612903225806,253.0752688172043,95,0.09473684210526316,272.2,96,0.14583333333333334,297.09375,92,0.22826086956521738,301.5326086956522,99,0.1111111111111111,267.6666666666667,272,0.1323529411764706,285.3125,6650,6650,321.81810212135315
N,19,1049467417,0.0001,880640,282,0.06382978723404255,235.9290780141844,138,0.036231884057971016,221.15942028985506,93,0.03225806451612903,211.3763440860215,95,0.042105263157894736,223.7157894736842,96,0.09375,244.29166666666666,92,0.08695652173913043,243.25,99,0.0707070707070707,220.05050505050505,272,0.07352941176470588,230.14705882352942,6650,6650,321.81810212135315
N,19,1049467417,0.0001,901120,282,0.07092198581560284,226.75531914893617,138,0.050724637681159424,215.31159420289856,93,0.03225806451612903,202.50537634408602,95,0.031578947368421054,215.42105263157896,96,0.041666666666666664,226.09375,92,0.09782608695652174,234.33695652173913,99,0.06060606060606061,205.12121212121212,272,0.0625,222.52205882352942,6650,6650,321.81810212135315
N,19,1049467417,0.0001,921600,282,0.08865248226950355,249.3758865248227,138,0.036231884057971016,227.46376811594203,93,0.010752688172043012,216.13978494623655,95,0.05263157894736842,228.97894736842105,96,0.11458333333333333,255.02083333333334,92,0.10869565217391304,252.6413043478261,99,0.09090909090909091,233.97979797979798,272,0.07352941176470588,240.36764705882354,6650,6650,321.81810212135315
N,19,1049467417,0.0001,942080,282,0.34397163120567376,411.1241134751773,138,0.30434782608695654,414.42028985507244,93,0.3870967741935484,415.258064516129,95,0.3894736842105263,410.89473684210526,96,0.3333333333333333,421.8333333333333,92,0.391304347826087,409.75,99,0.31313131313131315,387.90909090909093,272,0.3272058823529412,417.05514705882354,6650,6650,321.81810212135315
N,19,1049467417,0.0001,962560,282,0.12056737588652482,344.6170212765957,138,0.043478260869565216,316.7173913043478,93,0.07526881720430108,316.76344086021504,95,0.06315789473684211,318.34736842105264,96,0.10416666666666667,344.2708333333333,92,0.15217391304347827,339.07608695652175,99,0.1414141414141414,329.04040404040404,272,0.17279411764705882,336.55514705882354,6650,6650,321.81810212135315
N,19,1049467417,0.0001,983040,282,0.06382978723404255,229.65248226950354,138,0.021739130434782608,212.41304347826087,93,0.0,202.74193548387098,95,0.042105263157894736,212.13684210526316,96,0.09375,241.07291666666666,92,0.05434782608695652,219.95652173913044,99,0.050505050505050504,221.83838383838383,272,0.06985294117647059,225.68382352941177,6650,6650,321.81810212135315
N,19,1049467417,0.0001,1003520,282,0.03546099290780142,211.145390070922,138,0.014492753623188406,196.6159420289855,93,0.0,189.63440860215053,95,0.031578947368421054,197.8842105263158,96,0.07291666666666667,224.13541666666666,92,0.043478260869565216,200.65217391304347,99,0.020202020202020204,204.6161616161616,272,0.051470588235294115,208.6691176470588,6650,6650,321.81810212135315
N,19,1049467417,0.0001,1024000,282,0.06028368794326241,285.5531914893617,138,0.014492753623188406,257.60869565217394,93,0.021505376344086023,259.19354838709677,95,0.010526315789473684,256.77894736842103,96,0.03125,286.9479166666667,92,0.05434782608695652,274.9782608695652,99,0.09090909090909091,280.4848484848485,272,0.08455882352941177,276.58088235294116,6650,6650,321.81810212135315
N,19,1049467417,0.0001,1044480,282,0.05673758865248227,251.32978723404256,138,0.021739130434782608,228.268115942029,93,0.021505376344086023,223.6236559139785,95,0.010526315789473684,228.9578947368421,96,0.041666666666666664,255.35416666666666,92,0.043478260869565216,240.80434782608697,99,0.09090909090909091,251.59595959595958,272,0.08455882352941177,244.29044117647058,6650,6650,321.81810212135315
N,19,1049467417,0.0001,1064960,282,0.04609929078014184,249.37234042553192,138,0.014492753623188406,225.8768115942029,93,0.010752688172043012,223.33333333333334,95,0.0,226.1578947368421,96,0.010416666666666666,250.35416666666666,92,0.03260869565217391,238.94565217391303,99,0.1111111111111111,253.22222222222223,272,0.0661764705882353,240.4816176470588,6650,6650,321.81810212135315
N,19,1049467417,0.0001,1085440,282,0.014184397163120567,205.56737588652481,138,0.014492753623188406,196.2173913043478,93,0.021505376344086023,192.68817204301075,95,0.010526315789473684,198.17894736842106,96,0.052083333333333336,223.48958333333334,92,0.0,197.18478260869566,99,0.050505050505050504,210.2828282828283,272,0.0661764705882353,206.93382352941177,6650,6650,321.81810212135315
N,19,1049467417,0.0001,1105920,282,0.05319148936170213,248.45390070921985,138,0.014492753623188406,230.8768115942029,93,0.010752688172043012,223.19354838709677,95,0.042105263157894736,232.29473684210527,96,0.08333333333333333,257.6666666666667,92,0.043478260869565216,244.02173913043478,99,0.050505050505050504,239.7070707070707,272,0.07352941176470588,240.92279411764707,6650,6650,321.81810212135315
N,19,1049467417,0.0001,1126400,282,0.05319148936170213,248.0035460992908,138,0.021739130434782608,229.36231884057972,93,0.010752688172043012,226.90322580645162,95,0.021052631578947368,228.45263157894738,96,0.03125,249.22916666666666,92,0.03260869565217391,241.27173913043478,99,0.050505050505050504,245.97979797979798,272,0.0625,236.8014705882353,6650,6650,321.81810212135315
N,19,1049467417,0.0001,1146880,282,0.10638297872340426,323.21985815602835,138,0.036231884057971016,300.27536231884056,93,0.053763440860215055,293.48387096774195,95,0.06315789473684211,300.41052631578947,96,0.08333333333333333,320.3854166666667,92,0.09782608695652174,319.05434782608694,99,0.1919191919191919,316.54545454545456,272,0.11397058823529412,315.7977941176471,6650,6650,321.81810212135315
N,19,1049467417,0.0001,1167360,282,0.1099290780141844,303.0921985815603,138,0.028985507246376812,279.5217391304348,93,0.053763440860215055,272.68817204301075,95,0.042105263157894736,277.70526315789476,96,0.09375,301.1770833333333,92,0.09782608695652174,300.89130434782606,99,0.15151515151515152,296.26262626262627,272,0.09558823529411764,288.6139705882353,6650,6650,321.81810212135315
N,19,1049467417,0.0001,1187840,282,0.05673758865248227,248.4468085106383,138,0.036231884057971016,234.02173913043478,93,0.03225806451612903,222.51612903225808,95,0.042105263157894736,233.30526315789473,96,0.09375,258.875,92,0.05434782608695652,247.4673913043478,99,0.08080808080808081,242.2929292929293,272,0.0625,240.67279411764707,6650,6650,321.81810212135315
N,19,1049467417,0.0001,1208320,282,0.04964539007092199,228.53546099290782,138,0.014492753623188406,207.81159420289856,93,0.0,206.66666666666666,95,0.0,208.56842105263158,96,0.020833333333333332,233.48958333333334,92,0.010869565217391304,214.7391304347826,99,0.06060606060606061,231.4848484848485,272,0.07720588235294118,225.50735294117646,6650,6650,321.81810212135315
N,19,1049467417,0.0001,1228800,282,0.04964539007092199,251.5709219858156,138,0.014492753623188406,227.03623188405797,93,0.010752688172043012,223.95698924731184,95,0.0,227.68421052631578,96,0.010416666666666666,252.40625,92,0.03260869565217391,240.4673913043478,99,0.1111111111111111,253.64646464646464,272,0.07352941176470588,243.54044117647058,6650,6650,321.81810212135315
N,20,2428662838,0.0001,0,282,0.0,13.287234042553191,138,0.0,16.731884057971016,93,0.0,19.86021505376344,95,0.0,15.810526315789474,96,0.0,16.25,92,0.0,13.652173913043478,99,0.0,12.707070707070708,272,0.0,13.544117647058824,7149,7149,316.7365849018097
N,20,2428662838,0.0001,20480,282,0.04964539007092199,89.85106382978724,138,0.0,73.26811594202898,93,0.0,75.90322580645162,95,0.0,71.0421052631579,96,0.020833333333333332,94.1875,92,0.021739130434782608,86.54347826086956,99,0.0,56.61616161616162,272,0.08088235294117647,115.8345588235294,7149,7149,316.7365849018097
N,20,2428662838,0.0001,40960,282,0.06028368794326241,143.88297872340425,138,0.0,130.5072463768116,93,0.010752688172043012,128.83870967741936,95,0.042105263157894736,131.42105263157896,96,0.0625,160.19791666666666,92,0.08695652173913043,148.6195652173913,99,0.010101010101010102,99.86868686868686,272,0.09191176470588236,160.59558823529412,7149,7149,316.7365849018097
N,20,2428662838,0.0001,61440,282,0.21631205673758866,289.54609929078015,138,0.14492753623188406,288.1666666666667,93,0.13978494623655913,284.2903225806452,95,0.18947368421052632,272.33684210526314,96,0.15625,295.0208333333333,92,0.2391304347826087,289.4130434782609,99,0.1111111111111111,220.62626262626262,272,0.23529411764705882,319.77941176470586,7149,7149,316.7365849018097
N,20,2428662838,0.0001,81920,282,0.22340425531914893,307.0354609929078,138,0.17391304347826086,300.8478260869565,93,0.12903225806451613,302.7204301075269,95,0.18947368421052632,285.81052631578945,96,0.19791666666666666,309.4895833333333,92,0.2608695652173913,307.30434782608694,99,0.1717171717171717,248.62626262626262,272,0.22426470588235295,325.41911764705884,7149,7149,316.7365849018097
N,20,2428662838,0.0001,102400,282,0.10283687943262411,265.5425531914894,138,0.050724637681159424,251.36231884057972,93,0.043010752688172046,255.4516129032258,95,0.11578947368421053,247.6,96,0.11458333333333333,264.5729166666667,92,0.16304347826086957,273.5,99,0.1111111111111111,221.1919191919192,272,0.13970588235294118,290.0110294117647,7149,7149,316.7365849018097
N,20,2428662838,0.0001,122880,282,0.1879432624113475,316.6843971631206,138,0.11594202898550725,306.3550724637681,93,0.13978494623655913,310.0860215053763,95,0.16842105263157894,297.1684210526316,96,0.16666666666666666,307.7291666666667,92,0.21739130434782608,314.9021739130435,99,0.1717171717171717,260.77777777777777,272,0.22794117647058823,337.4632352941176,7149,7149,316.7365849018097
N,20,2428662838,0.0001,143360,282,0.05673758865248227,229.79078014184398,138,0.028985507246376812,222.21014492753622,93,0.021505376344086023,220.9247311827957,95,0.042105263157894736,214.89473684210526,96,0.0625,234.39583333333334,92,0.06521739130434782,234.19565217391303,99,0.06060606060606061,198.989898989899,272,0.04411764705882353,241.24264705882354,7149,7149,316.7365849018097
N,20,2428662838,0.0001,163840,282,0.2198581560283688,318.28723404255317,138,0.16666666666666666,315.3478260869565,93,0.21505376344086022,314.80645161290323,95,0.2,300.3263157894737,96,0.16666666666666666,311.2083333333333,92,0.2608695652173913,317.04347826086956,99,0.15151515151515152,255.24242424242425,272,0.2867647058823529,351.0220588235294,7149,7149,316.7365849018097
N,20,2428662838,0.0001,184320,282,0.37943262411347517,368.25531914893617,138,0.2753623188405797,363.4855072463768,93,0.3010752688172043,360.8709677419355,95,0.3368421052631579,354.7684210526316,96,0.3541666666666667,370.8229166666667,92,0.3804347826086957,363.57608695652175,99,0.23232323232323232,306.52525252525254,272,0.27941176470588236,370.40808823529414,7149,7149,316.7365849018097
N,20,2428662838,0.0001,204800,282,0.18085106382978725,297.0744680851064,138,0.12318840579710146,298.2971014492754,93,0.11827956989247312,291.35483870967744,95,0.12631578947368421,278.0210526315789,96,0.16666666666666666,294.2604166666667,92,0.17391304347826086,290.69565217391306,99,0.08080808080808081,235.73737373737373,272,0.16544117647058823,315.125,7149,7149,316.7365849018097
N,20,2428662838,0.0001,225280,282,0.12411347517730496,260.18794326241135,138,0.07971014492753623,253.6086956521739,93,0.053763440860215055,246.46236559139786,95,0.08421052631578947,234.76842105263157,96,0.09375,250.28125,92,0.14130434782608695,257.2282608695652,99,0.030303030303030304,202.2828282828283,272,0.13602941176470587,286.06985294117646,7149,7149,316.7365849018097
N,20,2428662838,0.0001,245760,282,0.09219858156028368,262.02836879432624,138,0.050724637681159424,251.59420289855072,93,0.053763440860215055,257.97849462365593,95,0.08421052631578947,246.33684210526314,96,0.09375,256.6354166666667,92,0.11956521739130435,269.82608695652175,99,0.0707070707070707,221.56565656565655,272,0.13970588235294118,297.4852941176471,7149,7149,316.7365849018097
N,20,2428662838,0.0001,266240,282,0.12056737588652482,288.7340425531915,138,0.09420289855072464,280.7971014492754,93,0.08602150537634409,283.36559139784947,95,0.12631578947368421,272.42105263157896,96,0.11458333333333333,281.9375,92,0.15217391304347827,290.0978260869565,99,0.12121212121212122,243.64646464646464,272,0.15808823529411764,317.7757352941176,7149,7149,316.7365849018097
N,20,2428662838,0.0001,286720,282,0.13120567375886524,261.7588652482269,138,0.07971014492753623,253.7826086956522,93,0.043010752688172046,242.72043010752688,95,0.09473684210526316,235.10526315789474,96,0.08333333333333333,249.17708333333334,92,0.13043478260869565,253.91304347826087,99,0.030303030303030304,199.34343434343435,272,0.11029411764705882,282.9852941176471,7149,7149,316.7365849018097
N,20,2428662838,0.0001,307200,282,0.07801418439716312,246.96453900709218,138,0.06521739130434782,247.94202898550725,93,0.021505376344086023,240.1505376344086,95,0.010526315789473684,237.14736842105262,96,0.0625,253.04166666666666,92,0.13043478260869565,260.45652173913044,99,0.030303030303030304,207.17171717171718,272,0.0625,253.30514705882354,7149,7149,316.7365849018097
N,20,2428662838,0.0001,327680,282,0.1099290780141844,259.79787234042556,138,0.07246376811594203,253.69565217391303,93,0.03225806451612903,245.21505376344086,95,0.05263157894736842,235.30526315789473,96,0.0625,244.03125,92,0.09782608695652174,248.4673913043478,99,0.030303030303030304,205.8080808080808,272,0.08823529411764706,271.30882352941177,7149,7149,316.7365849018097
N,20,2428662838,0.0001,348160,282,0.01773049645390071,191.38297872340425,138,0.007246376811594203,186.7536231884058,93,0.010752688172043012,184.247311827957,95,0.010526315789473684,180.34736842105264,96,0.0,186.02083333333334,92,0.03260869565217391,185.31521739130434,99,0.030303030303030304,161.0,272,0.01838235294117647,200.19485294117646,7149,7149,316.7365849018097
N,20,2428662838,0.0001,368640,282,0.1276595744680851,275.79432624113474,138,0.07971014492753623,274.3623188405797,93,0.03225806451612903,259.81720430107526,95,0.042105263157894736,253.3684210526316,96,0.052083333333333336,266.2604166666667,92,0.07608695652173914,269.67391304347825,99,0.050505050505050504,224.06060606060606,272,0.11397058823529412,291.68014705882354,7149,7149,316.7365849018097
N,20,2428662838,0.0001,389120,282,0.24468085106382978,343.0531914893617,138,0.2318840579710145,349.9782608695652,93,0.1935483870967742,338.80645161290323,95,0.18947368421052632,340.69473684210527,96,0.20833333333333334,343.0416666666667,92,0.25,348.7717391304348,99,0.1717171717171717,301.35353535353534,272,0.20588235294117646,351.4595588235294,7149,7149,316.7365849018097
N,20,2428662838,0.0001,409600,282,0.04609929078014184,239.13120567375887,138,0.014492753623188406,237.40579710144928,93,0.0,227.7311827956989,95,0.07368421052631578,249.2421052631579,96,0.041666666666666664,244.89583333333334,92,0.09782608695652174,254.7826086956522,99,0.030303030303030304,214.76767676767676,272,0.014705882352941176,237.37132352941177,7149,7149,316.7365849018097
N,20,2428662838,0.0001,430080,282,0.12411347517730496,305.531914893617,138,0.10144927536231885,302.9130434782609,93,0.0967741935483871,297.7956989247312,95,0.15789473684210525,320.14736842105265,96,0.0625,299.6458333333333,92,0.11956521739130435,311.29347826086956,99,0.1414141414141414,293.83838383838383,272,0.0625,292.5147058823529,7149,7149,316.7365849018097
N,20,2428662838,0.0001,450560,282,0.028368794326241134,190.34751773049646,138,0.014492753623188406,193.41304347826087,93,0.0,189.58064516129033,95,0.021052631578947368,209.56842105263158,96,0.010416666666666666,189.9375,92,0.03260869565217391,199.8804347826087,99,0.010101010101010102,196.5151515151515,272,0.007352941176470588,185.8566176470588,7149,7149,316.7365849018097
N,20,2428662838,0.0001,471040,282,0.028368794326241134,198.1241134751773,138,0.014492753623188406,199.5,93,0.03225806451612903,203.11827956989248,95,0.0,212.74736842105264,96,0.010416666666666666,196.35416666666666,92,0.021739130434782608,202.3913043478261,99,0.050505050505050504,206.31313131313132,272,0.014705882352941176,193.33823529411765,7149,7149,316.7365849018097
N,20,2428662838,0.0001,491520,282,0.03546099290780142,195.38297872340425,138,0.007246376811594203,196.3840579710145,93,0.010752688172043012,194.95698924731184,95,0.021052631578947368,212.45263157894738,96,0.010416666666666666,193.34375,92,0.03260869565217391,202.0108695652174,99,0.020202020202020204,200.95959595959596,272,0.007352941176470588,191.72058823529412,7149,7149,316.7365849018097
N,20,2428662838,0.0001,512000,282,0.010638297872340425,156.23758865248226,138,0.014492753623188406,164.5,93,0.010752688172043012,162.19354838709677,95,0.0,166.2,96,0.0,160.82291666666666,92,0.0,157.0326086956522,99,0.030303030303030304,161.4747474747475,272,0.0,150.40073529411765,7149,7149,316.7365849018097
N,20,2428662838,0.0001,532480,282,0.0425531914893617,225.09929078014184,138,0.021739130434782608,226.34057971014494,93,0.010752688172043012,221.72043010752688,95,0.031578947368421054,239.8842105263158,96,0.010416666666666666,221.41666666666666,92,0.07608695652173914,238.8695652173913,99,0.050505050505050504,223.41414141414143,272,0.014705882352941176,218.59191176470588,7149,7149,316.7365849018097
N,20,2428662838,0.0001,552960,282,0.04964539007092199,223.20212765957447,138,0.021739130434782608,223.04347826086956,93,0.021505376344086023,216.34408602150538,95,0.031578947368421054,236.4,96,0.020833333333333332,226.73958333333334,92,0.08695652173913043,239.70652173913044,99,0.10101010101010101,223.34343434343435,272,0.011029411764705883,214.9889705882353,7149,7149,316.7365849018097
N,20,2428662838,0.0001,573440,282,0.08156028368794327,259.3262411347518,138,0.028985507246376812,255.09420289855072,93,0.021505376344086023,243.63440860215053,95,0.10526315789473684,272.6842105263158,96,0.07291666666666667,259.4375,92,0.09782608695652174,267.9782608695652,99,0.12121212121212122,250.2929292929293,272,0.022058823529411766,253.08455882352942,7149,7149,316.7365849018097
N,20,2428662838,0.0001,593920,282,0.05673758865248227,238.25531914893617,138,0.014492753623188406,238.34057971014494,93,0.010752688172043012,225.34408602150538,95,0.08421052631578947,255.41052631578947,96,0.07291666666666667,244.1875,92,0.10869565217391304,255.0326086956522,99,0.06060606060606061,231.11111111111111,272,0.022058823529411766,232.125,7149,7149,316.7365849018097
N,20,2428662838,0.0001,614400,282,0.07092198581560284,245.40070921985816,138,0.050724637681159424,246.18840579710144,93,0.010752688172043012,234.18279569892474,95,0.06315789473684211,260.70526315789476,96,0.041666666666666664,247.80208333333334,92,0.09782608695652174,256.57608695652175,99,0.1111111111111111,241.13131313131314,272,0.025735294117647058,238.36764705882354,7149,7149,316.7365849018097
N,20,2428662838,0.0001,634880,282,0.05673758865248227,240.01063829787233,138,0.021739130434782608,239.86231884057972,93,0.0,226.72043010752688,95,0.06315789473684211,254.2842105263158,96,0.052083333333333336,246.01041666666666,92,0.07608695652173914,252.8695652173913,99,0.050505050505050504,229.78787878787878,272,0.01838235294117647,238.4264705882353,7149,7149,316.7365849018097
N,20,2428662838,0.0001,655360,282,0.0425531914893617,228.9255319148936,138,0.021739130434782608,228.90579710144928,93,0.0,216.53763440860214,95,0.06315789473684211,243.03157894736842,96,0.052083333333333336,236.48958333333334,92,0.07608695652173914,241.27173913043478,99,0.050505050505050504,220.6060606060606,272,0.014705882352941176,227.70220588235293,7149,7149,316.7365849018097
N,20,2428662838,0.0001,675840,282,0.12056737588652482,297.18794326241135,138,0.07971014492753623,299.2536231884058,93,0.021505376344086023,280.16129032258067,95,0.16842105263157894,306.0,96,0.10416666666666667,293.5625,92,0.16304347826086957,308.9891304347826,99,0.13131313131313133,274.57575757575756,272,0.058823529411764705,290.6470588235294,7149,7149,316.7365849018097
N,20,2428662838,0.0001,696320,282,0.0425531914893617,235.89716312056737,138,0.028985507246376812,236.47101449275362,93,0.0,225.33333333333334,95,0.06315789473684211,251.3684210526316,96,0.041666666666666664,240.67708333333334,92,0.07608695652173914,248.33695652173913,99,0.050505050505050504,227.2020202020202,272,0.025735294117647058,234.70955882352942,7149,7149,316.7365849018097
N,20,2428662838,0.0001,716800,282,0.0425531914893617,224.98936170212767,138,0.014492753623188406,224.35507246376812,93,0.0,214.06451612903226,95,0.042105263157894736,240.38947368421051,96,0.041666666666666664,231.15625,92,0.06521739130434782,238.2391304347826,99,0.020202020202020204,216.37373737373738,272,0.01838235294117647,224.2683823529412,7149,7149,316.7365849018097
N,20,2428662838,0.0001,737280,282,0.05319148936170213,239.3758865248227,138,0.057971014492753624,240.7463768115942,93,0.03225806451612903,230.5268817204301,95,0.031578947368421054,249.38947368421051,96,0.03125,239.67708333333334,92,0.08695652173913043,249.33695652173913,99,0.10101010101010101,236.6969696969697,272,0.029411764705882353,232.9558823529412,7149,7149,316.7365849018097
N,20,2428662838,0.0001,757760,282,0.06382978723404255,238.67375886524823,138,0.021739130434782608,239.2463768115942,93,0.03225806451612903,231.8279569892473,95,0.010526315789473684,248.50526315789475,96,0.03125,236.94791666666666,92,0.07608695652173914,249.16304347826087,99,0.08080808080808081,236.13131313131314,272,0.029411764705882353,234.68014705882354,7149,7149,316.7365849018097
N,20,2428662838,0.0001,778240,282,0.031914893617021274,196.72340425531914,138,0.007246376811594203,199.731884057971,93,0.0,194.05376344086022,95,0.0,205.32631578947368,96,0.0,196.42708333333334,92,0.03260869565217391,202.43478260869566,99,0.04040404040404041,199.2020202020202,272,0.025735294117647058,196.375,7149,7149,316.7365849018097
N,20,2428662838,0.0001,798720,282,0.03900709219858156,207.88297872340425,138,0.028985507246376812,210.56521739130434,93,0.03225806451612903,206.95698924731184,95,0.010526315789473684,218.09473684210528,96,0.020833333333333332,206.0,92,0.043478260869565216,214.17391304347825,99,0.0707070707070707,211.40404040404042,272,0.022058823529411766,208.54779411764707,7149,7149,316.7365849018097
N,20,2428662838,0.0001,819200,282,0.024822695035460994,199.81205673758865,138,0.014492753623188406,202.68840579710144,93,0.03225806451612903,199.8279569892473,95,0.021052631578947368,210.55789473684212,96,0.0,197.48958333333334,92,0.03260869565217391,208.18478260869566,99,0.04040404040404041,201.86868686868686,272,0.014705882352941176,199.82720588235293,7149,7149,316.7365849018097
N,20,2428662838,0.0001,839680,282,0.028368794326241134,192.79787234042553,138,0.014492753623188406,194.96376811594203,93,0.0,190.79569892473117,95,0.0,199.31578947368422,96,0.010416666666666666,191.72916666666666,92,0.010869565217391304,195.18478260869566,99,0.04040404040404041,195.56565656565655,272,0.01838235294117647,193.10294117647058,7149,7149,316.7365849018097
N,20,2428662838,0.0001,860160,282,0.02127659574468085,183.70921985815602,138,0.0,183.4927536231884,93,0.0,181.34408602150538,95,0.021052631578947368,195.41052631578947,96,0.0,180.35416666666666,92,0.03260869565217391,189.06521739130434,99,0.020202020202020204,186.97979797979798,272,0.029411764705882353,185.79779411764707,7149,7149,316.7365849018097
N,20,2428662838,0.0001,880640,282,0.06028368794326241,232.02482269503545,138,0.043478260869565216,231.8840579710145,93,0.021505376344086023,222.36559139784947,95,0.021052631578947368,241.6421052631579,96,0.03125,230.9375,92,0.06521739130434782,240.67391304347825,99,0.10101010101010101,233.16161616161617,272,0.025735294117647058,227.3308823529412,7149,7149,316.7365849018097
N,20,2428662838,0.0001,901120,282,0.10638297872340426,278.40425531914894,138,0.06521739130434782,276.268115942029,93,0.021505376344086023,261.63440860215053,95,0.11578947368421053,286.86315789473684,96,0.07291666666666667,273.59375,92,0.10869565217391304,286.69565217391306,99,0.1414141414141414,265.6969696969697,272,0.058823529411764705,275.3014705882353,7149,7149,316.7365849018097
N,20,2428662838,0.0001,921600,282,0.1879432624113475,336.98581560283685,138,0.18840579710144928,343.57246376811594,93,0.13978494623655913,325.59139784946234,95,0.17894736842105263,344.8421052631579,96,0.1875,334.3229166666667,92,0.2826086956521739,345.60869565217394,99,0.15151515151515152,303.989898989899,272,0.18382352941176472,352.33088235294116,7149,7149,316.7365849018097
N,20,2428662838,0.0001,942080,282,0.4219858156028369,400.48581560283685,138,0.43478260869565216,416.8768115942029,93,0.3870967741935484,400.7956989247312,95,0.4105263157894737,409.4421052631579,96,0.4270833333333333,398.5104166666667,92,0.43478260869565216,413.7826086956522,99,0.35353535353535354,364.1818181818182,272,0.4411764705882353,419.37132352941177,7149,7149,316.7365849018097
N,20,2428662838,0.0001,962560,282,0.8156028368794326,475.8829787234043,138,0.8478260869565217,485.4710144927536,93,0.7956989247311828,472.3333333333333,95,0.8210526315789474,481.88421052631577,96,0.7916666666666666,480.6770833333333,92,0.8260869565217391,479.4021739130435,99,0.6868686868686869,453.83838383838383,272,0.8088235294117647,472.0,7149,7149,316.7365849018097
N,20,2428662838,0.0001,983040,282,0.6560283687943262,456.15248226950354,138,0.7101449275362319,467.84057971014494,93,0.6774193548387096,458.8709677419355,95,0.7052631578947368,466.2736842105263,96,0.59375,457.1666666666667,92,0.717391304347826,462.0869565217391,99,0.5858585858585859,428.52525252525254,272,0.7389705882352942,462.48161764705884,7149,7149,316.7365849018097
N,20,2428662838,0.0001,1003520,282,0.8794326241134752,487.0496453900709,138,0.9347826086956522,494.4347826086956,93,0.8817204301075269,486.3763440860215,95,0.9052631578947369,491.58947368421053,96,0.9375,493.5520833333333,92,0.9130434782608695,489.57608695652175,99,0.8080808080808081,473.26262626262627,272,0.875,479.68382352941177,7149,7149,316.7365849018097
N,20,2428662838,0.0001,1024000,282,0.9858156028368794,496.22340425531917,138,1.0,500.0,93,0.978494623655914,491.3440860215054,95,1.0,500.0,96,1.0,500.0,92,0.9782608695652174,494.82608695652175,99,1.0,500.0,272,0.9632352941176471,487.36764705882354,7149,7149,316.7365849018097
N,20,2428662838,0.0001,1044480,282,0.9858156028368794,496.48581560283685,138,1.0,500.0,93,0.978494623655914,491.5268817204301,95,1.0,500.0,96,1.0,500.0,92,0.9782608695652174,494.82608695652175,99,1.0,500.0,272,0.9669117647058824,488.2242647058824,7149,7149,316.7365849018097
N,20,2428662838,0.0001,1064960,282,0.9787234042553191,496.56028368794324,138,1.0,500.0,93,0.967741935483871,486.3333333333333,95,1.0,500.0,96,1.0,500.0,92,0.9891304347826086,495.2608695652174,99,0.98989898989899,495.45454545454544,272,0.9595588235294118,487.95588235294116,7149,7149,316.7365849018097
N,20,2428662838,0.0001,1085440,282,0.9964539007092199,499.36170212765956,138,1.0,500.0,93,0.989247311827957,495.60215053763443,95,1.0,500.0,96,1.0,500.0,92,1.0,500.0,99,1.0,500.0,272,0.9595588235294118,488.6764705882353,7149,7149,316.7365849018097
N,20,2428662838,0.0001,1105920,282,0.9716312056737588,495.0744680851064,138,0.9855072463768116,499.3695652173913,93,1.0,500.0,95,0.9894736842105263,499.70526315789476,96,1.0,500.0,92,0.9891304347826086,495.5869565217391,99,0.9797979797979798,499.4646464646465,272,0.9705882352941176,495.90808823529414,7149,7149,316.7365849018097
N,20,2428662838,0.0001,1126400,282,0.9929078014184397,497.2304964539007,138,1.0,500.0,93,1.0,500.0,95,1.0,500.0,96,1.0,500.0,92,0.9782608695652174,495.3804347826087,99,0.98989898989899,498.95959595959596,272,0.9742647058823529,495.51838235294116,7149,7149,316.7365849018097
N,20,2428662838,0.0001,1146880,282,0.9929078014184397,498.031914893617,138,1.0,500.0,93,1.0,500.0,95,1.0,500.0,96,1.0,500.0,92,0.9782608695652174,495.5,99,0.98989898989899,499.14141414141415,272,0.9742647058823529,495.56985294117646,7149,7149,316.7365849018097
N,20,2428662838,0.0001,1167360,282,0.6099290780141844,456.64539007092196,138,0.8478260869565217,486.6521739130435,93,0.8602150537634409,483.31182795698925,95,0.7473684210526316,481.93684210526317,96,0.8125,477.8645833333333,92,0.7391304347826086,473.5652173913044,99,0.6060606060606061,444.1313131313131,272,0.7977941176470589,475.5220588235294,7149,7149,316.7365849018097
N,20,2428662838,0.0001,1187840,282,0.8120567375886525,480.5921985815603,138,0.8985507246376812,489.44202898550725,93,0.946236559139785,493.4301075268817,95,0.8947368421052632,490.62105263157895,96,0.9791666666666666,496.75,92,0.8695652173913043,480.1195652173913,99,0.8080808080808081,472.14141414141415,272,0.8823529411764706,483.2647058823529,7149,7149,316.7365849018097
N,20,2428662838,0.0001,1208320,282,0.8156028368794326,482.58156028368796,138,0.8695652173913043,486.3188405797101,93,0.9139784946236559,493.9139784946237,95,0.8736842105263158,486.82105263157894,96,0.9375,493.0833333333333,92,0.8804347826086957,486.2282608695652,99,0.797979797979798,473.7070707070707,272,0.8713235294117647,480.8125,7149,7149,316.7365849018097
N,20,2428662838,0.0001,1228800,282,0.2127659574468085,391.7304964539007,138,0.2391304347826087,410.1304347826087,93,0.20430107526881722,406.9139784946237,95,0.25263157894736843,406.6421052631579,96,0.16666666666666666,394.1458333333333,92,0.2717391304347826,404.10869565217394,99,0.26262626262626265,379.9191919191919,272,0.3235294117647059,422.4485294117647,7149,7149,316.7365849018097
