config,seed,step,random/n,random/success,random/mean_steps,verifai/n,verifai/success,verifai/mean_steps,episodes,replays,wall_time_sec
paper_robust,1,0,293,0.4948805460750853,338.76450511945393,2000,0.0,500.0,3564,1774,73.00948023796082
paper_robust,1,49152,293,0.4948805460750853,338.76450511945393,2000,0.0,500.0,3564,1774,73.00948023796082
paper_robust,1,98304,293,0.757679180887372,214.17747440273038,2000,0.02,497.574,3564,1774,73.00948023796082
paper_robust,1,147456,293,0.8020477815699659,195.09215017064847,2000,0.0295,497.218,3564,1774,73.00948023796082
paper_robust,1,196608,293,0.9419795221843004,155.02047781569965,2000,0.0835,490.994,3564,1774,73.00948023796082
paper_robust,1,245760,293,0.9078498293515358,160.03412969283278,2000,0.0645,492.53,3564,1774,73.00948023796082
paper_robust,1,294912,293,0.4641638225255973,311.901023890785,2000,0.003,499.5695,3564,1774,73.00948023796082
paper_robust,1,344064,293,0.7849829351535836,198.79180887372013,2000,0.02,497.4125,3564,1774,73.00948023796082
paper_robust,1,393216,293,0.931740614334471,155.33105802047783,2000,0.0615,492.925,3564,1774,73.00948023796082
paper_robust,1,442368,293,0.9249146757679181,158.1877133105802,2000,0.0395,495.7475,3564,1774,73.00948023796082
paper_robust,1,491520,293,0.8771331058020477,166.5529010238908,2000,0.0255,496.7635,3564,1774,73.00948023796082
paper_maxmc,1,0,293,0.0,500.0,2000,0.0,500.0,4073,1948,79.91528296470642
paper_maxmc,1,49152,293,0.6348122866894198,249.76109215017064,2000,0.014,498.303,4073,1948,79.91528296470642
paper_maxmc,1,98304,293,0.8771331058020477,173.38566552901023,2000,0.0455,494.285,4073,1948,79.91528296470642
paper_maxmc,1,147456,293,0.9385665529010239,153.62457337883959,2000,0.0695,492.4725,4073,1948,79.91528296470642
paper_maxmc,1,196608,293,0.9010238907849829,165.3071672354949,2000,0.056,493.461,4073,1948,79.91528296470642
paper_maxmc,1,245760,293,0.9488054607508533,148.52901023890786,2000,0.076,491.962,4073,1948,79.91528296470642
paper_maxmc,1,294912,293,0.9522184300341296,150.5836177474403,2000,0.074,491.692,4073,1948,79.91528296470642
paper_maxmc,1,344064,293,0.8976109215017065,160.9419795221843,2000,0.0625,493.3895,4073,1948,79.91528296470642
paper_maxmc,1,393216,293,0.9488054607508533,148.2320819112628,2000,0.062,492.9595,4073,1948,79.91528296470642
paper_maxmc,1,442368,293,0.9556313993174061,146.9692832764505,2000,0.068,491.629,4073,1948,79.91528296470642
paper_maxmc,1,491520,293,0.9522184300341296,146.6825938566553,2000,0.072,492.2205,4073,1948,79.91528296470642
DR,1,0,293,0.0,500.0,2000,0.0,500.0,2613,0,80.20269894599915
DR,1,49152,293,0.9078498293515358,161.33788395904438,2000,0.0745,491.6815,2613,0,80.20269894599915
DR,1,98304,293,0.9385665529010239,155.0136518771331,2000,0.1015,489.0115,2613,0,80.20269894599915
DR,1,147456,293,0.9453924914675768,150.49488054607508,2000,0.095,488.573,2613,0,80.20269894599915
DR,1,196608,293,0.9453924914675768,152.09897610921502,2000,0.0975,487.522,2613,0,80.20269894599915
DR,1,245760,293,0.9385665529010239,156.2627986348123,2000,0.0905,489.3475,2613,0,80.20269894599915
DR,1,294912,293,0.8805460750853242,171.1877133105802,2000,0.0535,493.646,2613,0,80.20269894599915
DR,1,344064,293,0.8361774744027304,184.09556313993173,2000,0.04,494.7005,2613,0,80.20269894599915
DR,1,393216,293,0.9556313993174061,148.76450511945393,2000,0.1045,487.511,2613,0,80.20269894599915
DR,1,442368,293,0.9249146757679181,158.47440273037543,2000,0.0955,488.477,2613,0,80.20269894599915
DR,1,491520,293,0.9522184300341296,150.88737201365188,2000,0.1,487.7935,2613,0,80.20269894599915
sipacl,1,0,293,0.010238907849829351,498.0068259385666,2000,0.0,500.0,3421,1702,80.17417216300964
sipacl,1,49152,293,0.9556313993174061,152.24232081911262,2000,0.0975,488.9495,3421,1702,80.17417216300964
sipacl,1,98304,293,0.9419795221843004,155.4368600682594,2000,0.0935,489.84,3421,1702,80.17417216300964
sipacl,1,147456,293,0.9522184300341296,153.4232081911263,2000,0.1075,488.235,3421,1702,80.17417216300964
sipacl,1,196608,293,0.8839590443686007,168.35836177474403,2000,0.0545,493.6145,3421,1702,80.17417216300964
sipacl,1,245760,293,0.726962457337884,220.10580204778157,2000,0.023,497.24,3421,1702,80.17417216300964
sipacl,1,294912,293,0.9351535836177475,153.94539249146757,2000,0.0695,492.566,3421,1702,80.17417216300964
sipacl,1,344064,293,0.9283276450511946,158.10921501706486,2000,0.073,491.524,3421,1702,80.17417216300964
sipacl,1,393216,293,0.9419795221843004,151.52559726962457,2000,0.067,492.3695,3421,1702,80.17417216300964
sipacl,1,442368,293,0.9044368600682594,160.16382252559728,2000,0.0705,491.9105,3421,1702,80.17417216300964
sipacl,1,491520,293,0.9044368600682594,160.19795221843003,2000,0.0645,492.3065,3421,1702,80.17417216300964
paper,1,0,293,0.8532423208191127,227.8668941979522,2000,0.017,498.4585,3508,1632,80.36152195930481
paper,1,49152,293,0.9488054607508533,153.0136518771331,2000,0.0905,489.5405,3508,1632,80.36152195930481
paper,1,98304,293,0.9249146757679181,161.64505119453923,2000,0.067,492.295,3508,1632,80.36152195930481
paper,1,147456,293,0.9488054607508533,160.2627986348123,2000,0.09,489.428,3508,1632,80.36152195930481
paper,1,196608,293,0.9488054607508533,153.22866894197952,2000,0.104,487.3215,3508,1632,80.36152195930481
paper,1,245760,293,0.9590443686006825,147.15358361774744,2000,0.0765,490.846,3508,1632,80.36152195930481
paper,1,294912,293,0.9590443686006825,146.24914675767917,2000,0.107,488.291,3508,1632,80.36152195930481
paper,1,344064,293,0.9556313993174061,150.23549488054607,2000,0.103,487.488,3508,1632,80.36152195930481
paper,1,393216,293,0.9419795221843004,148.94539249146757,2000,0.0755,491.2065,3508,1632,80.36152195930481
paper,1,442368,293,0.9522184300341296,148.08873720136518,2000,0.1005,486.577,3508,1632,80.36152195930481
paper,1,491520,293,0.9351535836177475,153.02047781569965,2000,0.0885,490.1885,3508,1632,80.36152195930481
paper_l1,1,0,293,0.0,500.0,2000,0.0,500.0,3036,1487,80.255136013031
paper_l1,1,49152,293,0.5938566552901023,282.00341296928326,2000,0.0,500.0,3036,1487,80.255136013031
paper_l1,1,98304,293,0.9488054607508533,154.9829351535836,2000,0.091,490.207,3036,1487,80.255136013031
paper_l1,1,147456,293,0.8771331058020477,177.58703071672355,2000,0.035,496.573,3036,1487,80.255136013031
paper_l1,1,196608,293,0.9419795221843004,150.5938566552901,2000,0.0755,491.5085,3036,1487,80.255136013031
paper_l1,1,245760,293,0.9522184300341296,149.80887372013652,2000,0.0815,491.318,3036,1487,80.255136013031
paper_l1,1,294912,293,0.9419795221843004,150.0443686006826,2000,0.0745,491.324,3036,1487,80.255136013031
paper_l1,1,344064,293,0.9180887372013652,159.80204778156997,2000,0.0495,494.5295,3036,1487,80.255136013031
paper_l1,1,393216,293,0.9351535836177475,155.54607508532422,2000,0.07,492.1525,3036,1487,80.255136013031
paper_l1,1,442368,293,0.89419795221843,165.2730375426621,2000,0.0405,495.7185,3036,1487,80.255136013031
paper_l1,1,491520,293,0.931740614334471,157.9726962457338,2000,0.0745,491.181,3036,1487,80.255136013031
paper_p09,1,0,293,0.552901023890785,333.17064846416383,2000,0.0005,499.9395,6971,6232,77.68537402153015
paper_p09,1,49152,293,0.7815699658703071,210.33788395904438,2000,0.033,495.8295,6971,6232,77.68537402153015
paper_p09,1,98304,293,0.9658703071672355,147.48122866894198,2000,0.0755,491.247,6971,6232,77.68537402153015
paper_p09,1,147456,293,0.9453924914675768,150.35836177474403,2000,0.0705,492.073,6971,6232,77.68537402153015
paper_p09,1,196608,293,0.9385665529010239,150.67235494880546,2000,0.081,490.5725,6971,6232,77.68537402153015
paper_p09,1,245760,293,0.9453924914675768,155.53924914675767,2000,0.0765,491.233,6971,6232,77.68537402153015
paper_p09,1,294912,293,0.962457337883959,145.4641638225256,2000,0.0995,488.4365,6971,6232,77.68537402153015
paper_p09,1,344064,293,0.9419795221843004,153.6518771331058,2000,0.0645,493.1405,6971,6232,77.68537402153015
paper_p09,1,393216,293,0.9590443686006825,150.0443686006826,2000,0.0725,492.381,6971,6232,77.68537402153015
paper_p09,1,442368,293,0.9078498293515358,158.7372013651877,2000,0.06,493.434,6971,6232,77.68537402153015
paper_p09,1,491520,293,0.9112627986348123,160.60068259385665,2000,0.044,495.541,6971,6232,77.68537402153015
paper_negret,1,0,293,0.9556313993174061,157.89078498293514,2000,0.079,491.7235,1480,661,73.94215512275696
paper_negret,1,49152,293,0.8191126279863481,209.4470989761092,2000,0.072,491.7915,1480,661,73.94215512275696
paper_negret,1,98304,293,0.7303754266211604,231.1331058020478,2000,0.021,497.4145,1480,661,73.94215512275696
paper_negret,1,147456,293,0.0,500.0,2000,0.0,500.0,1480,661,73.94215512275696
paper_negret,1,196608,293,0.962457337883959,149.5494880546075,2000,0.096,488.097,1480,661,73.94215512275696
paper_negret,1,245760,293,0.8907849829351536,167.80546075085323,2000,0.0365,495.2895,1480,661,73.94215512275696
paper_negret,1,294912,293,0.8737201365187713,175.3344709897611,2000,0.032,496.3355,1480,661,73.94215512275696
paper_negret,1,344064,293,0.8054607508532423,202.4505119453925,2000,0.0235,497.6225,1480,661,73.94215512275696
paper_negret,1,393216,293,0.8668941979522184,177.64846416382252,2000,0.0355,495.96,1480,661,73.94215512275696
paper_negret,1,442368,293,0.9249146757679181,164.0307167235495,2000,0.0585,493.223,1480,661,73.94215512275696
paper_negret,1,491520,293,0.9180887372013652,164.8976109215017,2000,0.057,493.77,1480,661,73.94215512275696
paper_p02,1,0,293,0.0,500.0,2000,0.0,500.0,2647,507,74.68659090995789
paper_p02,1,49152,293,0.11604095563139932,465.59044368600684,2000,0.0,500.0,2647,507,74.68659090995789
paper_p02,1,98304,293,0.12286689419795221,456.85665529010237,2000,0.0085,499.063,2647,507,74.68659090995789
paper_p02,1,147456,293,0.7918088737201365,220.81911262798636,2000,0.068,491.9045,2647,507,74.68659090995789
paper_p02,1,196608,293,0.8737201365187713,180.64846416382252,2000,0.088,489.936,2647,507,74.68659090995789
paper_p02,1,245760,293,0.9522184300341296,152.1569965870307,2000,0.083,490.5855,2647,507,74.68659090995789
paper_p02,1,294912,293,0.962457337883959,146.65870307167236,2000,0.1015,487.21,2647,507,74.68659090995789
paper_p02,1,344064,293,0.9590443686006825,140.8976109215017,2000,0.101,489.469,2647,507,74.68659090995789
paper_p02,1,393216,293,0.9522184300341296,143.7098976109215,2000,0.103,488.306,2647,507,74.68659090995789
paper_p02,1,442368,293,0.962457337883959,145.2866894197952,2000,0.0935,488.5105,2647,507,74.68659090995789
paper_p02,1,491520,293,0.9488054607508533,150.12627986348122,2000,0.097,489.0925,2647,507,74.68659090995789
sipacl_beta01,1,0,293,0.0,500.0,2000,0.0,500.0,4056,2024,74.47315907478333
sipacl_beta01,1,49152,293,0.9419795221843004,157.8703071672355,2000,0.0705,491.628,4056,2024,74.47315907478333
sipacl_beta01,1,98304,293,0.8737201365187713,172.35153583617748,2000,0.038,495.514,4056,2024,74.47315907478333
sipacl_beta01,1,147456,293,0.8293515358361775,194.37542662116041,2000,0.0305,496.642,4056,2024,74.47315907478333
sipacl_beta01,1,196608,293,0.6757679180887372,243.09556313993173,2000,0.0145,497.949,4056,2024,74.47315907478333
sipacl_beta01,1,245760,293,0.6382252559726962,251.0,2000,0.014,498.2625,4056,2024,74.47315907478333
sipacl_beta01,1,294912,293,0.8361774744027304,186.26962457337885,2000,0.0305,495.9825,4056,2024,74.47315907478333
sipacl_beta01,1,344064,293,0.8873720136518771,163.38566552901023,2000,0.043,495.0415,4056,2024,74.47315907478333
sipacl_beta01,1,393216,293,0.9351535836177475,154.42662116040955,2000,0.0605,493.597,4056,2024,74.47315907478333
sipacl_beta01,1,442368,293,0.9488054607508533,148.1877133105802,2000,0.0765,491.264,4056,2024,74.47315907478333
sipacl_beta01,1,491520,293,0.9385665529010239,150.92832764505118,2000,0.0675,492.091,4056,2024,74.47315907478333
paper_beta03,1,0,293,0.8361774744027304,224.91467576791808,2000,0.0025,499.8435,3637,1738,75.01474380493164
paper_beta03,1,49152,293,0.9010238907849829,170.36177474402731,2000,0.05,493.934,3637,1738,75.01474380493164
paper_beta03,1,98304,293,0.7679180887372014,208.13993174061434,2000,0.035,495.4375,3637,1738,75.01474380493164
paper_beta03,1,147456,293,0.8805460750853242,170.37542662116041,2000,0.048,494.7265,3637,1738,75.01474380493164
paper_beta03,1,196608,293,0.9419795221843004,156.0034129692833,2000,0.0945,489.8805,3637,1738,75.01474380493164
paper_beta03,1,245760,293,0.9385665529010239,153.93856655290102,2000,0.085,491.075,3637,1738,75.01474380493164
paper_beta03,1,294912,293,0.89419795221843,165.87713310580205,2000,0.0625,493.2165,3637,1738,75.01474380493164
paper_beta03,1,344064,293,0.9658703071672355,147.51194539249147,2000,0.115,485.948,3637,1738,75.01474380493164
paper_beta03,1,393216,293,0.962457337883959,143.3481228668942,2000,0.1085,487.2795,3637,1738,75.01474380493164
paper_beta03,1,442368,293,0.9590443686006825,144.10580204778157,2000,0.1,488.006,3637,1738,75.01474380493164
paper_beta03,1,491520,293,0.9522184300341296,152.4334470989761,2000,0.09,490.1825,3637,1738,75.01474380493164
paper_buf200,1,0,293,0.0,500.0,2000,0.0,500.0,3730,1802,75.06023597717285
paper_buf200,1,49152,293,0.931740614334471,156.75767918088738,2000,0.064,493.2745,3730,1802,75.06023597717285
paper_buf200,1,98304,293,0.9453924914675768,161.97610921501706,2000,0.097,489.841,3730,1802,75.06023597717285
paper_buf200,1,147456,293,0.9249146757679181,163.03754266211604,2000,0.0965,489.6715,3730,1802,75.06023597717285
paper_buf200,1,196608,293,0.9385665529010239,156.5358361774744,2000,0.082,490.856,3730,1802,75.06023597717285
paper_buf200,1,245760,293,0.8703071672354948,175.0443686006826,2000,0.053,493.407,3730,1802,75.06023597717285
paper_buf200,1,294912,293,0.8976109215017065,163.67576791808872,2000,0.052,493.5895,3730,1802,75.06023597717285
paper_buf200,1,344064,293,0.9146757679180887,161.46075085324233,2000,0.0715,491.042,3730,1802,75.06023597717285
paper_buf200,1,393216,293,0.9522184300341296,148.95221843003412,2000,0.095,488.884,3730,1802,75.06023597717285
paper_buf200,1,442368,293,0.9522184300341296,149.35494880546077,2000,0.0875,489.4355,3730,1802,75.06023597717285
paper_buf200,1,491520,293,0.9556313993174061,146.46757679180888,2000,0.091,489.3445,3730,1802,75.06023597717285
paper_robust,2,0,293,0.7849829351535836,261.9658703071672,2000,0.0005,499.9725,3434,1696,81.91238689422607
paper_robust,2,49152,293,0.7849829351535836,261.9658703071672,2000,0.0005,499.9725,3434,1696,81.91238689422607
paper_robust,2,98304,293,0.9453924914675768,160.68600682593856,2000,0.0805,491.252,3434,1696,81.91238689422607
paper_robust,2,147456,293,0.5802047781569966,279.3617747440273,2000,0.0115,498.6105,3434,1696,81.91238689422607
paper_robust,2,196608,293,0.447098976109215,322.51194539249144,2000,0.0055,499.3335,3434,1696,81.91238689422607
paper_robust,2,245760,293,0.856655290102389,182.91808873720137,2000,0.03,496.676,3434,1696,81.91238689422607
paper_robust,2,294912,293,0.46757679180887374,315.6860068259386,2000,0.0035,499.783,3434,1696,81.91238689422607
paper_robust,2,344064,293,0.7986348122866894,200.8668941979522,2000,0.016,498.397,3434,1696,81.91238689422607
paper_robust,2,393216,293,0.7474402730375427,214.40955631399316,2000,0.0215,497.733,3434,1696,81.91238689422607
paper_robust,2,442368,293,0.8839590443686007,172.33105802047783,2000,0.0265,497.3515,3434,1696,81.91238689422607
paper_robust,2,491520,293,0.9351535836177475,155.82252559726962,2000,0.038,495.6355,3434,1696,81.91238689422607
DR,2,0,293,0.023890784982935155,496.9249146757679,2000,0.0,500.0,2346,0,88.18115091323853
DR,2,49152,293,0.8668941979522184,189.9863481228669,2000,0.0355,496.479,2346,0,88.18115091323853
DR,2,98304,293,0.89419795221843,175.65529010238907,2000,0.043,495.6155,2346,0,88.18115091323853
DR,2,147456,293,0.9385665529010239,168.5631399317406,2000,0.0785,491.7175,2346,0,88.18115091323853
DR,2,196608,293,0.9556313993174061,154.70307167235495,2000,0.09,489.7415,2346,0,88.18115091323853
DR,2,245760,293,0.8873720136518771,176.16382252559728,2000,0.0525,494.6025,2346,0,88.18115091323853
DR,2,294912,293,0.9249146757679181,160.69965870307166,2000,0.056,493.5985,2346,0,88.18115091323853
DR,2,344064,293,0.8873720136518771,163.13651877133105,2000,0.059,492.892,2346,0,88.18115091323853
DR,2,393216,293,0.9419795221843004,151.82935153583617,2000,0.0825,491.1135,2346,0,88.18115091323853
DR,2,442368,293,0.962457337883959,142.77815699658703,2000,0.101,488.699,2346,0,88.18115091323853
DR,2,491520,293,0.9590443686006825,144.21843003412968,2000,0.1045,487.3395,2346,0,88.18115091323853
sipacl,2,0,293,0.0,500.0,2000,0.0,500.0,3516,1751,90.81976914405823
sipacl,2,49152,293,0.5631399317406144,302.6996587030717,2000,0.0265,497.6355,3516,1751,90.81976914405823
sipacl,2,98304,293,0.7986348122866894,209.20136518771332,2000,0.0485,494.5165,3516,1751,90.81976914405823
sipacl,2,147456,293,0.9180887372013652,163.160409556314,2000,0.088,490.859,3516,1751,90.81976914405823
sipacl,2,196608,293,0.8805460750853242,166.2764505119454,2000,0.0525,494.688,3516,1751,90.81976914405823
sipacl,2,245760,293,0.8225255972696246,183.4061433447099,2000,0.045,494.995,3516,1751,90.81976914405823
sipacl,2,294912,293,0.9658703071672355,146.84641638225256,2000,0.1095,486.264,3516,1751,90.81976914405823
sipacl,2,344064,293,0.9522184300341296,149.13993174061434,2000,0.094,488.626,3516,1751,90.81976914405823
sipacl,2,393216,293,0.9556313993174061,146.0034129692833,2000,0.095,489.361,3516,1751,90.81976914405823
sipacl,2,442368,293,0.931740614334471,151.6928327645051,2000,0.069,491.4075,3516,1751,90.81976914405823
sipacl,2,491520,293,0.9522184300341296,148.20819112627987,2000,0.091,490.18,3516,1751,90.81976914405823
paper_l1,2,0,293,0.3242320819112628,390.259385665529,2000,0.0,500.0,2840,1356,90.55908298492432
paper_l1,2,49152,293,0.9385665529010239,155.37542662116041,2000,0.1005,487.8115,2840,1356,90.55908298492432
paper_l1,2,98304,293,0.9556313993174061,151.30034129692834,2000,0.0885,488.9755,2840,1356,90.55908298492432
paper_l1,2,147456,293,0.9351535836177475,153.40273037542661,2000,0.089,489.7985,2840,1356,90.55908298492432
paper_l1,2,196608,293,0.9488054607508533,153.26621160409556,2000,0.114,487.22,2840,1356,90.55908298492432
paper_l1,2,245760,293,0.9556313993174061,148.50853242320818,2000,0.0905,489.756,2840,1356,90.55908298492432
paper_l1,2,294912,293,0.9180887372013652,161.9556313993174,2000,0.05,494.166,2840,1356,90.55908298492432
paper_l1,2,344064,293,0.7508532423208191,211.45392491467578,2000,0.018,497.783,2840,1356,90.55908298492432
paper_l1,2,393216,293,0.8737201365187713,169.64846416382252,2000,0.037,496.091,2840,1356,90.55908298492432
paper_l1,2,442368,293,0.9453924914675768,154.13993174061434,2000,0.0805,491.296,2840,1356,90.55908298492432
paper_l1,2,491520,293,0.9726962457337884,141.24914675767917,2000,0.0775,490.163,2840,1356,90.55908298492432
paper,2,0,293,0.0,500.0,2000,0.0,500.0,3742,1786,91.06369590759277
paper,2,49152,293,0.9556313993174061,151.18430034129693,2000,0.1125,487.7655,3742,1786,91.06369590759277
paper,2,98304,293,0.9453924914675768,147.63822525597269,2000,0.103,488.2825,3742,1786,91.06369590759277
paper,2,147456,293,0.931740614334471,156.74744027303754,2000,0.0785,491.138,3742,1786,91.06369590759277
paper,2,196608,293,0.9453924914675768,149.92491467576792,2000,0.098,488.6405,3742,1786,91.06369590759277
paper,2,245760,293,0.9488054607508533,149.39590443686006,2000,0.0975,488.587,3742,1786,91.06369590759277
paper,2,294912,293,0.9283276450511946,156.43003412969284,2000,0.079,490.382,3742,1786,91.06369590759277
paper,2,344064,293,0.9385665529010239,154.0443686006826,2000,0.092,488.9105,3742,1786,91.06369590759277
paper,2,393216,293,0.9522184300341296,150.580204778157,2000,0.094,489.1985,3742,1786,91.06369590759277
paper,2,442368,293,0.9385665529010239,150.38225255972696,2000,0.0845,489.518,3742,1786,91.06369590759277
paper,2,491520,293,0.89419795221843,161.13993174061434,2000,0.0495,493.6625,3742,1786,91.06369590759277
paper_maxmc,2,0,293,0.0,500.0,2000,0.0,500.0,4163,2049,90.81239986419678
paper_maxmc,2,49152,293,0.9419795221843004,154.35836177474403,2000,0.0885,489.7365,4163,2049,90.81239986419678
paper_maxmc,2,98304,293,0.9522184300341296,147.4778156996587,2000,0.1115,486.6685,4163,2049,90.81239986419678
paper_maxmc,2,147456,293,0.931740614334471,155.0580204778157,2000,0.079,490.8575,4163,2049,90.81239986419678
paper_maxmc,2,196608,293,0.9590443686006825,144.38907849829351,2000,0.086,490.181,4163,2049,90.81239986419678
paper_maxmc,2,245760,293,0.9215017064846417,158.97610921501706,2000,0.069,491.5495,4163,2049,90.81239986419678
paper_maxmc,2,294912,293,0.9556313993174061,149.0307167235495,2000,0.068,491.1725,4163,2049,90.81239986419678
paper_maxmc,2,344064,293,0.7918088737201365,195.08873720136518,2000,0.032,495.7945,4163,2049,90.81239986419678
paper_maxmc,2,393216,293,0.9453924914675768,151.78498293515358,2000,0.0835,490.8515,4163,2049,90.81239986419678
paper_maxmc,2,442368,293,0.9078498293515358,159.9863481228669,2000,0.045,494.575,4163,2049,90.81239986419678
paper_maxmc,2,491520,293,0.8976109215017065,164.49829351535837,2000,0.046,495.368,4163,2049,90.81239986419678
paper_p09,2,0,293,0.22184300341296928,438.67235494880543,2000,0.0,500.0,5985,5273,1405.0616550445557
paper_p09,2,49152,293,0.7815699658703071,206.56996587030716,2000,0.0275,496.873,5985,5273,1405.0616550445557
paper_p09,2,98304,293,0.9215017064846417,164.05460750853243,2000,0.058,493.098,5985,5273,1405.0616550445557
paper_p09,2,147456,293,0.9044368600682594,164.45392491467578,2000,0.0765,490.917,5985,5273,1405.0616550445557
paper_p09,2,196608,293,0.9522184300341296,144.75767918088738,2000,0.0935,488.32,5985,5273,1405.0616550445557
paper_p09,2,245760,293,0.8805460750853242,170.29692832764505,2000,0.0415,495.357,5985,5273,1405.0616550445557
paper_p09,2,294912,293,0.9385665529010239,153.2320819112628,2000,0.088,490.482,5985,5273,1405.0616550445557
paper_p09,2,344064,293,0.9112627986348123,161.53924914675767,2000,0.046,494.7135,5985,5273,1405.0616550445557
paper_p09,2,393216,293,0.9419795221843004,149.08191126279863,2000,0.0825,491.362,5985,5273,1405.0616550445557
paper_p09,2,442368,293,0.9590443686006825,147.40955631399316,2000,0.094,488.4575,5985,5273,1405.0616550445557
paper_p09,2,491520,293,0.962457337883959,150.60409556313994,2000,0.0775,491.2305,5985,5273,1405.0616550445557
paper_p02,2,0,293,0.24914675767918087,454.7815699658703,2000,0.0,500.0,2869,534,1403.5786020755768
paper_p02,2,49152,293,0.9658703071672355,150.61092150170649,2000,0.1105,488.2515,2869,534,1403.5786020755768
paper_p02,2,98304,293,0.9044368600682594,173.35494880546077,2000,0.075,491.4475,2869,534,1403.5786020755768
paper_p02,2,147456,293,0.8361774744027304,190.2320819112628,2000,0.0295,496.5895,2869,534,1403.5786020755768
paper_p02,2,196608,293,0.621160409556314,259.0750853242321,2000,0.0115,498.397,2869,534,1403.5786020755768
paper_p02,2,245760,293,0.856655290102389,179.18088737201364,2000,0.042,494.741,2869,534,1403.5786020755768
paper_p02,2,294912,293,0.8839590443686007,173.74744027303754,2000,0.0365,495.858,2869,534,1403.5786020755768
paper_p02,2,344064,293,0.9522184300341296,151.09215017064847,2000,0.0815,490.8185,2869,534,1403.5786020755768
paper_p02,2,393216,293,0.9522184300341296,152.00682593856655,2000,0.1005,488.306,2869,534,1403.5786020755768
paper_p02,2,442368,293,0.764505119453925,206.09556313993173,2000,0.02,497.9655,2869,534,1403.5786020755768
paper_p02,2,491520,293,0.7781569965870307,198.78839590443687,2000,0.021,497.3005,2869,534,1403.5786020755768
paper_buf200,2,0,293,0.0,500.0,2000,0.0,500.0,3900,1958,1400.8186359405518
paper_buf200,2,49152,293,0.757679180887372,211.26962457337885,2000,0.0225,496.873,3900,1958,1400.8186359405518
paper_buf200,2,98304,293,0.6689419795221843,241.77133105802048,2000,0.019,497.805,3900,1958,1400.8186359405518
paper_buf200,2,147456,293,0.9112627986348123,162.74744027303754,2000,0.0625,492.859,3900,1958,1400.8186359405518
paper_buf200,2,196608,293,0.9351535836177475,155.7235494880546,2000,0.085,490.42,3900,1958,1400.8186359405518
paper_buf200,2,245760,293,0.9488054607508533,151.59044368600684,2000,0.0975,487.5875,3900,1958,1400.8186359405518
paper_buf200,2,294912,293,0.8839590443686007,166.80546075085323,2000,0.053,494.3345,3900,1958,1400.8186359405518
paper_buf200,2,344064,293,0.8703071672354948,175.75085324232083,2000,0.046,494.2625,3900,1958,1400.8186359405518
paper_buf200,2,393216,293,0.9249146757679181,161.8976109215017,2000,0.0805,491.517,3900,1958,1400.8186359405518
paper_buf200,2,442368,293,0.9112627986348123,160.00682593856655,2000,0.067,491.49,3900,1958,1400.8186359405518
paper_buf200,2,491520,293,0.9488054607508533,149.2866894197952,2000,0.113,487.2565,3900,1958,1400.8186359405518
paper_beta03,2,0,293,0.017064846416382253,492.839590443686,2000,0.0,500.0,3716,1807,1401.317353963852
paper_beta03,2,49152,293,0.42662116040955633,355.05119453924914,2000,0.0165,498.3105,3716,1807,1401.317353963852
paper_beta03,2,98304,293,0.8293515358361775,204.71672354948805,2000,0.0605,493.042,3716,1807,1401.317353963852
paper_beta03,2,147456,293,0.9488054607508533,152.580204778157,2000,0.1015,488.6595,3716,1807,1401.317353963852
paper_beta03,2,196608,293,0.9249146757679181,158.88737201365188,2000,0.077,490.9735,3716,1807,1401.317353963852
paper_beta03,2,245760,293,0.8703071672354948,174.8703071672355,2000,0.0475,494.8055,3716,1807,1401.317353963852
paper_beta03,2,294912,293,0.7849829351535836,199.42662116040955,2000,0.0235,496.977,3716,1807,1401.317353963852
paper_beta03,2,344064,293,0.9658703071672355,148.2764505119454,2000,0.0875,489.928,3716,1807,1401.317353963852
paper_beta03,2,393216,293,0.9385665529010239,154.61092150170649,2000,0.067,492.4685,3716,1807,1401.317353963852
paper_beta03,2,442368,293,0.9044368600682594,155.81911262798636,2000,0.058,492.952,3716,1807,1401.317353963852
paper_beta03,2,491520,293,0.9453924914675768,148.9829351535836,2000,0.079,491.819,3716,1807,1401.317353963852
paper_negret,2,0,293,0.13310580204778158,466.2662116040956,2000,0.0,500.0,1342,631,1400.7179970741272
paper_negret,2,49152,293,0.9488054607508533,153.04778156996588,2000,0.065,492.3885,1342,631,1400.7179970741272
paper_negret,2,98304,293,0.3890784982935154,346.22184300341297,2000,0.002,499.8245,1342,631,1400.7179970741272
paper_negret,2,147456,293,0.9010238907849829,191.01023890784984,2000,0.033,496.6065,1342,631,1400.7179970741272
paper_negret,2,196608,293,0.9351535836177475,166.89078498293514,2000,0.0585,492.7035,1342,631,1400.7179970741272
paper_negret,2,245760,293,0.27986348122866894,402.3788395904437,2000,0.012,498.54,1342,631,1400.7179970741272
paper_negret,2,294912,293,0.8907849829351536,176.7269624573379,2000,0.011,498.843,1342,631,1400.7179970741272
paper_negret,2,344064,293,0.9215017064846417,159.97952218430035,2000,0.0355,495.8635,1342,631,1400.7179970741272
paper_negret,2,393216,293,0.9385665529010239,158.34129692832764,2000,0.042,495.3565,1342,631,1400.7179970741272
paper_negret,2,442368,293,0.9351535836177475,157.78498293515358,2000,0.0515,494.7845,1342,631,1400.7179970741272
paper_negret,2,491520,293,0.9351535836177475,153.60409556313994,2000,0.0775,490.765,1342,631,1400.7179970741272
sipacl_beta01,2,0,293,0.07849829351535836,470.3344709897611,2000,0.0,500.0,4043,2019,1403.8782269954681
sipacl_beta01,2,49152,293,0.9283276450511946,165.5358361774744,2000,0.0775,492.231,4043,2019,1403.8782269954681
sipacl_beta01,2,98304,293,0.9146757679180887,170.67235494880546,2000,0.049,494.6815,4043,2019,1403.8782269954681
sipacl_beta01,2,147456,293,0.9522184300341296,152.19112627986348,2000,0.0785,491.115,4043,2019,1403.8782269954681
sipacl_beta01,2,196608,293,0.8805460750853242,173.0307167235495,2000,0.0505,494.2085,4043,2019,1403.8782269954681
sipacl_beta01,2,245760,293,0.9351535836177475,162.07508532423208,2000,0.0615,493.1795,4043,2019,1403.8782269954681
sipacl_beta01,2,294912,293,0.9488054607508533,154.49146757679182,2000,0.1015,489.2575,4043,2019,1403.8782269954681
sipacl_beta01,2,344064,293,0.9453924914675768,149.91467576791808,2000,0.073,492.178,4043,2019,1403.8782269954681
sipacl_beta01,2,393216,293,0.9283276450511946,153.08532423208192,2000,0.0705,490.701,4043,2019,1403.8782269954681
sipacl_beta01,2,442368,293,0.9385665529010239,154.06484641638227,2000,0.0555,493.281,4043,2019,1403.8782269954681
sipacl_beta01,2,491520,293,0.9556313993174061,144.64505119453923,2000,0.089,489.8835,4043,2019,1403.8782269954681
paper_robust,3,0,293,0.0,500.0,2000,0.0,500.0,3558,1761,676.3095910549164
paper_robust,3,49152,293,0.0,500.0,2000,0.0,500.0,3558,1761,676.3095910549164
paper_robust,3,98304,293,0.7849829351535836,260.4641638225256,2000,0.0,500.0,3558,1761,676.3095910549164
paper_robust,3,147456,293,0.5290102389078498,290.9453924914676,2000,0.0065,499.288,3558,1761,676.3095910549164
paper_robust,3,196608,293,0.7337883959044369,218.3071672354949,2000,0.0145,498.537,3558,1761,676.3095910549164
paper_robust,3,245760,293,0.9180887372013652,157.46757679180888,2000,0.0625,493.081,3558,1761,676.3095910549164
paper_robust,3,294912,293,0.9453924914675768,149.19112627986348,2000,0.0915,489.672,3558,1761,676.3095910549164
paper_robust,3,344064,293,0.9453924914675768,148.61774744027304,2000,0.069,492.22,3558,1761,676.3095910549164
paper_robust,3,393216,293,0.9078498293515358,165.34129692832764,2000,0.0475,494.56,3558,1761,676.3095910549164
paper_robust,3,442368,293,0.9522184300341296,150.47440273037543,2000,0.072,492.1055,3558,1761,676.3095910549164
paper_robust,3,491520,293,0.931740614334471,150.06143344709898,2000,0.0615,492.7205,3558,1761,676.3095910549164
DR,3,0,293,0.0034129692832764505,499.65870307167233,2000,0.0,500.0,2487,0,684.1793479919434
DR,3,49152,293,0.8361774744027304,194.3344709897611,2000,0.0355,496.299,2487,0,684.1793479919434
DR,3,98304,293,0.9419795221843004,159.08873720136518,2000,0.0855,489.7175,2487,0,684.1793479919434
DR,3,147456,293,0.9146757679180887,169.53242320819112,2000,0.08,490.81,2487,0,684.1793479919434
DR,3,196608,293,0.9215017064846417,173.35153583617748,2000,0.0865,491.0465,2487,0,684.1793479919434
DR,3,245760,293,0.89419795221843,168.4778156996587,2000,0.0505,494.6525,2487,0,684.1793479919434
DR,3,294912,293,0.9692832764505119,143.06484641638227,2000,0.0955,489.171,2487,0,684.1793479919434
DR,3,344064,293,0.8873720136518771,169.31058020477815,2000,0.047,494.869,2487,0,684.1793479919434
DR,3,393216,293,0.9078498293515358,161.67576791808872,2000,0.072,491.957,2487,0,684.1793479919434
DR,3,442368,293,0.9112627986348123,158.09556313993173,2000,0.069,491.452,2487,0,684.1793479919434
DR,3,491520,293,0.9180887372013652,158.09215017064847,2000,0.0905,489.889,2487,0,684.1793479919434
sipacl,3,0,293,0.0,500.0,2000,0.0,500.0,3505,1754,684.662987947464
sipacl,3,49152,293,0.9556313993174061,150.05460750853243,2000,0.1,489.1175,3505,1754,684.662987947464
sipacl,3,98304,293,0.9590443686006825,150.38907849829351,2000,0.0995,488.021,3505,1754,684.662987947464
sipacl,3,147456,293,0.7167235494880546,222.76450511945393,2000,0.018,498.0875,3505,1754,684.662987947464
sipacl,3,196608,293,0.9419795221843004,151.40955631399316,2000,0.088,489.464,3505,1754,684.662987947464
sipacl,3,245760,293,0.9419795221843004,150.20819112627987,2000,0.0755,491.398,3505,1754,684.662987947464
sipacl,3,294912,293,0.9385665529010239,157.78498293515358,2000,0.085,490.3135,3505,1754,684.662987947464
sipacl,3,344064,293,0.9180887372013652,161.68941979522185,2000,0.058,493.774,3505,1754,684.662987947464
sipacl,3,393216,293,0.9522184300341296,144.97610921501706,2000,0.0815,490.621,3505,1754,684.662987947464
sipacl,3,442368,293,0.9590443686006825,148.0307167235495,2000,0.0885,489.344,3505,1754,684.662987947464
sipacl,3,491520,293,0.9590443686006825,149.740614334471,2000,0.096,488.147,3505,1754,684.662987947464
paper,3,0,293,0.0,500.0,2000,0.0,500.0,3590,1746,683.701189994812
paper,3,49152,293,0.9419795221843004,156.5358361774744,2000,0.0975,489.716,3590,1746,683.701189994812
paper,3,98304,293,0.8805460750853242,174.68600682593856,2000,0.047,494.558,3590,1746,683.701189994812
paper,3,147456,293,0.6313993174061433,280.8668941979522,2000,0.0435,494.8135,3590,1746,683.701189994812
paper,3,196608,293,0.9488054607508533,155.160409556314,2000,0.095,489.798,3590,1746,683.701189994812
paper,3,245760,293,0.9522184300341296,155.9965870307167,2000,0.088,489.845,3590,1746,683.701189994812
paper,3,294912,293,0.9488054607508533,150.2457337883959,2000,0.0975,488.7485,3590,1746,683.701189994812
paper,3,344064,293,0.9453924914675768,151.0136518771331,2000,0.0815,491.2225,3590,1746,683.701189994812
paper,3,393216,293,0.9453924914675768,153.00682593856655,2000,0.069,492.6355,3590,1746,683.701189994812
paper,3,442368,293,0.9556313993174061,151.09215017064847,2000,0.062,492.8185,3590,1746,683.701189994812
paper,3,491520,293,0.9010238907849829,163.17747440273038,2000,0.056,493.943,3590,1746,683.701189994812
paper_maxmc,3,0,293,0.0,500.0,2000,0.0,500.0,4263,2101,683.201699256897
paper_maxmc,3,49152,293,0.9522184300341296,157.51877133105802,2000,0.098,489.0555,4263,2101,683.201699256897
paper_maxmc,3,98304,293,0.8668941979522184,178.07508532423208,2000,0.043,495.3085,4263,2101,683.201699256897
paper_maxmc,3,147456,293,0.9522184300341296,154.0136518771331,2000,0.091,488.6265,4263,2101,683.201699256897
paper_maxmc,3,196608,293,0.9419795221843004,152.04095563139933,2000,0.1045,487.6555,4263,2101,683.201699256897
paper_maxmc,3,245760,293,0.9453924914675768,149.32423208191128,2000,0.0845,490.1165,4263,2101,683.201699256897
paper_maxmc,3,294912,293,0.8532423208191127,172.96245733788396,2000,0.033,496.298,4263,2101,683.201699256897
paper_maxmc,3,344064,293,0.7303754266211604,212.3481228668942,2000,0.0185,497.7035,4263,2101,683.201699256897
paper_maxmc,3,393216,293,0.8839590443686007,162.37542662116041,2000,0.039,495.994,4263,2101,683.201699256897
paper_maxmc,3,442368,293,0.689419795221843,232.5938566552901,2000,0.015,498.054,4263,2101,683.201699256897
paper_maxmc,3,491520,293,0.7030716723549488,227.66894197952217,2000,0.0105,498.5395,4263,2101,683.201699256897
paper_l1,3,0,293,0.6143344709897611,317.5051194539249,2000,0.0005,499.949,2716,1319,683.7256817817688
paper_l1,3,49152,293,0.0,500.0,2000,0.0,500.0,2716,1319,683.7256817817688
paper_l1,3,98304,293,0.7406143344709898,216.45392491467578,2000,0.026,496.6415,2716,1319,683.7256817817688
paper_l1,3,147456,293,0.856655290102389,188.1296928327645,2000,0.049,494.5915,2716,1319,683.7256817817688
paper_l1,3,196608,293,0.9283276450511946,162.19112627986348,2000,0.067,492.209,2716,1319,683.7256817817688
paper_l1,3,245760,293,0.9078498293515358,173.08191126279863,2000,0.0615,493.397,2716,1319,683.7256817817688
paper_l1,3,294912,293,0.8907849829351536,168.21501706484642,2000,0.065,491.9405,2716,1319,683.7256817817688
paper_l1,3,344064,293,0.9351535836177475,153.19453924914677,2000,0.0755,491.0375,2716,1319,683.7256817817688
paper_l1,3,393216,293,0.9556313993174061,144.18430034129693,2000,0.094,488.9115,2716,1319,683.7256817817688
paper_l1,3,442368,293,0.9488054607508533,143.66211604095562,2000,0.075,491.925,2716,1319,683.7256817817688
paper_l1,3,491520,293,0.9590443686006825,148.86348122866895,2000,0.0985,488.6125,2716,1319,683.7256817817688
paper_p09,3,0,293,0.013651877133105802,495.73720136518773,2000,0.0,500.0,5939,5205,58.72938799858093
paper_p09,3,49152,293,0.8737201365187713,173.52901023890786,2000,0.0465,494.6815,5939,5205,58.72938799858093
paper_p09,3,98304,293,0.8976109215017065,165.53924914675767,2000,0.021,497.5785,5939,5205,58.72938799858093
paper_p09,3,147456,293,0.7372013651877133,219.0034129692833,2000,0.011,499.0385,5939,5205,58.72938799858093
paper_p09,3,196608,293,0.8361774744027304,185.4163822525597,2000,0.016,498.7215,5939,5205,58.72938799858093
paper_p09,3,245760,293,0.8293515358361775,188.1569965870307,2000,0.0125,498.739,5939,5205,58.72938799858093
paper_p09,3,294912,293,0.8361774744027304,182.5665529010239,2000,0.024,497.177,5939,5205,58.72938799858093
paper_p09,3,344064,293,0.7440273037542662,212.4641638225256,2000,0.0125,498.855,5939,5205,58.72938799858093
paper_p09,3,393216,293,0.8873720136518771,173.26962457337885,2000,0.0245,497.537,5939,5205,58.72938799858093
paper_p09,3,442368,293,0.9283276450511946,157.0170648464164,2000,0.0485,494.2555,5939,5205,58.72938799858093
paper_p09,3,491520,293,0.8976109215017065,164.13993174061434,2000,0.029,496.4685,5939,5205,58.72938799858093
paper_p02,3,0,293,0.0,500.0,2000,0.0,500.0,2885,550,59.11147212982178
paper_p02,3,49152,293,0.9249146757679181,159.48122866894198,2000,0.048,494.412,2885,550,59.11147212982178
paper_p02,3,98304,293,0.8976109215017065,173.1877133105802,2000,0.0585,493.411,2885,550,59.11147212982178
paper_p02,3,147456,293,0.9112627986348123,167.26962457337885,2000,0.0685,492.209,2885,550,59.11147212982178
paper_p02,3,196608,293,0.9351535836177475,158.74744027303754,2000,0.0775,491.4575,2885,550,59.11147212982178
paper_p02,3,245760,293,0.9556313993174061,154.09897610921502,2000,0.0885,489.176,2885,550,59.11147212982178
paper_p02,3,294912,293,0.9453924914675768,149.55631399317406,2000,0.0865,490.473,2885,550,59.11147212982178
paper_p02,3,344064,293,0.9488054607508533,155.9829351535836,2000,0.0925,490.5745,2885,550,59.11147212982178
paper_p02,3,393216,293,0.9146757679180887,158.61433447098977,2000,0.0775,491.0615,2885,550,59.11147212982178
paper_p02,3,442368,293,0.9385665529010239,154.26962457337885,2000,0.079,490.783,2885,550,59.11147212982178
paper_p02,3,491520,293,0.8805460750853242,176.78498293515358,2000,0.069,491.711,2885,550,59.11147212982178
paper_beta03,3,0,293,0.0,500.0,2000,0.0,500.0,3748,1869,59.33974504470825
paper_beta03,3,49152,293,0.9146757679180887,163.96587030716722,2000,0.07,492.172,3748,1869,59.33974504470825
paper_beta03,3,98304,293,0.9419795221843004,155.64846416382252,2000,0.0955,488.962,3748,1869,59.33974504470825
paper_beta03,3,147456,293,0.9146757679180887,160.4641638225256,2000,0.054,493.807,3748,1869,59.33974504470825
paper_beta03,3,196608,293,0.9522184300341296,148.47098976109214,2000,0.066,492.0855,3748,1869,59.33974504470825
paper_beta03,3,245760,293,0.9385665529010239,153.50511945392492,2000,0.0655,492.8605,3748,1869,59.33974504470825
paper_beta03,3,294912,293,0.9522184300341296,148.91467576791808,2000,0.0765,491.019,3748,1869,59.33974504470825
paper_beta03,3,344064,293,0.9590443686006825,148.4470989761092,2000,0.0815,490.156,3748,1869,59.33974504470825
paper_beta03,3,393216,293,0.9522184300341296,153.77133105802048,2000,0.109,487.198,3748,1869,59.33974504470825
paper_beta03,3,442368,293,0.9522184300341296,151.26621160409556,2000,0.0915,489.343,3748,1869,59.33974504470825
paper_beta03,3,491520,293,0.9419795221843004,148.49146757679182,2000,0.1045,487.7275,3748,1869,59.33974504470825
paper_buf200,3,0,293,0.5563139931740614,320.6689419795222,2000,0.003,499.8215,4025,1994,58.059967041015625
paper_buf200,3,49152,293,0.9488054607508533,157.839590443686,2000,0.06,493.3395,4025,1994,58.059967041015625
paper_buf200,3,98304,293,0.6825938566552902,240.30034129692834,2000,0.0105,498.8155,4025,1994,58.059967041015625
paper_buf200,3,147456,293,0.1945392491467577,420.99658703071674,2000,0.0,500.0,4025,1994,58.059967041015625
paper_buf200,3,196608,293,0.4641638225255973,310.9931740614334,2000,0.003,499.7145,4025,1994,58.059967041015625
paper_buf200,3,245760,293,0.9180887372013652,158.04095563139933,2000,0.05,494.163,4025,1994,58.059967041015625
paper_buf200,3,294912,293,0.9419795221843004,148.18088737201364,2000,0.0795,489.9395,4025,1994,58.059967041015625
paper_buf200,3,344064,293,0.9488054607508533,148.86006825938566,2000,0.0655,492.586,4025,1994,58.059967041015625
paper_buf200,3,393216,293,0.6450511945392492,251.21501706484642,2000,0.006,499.2345,4025,1994,58.059967041015625
paper_buf200,3,442368,293,0.7679180887372014,203.679180887372,2000,0.026,497.5645,4025,1994,58.059967041015625
paper_buf200,3,491520,293,0.89419795221843,166.35836177474403,2000,0.053,493.554,4025,1994,58.059967041015625
paper_negret,3,0,293,0.0,500.0,2000,0.0,500.0,1410,631,58.2043080329895
paper_negret,3,49152,293,0.9010238907849829,168.21843003412968,2000,0.0495,494.5225,1410,631,58.2043080329895
paper_negret,3,98304,293,0.9488054607508533,150.7679180887372,2000,0.0965,489.111,1410,631,58.2043080329895
paper_negret,3,147456,293,0.6689419795221843,270.15017064846415,2000,0.0265,497.4335,1410,631,58.2043080329895
paper_negret,3,196608,293,0.9488054607508533,155.09897610921502,2000,0.069,492.445,1410,631,58.2043080329895
paper_negret,3,245760,293,0.8464163822525598,219.03754266211604,2000,0.005,499.743,1410,631,58.2043080329895
paper_negret,3,294912,293,0.9692832764505119,157.679180887372,2000,0.088,490.336,1410,631,58.2043080329895
paper_negret,3,344064,293,0.7030716723549488,254.61092150170649,2000,0.0465,495.086,1410,631,58.2043080329895
paper_negret,3,393216,293,0.962457337883959,155.580204778157,2000,0.0785,491.52,1410,631,58.2043080329895
paper_negret,3,442368,293,0.9453924914675768,157.63139931740614,2000,0.0965,489.403,1410,631,58.2043080329895
paper_negret,3,491520,293,0.9351535836177475,158.2627986348123,2000,0.0825,490.804,1410,631,58.2043080329895
sipacl_beta01,3,0,293,0.0,500.0,2000,0.0,500.0,4176,2044,58.9797682762146
sipacl_beta01,3,49152,293,0.9453924914675768,152.5938566552901,2000,0.094,490.317,4176,2044,58.9797682762146
sipacl_beta01,3,98304,293,0.9522184300341296,159.48805460750853,2000,0.0835,490.3865,4176,2044,58.9797682762146
sipacl_beta01,3,147456,293,0.9419795221843004,155.09556313993173,2000,0.0945,488.944,4176,2044,58.9797682762146
sipacl_beta01,3,196608,293,0.9385665529010239,151.3481228668942,2000,0.0755,490.483,4176,2044,58.9797682762146
sipacl_beta01,3,245760,293,0.9522184300341296,148.24232081911262,2000,0.0915,489.5235,4176,2044,58.9797682762146
sipacl_beta01,3,294912,293,0.9453924914675768,146.74402730375428,2000,0.0855,490.3855,4176,2044,58.9797682762146
sipacl_beta01,3,344064,293,0.9419795221843004,150.35494880546077,2000,0.071,492.3015,4176,2044,58.9797682762146
sipacl_beta01,3,393216,293,0.8532423208191127,182.0307167235495,2000,0.0435,494.8005,4176,2044,58.9797682762146
sipacl_beta01,3,442368,293,0.9078498293515358,160.51535836177473,2000,0.046,494.448,4176,2044,58.9797682762146
sipacl_beta01,3,491520,293,0.9010238907849829,165.4061433447099,2000,0.0595,493.2705,4176,2044,58.9797682762146
paper_robust,4,0,293,0.0,500.0,2000,0.0,500.0,3499,1672,53.6890652179718
paper_robust,4,49152,293,0.0,500.0,2000,0.0,500.0,3499,1672,53.6890652179718
paper_robust,4,98304,293,0.9010238907849829,171.2866894197952,2000,0.0545,493.459,3499,1672,53.6890652179718
paper_robust,4,147456,293,0.590443686006826,269.89078498293514,2000,0.0075,498.9075,3499,1672,53.6890652179718
paper_robust,4,196608,293,0.7542662116040956,212.92150170648463,2000,0.0195,497.8835,3499,1672,53.6890652179718
paper_robust,4,245760,293,0.9488054607508533,152.1467576791809,2000,0.093,489.5165,3499,1672,53.6890652179718
paper_robust,4,294912,293,0.9453924914675768,154.57337883959045,2000,0.0665,492.796,3499,1672,53.6890652179718
paper_robust,4,344064,293,0.9283276450511946,152.5665529010239,2000,0.0495,494.3405,3499,1672,53.6890652179718
paper_robust,4,393216,293,0.9351535836177475,153.04095563139933,2000,0.093,489.792,3499,1672,53.6890652179718
paper_robust,4,442368,293,0.9385665529010239,150.63139931740614,2000,0.072,491.527,3499,1672,53.6890652179718
paper_robust,4,491520,293,0.9522184300341296,149.8122866894198,2000,0.0985,487.8065,3499,1672,53.6890652179718
DR,4,0,293,0.6245733788395904,326.57679180887374,2000,0.0,500.0,2638,0,57.58911609649658
DR,4,49152,293,0.9522184300341296,153.320819112628,2000,0.0925,490.3125,2638,0,57.58911609649658
DR,4,98304,293,0.5836177474402731,280.1194539249147,2000,0.011,498.653,2638,0,57.58911609649658
DR,4,147456,293,0.9453924914675768,163.19112627986348,2000,0.0815,491.274,2638,0,57.58911609649658
DR,4,196608,293,0.9385665529010239,157.21843003412968,2000,0.0885,490.2425,2638,0,57.58911609649658
DR,4,245760,293,0.9590443686006825,157.70307167235495,2000,0.067,492.429,2638,0,57.58911609649658
DR,4,294912,293,0.9146757679180887,161.4778156996587,2000,0.062,493.038,2638,0,57.58911609649658
DR,4,344064,293,0.9249146757679181,160.81569965870307,2000,0.056,492.6415,2638,0,57.58911609649658
DR,4,393216,293,0.9385665529010239,155.63139931740614,2000,0.0845,489.0845,2638,0,57.58911609649658
DR,4,442368,293,0.8464163822525598,182.97610921501706,2000,0.031,496.5655,2638,0,57.58911609649658
DR,4,491520,293,0.8464163822525598,180.23549488054607,2000,0.0295,496.697,2638,0,57.58911609649658
sipacl,4,0,293,0.0,500.0,2000,0.0,500.0,3419,1669,57.634649991989136
sipacl,4,49152,293,0.04778156996587031,483.0273037542662,2000,0.0,500.0,3419,1669,57.634649991989136
sipacl,4,98304,293,0.8805460750853242,172.7133105802048,2000,0.042,495.195,3419,1669,57.634649991989136
sipacl,4,147456,293,0.9010238907849829,165.79180887372013,2000,0.053,494.372,3419,1669,57.634649991989136
sipacl,4,196608,293,0.9385665529010239,159.02047781569965,2000,0.082,490.9565,3419,1669,57.634649991989136
sipacl,4,245760,293,0.9385665529010239,155.8259385665529,2000,0.0625,493.5375,3419,1669,57.634649991989136
sipacl,4,294912,293,0.9283276450511946,161.89078498293514,2000,0.064,492.4855,3419,1669,57.634649991989136
sipacl,4,344064,293,0.7952218430034129,197.09215017064847,2000,0.027,496.818,3419,1669,57.634649991989136
sipacl,4,393216,293,0.6621160409556314,245.9829351535836,2000,0.011,498.5665,3419,1669,57.634649991989136
sipacl,4,442368,293,0.8395904436860068,182.08873720136518,2000,0.041,495.1055,3419,1669,57.634649991989136
sipacl,4,491520,293,0.8805460750853242,168.92150170648463,2000,0.0385,495.186,3419,1669,57.634649991989136
paper_l1,4,0,293,0.3310580204778157,375.0136518771331,2000,0.0,500.0,2770,1359,57.21975874900818
paper_l1,4,49152,293,0.552901023890785,283.2457337883959,2000,0.0075,499.0945,2770,1359,57.21975874900818
paper_l1,4,98304,293,0.4300341296928328,340.679180887372,2000,0.0005,499.9275,2770,1359,57.21975874900818
paper_l1,4,147456,293,0.0,500.0,2000,0.0,500.0,2770,1359,57.21975874900818
paper_l1,4,196608,293,0.7337883959044369,251.51194539249147,2000,0.005,499.633,2770,1359,57.21975874900818
paper_l1,4,245760,293,0.8976109215017065,162.48464163822527,2000,0.07,492.0205,2770,1359,57.21975874900818
paper_l1,4,294912,293,0.8805460750853242,169.05119453924914,2000,0.0455,494.873,2770,1359,57.21975874900818
paper_l1,4,344064,293,0.9658703071672355,147.35153583617748,2000,0.0975,488.1425,2770,1359,57.21975874900818
paper_l1,4,393216,293,0.825938566552901,186.07508532423208,2000,0.045,494.5295,2770,1359,57.21975874900818
paper_l1,4,442368,293,0.9351535836177475,156.0136518771331,2000,0.072,491.991,2770,1359,57.21975874900818
paper_l1,4,491520,293,0.9590443686006825,144.3481228668942,2000,0.0925,489.8795,2770,1359,57.21975874900818
paper,4,0,293,0.0,500.0,2000,0.0,500.0,3568,1721,58.196539878845215
paper,4,49152,293,0.36860068259385664,351.27645051194537,2000,0.0035,499.6355,3568,1721,58.196539878845215
paper,4,98304,293,0.9078498293515358,165.06825938566553,2000,0.0395,495.09,3568,1721,58.196539878845215
paper,4,147456,293,0.9078498293515358,168.6962457337884,2000,0.056,493.0965,3568,1721,58.196539878845215
paper,4,196608,293,0.7986348122866894,202.5221843003413,2000,0.0355,495.7035,3568,1721,58.196539878845215
paper,4,245760,293,0.9351535836177475,157.93515358361773,2000,0.0675,492.603,3568,1721,58.196539878845215
paper,4,294912,293,0.9488054607508533,154.84641638225256,2000,0.078,490.769,3568,1721,58.196539878845215
paper,4,344064,293,0.9522184300341296,152.24232081911262,2000,0.0965,488.4265,3568,1721,58.196539878845215
paper,4,393216,293,0.9556313993174061,149.0170648464164,2000,0.0815,490.771,3568,1721,58.196539878845215
paper,4,442368,293,0.9453924914675768,151.90784982935153,2000,0.0795,491.461,3568,1721,58.196539878845215
paper,4,491520,293,0.9590443686006825,148.5221843003413,2000,0.0985,488.487,3568,1721,58.196539878845215
paper_maxmc,4,0,293,0.14334470989761092,445.2457337883959,2000,0.0,500.0,3896,1869,57.72001314163208
paper_maxmc,4,49152,293,0.9385665529010239,156.26962457337885,2000,0.0715,491.2015,3896,1869,57.72001314163208
paper_maxmc,4,98304,293,0.9351535836177475,154.7542662116041,2000,0.0935,488.7935,3896,1869,57.72001314163208
paper_maxmc,4,147456,293,0.9283276450511946,166.55631399317406,2000,0.055,494.3115,3896,1869,57.72001314163208
paper_maxmc,4,196608,293,0.9488054607508533,157.8668941979522,2000,0.0755,491.7095,3896,1869,57.72001314163208
paper_maxmc,4,245760,293,0.9556313993174061,150.5836177474403,2000,0.117,485.6505,3896,1869,57.72001314163208
paper_maxmc,4,294912,293,0.9044368600682594,159.1331058020478,2000,0.0575,493.778,3896,1869,57.72001314163208
paper_maxmc,4,344064,293,0.9556313993174061,146.1467576791809,2000,0.097,488.345,3896,1869,57.72001314163208
paper_maxmc,4,393216,293,0.7542662116040956,205.19112627986348,2000,0.022,497.4745,3896,1869,57.72001314163208
paper_maxmc,4,442368,293,0.9044368600682594,159.45392491467578,2000,0.0475,494.204,3896,1869,57.72001314163208
paper_maxmc,4,491520,293,0.8976109215017065,161.82252559726962,2000,0.0525,494.307,3896,1869,57.72001314163208
paper_p09,4,0,293,0.9010238907849829,188.5529010238908,2000,0.0415,495.708,5817,5092,58.66335320472717
paper_p09,4,49152,293,0.9590443686006825,153.54607508532422,2000,0.0865,490.557,5817,5092,58.66335320472717
paper_p09,4,98304,293,0.9044368600682594,165.64846416382252,2000,0.0505,494.8235,5817,5092,58.66335320472717
paper_p09,4,147456,293,0.8873720136518771,171.87713310580205,2000,0.034,496.0275,5817,5092,58.66335320472717
paper_p09,4,196608,293,0.9453924914675768,150.9419795221843,2000,0.063,492.6185,5817,5092,58.66335320472717
paper_p09,4,245760,293,0.9488054607508533,153.3071672354949,2000,0.064,492.7605,5817,5092,58.66335320472717
paper_p09,4,294912,293,0.9419795221843004,153.01023890784984,2000,0.041,495.2425,5817,5092,58.66335320472717
paper_p09,4,344064,293,0.9556313993174061,157.31399317406144,2000,0.042,495.122,5817,5092,58.66335320472717
paper_p09,4,393216,293,0.9351535836177475,157.160409556314,2000,0.044,495.152,5817,5092,58.66335320472717
paper_p09,4,442368,293,0.9283276450511946,163.7372013651877,2000,0.039,495.882,5817,5092,58.66335320472717
paper_p09,4,491520,293,0.9146757679180887,159.6075085324232,2000,0.0545,493.8465,5817,5092,58.66335320472717
paper_p02,4,0,293,0.14334470989761092,461.1023890784983,2000,0.0,500.0,2798,511,57.84777212142944
paper_p02,4,49152,293,0.7337883959044369,219.8839590443686,2000,0.0215,497.5995,2798,511,57.84777212142944
paper_p02,4,98304,293,0.757679180887372,210.25597269624572,2000,0.023,497.004,2798,511,57.84777212142944
paper_p02,4,147456,293,0.7952218430034129,197.16723549488054,2000,0.0265,496.885,2798,511,57.84777212142944
paper_p02,4,196608,293,0.9488054607508533,152.46757679180888,2000,0.089,490.813,2798,511,57.84777212142944
paper_p02,4,245760,293,0.9419795221843004,155.62798634812287,2000,0.0765,492.036,2798,511,57.84777212142944
paper_p02,4,294912,293,0.9249146757679181,162.97952218430035,2000,0.0525,494.059,2798,511,57.84777212142944
paper_p02,4,344064,293,0.9522184300341296,148.51877133105802,2000,0.082,490.7265,2798,511,57.84777212142944
paper_p02,4,393216,293,0.9385665529010239,150.3481228668942,2000,0.0775,491.095,2798,511,57.84777212142944
paper_p02,4,442368,293,0.9590443686006825,147.53242320819112,2000,0.0805,490.469,2798,511,57.84777212142944
paper_p02,4,491520,293,0.9556313993174061,154.06484641638227,2000,0.0745,490.8095,2798,511,57.84777212142944
paper_beta03,4,0,293,0.0,500.0,2000,0.0,500.0,3783,1816,58.3112108707428
paper_beta03,4,49152,293,0.9146757679180887,159.3071672354949,2000,0.0655,492.749,3783,1816,58.3112108707428
paper_beta03,4,98304,293,0.9658703071672355,146.9726962457338,2000,0.089,489.085,3783,1816,58.3112108707428
paper_beta03,4,147456,293,0.9283276450511946,160.58703071672355,2000,0.0855,490.628,3783,1816,58.3112108707428
paper_beta03,4,196608,293,0.8839590443686007,174.52901023890786,2000,0.071,491.647,3783,1816,58.3112108707428
paper_beta03,4,245760,293,0.9351535836177475,149.18088737201364,2000,0.0895,490.1895,3783,1816,58.3112108707428
paper_beta03,4,294912,293,0.9249146757679181,153.0,2000,0.0555,493.218,3783,1816,58.3112108707428
paper_beta03,4,344064,293,0.9488054607508533,151.01023890784984,2000,0.093,489.575,3783,1816,58.3112108707428
paper_beta03,4,393216,293,0.931740614334471,151.8532423208191,2000,0.0935,488.3295,3783,1816,58.3112108707428
paper_beta03,4,442368,293,0.8907849829351536,169.06484641638227,2000,0.0565,493.4205,3783,1816,58.3112108707428
paper_beta03,4,491520,293,0.8395904436860068,179.4163822525597,2000,0.0365,495.5955,3783,1816,58.3112108707428
paper_buf200,4,0,293,0.9078498293515358,167.17747440273038,2000,0.033,496.3395,3777,1894,57.6923189163208
paper_buf200,4,49152,293,0.89419795221843,168.4232081911263,2000,0.051,494.2435,3777,1894,57.6923189163208
paper_buf200,4,98304,293,0.8839590443686007,170.4232081911263,2000,0.0595,493.249,3777,1894,57.6923189163208
paper_buf200,4,147456,293,0.7610921501706485,213.5665529010239,2000,0.03,496.605,3777,1894,57.6923189163208
paper_buf200,4,196608,293,0.5767918088737202,277.54948805460754,2000,0.013,498.4765,3777,1894,57.6923189163208
paper_buf200,4,245760,293,0.6996587030716723,230.86006825938566,2000,0.012,498.657,3777,1894,57.6923189163208
paper_buf200,4,294912,293,0.8464163822525598,181.1740614334471,2000,0.036,495.5315,3777,1894,57.6923189163208
paper_buf200,4,344064,293,0.9215017064846417,154.5767918088737,2000,0.0535,493.679,3777,1894,57.6923189163208
paper_buf200,4,393216,293,0.89419795221843,166.06143344709898,2000,0.0465,494.371,3777,1894,57.6923189163208
paper_buf200,4,442368,293,0.9215017064846417,157.13993174061434,2000,0.0745,490.5455,3777,1894,57.6923189163208
paper_buf200,4,491520,293,0.9488054607508533,146.0443686006826,2000,0.0825,490.845,3777,1894,57.6923189163208
paper_negret,4,0,293,0.17747440273037543,453.6996587030717,2000,0.0,500.0,1330,602,57.38368511199951
paper_negret,4,49152,293,0.8395904436860068,180.22525597269623,2000,0.035,495.9535,1330,602,57.38368511199951
paper_negret,4,98304,293,0.6928327645051194,233.2730375426621,2000,0.012,498.66,1330,602,57.38368511199951
paper_negret,4,147456,293,0.013651877133105802,494.66211604095565,2000,0.0,500.0,1330,602,57.38368511199951
paper_negret,4,196608,293,0.22866894197952217,462.29010238907847,2000,0.0,500.0,1330,602,57.38368511199951
paper_negret,4,245760,293,0.45051194539249145,357.518771331058,2000,0.0035,499.7765,1330,602,57.38368511199951
paper_negret,4,294912,293,0.3651877133105802,380.74744027303757,2000,0.002,499.9015,1330,602,57.38368511199951
paper_negret,4,344064,293,0.8464163822525598,211.37201365187713,2000,0.025,497.5325,1330,602,57.38368511199951
paper_negret,4,393216,293,0.9283276450511946,175.96587030716722,2000,0.055,494.225,1330,602,57.38368511199951
paper_negret,4,442368,293,0.9283276450511946,171.35494880546077,2000,0.051,494.03,1330,602,57.38368511199951
paper_negret,4,491520,293,0.9522184300341296,155.5494880546075,2000,0.088,489.6145,1330,602,57.38368511199951
sipacl_beta01,4,0,293,0.12286689419795221,462.938566552901,2000,0.0005,499.9955,4188,2116,58.25716495513916
sipacl_beta01,4,49152,293,0.8600682593856656,190.18088737201364,2000,0.0575,493.4465,4188,2116,58.25716495513916
sipacl_beta01,4,98304,293,0.9249146757679181,160.10921501706486,2000,0.069,491.9215,4188,2116,58.25716495513916
sipacl_beta01,4,147456,293,0.9180887372013652,162.8839590443686,2000,0.056,493.2085,4188,2116,58.25716495513916
sipacl_beta01,4,196608,293,0.9453924914675768,152.35836177474403,2000,0.0665,492.3545,4188,2116,58.25716495513916
sipacl_beta01,4,245760,293,0.9453924914675768,147.320819112628,2000,0.074,491.889,4188,2116,58.25716495513916
sipacl_beta01,4,294912,293,0.9351535836177475,155.25597269624572,2000,0.0825,491.265,4188,2116,58.25716495513916
sipacl_beta01,4,344064,293,0.931740614334471,156.91467576791808,2000,0.0805,490.0245,4188,2116,58.25716495513916
sipacl_beta01,4,393216,293,0.8430034129692833,184.47440273037543,2000,0.031,496.273,4188,2116,58.25716495513916
sipacl_beta01,4,442368,293,0.7372013651877133,216.63481228668942,2000,0.0175,498.0305,4188,2116,58.25716495513916
sipacl_beta01,4,491520,293,0.9283276450511946,161.0,2000,0.057,494.4415,4188,2116,58.25716495513916
paper_robust,5,0,293,0.0,500.0,2000,0.0,500.0,3495,1690,53.84033823013306
paper_robust,5,49152,293,0.0,500.0,2000,0.0,500.0,3495,1690,53.84033823013306
paper_robust,5,98304,293,0.6313993174061433,255.80887372013652,2000,0.0195,497.8575,3495,1690,53.84033823013306
paper_robust,5,147456,293,0.9488054607508533,162.19795221843003,2000,0.0985,489.344,3495,1690,53.84033823013306
paper_robust,5,196608,293,0.9385665529010239,152.0307167235495,2000,0.08,490.812,3495,1690,53.84033823013306
paper_robust,5,245760,293,0.9522184300341296,146.57337883959045,2000,0.08,490.5795,3495,1690,53.84033823013306
paper_robust,5,294912,293,0.9556313993174061,148.87372013651878,2000,0.091,489.5645,3495,1690,53.84033823013306
paper_robust,5,344064,293,0.8054607508532423,188.64163822525597,2000,0.033,496.6595,3495,1690,53.84033823013306
paper_robust,5,393216,293,0.8907849829351536,168.05460750853243,2000,0.054,493.3405,3495,1690,53.84033823013306
paper_robust,5,442368,293,0.9419795221843004,149.1023890784983,2000,0.074,490.871,3495,1690,53.84033823013306
paper_robust,5,491520,293,0.9146757679180887,155.61433447098977,2000,0.059,493.5145,3495,1690,53.84033823013306
DR,5,0,293,0.9488054607508533,159.35836177474403,2000,0.0755,491.9125,2443,0,57.741522789001465
DR,5,49152,293,0.32081911262798635,387.0409556313993,2000,0.0185,498.025,2443,0,57.741522789001465
DR,5,98304,293,0.6109215017064846,277.00341296928326,2000,0.0375,495.6865,2443,0,57.741522789001465
DR,5,147456,293,0.9249146757679181,161.67235494880546,2000,0.0685,491.871,2443,0,57.741522789001465
DR,5,196608,293,0.8668941979522184,179.4334470989761,2000,0.039,495.9145,2443,0,57.741522789001465
DR,5,245760,293,0.9351535836177475,159.90784982935153,2000,0.0815,490.8845,2443,0,57.741522789001465
DR,5,294912,293,0.9351535836177475,157.36177474402731,2000,0.0835,490.758,2443,0,57.741522789001465
DR,5,344064,293,0.931740614334471,156.86006825938566,2000,0.082,490.775,2443,0,57.741522789001465
DR,5,393216,293,0.9453924914675768,149.15358361774744,2000,0.087,489.189,2443,0,57.741522789001465
DR,5,442368,293,0.9590443686006825,144.64163822525597,2000,0.099,487.8965,2443,0,57.741522789001465
DR,5,491520,293,0.9590443686006825,144.6928327645051,2000,0.116,486.1305,2443,0,57.741522789001465
sipacl,5,0,293,0.8020477815699659,235.92150170648463,2000,0.0,500.0,3379,1688,58.230010986328125
sipacl,5,49152,293,0.9488054607508533,160.31058020477815,2000,0.081,490.655,3379,1688,58.230010986328125
sipacl,5,98304,293,0.9283276450511946,165.8668941979522,2000,0.067,492.8465,3379,1688,58.230010986328125
sipacl,5,147456,293,0.7747440273037542,209.22525597269623,2000,0.03,496.5825,3379,1688,58.230010986328125
sipacl,5,196608,293,0.9112627986348123,166.02047781569965,2000,0.0565,494.1635,3379,1688,58.230010986328125
sipacl,5,245760,293,0.9556313993174061,146.80204778156997,2000,0.0815,490.4965,3379,1688,58.230010986328125
sipacl,5,294912,293,0.9453924914675768,148.95904436860067,2000,0.096,489.24,3379,1688,58.230010986328125
sipacl,5,344064,293,0.9351535836177475,153.21160409556313,2000,0.065,492.2825,3379,1688,58.230010986328125
sipacl,5,393216,293,0.9180887372013652,155.93856655290102,2000,0.056,493.7765,3379,1688,58.230010986328125
sipacl,5,442368,293,0.9522184300341296,146.21160409556313,2000,0.0785,491.0975,3379,1688,58.230010986328125
sipacl,5,491520,293,0.9556313993174061,147.8976109215017,2000,0.09,489.259,3379,1688,58.230010986328125
paper_l1,5,0,293,0.0,500.0,2000,0.0,500.0,3006,1465,57.438607931137085
paper_l1,5,49152,293,0.8805460750853242,181.1023890784983,2000,0.037,495.994,3006,1465,57.438607931137085
paper_l1,5,98304,293,0.7133105802047781,228.81911262798636,2000,0.017,498.197,3006,1465,57.438607931137085
paper_l1,5,147456,293,0.8225255972696246,188.8532423208191,2000,0.0155,497.9315,3006,1465,57.438607931137085
paper_l1,5,196608,293,0.6825938566552902,235.37201365187713,2000,0.0185,497.752,3006,1465,57.438607931137085
paper_l1,5,245760,293,0.8088737201365188,195.04095563139933,2000,0.0275,496.6575,3006,1465,57.438607931137085
paper_l1,5,294912,293,0.9010238907849829,163.4505119453925,2000,0.049,493.7935,3006,1465,57.438607931137085
paper_l1,5,344064,293,0.9385665529010239,155.15017064846415,2000,0.0625,493.081,3006,1465,57.438607931137085
paper_l1,5,393216,293,0.9146757679180887,160.11945392491467,2000,0.0585,493.301,3006,1465,57.438607931137085
paper_l1,5,442368,293,0.9419795221843004,152.06484641638227,2000,0.0945,488.5965,3006,1465,57.438607931137085
paper_l1,5,491520,293,0.9556313993174061,147.50511945392492,2000,0.097,488.5025,3006,1465,57.438607931137085
paper,5,0,293,0.0,500.0,2000,0.0,500.0,3486,1677,58.272477865219116
paper,5,49152,293,0.9351535836177475,153.4778156996587,2000,0.0895,490.5095,3486,1677,58.272477865219116
paper,5,98304,293,0.931740614334471,161.90443686006827,2000,0.09,491.099,3486,1677,58.272477865219116
paper,5,147456,293,0.9419795221843004,158.0,2000,0.087,489.9455,3486,1677,58.272477865219116
paper,5,196608,293,0.9590443686006825,150.77474402730377,2000,0.1055,488.0545,3486,1677,58.272477865219116
paper,5,245760,293,0.9488054607508533,151.9692832764505,2000,0.0965,488.3065,3486,1677,58.272477865219116
paper,5,294912,293,0.962457337883959,147.9556313993174,2000,0.104,488.2055,3486,1677,58.272477865219116
paper,5,344064,293,0.962457337883959,144.22184300341297,2000,0.103,486.9025,3486,1677,58.272477865219116
paper,5,393216,293,0.9522184300341296,151.15358361774744,2000,0.086,489.539,3486,1677,58.272477865219116
paper,5,442368,293,0.9556313993174061,148.64163822525597,2000,0.098,489.126,3486,1677,58.272477865219116
paper,5,491520,293,0.9658703071672355,145.0580204778157,2000,0.083,490.0695,3486,1677,58.272477865219116
paper_maxmc,5,0,293,0.0,500.0,2000,0.0,500.0,4076,1953,58.09408092498779
paper_maxmc,5,49152,293,0.9351535836177475,153.73037542662115,2000,0.086,490.161,4076,1953,58.09408092498779
paper_maxmc,5,98304,293,0.9044368600682594,166.6825938566553,2000,0.0515,494.331,4076,1953,58.09408092498779
paper_maxmc,5,147456,293,0.9112627986348123,161.51535836177473,2000,0.064,492.018,4076,1953,58.09408092498779
paper_maxmc,5,196608,293,0.9112627986348123,166.7133105802048,2000,0.045,494.01,4076,1953,58.09408092498779
paper_maxmc,5,245760,293,0.9180887372013652,159.74744027303754,2000,0.0535,493.575,4076,1953,58.09408092498779
paper_maxmc,5,294912,293,0.9385665529010239,156.13993174061434,2000,0.0895,490.082,4076,1953,58.09408092498779
paper_maxmc,5,344064,293,0.9180887372013652,158.1569965870307,2000,0.071,491.703,4076,1953,58.09408092498779
paper_maxmc,5,393216,293,0.9761092150170648,143.13651877133105,2000,0.113,486.671,4076,1953,58.09408092498779
paper_maxmc,5,442368,293,0.7372013651877133,213.19795221843003,2000,0.019,497.3695,4076,1953,58.09408092498779
paper_maxmc,5,491520,293,0.931740614334471,153.08873720136518,2000,0.0775,490.929,4076,1953,58.09408092498779
paper_p09,5,0,293,0.7133105802047781,261.7542662116041,2000,0.006,499.5265,6459,5694,54.36331391334534
paper_p09,5,49152,293,0.9488054607508533,155.1467576791809,2000,0.086,490.6695,6459,5694,54.36331391334534
paper_p09,5,98304,293,0.7713310580204779,222.8566552901024,2000,0.053,493.812,6459,5694,54.36331391334534
paper_p09,5,147456,293,0.931740614334471,152.21843003412968,2000,0.093,488.998,6459,5694,54.36331391334534
paper_p09,5,196608,293,0.9488054607508533,149.8668941979522,2000,0.094,489.0145,6459,5694,54.36331391334534
paper_p09,5,245760,293,0.9453924914675768,149.7064846416382,2000,0.07,491.7295,6459,5694,54.36331391334534
paper_p09,5,294912,293,0.9590443686006825,147.52559726962457,2000,0.086,490.28,6459,5694,54.36331391334534
paper_p09,5,344064,293,0.9385665529010239,152.51535836177473,2000,0.06,493.2345,6459,5694,54.36331391334534
paper_p09,5,393216,293,0.9283276450511946,159.92832764505118,2000,0.065,492.532,6459,5694,54.36331391334534
paper_p09,5,442368,293,0.931740614334471,157.89419795221843,2000,0.058,494.038,6459,5694,54.36331391334534
paper_p09,5,491520,293,0.8156996587030717,193.89419795221843,2000,0.021,497.7185,6459,5694,54.36331391334534
paper_p02,5,0,293,0.15699658703071673,470.3344709897611,2000,0.0,500.0,2991,573,53.379223108291626
paper_p02,5,49152,293,0.9385665529010239,158.52901023890786,2000,0.078,492.6775,2991,573,53.379223108291626
paper_p02,5,98304,293,0.9215017064846417,164.4505119453925,2000,0.0505,494.4515,2991,573,53.379223108291626
paper_p02,5,147456,293,0.9488054607508533,154.8122866894198,2000,0.0885,489.869,2991,573,53.379223108291626
paper_p02,5,196608,293,0.9522184300341296,153.36518771331058,2000,0.082,490.239,2991,573,53.379223108291626
paper_p02,5,245760,293,0.9419795221843004,149.93515358361773,2000,0.096,490.6985,2991,573,53.379223108291626
paper_p02,5,294912,293,0.9351535836177475,160.50170648464163,2000,0.0735,491.624,2991,573,53.379223108291626
paper_p02,5,344064,293,0.9488054607508533,151.78156996587032,2000,0.077,491.2655,2991,573,53.379223108291626
paper_p02,5,393216,293,0.9453924914675768,146.86006825938566,2000,0.107,487.5845,2991,573,53.379223108291626
paper_p02,5,442368,293,0.9522184300341296,155.22866894197952,2000,0.076,491.973,2991,573,53.379223108291626
paper_p02,5,491520,293,0.9010238907849829,160.99317406143345,2000,0.0485,494.5735,2991,573,53.379223108291626
paper_beta03,5,0,293,0.0,500.0,2000,0.0,500.0,3660,1741,53.01017785072327
paper_beta03,5,49152,293,0.9351535836177475,159.86348122866895,2000,0.0745,492.7605,3660,1741,53.01017785072327
paper_beta03,5,98304,293,0.8907849829351536,165.79863481228668,2000,0.0565,493.0825,3660,1741,53.01017785072327
paper_beta03,5,147456,293,0.7372013651877133,218.3174061433447,2000,0.024,497.0995,3660,1741,53.01017785072327
paper_beta03,5,196608,293,0.9556313993174061,152.839590443686,2000,0.09,490.622,3660,1741,53.01017785072327
paper_beta03,5,245760,293,0.8088737201365188,201.49488054607508,2000,0.034,496.116,3660,1741,53.01017785072327
paper_beta03,5,294912,293,0.8600682593856656,187.76109215017064,2000,0.037,496.4275,3660,1741,53.01017785072327
paper_beta03,5,344064,293,0.9522184300341296,155.1569965870307,2000,0.087,490.585,3660,1741,53.01017785072327
paper_beta03,5,393216,293,0.9453924914675768,153.7098976109215,2000,0.067,492.4265,3660,1741,53.01017785072327
paper_beta03,5,442368,293,0.8395904436860068,182.82935153583617,2000,0.04,495.6735,3660,1741,53.01017785072327
paper_beta03,5,491520,293,0.8293515358361775,183.7133105802048,2000,0.038,495.8005,3660,1741,53.01017785072327
paper_buf200,5,0,293,0.034129692832764506,488.96928327645054,2000,0.0,500.0,3945,1984,52.715168952941895
paper_buf200,5,49152,293,0.9453924914675768,153.87713310580205,2000,0.0915,489.272,3945,1984,52.715168952941895
paper_buf200,5,98304,293,0.8464163822525598,178.34470989761093,2000,0.034,495.393,3945,1984,52.715168952941895
paper_buf200,5,147456,293,0.863481228668942,176.27986348122866,2000,0.0305,496.061,3945,1984,52.715168952941895
paper_buf200,5,196608,293,0.7849829351535836,202.79180887372013,2000,0.0185,497.7985,3945,1984,52.715168952941895
paper_buf200,5,245760,293,0.9522184300341296,146.40273037542661,2000,0.078,491.511,3945,1984,52.715168952941895
paper_buf200,5,294912,293,0.9419795221843004,151.60409556313994,2000,0.0645,492.3775,3945,1984,52.715168952941895
paper_buf200,5,344064,293,0.9453924914675768,149.78839590443687,2000,0.1025,488.2045,3945,1984,52.715168952941895
paper_buf200,5,393216,293,0.9453924914675768,148.94539249146757,2000,0.096,488.373,3945,1984,52.715168952941895
paper_buf200,5,442368,293,0.9453924914675768,143.98976109215016,2000,0.1005,488.2885,3945,1984,52.715168952941895
paper_buf200,5,491520,293,0.9146757679180887,156.90443686006827,2000,0.062,492.0105,3945,1984,52.715168952941895
paper_negret,5,0,293,0.8668941979522184,183.37201365187713,2000,0.012,498.502,1445,723,52.37481498718262
paper_negret,5,49152,293,0.7440273037542662,238.2901023890785,2000,0.0485,494.9025,1445,723,52.37481498718262
paper_negret,5,98304,293,0.7133105802047781,224.97952218430035,2000,0.019,498.0845,1445,723,52.37481498718262
paper_negret,5,147456,293,0.8703071672354948,178.0580204778157,2000,0.0145,498.3665,1445,723,52.37481498718262
paper_negret,5,196608,293,0.7337883959044369,224.92832764505118,2000,0.0235,497.7425,1445,723,52.37481498718262
paper_negret,5,245760,293,0.6621160409556314,256.0716723549488,2000,0.0175,497.998,1445,723,52.37481498718262
paper_negret,5,294912,293,0.9488054607508533,159.9556313993174,2000,0.078,492.1705,1445,723,52.37481498718262
paper_negret,5,344064,293,0.9146757679180887,164.46757679180888,2000,0.0775,491.8045,1445,723,52.37481498718262
paper_negret,5,393216,293,0.9522184300341296,148.97952218430035,2000,0.105,487.242,1445,723,52.37481498718262
paper_negret,5,442368,293,0.9522184300341296,146.25597269624572,2000,0.061,493.3175,1445,723,52.37481498718262
paper_negret,5,491520,293,0.9385665529010239,151.66211604095562,2000,0.0865,490.181,1445,723,52.37481498718262
sipacl_beta01,5,0,293,0.13310580204778158,462.06825938566556,2000,0.0,500.0,4184,2051,52.47512078285217
sipacl_beta01,5,49152,293,0.9488054607508533,155.40273037542661,2000,0.0855,490.479,4184,2051,52.47512078285217
sipacl_beta01,5,98304,293,0.9249146757679181,160.88737201365188,2000,0.0645,492.836,4184,2051,52.47512078285217
sipacl_beta01,5,147456,293,0.9283276450511946,158.6075085324232,2000,0.07,491.592,4184,2051,52.47512078285217
sipacl_beta01,5,196608,293,0.8668941979522184,180.0136518771331,2000,0.0305,496.289,4184,2051,52.47512078285217
sipacl_beta01,5,245760,293,0.8054607508532423,194.3071672354949,2000,0.0255,497.0305,4184,2051,52.47512078285217
sipacl_beta01,5,294912,293,0.7849829351535836,199.58703071672355,2000,0.0315,496.4145,4184,2051,52.47512078285217
sipacl_beta01,5,344064,293,0.856655290102389,176.7372013651877,2000,0.0415,495.778,4184,2051,52.47512078285217
sipacl_beta01,5,393216,293,0.7952218430034129,195.21843003412968,2000,0.031,496.3405,4184,2051,52.47512078285217
sipacl_beta01,5,442368,293,0.7303754266211604,216.03754266211604,2000,0.015,498.0255,4184,2051,52.47512078285217
sipacl_beta01,5,491520,293,0.8088737201365188,196.3037542662116,2000,0.0345,495.679,4184,2051,52.47512078285217
paper_robust,6,0,293,0.5221843003412969,408.71672354948805,2000,0.0,500.0,3752,1888,28.566827058792114
paper_robust,6,49152,293,0.5221843003412969,408.71672354948805,2000,0.0,500.0,3752,1888,28.566827058792114
paper_robust,6,98304,293,0.9556313993174061,149.93856655290102,2000,0.093,489.8675,3752,1888,28.566827058792114
paper_robust,6,147456,293,0.9146757679180887,157.92150170648463,2000,0.0515,493.818,3752,1888,28.566827058792114
paper_robust,6,196608,293,0.9385665529010239,150.52901023890786,2000,0.0655,493.008,3752,1888,28.566827058792114
paper_robust,6,245760,293,0.9522184300341296,145.93174061433447,2000,0.091,489.5455,3752,1888,28.566827058792114
paper_robust,6,294912,293,0.962457337883959,148.21843003412968,2000,0.093,489.914,3752,1888,28.566827058792114
paper_robust,6,344064,293,0.9658703071672355,146.7542662116041,2000,0.07,492.5265,3752,1888,28.566827058792114
paper_robust,6,393216,293,0.9385665529010239,148.6075085324232,2000,0.067,492.796,3752,1888,28.566827058792114
paper_robust,6,442368,293,0.9590443686006825,143.2866894197952,2000,0.086,490.6725,3752,1888,28.566827058792114
paper_robust,6,491520,293,0.931740614334471,154.3481228668942,2000,0.066,492.431,3752,1888,28.566827058792114
DR,6,0,293,0.023890784982935155,495.4641638225256,2000,0.0,500.0,2637,0,30.188209295272827
DR,6,49152,293,0.9488054607508533,160.0580204778157,2000,0.0795,491.8625,2637,0,30.188209295272827
DR,6,98304,293,0.8976109215017065,179.2730375426621,2000,0.081,490.68,2637,0,30.188209295272827
DR,6,147456,293,0.9453924914675768,153.5836177474403,2000,0.0715,492.058,2637,0,30.188209295272827
DR,6,196608,293,0.7747440273037542,223.15017064846415,2000,0.043,494.9515,2637,0,30.188209295272827
DR,6,245760,293,0.931740614334471,160.01023890784984,2000,0.0585,492.921,2637,0,30.188209295272827
DR,6,294912,293,0.8907849829351536,165.29692832764505,2000,0.0435,495.2785,2637,0,30.188209295272827
DR,6,344064,293,0.8907849829351536,165.50511945392492,2000,0.038,495.1175,2637,0,30.188209295272827
DR,6,393216,293,0.89419795221843,165.8430034129693,2000,0.0565,493.5445,2637,0,30.188209295272827
DR,6,442368,293,0.962457337883959,148.36177474402731,2000,0.0975,489.2745,2637,0,30.188209295272827
DR,6,491520,293,0.9385665529010239,153.40955631399316,2000,0.075,491.822,2637,0,30.188209295272827
sipacl,6,0,293,0.0,500.0,2000,0.0,500.0,3788,1926,30.463931798934937
sipacl,6,49152,293,0.9556313993174061,158.3071672354949,2000,0.0845,491.304,3788,1926,30.463931798934937
sipacl,6,98304,293,0.9283276450511946,160.08873720136518,2000,0.078,490.6025,3788,1926,30.463931798934937
sipacl,6,147456,293,0.8873720136518771,173.45392491467578,2000,0.041,495.4255,3788,1926,30.463931798934937
sipacl,6,196608,293,0.9522184300341296,156.20477815699658,2000,0.082,490.9985,3788,1926,30.463931798934937
sipacl,6,245760,293,0.9385665529010239,160.1023890784983,2000,0.0645,492.7505,3788,1926,30.463931798934937
sipacl,6,294912,293,0.931740614334471,157.8532423208191,2000,0.065,492.0525,3788,1926,30.463931798934937
sipacl,6,344064,293,0.9385665529010239,151.63139931740614,2000,0.075,491.2465,3788,1926,30.463931798934937
sipacl,6,393216,293,0.9112627986348123,163.44027303754265,2000,0.0535,493.432,3788,1926,30.463931798934937
sipacl,6,442368,293,0.9283276450511946,155.679180887372,2000,0.0505,493.9985,3788,1926,30.463931798934937
sipacl,6,491520,293,0.9453924914675768,150.6962457337884,2000,0.1015,487.2065,3788,1926,30.463931798934937
paper,6,0,293,0.0,500.0,2000,0.0,500.0,3666,1805,30.441479921340942
paper,6,49152,293,0.8191126279863481,247.81911262798636,2000,0.0005,499.945,3666,1805,30.441479921340942
paper,6,98304,293,0.9488054607508533,155.94880546075086,2000,0.079,491.022,3666,1805,30.441479921340942
paper,6,147456,293,0.9522184300341296,147.45733788395904,2000,0.083,490.557,3666,1805,30.441479921340942
paper,6,196608,293,0.931740614334471,160.04778156996588,2000,0.0675,492.885,3666,1805,30.441479921340942
paper,6,245760,293,0.9112627986348123,164.32764505119454,2000,0.0405,495.2935,3666,1805,30.441479921340942
paper,6,294912,293,0.9146757679180887,156.07849829351537,2000,0.057,494.033,3666,1805,30.441479921340942
paper,6,344064,293,0.764505119453925,208.28327645051195,2000,0.022,497.175,3666,1805,30.441479921340942
paper,6,393216,293,0.9795221843003413,141.47440273037543,2000,0.085,490.34,3666,1805,30.441479921340942
paper,6,442368,293,0.825938566552901,185.3344709897611,2000,0.025,497.3015,3666,1805,30.441479921340942
paper,6,491520,293,0.856655290102389,169.74402730375428,2000,0.036,495.3325,3666,1805,30.441479921340942
paper_l1,6,0,293,0.0,500.0,2000,0.0,500.0,2749,1328,30.24335217475891
paper_l1,6,49152,293,0.9112627986348123,165.87372013651878,2000,0.071,492.2045,2749,1328,30.24335217475891
paper_l1,6,98304,293,0.9351535836177475,162.23890784982936,2000,0.0825,491.325,2749,1328,30.24335217475891
paper_l1,6,147456,293,0.9351535836177475,159.9863481228669,2000,0.082,491.422,2749,1328,30.24335217475891
paper_l1,6,196608,293,0.9590443686006825,151.51194539249147,2000,0.09,489.37,2749,1328,30.24335217475891
paper_l1,6,245760,293,0.9522184300341296,152.320819112628,2000,0.0835,490.983,2749,1328,30.24335217475891
paper_l1,6,294912,293,0.9590443686006825,151.20819112627987,2000,0.0875,489.9615,2749,1328,30.24335217475891
paper_l1,6,344064,293,0.9556313993174061,145.2457337883959,2000,0.086,489.308,2749,1328,30.24335217475891
paper_l1,6,393216,293,0.931740614334471,156.6075085324232,2000,0.079,490.5485,2749,1328,30.24335217475891
paper_l1,6,442368,293,0.9385665529010239,155.51877133105802,2000,0.1015,488.162,2749,1328,30.24335217475891
paper_l1,6,491520,293,0.962457337883959,145.09556313993173,2000,0.0945,489.3635,2749,1328,30.24335217475891
paper_maxmc,6,0,293,0.0,500.0,2000,0.0,500.0,3975,1973,30.13057589530945
paper_maxmc,6,49152,293,0.9078498293515358,171.2935153583618,2000,0.077,491.7315,3975,1973,30.13057589530945
paper_maxmc,6,98304,293,0.8976109215017065,164.12286689419795,2000,0.0565,493.764,3975,1973,30.13057589530945
paper_maxmc,6,147456,293,0.9010238907849829,168.82935153583617,2000,0.07,491.2875,3975,1973,30.13057589530945
paper_maxmc,6,196608,293,0.8976109215017065,168.64163822525597,2000,0.0425,494.9525,3975,1973,30.13057589530945
paper_maxmc,6,245760,293,0.8600682593856656,176.419795221843,2000,0.034,495.7565,3975,1973,30.13057589530945
paper_maxmc,6,294912,293,0.8839590443686007,165.64163822525597,2000,0.029,496.368,3975,1973,30.13057589530945
paper_maxmc,6,344064,293,0.9453924914675768,149.13993174061434,2000,0.0985,488.9355,3975,1973,30.13057589530945
paper_maxmc,6,393216,293,0.8873720136518771,165.74402730375428,2000,0.0315,496.528,3975,1973,30.13057589530945
paper_maxmc,6,442368,293,0.931740614334471,154.53242320819112,2000,0.076,491.0275,3975,1973,30.13057589530945
paper_maxmc,6,491520,293,0.9488054607508533,152.4505119453925,2000,0.065,492.7935,3975,1973,30.13057589530945
paper_p09,6,0,293,0.8020477815699659,215.78156996587032,2000,0.008,498.97,6036,5395,32.201581954956055
paper_p09,6,49152,293,0.9556313993174061,147.07167235494882,2000,0.088,489.5525,6036,5395,32.201581954956055
paper_p09,6,98304,293,0.7849829351535836,194.31058020477815,2000,0.0255,497.1165,6036,5395,32.201581954956055
paper_p09,6,147456,293,0.6552901023890785,247.05119453924914,2000,0.011,498.7955,6036,5395,32.201581954956055
paper_p09,6,196608,293,0.9283276450511946,158.74402730375428,2000,0.073,491.3945,6036,5395,32.201581954956055
paper_p09,6,245760,293,0.8054607508532423,190.40955631399316,2000,0.0285,496.8615,6036,5395,32.201581954956055
paper_p09,6,294912,293,0.9488054607508533,143.36860068259386,2000,0.0855,490.942,6036,5395,32.201581954956055
paper_p09,6,344064,293,0.9522184300341296,145.27986348122866,2000,0.086,490.5585,6036,5395,32.201581954956055
paper_p09,6,393216,293,0.9044368600682594,160.740614334471,2000,0.0465,494.518,6036,5395,32.201581954956055
paper_p09,6,442368,293,0.9488054607508533,149.82252559726962,2000,0.0765,491.6105,6036,5395,32.201581954956055
paper_p09,6,491520,293,0.9522184300341296,149.62798634812287,2000,0.0865,490.297,6036,5395,32.201581954956055
paper_p02,6,0,293,0.11945392491467577,465.01706484641636,2000,0.0005,499.973,2916,572,32.295270919799805
paper_p02,6,49152,293,0.962457337883959,147.93515358361773,2000,0.0965,488.8885,2916,572,32.295270919799805
paper_p02,6,98304,293,0.9556313993174061,152.04778156996588,2000,0.079,490.961,2916,572,32.295270919799805
paper_p02,6,147456,293,0.9283276450511946,165.06825938566553,2000,0.0735,491.935,2916,572,32.295270919799805
paper_p02,6,196608,293,0.9283276450511946,161.78498293515358,2000,0.069,491.9845,2916,572,32.295270919799805
paper_p02,6,245760,293,0.9488054607508533,153.99317406143345,2000,0.0685,491.4815,2916,572,32.295270919799805
paper_p02,6,294912,293,0.8839590443686007,171.09215017064847,2000,0.051,494.5675,2916,572,32.295270919799805
paper_p02,6,344064,293,0.9522184300341296,152.259385665529,2000,0.09,489.796,2916,572,32.295270919799805
paper_p02,6,393216,293,0.9453924914675768,152.22866894197952,2000,0.0735,491.2785,2916,572,32.295270919799805
paper_p02,6,442368,293,0.9692832764505119,148.78156996587032,2000,0.0995,488.1785,2916,572,32.295270919799805
paper_p02,6,491520,293,0.9385665529010239,151.31058020477815,2000,0.085,490.797,2916,572,32.295270919799805
paper_beta03,6,0,293,0.0,500.0,2000,0.0,500.0,3623,1732,32.30060291290283
paper_beta03,6,49152,293,0.9078498293515358,176.60409556313994,2000,0.0525,494.5525,3623,1732,32.30060291290283
paper_beta03,6,98304,293,0.8191126279863481,194.32423208191128,2000,0.0225,497.1765,3623,1732,32.30060291290283
paper_beta03,6,147456,293,0.5460750853242321,281.4948805460751,2000,0.0055,499.3055,3623,1732,32.30060291290283
paper_beta03,6,196608,293,0.962457337883959,148.22525597269623,2000,0.1045,487.6215,3623,1732,32.30060291290283
paper_beta03,6,245760,293,0.9453924914675768,148.82252559726962,2000,0.083,490.2365,3623,1732,32.30060291290283
paper_beta03,6,294912,293,0.9488054607508533,145.7542662116041,2000,0.088,489.9625,3623,1732,32.30060291290283
paper_beta03,6,344064,293,0.9488054607508533,151.90443686006827,2000,0.076,491.2355,3623,1732,32.30060291290283
paper_beta03,6,393216,293,0.9249146757679181,157.0307167235495,2000,0.053,493.8825,3623,1732,32.30060291290283
paper_beta03,6,442368,293,0.8088737201365188,192.5665529010239,2000,0.0315,496.387,3623,1732,32.30060291290283
paper_beta03,6,491520,293,0.9522184300341296,150.21843003412968,2000,0.077,491.566,3623,1732,32.30060291290283
paper_buf200,6,0,293,0.0,500.0,2000,0.0,500.0,3895,1915,32.20167589187622
paper_buf200,6,49152,293,0.7372013651877133,217.49488054607508,2000,0.0165,498.2145,3895,1915,32.20167589187622
paper_buf200,6,98304,293,0.9488054607508533,156.9556313993174,2000,0.099,488.827,3895,1915,32.20167589187622
paper_buf200,6,147456,293,0.9044368600682594,161.5529010238908,2000,0.059,493.5885,3895,1915,32.20167589187622
paper_buf200,6,196608,293,0.8907849829351536,165.9829351535836,2000,0.0595,493.7325,3895,1915,32.20167589187622
paper_buf200,6,245760,293,0.9522184300341296,151.30034129692834,2000,0.0645,492.9785,3895,1915,32.20167589187622
paper_buf200,6,294912,293,0.9453924914675768,155.15358361774744,2000,0.0515,493.783,3895,1915,32.20167589187622
paper_buf200,6,344064,293,0.8327645051194539,186.1160409556314,2000,0.031,495.9405,3895,1915,32.20167589187622
paper_buf200,6,393216,293,0.9215017064846417,160.09556313993173,2000,0.0625,492.744,3895,1915,32.20167589187622
paper_buf200,6,442368,293,0.9453924914675768,155.0273037542662,2000,0.0665,492.0025,3895,1915,32.20167589187622
paper_buf200,6,491520,293,0.9522184300341296,153.19112627986348,2000,0.065,492.467,3895,1915,32.20167589187622
paper_negret,6,0,293,0.2525597269624573,433.73720136518773,2000,0.0,500.0,1483,693,31.898788928985596
paper_negret,6,49152,293,0.9146757679180887,162.11262798634812,2000,0.0555,493.5455,1483,693,31.898788928985596
paper_negret,6,98304,293,0.9044368600682594,173.8839590443686,2000,0.0205,498.267,1483,693,31.898788928985596
paper_negret,6,147456,293,0.0034129692832764505,499.1194539249147,2000,0.0,500.0,1483,693,31.898788928985596
paper_negret,6,196608,293,0.9249146757679181,165.97610921501706,2000,0.0655,492.6405,1483,693,31.898788928985596
paper_negret,6,245760,293,0.931740614334471,171.07167235494882,2000,0.064,494.0085,1483,693,31.898788928985596
paper_negret,6,294912,293,0.5597269624573379,298.56313993174064,2000,0.0325,495.801,1483,693,31.898788928985596
paper_negret,6,344064,293,0.9692832764505119,150.08873720136518,2000,0.093,489.433,1483,693,31.898788928985596
paper_negret,6,393216,293,0.9453924914675768,149.7235494880546,2000,0.073,492.4555,1483,693,31.898788928985596
paper_negret,6,442368,293,0.9522184300341296,151.04778156996588,2000,0.073,491.787,1483,693,31.898788928985596
paper_negret,6,491520,293,0.9283276450511946,163.69965870307166,2000,0.087,490.5665,1483,693,31.898788928985596
sipacl_beta01,6,0,293,0.0,500.0,2000,0.0,500.0,4239,2181,32.370124101638794
sipacl_beta01,6,49152,293,0.931740614334471,163.49146757679182,2000,0.063,492.6755,4239,2181,32.370124101638794
sipacl_beta01,6,98304,293,0.9351535836177475,155.7542662116041,2000,0.0855,490.097,4239,2181,32.370124101638794
sipacl_beta01,6,147456,293,0.7986348122866894,207.38907849829351,2000,0.0635,492.451,4239,2181,32.370124101638794
sipacl_beta01,6,196608,293,0.9146757679180887,168.25597269624572,2000,0.0745,491.436,4239,2181,32.370124101638794
sipacl_beta01,6,245760,293,0.9590443686006825,151.5665529010239,2000,0.079,490.366,4239,2181,32.370124101638794
sipacl_beta01,6,294912,293,0.9044368600682594,159.44368600682594,2000,0.071,491.598,4239,2181,32.370124101638794
sipacl_beta01,6,344064,293,0.9180887372013652,156.08532423208192,2000,0.0695,492.0255,4239,2181,32.370124101638794
sipacl_beta01,6,393216,293,0.9351535836177475,155.12627986348122,2000,0.082,491.263,4239,2181,32.370124101638794
sipacl_beta01,6,442368,293,0.9488054607508533,149.44368600682594,2000,0.0775,491.307,4239,2181,32.370124101638794
sipacl_beta01,6,491520,293,0.962457337883959,144.67235494880546,2000,0.079,491.1935,4239,2181,32.370124101638794
paper_robust,7,0,293,0.07167235494880546,488.9419795221843,2000,0.0,500.0,3502,1653,32.46541690826416
paper_robust,7,49152,293,0.07167235494880546,488.9419795221843,2000,0.0,500.0,3502,1653,32.46541690826416
paper_robust,7,98304,293,0.8976109215017065,174.0,2000,0.0465,494.9605,3502,1653,32.46541690826416
paper_robust,7,147456,293,0.9453924914675768,154.06825938566553,2000,0.083,491.1825,3502,1653,32.46541690826416
paper_robust,7,196608,293,0.9112627986348123,163.6655290102389,2000,0.0635,492.2655,3502,1653,32.46541690826416
paper_robust,7,245760,293,0.8839590443686007,167.94880546075086,2000,0.0485,494.893,3502,1653,32.46541690826416
paper_robust,7,294912,293,0.9590443686006825,148.68600682593856,2000,0.0925,488.834,3502,1653,32.46541690826416
paper_robust,7,344064,293,0.9385665529010239,151.05119453924914,2000,0.073,491.42,3502,1653,32.46541690826416
paper_robust,7,393216,293,0.8873720136518771,162.0273037542662,2000,0.047,495.214,3502,1653,32.46541690826416
paper_robust,7,442368,293,0.9146757679180887,157.36860068259386,2000,0.047,494.3165,3502,1653,32.46541690826416
paper_robust,7,491520,293,0.9556313993174061,148.15358361774744,2000,0.0985,489.0005,3502,1653,32.46541690826416
DR,7,0,293,0.14334470989761092,454.99658703071674,2000,0.0015,499.867,2432,0,35.6085159778595
DR,7,49152,293,0.9419795221843004,153.19795221843003,2000,0.082,490.5145,2432,0,35.6085159778595
DR,7,98304,293,0.9453924914675768,160.54607508532422,2000,0.072,493.1695,2432,0,35.6085159778595
DR,7,147456,293,0.9453924914675768,156.98976109215016,2000,0.066,492.165,2432,0,35.6085159778595
DR,7,196608,293,0.9453924914675768,157.77474402730377,2000,0.081,491.139,2432,0,35.6085159778595
DR,7,245760,293,0.9180887372013652,166.81911262798636,2000,0.0615,492.731,2432,0,35.6085159778595
DR,7,294912,293,0.9044368600682594,169.37883959044368,2000,0.0455,494.729,2432,0,35.6085159778595
DR,7,344064,293,0.757679180887372,214.7679180887372,2000,0.0185,497.61,2432,0,35.6085159778595
DR,7,393216,293,0.9010238907849829,167.419795221843,2000,0.043,494.973,2432,0,35.6085159778595
DR,7,442368,293,0.8805460750853242,170.74744027303754,2000,0.0405,494.8085,2432,0,35.6085159778595
DR,7,491520,293,0.9522184300341296,150.0170648464164,2000,0.108,487.91,2432,0,35.6085159778595
sipacl,7,0,293,0.0,500.0,2000,0.0,500.0,3550,1771,35.72714710235596
sipacl,7,49152,293,0.89419795221843,176.2935153583618,2000,0.0445,494.4435,3550,1771,35.72714710235596
sipacl,7,98304,293,0.931740614334471,160.54266211604096,2000,0.067,492.7345,3550,1771,35.72714710235596
sipacl,7,147456,293,0.9385665529010239,157.07849829351537,2000,0.0965,488.7385,3550,1771,35.72714710235596
sipacl,7,196608,293,0.9010238907849829,173.27986348122866,2000,0.048,494.5445,3550,1771,35.72714710235596
sipacl,7,245760,293,0.9283276450511946,158.63139931740614,2000,0.067,492.9225,3550,1771,35.72714710235596
sipacl,7,294912,293,0.9419795221843004,156.57337883959045,2000,0.088,490.1605,3550,1771,35.72714710235596
sipacl,7,344064,293,0.8668941979522184,175.03754266211604,2000,0.05,493.7915,3550,1771,35.72714710235596
sipacl,7,393216,293,0.9488054607508533,147.64163822525597,2000,0.0805,490.9895,3550,1771,35.72714710235596
sipacl,7,442368,293,0.9215017064846417,165.53924914675767,2000,0.056,493.32,3550,1771,35.72714710235596
sipacl,7,491520,293,0.9590443686006825,150.7542662116041,2000,0.1,488.6435,3550,1771,35.72714710235596
paper_l1,7,0,293,0.2901023890784983,417.8327645051194,2000,0.0,500.0,2799,1402,35.23257493972778
paper_l1,7,49152,293,0.45051194539249145,323.32764505119457,2000,0.0055,499.5385,2799,1402,35.23257493972778
paper_l1,7,98304,293,0.5051194539249146,303.68941979522185,2000,0.008,498.984,2799,1402,35.23257493972778
paper_l1,7,147456,293,0.6040955631399317,267.0409556313993,2000,0.015,498.206,2799,1402,35.23257493972778
paper_l1,7,196608,293,0.6279863481228669,261.35494880546077,2000,0.009,498.7235,2799,1402,35.23257493972778
paper_l1,7,245760,293,0.5460750853242321,283.86348122866895,2000,0.009,498.8515,2799,1402,35.23257493972778
paper_l1,7,294912,293,0.6996587030716723,228.86348122866895,2000,0.0155,498.0975,2799,1402,35.23257493972778
paper_l1,7,344064,293,0.9590443686006825,148.7235494880546,2000,0.0695,493.1915,2799,1402,35.23257493972778
paper_l1,7,393216,293,0.8771331058020477,173.8703071672355,2000,0.0405,495.069,2799,1402,35.23257493972778
paper_l1,7,442368,293,0.9453924914675768,148.80546075085323,2000,0.088,489.6725,2799,1402,35.23257493972778
paper_l1,7,491520,293,0.8771331058020477,169.26621160409556,2000,0.044,495.4605,2799,1402,35.23257493972778
paper_maxmc,7,0,293,0.0,500.0,2000,0.0,500.0,3885,1922,936.4720070362091
paper_maxmc,7,49152,293,0.18771331058020477,435.40955631399316,2000,0.0075,499.2675,3885,1922,936.4720070362091
paper_maxmc,7,98304,293,0.9556313993174061,156.62116040955632,2000,0.0955,489.617,3885,1922,936.4720070362091
paper_maxmc,7,147456,293,0.9351535836177475,153.78156996587032,2000,0.0785,491.056,3885,1922,936.4720070362091
paper_maxmc,7,196608,293,0.9351535836177475,159.13651877133105,2000,0.084,490.2,3885,1922,936.4720070362091
paper_maxmc,7,245760,293,0.9522184300341296,147.47098976109214,2000,0.1015,487.7915,3885,1922,936.4720070362091
paper_maxmc,7,294912,293,0.8907849829351536,169.74402730375428,2000,0.0405,494.989,3885,1922,936.4720070362091
paper_maxmc,7,344064,293,0.9146757679180887,166.35836177474403,2000,0.052,494.5505,3885,1922,936.4720070362091
paper_maxmc,7,393216,293,0.9283276450511946,155.49146757679182,2000,0.0545,493.621,3885,1922,936.4720070362091
paper_maxmc,7,442368,293,0.8873720136518771,165.6825938566553,2000,0.026,497.068,3885,1922,936.4720070362091
paper_maxmc,7,491520,293,0.8088737201365188,187.58703071672355,2000,0.0235,497.941,3885,1922,936.4720070362091
paper,7,0,293,0.5255972696245734,368.77133105802045,2000,0.0,500.0,3777,1829,936.8651876449585
paper,7,49152,293,0.4880546075085324,306.25597269624575,2000,0.01,498.825,3777,1829,936.8651876449585
paper,7,98304,293,0.9488054607508533,157.1467576791809,2000,0.0865,490.7255,3777,1829,936.8651876449585
paper,7,147456,293,0.9351535836177475,159.11262798634812,2000,0.1015,487.4565,3777,1829,936.8651876449585
paper,7,196608,293,0.9590443686006825,152.80204778156997,2000,0.097,489.4605,3777,1829,936.8651876449585
paper,7,245760,293,0.962457337883959,147.86006825938566,2000,0.083,490.466,3777,1829,936.8651876449585
paper,7,294912,293,0.9010238907849829,160.4505119453925,2000,0.065,492.064,3777,1829,936.8651876449585
paper,7,344064,293,0.8361774744027304,181.0,2000,0.0475,494.9115,3777,1829,936.8651876449585
paper,7,393216,293,0.9385665529010239,148.62116040955632,2000,0.077,491.566,3777,1829,936.8651876449585
paper,7,442368,293,0.8907849829351536,164.6825938566553,2000,0.0355,495.78,3777,1829,936.8651876449585
paper,7,491520,293,0.9385665529010239,154.1296928327645,2000,0.1,488.808,3777,1829,936.8651876449585
paper_p09,7,0,293,0.7098976109215017,255.77815699658703,2000,0.043,495.1285,5940,5259,3164.2010128498077
paper_p09,7,49152,293,0.7474402730375427,213.97952218430035,2000,0.0225,497.685,5940,5259,3164.2010128498077
paper_p09,7,98304,293,0.9419795221843004,154.48464163822527,2000,0.078,491.534,5940,5259,3164.2010128498077
paper_p09,7,147456,293,0.4948805460750853,302.60409556313994,2000,0.006,499.396,5940,5259,3164.2010128498077
paper_p09,7,196608,293,0.8020477815699659,194.07508532423208,2000,0.0285,496.8195,5940,5259,3164.2010128498077
paper_p09,7,245760,293,0.7815699658703071,197.59044368600684,2000,0.026,497.1365,5940,5259,3164.2010128498077
paper_p09,7,294912,293,0.8737201365187713,169.67235494880546,2000,0.0255,497.141,5940,5259,3164.2010128498077
paper_p09,7,344064,293,0.9180887372013652,163.2901023890785,2000,0.058,493.1645,5940,5259,3164.2010128498077
paper_p09,7,393216,293,0.9283276450511946,156.76450511945393,2000,0.0585,493.5295,5940,5259,3164.2010128498077
paper_p09,7,442368,293,0.931740614334471,155.03754266211604,2000,0.0495,494.7365,5940,5259,3164.2010128498077
paper_p09,7,491520,293,0.9351535836177475,150.08873720136518,2000,0.075,491.514,5940,5259,3164.2010128498077
paper_p02,7,0,293,0.006825938566552901,498.6518771331058,2000,0.0,500.0,3086,632,3164.0885660648346
paper_p02,7,49152,293,0.9556313993174061,153.7679180887372,2000,0.077,491.033,3086,632,3164.0885660648346
paper_p02,7,98304,293,0.9419795221843004,153.20136518771332,2000,0.1015,488.623,3086,632,3164.0885660648346
paper_p02,7,147456,293,0.9078498293515358,160.55972696245735,2000,0.05,493.921,3086,632,3164.0885660648346
paper_p02,7,196608,293,0.962457337883959,144.18430034129693,2000,0.093,489.545,3086,632,3164.0885660648346
paper_p02,7,245760,293,0.931740614334471,154.84982935153585,2000,0.077,491.8985,3086,632,3164.0885660648346
paper_p02,7,294912,293,0.9453924914675768,151.70307167235495,2000,0.077,492.008,3086,632,3164.0885660648346
paper_p02,7,344064,293,0.8020477815699659,190.71672354948805,2000,0.0235,496.7175,3086,632,3164.0885660648346
paper_p02,7,393216,293,0.9556313993174061,149.6962457337884,2000,0.101,487.3525,3086,632,3164.0885660648346
paper_p02,7,442368,293,0.8430034129692833,178.00682593856655,2000,0.036,495.7825,3086,632,3164.0885660648346
paper_p02,7,491520,293,0.9419795221843004,151.20819112627987,2000,0.076,490.2875,3086,632,3164.0885660648346
paper_beta03,7,0,293,0.689419795221843,288.3003412969283,2000,0.0,500.0,3653,1795,3165.356432914734
paper_beta03,7,49152,293,0.8054607508532423,244.80887372013652,2000,0.0005,499.889,3653,1795,3165.356432914734
paper_beta03,7,98304,293,0.7679180887372014,217.7542662116041,2000,0.0275,496.832,3653,1795,3165.356432914734
paper_beta03,7,147456,293,0.9385665529010239,155.87713310580205,2000,0.078,491.5925,3653,1795,3165.356432914734
paper_beta03,7,196608,293,0.962457337883959,154.3071672354949,2000,0.085,490.7,3653,1795,3165.356432914734
paper_beta03,7,245760,293,0.9453924914675768,154.83276450511946,2000,0.0895,490.1755,3653,1795,3165.356432914734
paper_beta03,7,294912,293,0.9180887372013652,159.7133105802048,2000,0.0675,492.3565,3653,1795,3165.356432914734
paper_beta03,7,344064,293,0.9419795221843004,154.10921501706486,2000,0.0805,489.8335,3653,1795,3165.356432914734
paper_beta03,7,393216,293,0.9590443686006825,147.35153583617748,2000,0.096,488.4145,3653,1795,3165.356432914734
paper_beta03,7,442368,293,0.9215017064846417,161.4232081911263,2000,0.086,488.7035,3653,1795,3165.356432914734
paper_beta03,7,491520,293,0.9453924914675768,154.32423208191128,2000,0.0975,488.742,3653,1795,3165.356432914734
paper_negret,7,0,293,0.0,500.0,2000,0.0,500.0,1382,638,2263.545595884323
paper_negret,7,49152,293,0.9283276450511946,161.10921501706486,2000,0.0605,493.6465,1382,638,2263.545595884323
paper_negret,7,98304,293,0.9419795221843004,160.81569965870307,2000,0.0775,491.557,1382,638,2263.545595884323
paper_negret,7,147456,293,0.7474402730375427,217.91808873720137,2000,0.0225,497.3785,1382,638,2263.545595884323
paper_negret,7,196608,293,0.8361774744027304,232.07508532423208,2000,0.0035,499.8455,1382,638,2263.545595884323
paper_negret,7,245760,293,0.8225255972696246,191.60068259385665,2000,0.0385,495.5585,1382,638,2263.545595884323
paper_negret,7,294912,293,0.9453924914675768,155.0136518771331,2000,0.0935,490.081,1382,638,2263.545595884323
paper_negret,7,344064,293,0.9453924914675768,153.67235494880546,2000,0.0985,488.707,1382,638,2263.545595884323
paper_negret,7,393216,293,0.9556313993174061,153.9829351535836,2000,0.1075,487.883,1382,638,2263.545595884323
paper_negret,7,442368,293,0.8464163822525598,184.68941979522185,2000,0.0325,496.344,1382,638,2263.545595884323
paper_negret,7,491520,293,0.8873720136518771,170.10580204778157,2000,0.045,495.0505,1382,638,2263.545595884323
paper_buf200,7,0,293,0.7030716723549488,260.7064846416382,2000,0.0025,499.87,3783,1827,2263.764636993408
paper_buf200,7,49152,293,0.9385665529010239,152.10580204778157,2000,0.107,488.501,3783,1827,2263.764636993408
paper_buf200,7,98304,293,0.7713310580204779,205.89078498293514,2000,0.0265,496.99,3783,1827,2263.764636993408
paper_buf200,7,147456,293,0.931740614334471,154.5494880546075,2000,0.0545,494.7125,3783,1827,2263.764636993408
paper_buf200,7,196608,293,0.9215017064846417,158.52901023890786,2000,0.066,492.232,3783,1827,2263.764636993408
paper_buf200,7,245760,293,0.8976109215017065,159.8839590443686,2000,0.0565,493.5425,3783,1827,2263.764636993408
paper_buf200,7,294912,293,0.9522184300341296,148.68600682593856,2000,0.0825,490.9625,3783,1827,2263.764636993408
paper_buf200,7,344064,293,0.8907849829351536,162.88054607508533,2000,0.0515,493.624,3783,1827,2263.764636993408
paper_buf200,7,393216,293,0.7474402730375427,209.419795221843,2000,0.0155,498.168,3783,1827,2263.764636993408
paper_buf200,7,442368,293,0.8191126279863481,184.54607508532422,2000,0.031,496.08,3783,1827,2263.764636993408
paper_buf200,7,491520,293,0.9590443686006825,146.9863481228669,2000,0.1,488.9985,3783,1827,2263.764636993408
sipacl_beta01,7,0,293,0.863481228668942,176.30034129692834,2000,0.031,496.3735,4429,2227,2263.7108631134033
sipacl_beta01,7,49152,293,0.9112627986348123,162.5631399317406,2000,0.06,492.693,4429,2227,2263.7108631134033
sipacl_beta01,7,98304,293,0.9590443686006825,152.03412969283278,2000,0.0895,489.4785,4429,2227,2263.7108631134033
sipacl_beta01,7,147456,293,0.931740614334471,154.8430034129693,2000,0.0615,493.477,4429,2227,2263.7108631134033
sipacl_beta01,7,196608,293,0.8907849829351536,162.75767918088738,2000,0.0505,494.6405,4429,2227,2263.7108631134033
sipacl_beta01,7,245760,293,0.9488054607508533,150.63822525597269,2000,0.077,490.52,4429,2227,2263.7108631134033
sipacl_beta01,7,294912,293,0.9419795221843004,152.8976109215017,2000,0.0855,489.3485,4429,2227,2263.7108631134033
sipacl_beta01,7,344064,293,0.9351535836177475,153.84641638225256,2000,0.0775,491.095,4429,2227,2263.7108631134033
sipacl_beta01,7,393216,293,0.9522184300341296,150.50511945392492,2000,0.077,491.3285,4429,2227,2263.7108631134033
sipacl_beta01,7,442368,293,0.6109215017064846,259.56313993174064,2000,0.0065,499.1695,4429,2227,2263.7108631134033
sipacl_beta01,7,491520,293,0.6484641638225256,246.3174061433447,2000,0.011,498.963,4429,2227,2263.7108631134033
paper_robust,8,0,293,0.1945392491467577,436.9419795221843,2000,0.0,500.0,3537,1765,2576.871758699417
paper_robust,8,49152,293,0.1945392491467577,436.9419795221843,2000,0.0,500.0,3537,1765,2576.871758699417
paper_robust,8,98304,293,0.9419795221843004,149.8532423208191,2000,0.088,491.0075,3537,1765,2576.871758699417
paper_robust,8,147456,293,0.7064846416382252,229.82935153583617,2000,0.017,497.8765,3537,1765,2576.871758699417
paper_robust,8,196608,293,0.7918088737201365,201.68941979522185,2000,0.0205,497.4605,3537,1765,2576.871758699417
paper_robust,8,245760,293,0.9078498293515358,165.61433447098977,2000,0.0365,496.5295,3537,1765,2576.871758699417
paper_robust,8,294912,293,0.9283276450511946,162.12286689419795,2000,0.041,495.1455,3537,1765,2576.871758699417
paper_robust,8,344064,293,0.9044368600682594,165.88737201365188,2000,0.035,496.2455,3537,1765,2576.871758699417
paper_robust,8,393216,293,0.9590443686006825,155.1877133105802,2000,0.0665,492.3335,3537,1765,2576.871758699417
paper_robust,8,442368,293,0.9249146757679181,157.2866894197952,2000,0.058,493.606,3537,1765,2576.871758699417
paper_robust,8,491520,293,0.7337883959044369,219.90443686006827,2000,0.0115,498.7775,3537,1765,2576.871758699417
DR,8,0,293,0.0,500.0,2000,0.0,500.0,2479,0,2580.1454226970673
DR,8,49152,293,0.8600682593856656,180.12627986348122,2000,0.038,495.5955,2479,0,2580.1454226970673
DR,8,98304,293,0.7986348122866894,205.90443686006827,2000,0.0055,499.5505,2479,0,2580.1454226970673
DR,8,147456,293,0.9351535836177475,153.97610921501706,2000,0.0685,492.611,2479,0,2580.1454226970673
DR,8,196608,293,0.9419795221843004,152.5938566552901,2000,0.0785,490.6105,2479,0,2580.1454226970673
DR,8,245760,293,0.9556313993174061,148.79180887372013,2000,0.0885,490.2845,2479,0,2580.1454226970673
DR,8,294912,293,0.9078498293515358,163.36177474402731,2000,0.0535,493.7735,2479,0,2580.1454226970673
DR,8,344064,293,0.9351535836177475,159.49488054607508,2000,0.074,491.368,2479,0,2580.1454226970673
DR,8,393216,293,0.8805460750853242,171.3037542662116,2000,0.048,494.278,2479,0,2580.1454226970673
DR,8,442368,293,0.9522184300341296,147.90443686006827,2000,0.082,490.5045,2479,0,2580.1454226970673
DR,8,491520,293,0.9419795221843004,156.81911262798636,2000,0.0755,491.975,2479,0,2580.1454226970673
sipacl,8,0,293,0.006825938566552901,498.8737201365188,2000,0.0,500.0,3459,1753,3538.762558221817
sipacl,8,49152,293,0.9351535836177475,157.81911262798636,2000,0.097,489.1615,3459,1753,3538.762558221817
sipacl,8,98304,293,0.9488054607508533,151.37883959044368,2000,0.085,489.3515,3459,1753,3538.762558221817
sipacl,8,147456,293,0.9215017064846417,157.41296928327645,2000,0.067,491.3455,3459,1753,3538.762558221817
sipacl,8,196608,293,0.9556313993174061,152.37542662116041,2000,0.101,488.163,3459,1753,3538.762558221817
sipacl,8,245760,293,0.9556313993174061,150.5358361774744,2000,0.099,487.5605,3459,1753,3538.762558221817
sipacl,8,294912,293,0.9522184300341296,150.6962457337884,2000,0.0755,490.381,3459,1753,3538.762558221817
sipacl,8,344064,293,0.9453924914675768,156.39931740614335,2000,0.0695,491.3695,3459,1753,3538.762558221817
sipacl,8,393216,293,0.931740614334471,153.9556313993174,2000,0.0785,491.0485,3459,1753,3538.762558221817
sipacl,8,442368,293,0.962457337883959,143.94880546075086,2000,0.1075,487.6235,3459,1753,3538.762558221817
sipacl,8,491520,293,0.9556313993174061,149.4778156996587,2000,0.1015,488.376,3459,1753,3538.762558221817
paper,8,0,293,0.0,500.0,2000,0.0,500.0,3599,1731,3537.560865163803
paper,8,49152,293,0.46757679180887374,317.73720136518773,2000,0.0095,498.9815,3599,1731,3537.560865163803
paper,8,98304,293,0.41638225255972694,333.8976109215017,2000,0.0075,499.173,3599,1731,3537.560865163803
paper,8,147456,293,0.7815699658703071,206.5836177474403,2000,0.0285,496.981,3599,1731,3537.560865163803
paper,8,196608,293,0.9453924914675768,153.64163822525597,2000,0.081,490.6545,3599,1731,3537.560865163803
paper,8,245760,293,0.9488054607508533,151.39931740614335,2000,0.0695,492.2585,3599,1731,3537.560865163803
paper,8,294912,293,0.9556313993174061,153.06143344709898,2000,0.0735,492.1995,3599,1731,3537.560865163803
paper,8,344064,293,0.9283276450511946,158.40955631399316,2000,0.056,493.253,3599,1731,3537.560865163803
paper,8,393216,293,0.9249146757679181,161.49829351535837,2000,0.053,493.985,3599,1731,3537.560865163803
paper,8,442368,293,0.9283276450511946,154.20819112627987,2000,0.052,494.2615,3599,1731,3537.560865163803
paper,8,491520,293,0.9488054607508533,149.2457337883959,2000,0.089,489.7695,3599,1731,3537.560865163803
paper_l1,8,0,293,0.013651877133105802,497.0887372013652,2000,0.0,500.0,2735,1281,3537.5528111457825
paper_l1,8,49152,293,0.8054607508532423,197.98976109215016,2000,0.029,496.3765,2735,1281,3537.5528111457825
paper_l1,8,98304,293,0.9180887372013652,162.06143344709898,2000,0.075,491.666,2735,1281,3537.5528111457825
paper_l1,8,147456,293,0.9385665529010239,159.87713310580205,2000,0.0775,490.736,2735,1281,3537.5528111457825
paper_l1,8,196608,293,0.9419795221843004,150.4470989761092,2000,0.106,487.451,2735,1281,3537.5528111457825
paper_l1,8,245760,293,0.931740614334471,155.36860068259386,2000,0.081,490.8855,2735,1281,3537.5528111457825
paper_l1,8,294912,293,0.89419795221843,165.37883959044368,2000,0.061,492.5205,2735,1281,3537.5528111457825
paper_l1,8,344064,293,0.7201365187713311,215.47098976109214,2000,0.02,497.3415,2735,1281,3537.5528111457825
paper_l1,8,393216,293,0.9385665529010239,154.51535836177473,2000,0.084,489.924,2735,1281,3537.5528111457825
paper_l1,8,442368,293,0.9590443686006825,149.61774744027304,2000,0.104,487.601,2735,1281,3537.5528111457825
paper_l1,8,491520,293,0.9488054607508533,148.1467576791809,2000,0.0785,491.3915,2735,1281,3537.5528111457825
paper_maxmc,8,0,293,0.0,500.0,2000,0.0,500.0,3977,1959,3537.349182844162
paper_maxmc,8,49152,293,0.7610921501706485,217.15358361774744,2000,0.0165,498.099,3977,1959,3537.349182844162
paper_maxmc,8,98304,293,0.8225255972696246,196.86348122866895,2000,0.029,496.572,3977,1959,3537.349182844162
paper_maxmc,8,147456,293,0.6450511945392492,253.04095563139933,2000,0.014,498.3075,3977,1959,3537.349182844162
paper_maxmc,8,196608,293,0.6757679180887372,238.80887372013652,2000,0.014,498.4785,3977,1959,3537.349182844162
paper_maxmc,8,245760,293,0.8976109215017065,166.3344709897611,2000,0.0405,495.781,3977,1959,3537.349182844162
paper_maxmc,8,294912,293,0.9488054607508533,149.6518771331058,2000,0.078,491.4385,3977,1959,3537.349182844162
paper_maxmc,8,344064,293,0.9556313993174061,151.05119453924914,2000,0.1005,487.54,3977,1959,3537.349182844162
paper_maxmc,8,393216,293,0.9556313993174061,147.37883959044368,2000,0.1045,487.218,3977,1959,3537.349182844162
paper_maxmc,8,442368,293,0.962457337883959,144.27986348122866,2000,0.1155,486.359,3977,1959,3537.349182844162
paper_maxmc,8,491520,293,0.9385665529010239,150.92491467576792,2000,0.1035,488.1095,3977,1959,3537.349182844162
paper_p09,8,0,293,0.4334470989761092,341.5529010238908,2000,0.0025,499.9535,6447,5705,7256.958780765533
paper_p09,8,49152,293,0.9385665529010239,155.27986348122866,2000,0.0935,489.3795,6447,5705,7256.958780765533
paper_p09,8,98304,293,0.9522184300341296,156.82935153583617,2000,0.0855,490.939,6447,5705,7256.958780765533
paper_p09,8,147456,293,0.9590443686006825,148.15358361774744,2000,0.0795,491.3395,6447,5705,7256.958780765533
paper_p09,8,196608,293,0.9658703071672355,147.1467576791809,2000,0.0815,490.71,6447,5705,7256.958780765533
paper_p09,8,245760,293,0.9590443686006825,147.78156996587032,2000,0.087,490.5105,6447,5705,7256.958780765533
paper_p09,8,294912,293,0.9488054607508533,148.99317406143345,2000,0.076,491.065,6447,5705,7256.958780765533
paper_p09,8,344064,293,0.9522184300341296,153.99317406143345,2000,0.075,491.4025,6447,5705,7256.958780765533
paper_p09,8,393216,293,0.764505119453925,210.78498293515358,2000,0.016,498.1915,6447,5705,7256.958780765533
paper_p09,8,442368,293,0.6484641638225256,245.74402730375428,2000,0.02,497.877,6447,5705,7256.958780765533
paper_p09,8,491520,293,0.8600682593856656,176.51877133105802,2000,0.0205,497.652,6447,5705,7256.958780765533
paper_p02,8,0,293,0.0,500.0,2000,0.0,500.0,2855,538,7256.8483719825745
paper_p02,8,49152,293,0.9351535836177475,155.4061433447099,2000,0.06,493.317,2855,538,7256.8483719825745
paper_p02,8,98304,293,0.9215017064846417,163.95904436860067,2000,0.0555,493.861,2855,538,7256.8483719825745
paper_p02,8,147456,293,0.5870307167235495,274.0750853242321,2000,0.0135,498.575,2855,538,7256.8483719825745
paper_p02,8,196608,293,0.9522184300341296,153.06825938566553,2000,0.072,491.574,2855,538,7256.8483719825745
paper_p02,8,245760,293,0.9556313993174061,145.7235494880546,2000,0.115,486.3225,2855,538,7256.8483719825745
paper_p02,8,294912,293,0.8805460750853242,163.65529010238907,2000,0.0625,492.5255,2855,538,7256.8483719825745
paper_p02,8,344064,293,0.9249146757679181,155.93856655290102,2000,0.0855,490.892,2855,538,7256.8483719825745
paper_p02,8,393216,293,0.9522184300341296,149.26962457337885,2000,0.1055,487.043,2855,538,7256.8483719825745
paper_p02,8,442368,293,0.9488054607508533,149.1160409556314,2000,0.0955,488.6685,2855,538,7256.8483719825745
paper_p02,8,491520,293,0.8907849829351536,168.8259385665529,2000,0.0455,494.9795,2855,538,7256.8483719825745
paper_beta03,8,0,293,0.0,500.0,2000,0.0,500.0,3353,1637,6299.532203674316
paper_beta03,8,49152,293,0.9453924914675768,156.08532423208192,2000,0.091,490.0925,3353,1637,6299.532203674316
paper_beta03,8,98304,293,0.7030716723549488,238.80204778156997,2000,0.015,498.7295,3353,1637,6299.532203674316
paper_beta03,8,147456,293,0.8737201365187713,176.82935153583617,2000,0.0425,494.842,3353,1637,6299.532203674316
paper_beta03,8,196608,293,0.8771331058020477,175.29692832764505,2000,0.0465,494.177,3353,1637,6299.532203674316
paper_beta03,8,245760,293,0.9215017064846417,161.03754266211604,2000,0.061,492.525,3353,1637,6299.532203674316
paper_beta03,8,294912,293,0.9385665529010239,150.67235494880546,2000,0.056,494.191,3353,1637,6299.532203674316
paper_beta03,8,344064,293,0.9419795221843004,149.77815699658703,2000,0.0615,492.6425,3353,1637,6299.532203674316
paper_beta03,8,393216,293,0.9146757679180887,160.23890784982936,2000,0.0565,493.4635,3353,1637,6299.532203674316
paper_beta03,8,442368,293,0.6962457337883959,225.74402730375428,2000,0.0185,497.987,3353,1637,6299.532203674316
paper_beta03,8,491520,293,0.9522184300341296,147.7064846416382,2000,0.0885,489.3205,3353,1637,6299.532203674316
paper_negret,8,0,293,0.040955631399317405,489.4402730375427,2000,0.0,500.0,1398,642,6299.78013920784
paper_negret,8,49152,293,0.8976109215017065,175.8566552901024,2000,0.0385,495.694,1398,642,6299.78013920784
paper_negret,8,98304,293,0.9419795221843004,161.94880546075086,2000,0.0345,496.0135,1398,642,6299.78013920784
paper_negret,8,147456,293,0.5187713310580204,303.22525597269623,2000,0.0,500.0,1398,642,6299.78013920784
paper_negret,8,196608,293,0.7235494880546075,234.80887372013652,2000,0.0005,499.9965,1398,642,6299.78013920784
paper_negret,8,245760,293,0.8532423208191127,180.580204778157,2000,0.018,498.1435,1398,642,6299.78013920784
paper_negret,8,294912,293,0.78839590443686,194.80546075085323,2000,0.0155,498.138,1398,642,6299.78013920784
paper_negret,8,344064,293,0.757679180887372,265.77133105802045,2000,0.0,500.0,1398,642,6299.78013920784
paper_negret,8,393216,293,0.9180887372013652,158.32423208191128,2000,0.07,492.515,1398,642,6299.78013920784
paper_negret,8,442368,293,0.9488054607508533,152.2730375426621,2000,0.102,488.593,1398,642,6299.78013920784
paper_negret,8,491520,293,0.9249146757679181,155.78839590443687,2000,0.05,494.0975,1398,642,6299.78013920784
paper_buf200,8,0,293,0.0034129692832764505,498.85665529010237,2000,0.0,500.0,3745,1858,6299.909274816513
paper_buf200,8,49152,293,0.8498293515358362,195.1433447098976,2000,0.0725,491.4115,3745,1858,6299.909274816513
paper_buf200,8,98304,293,0.9249146757679181,157.76450511945393,2000,0.086,490.605,3745,1858,6299.909274816513
paper_buf200,8,147456,293,0.856655290102389,175.9726962457338,2000,0.0445,494.2505,3745,1858,6299.909274816513
paper_buf200,8,196608,293,0.6723549488054608,236.9556313993174,2000,0.0105,498.699,3745,1858,6299.909274816513
paper_buf200,8,245760,293,0.8191126279863481,187.49146757679182,2000,0.0335,495.7675,3745,1858,6299.909274816513
paper_buf200,8,294912,293,0.89419795221843,166.86348122866895,2000,0.0595,492.501,3745,1858,6299.909274816513
paper_buf200,8,344064,293,0.9249146757679181,157.42662116040955,2000,0.0725,491.7025,3745,1858,6299.909274816513
paper_buf200,8,393216,293,0.8532423208191127,174.64846416382252,2000,0.035,496.13,3745,1858,6299.909274816513
paper_buf200,8,442368,293,0.7781569965870307,202.67576791808872,2000,0.028,496.515,3745,1858,6299.909274816513
paper_buf200,8,491520,293,0.8293515358361775,184.5529010238908,2000,0.0365,496.1675,3745,1858,6299.909274816513
sipacl_beta01,8,0,293,0.0,500.0,2000,0.0,500.0,4346,2132,6300.1538553237915
sipacl_beta01,8,49152,293,0.89419795221843,172.8976109215017,2000,0.0385,495.7345,4346,2132,6300.1538553237915
sipacl_beta01,8,98304,293,0.856655290102389,181.36177474402731,2000,0.043,495.8,4346,2132,6300.1538553237915
sipacl_beta01,8,147456,293,0.9488054607508533,154.22184300341297,2000,0.0715,492.5515,4346,2132,6300.1538553237915
sipacl_beta01,8,196608,293,0.8976109215017065,167.16723549488054,2000,0.056,493.593,4346,2132,6300.1538553237915
sipacl_beta01,8,245760,293,0.9488054607508533,150.54607508532422,2000,0.079,491.1935,4346,2132,6300.1538553237915
sipacl_beta01,8,294912,293,0.8771331058020477,177.44368600682594,2000,0.038,495.5795,4346,2132,6300.1538553237915
sipacl_beta01,8,344064,293,0.9180887372013652,158.90784982935153,2000,0.0475,493.8325,4346,2132,6300.1538553237915
sipacl_beta01,8,393216,293,0.9453924914675768,153.78156996587032,2000,0.076,491.06,4346,2132,6300.1538553237915
sipacl_beta01,8,442368,293,0.9385665529010239,151.26621160409556,2000,0.099,488.5705,4346,2132,6300.1538553237915
sipacl_beta01,8,491520,293,0.962457337883959,148.08873720136518,2000,0.091,489.232,4346,2132,6300.1538553237915
sfl_cheap,1,0,293,0.24232081911262798,423.8737201365188,2000,0.0,500.0,1889,936,2352.6171350479126
sfl_cheap,1,49152,293,0.7713310580204779,203.38225255972696,2000,0.031,496.3655,1889,936,2352.6171350479126
sfl_cheap,1,98304,293,0.962457337883959,149.5529010238908,2000,0.097,489.717,1889,936,2352.6171350479126
sfl_cheap,1,147456,293,0.8976109215017065,163.2730375426621,2000,0.062,492.6265,1889,936,2352.6171350479126
sfl_cheap,1,196608,293,0.7064846416382252,227.10921501706486,2000,0.0185,497.644,1889,936,2352.6171350479126
sfl_cheap,1,245760,293,0.8054607508532423,193.44368600682594,2000,0.038,495.573,1889,936,2352.6171350479126
sfl_cheap,1,294912,293,0.89419795221843,164.3924914675768,2000,0.0535,493.587,1889,936,2352.6171350479126
sfl_cheap,1,344064,293,0.8430034129692833,176.25255972696246,2000,0.0365,496.0095,1889,936,2352.6171350479126
sfl_cheap,1,393216,293,0.9249146757679181,159.48464163822527,2000,0.062,492.8785,1889,936,2352.6171350479126
sfl_cheap,1,442368,293,0.8907849829351536,167.51877133105802,2000,0.0665,492.707,1889,936,2352.6171350479126
sfl_cheap,1,491520,293,0.8122866894197952,194.35836177474403,2000,0.0335,496.352,1889,936,2352.6171350479126
sfl,1,0,293,0.06143344709897611,475.99658703071674,2000,0.0,500.0,1625,819,6847.018018960953
sfl,1,49152,293,0.9351535836177475,157.26621160409556,2000,0.059,492.962,1625,819,6847.018018960953
sfl,1,98304,293,0.8737201365187713,187.65529010238907,2000,0.052,494.838,1625,819,6847.018018960953
sfl,1,147456,293,0.9419795221843004,156.11945392491467,2000,0.089,489.954,1625,819,6847.018018960953
sfl,1,196608,293,0.8839590443686007,178.64505119453923,2000,0.045,495.577,1625,819,6847.018018960953
sfl,1,245760,293,0.8327645051194539,202.23549488054607,2000,0.045,494.678,1625,819,6847.018018960953
sfl,1,294912,293,0.9590443686006825,155.95221843003412,2000,0.071,491.8835,1625,819,6847.018018960953
sfl,1,344064,293,0.9556313993174061,159.7064846416382,2000,0.074,491.3405,1625,819,6847.018018960953
sfl,1,393216,293,0.9078498293515358,166.16723549488054,2000,0.049,494.5955,1625,819,6847.018018960953
sfl,1,442368,293,0.931740614334471,156.4778156996587,2000,0.0835,490.6695,1625,819,6847.018018960953
sfl,1,491520,293,0.9488054607508533,153.26621160409556,2000,0.098,488.9085,1625,819,6847.018018960953
sfl_top20,1,0,293,0.5665529010238908,285.5597269624573,2000,0.0105,498.948,1590,797,6846.732993841171
sfl_top20,1,49152,293,0.8191126279863481,189.78156996587032,2000,0.0215,497.4155,1590,797,6846.732993841171
sfl_top20,1,98304,293,0.7303754266211604,221.9863481228669,2000,0.017,498.32,1590,797,6846.732993841171
sfl_top20,1,147456,293,0.8703071672354948,177.2935153583618,2000,0.0345,496.4885,1590,797,6846.732993841171
sfl_top20,1,196608,293,0.9590443686006825,148.7098976109215,2000,0.084,490.053,1590,797,6846.732993841171
sfl_top20,1,245760,293,0.9385665529010239,156.61774744027304,2000,0.0945,488.918,1590,797,6846.732993841171
sfl_top20,1,294912,293,0.9522184300341296,151.90443686006827,2000,0.079,491.3545,1590,797,6846.732993841171
sfl_top20,1,344064,293,0.9419795221843004,149.15358361774744,2000,0.082,490.5265,1590,797,6846.732993841171
sfl_top20,1,393216,293,0.9385665529010239,151.31058020477815,2000,0.0955,488.8245,1590,797,6846.732993841171
sfl_top20,1,442368,293,0.9044368600682594,171.1296928327645,2000,0.0705,491.731,1590,797,6846.732993841171
sfl_top20,1,491520,293,0.9044368600682594,162.98976109215016,2000,0.065,492.3435,1590,797,6846.732993841171
sfl_p09,1,0,293,0.0,500.0,2000,0.0,500.0,1319,1175,6847.221055030823
sfl_p09,1,49152,293,0.9385665529010239,150.77815699658703,2000,0.098,489.193,1319,1175,6847.221055030823
sfl_p09,1,98304,293,0.39590443686006827,364.36860068259386,2000,0.0215,497.797,1319,1175,6847.221055030823
sfl_p09,1,147456,293,0.4880546075085324,322.09556313993176,2000,0.032,496.4935,1319,1175,6847.221055030823
sfl_p09,1,196608,293,0.9283276450511946,164.07849829351537,2000,0.08,491.798,1319,1175,6847.221055030823
sfl_p09,1,245760,293,0.9556313993174061,167.259385665529,2000,0.077,492.4565,1319,1175,6847.221055030823
sfl_p09,1,294912,293,0.9453924914675768,156.81569965870307,2000,0.085,491.384,1319,1175,6847.221055030823
sfl_p09,1,344064,293,0.9180887372013652,174.05119453924914,2000,0.091,490.294,1319,1175,6847.221055030823
sfl_p09,1,393216,293,0.9556313993174061,157.9419795221843,2000,0.0755,492.3045,1319,1175,6847.221055030823
sfl_p09,1,442368,293,0.9385665529010239,161.06825938566553,2000,0.0795,491.0395,1319,1175,6847.221055030823
sfl_p09,1,491520,293,0.9522184300341296,160.80204778156997,2000,0.0835,490.6385,1319,1175,6847.221055030823
sfl,2,0,293,0.0,500.0,2000,0.0,500.0,1630,808,6847.365580797195
sfl,2,49152,293,0.8020477815699659,206.3481228668942,2000,0.0215,497.479,1630,808,6847.365580797195
sfl,2,98304,293,0.9385665529010239,160.5494880546075,2000,0.073,491.623,1630,808,6847.365580797195
sfl,2,147456,293,0.9146757679180887,164.2901023890785,2000,0.077,491.7365,1630,808,6847.365580797195
sfl,2,196608,293,0.9044368600682594,161.46075085324233,2000,0.075,491.456,1630,808,6847.365580797195
sfl,2,245760,293,0.9556313993174061,153.27986348122866,2000,0.0815,490.4185,1630,808,6847.365580797195
sfl,2,294912,293,0.9419795221843004,155.49829351535837,2000,0.0755,490.763,1630,808,6847.365580797195
sfl,2,344064,293,0.9726962457337884,146.77474402730377,2000,0.0905,488.9075,1630,808,6847.365580797195
sfl,2,393216,293,0.9692832764505119,149.68600682593856,2000,0.0975,489.2195,1630,808,6847.365580797195
sfl,2,442368,293,0.9522184300341296,151.580204778157,2000,0.109,487.4435,1630,808,6847.365580797195
sfl,2,491520,293,0.8976109215017065,165.99317406143345,2000,0.0435,495.272,1630,808,6847.365580797195
sfl_p09,2,0,293,0.0,500.0,2000,0.0,500.0,1320,1202,6847.08979511261
sfl_p09,2,49152,293,0.931740614334471,163.65529010238907,2000,0.0825,491.4615,1320,1202,6847.08979511261
sfl_p09,2,98304,293,0.5631399317406144,303.3754266211604,2000,0.035,496.148,1320,1202,6847.08979511261
sfl_p09,2,147456,293,0.378839590443686,368.5597269624573,2000,0.0225,497.63,1320,1202,6847.08979511261
sfl_p09,2,196608,293,0.9590443686006825,155.7372013651877,2000,0.0855,491.206,1320,1202,6847.08979511261
sfl_p09,2,245760,293,0.9556313993174061,157.96245733788396,2000,0.087,490.2655,1320,1202,6847.08979511261
sfl_p09,2,294912,293,0.9453924914675768,156.70307167235495,2000,0.0765,491.951,1320,1202,6847.08979511261
sfl_p09,2,344064,293,0.9419795221843004,159.67576791808872,2000,0.0905,490.6935,1320,1202,6847.08979511261
sfl_p09,2,393216,293,0.931740614334471,163.9965870307167,2000,0.0725,492.415,1320,1202,6847.08979511261
sfl_p09,2,442368,293,0.8907849829351536,173.04778156996588,2000,0.0565,494.099,1320,1202,6847.08979511261
sfl_p09,2,491520,293,0.8907849829351536,179.740614334471,2000,0.053,494.618,1320,1202,6847.08979511261
sfl_cheap,2,0,293,0.4539249146757679,321.87713310580205,2000,0.003,499.768,1809,889,1939.2229170799255
sfl_cheap,2,49152,293,0.8122866894197952,192.93515358361773,2000,0.0285,496.3905,1809,889,1939.2229170799255
sfl_cheap,2,98304,293,0.9215017064846417,165.91808873720137,2000,0.0825,491.7635,1809,889,1939.2229170799255
sfl_cheap,2,147456,293,0.9249146757679181,162.03412969283278,2000,0.0675,492.2585,1809,889,1939.2229170799255
sfl_cheap,2,196608,293,0.9419795221843004,154.48464163822527,2000,0.098,490.0125,1809,889,1939.2229170799255
sfl_cheap,2,245760,293,0.9556313993174061,147.48805460750853,2000,0.092,489.4635,1809,889,1939.2229170799255
sfl_cheap,2,294912,293,0.9522184300341296,149.27986348122866,2000,0.108,488.6875,1809,889,1939.2229170799255
sfl_cheap,2,344064,293,0.9453924914675768,154.75085324232083,2000,0.0935,489.56,1809,889,1939.2229170799255
sfl_cheap,2,393216,293,0.9180887372013652,167.00682593856655,2000,0.0885,490.3775,1809,889,1939.2229170799255
sfl_cheap,2,442368,293,0.9453924914675768,152.78839590443687,2000,0.0895,490.075,1809,889,1939.2229170799255
sfl_cheap,2,491520,293,0.9283276450511946,160.8668941979522,2000,0.06,492.8805,1809,889,1939.2229170799255
sfl_top20,2,0,293,0.6791808873720137,292.35494880546077,2000,0.001,499.9845,1562,772,6481.319424152374
sfl_top20,2,49152,293,0.9078498293515358,162.09897610921502,2000,0.054,493.7135,1562,772,6481.319424152374
sfl_top20,2,98304,293,0.7167235494880546,227.20477815699658,2000,0.0245,497.3695,1562,772,6481.319424152374
sfl_top20,2,147456,293,0.7849829351535836,196.77474402730377,2000,0.0285,496.3245,1562,772,6481.319424152374
sfl_top20,2,196608,293,0.9453924914675768,151.1160409556314,2000,0.098,488.9805,1562,772,6481.319424152374
sfl_top20,2,245760,293,0.9180887372013652,158.68600682593856,2000,0.067,492.7365,1562,772,6481.319424152374
sfl_top20,2,294912,293,0.9453924914675768,149.80887372013652,2000,0.1125,486.47,1562,772,6481.319424152374
sfl_top20,2,344064,293,0.9522184300341296,149.59044368600684,2000,0.082,490.203,1562,772,6481.319424152374
sfl_top20,2,393216,293,0.9658703071672355,144.11262798634812,2000,0.092,489.0045,1562,772,6481.319424152374
sfl_top20,2,442368,293,0.9590443686006825,144.74402730375428,2000,0.0765,490.574,1562,772,6481.319424152374
sfl_top20,2,491520,293,0.9522184300341296,152.52559726962457,2000,0.064,492.3725,1562,772,6481.319424152374
sfl_cheap,3,0,293,0.8464163822525598,234.03412969283278,2000,0.0015,499.906,2027,986,1986.9671189785004
sfl_cheap,3,49152,293,0.8156996587030717,196.7235494880546,2000,0.0315,496.197,2027,986,1986.9671189785004
sfl_cheap,3,98304,293,0.41638225255972694,333.19795221843003,2000,0.006,499.4365,2027,986,1986.9671189785004
sfl_cheap,3,147456,293,0.764505119453925,213.99317406143345,2000,0.028,496.9875,2027,986,1986.9671189785004
sfl_cheap,3,196608,293,0.825938566552901,191.73378839590444,2000,0.035,496.0735,2027,986,1986.9671189785004
sfl_cheap,3,245760,293,0.8873720136518771,170.6075085324232,2000,0.05,494.2975,2027,986,1986.9671189785004
sfl_cheap,3,294912,293,0.8430034129692833,186.62798634812287,2000,0.037,495.843,2027,986,1986.9671189785004
sfl_cheap,3,344064,293,0.8532423208191127,184.10921501706486,2000,0.0395,495.7685,2027,986,1986.9671189785004
sfl_cheap,3,393216,293,0.9010238907849829,161.25597269624572,2000,0.062,492.95,2027,986,1986.9671189785004
sfl_cheap,3,442368,293,0.9419795221843004,155.679180887372,2000,0.067,492.3635,2027,986,1986.9671189785004
sfl_cheap,3,491520,293,0.9180887372013652,162.9829351535836,2000,0.049,494.228,2027,986,1986.9671189785004
sfl,3,0,293,0.006825938566552901,499.14334470989763,2000,0.0,500.0,1664,823,6027.1649260520935
sfl,3,49152,293,0.9522184300341296,156.61433447098977,2000,0.0845,489.6105,1664,823,6027.1649260520935
sfl,3,98304,293,0.9556313993174061,152.6962457337884,2000,0.094,489.51,1664,823,6027.1649260520935
sfl,3,147456,293,0.8737201365187713,172.47098976109214,2000,0.046,494.5115,1664,823,6027.1649260520935
sfl,3,196608,293,0.9556313993174061,154.4505119453925,2000,0.074,490.751,1664,823,6027.1649260520935
sfl,3,245760,293,0.9453924914675768,154.52559726962457,2000,0.069,492.248,1664,823,6027.1649260520935
sfl,3,294912,293,0.9590443686006825,151.48805460750853,2000,0.083,490.6445,1664,823,6027.1649260520935
sfl,3,344064,293,0.9385665529010239,158.48122866894198,2000,0.0805,490.941,1664,823,6027.1649260520935
sfl,3,393216,293,0.9522184300341296,156.62457337883959,2000,0.0875,490.6125,1664,823,6027.1649260520935
sfl,3,442368,293,0.9180887372013652,165.38225255972696,2000,0.0605,493.4455,1664,823,6027.1649260520935
sfl,3,491520,293,0.9215017064846417,169.19453924914677,2000,0.0585,493.7865,1664,823,6027.1649260520935
sfl_top20,3,0,293,0.04436860068259386,485.36860068259386,2000,0.0,500.0,1544,753,6027.127181053162
sfl_top20,3,49152,293,0.621160409556314,258.77815699658703,2000,0.009,498.977,1544,753,6027.127181053162
sfl_top20,3,98304,293,0.8156996587030717,209.11262798634812,2000,0.0395,496.1245,1544,753,6027.127181053162
sfl_top20,3,147456,293,0.40955631399317405,337.05119453924914,2000,0.003,499.6545,1544,753,6027.127181053162
sfl_top20,3,196608,293,0.49146757679180886,305.75085324232083,2000,0.0045,499.3195,1544,753,6027.127181053162
sfl_top20,3,245760,293,0.44368600682593856,322.1672354948806,2000,0.006,499.3045,1544,753,6027.127181053162
sfl_top20,3,294912,293,0.5802047781569966,278.0477815699659,2000,0.011,498.7975,1544,753,6027.127181053162
sfl_top20,3,344064,293,0.8498293515358362,189.50170648464163,2000,0.0415,494.851,1544,753,6027.127181053162
sfl_top20,3,393216,293,0.9692832764505119,150.34129692832764,2000,0.1085,487.09,1544,753,6027.127181053162
sfl_top20,3,442368,293,0.9522184300341296,153.19453924914677,2000,0.0905,490.139,1544,753,6027.127181053162
sfl_top20,3,491520,293,0.9488054607508533,156.5529010238908,2000,0.101,488.718,1544,753,6027.127181053162
sfl_p09,3,0,293,0.8839590443686007,174.97952218430035,2000,0.0345,496.132,1310,1167,6027.63369011879
sfl_p09,3,49152,293,0.8122866894197952,248.87713310580205,2000,0.0005,499.986,1310,1167,6027.63369011879
sfl_p09,3,98304,293,0.9249146757679181,165.21843003412968,2000,0.0795,490.5905,1310,1167,6027.63369011879
sfl_p09,3,147456,293,0.310580204778157,376.23549488054607,2000,0.004,499.5765,1310,1167,6027.63369011879
sfl_p09,3,196608,293,0.5187713310580204,306.07849829351534,2000,0.0095,499.0245,1310,1167,6027.63369011879
sfl_p09,3,245760,293,0.8156996587030717,198.15358361774744,2000,0.028,496.8045,1310,1167,6027.63369011879
sfl_p09,3,294912,293,0.8976109215017065,170.91126279863482,2000,0.0515,494.075,1310,1167,6027.63369011879
sfl_p09,3,344064,293,0.6723549488054608,261.29692832764505,2000,0.048,494.613,1310,1167,6027.63369011879
sfl_p09,3,393216,293,0.9419795221843004,154.4334470989761,2000,0.0985,489.3795,1310,1167,6027.63369011879
sfl_p09,3,442368,293,0.9419795221843004,153.79863481228668,2000,0.079,490.528,1310,1167,6027.63369011879
sfl_p09,3,491520,293,0.9385665529010239,157.2730375426621,2000,0.072,490.881,1310,1167,6027.63369011879
sfl,4,0,293,0.6177474402730375,353.6006825938567,2000,0.0005,499.9635,1616,785,5901.5329468250275
sfl,4,49152,293,0.8600682593856656,179.40955631399316,2000,0.0325,496.591,1616,785,5901.5329468250275
sfl,4,98304,293,0.6825938566552902,237.54266211604096,2000,0.0115,498.4775,1616,785,5901.5329468250275
sfl,4,147456,293,0.6825938566552902,235.07508532423208,2000,0.014,498.145,1616,785,5901.5329468250275
sfl,4,196608,293,0.8873720136518771,174.1569965870307,2000,0.035,496.0715,1616,785,5901.5329468250275
sfl,4,245760,293,0.9658703071672355,146.31399317406144,2000,0.077,491.471,1616,785,5901.5329468250275
sfl,4,294912,293,0.9658703071672355,142.62116040955632,2000,0.107,487.723,1616,785,5901.5329468250275
sfl,4,344064,293,0.9385665529010239,151.64846416382252,2000,0.0875,490.0845,1616,785,5901.5329468250275
sfl,4,393216,293,0.9488054607508533,148.06484641638227,2000,0.0995,488.4275,1616,785,5901.5329468250275
sfl,4,442368,293,0.9488054607508533,146.61433447098977,2000,0.0905,489.7805,1616,785,5901.5329468250275
sfl,4,491520,293,0.9658703071672355,145.94539249146757,2000,0.1125,486.6705,1616,785,5901.5329468250275
sfl_p09,4,0,293,0.3822525597269625,401.01706484641636,2000,0.0,500.0,1278,1137,5901.237695932388
sfl_p09,4,49152,293,0.931740614334471,166.49829351535837,2000,0.0795,491.1745,1278,1137,5901.237695932388
sfl_p09,4,98304,293,0.013651877133105802,496.1331058020478,2000,0.0,500.0,1278,1137,5901.237695932388
sfl_p09,4,147456,293,0.6962457337883959,272.6655290102389,2000,0.0185,498.396,1278,1137,5901.237695932388
sfl_p09,4,196608,293,0.8225255972696246,255.99317406143345,2000,0.0005,499.9295,1278,1137,5901.237695932388
sfl_p09,4,245760,293,0.78839590443686,220.91467576791808,2000,0.065,492.6845,1278,1137,5901.237695932388
sfl_p09,4,294912,293,0.5085324232081911,326.01023890784984,2000,0.037,496.73,1278,1137,5901.237695932388
sfl_p09,4,344064,293,0.2696245733788396,405.19112627986345,2000,0.014,498.562,1278,1137,5901.237695932388
sfl_p09,4,393216,293,0.3924914675767918,367.1194539249147,2000,0.023,497.474,1278,1137,5901.237695932388
sfl_p09,4,442368,293,0.447098976109215,343.22866894197955,2000,0.027,496.687,1278,1137,5901.237695932388
sfl_p09,4,491520,293,0.3822525597269625,368.32764505119457,2000,0.0205,497.683,1278,1137,5901.237695932388
sfl_cheap,4,0,293,0.4948805460750853,337.3037542662116,2000,0.0,500.0,1881,940,1862.0019850730896
sfl_cheap,4,49152,293,0.9488054607508533,153.89078498293514,2000,0.0785,490.7155,1881,940,1862.0019850730896
sfl_cheap,4,98304,293,0.9556313993174061,149.20819112627987,2000,0.102,488.2035,1881,940,1862.0019850730896
sfl_cheap,4,147456,293,0.9453924914675768,157.160409556314,2000,0.084,490.401,1881,940,1862.0019850730896
sfl_cheap,4,196608,293,0.9249146757679181,156.18088737201364,2000,0.074,492.076,1881,940,1862.0019850730896
sfl_cheap,4,245760,293,0.9522184300341296,150.51194539249147,2000,0.0845,490.374,1881,940,1862.0019850730896
sfl_cheap,4,294912,293,0.8703071672354948,185.5221843003413,2000,0.066,492.2965,1881,940,1862.0019850730896
sfl_cheap,4,344064,293,0.8464163822525598,192.39931740614335,2000,0.07,492.199,1881,940,1862.0019850730896
sfl_cheap,4,393216,293,0.9522184300341296,151.90443686006827,2000,0.0865,489.529,1881,940,1862.0019850730896
sfl_cheap,4,442368,293,0.9488054607508533,148.9419795221843,2000,0.089,489.8125,1881,940,1862.0019850730896
sfl_cheap,4,491520,293,0.962457337883959,146.5836177474403,2000,0.0785,491.356,1881,940,1862.0019850730896
sfl_top20,4,0,293,0.0,500.0,2000,0.0,500.0,1611,824,5901.975702762604
sfl_top20,4,49152,293,0.6484641638225256,251.75767918088738,2000,0.0155,498.1005,1611,824,5901.975702762604
sfl_top20,4,98304,293,0.8976109215017065,166.35494880546077,2000,0.0535,493.324,1611,824,5901.975702762604
sfl_top20,4,147456,293,0.9146757679180887,159.93515358361773,2000,0.059,492.6595,1611,824,5901.975702762604
sfl_top20,4,196608,293,0.9692832764505119,144.05119453924914,2000,0.0835,489.6425,1611,824,5901.975702762604
sfl_top20,4,245760,293,0.9522184300341296,150.2730375426621,2000,0.065,492.3525,1611,824,5901.975702762604
sfl_top20,4,294912,293,0.9385665529010239,152.32423208191128,2000,0.082,489.1065,1611,824,5901.975702762604
sfl_top20,4,344064,293,0.9453924914675768,154.78156996587032,2000,0.0855,490.162,1611,824,5901.975702762604
sfl_top20,4,393216,293,0.9453924914675768,155.9965870307167,2000,0.083,490.4595,1611,824,5901.975702762604
sfl_top20,4,442368,293,0.9419795221843004,153.49829351535837,2000,0.0915,490.4295,1611,824,5901.975702762604
sfl_top20,4,491520,293,0.9590443686006825,149.91808873720137,2000,0.0975,488.1445,1611,824,5901.975702762604
sfl_cheap,5,0,293,0.0,500.0,2000,0.0,500.0,1827,929,1808.2679288387299
sfl_cheap,5,49152,293,0.9249146757679181,160.76450511945393,2000,0.0675,492.193,1827,929,1808.2679288387299
sfl_cheap,5,98304,293,0.9249146757679181,174.63139931740614,2000,0.0915,489.8695,1827,929,1808.2679288387299
sfl_cheap,5,147456,293,0.8976109215017065,190.02389078498294,2000,0.049,495.2925,1827,929,1808.2679288387299
sfl_cheap,5,196608,293,0.7201365187713311,230.4778156996587,2000,0.012,498.8055,1827,929,1808.2679288387299
sfl_cheap,5,245760,293,0.7372013651877133,224.77815699658703,2000,0.0175,498.225,1827,929,1808.2679288387299
sfl_cheap,5,294912,293,0.6928327645051194,230.320819112628,2000,0.012,498.677,1827,929,1808.2679288387299
sfl_cheap,5,344064,293,0.7679180887372014,205.49829351535837,2000,0.018,497.645,1827,929,1808.2679288387299
sfl_cheap,5,393216,293,0.7337883959044369,224.3037542662116,2000,0.018,498.128,1827,929,1808.2679288387299
sfl_cheap,5,442368,293,0.8873720136518771,174.580204778157,2000,0.04,495.1495,1827,929,1808.2679288387299
sfl_cheap,5,491520,293,0.962457337883959,150.83276450511946,2000,0.1085,486.8765,1827,929,1808.2679288387299
sfl_p09,5,0,293,0.0,500.0,2000,0.0,500.0,1300,1165,5034.54688000679
sfl_p09,5,49152,293,0.9419795221843004,158.94880546075086,2000,0.0875,490.26,1300,1165,5034.54688000679
sfl_p09,5,98304,293,0.6484641638225256,252.49829351535837,2000,0.015,497.9895,1300,1165,5034.54688000679
sfl_p09,5,147456,293,0.7713310580204779,208.4470989761092,2000,0.028,496.9245,1300,1165,5034.54688000679
sfl_p09,5,196608,293,0.46075085324232085,350.4470989761092,2000,0.0005,499.9595,1300,1165,5034.54688000679
sfl_p09,5,245760,293,0.6450511945392492,270.90443686006824,2000,0.0115,498.9185,1300,1165,5034.54688000679
sfl_p09,5,294912,293,0.8703071672354948,174.7098976109215,2000,0.0515,494.39,1300,1165,5034.54688000679
sfl_p09,5,344064,293,0.8430034129692833,188.11945392491467,2000,0.048,495.155,1300,1165,5034.54688000679
sfl_p09,5,393216,293,0.9249146757679181,157.91808873720137,2000,0.0705,491.59,1300,1165,5034.54688000679
sfl_p09,5,442368,293,0.9590443686006825,151.4778156996587,2000,0.086,490.9765,1300,1165,5034.54688000679
sfl_p09,5,491520,293,0.9590443686006825,150.8839590443686,2000,0.101,488.548,1300,1165,5034.54688000679
sfl,5,0,293,0.0,500.0,2000,0.0,500.0,1595,783,5035.46170592308
sfl,5,49152,293,0.9351535836177475,164.97952218430035,2000,0.0865,490.4225,1595,783,5035.46170592308
sfl,5,98304,293,0.9249146757679181,160.75767918088738,2000,0.075,491.5835,1595,783,5035.46170592308
sfl,5,147456,293,0.962457337883959,146.63481228668942,2000,0.1075,487.7365,1595,783,5035.46170592308
sfl,5,196608,293,0.9453924914675768,151.95904436860067,2000,0.116,487.85,1595,783,5035.46170592308
sfl,5,245760,293,0.9249146757679181,160.30034129692834,2000,0.105,487.1735,1595,783,5035.46170592308
sfl,5,294912,293,0.9522184300341296,152.18088737201364,2000,0.107,488.6095,1595,783,5035.46170592308
sfl,5,344064,293,0.9419795221843004,150.99317406143345,2000,0.1,489.0505,1595,783,5035.46170592308
sfl,5,393216,293,0.9726962457337884,144.95904436860067,2000,0.099,488.799,1595,783,5035.46170592308
sfl,5,442368,293,0.9522184300341296,147.73037542662115,2000,0.1045,488.253,1595,783,5035.46170592308
sfl,5,491520,293,0.9692832764505119,148.63822525597269,2000,0.1,487.959,1595,783,5035.46170592308
sfl_top20,5,0,293,0.040955631399317405,487.1672354948806,2000,0.0,500.0,1530,777,5172.452119112015
sfl_top20,5,49152,293,0.9112627986348123,189.679180887372,2000,0.0465,496.089,1530,777,5172.452119112015
sfl_top20,5,98304,293,0.5119453924914675,312.42320819112626,2000,0.0095,499.142,1530,777,5172.452119112015
sfl_top20,5,147456,293,0.9488054607508533,159.37542662116041,2000,0.072,492.476,1530,777,5172.452119112015
sfl_top20,5,196608,293,0.8703071672354948,188.13993174061434,2000,0.0855,490.6725,1530,777,5172.452119112015
sfl_top20,5,245760,293,0.9692832764505119,153.35494880546077,2000,0.096,489.6235,1530,777,5172.452119112015
sfl_top20,5,294912,293,0.9385665529010239,148.8839590443686,2000,0.0895,488.772,1530,777,5172.452119112015
sfl_top20,5,344064,293,0.9522184300341296,148.61774744027304,2000,0.098,488.5765,1530,777,5172.452119112015
sfl_top20,5,393216,293,0.9453924914675768,150.8122866894198,2000,0.106,487.1905,1530,777,5172.452119112015
sfl_top20,5,442368,293,0.9488054607508533,148.6518771331058,2000,0.0945,488.437,1530,777,5172.452119112015
sfl_top20,5,491520,293,0.9556313993174061,148.36860068259386,2000,0.096,488.83,1530,777,5172.452119112015
sfl,6,0,293,0.006825938566552901,498.901023890785,2000,0.0,500.0,1669,826,5289.431069850922
sfl,6,49152,293,0.6621160409556314,245.59726962457339,2000,0.0155,498.425,1669,826,5289.431069850922
sfl,6,98304,293,0.5255972696245734,301.3788395904437,2000,0.008,499.0025,1669,826,5289.431069850922
sfl,6,147456,293,0.41638225255972694,333.70307167235495,2000,0.005,499.4805,1669,826,5289.431069850922
sfl,6,196608,293,0.4778156996587031,314.3856655290102,2000,0.006,499.12,1669,826,5289.431069850922
sfl,6,245760,293,0.6962457337883959,238.08191126279863,2000,0.0165,498.1975,1669,826,5289.431069850922
sfl,6,294912,293,0.9044368600682594,163.36177474402731,2000,0.0505,493.8775,1669,826,5289.431069850922
sfl,6,344064,293,0.8839590443686007,169.12286689419795,2000,0.0565,493.4355,1669,826,5289.431069850922
sfl,6,393216,293,0.962457337883959,149.4505119453925,2000,0.098,488.286,1669,826,5289.431069850922
sfl,6,442368,293,0.9522184300341296,149.160409556314,2000,0.0975,488.5175,1669,826,5289.431069850922
sfl,6,491520,293,0.9556313993174061,148.41296928327645,2000,0.09,489.245,1669,826,5289.431069850922
sfl_p09,6,0,293,0.07849829351535836,482.38907849829354,2000,0.0,500.0,1276,1146,5289.307292222977
sfl_p09,6,49152,293,0.7064846416382252,234.3174061433447,2000,0.0175,497.986,1276,1146,5289.307292222977
sfl_p09,6,98304,293,0.447098976109215,330.3003412969283,2000,0.0065,499.348,1276,1146,5289.307292222977
sfl_p09,6,147456,293,0.15017064846416384,451.12286689419795,2000,0.0,500.0,1276,1146,5289.307292222977
sfl_p09,6,196608,293,0.017064846416382253,495.51194539249144,2000,0.0,500.0,1276,1146,5289.307292222977
sfl_p09,6,245760,293,0.9556313993174061,170.2320819112628,2000,0.0675,492.6095,1276,1146,5289.307292222977
sfl_p09,6,294912,293,0.9556313993174061,172.55972696245735,2000,0.056,494.1795,1276,1146,5289.307292222977
sfl_p09,6,344064,293,0.856655290102389,196.61774744027304,2000,0.0455,495.4185,1276,1146,5289.307292222977
sfl_p09,6,393216,293,0.9249146757679181,167.77474402730377,2000,0.0725,491.636,1276,1146,5289.307292222977
sfl_p09,6,442368,293,0.9522184300341296,158.49146757679182,2000,0.0835,491.2635,1276,1146,5289.307292222977
sfl_p09,6,491520,293,0.9590443686006825,157.3174061433447,2000,0.091,489.9425,1276,1146,5289.307292222977
sfl_cheap,6,0,293,0.0,500.0,2000,0.0,500.0,1863,969,2116.411374807358
sfl_cheap,6,49152,293,0.8873720136518771,172.8976109215017,2000,0.056,493.825,1863,969,2116.411374807358
sfl_cheap,6,98304,293,0.8054607508532423,254.4334470989761,2000,0.0005,499.975,1863,969,2116.411374807358
sfl_cheap,6,147456,293,0.9351535836177475,161.68600682593856,2000,0.092,489.702,1863,969,2116.411374807358
sfl_cheap,6,196608,293,0.9453924914675768,162.35836177474403,2000,0.0765,491.424,1863,969,2116.411374807358
sfl_cheap,6,245760,293,0.9180887372013652,165.48122866894198,2000,0.0885,490.2355,1863,969,2116.411374807358
sfl_cheap,6,294912,293,0.931740614334471,160.48464163822527,2000,0.0795,491.4155,1863,969,2116.411374807358
sfl_cheap,6,344064,293,0.9453924914675768,158.62457337883959,2000,0.088,490.203,1863,969,2116.411374807358
sfl_cheap,6,393216,293,0.9522184300341296,154.90443686006827,2000,0.1,489.425,1863,969,2116.411374807358
sfl_cheap,6,442368,293,0.931740614334471,164.21501706484642,2000,0.067,492.51,1863,969,2116.411374807358
sfl_cheap,6,491520,293,0.9249146757679181,161.46075085324233,2000,0.0735,491.433,1863,969,2116.411374807358
sfl_top20,6,0,293,0.6040955631399317,316.66211604095565,2000,0.0,500.0,1555,758,5348.418972969055
sfl_top20,6,49152,293,0.931740614334471,159.54266211604096,2000,0.086,490.008,1555,758,5348.418972969055
sfl_top20,6,98304,293,0.9522184300341296,156.7542662116041,2000,0.0785,491.0575,1555,758,5348.418972969055
sfl_top20,6,147456,293,0.9385665529010239,168.740614334471,2000,0.0785,490.816,1555,758,5348.418972969055
sfl_top20,6,196608,293,0.9522184300341296,157.8430034129693,2000,0.103,488.7595,1555,758,5348.418972969055
sfl_top20,6,245760,293,0.9385665529010239,162.43003412969284,2000,0.067,492.3415,1555,758,5348.418972969055
sfl_top20,6,294912,293,0.7098976109215017,256.38225255972696,2000,0.0535,493.8265,1555,758,5348.418972969055
sfl_top20,6,344064,293,0.962457337883959,150.5938566552901,2000,0.106,487.5995,1555,758,5348.418972969055
sfl_top20,6,393216,293,0.9522184300341296,153.51194539249147,2000,0.1035,489.1475,1555,758,5348.418972969055
sfl_top20,6,442368,293,0.9590443686006825,155.64505119453923,2000,0.0965,489.212,1555,758,5348.418972969055
sfl_top20,6,491520,293,0.9522184300341296,149.2901023890785,2000,0.1115,486.973,1555,758,5348.418972969055
sfl_cheap,7,0,293,0.8703071672354948,211.9692832764505,2000,0.0085,499.2715,2021,1014,1869.7890620231628
sfl_cheap,7,49152,293,0.9419795221843004,156.8839590443686,2000,0.08,490.689,2021,1014,1869.7890620231628
sfl_cheap,7,98304,293,0.8703071672354948,177.42662116040955,2000,0.0395,495.6845,2021,1014,1869.7890620231628
sfl_cheap,7,147456,293,0.9453924914675768,160.36860068259386,2000,0.07,492.0995,2021,1014,1869.7890620231628
sfl_cheap,7,196608,293,0.9249146757679181,167.52901023890786,2000,0.0765,491.7175,2021,1014,1869.7890620231628
sfl_cheap,7,245760,293,0.9488054607508533,157.49488054607508,2000,0.0735,491.8285,2021,1014,1869.7890620231628
sfl_cheap,7,294912,293,0.9215017064846417,163.5767918088737,2000,0.066,492.5835,2021,1014,1869.7890620231628
sfl_cheap,7,344064,293,0.8771331058020477,175.22184300341297,2000,0.0485,494.135,2021,1014,1869.7890620231628
sfl_cheap,7,393216,293,0.9453924914675768,159.08532423208192,2000,0.0865,489.789,2021,1014,1869.7890620231628
sfl_cheap,7,442368,293,0.9453924914675768,156.98976109215016,2000,0.07,491.991,2021,1014,1869.7890620231628
sfl_cheap,7,491520,293,0.9180887372013652,165.91808873720137,2000,0.0605,493.37,2021,1014,1869.7890620231628
sfl,7,0,293,0.0,500.0,2000,0.0,500.0,1683,841,6654.068633079529
sfl,7,49152,293,0.9590443686006825,152.9863481228669,2000,0.096,489.538,1683,841,6654.068633079529
sfl,7,98304,293,0.9078498293515358,162.78156996587032,2000,0.0495,494.3995,1683,841,6654.068633079529
sfl,7,147456,293,0.9453924914675768,154.1740614334471,2000,0.0745,491.471,1683,841,6654.068633079529
sfl,7,196608,293,0.5836177474402731,323.7815699658703,2000,0.0,500.0,1683,841,6654.068633079529
sfl,7,245760,293,0.9419795221843004,154.90102389078498,2000,0.1,488.3595,1683,841,6654.068633079529
sfl,7,294912,293,0.9488054607508533,152.12627986348122,2000,0.107,488.144,1683,841,6654.068633079529
sfl,7,344064,293,0.9453924914675768,153.4778156996587,2000,0.0835,490.326,1683,841,6654.068633079529
sfl,7,393216,293,0.962457337883959,151.2866894197952,2000,0.0915,488.443,1683,841,6654.068633079529
sfl,7,442368,293,0.9590443686006825,150.96245733788396,2000,0.0975,488.265,1683,841,6654.068633079529
sfl,7,491520,293,0.9556313993174061,155.63822525597269,2000,0.092,489.8175,1683,841,6654.068633079529
sfl_p09,7,0,293,0.0,500.0,2000,0.0,500.0,1313,1171,7401.003755092621
sfl_p09,7,49152,293,0.04778156996587031,484.6552901023891,2000,0.0005,500.0,1313,1171,7401.003755092621
sfl_p09,7,98304,293,0.9692832764505119,152.4232081911263,2000,0.0795,491.115,1313,1171,7401.003755092621
sfl_p09,7,147456,293,0.9215017064846417,160.61092150170649,2000,0.056,493.9015,1313,1171,7401.003755092621
sfl_p09,7,196608,293,0.7372013651877133,251.37883959044368,2000,0.0255,497.442,1313,1171,7401.003755092621
sfl_p09,7,245760,293,0.9215017064846417,169.02047781569965,2000,0.0815,491.1175,1313,1171,7401.003755092621
sfl_p09,7,294912,293,0.9419795221843004,156.48805460750853,2000,0.0665,492.878,1313,1171,7401.003755092621
sfl_p09,7,344064,293,0.9044368600682594,170.21160409556313,2000,0.062,492.723,1313,1171,7401.003755092621
sfl_p09,7,393216,293,0.9283276450511946,160.7269624573379,2000,0.0875,489.756,1313,1171,7401.003755092621
sfl_p09,7,442368,293,0.8395904436860068,191.32764505119454,2000,0.0355,496.488,1313,1171,7401.003755092621
sfl_p09,7,491520,293,0.8600682593856656,191.36177474402731,2000,0.0315,496.8475,1313,1171,7401.003755092621
sfl_top20,7,0,293,0.3720136518771331,369.7952218430034,2000,0.0,500.0,1501,770,7401.677946090698
sfl_top20,7,49152,293,0.8873720136518771,174.04778156996588,2000,0.054,494.063,1501,770,7401.677946090698
sfl_top20,7,98304,293,0.8703071672354948,179.35836177474403,2000,0.0485,494.581,1501,770,7401.677946090698
sfl_top20,7,147456,293,0.9453924914675768,154.1023890784983,2000,0.0875,490.2445,1501,770,7401.677946090698
sfl_top20,7,196608,293,0.7781569965870307,240.51877133105802,2000,0.022,498.3205,1501,770,7401.677946090698
sfl_top20,7,245760,293,0.8907849829351536,196.1160409556314,2000,0.0415,495.793,1501,770,7401.677946090698
sfl_top20,7,294912,293,0.9453924914675768,164.0136518771331,2000,0.082,490.9185,1501,770,7401.677946090698
sfl_top20,7,344064,293,0.9419795221843004,165.9556313993174,2000,0.094,489.687,1501,770,7401.677946090698
sfl_top20,7,393216,293,0.8532423208191127,193.48805460750853,2000,0.076,491.755,1501,770,7401.677946090698
sfl_top20,7,442368,293,0.8054607508532423,215.22866894197952,2000,0.0655,492.415,1501,770,7401.677946090698
sfl_top20,7,491520,293,0.9249146757679181,163.33788395904438,2000,0.087,491.386,1501,770,7401.677946090698
sfl,8,0,293,0.6382252559726962,273.84300341296927,2000,0.026,497.754,1605,811,7401.86940908432
sfl,8,49152,293,0.6143344709897611,262.89078498293514,2000,0.0135,498.7275,1605,811,7401.86940908432
sfl,8,98304,293,0.20477815699658702,415.67576791808875,2000,0.0005,499.9685,1605,811,7401.86940908432
sfl,8,147456,293,0.5767918088737202,275.00341296928326,2000,0.0065,499.206,1605,811,7401.86940908432
sfl,8,196608,293,0.3003412969283277,379.419795221843,2000,0.0025,499.855,1605,811,7401.86940908432
sfl,8,245760,293,0.24232081911262798,406.70989761092153,2000,0.001,499.864,1605,811,7401.86940908432
sfl,8,294912,293,0.3993174061433447,345.42320819112626,2000,0.0075,499.306,1605,811,7401.86940908432
sfl,8,344064,293,0.5733788395904437,280.6006825938567,2000,0.006,499.1515,1605,811,7401.86940908432
sfl,8,393216,293,0.590443686006826,272.1467576791809,2000,0.009,498.754,1605,811,7401.86940908432
sfl,8,442368,293,0.7167235494880546,222.86006825938566,2000,0.016,497.9535,1605,811,7401.86940908432
sfl,8,491520,293,0.9215017064846417,158.67576791808872,2000,0.077,491.8425,1605,811,7401.86940908432
sfl_cheap,8,0,293,0.010238907849829351,496.1023890784983,2000,0.0,500.0,1867,950,2982.7463569641113
sfl_cheap,8,49152,293,0.9385665529010239,159.65870307167236,2000,0.0845,490.948,1867,950,2982.7463569641113
sfl_cheap,8,98304,293,0.9419795221843004,155.80204778156997,2000,0.095,489.2345,1867,950,2982.7463569641113
sfl_cheap,8,147456,293,0.9522184300341296,159.67235494880546,2000,0.083,490.9775,1867,950,2982.7463569641113
sfl_cheap,8,196608,293,0.9522184300341296,150.5767918088737,2000,0.0865,490.04,1867,950,2982.7463569641113
sfl_cheap,8,245760,293,0.9453924914675768,156.48464163822527,2000,0.104,487.963,1867,950,2982.7463569641113
sfl_cheap,8,294912,293,0.9283276450511946,154.89419795221843,2000,0.086,489.87,1867,950,2982.7463569641113
sfl_cheap,8,344064,293,0.9044368600682594,162.29692832764505,2000,0.057,493.0435,1867,950,2982.7463569641113
sfl_cheap,8,393216,293,0.9556313993174061,146.76109215017064,2000,0.1075,487.7225,1867,950,2982.7463569641113
sfl_cheap,8,442368,293,0.9488054607508533,155.8122866894198,2000,0.092,489.1165,1867,950,2982.7463569641113
sfl_cheap,8,491520,293,0.9453924914675768,151.5665529010239,2000,0.1115,487.5375,1867,950,2982.7463569641113
sfl_p09,8,0,293,0.0,500.0,2000,0.0,500.0,1271,1133,7092.59223985672
sfl_p09,8,49152,293,0.9522184300341296,156.18088737201364,2000,0.095,488.454,1271,1133,7092.59223985672
sfl_p09,8,98304,293,0.9522184300341296,157.94880546075086,2000,0.089,489.6455,1271,1133,7092.59223985672
sfl_p09,8,147456,293,0.09897610921501707,471.2184300341297,2000,0.0,500.0,1271,1133,7092.59223985672
sfl_p09,8,196608,293,0.34812286689419797,384.5460750853242,2000,0.0025,499.72,1271,1133,7092.59223985672
sfl_p09,8,245760,293,0.89419795221843,174.79522184300342,2000,0.0795,490.932,1271,1133,7092.59223985672
sfl_p09,8,294912,293,0.9453924914675768,159.1296928327645,2000,0.0925,489.136,1271,1133,7092.59223985672
sfl_p09,8,344064,293,0.9453924914675768,167.03412969283278,2000,0.085,491.248,1271,1133,7092.59223985672
sfl_p09,8,393216,293,0.9385665529010239,161.0443686006826,2000,0.084,491.375,1271,1133,7092.59223985672
sfl_p09,8,442368,293,0.9385665529010239,160.63481228668942,2000,0.092,490.2355,1271,1133,7092.59223985672
sfl_p09,8,491520,293,0.9590443686006825,156.259385665529,2000,0.087,489.7615,1271,1133,7092.59223985672
sfl_top20,8,0,293,0.0034129692832764505,499.26279863481227,2000,0.0,500.0,1541,756,7144.649292230606
sfl_top20,8,49152,293,0.9453924914675768,158.21843003412968,2000,0.076,491.805,1541,756,7144.649292230606
sfl_top20,8,98304,293,0.8839590443686007,175.62116040955632,2000,0.037,495.5275,1541,756,7144.649292230606
sfl_top20,8,147456,293,0.3310580204778157,384.74402730375425,2000,0.0225,497.824,1541,756,7144.649292230606
sfl_top20,8,196608,293,0.34812286689419797,389.97610921501706,2000,0.012,498.9025,1541,756,7144.649292230606
sfl_top20,8,245760,293,0.9488054607508533,161.02047781569965,2000,0.0835,490.084,1541,756,7144.649292230606
sfl_top20,8,294912,293,0.9488054607508533,157.12627986348122,2000,0.0765,491.919,1541,756,7144.649292230606
sfl_top20,8,344064,293,0.9522184300341296,152.33788395904438,2000,0.098,489.1665,1541,756,7144.649292230606
sfl_top20,8,393216,293,0.8361774744027304,197.19112627986348,2000,0.0735,491.6035,1541,756,7144.649292230606
sfl_top20,8,442368,293,0.7952218430034129,214.2457337883959,2000,0.065,492.4445,1541,756,7144.649292230606
sfl_top20,8,491520,293,0.9419795221843004,156.90443686006827,2000,0.096,489.898,1541,756,7144.649292230606
oracle50,5,0,293,0.0034129692832764505,499.0204778156997,2000,0.0,500.0,1346,649,936.3045842647552
oracle50,5,49152,293,0.8839590443686007,187.259385665529,2000,0.0685,493.045,1346,649,936.3045842647552
oracle50,5,98304,293,0.7542662116040956,249.9692832764505,2000,0.009,499.3805,1346,649,936.3045842647552
oracle50,5,147456,293,0.9010238907849829,169.91126279863482,2000,0.0585,492.8,1346,649,936.3045842647552
oracle50,5,196608,293,0.931740614334471,151.8976109215017,2000,0.0705,491.9875,1346,649,936.3045842647552
oracle50,5,245760,293,0.5836177474402731,273.4948805460751,2000,0.0085,498.9715,1346,649,936.3045842647552
oracle50,5,294912,293,0.6177474402730375,261.90784982935156,2000,0.012,498.765,1346,649,936.3045842647552
oracle50,5,344064,293,0.4948805460750853,300.9795221843003,2000,0.0035,499.638,1346,649,936.3045842647552
oracle50,5,393216,293,0.6382252559726962,249.50170648464163,2000,0.0105,498.7795,1346,649,936.3045842647552
oracle50,5,442368,293,0.6689419795221843,244.40955631399316,2000,0.01,498.899,1346,649,936.3045842647552
oracle50,5,491520,293,0.6757679180887372,242.1160409556314,2000,0.01,498.731,1346,649,936.3045842647552
oracle50,1,0,293,0.15017064846416384,448.3617747440273,2000,0.0,500.0,1333,662,938.1459777355194
oracle50,1,49152,293,0.9419795221843004,163.33788395904438,2000,0.092,490.6345,1333,662,938.1459777355194
oracle50,1,98304,293,0.9590443686006825,152.44368600682594,2000,0.0835,490.418,1333,662,938.1459777355194
oracle50,1,147456,293,0.9556313993174061,162.50853242320818,2000,0.0685,492.1975,1333,662,938.1459777355194
oracle50,1,196608,293,0.8361774744027304,187.9692832764505,2000,0.0265,496.174,1333,662,938.1459777355194
oracle50,1,245760,293,0.9488054607508533,149.83617747440272,2000,0.075,491.2075,1333,662,938.1459777355194
oracle50,1,294912,293,0.9351535836177475,153.80887372013652,2000,0.064,492.4695,1333,662,938.1459777355194
oracle50,1,344064,293,0.9453924914675768,146.67576791808872,2000,0.0825,490.981,1333,662,938.1459777355194
oracle50,1,393216,293,0.8737201365187713,170.08873720136518,2000,0.054,494.056,1333,662,938.1459777355194
oracle50,1,442368,293,0.9215017064846417,157.12286689419795,2000,0.0685,492.2995,1333,662,938.1459777355194
oracle50,1,491520,293,0.9590443686006825,150.82252559726962,2000,0.0845,490.366,1333,662,938.1459777355194
oracle50,2,0,293,0.0,500.0,2000,0.0,500.0,1308,646,938.002763748169
oracle50,2,49152,293,0.7508532423208191,272.50170648464166,2000,0.0,500.0,1308,646,938.002763748169
oracle50,2,98304,293,0.9351535836177475,159.3174061433447,2000,0.059,493.7145,1308,646,938.002763748169
oracle50,2,147456,293,0.7508532423208191,205.91126279863482,2000,0.021,497.5465,1308,646,938.002763748169
oracle50,2,196608,293,0.8293515358361775,184.17747440273038,2000,0.021,497.5605,1308,646,938.002763748169
oracle50,2,245760,293,0.9078498293515358,161.40955631399316,2000,0.0545,493.003,1308,646,938.002763748169
oracle50,2,294912,293,0.9385665529010239,150.25597269624572,2000,0.0895,489.6055,1308,646,938.002763748169
oracle50,2,344064,293,0.9419795221843004,155.5358361774744,2000,0.093,488.5325,1308,646,938.002763748169
oracle50,2,393216,293,0.9522184300341296,148.97610921501706,2000,0.0975,489.3955,1308,646,938.002763748169
oracle50,2,442368,293,0.9215017064846417,160.0307167235495,2000,0.0535,493.935,1308,646,938.002763748169
oracle50,2,491520,293,0.9385665529010239,150.90102389078498,2000,0.0965,488.191,1308,646,938.002763748169
oracle50,3,0,293,0.7986348122866894,200.8976109215017,2000,0.028,497.2595,1342,674,938.2366099357605
oracle50,3,49152,293,0.9590443686006825,150.83617747440272,2000,0.1035,488.8465,1342,674,938.2366099357605
oracle50,3,98304,293,0.8600682593856656,189.3037542662116,2000,0.0425,495.567,1342,674,938.2366099357605
oracle50,3,147456,293,0.49829351535836175,322.34129692832767,2000,0.031,496.5305,1342,674,938.2366099357605
oracle50,3,196608,293,0.863481228668942,194.24232081911262,2000,0.08,491.1495,1342,674,938.2366099357605
oracle50,3,245760,293,0.9351535836177475,152.74744027303754,2000,0.094,489.379,1342,674,938.2366099357605
oracle50,3,294912,293,0.9488054607508533,153.78498293515358,2000,0.087,489.614,1342,674,938.2366099357605
oracle50,3,344064,293,0.6689419795221843,257.1672354948806,2000,0.0385,495.24,1342,674,938.2366099357605
oracle50,3,393216,293,0.9385665529010239,152.7269624573379,2000,0.081,490.9685,1342,674,938.2366099357605
oracle50,3,442368,293,0.9522184300341296,156.22184300341297,2000,0.083,490.1775,1342,674,938.2366099357605
oracle50,3,491520,293,0.8430034129692833,177.0307167235495,2000,0.039,495.313,1342,674,938.2366099357605
oracle50,4,0,293,0.27303754266211605,398.06825938566556,2000,0.0005,499.943,1311,657,937.9088611602783
oracle50,4,49152,293,0.8225255972696246,253.4368600682594,2000,0.0,500.0,1311,657,937.9088611602783
oracle50,4,98304,293,0.7133105802047781,276.4607508532423,2000,0.0,500.0,1311,657,937.9088611602783
oracle50,4,147456,293,0.7235494880546075,290.87713310580205,2000,0.0,500.0,1311,657,937.9088611602783
oracle50,4,196608,293,0.590443686006826,322.3754266211604,2000,0.0,500.0,1311,657,937.9088611602783
oracle50,4,245760,293,0.4709897610921502,333.5529010238908,2000,0.0225,497.4815,1311,657,937.9088611602783
oracle50,4,294912,293,0.9146757679180887,169.7098976109215,2000,0.08,489.975,1311,657,937.9088611602783
oracle50,4,344064,293,0.9522184300341296,150.56996587030716,2000,0.093,489.7875,1311,657,937.9088611602783
oracle50,4,393216,293,0.9522184300341296,154.17064846416383,2000,0.102,489.22,1311,657,937.9088611602783
oracle50,4,442368,293,0.962457337883959,150.77815699658703,2000,0.096,488.937,1311,657,937.9088611602783
oracle50,4,491520,293,0.9010238907849829,167.93856655290102,2000,0.0425,494.5915,1311,657,937.9088611602783
oracle50,6,0,293,0.0,500.0,2000,0.0,500.0,1353,668,938.2588770389557
oracle50,6,49152,293,0.9522184300341296,153.90102389078498,2000,0.085,491.365,1353,668,938.2588770389557
oracle50,6,98304,293,0.9112627986348123,163.52901023890786,2000,0.069,491.575,1353,668,938.2588770389557
oracle50,6,147456,293,0.9419795221843004,152.52901023890786,2000,0.059,493.7145,1353,668,938.2588770389557
oracle50,6,196608,293,0.9453924914675768,154.10580204778157,2000,0.088,490.0835,1353,668,938.2588770389557
oracle50,6,245760,293,0.863481228668942,171.58703071672355,2000,0.0285,496.3605,1353,668,938.2588770389557
oracle50,6,294912,293,0.8907849829351536,167.43003412969284,2000,0.0455,494.901,1353,668,938.2588770389557
oracle50,6,344064,293,0.825938566552901,194.37883959044368,2000,0.032,496.215,1353,668,938.2588770389557
oracle50,6,393216,293,0.9453924914675768,146.7235494880546,2000,0.09,489.552,1353,668,938.2588770389557
oracle50,6,442368,293,0.8873720136518771,169.1877133105802,2000,0.048,494.3785,1353,668,938.2588770389557
oracle50,6,491520,293,0.8225255972696246,195.42662116040955,2000,0.035,496.116,1353,668,938.2588770389557
oracle50,7,0,293,0.0,500.0,2000,0.0,500.0,1354,679,501.2399990558624
oracle50,7,49152,293,0.5494880546075085,287.73720136518773,2000,0.0075,499.2645,1354,679,501.2399990558624
oracle50,7,98304,293,0.9112627986348123,160.4470989761092,2000,0.0665,492.205,1354,679,501.2399990558624
oracle50,7,147456,293,0.4334470989761092,325.7815699658703,2000,0.0045,499.6135,1354,679,501.2399990558624
oracle50,7,196608,293,0.856655290102389,211.04778156996588,2000,0.01,499.3575,1354,679,501.2399990558624
oracle50,7,245760,293,0.856655290102389,199.34470989761093,2000,0.017,498.273,1354,679,501.2399990558624
oracle50,7,294912,293,0.9215017064846417,154.3481228668942,2000,0.0745,491.6155,1354,679,501.2399990558624
oracle50,7,344064,293,0.9488054607508533,152.68600682593856,2000,0.096,488.9575,1354,679,501.2399990558624
oracle50,7,393216,293,0.9556313993174061,147.740614334471,2000,0.087,489.5635,1354,679,501.2399990558624
oracle50,7,442368,293,0.9522184300341296,148.80204778156997,2000,0.109,487.7495,1354,679,501.2399990558624
oracle50,7,491520,293,0.962457337883959,149.0580204778157,2000,0.113,487.148,1354,679,501.2399990558624
oracle50,8,0,293,0.034129692832764506,490.2150170648464,2000,0.0,500.0,1302,666,499.8059458732605
oracle50,8,49152,293,0.040955631399317405,485.0409556313993,2000,0.0,500.0,1302,666,499.8059458732605
oracle50,8,98304,293,0.4334470989761092,360.1023890784983,2000,0.0,500.0,1302,666,499.8059458732605
oracle50,8,147456,293,0.6962457337883959,234.79863481228668,2000,0.016,498.2895,1302,666,499.8059458732605
oracle50,8,196608,293,0.7815699658703071,206.04778156996588,2000,0.0255,497.4285,1302,666,499.8059458732605
oracle50,8,245760,293,0.8771331058020477,181.15017064846415,2000,0.029,496.805,1302,666,499.8059458732605
oracle50,8,294912,293,0.9453924914675768,162.77474402730377,2000,0.0745,491.445,1302,666,499.8059458732605
oracle50,8,344064,293,0.5938566552901023,277.03754266211604,2000,0.017,497.7705,1302,666,499.8059458732605
oracle50,8,393216,293,0.5938566552901023,276.8737201365188,2000,0.016,498.396,1302,666,499.8059458732605
oracle50,8,442368,293,0.8395904436860068,200.97610921501706,2000,0.033,496.4665,1302,666,499.8059458732605
oracle50,8,491520,293,0.9078498293515358,168.80204778156997,2000,0.05,494.0215,1302,666,499.8059458732605
regret,2,0,293,0.0,500.0,2000,0.0,500.0,1456,665,123.25346565246582
regret,2,49152,293,0.9351535836177475,157.839590443686,2000,0.077,491.471,1456,665,123.25346565246582
regret,2,98304,293,0.8976109215017065,194.17064846416383,2000,0.036,497.2965,1456,665,123.25346565246582
regret,2,147456,293,0.7508532423208191,241.16382252559728,2000,0.046,495.652,1456,665,123.25346565246582
regret,2,196608,293,0.4539249146757679,352.99658703071674,2000,0.009,499.1195,1456,665,123.25346565246582
regret,2,245760,293,0.9215017064846417,170.2320819112628,2000,0.06,493.823,1456,665,123.25346565246582
regret,2,294912,293,0.6723549488054608,265.1399317406143,2000,0.034,496.0095,1456,665,123.25346565246582
regret,2,344064,293,0.8976109215017065,181.34470989761093,2000,0.0665,492.7035,1456,665,123.25346565246582
regret,2,393216,293,0.9522184300341296,169.07849829351537,2000,0.074,492.8485,1456,665,123.25346565246582
regret,2,442368,293,0.8498293515358362,201.23549488054607,2000,0.059,493.7505,1456,665,123.25346565246582
regret,2,491520,293,0.9112627986348123,175.47440273037543,2000,0.061,492.987,1456,665,123.25346565246582
regret,1,0,293,0.10921501706484642,462.83617747440275,2000,0.0,500.0,1543,701,125.71798086166382
regret,1,49152,293,0.78839590443686,204.67235494880546,2000,0.0285,496.7965,1543,701,125.71798086166382
regret,1,98304,293,0.33447098976109213,365.0853242320819,2000,0.0055,499.521,1543,701,125.71798086166382
regret,1,147456,293,0.9453924914675768,164.07508532423208,2000,0.0685,493.8575,1543,701,125.71798086166382
regret,1,196608,293,0.09556313993174062,468.6552901023891,2000,0.003,499.849,1543,701,125.71798086166382
regret,1,245760,293,0.8737201365187713,182.7235494880546,2000,0.06,493.4055,1543,701,125.71798086166382
regret,1,294912,293,0.8839590443686007,176.419795221843,2000,0.059,493.1325,1543,701,125.71798086166382
regret,1,344064,293,0.8976109215017065,170.580204778157,2000,0.039,496.3275,1543,701,125.71798086166382
regret,1,393216,293,0.8839590443686007,174.320819112628,2000,0.0495,494.59,1543,701,125.71798086166382
regret,1,442368,293,0.7372013651877133,236.8976109215017,2000,0.0105,499.056,1543,701,125.71798086166382
regret,1,491520,293,0.9385665529010239,158.8839590443686,2000,0.0445,495.29,1543,701,125.71798086166382
sipacl_regret,2,0,293,0.0,500.0,2000,0.0,500.0,1660,834,126.63989090919495
sipacl_regret,2,49152,293,0.9419795221843004,160.2457337883959,2000,0.086,490.774,1660,834,126.63989090919495
sipacl_regret,2,98304,293,0.18088737201365188,438.9863481228669,2000,0.0115,498.9645,1660,834,126.63989090919495
sipacl_regret,2,147456,293,0.9726962457337884,150.68941979522185,2000,0.1,489.562,1660,834,126.63989090919495
sipacl_regret,2,196608,293,0.8907849829351536,169.8976109215017,2000,0.044,495.286,1660,834,126.63989090919495
sipacl_regret,2,245760,293,0.9419795221843004,153.80546075085323,2000,0.072,492.1405,1660,834,126.63989090919495
sipacl_regret,2,294912,293,0.9351535836177475,160.25597269624572,2000,0.068,492.7775,1660,834,126.63989090919495
sipacl_regret,2,344064,293,0.9146757679180887,162.51877133105802,2000,0.067,492.1135,1660,834,126.63989090919495
sipacl_regret,2,393216,293,0.9146757679180887,160.37201365187713,2000,0.0525,494.6845,1660,834,126.63989090919495
sipacl_regret,2,442368,293,0.8668941979522184,175.34129692832764,2000,0.032,496.2075,1660,834,126.63989090919495
sipacl_regret,2,491520,293,0.9692832764505119,146.80546075085323,2000,0.099,488.8735,1660,834,126.63989090919495
sipacl_regret,1,0,293,0.0,500.0,2000,0.0,500.0,1821,892,130.74106979370117
sipacl_regret,1,49152,293,0.8907849829351536,171.160409556314,2000,0.0485,494.792,1821,892,130.74106979370117
sipacl_regret,1,98304,293,0.89419795221843,170.86348122866895,2000,0.0415,495.058,1821,892,130.74106979370117
sipacl_regret,1,147456,293,0.20136518771331058,419.73720136518773,2000,0.001,499.9875,1821,892,130.74106979370117
sipacl_regret,1,196608,293,0.764505119453925,214.07508532423208,2000,0.015,497.989,1821,892,130.74106979370117
sipacl_regret,1,245760,293,0.6518771331058021,249.8430034129693,2000,0.0125,498.7505,1821,892,130.74106979370117
sipacl_regret,1,294912,293,0.8805460750853242,174.51194539249147,2000,0.045,495.2605,1821,892,130.74106979370117
sipacl_regret,1,344064,293,0.9385665529010239,164.09215017064847,2000,0.068,491.875,1821,892,130.74106979370117
sipacl_regret,1,393216,293,0.9283276450511946,163.88054607508533,2000,0.07,492.4695,1821,892,130.74106979370117
sipacl_regret,1,442368,293,0.9249146757679181,160.7679180887372,2000,0.053,493.4605,1821,892,130.74106979370117
sipacl_regret,1,491520,293,0.89419795221843,172.99317406143345,2000,0.043,495.1435,1821,892,130.74106979370117
regret,3,0,293,0.0,500.0,2000,0.0,500.0,1567,734,116.4397521018982
regret,3,49152,293,0.9453924914675768,153.6928327645051,2000,0.08,490.3425,1567,734,116.4397521018982
regret,3,98304,293,0.8771331058020477,181.62798634812287,2000,0.089,489.546,1567,734,116.4397521018982
regret,3,147456,293,0.9522184300341296,149.06825938566553,2000,0.09,489.1635,1567,734,116.4397521018982
regret,3,196608,293,0.9522184300341296,150.22525597269623,2000,0.115,486.2745,1567,734,116.4397521018982
regret,3,245760,293,0.9556313993174061,145.54266211604096,2000,0.1075,488.2625,1567,734,116.4397521018982
regret,3,294912,293,0.9453924914675768,150.03754266211604,2000,0.1045,488.5195,1567,734,116.4397521018982
regret,3,344064,293,0.8976109215017065,164.35153583617748,2000,0.047,494.5585,1567,734,116.4397521018982
regret,3,393216,293,0.9351535836177475,158.37542662116041,2000,0.0895,489.2905,1567,734,116.4397521018982
regret,3,442368,293,0.7918088737201365,198.70307167235495,2000,0.0315,496.048,1567,734,116.4397521018982
regret,3,491520,293,0.8191126279863481,189.94539249146757,2000,0.045,494.6315,1567,734,116.4397521018982
regret,4,0,293,0.0,500.0,2000,0.0,500.0,1472,685,113.64519906044006
regret,4,49152,293,0.8464163822525598,195.19453924914677,2000,0.059,493.6895,1472,685,113.64519906044006
regret,4,98304,293,0.0034129692832764505,498.57679180887374,2000,0.0,500.0,1472,685,113.64519906044006
regret,4,147456,293,0.9146757679180887,173.92832764505118,2000,0.0615,493.2485,1472,685,113.64519906044006
regret,4,196608,293,0.9419795221843004,164.7133105802048,2000,0.0875,490.3875,1472,685,113.64519906044006
regret,4,245760,293,0.9556313993174061,157.48464163822527,2000,0.1,488.756,1472,685,113.64519906044006
regret,4,294912,293,0.9385665529010239,157.46075085324233,2000,0.0985,488.9745,1472,685,113.64519906044006
regret,4,344064,293,0.9351535836177475,153.98976109215016,2000,0.088,488.4185,1472,685,113.64519906044006
regret,4,393216,293,0.9556313993174061,154.18430034129693,2000,0.0935,490.38,1472,685,113.64519906044006
regret,4,442368,293,0.9590443686006825,150.4368600682594,2000,0.08,490.6975,1472,685,113.64519906044006
regret,4,491520,293,0.9453924914675768,154.6962457337884,2000,0.087,489.6995,1472,685,113.64519906044006
sipacl_regret,3,0,293,0.0,500.0,2000,0.0,500.0,1711,826,116.56952571868896
sipacl_regret,3,49152,293,0.5051194539249146,341.3481228668942,2000,0.0,500.0,1711,826,116.56952571868896
sipacl_regret,3,98304,293,0.6825938566552902,239.25597269624572,2000,0.018,498.261,1711,826,116.56952571868896
sipacl_regret,3,147456,293,0.9385665529010239,155.94539249146757,2000,0.064,493.042,1711,826,116.56952571868896
sipacl_regret,3,196608,293,0.9044368600682594,167.91808873720137,2000,0.048,495.037,1711,826,116.56952571868896
sipacl_regret,3,245760,293,0.9078498293515358,167.50511945392492,2000,0.051,494.2525,1711,826,116.56952571868896
sipacl_regret,3,294912,293,0.9283276450511946,159.24914675767917,2000,0.0575,494.148,1711,826,116.56952571868896
sipacl_regret,3,344064,293,0.8976109215017065,167.1569965870307,2000,0.0585,493.0935,1711,826,116.56952571868896
sipacl_regret,3,393216,293,0.9385665529010239,162.320819112628,2000,0.097,489.545,1711,826,116.56952571868896
sipacl_regret,3,442368,293,0.9522184300341296,150.62116040955632,2000,0.075,491.8535,1711,826,116.56952571868896
sipacl_regret,3,491520,293,0.9385665529010239,156.09897610921502,2000,0.08,490.3185,1711,826,116.56952571868896
sipacl_regret,4,0,293,0.7201365187713311,284.19453924914677,2000,0.0005,499.945,1678,834,115.75300693511963
sipacl_regret,4,49152,293,0.9283276450511946,165.160409556314,2000,0.0635,492.8505,1678,834,115.75300693511963
sipacl_regret,4,98304,293,0.9453924914675768,157.77474402730377,2000,0.0885,490.3315,1678,834,115.75300693511963
sipacl_regret,4,147456,293,0.9351535836177475,160.5631399317406,2000,0.099,488.6725,1678,834,115.75300693511963
sipacl_regret,4,196608,293,0.89419795221843,177.1296928327645,2000,0.0865,490.0525,1678,834,115.75300693511963
sipacl_regret,4,245760,293,0.8976109215017065,171.19112627986348,2000,0.0445,495.242,1678,834,115.75300693511963
sipacl_regret,4,294912,293,0.726962457337884,226.59726962457339,2000,0.013,498.45,1678,834,115.75300693511963
sipacl_regret,4,344064,293,0.9522184300341296,152.67235494880546,2000,0.075,491.557,1678,834,115.75300693511963
sipacl_regret,4,393216,293,0.8327645051194539,185.2764505119454,2000,0.0225,496.8935,1678,834,115.75300693511963
sipacl_regret,4,442368,293,0.7781569965870307,209.160409556314,2000,0.023,497.448,1678,834,115.75300693511963
sipacl_regret,4,491520,293,0.931740614334471,157.8976109215017,2000,0.054,493.7945,1678,834,115.75300693511963
regret,5,0,293,0.0,500.0,2000,0.0,500.0,1456,679,93.54578709602356
regret,5,49152,293,0.9419795221843004,153.51194539249147,2000,0.0895,489.4015,1456,679,93.54578709602356
regret,5,98304,293,0.9010238907849829,168.40955631399316,2000,0.0505,494.885,1456,679,93.54578709602356
regret,5,147456,293,0.9010238907849829,170.91808873720137,2000,0.042,495.423,1456,679,93.54578709602356
regret,5,196608,293,0.9044368600682594,164.61774744027304,2000,0.0425,495.622,1456,679,93.54578709602356
regret,5,245760,293,0.9283276450511946,167.56996587030716,2000,0.0445,496.0675,1456,679,93.54578709602356
regret,5,294912,293,0.9453924914675768,159.41296928327645,2000,0.0725,492.652,1456,679,93.54578709602356
regret,5,344064,293,0.9453924914675768,151.1160409556314,2000,0.088,490.515,1456,679,93.54578709602356
regret,5,393216,293,0.9522184300341296,156.2730375426621,2000,0.0765,491.56,1456,679,93.54578709602356
regret,5,442368,293,0.9419795221843004,156.6962457337884,2000,0.085,490.674,1456,679,93.54578709602356
regret,5,491520,293,0.9215017064846417,160.10580204778157,2000,0.062,492.6435,1456,679,93.54578709602356
sipacl_regret,5,0,293,0.5767918088737202,339.45733788395904,2000,0.0,500.0,1715,861,98.59084701538086
sipacl_regret,5,49152,293,0.9215017064846417,155.2627986348123,2000,0.045,494.9685,1715,861,98.59084701538086
sipacl_regret,5,98304,293,0.9351535836177475,164.17747440273038,2000,0.069,492.1055,1715,861,98.59084701538086
sipacl_regret,5,147456,293,0.9180887372013652,165.61433447098977,2000,0.0565,493.3695,1715,861,98.59084701538086
sipacl_regret,5,196608,293,0.89419795221843,168.94539249146757,2000,0.0565,493.814,1715,861,98.59084701538086
sipacl_regret,5,245760,293,0.9522184300341296,150.33105802047783,2000,0.0965,488.338,1715,861,98.59084701538086
sipacl_regret,5,294912,293,0.9522184300341296,151.1331058020478,2000,0.088,490.2395,1715,861,98.59084701538086
sipacl_regret,5,344064,293,0.9419795221843004,153.7098976109215,2000,0.105,487.9985,1715,861,98.59084701538086
sipacl_regret,5,393216,293,0.962457337883959,145.68600682593856,2000,0.102,488.4885,1715,861,98.59084701538086
sipacl_regret,5,442368,293,0.962457337883959,148.6962457337884,2000,0.092,489.0765,1715,861,98.59084701538086
sipacl_regret,5,491520,293,0.9522184300341296,151.93856655290102,2000,0.0945,489.27,1715,861,98.59084701538086
regret,6,0,293,0.0,500.0,2000,0.0,500.0,1469,649,97.5749659538269
regret,6,49152,293,0.863481228668942,175.05460750853243,2000,0.041,494.61,1469,649,97.5749659538269
regret,6,98304,293,0.7030716723549488,252.91126279863482,2000,0.012,498.9595,1469,649,97.5749659538269
regret,6,147456,293,0.5460750853242321,335.0273037542662,2000,0.0005,499.899,1469,649,97.5749659538269
regret,6,196608,293,0.8122866894197952,252.34129692832764,2000,0.0,500.0,1469,649,97.5749659538269
regret,6,245760,293,0.8122866894197952,247.77474402730377,2000,0.0015,499.9275,1469,649,97.5749659538269
regret,6,294912,293,0.8668941979522184,209.7064846416382,2000,0.0005,499.9755,1469,649,97.5749659538269
regret,6,344064,293,0.9146757679180887,155.39590443686006,2000,0.049,494.215,1469,649,97.5749659538269
regret,6,393216,293,0.931740614334471,157.50170648464163,2000,0.0745,491.556,1469,649,97.5749659538269
regret,6,442368,293,0.9488054607508533,155.5221843003413,2000,0.096,489.809,1469,649,97.5749659538269
regret,6,491520,293,0.9283276450511946,158.17064846416383,2000,0.0815,490.5975,1469,649,97.5749659538269
sipacl_regret,6,0,293,0.0,500.0,2000,0.0,500.0,1597,785,98.27976322174072
sipacl_regret,6,49152,293,0.8907849829351536,168.09556313993173,2000,0.0585,493.4815,1597,785,98.27976322174072
sipacl_regret,6,98304,293,0.22184300341296928,425.25255972696243,2000,0.0025,499.7565,1597,785,98.27976322174072
sipacl_regret,6,147456,293,0.20136518771331058,416.5733788395904,2000,0.0,500.0,1597,785,98.27976322174072
sipacl_regret,6,196608,293,0.40955631399317405,334.8976109215017,2000,0.0075,499.196,1597,785,98.27976322174072
sipacl_regret,6,245760,293,0.7064846416382252,225.93515358361773,2000,0.019,497.527,1597,785,98.27976322174072
sipacl_regret,6,294912,293,0.8907849829351536,170.73378839590444,2000,0.0655,492.894,1597,785,98.27976322174072
sipacl_regret,6,344064,293,0.6996587030716723,224.90102389078498,2000,0.0175,497.943,1597,785,98.27976322174072
sipacl_regret,6,393216,293,0.7064846416382252,228.9419795221843,2000,0.015,498.0505,1597,785,98.27976322174072
sipacl_regret,6,442368,293,0.863481228668942,173.09556313993173,2000,0.045,494.496,1597,785,98.27976322174072
sipacl_regret,6,491520,293,0.7679180887372014,202.19795221843003,2000,0.024,496.836,1597,785,98.27976322174072
regret,7,0,293,0.0,500.0,2000,0.0,500.0,1454,657,94.5128288269043
regret,7,49152,293,0.08191126279863481,472.19112627986345,2000,0.006,499.324,1454,657,94.5128288269043
regret,7,98304,293,0.6996587030716723,252.1023890784983,2000,0.0445,495.6045,1454,657,94.5128288269043
regret,7,147456,293,0.78839590443686,224.8430034129693,2000,0.059,493.457,1454,657,94.5128288269043
regret,7,196608,293,0.6655290102389079,263.2866894197952,2000,0.044,495.0575,1454,657,94.5128288269043
regret,7,245760,293,0.6791808873720137,255.91808873720137,2000,0.052,493.958,1454,657,94.5128288269043
regret,7,294912,293,0.9146757679180887,163.73037542662115,2000,0.094,489.325,1454,657,94.5128288269043
regret,7,344064,293,0.7098976109215017,252.30034129692834,2000,0.0485,495.3235,1454,657,94.5128288269043
regret,7,393216,293,0.8839590443686007,184.59726962457339,2000,0.0825,490.988,1454,657,94.5128288269043
regret,7,442368,293,0.689419795221843,249.83276450511946,2000,0.044,494.3745,1454,657,94.5128288269043
regret,7,491520,293,0.9556313993174061,148.8566552901024,2000,0.0975,489.1185,1454,657,94.5128288269043
sipacl_regret,7,0,293,0.17747440273037543,450.8191126279863,2000,0.0,500.0,1602,781,95.22483777999878
sipacl_regret,7,49152,293,0.7474402730375427,236.17064846416383,2000,0.052,493.683,1602,781,95.22483777999878
sipacl_regret,7,98304,293,0.9488054607508533,153.93515358361773,2000,0.093,490.268,1602,781,95.22483777999878
sipacl_regret,7,147456,293,0.7918088737201365,220.31399317406144,2000,0.063,493.235,1602,781,95.22483777999878
sipacl_regret,7,196608,293,0.8668941979522184,183.6518771331058,2000,0.049,494.613,1602,781,95.22483777999878
sipacl_regret,7,245760,293,0.9488054607508533,163.4470989761092,2000,0.081,491.176,1602,781,95.22483777999878
sipacl_regret,7,294912,293,0.9590443686006825,157.37883959044368,2000,0.0895,490.473,1602,781,95.22483777999878
sipacl_regret,7,344064,293,0.9215017064846417,170.65870307167236,2000,0.0545,493.7495,1602,781,95.22483777999878
sipacl_regret,7,393216,293,0.9590443686006825,156.9692832764505,2000,0.091,489.368,1602,781,95.22483777999878
sipacl_regret,7,442368,293,0.9453924914675768,159.23549488054607,2000,0.0885,489.607,1602,781,95.22483777999878
sipacl_regret,7,491520,293,0.856655290102389,184.1877133105802,2000,0.042,495.1665,1602,781,95.22483777999878
regret,8,0,293,0.7235494880546075,276.6825938566553,2000,0.0,500.0,1501,670,94.52853679656982
regret,8,49152,293,0.7201365187713311,242.36860068259386,2000,0.0555,493.835,1501,670,94.52853679656982
regret,8,98304,293,0.7372013651877133,239.95221843003412,2000,0.0575,493.3785,1501,670,94.52853679656982
regret,8,147456,293,0.9351535836177475,160.91808873720137,2000,0.096,488.979,1501,670,94.52853679656982
regret,8,196608,293,0.6791808873720137,263.4266211604096,2000,0.033,495.9275,1501,670,94.52853679656982
regret,8,245760,293,0.757679180887372,230.8532423208191,2000,0.052,494.26,1501,670,94.52853679656982
regret,8,294912,293,0.9590443686006825,149.4641638225256,2000,0.0855,490.741,1501,670,94.52853679656982
regret,8,344064,293,0.9522184300341296,154.4163822525597,2000,0.096,490.0295,1501,670,94.52853679656982
regret,8,393216,293,0.9385665529010239,161.679180887372,2000,0.083,490.9795,1501,670,94.52853679656982
regret,8,442368,293,0.9556313993174061,152.1433447098976,2000,0.0795,490.6655,1501,670,94.52853679656982
regret,8,491520,293,0.9078498293515358,168.60068259385665,2000,0.058,493.242,1501,670,94.52853679656982
sipacl_regret,8,0,293,0.16723549488054607,439.839590443686,2000,0.0,500.0,1460,702,92.01101899147034
sipacl_regret,8,49152,293,0.9556313993174061,160.44368600682594,2000,0.063,492.7915,1460,702,92.01101899147034
sipacl_regret,8,98304,293,0.9488054607508533,154.95221843003412,2000,0.0595,493.1105,1460,702,92.01101899147034
sipacl_regret,8,147456,293,0.8464163822525598,227.6518771331058,2000,0.0025,499.9185,1460,702,92.01101899147034
sipacl_regret,8,196608,293,0.0034129692832764505,499.9146757679181,2000,0.0,500.0,1460,702,92.01101899147034
sipacl_regret,8,245760,293,0.4300341296928328,356.27645051194537,2000,0.0,500.0,1460,702,92.01101899147034
sipacl_regret,8,294912,293,0.5972696245733788,288.93174061433444,2000,0.011,498.853,1460,702,92.01101899147034
sipacl_regret,8,344064,293,0.9488054607508533,162.4505119453925,2000,0.0445,495.086,1460,702,92.01101899147034
sipacl_regret,8,393216,293,0.9078498293515358,173.75767918088738,2000,0.0485,494.827,1460,702,92.01101899147034
sipacl_regret,8,442368,293,0.7986348122866894,215.50170648464163,2000,0.041,495.6035,1460,702,92.01101899147034
sipacl_regret,8,491520,293,0.9249146757679181,163.50170648464163,2000,0.071,491.9135,1460,702,92.01101899147034
oracle80,1,0,293,0.7781569965870307,214.82252559726962,2000,0.0195,497.2615,1023,843,39.132843017578125
oracle80,1,49152,293,0.0,500.0,2000,0.0,500.0,1023,843,39.132843017578125
oracle80,1,98304,293,0.0,500.0,2000,0.0,500.0,1023,843,39.132843017578125
oracle80,1,147456,293,0.0,500.0,2000,0.0,500.0,1023,843,39.132843017578125
oracle80,1,196608,293,0.6075085324232082,331.32423208191125,2000,0.0,500.0,1023,843,39.132843017578125
oracle80,1,245760,293,0.2901023890784983,416.5665529010239,2000,0.0,500.0,1023,843,39.132843017578125
oracle80,1,294912,293,0.6075085324232082,315.8941979522184,2000,0.001,499.907,1023,843,39.132843017578125
oracle80,1,344064,293,0.7918088737201365,256.2457337883959,2000,0.0005,499.986,1023,843,39.132843017578125
oracle80,1,393216,293,0.9658703071672355,144.2457337883959,2000,0.1,488.7325,1023,843,39.132843017578125
oracle80,1,442368,293,0.962457337883959,144.37201365187713,2000,0.112,485.9135,1023,843,39.132843017578125
oracle80,1,491520,293,0.9658703071672355,144.77133105802048,2000,0.1115,486.575,1023,843,39.132843017578125
oracle_front50,1,0,293,0.0,500.0,2000,0.0,500.0,1377,679,38.797677755355835
oracle_front50,1,49152,293,0.0,500.0,2000,0.0,500.0,1377,679,38.797677755355835
oracle_front50,1,98304,293,0.78839590443686,214.47440273037543,2000,0.0245,497.4085,1377,679,38.797677755355835
oracle_front50,1,147456,293,0.7064846416382252,239.5494880546075,2000,0.0265,497.179,1377,679,38.797677755355835
oracle_front50,1,196608,293,0.726962457337884,248.59044368600684,2000,0.0145,498.6375,1377,679,38.797677755355835
oracle_front50,1,245760,293,0.10238907849829351,462.82252559726965,2000,0.0005,499.9905,1377,679,38.797677755355835
oracle_front50,1,294912,293,0.5699658703071673,285.61092150170646,2000,0.0115,498.787,1377,679,38.797677755355835
oracle_front50,1,344064,293,0.7030716723549488,236.78498293515358,2000,0.026,497.3055,1377,679,38.797677755355835
oracle_front50,1,393216,293,0.7201365187713311,230.17747440273038,2000,0.0235,496.985,1377,679,38.797677755355835
oracle_front50,1,442368,293,0.7303754266211604,227.50853242320818,2000,0.02,497.7735,1377,679,38.797677755355835
oracle_front50,1,491520,293,0.7440273037542662,216.4505119453925,2000,0.0295,496.5255,1377,679,38.797677755355835
oracle80,2,0,293,0.06484641638225255,474.70989761092153,2000,0.0,500.0,1074,858,38.9643976688385
oracle80,2,49152,293,0.9351535836177475,164.32423208191128,2000,0.058,493.369,1074,858,38.9643976688385
oracle80,2,98304,293,0.0,500.0,2000,0.0,500.0,1074,858,38.9643976688385
oracle80,2,147456,293,0.6348122866894198,262.5255972696246,2000,0.0015,499.8715,1074,858,38.9643976688385
oracle80,2,196608,293,0.20819112627986347,451.87713310580205,2000,0.0,500.0,1074,858,38.9643976688385
oracle80,2,245760,293,0.764505119453925,211.1433447098976,2000,0.013,498.537,1074,858,38.9643976688385
oracle80,2,294912,293,0.7849829351535836,198.77815699658703,2000,0.0235,497.58,1074,858,38.9643976688385
oracle80,2,344064,293,0.8122866894197952,195.20477815699658,2000,0.03,496.4295,1074,858,38.9643976688385
oracle80,2,393216,293,0.7508532423208191,206.160409556314,2000,0.012,498.477,1074,858,38.9643976688385
oracle80,2,442368,293,0.8327645051194539,178.37201365187713,2000,0.0265,497.214,1074,858,38.9643976688385
oracle80,2,491520,293,0.8703071672354948,169.61774744027304,2000,0.046,494.4145,1074,858,38.9643976688385
oracle20,1,0,293,0.05460750853242321,483.81569965870307,2000,0.0,500.0,1726,355,39.20453190803528
oracle20,1,49152,293,0.9351535836177475,161.01023890784984,2000,0.0615,492.758,1726,355,39.20453190803528
oracle20,1,98304,293,0.017064846416382253,496.97610921501706,2000,0.0,500.0,1726,355,39.20453190803528
oracle20,1,147456,293,0.4402730375426621,352.1672354948806,2000,0.0145,498.488,1726,355,39.20453190803528
oracle20,1,196608,293,0.515358361774744,327.10921501706486,2000,0.022,497.8895,1726,355,39.20453190803528
oracle20,1,245760,293,0.28668941979522183,402.3139931740614,2000,0.018,498.0565,1726,355,39.20453190803528
oracle20,1,294912,293,0.378839590443686,368.06484641638224,2000,0.018,498.063,1726,355,39.20453190803528
oracle20,1,344064,293,0.6655290102389079,263.45051194539246,2000,0.0385,495.5565,1726,355,39.20453190803528
oracle20,1,393216,293,0.4778156996587031,329.06484641638224,2000,0.029,496.369,1726,355,39.20453190803528
oracle20,1,442368,293,0.9419795221843004,160.4641638225256,2000,0.082,490.52,1726,355,39.20453190803528
oracle20,1,491520,293,0.9249146757679181,159.26621160409556,2000,0.091,489.922,1726,355,39.20453190803528
oracle20,2,0,293,0.0,500.0,2000,0.0,500.0,1824,374,39.768062353134155
oracle20,2,49152,293,0.7440273037542662,212.3174061433447,2000,0.0265,497.0605,1824,374,39.768062353134155
oracle20,2,98304,293,0.8771331058020477,199.99317406143345,2000,0.018,498.6415,1824,374,39.768062353134155
oracle20,2,147456,293,0.9385665529010239,156.25255972696246,2000,0.094,489.6005,1824,374,39.768062353134155
oracle20,2,196608,293,0.9453924914675768,157.31399317406144,2000,0.091,488.365,1824,374,39.768062353134155
oracle20,2,245760,293,0.9453924914675768,156.71672354948805,2000,0.099,487.689,1824,374,39.768062353134155
oracle20,2,294912,293,0.9556313993174061,151.4505119453925,2000,0.088,489.81,1824,374,39.768062353134155
oracle20,2,344064,293,0.931740614334471,155.46075085324233,2000,0.0775,491.0565,1824,374,39.768062353134155
oracle20,2,393216,293,0.9590443686006825,154.84982935153585,2000,0.102,488.0785,1824,374,39.768062353134155
oracle20,2,442368,293,0.9590443686006825,157.09215017064847,2000,0.0885,489.82,1824,374,39.768062353134155
oracle20,2,491520,293,0.9522184300341296,149.4778156996587,2000,0.1015,488.825,1824,374,39.768062353134155
oracle80,3,0,293,0.0,500.0,2000,0.0,500.0,1058,850,44.44521689414978
oracle80,3,49152,293,0.0,500.0,2000,0.0,500.0,1058,850,44.44521689414978
oracle80,3,98304,293,0.0,500.0,2000,0.0,500.0,1058,850,44.44521689414978
oracle80,3,147456,293,0.6416382252559727,254.31058020477815,2000,0.0155,498.4535,1058,850,44.44521689414978
oracle80,3,196608,293,0.9351535836177475,158.1160409556314,2000,0.073,491.803,1058,850,44.44521689414978
oracle80,3,245760,293,0.658703071672355,242.3071672354949,2000,0.0025,499.671,1058,850,44.44521689414978
oracle80,3,294912,293,0.44368600682593856,321.3617747440273,2000,0.002,499.742,1058,850,44.44521689414978
oracle80,3,344064,293,0.3583617747440273,358.2013651877133,2000,0.0005,499.9605,1058,850,44.44521689414978
oracle80,3,393216,293,0.658703071672355,243.43003412969284,2000,0.016,498.437,1058,850,44.44521689414978
oracle80,3,442368,293,0.8464163822525598,179.4061433447099,2000,0.0355,495.5125,1058,850,44.44521689414978
oracle80,3,491520,293,0.7508532423208191,211.90102389078498,2000,0.0235,497.4485,1058,850,44.44521689414978
oracle_front50,2,0,293,0.24573378839590443,412.26962457337885,2000,0.003,499.706,1439,678,44.72554397583008
oracle_front50,2,49152,293,0.9078498293515358,161.0170648464164,2000,0.0645,492.6175,1439,678,44.72554397583008
oracle_front50,2,98304,293,0.8532423208191127,185.26621160409556,2000,0.037,495.84,1439,678,44.72554397583008
oracle_front50,2,147456,293,0.6313993174061433,262.76109215017067,2000,0.01,498.696,1439,678,44.72554397583008
oracle_front50,2,196608,293,0.4402730375426621,325.29692832764505,2000,0.0055,499.211,1439,678,44.72554397583008
oracle_front50,2,245760,293,0.7337883959044369,221.7269624573379,2000,0.022,497.357,1439,678,44.72554397583008
oracle_front50,2,294912,293,0.825938566552901,193.3924914675768,2000,0.0385,495.422,1439,678,44.72554397583008
oracle_front50,2,344064,293,0.757679180887372,206.75767918088738,2000,0.0235,496.9025,1439,678,44.72554397583008
oracle_front50,2,393216,293,0.78839590443686,195.3037542662116,2000,0.0215,496.854,1439,678,44.72554397583008
oracle_front50,2,442368,293,0.9522184300341296,146.1740614334471,2000,0.093,488.8535,1439,678,44.72554397583008
oracle_front50,2,491520,293,0.8703071672354948,172.69965870307166,2000,0.0445,494.638,1439,678,44.72554397583008
oracle20,3,0,293,0.8395904436860068,249.1296928327645,2000,0.0005,499.953,1839,370,44.99896502494812
oracle20,3,49152,293,0.89419795221843,166.93856655290102,2000,0.053,493.576,1839,370,44.99896502494812
oracle20,3,98304,293,0.8703071672354948,181.21501706484642,2000,0.056,493.395,1839,370,44.99896502494812
oracle20,3,147456,293,0.8805460750853242,176.91808873720137,2000,0.0455,495.157,1839,370,44.99896502494812
oracle20,3,196608,293,0.6689419795221843,245.8976109215017,2000,0.0175,498.1675,1839,370,44.99896502494812
oracle20,3,245760,293,0.7849829351535836,202.35836177474403,2000,0.0345,495.5545,1839,370,44.99896502494812
oracle20,3,294912,293,0.9419795221843004,160.50853242320818,2000,0.06,493.373,1839,370,44.99896502494812
oracle20,3,344064,293,0.9010238907849829,170.77815699658703,2000,0.0645,493.293,1839,370,44.99896502494812
oracle20,3,393216,293,0.8839590443686007,176.19795221843003,2000,0.062,492.573,1839,370,44.99896502494812
oracle20,3,442368,293,0.6928327645051194,234.40955631399316,2000,0.0165,498.2685,1839,370,44.99896502494812
oracle20,3,491520,293,0.7986348122866894,198.07167235494882,2000,0.0325,496.073,1839,370,44.99896502494812
oracle_front50,3,0,293,0.0,500.0,2000,0.0,500.0,1371,683,44.82341384887695
oracle_front50,3,49152,293,0.962457337883959,149.46757679180888,2000,0.09,490.0565,1371,683,44.82341384887695
oracle_front50,3,98304,293,0.9180887372013652,158.5836177474403,2000,0.068,492.775,1371,683,44.82341384887695
oracle_front50,3,147456,293,0.6416382252559727,311.77474402730377,2000,0.0,500.0,1371,683,44.82341384887695
oracle_front50,3,196608,293,0.7542662116040956,236.07849829351537,2000,0.019,497.9315,1371,683,44.82341384887695
oracle_front50,3,245760,293,0.8498293515358362,196.34470989761093,2000,0.0315,496.4955,1371,683,44.82341384887695
oracle_front50,3,294912,293,0.5870307167235495,293.01023890784984,2000,0.011,499.094,1371,683,44.82341384887695
oracle_front50,3,344064,293,0.2150170648464164,415.32423208191125,2000,0.0015,499.78,1371,683,44.82341384887695
oracle_front50,3,393216,293,0.5051194539249146,307.160409556314,2000,0.011,498.7915,1371,683,44.82341384887695
oracle_front50,3,442368,293,0.3720136518771331,355.8976109215017,2000,0.004,499.5585,1371,683,44.82341384887695
oracle_front50,3,491520,293,0.8703071672354948,183.80546075085323,2000,0.043,495.623,1371,683,44.82341384887695
oracle20,4,0,293,0.4197952218430034,340.0443686006826,2000,0.003,499.562,1779,336,46.96133899688721
oracle20,4,49152,293,0.9385665529010239,154.83276450511946,2000,0.0875,489.616,1779,336,46.96133899688721
oracle20,4,98304,293,0.9658703071672355,162.6655290102389,2000,0.0915,489.9205,1779,336,46.96133899688721
oracle20,4,147456,293,0.9146757679180887,182.18430034129693,2000,0.066,493.3,1779,336,46.96133899688721
oracle20,4,196608,293,0.9385665529010239,159.580204778157,2000,0.094,489.3805,1779,336,46.96133899688721
oracle20,4,245760,293,0.4948805460750853,326.17747440273035,2000,0.023,497.303,1779,336,46.96133899688721
oracle20,4,294912,293,0.9453924914675768,164.22184300341297,2000,0.06,494.048,1779,336,46.96133899688721
oracle20,4,344064,293,0.9044368600682594,168.50170648464163,2000,0.0495,494.731,1779,336,46.96133899688721
oracle20,4,393216,293,0.9522184300341296,155.32764505119454,2000,0.072,492.204,1779,336,46.96133899688721
oracle20,4,442368,293,0.9249146757679181,160.0580204778157,2000,0.0695,492.2335,1779,336,46.96133899688721
oracle20,4,491520,293,0.9419795221843004,157.4232081911263,2000,0.0695,491.8075,1779,336,46.96133899688721
oracle80,4,0,293,0.0,500.0,2000,0.0,500.0,1014,810,49.12110900878906
oracle80,4,49152,293,0.447098976109215,333.15699658703073,2000,0.0005,499.931,1014,810,49.12110900878906
oracle80,4,98304,293,0.6928327645051194,239.43003412969284,2000,0.014,498.8395,1014,810,49.12110900878906
oracle80,4,147456,293,0.7918088737201365,266.93174061433444,2000,0.0,500.0,1014,810,49.12110900878906
oracle80,4,196608,293,0.0,500.0,2000,0.0,500.0,1014,810,49.12110900878906
oracle80,4,245760,293,0.0,500.0,2000,0.0,500.0,1014,810,49.12110900878906
oracle80,4,294912,293,0.0,500.0,2000,0.0,500.0,1014,810,49.12110900878906
oracle80,4,344064,293,0.0,500.0,2000,0.0,500.0,1014,810,49.12110900878906
oracle80,4,393216,293,0.6075085324232082,327.7269624573379,2000,0.0005,499.9835,1014,810,49.12110900878906
oracle80,4,442368,293,0.8327645051194539,247.02389078498294,2000,0.019,498.7655,1014,810,49.12110900878906
oracle80,4,491520,293,0.9351535836177475,178.93515358361773,2000,0.0575,494.085,1014,810,49.12110900878906
oracle_front50,4,0,293,0.0,500.0,2000,0.0,500.0,1420,673,50.09366512298584
oracle_front50,4,49152,293,0.9453924914675768,151.75085324232083,2000,0.0975,487.829,1420,673,50.09366512298584
oracle_front50,4,98304,293,0.9249146757679181,174.6075085324232,2000,0.0455,495.443,1420,673,50.09366512298584
oracle_front50,4,147456,293,0.8498293515358362,174.66211604095562,2000,0.0305,496.164,1420,673,50.09366512298584
oracle_front50,4,196608,293,0.9010238907849829,179.1433447098976,2000,0.0205,498.038,1420,673,50.09366512298584
oracle_front50,4,245760,293,0.9215017064846417,162.20819112627987,2000,0.0405,495.8025,1420,673,50.09366512298584
oracle_front50,4,294912,293,0.9556313993174061,148.21160409556313,2000,0.0875,490.2205,1420,673,50.09366512298584
oracle_front50,4,344064,293,0.9556313993174061,147.91126279863482,2000,0.094,488.8825,1420,673,50.09366512298584
oracle_front50,4,393216,293,0.9146757679180887,156.64163822525597,2000,0.0505,494.4815,1420,673,50.09366512298584
oracle_front50,4,442368,293,0.9522184300341296,152.78839590443687,2000,0.066,492.563,1420,673,50.09366512298584
oracle_front50,4,491520,293,0.9078498293515358,168.52559726962457,2000,0.05,494.156,1420,673,50.09366512298584
oracle20,5,0,293,0.11262798634812286,462.18430034129693,2000,0.0,500.0,1780,351,49.91271924972534
oracle20,5,49152,293,0.7201365187713311,222.93856655290102,2000,0.0235,497.437,1780,351,49.91271924972534
oracle20,5,98304,293,0.9180887372013652,160.97952218430035,2000,0.072,491.2995,1780,351,49.91271924972534
oracle20,5,147456,293,0.658703071672355,283.5938566552901,2000,0.0235,498.318,1780,351,49.91271924972534
oracle20,5,196608,293,0.9249146757679181,173.86348122866895,2000,0.07,493.2325,1780,351,49.91271924972534
oracle20,5,245760,293,0.9385665529010239,157.9419795221843,2000,0.0915,490.7785,1780,351,49.91271924972534
oracle20,5,294912,293,0.9556313993174061,154.1569965870307,2000,0.099,488.784,1780,351,49.91271924972534
oracle20,5,344064,293,0.9488054607508533,148.74402730375428,2000,0.104,488.227,1780,351,49.91271924972534
oracle20,5,393216,293,0.9385665529010239,156.1023890784983,2000,0.098,489.495,1780,351,49.91271924972534
oracle20,5,442368,293,0.9522184300341296,150.7133105802048,2000,0.095,489.318,1780,351,49.91271924972534
oracle20,5,491520,293,0.9283276450511946,160.65870307167236,2000,0.1115,487.0615,1780,351,49.91271924972534
oracle80,5,0,293,0.030716723549488054,490.93515358361776,2000,0.0,500.0,1081,849,49.407784938812256
oracle80,5,49152,293,0.18088737201365188,427.2184300341297,2000,0.0,500.0,1081,849,49.407784938812256
oracle80,5,98304,293,0.7201365187713311,221.84641638225256,2000,0.0205,497.3575,1081,849,49.407784938812256
oracle80,5,147456,293,0.010238907849829351,497.48805460750856,2000,0.0,500.0,1081,849,49.407784938812256
oracle80,5,196608,293,0.5255972696245734,341.2798634812287,2000,0.0,500.0,1081,849,49.407784938812256
oracle80,5,245760,293,0.5119453924914675,318.419795221843,2000,0.0265,496.977,1081,849,49.407784938812256
oracle80,5,294912,293,0.6962457337883959,275.6382252559727,2000,0.0275,497.693,1081,849,49.407784938812256
oracle80,5,344064,293,0.8771331058020477,185.06484641638227,2000,0.071,492.133,1081,849,49.407784938812256
oracle80,5,393216,293,0.9522184300341296,150.67235494880546,2000,0.0905,489.771,1081,849,49.407784938812256
oracle80,5,442368,293,0.9453924914675768,153.80204778156997,2000,0.095,488.5595,1081,849,49.407784938812256
oracle80,5,491520,293,0.9522184300341296,147.6825938566553,2000,0.0915,490.148,1081,849,49.407784938812256
oracle_front50,5,0,293,0.22525597269624573,409.6825938566553,2000,0.0,500.0,1302,660,48.564510345458984
oracle_front50,5,49152,293,0.5255972696245734,314.67235494880543,2000,0.0245,497.076,1302,660,48.564510345458984
oracle_front50,5,98304,293,0.7372013651877133,229.78839590443687,2000,0.0255,497.3815,1302,660,48.564510345458984
oracle_front50,5,147456,293,0.0,500.0,2000,0.0,500.0,1302,660,48.564510345458984
oracle_front50,5,196608,293,0.07849829351535836,472.0546075085324,2000,0.0,500.0,1302,660,48.564510345458984
oracle_front50,5,245760,293,0.14334470989761092,454.5460750853242,2000,0.0,500.0,1302,660,48.564510345458984
oracle_front50,5,294912,293,0.006825938566552901,497.85665529010237,2000,0.0,500.0,1302,660,48.564510345458984
oracle_front50,5,344064,293,0.09215017064846416,463.26279863481227,2000,0.0005,499.9855,1302,660,48.564510345458984
oracle_front50,5,393216,293,0.49829351535836175,310.7269624573379,2000,0.0115,498.893,1302,660,48.564510345458984
oracle_front50,5,442368,293,0.5631399317406144,290.8532423208191,2000,0.0095,498.9465,1302,660,48.564510345458984
oracle_front50,5,491520,293,0.89419795221843,176.5358361774744,2000,0.046,495.3475,1302,660,48.564510345458984
oracle20,6,0,293,0.9385665529010239,176.75085324232083,2000,0.07,492.5655,1855,372,38.46854305267334
oracle20,6,49152,293,0.9522184300341296,162.35494880546077,2000,0.0855,490.2845,1855,372,38.46854305267334
oracle20,6,98304,293,0.962457337883959,157.0443686006826,2000,0.084,490.966,1855,372,38.46854305267334
oracle20,6,147456,293,0.9078498293515358,185.22184300341297,2000,0.0435,495.478,1855,372,38.46854305267334
oracle20,6,196608,293,0.9453924914675768,162.0136518771331,2000,0.079,490.378,1855,372,38.46854305267334
oracle20,6,245760,293,0.9044368600682594,161.20136518771332,2000,0.089,490.437,1855,372,38.46854305267334
oracle20,6,294912,293,0.9590443686006825,150.97610921501706,2000,0.0775,490.5995,1855,372,38.46854305267334
oracle20,6,344064,293,0.9419795221843004,161.49829351535837,2000,0.0825,490.397,1855,372,38.46854305267334
oracle20,6,393216,293,0.9522184300341296,150.67576791808872,2000,0.103,488.051,1855,372,38.46854305267334
oracle20,6,442368,293,0.9385665529010239,155.9556313993174,2000,0.065,492.161,1855,372,38.46854305267334
oracle20,6,491520,293,0.9488054607508533,155.05460750853243,2000,0.0785,491.621,1855,372,38.46854305267334
oracle80,6,0,293,0.0,500.0,2000,0.0,500.0,1078,879,37.65596795082092
oracle80,6,49152,293,0.25597269624573377,408.5358361774744,2000,0.0105,499.004,1078,879,37.65596795082092
oracle80,6,98304,293,0.26621160409556316,406.93515358361776,2000,0.011,498.535,1078,879,37.65596795082092
oracle80,6,147456,293,0.7201365187713311,225.55631399317406,2000,0.0205,497.5235,1078,879,37.65596795082092
oracle80,6,196608,293,0.3003412969283277,392.24232081911265,2000,0.0,500.0,1078,879,37.65596795082092
oracle80,6,245760,293,0.43686006825938567,374.4607508532423,2000,0.0,500.0,1078,879,37.65596795082092
oracle80,6,294912,293,0.6177474402730375,297.0204778156997,2000,0.0005,499.9295,1078,879,37.65596795082092
oracle80,6,344064,293,0.8976109215017065,174.320819112628,2000,0.0505,494.6385,1078,879,37.65596795082092
oracle80,6,393216,293,0.9078498293515358,169.63139931740614,2000,0.0525,494.2625,1078,879,37.65596795082092
oracle80,6,442368,293,0.962457337883959,152.61092150170649,2000,0.0835,491.6595,1078,879,37.65596795082092
oracle80,6,491520,293,0.9419795221843004,157.0136518771331,2000,0.0765,490.937,1078,879,37.65596795082092
oracle_front50,6,0,293,0.2525597269624573,435.65870307167233,2000,0.0,500.0,1399,718,38.048264026641846
oracle_front50,6,49152,293,0.8600682593856656,176.50170648464163,2000,0.053,494.0735,1399,718,38.048264026641846
oracle_front50,6,98304,293,0.8839590443686007,169.59044368600684,2000,0.043,495.2135,1399,718,38.048264026641846
oracle_front50,6,147456,293,0.7986348122866894,254.3924914675768,2000,0.0005,499.9405,1399,718,38.048264026641846
oracle_front50,6,196608,293,0.39590443686006827,374.97610921501706,2000,0.0,500.0,1399,718,38.048264026641846
oracle_front50,6,245760,293,0.8873720136518771,171.259385665529,2000,0.0395,495.337,1399,718,38.048264026641846
oracle_front50,6,294912,293,0.9488054607508533,157.89419795221843,2000,0.0925,489.696,1399,718,38.048264026641846
oracle_front50,6,344064,293,0.9112627986348123,167.5529010238908,2000,0.056,493.907,1399,718,38.048264026641846
oracle_front50,6,393216,293,0.9590443686006825,156.78839590443687,2000,0.062,492.247,1399,718,38.048264026641846
oracle_front50,6,442368,293,0.9453924914675768,155.36518771331058,2000,0.0745,491.7545,1399,718,38.048264026641846
oracle_front50,6,491520,293,0.9283276450511946,155.3924914675768,2000,0.0595,493.353,1399,718,38.048264026641846
oracle20,7,0,293,0.0,500.0,2000,0.0,500.0,1895,376,37.917991161346436
oracle20,7,49152,293,0.8976109215017065,184.07508532423208,2000,0.037,496.4005,1895,376,37.917991161346436
oracle20,7,98304,293,0.9453924914675768,161.23549488054607,2000,0.1015,488.6105,1895,376,37.917991161346436
oracle20,7,147456,293,0.8225255972696246,201.00682593856655,2000,0.0735,490.8535,1895,376,37.917991161346436
oracle20,7,196608,293,0.9146757679180887,161.75085324232083,2000,0.0655,492.6515,1895,376,37.917991161346436
oracle20,7,245760,293,0.9488054607508533,153.53242320819112,2000,0.094,489.831,1895,376,37.917991161346436
oracle20,7,294912,293,0.9146757679180887,157.4641638225256,2000,0.076,490.948,1895,376,37.917991161346436
oracle20,7,344064,293,0.8054607508532423,191.42662116040955,2000,0.025,496.9835,1895,376,37.917991161346436
oracle20,7,393216,293,0.8293515358361775,185.92491467576792,2000,0.034,495.789,1895,376,37.917991161346436
oracle20,7,442368,293,0.757679180887372,206.23549488054607,2000,0.025,497.0555,1895,376,37.917991161346436
oracle20,7,491520,293,0.8327645051194539,184.20477815699658,2000,0.035,495.891,1895,376,37.917991161346436
oracle80,7,0,293,0.0,500.0,2000,0.0,500.0,1076,867,37.51766085624695
oracle80,7,49152,293,0.0,500.0,2000,0.0,500.0,1076,867,37.51766085624695
oracle80,7,98304,293,0.06143344709897611,477.82252559726965,2000,0.0015,499.826,1076,867,37.51766085624695
oracle80,7,147456,293,0.03754266211604096,487.6655290102389,2000,0.0,500.0,1076,867,37.51766085624695
oracle80,7,196608,293,0.7679180887372014,272.48805460750856,2000,0.0015,499.955,1076,867,37.51766085624695
oracle80,7,245760,293,0.26621160409556316,394.29010238907847,2000,0.003,499.7705,1076,867,37.51766085624695
oracle80,7,294912,293,0.5017064846416383,305.29692832764505,2000,0.011,499.006,1076,867,37.51766085624695
oracle80,7,344064,293,0.7815699658703071,211.7064846416382,2000,0.0265,497.029,1076,867,37.51766085624695
oracle80,7,393216,293,0.9146757679180887,167.79522184300342,2000,0.0585,493.05,1076,867,37.51766085624695
oracle80,7,442368,293,0.9283276450511946,166.8668941979522,2000,0.051,494.375,1076,867,37.51766085624695
oracle80,7,491520,293,0.9249146757679181,163.05460750853243,2000,0.063,493.2525,1076,867,37.51766085624695
oracle_front50,7,0,293,0.0,500.0,2000,0.0,500.0,1431,705,37.72503471374512
oracle_front50,7,49152,293,0.7679180887372014,243.95904436860067,2000,0.001,499.9055,1431,705,37.72503471374512
oracle_front50,7,98304,293,0.9522184300341296,155.8566552901024,2000,0.098,489.1285,1431,705,37.72503471374512
oracle_front50,7,147456,293,0.9180887372013652,159.33105802047783,2000,0.0575,493.4945,1431,705,37.72503471374512
oracle_front50,7,196608,293,0.5972696245733788,266.3993174061433,2000,0.0075,498.983,1431,705,37.72503471374512
oracle_front50,7,245760,293,0.47440273037542663,311.52901023890786,2000,0.006,499.4655,1431,705,37.72503471374512
oracle_front50,7,294912,293,0.4812286689419795,308.15699658703073,2000,0.004,499.442,1431,705,37.72503471374512
oracle_front50,7,344064,293,0.5290102389078498,289.6348122866894,2000,0.007,499.407,1431,705,37.72503471374512
oracle_front50,7,393216,293,0.6518771331058021,249.46075085324233,2000,0.017,498.095,1431,705,37.72503471374512
oracle_front50,7,442368,293,0.9180887372013652,160.63822525597269,2000,0.0455,495.3785,1431,705,37.72503471374512
oracle_front50,7,491520,293,0.8839590443686007,167.31399317406144,2000,0.04,495.538,1431,705,37.72503471374512
oracle20,8,0,293,0.0,500.0,2000,0.0,500.0,1759,338,38.095924854278564
oracle20,8,49152,293,0.9044368600682594,168.7269624573379,2000,0.043,495.135,1759,338,38.095924854278564
oracle20,8,98304,293,0.6075085324232082,284.39590443686006,2000,0.0405,494.997,1759,338,38.095924854278564
oracle20,8,147456,293,0.5392491467576792,299.5085324232082,2000,0.005,499.58,1759,338,38.095924854278564
oracle20,8,196608,293,0.931740614334471,159.39931740614335,2000,0.0725,491.7715,1759,338,38.095924854278564
oracle20,8,245760,293,0.9488054607508533,155.37883959044368,2000,0.0675,493.0765,1759,338,38.095924854278564
oracle20,8,294912,293,0.8327645051194539,197.60409556313994,2000,0.064,493.0925,1759,338,38.095924854278564
oracle20,8,344064,293,0.9385665529010239,153.7372013651877,2000,0.074,491.6595,1759,338,38.095924854278564
oracle20,8,393216,293,0.9488054607508533,155.68600682593856,2000,0.0815,491.317,1759,338,38.095924854278564
oracle20,8,442368,293,0.89419795221843,169.45733788395904,2000,0.0435,495.483,1759,338,38.095924854278564
oracle20,8,491520,293,0.931740614334471,156.69965870307166,2000,0.075,490.687,1759,338,38.095924854278564
oracle80,8,0,293,0.16040955631399317,442.45051194539246,2000,0.0035,499.8165,1034,828,37.4770028591156
oracle80,8,49152,293,0.6996587030716723,292.3139931740614,2000,0.0005,499.9885,1034,828,37.4770028591156
oracle80,8,98304,293,0.9249146757679181,188.00682593856655,2000,0.049,495.3445,1034,828,37.4770028591156
oracle80,8,147456,293,0.9453924914675768,178.4505119453925,2000,0.054,494.704,1034,828,37.4770028591156
oracle80,8,196608,293,0.0,500.0,2000,0.0,500.0,1034,828,37.4770028591156
oracle80,8,245760,293,0.0,500.0,2000,0.0,500.0,1034,828,37.4770028591156
oracle80,8,294912,293,0.0,500.0,2000,0.0,500.0,1034,828,37.4770028591156
oracle80,8,344064,293,0.04436860068259386,483.61092150170646,2000,0.0015,499.857,1034,828,37.4770028591156
oracle80,8,393216,293,0.3242320819112628,376.5085324232082,2000,0.0075,499.301,1034,828,37.4770028591156
oracle80,8,442368,293,0.4641638225255973,320.8464163822526,2000,0.0095,499.0465,1034,828,37.4770028591156
oracle80,8,491520,293,0.5051194539249146,302.48805460750856,2000,0.0075,499.1395,1034,828,37.4770028591156
oracle_front50,8,0,293,0.051194539249146756,486.13651877133105,2000,0.0,500.0,1373,712,38.114562034606934
oracle_front50,8,49152,293,0.856655290102389,191.74402730375428,2000,0.0295,496.608,1373,712,38.114562034606934
oracle_front50,8,98304,293,0.8771331058020477,176.4163822525597,2000,0.0255,497.0455,1373,712,38.114562034606934
oracle_front50,8,147456,293,0.8600682593856656,189.40955631399316,2000,0.01,499.12,1373,712,38.114562034606934
oracle_front50,8,196608,293,0.7918088737201365,256.22525597269623,2000,0.0,500.0,1373,712,38.114562034606934
oracle_front50,8,245760,293,0.9556313993174061,153.11262798634812,2000,0.07,493.2,1373,712,38.114562034606934
oracle_front50,8,294912,293,0.9522184300341296,150.45733788395904,2000,0.0705,491.8015,1373,712,38.114562034606934
oracle_front50,8,344064,293,0.9146757679180887,161.0580204778157,2000,0.0655,492.5565,1373,712,38.114562034606934
oracle_front50,8,393216,293,0.9488054607508533,147.87372013651878,2000,0.0765,491.274,1373,712,38.114562034606934
oracle_front50,8,442368,293,0.931740614334471,152.62798634812287,2000,0.072,490.958,1373,712,38.114562034606934
oracle_front50,8,491520,293,0.9146757679180887,158.54607508532422,2000,0.0595,492.795,1373,712,38.114562034606934
DR,9,0,293,0.09897610921501707,483.2866894197952,2000,0.0,500.0,2669,0,38.26311707496643
DR,9,49152,293,0.9044368600682594,165.62116040955632,2000,0.059,492.988,2669,0,38.26311707496643
DR,9,98304,293,0.9522184300341296,150.9556313993174,2000,0.0755,491.5575,2669,0,38.26311707496643
DR,9,147456,293,0.825938566552901,186.17064846416383,2000,0.0345,496.013,2669,0,38.26311707496643
DR,9,196608,293,0.9488054607508533,153.77133105802048,2000,0.0815,490.3165,2669,0,38.26311707496643
DR,9,245760,293,0.8873720136518771,170.0,2000,0.0345,496.0425,2669,0,38.26311707496643
DR,9,294912,293,0.9146757679180887,160.68941979522185,2000,0.059,493.1575,2669,0,38.26311707496643
DR,9,344064,293,0.9556313993174061,150.67576791808872,2000,0.0875,490.4685,2669,0,38.26311707496643
DR,9,393216,293,0.9351535836177475,153.5665529010239,2000,0.0565,493.259,2669,0,38.26311707496643
DR,9,442368,293,0.9726962457337884,138.83617747440272,2000,0.11,486.9225,2669,0,38.26311707496643
DR,9,491520,293,0.9351535836177475,156.31058020477815,2000,0.082,490.5605,2669,0,38.26311707496643
oracle80,9,0,293,0.0,500.0,2000,0.0,500.0,976,791,37.850181102752686
oracle80,9,49152,293,0.0,500.0,2000,0.0,500.0,976,791,37.850181102752686
oracle80,9,98304,293,0.0,500.0,2000,0.0,500.0,976,791,37.850181102752686
oracle80,9,147456,293,0.0,500.0,2000,0.0,500.0,976,791,37.850181102752686
oracle80,9,196608,293,0.0,500.0,2000,0.0,500.0,976,791,37.850181102752686
oracle80,9,245760,293,0.0,500.0,2000,0.0,500.0,976,791,37.850181102752686
oracle80,9,294912,293,0.0,500.0,2000,0.0,500.0,976,791,37.850181102752686
oracle80,9,344064,293,0.0,500.0,2000,0.0,500.0,976,791,37.850181102752686
oracle80,9,393216,293,0.0,500.0,2000,0.0,500.0,976,791,37.850181102752686
oracle80,9,442368,293,0.0,500.0,2000,0.0,500.0,976,791,37.850181102752686
oracle80,9,491520,293,0.0,500.0,2000,0.0,500.0,976,791,37.850181102752686
oracle50,9,0,293,0.0,500.0,2000,0.0,500.0,1340,653,38.97175312042236
oracle50,9,49152,293,0.5051194539249146,331.259385665529,2000,0.0,500.0,1340,653,38.97175312042236
oracle50,9,98304,293,0.7337883959044369,274.0716723549488,2000,0.0,500.0,1340,653,38.97175312042236
oracle50,9,147456,293,0.30716723549488056,408.41638225255974,2000,0.0,500.0,1340,653,38.97175312042236
oracle50,9,196608,293,0.9010238907849829,183.5665529010239,2000,0.072,492.1175,1340,653,38.97175312042236
oracle50,9,245760,293,0.8191126279863481,210.09897610921502,2000,0.069,492.36,1340,653,38.97175312042236
oracle50,9,294912,293,0.8907849829351536,188.04095563139933,2000,0.0705,493.238,1340,653,38.97175312042236
oracle50,9,344064,293,0.9453924914675768,158.04095563139933,2000,0.0795,491.428,1340,653,38.97175312042236
oracle50,9,393216,293,0.9419795221843004,159.5358361774744,2000,0.088,490.4915,1340,653,38.97175312042236
oracle50,9,442368,293,0.9522184300341296,159.05119453924914,2000,0.0865,490.282,1340,653,38.97175312042236
oracle50,9,491520,293,0.9522184300341296,157.12627986348122,2000,0.083,490.5625,1340,653,38.97175312042236
oracle20,9,0,293,0.051194539249146756,480.38225255972696,2000,0.0,500.0,1696,358,39.095560789108276
oracle20,9,49152,293,0.931740614334471,155.77815699658703,2000,0.0765,491.901,1696,358,39.095560789108276
oracle20,9,98304,293,0.8327645051194539,199.90443686006827,2000,0.043,495.784,1696,358,39.095560789108276
oracle20,9,147456,293,0.8020477815699659,219.5358361774744,2000,0.035,496.4895,1696,358,39.095560789108276
oracle20,9,196608,293,0.8703071672354948,193.73037542662115,2000,0.0355,496.8675,1696,358,39.095560789108276
oracle20,9,245760,293,0.9385665529010239,163.9556313993174,2000,0.084,490.624,1696,358,39.095560789108276
oracle20,9,294912,293,0.9556313993174061,161.46075085324233,2000,0.0805,491.3405,1696,358,39.095560789108276
oracle20,9,344064,293,0.9453924914675768,154.16723549488054,2000,0.0955,489.7115,1696,358,39.095560789108276
oracle20,9,393216,293,0.9419795221843004,154.4232081911263,2000,0.086,491.442,1696,358,39.095560789108276
oracle20,9,442368,293,0.8907849829351536,172.55972696245735,2000,0.039,496.2185,1696,358,39.095560789108276
oracle20,9,491520,293,0.9419795221843004,158.51194539249147,2000,0.07,492.3635,1696,358,39.095560789108276
oracle_front50,9,0,293,0.5221843003412969,343.6825938566553,2000,0.0,500.0,1491,733,38.88119196891785
oracle_front50,9,49152,293,0.23208191126279865,420.38225255972696,2000,0.008,499.426,1491,733,38.88119196891785
oracle_front50,9,98304,293,0.9385665529010239,157.04778156996588,2000,0.091,490.6035,1491,733,38.88119196891785
oracle_front50,9,147456,293,0.8839590443686007,174.7133105802048,2000,0.06,493.594,1491,733,38.88119196891785
oracle_front50,9,196608,293,0.8054607508532423,195.72013651877134,2000,0.0375,496.31,1491,733,38.88119196891785
oracle_front50,9,245760,293,0.6928327645051194,239.160409556314,2000,0.0195,497.59,1491,733,38.88119196891785
oracle_front50,9,294912,293,0.5426621160409556,293.33788395904435,2000,0.007,499.278,1491,733,38.88119196891785
oracle_front50,9,344064,293,0.7474402730375427,220.08873720136518,2000,0.0345,496.515,1491,733,38.88119196891785
oracle_front50,9,393216,293,0.5972696245733788,273.35153583617745,2000,0.012,498.4975,1491,733,38.88119196891785
oracle_front50,9,442368,293,0.726962457337884,226.17064846416383,2000,0.024,497.1675,1491,733,38.88119196891785
oracle_front50,9,491520,293,0.7030716723549488,231.09215017064847,2000,0.0255,496.7415,1491,733,38.88119196891785
DR,10,0,293,0.0,500.0,2000,0.0,500.0,2462,0,39.59624910354614
DR,10,49152,293,0.6757679180887372,257.94880546075086,2000,0.0365,495.57,2462,0,39.59624910354614
DR,10,98304,293,0.931740614334471,157.78498293515358,2000,0.064,493.114,2462,0,39.59624910354614
DR,10,147456,293,0.7815699658703071,222.93515358361773,2000,0.0575,494.025,2462,0,39.59624910354614
DR,10,196608,293,0.9488054607508533,155.17747440273038,2000,0.0805,491.161,2462,0,39.59624910354614
DR,10,245760,293,0.9556313993174061,152.13993174061434,2000,0.089,490.0915,2462,0,39.59624910354614
DR,10,294912,293,0.9419795221843004,159.17064846416383,2000,0.094,488.903,2462,0,39.59624910354614
DR,10,344064,293,0.9522184300341296,152.04095563139933,2000,0.096,488.938,2462,0,39.59624910354614
DR,10,393216,293,0.9453924914675768,152.17064846416383,2000,0.0685,492.624,2462,0,39.59624910354614
DR,10,442368,293,0.962457337883959,145.80546075085323,2000,0.1065,487.347,2462,0,39.59624910354614
DR,10,491520,293,0.8703071672354948,184.82935153583617,2000,0.0865,489.668,2462,0,39.59624910354614
oracle50,10,0,293,0.658703071672355,307.4402730375427,2000,0.0,500.0,1371,683,38.064396142959595
oracle50,10,49152,293,0.3447098976109215,366.77815699658703,2000,0.0025,499.75,1371,683,38.064396142959595
oracle50,10,98304,293,0.17064846416382254,430.24914675767917,2000,0.0,500.0,1371,683,38.064396142959595
oracle50,10,147456,293,0.5597269624573379,283.1160409556314,2000,0.0145,498.182,1371,683,38.064396142959595
oracle50,10,196608,293,0.6279863481228669,258.59044368600684,2000,0.0115,498.838,1371,683,38.064396142959595
oracle50,10,245760,293,0.8225255972696246,190.48805460750853,2000,0.0375,495.521,1371,683,38.064396142959595
oracle50,10,294912,293,0.9453924914675768,149.78498293515358,2000,0.0845,489.413,1371,683,38.064396142959595
oracle50,10,344064,293,0.9180887372013652,157.91808873720137,2000,0.069,491.726,1371,683,38.064396142959595
oracle50,10,393216,293,0.9522184300341296,150.37542662116041,2000,0.0895,488.9495,1371,683,38.064396142959595
oracle50,10,442368,293,0.9522184300341296,149.70307167235495,2000,0.0825,490.1605,1371,683,38.064396142959595
oracle50,10,491520,293,0.962457337883959,151.51535836177473,2000,0.0755,491.4515,1371,683,38.064396142959595
oracle20,10,0,293,0.0,500.0,2000,0.0,500.0,1833,377,38.16824698448181
oracle20,10,49152,293,0.6996587030716723,235.49146757679182,2000,0.0125,498.626,1833,377,38.16824698448181
oracle20,10,98304,293,0.7781569965870307,201.4232081911263,2000,0.03,496.759,1833,377,38.16824698448181
oracle20,10,147456,293,0.5597269624573379,283.6552901023891,2000,0.006,499.215,1833,377,38.16824698448181
oracle20,10,196608,293,0.8771331058020477,179.20477815699658,2000,0.0315,496.462,1833,377,38.16824698448181
oracle20,10,245760,293,0.8395904436860068,192.2764505119454,2000,0.0485,494.594,1833,377,38.16824698448181
oracle20,10,294912,293,0.23890784982935154,404.358361774744,2000,0.0015,499.798,1833,377,38.16824698448181
oracle20,10,344064,293,0.6552901023890785,245.53242320819112,2000,0.021,497.812,1833,377,38.16824698448181
oracle20,10,393216,293,0.89419795221843,167.8976109215017,2000,0.0625,493.208,1833,377,38.16824698448181
oracle20,10,442368,293,0.8668941979522184,175.19453924914677,2000,0.049,494.9025,1833,377,38.16824698448181
oracle20,10,491520,293,0.8907849829351536,168.5665529010239,2000,0.0505,494.538,1833,377,38.16824698448181
oracle80,10,0,293,0.0,500.0,2000,0.0,500.0,1010,814,37.334086894989014
oracle80,10,49152,293,0.7235494880546075,240.4470989761092,2000,0.048,495.5345,1010,814,37.334086894989014
oracle80,10,98304,293,0.16040955631399317,437.4470989761092,2000,0.0005,499.989,1010,814,37.334086894989014
oracle80,10,147456,293,0.13310580204778158,453.3651877133106,2000,0.0075,499.1785,1010,814,37.334086894989014
oracle80,10,196608,293,0.3651877133105802,396.31058020477815,2000,0.0,500.0,1010,814,37.334086894989014
oracle80,10,245760,293,0.590443686006826,318.56996587030716,2000,0.0,500.0,1010,814,37.334086894989014
oracle80,10,294912,293,0.0,500.0,2000,0.0,500.0,1010,814,37.334086894989014
oracle80,10,344064,293,0.0,500.0,2000,0.0,500.0,1010,814,37.334086894989014
oracle80,10,393216,293,0.0,500.0,2000,0.0,500.0,1010,814,37.334086894989014
oracle80,10,442368,293,0.0,500.0,2000,0.0,500.0,1010,814,37.334086894989014
oracle80,10,491520,293,0.0,500.0,2000,0.0,500.0,1010,814,37.334086894989014
oracle_front50,10,0,293,0.0,500.0,2000,0.0,500.0,1356,722,37.99867391586304
oracle_front50,10,49152,293,0.6006825938566553,273.20819112627987,2000,0.014,498.5545,1356,722,37.99867391586304
oracle_front50,10,98304,293,0.8191126279863481,209.58703071672355,2000,0.07,491.6265,1356,722,37.99867391586304
oracle_front50,10,147456,293,0.9283276450511946,163.5494880546075,2000,0.0725,492.037,1356,722,37.99867391586304
oracle_front50,10,196608,293,0.8532423208191127,209.0034129692833,2000,0.009,499.248,1356,722,37.99867391586304
oracle_front50,10,245760,293,0.7815699658703071,204.48805460750853,2000,0.0335,496.7215,1356,722,37.99867391586304
oracle_front50,10,294912,293,0.856655290102389,185.38225255972696,2000,0.043,495.3555,1356,722,37.99867391586304
oracle_front50,10,344064,293,0.7098976109215017,230.38566552901023,2000,0.0195,497.813,1356,722,37.99867391586304
oracle_front50,10,393216,293,0.6962457337883959,238.24914675767917,2000,0.0165,498.0155,1356,722,37.99867391586304
oracle_front50,10,442368,293,0.9385665529010239,153.4470989761092,2000,0.098,489.4305,1356,722,37.99867391586304
oracle_front50,10,491520,293,0.8976109215017065,163.1467576791809,2000,0.0555,493.316,1356,722,37.99867391586304
DR,11,0,293,0.0,500.0,2000,0.0,500.0,2597,0,38.25163173675537
DR,11,49152,293,0.9419795221843004,155.99317406143345,2000,0.083,490.7075,2597,0,38.25163173675537
DR,11,98304,293,0.9215017064846417,166.6655290102389,2000,0.0635,492.547,2597,0,38.25163173675537
DR,11,147456,293,0.9351535836177475,156.839590443686,2000,0.0855,490.7525,2597,0,38.25163173675537
DR,11,196608,293,0.9419795221843004,154.08191126279863,2000,0.103,488.2,2597,0,38.25163173675537
DR,11,245760,293,0.9488054607508533,157.21501706484642,2000,0.093,489.782,2597,0,38.25163173675537
DR,11,294912,293,0.9556313993174061,150.259385665529,2000,0.1065,487.831,2597,0,38.25163173675537
DR,11,344064,293,0.931740614334471,159.02389078498294,2000,0.0835,489.477,2597,0,38.25163173675537
DR,11,393216,293,0.9658703071672355,150.78498293515358,2000,0.1135,486.875,2597,0,38.25163173675537
DR,11,442368,293,0.9590443686006825,149.34129692832764,2000,0.104,487.9255,2597,0,38.25163173675537
DR,11,491520,293,0.9419795221843004,154.6928327645051,2000,0.096,489.13,2597,0,38.25163173675537
oracle50,11,0,293,0.0,500.0,2000,0.0,500.0,1338,673,32.52765083312988
oracle50,11,49152,293,0.931740614334471,155.09556313993173,2000,0.0715,492.333,1338,673,32.52765083312988
oracle50,11,98304,293,0.8191126279863481,193.35494880546077,2000,0.034,496.4045,1338,673,32.52765083312988
oracle50,11,147456,293,0.7440273037542662,223.17747440273038,2000,0.0235,497.1235,1338,673,32.52765083312988
oracle50,11,196608,293,0.7372013651877133,215.7372013651877,2000,0.024,497.1625,1338,673,32.52765083312988
oracle50,11,245760,293,0.825938566552901,202.25597269624572,2000,0.0575,493.938,1338,673,32.52765083312988
oracle50,11,294912,293,0.8873720136518771,185.74402730375428,2000,0.0315,497.0915,1338,673,32.52765083312988
oracle50,11,344064,293,0.22184300341296928,419.91808873720134,2000,0.01,498.9405,1338,673,32.52765083312988
oracle50,11,393216,293,0.7372013651877133,230.0170648464164,2000,0.0215,497.581,1338,673,32.52765083312988
oracle50,11,442368,293,0.962457337883959,152.88737201365188,2000,0.0845,490.9235,1338,673,32.52765083312988
oracle50,11,491520,293,0.9044368600682594,172.16382252559728,2000,0.047,495.1025,1338,673,32.52765083312988
oracle20,11,0,293,0.20477815699658702,416.32423208191125,2000,0.0,500.0,1041,203,32.01767706871033
oracle20,11,49152,293,0.24573378839590443,428.71672354948805,2000,0.0005,499.935,1041,203,32.01767706871033
oracle20,11,98304,293,0.7167235494880546,295.5085324232082,2000,0.0,500.0,1041,203,32.01767706871033
oracle20,11,147456,293,0.0,500.0,2000,0.0,500.0,1041,203,32.01767706871033
oracle20,11,196608,293,0.0,500.0,2000,0.0,500.0,1041,203,32.01767706871033
oracle20,11,245760,293,0.0,500.0,2000,0.0,500.0,1041,203,32.01767706871033
oracle20,11,294912,293,0.0,500.0,2000,0.0,500.0,1041,203,32.01767706871033
oracle20,11,344064,293,0.0,500.0,2000,0.0,500.0,1041,203,32.01767706871033
oracle20,11,393216,293,0.0,500.0,2000,0.0,500.0,1041,203,32.01767706871033
oracle20,11,442368,293,0.0,500.0,2000,0.0,500.0,1041,203,32.01767706871033
oracle20,11,491520,293,0.0,500.0,2000,0.0,500.0,1041,203,32.01767706871033
oracle80,11,0,293,0.7167235494880546,251.28327645051195,2000,0.0,500.0,1087,867,32.56135296821594
oracle80,11,49152,293,0.9215017064846417,160.61433447098977,2000,0.0585,493.6755,1087,867,32.56135296821594
oracle80,11,98304,293,0.9556313993174061,152.27986348122866,2000,0.075,491.0035,1087,867,32.56135296821594
oracle80,11,147456,293,0.7986348122866894,216.82252559726962,2000,0.0105,499.2505,1087,867,32.56135296821594
oracle80,11,196608,293,0.14675767918088736,451.518771331058,2000,0.0035,499.7675,1087,867,32.56135296821594
oracle80,11,245760,293,0.9215017064846417,168.83617747440272,2000,0.0715,492.4355,1087,867,32.56135296821594
oracle80,11,294912,293,0.9385665529010239,158.4061433447099,2000,0.0695,492.412,1087,867,32.56135296821594
oracle80,11,344064,293,0.09556313993174062,472.08191126279866,2000,0.0,500.0,1087,867,32.56135296821594
oracle80,11,393216,293,0.6484641638225256,277.6006825938567,2000,0.0095,498.957,1087,867,32.56135296821594
oracle80,11,442368,293,0.931740614334471,156.50853242320818,2000,0.0665,493.3345,1087,867,32.56135296821594
oracle80,11,491520,293,0.8907849829351536,170.4163822525597,2000,0.06,492.3125,1087,867,32.56135296821594
oracle_front50,11,0,293,0.07508532423208192,473.94880546075086,2000,0.0,500.0,1358,677,32.543272256851196
oracle_front50,11,49152,293,0.8361774744027304,204.23890784982936,2000,0.025,497.237,1358,677,32.543272256851196
oracle_front50,11,98304,293,0.9351535836177475,175.26962457337885,2000,0.046,495.2505,1358,677,32.543272256851196
oracle_front50,11,147456,293,0.017064846416382253,495.4129692832764,2000,0.0,500.0,1358,677,32.543272256851196
oracle_front50,11,196608,293,0.10238907849829351,470.6245733788396,2000,0.0,500.0,1358,677,32.543272256851196
oracle_front50,11,245760,293,0.15358361774744028,455.3617747440273,2000,0.0,500.0,1358,677,32.543272256851196
oracle_front50,11,294912,293,0.6450511945392492,267.4334470989761,2000,0.0305,496.3645,1358,677,32.543272256851196
oracle_front50,11,344064,293,0.8532423208191127,192.32764505119454,2000,0.071,492.225,1358,677,32.543272256851196
oracle_front50,11,393216,293,0.8293515358361775,200.16382252559728,2000,0.0585,493.052,1358,677,32.543272256851196
oracle_front50,11,442368,293,0.8020477815699659,212.91467576791808,2000,0.0495,494.2385,1358,677,32.543272256851196
oracle_front50,11,491520,293,0.8873720136518771,176.92491467576792,2000,0.078,491.095,1358,677,32.543272256851196
DR,12,0,293,0.0,500.0,2000,0.0,500.0,2585,0,33.26960110664368
DR,12,49152,293,0.40955631399317405,338.77815699658703,2000,0.004,499.469,2585,0,33.26960110664368
DR,12,98304,293,0.9351535836177475,155.72013651877134,2000,0.072,491.5305,2585,0,33.26960110664368
DR,12,147456,293,0.9419795221843004,154.0443686006826,2000,0.098,489.5985,2585,0,33.26960110664368
DR,12,196608,293,0.9283276450511946,156.2901023890785,2000,0.083,490.5085,2585,0,33.26960110664368
DR,12,245760,293,0.9419795221843004,152.99317406143345,2000,0.0855,490.1695,2585,0,33.26960110664368
DR,12,294912,293,0.9351535836177475,153.50170648464163,2000,0.086,490.0785,2585,0,33.26960110664368
DR,12,344064,293,0.9590443686006825,147.9692832764505,2000,0.08,490.7735,2585,0,33.26960110664368
DR,12,393216,293,0.9522184300341296,147.23890784982936,2000,0.105,487.7005,2585,0,33.26960110664368
DR,12,442368,293,0.9078498293515358,162.0,2000,0.0635,491.999,2585,0,33.26960110664368
DR,12,491520,293,0.9590443686006825,143.25255972696246,2000,0.105,488.16,2585,0,33.26960110664368
oracle20,12,0,293,0.0,500.0,2000,0.0,500.0,1608,318,40.50814127922058
oracle20,12,49152,293,0.6655290102389079,245.36177474402731,2000,0.013,498.1865,1608,318,40.50814127922058
oracle20,12,98304,293,0.0,500.0,2000,0.0,500.0,1608,318,40.50814127922058
oracle20,12,147456,293,0.027303754266211604,491.9863481228669,2000,0.0,500.0,1608,318,40.50814127922058
oracle20,12,196608,293,0.7133105802047781,228.5665529010239,2000,0.025,497.512,1608,318,40.50814127922058
oracle20,12,245760,293,0.7201365187713311,224.70307167235495,2000,0.021,497.374,1608,318,40.50814127922058
oracle20,12,294912,293,0.8088737201365188,192.35153583617748,2000,0.0345,495.4975,1608,318,40.50814127922058
oracle20,12,344064,293,0.9249146757679181,150.94880546075086,2000,0.0735,491.851,1608,318,40.50814127922058
oracle20,12,393216,293,0.9010238907849829,156.580204778157,2000,0.07,492.649,1608,318,40.50814127922058
oracle20,12,442368,293,0.9590443686006825,152.7064846416382,2000,0.056,494.0205,1608,318,40.50814127922058
oracle20,12,491520,293,0.9180887372013652,160.81569965870307,2000,0.0355,495.8675,1608,318,40.50814127922058
oracle50,12,0,293,0.658703071672355,264.3924914675768,2000,0.008,499.214,1348,656,41.39027404785156
oracle50,12,49152,293,0.21160409556313994,413.19795221843003,2000,0.002,499.769,1348,656,41.39027404785156
oracle50,12,98304,293,0.08873720136518772,465.5460750853242,2000,0.0,500.0,1348,656,41.39027404785156
oracle50,12,147456,293,0.43686006825938567,325.7849829351536,2000,0.0045,499.3835,1348,656,41.39027404785156
oracle50,12,196608,293,0.9249146757679181,158.52559726962457,2000,0.06,493.018,1348,656,41.39027404785156
oracle50,12,245760,293,0.9419795221843004,158.1160409556314,2000,0.0515,493.988,1348,656,41.39027404785156
oracle50,12,294912,293,0.9180887372013652,163.06484641638227,2000,0.063,493.541,1348,656,41.39027404785156
oracle50,12,344064,293,0.9419795221843004,159.93515358361773,2000,0.0605,493.287,1348,656,41.39027404785156
oracle50,12,393216,293,0.8156996587030717,197.7133105802048,2000,0.0285,496.515,1348,656,41.39027404785156
oracle50,12,442368,293,0.9488054607508533,155.1740614334471,2000,0.0905,489.637,1348,656,41.39027404785156
oracle50,12,491520,293,0.9351535836177475,153.9965870307167,2000,0.065,493.015,1348,656,41.39027404785156
oracle80,12,0,293,0.6962457337883959,314.7201365187713,2000,0.0,500.0,996,799,40.64087796211243
oracle80,12,49152,293,0.7098976109215017,292.9658703071672,2000,0.0005,499.946,996,799,40.64087796211243
oracle80,12,98304,293,0.9283276450511946,160.92832764505118,2000,0.0745,491.793,996,799,40.64087796211243
oracle80,12,147456,293,0.0,500.0,2000,0.0,500.0,996,799,40.64087796211243
oracle80,12,196608,293,0.0,500.0,2000,0.0,500.0,996,799,40.64087796211243
oracle80,12,245760,293,0.0,500.0,2000,0.0,500.0,996,799,40.64087796211243
oracle80,12,294912,293,0.0034129692832764505,499.9863481228669,2000,0.0,500.0,996,799,40.64087796211243
oracle80,12,344064,293,0.0,500.0,2000,0.0,500.0,996,799,40.64087796211243
oracle80,12,393216,293,0.0,500.0,2000,0.0,500.0,996,799,40.64087796211243
oracle80,12,442368,293,0.0,500.0,2000,0.0,500.0,996,799,40.64087796211243
oracle80,12,491520,293,0.0,500.0,2000,0.0,500.0,996,799,40.64087796211243
oracle_front50,12,0,293,0.0,500.0,2000,0.0,500.0,1339,689,44.35098910331726
oracle_front50,12,49152,293,0.8054607508532423,194.10921501706486,2000,0.0295,496.846,1339,689,44.35098910331726
oracle_front50,12,98304,293,0.5324232081911263,305.73037542662115,2000,0.027,497.0925,1339,689,44.35098910331726
oracle_front50,12,147456,293,0.9385665529010239,167.5631399317406,2000,0.0515,494.9585,1339,689,44.35098910331726
oracle_front50,12,196608,293,0.7064846416382252,284.09215017064844,2000,0.001,499.918,1339,689,44.35098910331726
oracle_front50,12,245760,293,0.13651877133105803,453.96245733788396,2000,0.0,500.0,1339,689,44.35098910331726
oracle_front50,12,294912,293,0.9453924914675768,165.67235494880546,2000,0.0625,493.8025,1339,689,44.35098910331726
oracle_front50,12,344064,293,0.9590443686006825,156.1569965870307,2000,0.0955,488.791,1339,689,44.35098910331726
oracle_front50,12,393216,293,0.9488054607508533,149.5938566552901,2000,0.096,489.075,1339,689,44.35098910331726
oracle_front50,12,442368,293,0.9522184300341296,156.6518771331058,2000,0.088,489.301,1339,689,44.35098910331726
oracle_front50,12,491520,293,0.9385665529010239,159.19795221843003,2000,0.0965,488.9255,1339,689,44.35098910331726
DR,13,0,293,0.3720136518771331,397.3481228668942,2000,0.0,500.0,2441,0,46.7383131980896
DR,13,49152,293,0.19112627986348124,421.6518771331058,2000,0.001,499.829,2441,0,46.7383131980896
DR,13,98304,293,0.6791808873720137,245.45392491467578,2000,0.0115,498.694,2441,0,46.7383131980896
DR,13,147456,293,0.8395904436860068,187.08873720136518,2000,0.028,497.0265,2441,0,46.7383131980896
DR,13,196608,293,0.7133105802047781,231.50853242320818,2000,0.0215,497.975,2441,0,46.7383131980896
DR,13,245760,293,0.8088737201365188,199.54266211604096,2000,0.0275,497.151,2441,0,46.7383131980896
DR,13,294912,293,0.7952218430034129,201.15358361774744,2000,0.028,497.049,2441,0,46.7383131980896
DR,13,344064,293,0.9112627986348123,161.05460750853243,2000,0.0555,492.827,2441,0,46.7383131980896
DR,13,393216,293,0.9556313993174061,146.90102389078498,2000,0.0995,487.6515,2441,0,46.7383131980896
DR,13,442368,293,0.9522184300341296,151.16382252559728,2000,0.0985,488.662,2441,0,46.7383131980896
DR,13,491520,293,0.9522184300341296,151.66211604095562,2000,0.0975,488.751,2441,0,46.7383131980896
oracle80,13,0,293,0.0,500.0,2000,0.0,500.0,1098,858,84.90439128875732
oracle80,13,49152,293,0.4948805460750853,343.5733788395904,2000,0.0,500.0,1098,858,84.90439128875732
oracle80,13,98304,293,0.5631399317406144,283.94880546075086,2000,0.009,498.946,1098,858,84.90439128875732
oracle80,13,147456,293,0.9249146757679181,167.83617747440272,2000,0.041,495.1315,1098,858,84.90439128875732
oracle80,13,196608,293,0.6689419795221843,243.6655290102389,2000,0.015,498.526,1098,858,84.90439128875732
oracle80,13,245760,293,0.20477815699658702,419.19453924914677,2000,0.0005,499.8915,1098,858,84.90439128875732
oracle80,13,294912,293,0.3447098976109215,371.59044368600684,2000,0.001,499.797,1098,858,84.90439128875732
oracle80,13,344064,293,0.35494880546075086,357.70989761092153,2000,0.003,499.7025,1098,858,84.90439128875732
oracle80,13,393216,293,0.5085324232081911,299.26279863481227,2000,0.005,499.5865,1098,858,84.90439128875732
oracle80,13,442368,293,0.5938566552901023,266.6655290102389,2000,0.0075,499.335,1098,858,84.90439128875732
oracle80,13,491520,293,0.5699658703071673,276.1058020477816,2000,0.009,498.651,1098,858,84.90439128875732
oracle50,13,0,293,0.6791808873720137,299.4675767918089,2000,0.0,500.0,1324,659,86.94957494735718
oracle50,13,49152,293,0.6962457337883959,284.3174061433447,2000,0.0005,499.9785,1324,659,86.94957494735718
oracle50,13,98304,293,0.7372013651877133,272.57679180887374,2000,0.0,500.0,1324,659,86.94957494735718
oracle50,13,147456,293,0.7713310580204779,259.4914675767918,2000,0.0,500.0,1324,659,86.94957494735718
oracle50,13,196608,293,0.7986348122866894,256.5255972696246,2000,0.0005,499.986,1324,659,86.94957494735718
oracle50,13,245760,293,0.9078498293515358,190.33105802047783,2000,0.0545,494.5805,1324,659,86.94957494735718
oracle50,13,294912,293,0.9044368600682594,177.78498293515358,2000,0.0755,491.764,1324,659,86.94957494735718
oracle50,13,344064,293,0.9522184300341296,160.96587030716722,2000,0.113,487.0585,1324,659,86.94957494735718
oracle50,13,393216,293,0.9112627986348123,171.90102389078498,2000,0.0675,492.5855,1324,659,86.94957494735718
oracle50,13,442368,293,0.7918088737201365,214.01023890784984,2000,0.056,493.6635,1324,659,86.94957494735718
oracle50,13,491520,293,0.9249146757679181,158.1160409556314,2000,0.0645,493.331,1324,659,86.94957494735718
oracle20,13,0,293,0.0,500.0,2000,0.0,500.0,1692,363,86.56152606010437
oracle20,13,49152,293,0.0,500.0,2000,0.0,500.0,1692,363,86.56152606010437
oracle20,13,98304,293,0.9351535836177475,165.59726962457339,2000,0.0505,495.118,1692,363,86.56152606010437
oracle20,13,147456,293,0.8020477815699659,206.55972696245735,2000,0.0265,496.7105,1692,363,86.56152606010437
oracle20,13,196608,293,0.8771331058020477,186.64163822525597,2000,0.0415,495.75,1692,363,86.56152606010437
oracle20,13,245760,293,0.9488054607508533,151.37542662116041,2000,0.0795,490.775,1692,363,86.56152606010437
oracle20,13,294912,293,0.9419795221843004,157.2764505119454,2000,0.081,490.85,1692,363,86.56152606010437
oracle20,13,344064,293,0.9453924914675768,153.33105802047783,2000,0.077,491.6665,1692,363,86.56152606010437
oracle20,13,393216,293,0.9522184300341296,150.61092150170649,2000,0.092,488.5025,1692,363,86.56152606010437
oracle20,13,442368,293,0.9215017064846417,168.84641638225256,2000,0.099,488.5365,1692,363,86.56152606010437
oracle20,13,491520,293,0.9590443686006825,152.38907849829351,2000,0.0935,490.018,1692,363,86.56152606010437
oracle_front50,13,0,293,0.09897610921501707,469.85665529010237,2000,0.0,500.0,1440,734,86.53496313095093
oracle_front50,13,49152,293,0.378839590443686,348.83617747440275,2000,0.002,499.7665,1440,734,86.53496313095093
oracle_front50,13,98304,293,0.7508532423208191,214.99317406143345,2000,0.0175,498.0575,1440,734,86.53496313095093
oracle_front50,13,147456,293,0.6757679180887372,241.3481228668942,2000,0.0135,497.9085,1440,734,86.53496313095093
oracle_front50,13,196608,293,0.9453924914675768,158.38225255972696,2000,0.082,490.603,1440,734,86.53496313095093
oracle_front50,13,245760,293,0.9453924914675768,160.68941979522185,2000,0.099,489.7595,1440,734,86.53496313095093
oracle_front50,13,294912,293,0.9522184300341296,152.12286689419795,2000,0.096,489.5905,1440,734,86.53496313095093
oracle_front50,13,344064,293,0.9556313993174061,152.80887372013652,2000,0.0955,489.3015,1440,734,86.53496313095093
oracle_front50,13,393216,293,0.9419795221843004,154.28327645051195,2000,0.0825,490.596,1440,734,86.53496313095093
oracle_front50,13,442368,293,0.9419795221843004,154.61433447098977,2000,0.094,489.5825,1440,734,86.53496313095093
oracle_front50,13,491520,293,0.931740614334471,155.419795221843,2000,0.0775,490.6085,1440,734,86.53496313095093
DR,14,0,293,0.0,500.0,2000,0.0,500.0,2478,0,87.74862480163574
DR,14,49152,293,0.6313993174061433,278.64505119453923,2000,0.0285,497.174,2478,0,87.74862480163574
DR,14,98304,293,0.7201365187713311,252.8430034129693,2000,0.0455,495.56,2478,0,87.74862480163574
DR,14,147456,293,0.6928327645051194,257.7064846416382,2000,0.049,494.9415,2478,0,87.74862480163574
DR,14,196608,293,0.764505119453925,225.47098976109214,2000,0.065,492.0945,2478,0,87.74862480163574
DR,14,245760,293,0.8293515358361775,200.1740614334471,2000,0.07,492.0485,2478,0,87.74862480163574
DR,14,294912,293,0.9283276450511946,163.01023890784984,2000,0.105,488.39,2478,0,87.74862480163574
DR,14,344064,293,0.8907849829351536,181.21501706484642,2000,0.0775,491.277,2478,0,87.74862480163574
DR,14,393216,293,0.8020477815699659,213.62798634812287,2000,0.0695,492.21,2478,0,87.74862480163574
DR,14,442368,293,0.9488054607508533,151.2730375426621,2000,0.094,489.3215,2478,0,87.74862480163574
DR,14,491520,293,0.962457337883959,150.2764505119454,2000,0.111,487.246,2478,0,87.74862480163574
oracle50,14,0,293,0.0,500.0,2000,0.0,500.0,1329,690,82.24968695640564
oracle50,14,49152,293,0.5733788395904437,306.098976109215,2000,0.0,500.0,1329,690,82.24968695640564
oracle50,14,98304,293,0.9522184300341296,153.17064846416383,2000,0.092,489.789,1329,690,82.24968695640564
oracle50,14,147456,293,0.7030716723549488,228.21160409556313,2000,0.022,497.5515,1329,690,82.24968695640564
oracle50,14,196608,293,0.10238907849829351,467.52901023890786,2000,0.001,499.98,1329,690,82.24968695640564
oracle50,14,245760,293,0.9283276450511946,162.88054607508533,2000,0.0365,495.5575,1329,690,82.24968695640564
oracle50,14,294912,293,0.8805460750853242,188.06484641638227,2000,0.0305,497.244,1329,690,82.24968695640564
oracle50,14,344064,293,0.7440273037542662,240.07167235494882,2000,0.0325,496.876,1329,690,82.24968695640564
oracle50,14,393216,293,0.9453924914675768,161.49488054607508,2000,0.065,493.399,1329,690,82.24968695640564
oracle50,14,442368,293,0.9419795221843004,154.65529010238907,2000,0.0815,491.3165,1329,690,82.24968695640564
oracle50,14,491520,293,0.9453924914675768,157.18430034129693,2000,0.0745,491.473,1329,690,82.24968695640564
oracle80,14,0,293,0.0,500.0,2000,0.0,500.0,1021,830,80.64565896987915
oracle80,14,49152,293,0.6143344709897611,302.9249146757679,2000,0.005,499.637,1021,830,80.64565896987915
oracle80,14,98304,293,0.9385665529010239,152.07508532423208,2000,0.06,492.875,1021,830,80.64565896987915
oracle80,14,147456,293,0.5597269624573379,308.50170648464166,2000,0.0055,499.4995,1021,830,80.64565896987915
oracle80,14,196608,293,0.0,500.0,2000,0.0,500.0,1021,830,80.64565896987915
oracle80,14,245760,293,0.0034129692832764505,498.82252559726965,2000,0.0,500.0,1021,830,80.64565896987915
oracle80,14,294912,293,0.0,500.0,2000,0.0,500.0,1021,830,80.64565896987915
oracle80,14,344064,293,0.0,500.0,2000,0.0,500.0,1021,830,80.64565896987915
oracle80,14,393216,293,0.006825938566552901,497.42320819112626,2000,0.0,500.0,1021,830,80.64565896987915
oracle80,14,442368,293,0.3856655290102389,349.99658703071674,2000,0.0055,499.5725,1021,830,80.64565896987915
oracle80,14,491520,293,0.7030716723549488,232.77133105802048,2000,0.0205,497.465,1021,830,80.64565896987915
oracle20,14,0,293,0.017064846416382253,495.12286689419795,2000,0.0,500.0,1872,372,82.97679209709167
oracle20,14,49152,293,0.8907849829351536,169.06143344709898,2000,0.0495,494.2125,1872,372,82.97679209709167
oracle20,14,98304,293,0.9488054607508533,158.2935153583618,2000,0.0785,492.005,1872,372,82.97679209709167
oracle20,14,147456,293,0.9453924914675768,159.72013651877134,2000,0.0875,490.595,1872,372,82.97679209709167
oracle20,14,196608,293,0.9522184300341296,158.79863481228668,2000,0.088,490.06,1872,372,82.97679209709167
oracle20,14,245760,293,0.9419795221843004,160.4163822525597,2000,0.0925,489.136,1872,372,82.97679209709167
oracle20,14,294912,293,0.9556313993174061,150.36860068259386,2000,0.09,489.9565,1872,372,82.97679209709167
oracle20,14,344064,293,0.9658703071672355,148.77133105802048,2000,0.101,489.122,1872,372,82.97679209709167
oracle20,14,393216,293,0.9590443686006825,148.7269624573379,2000,0.0825,490.581,1872,372,82.97679209709167
oracle20,14,442368,293,0.9761092150170648,144.4163822525597,2000,0.1045,486.8,1872,372,82.97679209709167
oracle20,14,491520,293,0.9385665529010239,158.10921501706486,2000,0.0655,491.94,1872,372,82.97679209709167
oracle_front50,14,0,293,0.11262798634812286,472.8873720136519,2000,0.0,500.0,1311,673,81.95768189430237
oracle_front50,14,49152,293,0.36860068259385664,360.1160409556314,2000,0.005,499.408,1311,673,81.95768189430237
oracle_front50,14,98304,293,0.10238907849829351,459.9556313993174,2000,0.0,500.0,1311,673,81.95768189430237
oracle_front50,14,147456,293,0.447098976109215,324.0,2000,0.008,499.2255,1311,673,81.95768189430237
oracle_front50,14,196608,293,0.8293515358361775,255.32764505119454,2000,0.0005,499.969,1311,673,81.95768189430237
oracle_front50,14,245760,293,0.8054607508532423,254.3481228668942,2000,0.0005,499.9615,1311,673,81.95768189430237
oracle_front50,14,294912,293,0.9112627986348123,168.07167235494882,2000,0.0615,492.9805,1311,673,81.95768189430237
oracle_front50,14,344064,293,0.9351535836177475,160.36860068259386,2000,0.083,490.62,1311,673,81.95768189430237
oracle_front50,14,393216,293,0.9010238907849829,169.48122866894198,2000,0.067,492.742,1311,673,81.95768189430237
oracle_front50,14,442368,293,0.9658703071672355,155.93515358361773,2000,0.0855,490.5355,1311,673,81.95768189430237
oracle_front50,14,491520,293,0.9180887372013652,161.37201365187713,2000,0.0525,494.2145,1311,673,81.95768189430237
DR,15,0,293,0.013651877133105802,497.0853242320819,2000,0.0,500.0,2537,0,82.3836760520935
DR,15,49152,293,0.9522184300341296,150.20136518771332,2000,0.099,488.793,2537,0,82.3836760520935
DR,15,98304,293,0.9351535836177475,154.4368600682594,2000,0.0795,491.7175,2537,0,82.3836760520935
DR,15,147456,293,0.9385665529010239,164.24914675767917,2000,0.079,491.3975,2537,0,82.3836760520935
DR,15,196608,293,0.9522184300341296,160.1877133105802,2000,0.0845,489.9185,2537,0,82.3836760520935
DR,15,245760,293,0.9453924914675768,158.2935153583618,2000,0.082,490.8225,2537,0,82.3836760520935
DR,15,294912,293,0.8976109215017065,172.8532423208191,2000,0.05,494.5425,2537,0,82.3836760520935
DR,15,344064,293,0.9215017064846417,164.68941979522185,2000,0.0575,493.179,2537,0,82.3836760520935
DR,15,393216,293,0.9010238907849829,166.7235494880546,2000,0.0515,494.1895,2537,0,82.3836760520935
DR,15,442368,293,0.9215017064846417,162.86348122866895,2000,0.069,491.908,2537,0,82.3836760520935
DR,15,491520,293,0.9010238907849829,166.51535836177473,2000,0.0475,494.656,2537,0,82.3836760520935
oracle50,15,0,293,0.0,500.0,2000,0.0,500.0,1297,670,82.21830296516418
oracle50,15,49152,293,0.9590443686006825,157.6655290102389,2000,0.085,490.2305,1297,670,82.21830296516418
oracle50,15,98304,293,0.9453924914675768,159.5631399317406,2000,0.1045,488.516,1297,670,82.21830296516418
oracle50,15,147456,293,0.6860068259385665,244.03412969283278,2000,0.02,497.6425,1297,670,82.21830296516418
oracle50,15,196608,293,0.8020477815699659,215.91467576791808,2000,0.031,496.6095,1297,670,82.21830296516418
oracle50,15,245760,293,0.764505119453925,271.17064846416383,2000,0.0,500.0,1297,670,82.21830296516418
oracle50,15,294912,293,0.9590443686006825,163.07508532423208,2000,0.074,491.812,1297,670,82.21830296516418
oracle50,15,344064,293,0.9488054607508533,162.8976109215017,2000,0.0885,489.9555,1297,670,82.21830296516418
oracle50,15,393216,293,0.9453924914675768,160.1296928327645,2000,0.0835,490.734,1297,670,82.21830296516418
oracle50,15,442368,293,0.9419795221843004,153.48805460750853,2000,0.0885,490.423,1297,670,82.21830296516418
oracle50,15,491520,293,0.8668941979522184,174.8430034129693,2000,0.0455,495.0895,1297,670,82.21830296516418
oracle20,15,0,293,0.0,500.0,2000,0.0,500.0,1715,378,81.90159296989441
oracle20,15,49152,293,0.5221843003412969,301.77815699658703,2000,0.0075,499.4105,1715,378,81.90159296989441
oracle20,15,98304,293,0.9590443686006825,155.83617747440272,2000,0.0875,490.3955,1715,378,81.90159296989441
oracle20,15,147456,293,0.8464163822525598,198.52559726962457,2000,0.069,493.3485,1715,378,81.90159296989441
oracle20,15,196608,293,0.9453924914675768,159.1467576791809,2000,0.086,490.3065,1715,378,81.90159296989441
oracle20,15,245760,293,0.9488054607508533,158.6075085324232,2000,0.089,490.9095,1715,378,81.90159296989441
oracle20,15,294912,293,0.9453924914675768,161.54607508532422,2000,0.1025,488.68,1715,378,81.90159296989441
oracle20,15,344064,293,0.8907849829351536,175.49146757679182,2000,0.071,491.5615,1715,378,81.90159296989441
oracle20,15,393216,293,0.9556313993174061,160.99317406143345,2000,0.09,489.52,1715,378,81.90159296989441
oracle20,15,442368,293,0.7986348122866894,198.47098976109214,2000,0.0275,496.876,1715,378,81.90159296989441
oracle20,15,491520,293,0.7167235494880546,216.35494880546077,2000,0.016,497.892,1715,378,81.90159296989441
oracle80,15,0,293,0.0,500.0,2000,0.0,500.0,1057,852,81.56681680679321
oracle80,15,49152,293,0.0,500.0,2000,0.0,500.0,1057,852,81.56681680679321
oracle80,15,98304,293,0.0,500.0,2000,0.0,500.0,1057,852,81.56681680679321
oracle80,15,147456,293,0.6962457337883959,284.901023890785,2000,0.0,500.0,1057,852,81.56681680679321
oracle80,15,196608,293,0.9078498293515358,170.08532423208192,2000,0.055,493.7925,1057,852,81.56681680679321
oracle80,15,245760,293,0.9249146757679181,176.77474402730377,2000,0.0405,495.8875,1057,852,81.56681680679321
oracle80,15,294912,293,0.8976109215017065,169.12627986348122,2000,0.0455,494.725,1057,852,81.56681680679321
oracle80,15,344064,293,0.9385665529010239,156.39590443686006,2000,0.0595,493.679,1057,852,81.56681680679321
oracle80,15,393216,293,0.9522184300341296,152.7679180887372,2000,0.0715,491.871,1057,852,81.56681680679321
oracle80,15,442368,293,0.8805460750853242,174.82252559726962,2000,0.041,495.0295,1057,852,81.56681680679321
oracle80,15,491520,293,0.7849829351535836,204.2866894197952,2000,0.031,496.7275,1057,852,81.56681680679321
oracle_front50,15,0,293,0.09556313993174062,472.3651877133106,2000,0.0,500.0,1453,720,82.04459285736084
oracle_front50,15,49152,293,0.7679180887372014,231.56996587030716,2000,0.0345,496.627,1453,720,82.04459285736084
oracle_front50,15,98304,293,0.9249146757679181,164.740614334471,2000,0.073,490.993,1453,720,82.04459285736084
oracle_front50,15,147456,293,0.931740614334471,160.20477815699658,2000,0.074,491.7615,1453,720,82.04459285736084
oracle_front50,15,196608,293,0.9010238907849829,176.4641638225256,2000,0.0545,494.43,1453,720,82.04459285736084
oracle_front50,15,245760,293,0.931740614334471,166.51535836177473,2000,0.0705,492.015,1453,720,82.04459285736084
oracle_front50,15,294912,293,0.962457337883959,156.00682593856655,2000,0.0875,489.9025,1453,720,82.04459285736084
oracle_front50,15,344064,293,0.9658703071672355,149.98976109215016,2000,0.0915,490.163,1453,720,82.04459285736084
oracle_front50,15,393216,293,0.9488054607508533,152.06143344709898,2000,0.095,489.1105,1453,720,82.04459285736084
oracle_front50,15,442368,293,0.9488054607508533,154.49829351535837,2000,0.0885,489.5975,1453,720,82.04459285736084
oracle_front50,15,491520,293,0.9351535836177475,156.3344709897611,2000,0.0895,489.4995,1453,720,82.04459285736084
DR,16,0,293,0.7064846416382252,240.75085324232083,2000,0.006,499.3855,2466,0,81.06842994689941
DR,16,49152,293,0.9522184300341296,154.38225255972696,2000,0.085,490.515,2466,0,81.06842994689941
DR,16,98304,293,0.7679180887372014,210.15017064846415,2000,0.0205,497.9225,2466,0,81.06842994689941
DR,16,147456,293,0.7747440273037542,203.47440273037543,2000,0.019,497.8605,2466,0,81.06842994689941
DR,16,196608,293,0.8907849829351536,170.94539249146757,2000,0.0555,493.6025,2466,0,81.06842994689941
DR,16,245760,293,0.7372013651877133,219.04778156996588,2000,0.026,497.147,2466,0,81.06842994689941
DR,16,294912,293,0.9010238907849829,161.5358361774744,2000,0.0625,492.436,2466,0,81.06842994689941
DR,16,344064,293,0.9078498293515358,159.59726962457339,2000,0.0605,492.6245,2466,0,81.06842994689941
DR,16,393216,293,0.9453924914675768,153.7064846416382,2000,0.0945,489.042,2466,0,81.06842994689941
DR,16,442368,293,0.9522184300341296,146.3481228668942,2000,0.0995,488.514,2466,0,81.06842994689941
DR,16,491520,293,0.9419795221843004,156.75085324232083,2000,0.0985,487.267,2466,0,81.06842994689941
oracle20,16,0,293,0.8668941979522184,221.57337883959045,2000,0.0095,499.241,1802,347,78.34815692901611
oracle20,16,49152,293,0.7610921501706485,210.95904436860067,2000,0.0235,497.138,1802,347,78.34815692901611
oracle20,16,98304,293,0.9488054607508533,150.55631399317406,2000,0.0955,489.16,1802,347,78.34815692901611
oracle20,16,147456,293,0.89419795221843,191.71672354948805,2000,0.0085,499.3895,1802,347,78.34815692901611
oracle20,16,196608,293,0.9522184300341296,147.26621160409556,2000,0.0945,489.785,1802,347,78.34815692901611
oracle20,16,245760,293,0.9112627986348123,162.88054607508533,2000,0.0525,493.869,1802,347,78.34815692901611
oracle20,16,294912,293,0.8839590443686007,168.57337883959045,2000,0.0365,496.1435,1802,347,78.34815692901611
oracle20,16,344064,293,0.931740614334471,154.7679180887372,2000,0.057,493.557,1802,347,78.34815692901611
oracle20,16,393216,293,0.9180887372013652,159.0307167235495,2000,0.0455,494.654,1802,347,78.34815692901611
oracle20,16,442368,293,0.9283276450511946,158.1331058020478,2000,0.0635,492.795,1802,347,78.34815692901611
oracle20,16,491520,293,0.9522184300341296,145.7098976109215,2000,0.0935,489.314,1802,347,78.34815692901611
oracle50,16,0,293,0.0,500.0,2000,0.0,500.0,1356,656,78.52872610092163
oracle50,16,49152,293,0.9453924914675768,155.04778156996588,2000,0.079,491.588,1356,656,78.52872610092163
oracle50,16,98304,293,0.3174061433447099,392.9658703071672,2000,0.0005,499.911,1356,656,78.52872610092163
oracle50,16,147456,293,0.9078498293515358,162.82935153583617,2000,0.0585,492.671,1356,656,78.52872610092163
oracle50,16,196608,293,0.689419795221843,231.86006825938566,2000,0.022,497.2925,1356,656,78.52872610092163
oracle50,16,245760,293,0.8600682593856656,178.60068259385665,2000,0.0365,496.186,1356,656,78.52872610092163
oracle50,16,294912,293,0.9590443686006825,149.82935153583617,2000,0.124,485.1295,1356,656,78.52872610092163
oracle50,16,344064,293,0.9249146757679181,160.66211604095562,2000,0.0735,491.4485,1356,656,78.52872610092163
oracle50,16,393216,293,0.9590443686006825,148.80546075085323,2000,0.103,488.623,1356,656,78.52872610092163
oracle50,16,442368,293,0.8839590443686007,172.5938566552901,2000,0.045,494.8535,1356,656,78.52872610092163
oracle50,16,491520,293,0.9385665529010239,156.38225255972696,2000,0.0875,490.4185,1356,656,78.52872610092163
oracle80,16,0,293,0.7235494880546075,287.89078498293514,2000,0.0,500.0,1057,831,77.27023220062256
oracle80,16,49152,293,0.8225255972696246,220.2935153583618,2000,0.0005,499.9695,1057,831,77.27023220062256
oracle80,16,98304,293,0.3174061433447099,409.7269624573379,2000,0.0,500.0,1057,831,77.27023220062256
oracle80,16,147456,293,0.9249146757679181,189.5358361774744,2000,0.045,495.8495,1057,831,77.27023220062256
oracle80,16,196608,293,0.7030716723549488,293.03071672354946,2000,0.0005,499.9545,1057,831,77.27023220062256
oracle80,16,245760,293,0.5733788395904437,292.3924914675768,2000,0.006,499.4355,1057,831,77.27023220062256
oracle80,16,294912,293,0.4880546075085324,320.9658703071672,2000,0.005,499.5435,1057,831,77.27023220062256
oracle80,16,344064,293,0.25597269624573377,398.061433447099,2000,0.0,500.0,1057,831,77.27023220062256
oracle80,16,393216,293,0.7542662116040956,214.8839590443686,2000,0.0225,497.501,1057,831,77.27023220062256
oracle80,16,442368,293,0.9010238907849829,167.56996587030716,2000,0.0495,494.848,1057,831,77.27023220062256
oracle80,16,491520,293,0.9556313993174061,159.93856655290102,2000,0.0815,490.763,1057,831,77.27023220062256
oracle_front50,16,0,293,0.7440273037542662,265.061433447099,2000,0.0,500.0,1475,705,77.23471689224243
oracle_front50,16,49152,293,0.8976109215017065,172.35153583617748,2000,0.0775,491.393,1475,705,77.23471689224243
oracle_front50,16,98304,293,0.9658703071672355,153.53924914675767,2000,0.0845,490.7775,1475,705,77.23471689224243
oracle_front50,16,147456,293,0.7303754266211604,224.08191126279863,2000,0.0175,497.7655,1475,705,77.23471689224243
oracle_front50,16,196608,293,0.7508532423208191,212.92150170648463,2000,0.023,497.0285,1475,705,77.23471689224243
oracle_front50,16,245760,293,0.6757679180887372,240.320819112628,2000,0.0155,498.6055,1475,705,77.23471689224243
oracle_front50,16,294912,293,0.764505119453925,209.26962457337885,2000,0.022,497.429,1475,705,77.23471689224243
oracle_front50,16,344064,293,0.6245733788395904,256.01023890784984,2000,0.007,499.247,1475,705,77.23471689224243
oracle_front50,16,393216,293,0.8976109215017065,162.52559726962457,2000,0.0495,494.236,1475,705,77.23471689224243
oracle_front50,16,442368,293,0.7918088737201365,198.7269624573379,2000,0.0215,497.393,1475,705,77.23471689224243
oracle_front50,16,491520,293,0.9215017064846417,160.23549488054607,2000,0.086,490.1395,1475,705,77.23471689224243
