config,seed,step,adv/n,adv/success,adv/mean_steps,adv/cvar,calib_dev/n,calib_dev/success,calib_dev/mean_steps,calib_test/n,calib_test/success,calib_test/mean_steps,random/n,random/success,random/mean_steps,verifai_dev/n,verifai_dev/success,verifai_dev/mean_steps,verifai_test/n,verifai_test/success,verifai_test/mean_steps,episodes,replays,scouted_steps,wall_time_sec,commit
sfl_spread,1,0,2000,0.0,200.0,0.0,1000,0.0,200.0,1000,0.0,200.0,298,0.0,200.0,1000,0.0,200.0,1000,0.0,200.0,2477,1211,32360426,77.2132420539856,ab16711
sfl_spread,1,30720,2000,0.169,178.195,0.0,1000,0.0,200.0,1000,0.0,200.0,298,0.17114093959731544,176.56375838926175,1000,0.0,200.0,1000,0.0,200.0,2477,1211,32360426,77.2132420539856,ab16711
sfl_spread,1,61440,2000,0.6795,89.191,0.0,1000,0.0,200.0,1000,0.0,200.0,298,0.5939597315436241,101.02348993288591,1000,0.0,200.0,1000,0.0,200.0,2477,1211,32360426,77.2132420539856,ab16711
sfl_spread,1,92160,2000,0.767,75.888,0.0,1000,0.0,200.0,1000,0.0,200.0,298,0.6711409395973155,90.48657718120805,1000,0.0,200.0,1000,0.0,200.0,2477,1211,32360426,77.2132420539856,ab16711
sfl_spread,1,122880,2000,0.767,75.888,0.0,1000,0.0,200.0,1000,0.0,200.0,298,0.6711409395973155,90.48657718120805,1000,0.0,200.0,1000,0.0,200.0,2477,1211,32360426,77.2132420539856,ab16711
sfl_spread,1,153600,2000,0.767,75.888,0.0,1000,0.0,200.0,1000,0.0,200.0,298,0.6711409395973155,90.48657718120805,1000,0.0,200.0,1000,0.0,200.0,2477,1211,32360426,77.2132420539856,ab16711
sfl_spread,1,184320,2000,0.767,75.888,0.0,1000,0.0,200.0,1000,0.0,200.0,298,0.6711409395973155,90.48657718120805,1000,0.0,200.0,1000,0.0,200.0,2477,1211,32360426,77.2132420539856,ab16711
sfl_spread,1,215040,2000,0.767,75.888,0.0,1000,0.0,200.0,1000,0.0,200.0,298,0.6711409395973155,90.48657718120805,1000,0.0,200.0,1000,0.0,200.0,2477,1211,32360426,77.2132420539856,ab16711
sfl_spread,1,245760,2000,0.767,75.888,0.0,1000,0.0,200.0,1000,0.0,200.0,298,0.6711409395973155,90.48657718120805,1000,0.0,200.0,1000,0.0,200.0,2477,1211,32360426,77.2132420539856,ab16711
sfl_spread,1,276480,2000,0.767,75.888,0.0,1000,0.0,200.0,1000,0.0,200.0,298,0.6711409395973155,90.48657718120805,1000,0.0,200.0,1000,0.0,200.0,2477,1211,32360426,77.2132420539856,ab16711
sfl_spread,1,307200,2000,0.767,75.888,0.0,1000,0.0,200.0,1000,0.0,200.0,298,0.6711409395973155,90.48657718120805,1000,0.0,200.0,1000,0.0,200.0,2477,1211,32360426,77.2132420539856,ab16711
sfl_tilt_sc,1,0,2000,0.0,200.0,0.0,1000,0.0,200.0,1000,0.0,200.0,298,0.0,200.0,1000,0.0,200.0,1000,0.0,200.0,2384,1207,32650594,77.28254103660583,ab16711
sfl_tilt_sc,1,30720,2000,0.6695,90.731,0.0,1000,0.0,200.0,1000,0.0,200.0,298,0.5939597315436241,101.38590604026845,1000,0.0,200.0,1000,0.0,200.0,2384,1207,32650594,77.28254103660583,ab16711
sfl_tilt_sc,1,61440,2000,0.767,75.888,0.0,1000,0.0,200.0,1000,0.0,200.0,298,0.6711409395973155,90.48657718120805,1000,0.0,200.0,1000,0.0,200.0,2384,1207,32650594,77.28254103660583,ab16711
sfl_tilt_sc,1,92160,2000,0.767,75.888,0.0,1000,0.0,200.0,1000,0.0,200.0,298,0.6711409395973155,90.48657718120805,1000,0.0,200.0,1000,0.0,200.0,2384,1207,32650594,77.28254103660583,ab16711
sfl_tilt_sc,1,122880,2000,0.767,75.888,0.0,1000,0.0,200.0,1000,0.0,200.0,298,0.6711409395973155,90.48657718120805,1000,0.0,200.0,1000,0.0,200.0,2384,1207,32650594,77.28254103660583,ab16711
sfl_tilt_sc,1,153600,2000,0.767,75.888,0.0,1000,0.0,200.0,1000,0.0,200.0,298,0.6711409395973155,90.48657718120805,1000,0.0,200.0,1000,0.0,200.0,2384,1207,32650594,77.28254103660583,ab16711
sfl_tilt_sc,1,184320,2000,0.767,75.888,0.0,1000,0.0,200.0,1000,0.0,200.0,298,0.6711409395973155,90.48657718120805,1000,0.0,200.0,1000,0.0,200.0,2384,1207,32650594,77.28254103660583,ab16711
sfl_tilt_sc,1,215040,2000,0.767,75.888,0.0,1000,0.0,200.0,1000,0.0,200.0,298,0.6711409395973155,90.48657718120805,1000,0.0,200.0,1000,0.0,200.0,2384,1207,32650594,77.28254103660583,ab16711
sfl_tilt_sc,1,245760,2000,0.767,75.888,0.0,1000,0.0,200.0,1000,0.0,200.0,298,0.6711409395973155,90.48657718120805,1000,0.0,200.0,1000,0.0,200.0,2384,1207,32650594,77.28254103660583,ab16711
sfl_tilt_sc,1,276480,2000,0.767,75.888,0.0,1000,0.0,200.0,1000,0.0,200.0,298,0.6711409395973155,90.48657718120805,1000,0.0,200.0,1000,0.0,200.0,2384,1207,32650594,77.28254103660583,ab16711
sfl_tilt_sc,1,307200,2000,0.767,75.888,0.0,1000,0.0,200.0,1000,0.0,200.0,298,0.6711409395973155,90.48657718120805,1000,0.0,200.0,1000,0.0,200.0,2384,1207,32650594,77.28254103660583,ab16711
sfl_tilt,1,0,2000,0.0,200.0,0.0,1000,0.0,200.0,1000,0.0,200.0,298,0.0,200.0,1000,0.0,200.0,1000,0.0,200.0,2377,1124,28649325,77.21081614494324,ab16711
sfl_tilt,1,30720,2000,0.5135,122.1475,0.0,1000,0.0,200.0,1000,0.0,200.0,298,0.5033557046979866,123.1006711409396,1000,0.0,200.0,1000,0.0,200.0,2377,1124,28649325,77.21081614494324,ab16711
sfl_tilt,1,61440,2000,0.767,75.888,0.0,1000,0.0,200.0,1000,0.0,200.0,298,0.6711409395973155,90.48657718120805,1000,0.0,200.0,1000,0.0,200.0,2377,1124,28649325,77.21081614494324,ab16711
sfl_tilt,1,92160,2000,0.767,75.888,0.0,1000,0.0,200.0,1000,0.0,200.0,298,0.6711409395973155,90.48657718120805,1000,0.0,200.0,1000,0.0,200.0,2377,1124,28649325,77.21081614494324,ab16711
sfl_tilt,1,122880,2000,0.767,75.888,0.0,1000,0.0,200.0,1000,0.0,200.0,298,0.6711409395973155,90.48657718120805,1000,0.0,200.0,1000,0.0,200.0,2377,1124,28649325,77.21081614494324,ab16711
sfl_tilt,1,153600,2000,0.767,75.888,0.0,1000,0.0,200.0,1000,0.0,200.0,298,0.6711409395973155,90.48657718120805,1000,0.0,200.0,1000,0.0,200.0,2377,1124,28649325,77.21081614494324,ab16711
sfl_tilt,1,184320,2000,0.767,75.888,0.0,1000,0.0,200.0,1000,0.0,200.0,298,0.6711409395973155,90.48657718120805,1000,0.0,200.0,1000,0.0,200.0,2377,1124,28649325,77.21081614494324,ab16711
sfl_tilt,1,215040,2000,0.767,75.888,0.0,1000,0.0,200.0,1000,0.0,200.0,298,0.6711409395973155,90.48657718120805,1000,0.0,200.0,1000,0.0,200.0,2377,1124,28649325,77.21081614494324,ab16711
sfl_tilt,1,245760,2000,0.767,75.888,0.0,1000,0.0,200.0,1000,0.0,200.0,298,0.6711409395973155,90.48657718120805,1000,0.0,200.0,1000,0.0,200.0,2377,1124,28649325,77.21081614494324,ab16711
sfl_tilt,1,276480,2000,0.767,75.888,0.0,1000,0.0,200.0,1000,0.0,200.0,298,0.6711409395973155,90.48657718120805,1000,0.0,200.0,1000,0.0,200.0,2377,1124,28649325,77.21081614494324,ab16711
sfl_tilt,1,307200,2000,0.767,75.888,0.0,1000,0.0,200.0,1000,0.0,200.0,298,0.6711409395973155,90.48657718120805,1000,0.0,200.0,1000,0.0,200.0,2377,1124,28649325,77.21081614494324,ab16711
sfl_tilt_soft,1,0,2000,0.0,200.0,0.0,1000,0.0,200.0,1000,0.0,200.0,298,0.0,200.0,1000,0.0,200.0,1000,0.0,200.0,1907,904,39973833,77.37067079544067,ab16711
sfl_tilt_soft,1,30720,2000,0.298,163.9915,0.0,1000,0.0,200.0,1000,0.0,200.0,298,0.2986577181208054,161.69463087248323,1000,0.0,200.0,1000,0.0,200.0,1907,904,39973833,77.37067079544067,ab16711
sfl_tilt_soft,1,61440,2000,0.746,79.2245,0.0,1000,0.0,200.0,1000,0.0,200.0,298,0.6510067114093959,93.19798657718121,1000,0.0,200.0,1000,0.0,200.0,1907,904,39973833,77.37067079544067,ab16711
sfl_tilt_soft,1,92160,2000,0.0,200.0,0.0,1000,0.0,200.0,1000,0.0,200.0,298,0.0,200.0,1000,0.0,200.0,1000,0.0,200.0,1907,904,39973833,77.37067079544067,ab16711
sfl_tilt_soft,1,122880,2000,0.0,200.0,0.0,1000,0.0,200.0,1000,0.0,200.0,298,0.0,200.0,1000,0.0,200.0,1000,0.0,200.0,1907,904,39973833,77.37067079544067,ab16711
sfl_tilt_soft,1,153600,2000,0.0,200.0,0.0,1000,0.0,200.0,1000,0.0,200.0,298,0.0,200.0,1000,0.0,200.0,1000,0.0,200.0,1907,904,39973833,77.37067079544067,ab16711
sfl_tilt_soft,1,184320,2000,0.029,195.616,0.0,1000,0.0,200.0,1000,0.0,200.0,298,0.026845637583892617,196.1006711409396,1000,0.0,200.0,1000,0.0,200.0,1907,904,39973833,77.37067079544067,ab16711
sfl_tilt_soft,1,215040,2000,0.767,75.888,0.0,1000,0.0,200.0,1000,0.0,200.0,298,0.6711409395973155,90.48657718120805,1000,0.0,200.0,1000,0.0,200.0,1907,904,39973833,77.37067079544067,ab16711
sfl_tilt_soft,1,245760,2000,0.767,75.888,0.0,1000,0.0,200.0,1000,0.0,200.0,298,0.6711409395973155,90.48657718120805,1000,0.0,200.0,1000,0.0,200.0,1907,904,39973833,77.37067079544067,ab16711
sfl_tilt_soft,1,276480,2000,0.767,75.888,0.0,1000,0.0,200.0,1000,0.0,200.0,298,0.6711409395973155,90.48657718120805,1000,0.0,200.0,1000,0.0,200.0,1907,904,39973833,77.37067079544067,ab16711
sfl_tilt_soft,1,307200,2000,0.767,75.888,0.0,1000,0.0,200.0,1000,0.0,200.0,298,0.6711409395973155,90.48657718120805,1000,0.0,200.0,1000,0.0,200.0,1907,904,39973833,77.37067079544067,ab16711
sfl_tilt_carry,1,0,2000,0.0,200.0,0.0,1000,0.0,200.0,1000,0.0,200.0,298,0.0,200.0,1000,0.0,200.0,1000,0.0,200.0,2234,1122,32580414,77.30454611778259,ab16711
sfl_tilt_carry,1,30720,2000,0.1035,186.284,0.0,1000,0.0,200.0,1000,0.0,200.0,298,0.12080536912751678,183.89597315436242,1000,0.0,200.0,1000,0.0,200.0,2234,1122,32580414,77.30454611778259,ab16711
sfl_tilt_carry,1,61440,2000,0.0,200.0,0.0,1000,0.0,200.0,1000,0.0,200.0,298,0.0,200.0,1000,0.0,200.0,1000,0.0,200.0,2234,1122,32580414,77.30454611778259,ab16711
sfl_tilt_carry,1,92160,2000,0.767,75.888,0.0,1000,0.0,200.0,1000,0.0,200.0,298,0.6711409395973155,90.48657718120805,1000,0.0,200.0,1000,0.0,200.0,2234,1122,32580414,77.30454611778259,ab16711
sfl_tilt_carry,1,122880,2000,0.767,75.888,0.0,1000,0.0,200.0,1000,0.0,200.0,298,0.6711409395973155,90.48657718120805,1000,0.0,200.0,1000,0.0,200.0,2234,1122,32580414,77.30454611778259,ab16711
sfl_tilt_carry,1,153600,2000,0.767,75.888,0.0,1000,0.0,200.0,1000,0.0,200.0,298,0.6711409395973155,90.48657718120805,1000,0.0,200.0,1000,0.0,200.0,2234,1122,32580414,77.30454611778259,ab16711
sfl_tilt_carry,1,184320,2000,0.767,75.888,0.0,1000,0.0,200.0,1000,0.0,200.0,298,0.6711409395973155,90.48657718120805,1000,0.0,200.0,1000,0.0,200.0,2234,1122,32580414,77.30454611778259,ab16711
sfl_tilt_carry,1,215040,2000,0.767,75.888,0.0,1000,0.0,200.0,1000,0.0,200.0,298,0.6711409395973155,90.48657718120805,1000,0.0,200.0,1000,0.0,200.0,2234,1122,32580414,77.30454611778259,ab16711
sfl_tilt_carry,1,245760,2000,0.767,75.888,0.0,1000,0.0,200.0,1000,0.0,200.0,298,0.6711409395973155,90.48657718120805,1000,0.0,200.0,1000,0.0,200.0,2234,1122,32580414,77.30454611778259,ab16711
sfl_tilt_carry,1,276480,2000,0.767,75.888,0.0,1000,0.0,200.0,1000,0.0,200.0,298,0.6711409395973155,90.48657718120805,1000,0.0,200.0,1000,0.0,200.0,2234,1122,32580414,77.30454611778259,ab16711
sfl_tilt_carry,1,307200,2000,0.767,75.888,0.0,1000,0.0,200.0,1000,0.0,200.0,298,0.6711409395973155,90.48657718120805,1000,0.0,200.0,1000,0.0,200.0,2234,1122,32580414,77.30454611778259,ab16711
sfl_tilt_amort,1,0,2000,0.7335,115.989,0.0,1000,0.019,199.622,1000,0.035,199.3,298,0.6375838926174496,121.72147651006712,1000,0.023,199.579,1000,0.019,199.59,2383,1185,31047604,78.03684592247009,ab16711
sfl_tilt_amort,1,30720,2000,0.7325,81.0925,0.0,1000,0.0,200.0,1000,0.0,200.0,298,0.6342281879194631,95.24496644295301,1000,0.0,200.0,1000,0.0,200.0,2383,1185,31047604,78.03684592247009,ab16711
sfl_tilt_amort,1,61440,2000,0.767,75.888,0.0,1000,0.0,200.0,1000,0.0,200.0,298,0.6711409395973155,90.48657718120805,1000,0.0,200.0,1000,0.0,200.0,2383,1185,31047604,78.03684592247009,ab16711
sfl_tilt_amort,1,92160,2000,0.767,75.888,0.0,1000,0.0,200.0,1000,0.0,200.0,298,0.6711409395973155,90.48657718120805,1000,0.0,200.0,1000,0.0,200.0,2383,1185,31047604,78.03684592247009,ab16711
sfl_tilt_amort,1,122880,2000,0.767,75.888,0.0,1000,0.0,200.0,1000,0.0,200.0,298,0.6711409395973155,90.48657718120805,1000,0.0,200.0,1000,0.0,200.0,2383,1185,31047604,78.03684592247009,ab16711
sfl_tilt_amort,1,153600,2000,0.767,75.888,0.0,1000,0.0,200.0,1000,0.0,200.0,298,0.6711409395973155,90.48657718120805,1000,0.0,200.0,1000,0.0,200.0,2383,1185,31047604,78.03684592247009,ab16711
sfl_tilt_amort,1,184320,2000,0.767,75.888,0.0,1000,0.0,200.0,1000,0.0,200.0,298,0.6711409395973155,90.48657718120805,1000,0.0,200.0,1000,0.0,200.0,2383,1185,31047604,78.03684592247009,ab16711
sfl_tilt_amort,1,215040,2000,0.767,75.888,0.0,1000,0.0,200.0,1000,0.0,200.0,298,0.6711409395973155,90.48657718120805,1000,0.0,200.0,1000,0.0,200.0,2383,1185,31047604,78.03684592247009,ab16711
sfl_tilt_amort,1,245760,2000,0.767,75.888,0.0,1000,0.0,200.0,1000,0.0,200.0,298,0.6711409395973155,90.48657718120805,1000,0.0,200.0,1000,0.0,200.0,2383,1185,31047604,78.03684592247009,ab16711
sfl_tilt_amort,1,276480,2000,0.767,75.888,0.0,1000,0.0,200.0,1000,0.0,200.0,298,0.6711409395973155,90.48657718120805,1000,0.0,200.0,1000,0.0,200.0,2383,1185,31047604,78.03684592247009,ab16711
sfl_tilt_amort,1,307200,2000,0.767,75.888,0.0,1000,0.0,200.0,1000,0.0,200.0,298,0.6711409395973155,90.48657718120805,1000,0.0,200.0,1000,0.0,200.0,2383,1185,31047604,78.03684592247009,ab16711
sfl_tilt_verify,1,0,2000,0.0,200.0,0.0,1000,0.0,200.0,1000,0.0,200.0,298,0.0,200.0,1000,0.0,200.0,1000,0.0,200.0,2287,1174,51963538,109.41500067710876,ab16711
sfl_tilt_verify,1,30720,2000,0.535,112.542,0.0,1000,0.0,200.0,1000,0.0,200.0,298,0.5167785234899329,115.37919463087249,1000,0.0,200.0,1000,0.0,200.0,2287,1174,51963538,109.41500067710876,ab16711
sfl_tilt_verify,1,61440,2000,0.7465,78.9765,0.0,1000,0.0,200.0,1000,0.0,200.0,298,0.6510067114093959,93.21140939597315,1000,0.0,200.0,1000,0.0,200.0,2287,1174,51963538,109.41500067710876,ab16711
sfl_tilt_verify,1,92160,2000,0.767,75.888,0.0,1000,0.0,200.0,1000,0.0,200.0,298,0.6711409395973155,90.48657718120805,1000,0.0,200.0,1000,0.0,200.0,2287,1174,51963538,109.41500067710876,ab16711
sfl_tilt_verify,1,122880,2000,0.767,75.888,0.0,1000,0.0,200.0,1000,0.0,200.0,298,0.6711409395973155,90.48657718120805,1000,0.0,200.0,1000,0.0,200.0,2287,1174,51963538,109.41500067710876,ab16711
sfl_tilt_verify,1,153600,2000,0.767,75.888,0.0,1000,0.0,200.0,1000,0.0,200.0,298,0.6711409395973155,90.48657718120805,1000,0.0,200.0,1000,0.0,200.0,2287,1174,51963538,109.41500067710876,ab16711
sfl_tilt_verify,1,184320,2000,0.767,75.888,0.0,1000,0.0,200.0,1000,0.0,200.0,298,0.6711409395973155,90.48657718120805,1000,0.0,200.0,1000,0.0,200.0,2287,1174,51963538,109.41500067710876,ab16711
sfl_tilt_verify,1,215040,2000,0.767,75.888,0.0,1000,0.0,200.0,1000,0.0,200.0,298,0.6711409395973155,90.48657718120805,1000,0.0,200.0,1000,0.0,200.0,2287,1174,51963538,109.41500067710876,ab16711
sfl_tilt_verify,1,245760,2000,0.767,75.888,0.0,1000,0.0,200.0,1000,0.0,200.0,298,0.6711409395973155,90.48657718120805,1000,0.0,200.0,1000,0.0,200.0,2287,1174,51963538,109.41500067710876,ab16711
sfl_tilt_verify,1,276480,2000,0.767,75.888,0.0,1000,0.0,200.0,1000,0.0,200.0,298,0.6711409395973155,90.48657718120805,1000,0.0,200.0,1000,0.0,200.0,2287,1174,51963538,109.41500067710876,ab16711
sfl_tilt_verify,1,307200,2000,0.767,75.888,0.0,1000,0.0,200.0,1000,0.0,200.0,298,0.6711409395973155,90.48657718120805,1000,0.0,200.0,1000,0.0,200.0,2287,1174,51963538,109.41500067710876,ab16711
sfl_bisect,1,0,2000,0.0,200.0,0.0,1000,0.0,200.0,1000,0.0,200.0,298,0.0,200.0,1000,0.0,200.0,1000,0.0,200.0,2202,1105,58436020,112.25547289848328,ab16711
sfl_bisect,1,30720,2000,0.182,169.677,0.0,1000,0.0,200.0,1000,0.0,200.0,298,0.21476510067114093,163.99664429530202,1000,0.0,200.0,1000,0.0,200.0,2202,1105,58436020,112.25547289848328,ab16711
sfl_bisect,1,61440,2000,0.767,75.888,0.0,1000,0.0,200.0,1000,0.0,200.0,298,0.6711409395973155,90.48657718120805,1000,0.0,200.0,1000,0.0,200.0,2202,1105,58436020,112.25547289848328,ab16711
sfl_bisect,1,92160,2000,0.767,75.9455,0.0,1000,0.0,200.0,1000,0.0,200.0,298,0.6711409395973155,90.56711409395973,1000,0.0,200.0,1000,0.0,200.0,2202,1105,58436020,112.25547289848328,ab16711
sfl_bisect,1,122880,2000,0.767,75.888,0.0,1000,0.0,200.0,1000,0.0,200.0,298,0.6711409395973155,90.48657718120805,1000,0.0,200.0,1000,0.0,200.0,2202,1105,58436020,112.25547289848328,ab16711
sfl_bisect,1,153600,2000,0.767,75.888,0.0,1000,0.0,200.0,1000,0.0,200.0,298,0.6711409395973155,90.48657718120805,1000,0.0,200.0,1000,0.0,200.0,2202,1105,58436020,112.25547289848328,ab16711
sfl_bisect,1,184320,2000,0.767,75.888,0.0,1000,0.0,200.0,1000,0.0,200.0,298,0.6711409395973155,90.48657718120805,1000,0.0,200.0,1000,0.0,200.0,2202,1105,58436020,112.25547289848328,ab16711
sfl_bisect,1,215040,2000,0.767,75.888,0.0,1000,0.0,200.0,1000,0.0,200.0,298,0.6711409395973155,90.48657718120805,1000,0.0,200.0,1000,0.0,200.0,2202,1105,58436020,112.25547289848328,ab16711
sfl_bisect,1,245760,2000,0.767,75.888,0.0,1000,0.0,200.0,1000,0.0,200.0,298,0.6711409395973155,90.48657718120805,1000,0.0,200.0,1000,0.0,200.0,2202,1105,58436020,112.25547289848328,ab16711
sfl_bisect,1,276480,2000,0.767,75.888,0.0,1000,0.0,200.0,1000,0.0,200.0,298,0.6711409395973155,90.48657718120805,1000,0.0,200.0,1000,0.0,200.0,2202,1105,58436020,112.25547289848328,ab16711
sfl_bisect,1,307200,2000,0.767,75.888,0.0,1000,0.0,200.0,1000,0.0,200.0,298,0.6711409395973155,90.48657718120805,1000,0.0,200.0,1000,0.0,200.0,2202,1105,58436020,112.25547289848328,ab16711
sfl_ghost,1,0,2000,0.0,200.0,0.0,1000,0.0,200.0,1000,0.0,200.0,298,0.0,200.0,1000,0.0,200.0,1000,0.0,200.0,2501,1235,54738934,127.54621720314026,ab16711
sfl_ghost,1,30720,2000,0.09,187.191,0.0,1000,0.0,200.0,1000,0.0,200.0,298,0.1040268456375839,184.94295302013424,1000,0.0,200.0,1000,0.0,200.0,2501,1235,54738934,127.54621720314026,ab16711
sfl_ghost,1,61440,2000,0.7405,79.6685,0.0,1000,0.0,200.0,1000,0.0,200.0,298,0.6442953020134228,93.8255033557047,1000,0.0,200.0,1000,0.0,200.0,2501,1235,54738934,127.54621720314026,ab16711
sfl_ghost,1,92160,2000,0.767,75.888,0.0,1000,0.0,200.0,1000,0.0,200.0,298,0.6711409395973155,90.48657718120805,1000,0.0,200.0,1000,0.0,200.0,2501,1235,54738934,127.54621720314026,ab16711
sfl_ghost,1,122880,2000,0.767,75.888,0.0,1000,0.0,200.0,1000,0.0,200.0,298,0.6711409395973155,90.48657718120805,1000,0.0,200.0,1000,0.0,200.0,2501,1235,54738934,127.54621720314026,ab16711
sfl_ghost,1,153600,2000,0.767,75.888,0.0,1000,0.0,200.0,1000,0.0,200.0,298,0.6711409395973155,90.48657718120805,1000,0.0,200.0,1000,0.0,200.0,2501,1235,54738934,127.54621720314026,ab16711
sfl_ghost,1,184320,2000,0.767,75.888,0.0,1000,0.0,200.0,1000,0.0,200.0,298,0.6711409395973155,90.48657718120805,1000,0.0,200.0,1000,0.0,200.0,2501,1235,54738934,127.54621720314026,ab16711
sfl_ghost,1,215040,2000,0.767,75.888,0.0,1000,0.0,200.0,1000,0.0,200.0,298,0.6711409395973155,90.48657718120805,1000,0.0,200.0,1000,0.0,200.0,2501,1235,54738934,127.54621720314026,ab16711
sfl_ghost,1,245760,2000,0.767,75.888,0.0,1000,0.0,200.0,1000,0.0,200.0,298,0.6711409395973155,90.48657718120805,1000,0.0,200.0,1000,0.0,200.0,2501,1235,54738934,127.54621720314026,ab16711
sfl_ghost,1,276480,2000,0.767,75.888,0.0,1000,0.0,200.0,1000,0.0,200.0,298,0.6711409395973155,90.48657718120805,1000,0.0,200.0,1000,0.0,200.0,2501,1235,54738934,127.54621720314026,ab16711
sfl_ghost,1,307200,2000,0.767,75.888,0.0,1000,0.0,200.0,1000,0.0,200.0,298,0.6711409395973155,90.48657718120805,1000,0.0,200.0,1000,0.0,200.0,2501,1235,54738934,127.54621720314026,ab16711
sfl_halving,1,0,2000,0.0,200.0,0.0,1000,0.0,200.0,1000,0.0,200.0,298,0.0,200.0,1000,0.0,200.0,1000,0.0,200.0,2026,1000,101365024,157.35535287857056,ab16711
sfl_halving,1,30720,2000,0.337,153.9375,0.0,1000,0.0,200.0,1000,0.0,200.0,298,0.3288590604026846,153.73489932885906,1000,0.0,200.0,1000,0.0,200.0,2026,1000,101365024,157.35535287857056,ab16711
sfl_halving,1,61440,2000,0.7645,76.4315,0.0,1000,0.0,200.0,1000,0.0,200.0,298,0.6677852348993288,91.08389261744966,1000,0.0,200.0,1000,0.0,200.0,2026,1000,101365024,157.35535287857056,ab16711
sfl_halving,1,92160,2000,0.739,80.006,0.0,1000,0.0,200.0,1000,0.0,200.0,298,0.6510067114093959,93.27852348993288,1000,0.0,200.0,1000,0.0,200.0,2026,1000,101365024,157.35535287857056,ab16711
sfl_halving,1,122880,2000,0.767,75.888,0.0,1000,0.0,200.0,1000,0.0,200.0,298,0.6711409395973155,90.48657718120805,1000,0.0,200.0,1000,0.0,200.0,2026,1000,101365024,157.35535287857056,ab16711
sfl_halving,1,153600,2000,0.767,75.888,0.0,1000,0.0,200.0,1000,0.0,200.0,298,0.6711409395973155,90.48657718120805,1000,0.0,200.0,1000,0.0,200.0,2026,1000,101365024,157.35535287857056,ab16711
sfl_halving,1,184320,2000,0.767,75.888,0.0,1000,0.0,200.0,1000,0.0,200.0,298,0.6711409395973155,90.48657718120805,1000,0.0,200.0,1000,0.0,200.0,2026,1000,101365024,157.35535287857056,ab16711
sfl_halving,1,215040,2000,0.767,75.888,0.0,1000,0.0,200.0,1000,0.0,200.0,298,0.6711409395973155,90.48657718120805,1000,0.0,200.0,1000,0.0,200.0,2026,1000,101365024,157.35535287857056,ab16711
sfl_halving,1,245760,2000,0.767,75.888,0.0,1000,0.0,200.0,1000,0.0,200.0,298,0.6711409395973155,90.48657718120805,1000,0.0,200.0,1000,0.0,200.0,2026,1000,101365024,157.35535287857056,ab16711
sfl_halving,1,276480,2000,0.767,75.888,0.0,1000,0.0,200.0,1000,0.0,200.0,298,0.6711409395973155,90.48657718120805,1000,0.0,200.0,1000,0.0,200.0,2026,1000,101365024,157.35535287857056,ab16711
sfl_halving,1,307200,2000,0.767,75.888,0.0,1000,0.0,200.0,1000,0.0,200.0,298,0.6711409395973155,90.48657718120805,1000,0.0,200.0,1000,0.0,200.0,2026,1000,101365024,157.35535287857056,ab16711
sfl_spread,2,0,2000,0.0,200.0,0.0,1000,0.0,200.0,1000,0.0,200.0,298,0.0,200.0,1000,0.0,200.0,1000,0.0,200.0,2587,1276,31911239,81.10727286338806,ab16711
sfl_spread,2,30720,2000,0.1365,183.6195,0.0,1000,0.0,200.0,1000,0.0,200.0,298,0.1610738255033557,179.5738255033557,1000,0.0,200.0,1000,0.0,200.0,2587,1276,31911239,81.10727286338806,ab16711
sfl_spread,2,61440,2000,0.1565,181.614,0.0,1000,0.0,200.0,1000,0.0,200.0,298,0.174496644295302,177.88255033557047,1000,0.0,200.0,1000,0.0,200.0,2587,1276,31911239,81.10727286338806,ab16711
sfl_spread,2,92160,2000,0.371,145.622,0.0,1000,0.0,200.0,1000,0.0,200.0,298,0.35570469798657717,145.7785234899329,1000,0.0,200.0,1000,0.0,200.0,2587,1276,31911239,81.10727286338806,ab16711
sfl_spread,2,122880,2000,0.767,75.888,0.0,1000,0.0,200.0,1000,0.0,200.0,298,0.6711409395973155,90.48657718120805,1000,0.0,200.0,1000,0.0,200.0,2587,1276,31911239,81.10727286338806,ab16711
sfl_spread,2,153600,2000,0.767,75.888,0.0,1000,0.0,200.0,1000,0.0,200.0,298,0.6711409395973155,90.48657718120805,1000,0.0,200.0,1000,0.0,200.0,2587,1276,31911239,81.10727286338806,ab16711
sfl_spread,2,184320,2000,0.767,75.888,0.0,1000,0.0,200.0,1000,0.0,200.0,298,0.6711409395973155,90.48657718120805,1000,0.0,200.0,1000,0.0,200.0,2587,1276,31911239,81.10727286338806,ab16711
sfl_spread,2,215040,2000,0.767,75.888,0.0,1000,0.0,200.0,1000,0.0,200.0,298,0.6711409395973155,90.48657718120805,1000,0.0,200.0,1000,0.0,200.0,2587,1276,31911239,81.10727286338806,ab16711
sfl_spread,2,245760,2000,0.767,75.888,0.0,1000,0.0,200.0,1000,0.0,200.0,298,0.6711409395973155,90.48657718120805,1000,0.0,200.0,1000,0.0,200.0,2587,1276,31911239,81.10727286338806,ab16711
sfl_spread,2,276480,2000,0.767,75.888,0.0,1000,0.0,200.0,1000,0.0,200.0,298,0.6711409395973155,90.48657718120805,1000,0.0,200.0,1000,0.0,200.0,2587,1276,31911239,81.10727286338806,ab16711
sfl_spread,2,307200,2000,0.767,75.888,0.0,1000,0.0,200.0,1000,0.0,200.0,298,0.6711409395973155,90.48657718120805,1000,0.0,200.0,1000,0.0,200.0,2587,1276,31911239,81.10727286338806,ab16711
sfl_tilt_sc,2,0,2000,0.0,200.0,0.0,1000,0.0,200.0,1000,0.0,200.0,298,0.0,200.0,1000,0.0,200.0,1000,0.0,200.0,2535,1222,31133682,81.16164898872375,ab16711
sfl_tilt_sc,2,30720,2000,0.219,165.587,0.0,1000,0.0,200.0,1000,0.0,200.0,298,0.22818791946308725,164.3255033557047,1000,0.0,200.0,1000,0.0,200.0,2535,1222,31133682,81.16164898872375,ab16711
sfl_tilt_sc,2,61440,2000,0.767,75.888,0.0,1000,0.0,200.0,1000,0.0,200.0,298,0.6711409395973155,90.48657718120805,1000,0.0,200.0,1000,0.0,200.0,2535,1222,31133682,81.16164898872375,ab16711
sfl_tilt_sc,2,92160,2000,0.767,75.888,0.0,1000,0.0,200.0,1000,0.0,200.0,298,0.6711409395973155,90.48657718120805,1000,0.0,200.0,1000,0.0,200.0,2535,1222,31133682,81.16164898872375,ab16711
sfl_tilt_sc,2,122880,2000,0.767,75.888,0.0,1000,0.0,200.0,1000,0.0,200.0,298,0.6711409395973155,90.48657718120805,1000,0.0,200.0,1000,0.0,200.0,2535,1222,31133682,81.16164898872375,ab16711
sfl_tilt_sc,2,153600,2000,0.767,75.888,0.0,1000,0.0,200.0,1000,0.0,200.0,298,0.6711409395973155,90.48657718120805,1000,0.0,200.0,1000,0.0,200.0,2535,1222,31133682,81.16164898872375,ab16711
sfl_tilt_sc,2,184320,2000,0.767,75.888,0.0,1000,0.0,200.0,1000,0.0,200.0,298,0.6711409395973155,90.48657718120805,1000,0.0,200.0,1000,0.0,200.0,2535,1222,31133682,81.16164898872375,ab16711
sfl_tilt_sc,2,215040,2000,0.767,75.888,0.0,1000,0.0,200.0,1000,0.0,200.0,298,0.6711409395973155,90.48657718120805,1000,0.0,200.0,1000,0.0,200.0,2535,1222,31133682,81.16164898872375,ab16711
sfl_tilt_sc,2,245760,2000,0.767,75.888,0.0,1000,0.0,200.0,1000,0.0,200.0,298,0.6711409395973155,90.48657718120805,1000,0.0,200.0,1000,0.0,200.0,2535,1222,31133682,81.16164898872375,ab16711
sfl_tilt_sc,2,276480,2000,0.767,75.888,0.0,1000,0.0,200.0,1000,0.0,200.0,298,0.6711409395973155,90.48657718120805,1000,0.0,200.0,1000,0.0,200.0,2535,1222,31133682,81.16164898872375,ab16711
sfl_tilt_sc,2,307200,2000,0.767,75.888,0.0,1000,0.0,200.0,1000,0.0,200.0,298,0.6711409395973155,90.48657718120805,1000,0.0,200.0,1000,0.0,200.0,2535,1222,31133682,81.16164898872375,ab16711
sfl_tilt,2,0,2000,0.1155,181.45,0.0,1000,0.0,200.0,1000,0.0,200.0,298,0.12416107382550336,179.79530201342283,1000,0.0,200.0,1000,0.0,200.0,2282,1136,30532408,81.13607811927795,ab16711
sfl_tilt,2,30720,2000,0.7335,80.6055,0.0,1000,0.0,200.0,1000,0.0,200.0,298,0.6409395973154363,94.59731543624162,1000,0.0,200.0,1000,0.0,200.0,2282,1136,30532408,81.13607811927795,ab16711
sfl_tilt,2,61440,2000,0.767,75.888,0.0,1000,0.0,200.0,1000,0.0,200.0,298,0.6711409395973155,90.48657718120805,1000,0.0,200.0,1000,0.0,200.0,2282,1136,30532408,81.13607811927795,ab16711
sfl_tilt,2,92160,2000,0.767,75.888,0.0,1000,0.0,200.0,1000,0.0,200.0,298,0.6711409395973155,90.48657718120805,1000,0.0,200.0,1000,0.0,200.0,2282,1136,30532408,81.13607811927795,ab16711
sfl_tilt,2,122880,2000,0.767,75.888,0.0,1000,0.0,200.0,1000,0.0,200.0,298,0.6711409395973155,90.48657718120805,1000,0.0,200.0,1000,0.0,200.0,2282,1136,30532408,81.13607811927795,ab16711
sfl_tilt,2,153600,2000,0.767,75.888,0.0,1000,0.0,200.0,1000,0.0,200.0,298,0.6711409395973155,90.48657718120805,1000,0.0,200.0,1000,0.0,200.0,2282,1136,30532408,81.13607811927795,ab16711
sfl_tilt,2,184320,2000,0.767,75.888,0.0,1000,0.0,200.0,1000,0.0,200.0,298,0.6711409395973155,90.48657718120805,1000,0.0,200.0,1000,0.0,200.0,2282,1136,30532408,81.13607811927795,ab16711
sfl_tilt,2,215040,2000,0.767,75.888,0.0,1000,0.0,200.0,1000,0.0,200.0,298,0.6711409395973155,90.48657718120805,1000,0.0,200.0,1000,0.0,200.0,2282,1136,30532408,81.13607811927795,ab16711
sfl_tilt,2,245760,2000,0.767,75.888,0.0,1000,0.0,200.0,1000,0.0,200.0,298,0.6711409395973155,90.48657718120805,1000,0.0,200.0,1000,0.0,200.0,2282,1136,30532408,81.13607811927795,ab16711
sfl_tilt,2,276480,2000,0.767,75.888,0.0,1000,0.0,200.0,1000,0.0,200.0,298,0.6711409395973155,90.48657718120805,1000,0.0,200.0,1000,0.0,200.0,2282,1136,30532408,81.13607811927795,ab16711
sfl_tilt,2,307200,2000,0.767,75.888,0.0,1000,0.0,200.0,1000,0.0,200.0,298,0.6711409395973155,90.48657718120805,1000,0.0,200.0,1000,0.0,200.0,2282,1136,30532408,81.13607811927795,ab16711
sfl_bisect,2,0,2000,0.0,200.0,0.0,1000,0.0,200.0,1000,0.0,200.0,298,0.0,200.0,1000,0.0,200.0,1000,0.0,200.0,2167,1075,55937986,114.31311798095703,ab16711
sfl_bisect,2,30720,2000,0.0,200.0,0.0,1000,0.0,200.0,1000,0.0,200.0,298,0.0,200.0,1000,0.0,200.0,1000,0.0,200.0,2167,1075,55937986,114.31311798095703,ab16711
sfl_bisect,2,61440,2000,0.739,79.5515,0.0,1000,0.0,200.0,1000,0.0,200.0,298,0.6442953020134228,93.81543624161074,1000,0.0,200.0,1000,0.0,200.0,2167,1075,55937986,114.31311798095703,ab16711
sfl_bisect,2,92160,2000,0.767,75.888,0.0,1000,0.0,200.0,1000,0.0,200.0,298,0.6711409395973155,90.48657718120805,1000,0.0,200.0,1000,0.0,200.0,2167,1075,55937986,114.31311798095703,ab16711
sfl_bisect,2,122880,2000,0.767,75.888,0.0,1000,0.0,200.0,1000,0.0,200.0,298,0.6711409395973155,90.48657718120805,1000,0.0,200.0,1000,0.0,200.0,2167,1075,55937986,114.31311798095703,ab16711
sfl_bisect,2,153600,2000,0.767,75.888,0.0,1000,0.0,200.0,1000,0.0,200.0,298,0.6711409395973155,90.48657718120805,1000,0.0,200.0,1000,0.0,200.0,2167,1075,55937986,114.31311798095703,ab16711
sfl_bisect,2,184320,2000,0.767,75.888,0.0,1000,0.0,200.0,1000,0.0,200.0,298,0.6711409395973155,90.48657718120805,1000,0.0,200.0,1000,0.0,200.0,2167,1075,55937986,114.31311798095703,ab16711
sfl_bisect,2,215040,2000,0.767,75.888,0.0,1000,0.0,200.0,1000,0.0,200.0,298,0.6711409395973155,90.48657718120805,1000,0.0,200.0,1000,0.0,200.0,2167,1075,55937986,114.31311798095703,ab16711
sfl_bisect,2,245760,2000,0.767,75.888,0.0,1000,0.0,200.0,1000,0.0,200.0,298,0.6711409395973155,90.48657718120805,1000,0.0,200.0,1000,0.0,200.0,2167,1075,55937986,114.31311798095703,ab16711
sfl_bisect,2,276480,2000,0.767,75.888,0.0,1000,0.0,200.0,1000,0.0,200.0,298,0.6711409395973155,90.48657718120805,1000,0.0,200.0,1000,0.0,200.0,2167,1075,55937986,114.31311798095703,ab16711
sfl_bisect,2,307200,2000,0.767,75.888,0.0,1000,0.0,200.0,1000,0.0,200.0,298,0.6711409395973155,90.48657718120805,1000,0.0,200.0,1000,0.0,200.0,2167,1075,55937986,114.31311798095703,ab16711
sfl_tilt_soft,2,0,2000,0.0,200.0,0.0,1000,0.0,200.0,1000,0.0,200.0,298,0.0,200.0,1000,0.0,200.0,1000,0.0,200.0,2278,1125,31885959,82.13323712348938,ab16711
sfl_tilt_soft,2,30720,2000,0.0,200.0,0.0,1000,0.0,200.0,1000,0.0,200.0,298,0.0,200.0,1000,0.0,200.0,1000,0.0,200.0,2278,1125,31885959,82.13323712348938,ab16711
sfl_tilt_soft,2,61440,2000,0.7275,81.6055,0.0,1000,0.0,200.0,1000,0.0,200.0,298,0.6308724832214765,95.7751677852349,1000,0.0,200.0,1000,0.0,200.0,2278,1125,31885959,82.13323712348938,ab16711
sfl_tilt_soft,2,92160,2000,0.2795,157.9265,0.0,1000,0.0,200.0,1000,0.0,200.0,298,0.22818791946308725,165.7785234899329,1000,0.0,200.0,1000,0.0,200.0,2278,1125,31885959,82.13323712348938,ab16711
sfl_tilt_soft,2,122880,2000,0.767,75.888,0.0,1000,0.0,200.0,1000,0.0,200.0,298,0.6711409395973155,90.48657718120805,1000,0.0,200.0,1000,0.0,200.0,2278,1125,31885959,82.13323712348938,ab16711
sfl_tilt_soft,2,153600,2000,0.767,75.888,0.0,1000,0.0,200.0,1000,0.0,200.0,298,0.6711409395973155,90.48657718120805,1000,0.0,200.0,1000,0.0,200.0,2278,1125,31885959,82.13323712348938,ab16711
sfl_tilt_soft,2,184320,2000,0.767,75.888,0.0,1000,0.0,200.0,1000,0.0,200.0,298,0.6711409395973155,90.48657718120805,1000,0.0,200.0,1000,0.0,200.0,2278,1125,31885959,82.13323712348938,ab16711
sfl_tilt_soft,2,215040,2000,0.767,75.888,0.0,1000,0.0,200.0,1000,0.0,200.0,298,0.6711409395973155,90.48657718120805,1000,0.0,200.0,1000,0.0,200.0,2278,1125,31885959,82.13323712348938,ab16711
sfl_tilt_soft,2,245760,2000,0.767,75.888,0.0,1000,0.0,200.0,1000,0.0,200.0,298,0.6711409395973155,90.48657718120805,1000,0.0,200.0,1000,0.0,200.0,2278,1125,31885959,82.13323712348938,ab16711
sfl_tilt_soft,2,276480,2000,0.767,75.888,0.0,1000,0.0,200.0,1000,0.0,200.0,298,0.6711409395973155,90.48657718120805,1000,0.0,200.0,1000,0.0,200.0,2278,1125,31885959,82.13323712348938,ab16711
sfl_tilt_soft,2,307200,2000,0.767,75.888,0.0,1000,0.0,200.0,1000,0.0,200.0,298,0.6711409395973155,90.48657718120805,1000,0.0,200.0,1000,0.0,200.0,2278,1125,31885959,82.13323712348938,ab16711
sfl_tilt_carry,2,0,2000,0.2215,163.9765,0.0,1000,0.0,200.0,1000,0.0,200.0,298,0.2348993288590604,161.51006711409397,1000,0.0,200.0,1000,0.0,200.0,2292,1201,29235511,81.7508761882782,ab16711
sfl_tilt_carry,2,30720,2000,0.57,106.5375,0.0,1000,0.0,200.0,1000,0.0,200.0,298,0.5436241610738255,110.66778523489933,1000,0.0,200.0,1000,0.0,200.0,2292,1201,29235511,81.7508761882782,ab16711
sfl_tilt_carry,2,61440,2000,0.767,75.888,0.0,1000,0.0,200.0,1000,0.0,200.0,298,0.6711409395973155,90.48657718120805,1000,0.0,200.0,1000,0.0,200.0,2292,1201,29235511,81.7508761882782,ab16711
sfl_tilt_carry,2,92160,2000,0.767,75.888,0.0,1000,0.0,200.0,1000,0.0,200.0,298,0.6711409395973155,90.48657718120805,1000,0.0,200.0,1000,0.0,200.0,2292,1201,29235511,81.7508761882782,ab16711
sfl_tilt_carry,2,122880,2000,0.767,75.888,0.0,1000,0.0,200.0,1000,0.0,200.0,298,0.6711409395973155,90.48657718120805,1000,0.0,200.0,1000,0.0,200.0,2292,1201,29235511,81.7508761882782,ab16711
sfl_tilt_carry,2,153600,2000,0.767,75.888,0.0,1000,0.0,200.0,1000,0.0,200.0,298,0.6711409395973155,90.48657718120805,1000,0.0,200.0,1000,0.0,200.0,2292,1201,29235511,81.7508761882782,ab16711
sfl_tilt_carry,2,184320,2000,0.767,75.888,0.0,1000,0.0,200.0,1000,0.0,200.0,298,0.6711409395973155,90.48657718120805,1000,0.0,200.0,1000,0.0,200.0,2292,1201,29235511,81.7508761882782,ab16711
sfl_tilt_carry,2,215040,2000,0.767,75.888,0.0,1000,0.0,200.0,1000,0.0,200.0,298,0.6711409395973155,90.48657718120805,1000,0.0,200.0,1000,0.0,200.0,2292,1201,29235511,81.7508761882782,ab16711
sfl_tilt_carry,2,245760,2000,0.767,75.888,0.0,1000,0.0,200.0,1000,0.0,200.0,298,0.6711409395973155,90.48657718120805,1000,0.0,200.0,1000,0.0,200.0,2292,1201,29235511,81.7508761882782,ab16711
sfl_tilt_carry,2,276480,2000,0.767,75.888,0.0,1000,0.0,200.0,1000,0.0,200.0,298,0.6711409395973155,90.48657718120805,1000,0.0,200.0,1000,0.0,200.0,2292,1201,29235511,81.7508761882782,ab16711
sfl_tilt_carry,2,307200,2000,0.767,75.888,0.0,1000,0.0,200.0,1000,0.0,200.0,298,0.6711409395973155,90.48657718120805,1000,0.0,200.0,1000,0.0,200.0,2292,1201,29235511,81.7508761882782,ab16711
sfl_ghost,2,0,2000,0.0,200.0,0.0,1000,0.0,200.0,1000,0.0,200.0,298,0.0,200.0,1000,0.0,200.0,1000,0.0,200.0,2421,1178,60536055,132.29053711891174,ab16711
sfl_ghost,2,30720,2000,0.315,150.753,0.0,1000,0.0,200.0,1000,0.0,200.0,298,0.3288590604026846,148.39597315436242,1000,0.0,200.0,1000,0.0,200.0,2421,1178,60536055,132.29053711891174,ab16711
sfl_ghost,2,61440,2000,0.0,200.0,0.0,1000,0.0,200.0,1000,0.0,200.0,298,0.0,200.0,1000,0.0,200.0,1000,0.0,200.0,2421,1178,60536055,132.29053711891174,ab16711
sfl_ghost,2,92160,2000,0.767,75.9515,0.0,1000,0.0,200.0,1000,0.0,200.0,298,0.6711409395973155,90.53020134228188,1000,0.0,200.0,1000,0.0,200.0,2421,1178,60536055,132.29053711891174,ab16711
sfl_ghost,2,122880,2000,0.767,75.888,0.0,1000,0.0,200.0,1000,0.0,200.0,298,0.6711409395973155,90.48657718120805,1000,0.0,200.0,1000,0.0,200.0,2421,1178,60536055,132.29053711891174,ab16711
sfl_ghost,2,153600,2000,0.767,75.888,0.0,1000,0.0,200.0,1000,0.0,200.0,298,0.6711409395973155,90.48657718120805,1000,0.0,200.0,1000,0.0,200.0,2421,1178,60536055,132.29053711891174,ab16711
sfl_ghost,2,184320,2000,0.767,75.888,0.0,1000,0.0,200.0,1000,0.0,200.0,298,0.6711409395973155,90.48657718120805,1000,0.0,200.0,1000,0.0,200.0,2421,1178,60536055,132.29053711891174,ab16711
sfl_ghost,2,215040,2000,0.767,75.888,0.0,1000,0.0,200.0,1000,0.0,200.0,298,0.6711409395973155,90.48657718120805,1000,0.0,200.0,1000,0.0,200.0,2421,1178,60536055,132.29053711891174,ab16711
sfl_ghost,2,245760,2000,0.767,75.888,0.0,1000,0.0,200.0,1000,0.0,200.0,298,0.6711409395973155,90.48657718120805,1000,0.0,200.0,1000,0.0,200.0,2421,1178,60536055,132.29053711891174,ab16711
sfl_ghost,2,276480,2000,0.767,75.888,0.0,1000,0.0,200.0,1000,0.0,200.0,298,0.6711409395973155,90.48657718120805,1000,0.0,200.0,1000,0.0,200.0,2421,1178,60536055,132.29053711891174,ab16711
sfl_ghost,2,307200,2000,0.767,75.888,0.0,1000,0.0,200.0,1000,0.0,200.0,298,0.6711409395973155,90.48657718120805,1000,0.0,200.0,1000,0.0,200.0,2421,1178,60536055,132.29053711891174,ab16711
sfl_halving,2,0,2000,0.0,200.0,0.0,1000,0.0,200.0,1000,0.0,200.0,298,0.0,200.0,1000,0.0,200.0,1000,0.0,200.0,2346,1157,92247491,160.79572200775146,ab16711
sfl_halving,2,30720,2000,0.0,200.0,0.0,1000,0.0,200.0,1000,0.0,200.0,298,0.0,200.0,1000,0.0,200.0,1000,0.0,200.0,2346,1157,92247491,160.79572200775146,ab16711
sfl_halving,2,61440,2000,0.0,200.0,0.0,1000,0.0,200.0,1000,0.0,200.0,298,0.0,200.0,1000,0.0,200.0,1000,0.0,200.0,2346,1157,92247491,160.79572200775146,ab16711
sfl_halving,2,92160,2000,0.767,75.888,0.0,1000,0.0,200.0,1000,0.0,200.0,298,0.6711409395973155,90.48657718120805,1000,0.0,200.0,1000,0.0,200.0,2346,1157,92247491,160.79572200775146,ab16711
sfl_halving,2,122880,2000,0.767,75.888,0.0,1000,0.0,200.0,1000,0.0,200.0,298,0.6711409395973155,90.48657718120805,1000,0.0,200.0,1000,0.0,200.0,2346,1157,92247491,160.79572200775146,ab16711
sfl_halving,2,153600,2000,0.767,75.888,0.0,1000,0.0,200.0,1000,0.0,200.0,298,0.6711409395973155,90.48657718120805,1000,0.0,200.0,1000,0.0,200.0,2346,1157,92247491,160.79572200775146,ab16711
sfl_halving,2,184320,2000,0.767,75.888,0.0,1000,0.0,200.0,1000,0.0,200.0,298,0.6711409395973155,90.48657718120805,1000,0.0,200.0,1000,0.0,200.0,2346,1157,92247491,160.79572200775146,ab16711
sfl_halving,2,215040,2000,0.767,75.888,0.0,1000,0.0,200.0,1000,0.0,200.0,298,0.6711409395973155,90.48657718120805,1000,0.0,200.0,1000,0.0,200.0,2346,1157,92247491,160.79572200775146,ab16711
sfl_halving,2,245760,2000,0.767,75.888,0.0,1000,0.0,200.0,1000,0.0,200.0,298,0.6711409395973155,90.48657718120805,1000,0.0,200.0,1000,0.0,200.0,2346,1157,92247491,160.79572200775146,ab16711
sfl_halving,2,276480,2000,0.767,75.888,0.0,1000,0.0,200.0,1000,0.0,200.0,298,0.6711409395973155,90.48657718120805,1000,0.0,200.0,1000,0.0,200.0,2346,1157,92247491,160.79572200775146,ab16711
sfl_halving,2,307200,2000,0.767,75.888,0.0,1000,0.0,200.0,1000,0.0,200.0,298,0.6711409395973155,90.48657718120805,1000,0.0,200.0,1000,0.0,200.0,2346,1157,92247491,160.79572200775146,ab16711
sfl_tilt_amort,2,0,2000,0.0,200.0,0.0,1000,0.0,200.0,1000,0.0,200.0,298,0.0,200.0,1000,0.0,200.0,1000,0.0,200.0,2196,1080,34595128,82.50977301597595,ab16711
sfl_tilt_amort,2,30720,2000,0.442,131.602,0.0,1000,0.0,200.0,1000,0.0,200.0,298,0.4261744966442953,132.6979865771812,1000,0.0,200.0,1000,0.0,200.0,2196,1080,34595128,82.50977301597595,ab16711
sfl_tilt_amort,2,61440,2000,0.767,75.889,0.0,1000,0.0,200.0,1000,0.0,200.0,298,0.6711409395973155,90.48657718120805,1000,0.0,200.0,1000,0.0,200.0,2196,1080,34595128,82.50977301597595,ab16711
sfl_tilt_amort,2,92160,2000,0.0,200.0,0.0,1000,0.0,200.0,1000,0.0,200.0,298,0.0,200.0,1000,0.0,200.0,1000,0.0,200.0,2196,1080,34595128,82.50977301597595,ab16711
sfl_tilt_amort,2,122880,2000,0.767,75.888,0.0,1000,0.0,200.0,1000,0.0,200.0,298,0.6711409395973155,90.48657718120805,1000,0.0,200.0,1000,0.0,200.0,2196,1080,34595128,82.50977301597595,ab16711
sfl_tilt_amort,2,153600,2000,0.767,75.888,0.0,1000,0.0,200.0,1000,0.0,200.0,298,0.6711409395973155,90.48657718120805,1000,0.0,200.0,1000,0.0,200.0,2196,1080,34595128,82.50977301597595,ab16711
sfl_tilt_amort,2,184320,2000,0.767,75.888,0.0,1000,0.0,200.0,1000,0.0,200.0,298,0.6711409395973155,90.48657718120805,1000,0.0,200.0,1000,0.0,200.0,2196,1080,34595128,82.50977301597595,ab16711
sfl_tilt_amort,2,215040,2000,0.767,75.888,0.0,1000,0.0,200.0,1000,0.0,200.0,298,0.6711409395973155,90.48657718120805,1000,0.0,200.0,1000,0.0,200.0,2196,1080,34595128,82.50977301597595,ab16711
sfl_tilt_amort,2,245760,2000,0.767,75.888,0.0,1000,0.0,200.0,1000,0.0,200.0,298,0.6711409395973155,90.48657718120805,1000,0.0,200.0,1000,0.0,200.0,2196,1080,34595128,82.50977301597595,ab16711
sfl_tilt_amort,2,276480,2000,0.767,75.888,0.0,1000,0.0,200.0,1000,0.0,200.0,298,0.6711409395973155,90.48657718120805,1000,0.0,200.0,1000,0.0,200.0,2196,1080,34595128,82.50977301597595,ab16711
sfl_tilt_amort,2,307200,2000,0.767,75.888,0.0,1000,0.0,200.0,1000,0.0,200.0,298,0.6711409395973155,90.48657718120805,1000,0.0,200.0,1000,0.0,200.0,2196,1080,34595128,82.50977301597595,ab16711
sfl_tilt_verify,2,0,2000,0.185,189.2545,0.0,1000,0.0,200.0,1000,0.0,200.0,298,0.18791946308724833,188.6006711409396,1000,0.0,200.0,1000,0.0,200.0,2288,1176,53309820,113.84787607192993,ab16711
sfl_tilt_verify,2,30720,2000,0.5195,125.57,0.0,1000,0.0,200.0,1000,0.0,200.0,298,0.48322147651006714,127.63422818791946,1000,0.0,200.0,1000,0.0,200.0,2288,1176,53309820,113.84787607192993,ab16711
sfl_tilt_verify,2,61440,2000,0.68,88.7605,0.0,1000,0.0,200.0,1000,0.0,200.0,298,0.5939597315436241,101.32885906040268,1000,0.0,200.0,1000,0.0,200.0,2288,1176,53309820,113.84787607192993,ab16711
sfl_tilt_verify,2,92160,2000,0.767,75.888,0.0,1000,0.0,200.0,1000,0.0,200.0,298,0.6711409395973155,90.48657718120805,1000,0.0,200.0,1000,0.0,200.0,2288,1176,53309820,113.84787607192993,ab16711
sfl_tilt_verify,2,122880,2000,0.767,75.888,0.0,1000,0.0,200.0,1000,0.0,200.0,298,0.6711409395973155,90.48657718120805,1000,0.0,200.0,1000,0.0,200.0,2288,1176,53309820,113.84787607192993,ab16711
sfl_tilt_verify,2,153600,2000,0.767,75.888,0.0,1000,0.0,200.0,1000,0.0,200.0,298,0.6711409395973155,90.48657718120805,1000,0.0,200.0,1000,0.0,200.0,2288,1176,53309820,113.84787607192993,ab16711
sfl_tilt_verify,2,184320,2000,0.767,75.888,0.0,1000,0.0,200.0,1000,0.0,200.0,298,0.6711409395973155,90.48657718120805,1000,0.0,200.0,1000,0.0,200.0,2288,1176,53309820,113.84787607192993,ab16711
sfl_tilt_verify,2,215040,2000,0.767,75.888,0.0,1000,0.0,200.0,1000,0.0,200.0,298,0.6711409395973155,90.48657718120805,1000,0.0,200.0,1000,0.0,200.0,2288,1176,53309820,113.84787607192993,ab16711
sfl_tilt_verify,2,245760,2000,0.767,75.888,0.0,1000,0.0,200.0,1000,0.0,200.0,298,0.6711409395973155,90.48657718120805,1000,0.0,200.0,1000,0.0,200.0,2288,1176,53309820,113.84787607192993,ab16711
sfl_tilt_verify,2,276480,2000,0.767,75.888,0.0,1000,0.0,200.0,1000,0.0,200.0,298,0.6711409395973155,90.48657718120805,1000,0.0,200.0,1000,0.0,200.0,2288,1176,53309820,113.84787607192993,ab16711
sfl_tilt_verify,2,307200,2000,0.767,75.888,0.0,1000,0.0,200.0,1000,0.0,200.0,298,0.6711409395973155,90.48657718120805,1000,0.0,200.0,1000,0.0,200.0,2288,1176,53309820,113.84787607192993,ab16711
sfl_spread,3,0,2000,0.0,200.0,0.0,1000,0.0,200.0,1000,0.0,200.0,298,0.0,200.0,1000,0.0,200.0,1000,0.0,200.0,2770,1412,29757048,81.52786803245544,ab16711
sfl_spread,3,30720,2000,0.064,190.4975,0.0,1000,0.0,200.0,1000,0.0,200.0,298,0.09060402684563758,187.24496644295303,1000,0.0,200.0,1000,0.0,200.0,2770,1412,29757048,81.52786803245544,ab16711
sfl_spread,3,61440,2000,0.5235,114.0,0.0,1000,0.0,200.0,1000,0.0,200.0,298,0.4966442953020134,117.63422818791946,1000,0.0,200.0,1000,0.0,200.0,2770,1412,29757048,81.52786803245544,ab16711
sfl_spread,3,92160,2000,0.767,75.888,0.0,1000,0.0,200.0,1000,0.0,200.0,298,0.6711409395973155,90.48657718120805,1000,0.0,200.0,1000,0.0,200.0,2770,1412,29757048,81.52786803245544,ab16711
sfl_spread,3,122880,2000,0.767,75.888,0.0,1000,0.0,200.0,1000,0.0,200.0,298,0.6711409395973155,90.48657718120805,1000,0.0,200.0,1000,0.0,200.0,2770,1412,29757048,81.52786803245544,ab16711
sfl_spread,3,153600,2000,0.767,75.888,0.0,1000,0.0,200.0,1000,0.0,200.0,298,0.6711409395973155,90.48657718120805,1000,0.0,200.0,1000,0.0,200.0,2770,1412,29757048,81.52786803245544,ab16711
sfl_spread,3,184320,2000,0.767,75.888,0.0,1000,0.0,200.0,1000,0.0,200.0,298,0.6711409395973155,90.48657718120805,1000,0.0,200.0,1000,0.0,200.0,2770,1412,29757048,81.52786803245544,ab16711
sfl_spread,3,215040,2000,0.767,75.888,0.0,1000,0.0,200.0,1000,0.0,200.0,298,0.6711409395973155,90.48657718120805,1000,0.0,200.0,1000,0.0,200.0,2770,1412,29757048,81.52786803245544,ab16711
sfl_spread,3,245760,2000,0.767,75.888,0.0,1000,0.0,200.0,1000,0.0,200.0,298,0.6711409395973155,90.48657718120805,1000,0.0,200.0,1000,0.0,200.0,2770,1412,29757048,81.52786803245544,ab16711
sfl_spread,3,276480,2000,0.767,75.888,0.0,1000,0.0,200.0,1000,0.0,200.0,298,0.6711409395973155,90.48657718120805,1000,0.0,200.0,1000,0.0,200.0,2770,1412,29757048,81.52786803245544,ab16711
sfl_spread,3,307200,2000,0.767,75.888,0.0,1000,0.0,200.0,1000,0.0,200.0,298,0.6711409395973155,90.48657718120805,1000,0.0,200.0,1000,0.0,200.0,2770,1412,29757048,81.52786803245544,ab16711
sfl_tilt_sc,3,0,2000,0.0,200.0,0.0,1000,0.0,200.0,1000,0.0,200.0,298,0.0,200.0,1000,0.0,200.0,1000,0.0,200.0,2292,1148,33643502,81.24136185646057,ab16711
sfl_tilt_sc,3,30720,2000,0.203,167.571,0.0,1000,0.0,200.0,1000,0.0,200.0,298,0.2181208053691275,165.71140939597316,1000,0.0,200.0,1000,0.0,200.0,2292,1148,33643502,81.24136185646057,ab16711
sfl_tilt_sc,3,61440,2000,0.045,193.063,0.0,1000,0.0,200.0,1000,0.0,200.0,298,0.06375838926174497,190.73825503355704,1000,0.0,200.0,1000,0.0,200.0,2292,1148,33643502,81.24136185646057,ab16711
sfl_tilt_sc,3,92160,2000,0.767,75.888,0.0,1000,0.0,200.0,1000,0.0,200.0,298,0.6711409395973155,90.48657718120805,1000,0.0,200.0,1000,0.0,200.0,2292,1148,33643502,81.24136185646057,ab16711
sfl_tilt_sc,3,122880,2000,0.767,75.888,0.0,1000,0.0,200.0,1000,0.0,200.0,298,0.6711409395973155,90.48657718120805,1000,0.0,200.0,1000,0.0,200.0,2292,1148,33643502,81.24136185646057,ab16711
sfl_tilt_sc,3,153600,2000,0.767,75.888,0.0,1000,0.0,200.0,1000,0.0,200.0,298,0.6711409395973155,90.48657718120805,1000,0.0,200.0,1000,0.0,200.0,2292,1148,33643502,81.24136185646057,ab16711
sfl_tilt_sc,3,184320,2000,0.767,75.888,0.0,1000,0.0,200.0,1000,0.0,200.0,298,0.6711409395973155,90.48657718120805,1000,0.0,200.0,1000,0.0,200.0,2292,1148,33643502,81.24136185646057,ab16711
sfl_tilt_sc,3,215040,2000,0.767,75.888,0.0,1000,0.0,200.0,1000,0.0,200.0,298,0.6711409395973155,90.48657718120805,1000,0.0,200.0,1000,0.0,200.0,2292,1148,33643502,81.24136185646057,ab16711
sfl_tilt_sc,3,245760,2000,0.767,75.888,0.0,1000,0.0,200.0,1000,0.0,200.0,298,0.6711409395973155,90.48657718120805,1000,0.0,200.0,1000,0.0,200.0,2292,1148,33643502,81.24136185646057,ab16711
sfl_tilt_sc,3,276480,2000,0.767,75.888,0.0,1000,0.0,200.0,1000,0.0,200.0,298,0.6711409395973155,90.48657718120805,1000,0.0,200.0,1000,0.0,200.0,2292,1148,33643502,81.24136185646057,ab16711
sfl_tilt_sc,3,307200,2000,0.767,75.888,0.0,1000,0.0,200.0,1000,0.0,200.0,298,0.6711409395973155,90.48657718120805,1000,0.0,200.0,1000,0.0,200.0,2292,1148,33643502,81.24136185646057,ab16711
sfl_tilt,3,0,2000,0.0,200.0,0.0,1000,0.0,200.0,1000,0.0,200.0,298,0.0,200.0,1000,0.0,200.0,1000,0.0,200.0,2163,1078,32624882,80.95513606071472,ab16711
sfl_tilt,3,30720,2000,0.2355,165.5205,0.0,1000,0.0,200.0,1000,0.0,200.0,298,0.24496644295302014,164.39597315436242,1000,0.0,200.0,1000,0.0,200.0,2163,1078,32624882,80.95513606071472,ab16711
sfl_tilt,3,61440,2000,0.007,198.867,0.0,1000,0.0,200.0,1000,0.0,200.0,298,0.006711409395973154,199.3523489932886,1000,0.0,200.0,1000,0.0,200.0,2163,1078,32624882,80.95513606071472,ab16711
sfl_tilt,3,92160,2000,0.0,200.0,0.0,1000,0.0,200.0,1000,0.0,200.0,298,0.0,200.0,1000,0.0,200.0,1000,0.0,200.0,2163,1078,32624882,80.95513606071472,ab16711
sfl_tilt,3,122880,2000,0.767,75.888,0.0,1000,0.0,200.0,1000,0.0,200.0,298,0.6711409395973155,90.48657718120805,1000,0.0,200.0,1000,0.0,200.0,2163,1078,32624882,80.95513606071472,ab16711
sfl_tilt,3,153600,2000,0.767,75.888,0.0,1000,0.0,200.0,1000,0.0,200.0,298,0.6711409395973155,90.48657718120805,1000,0.0,200.0,1000,0.0,200.0,2163,1078,32624882,80.95513606071472,ab16711
sfl_tilt,3,184320,2000,0.767,75.888,0.0,1000,0.0,200.0,1000,0.0,200.0,298,0.6711409395973155,90.48657718120805,1000,0.0,200.0,1000,0.0,200.0,2163,1078,32624882,80.95513606071472,ab16711
sfl_tilt,3,215040,2000,0.767,75.888,0.0,1000,0.0,200.0,1000,0.0,200.0,298,0.6711409395973155,90.48657718120805,1000,0.0,200.0,1000,0.0,200.0,2163,1078,32624882,80.95513606071472,ab16711
sfl_tilt,3,245760,2000,0.767,75.888,0.0,1000,0.0,200.0,1000,0.0,200.0,298,0.6711409395973155,90.48657718120805,1000,0.0,200.0,1000,0.0,200.0,2163,1078,32624882,80.95513606071472,ab16711
sfl_tilt,3,276480,2000,0.767,75.888,0.0,1000,0.0,200.0,1000,0.0,200.0,298,0.6711409395973155,90.48657718120805,1000,0.0,200.0,1000,0.0,200.0,2163,1078,32624882,80.95513606071472,ab16711
sfl_tilt,3,307200,2000,0.767,75.888,0.0,1000,0.0,200.0,1000,0.0,200.0,298,0.6711409395973155,90.48657718120805,1000,0.0,200.0,1000,0.0,200.0,2163,1078,32624882,80.95513606071472,ab16711
sfl_tilt_soft,3,0,2000,0.0,200.0,0.0,1000,0.0,200.0,1000,0.0,200.0,298,0.0,200.0,1000,0.0,200.0,1000,0.0,200.0,2117,1060,35454677,81.19207096099854,ab16711
sfl_tilt_soft,3,30720,2000,0.491,119.8995,0.0,1000,0.0,200.0,1000,0.0,200.0,298,0.4865771812080537,120.53020134228188,1000,0.0,200.0,1000,0.0,200.0,2117,1060,35454677,81.19207096099854,ab16711
sfl_tilt_soft,3,61440,2000,0.0,200.0,0.0,1000,0.0,200.0,1000,0.0,200.0,298,0.0,200.0,1000,0.0,200.0,1000,0.0,200.0,2117,1060,35454677,81.19207096099854,ab16711
sfl_tilt_soft,3,92160,2000,0.0,200.0,0.0,1000,0.0,200.0,1000,0.0,200.0,298,0.0,200.0,1000,0.0,200.0,1000,0.0,200.0,2117,1060,35454677,81.19207096099854,ab16711
sfl_tilt_soft,3,122880,2000,0.0,200.0,0.0,1000,0.0,200.0,1000,0.0,200.0,298,0.0,200.0,1000,0.0,200.0,1000,0.0,200.0,2117,1060,35454677,81.19207096099854,ab16711
sfl_tilt_soft,3,153600,2000,0.7615,78.5525,0.0,1000,0.0,200.0,1000,0.0,200.0,298,0.6677852348993288,92.6241610738255,1000,0.0,200.0,1000,0.0,200.0,2117,1060,35454677,81.19207096099854,ab16711
sfl_tilt_soft,3,184320,2000,0.767,75.888,0.0,1000,0.0,200.0,1000,0.0,200.0,298,0.6711409395973155,90.48657718120805,1000,0.0,200.0,1000,0.0,200.0,2117,1060,35454677,81.19207096099854,ab16711
sfl_tilt_soft,3,215040,2000,0.767,75.888,0.0,1000,0.0,200.0,1000,0.0,200.0,298,0.6711409395973155,90.48657718120805,1000,0.0,200.0,1000,0.0,200.0,2117,1060,35454677,81.19207096099854,ab16711
sfl_tilt_soft,3,245760,2000,0.767,75.888,0.0,1000,0.0,200.0,1000,0.0,200.0,298,0.6711409395973155,90.48657718120805,1000,0.0,200.0,1000,0.0,200.0,2117,1060,35454677,81.19207096099854,ab16711
sfl_tilt_soft,3,276480,2000,0.767,75.888,0.0,1000,0.0,200.0,1000,0.0,200.0,298,0.6711409395973155,90.48657718120805,1000,0.0,200.0,1000,0.0,200.0,2117,1060,35454677,81.19207096099854,ab16711
sfl_tilt_soft,3,307200,2000,0.767,75.888,0.0,1000,0.0,200.0,1000,0.0,200.0,298,0.6711409395973155,90.48657718120805,1000,0.0,200.0,1000,0.0,200.0,2117,1060,35454677,81.19207096099854,ab16711
sfl_ghost,3,0,2000,0.0,200.0,0.0,1000,0.0,200.0,1000,0.0,200.0,298,0.0,200.0,1000,0.0,200.0,1000,0.0,200.0,2332,1140,62083312,132.75284695625305,ab16711
sfl_ghost,3,30720,2000,0.0,200.0,0.0,1000,0.0,200.0,1000,0.0,200.0,298,0.0,200.0,1000,0.0,200.0,1000,0.0,200.0,2332,1140,62083312,132.75284695625305,ab16711
sfl_ghost,3,61440,2000,0.544,110.8295,0.0,1000,0.0,200.0,1000,0.0,200.0,298,0.540268456375839,112.54697986577182,1000,0.0,200.0,1000,0.0,200.0,2332,1140,62083312,132.75284695625305,ab16711
sfl_ghost,3,92160,2000,0.388,136.6615,0.0,1000,0.0,200.0,1000,0.0,200.0,298,0.38926174496644295,136.6711409395973,1000,0.0,200.0,1000,0.0,200.0,2332,1140,62083312,132.75284695625305,ab16711
sfl_ghost,3,122880,2000,0.767,75.888,0.0,1000,0.0,200.0,1000,0.0,200.0,298,0.6711409395973155,90.48657718120805,1000,0.0,200.0,1000,0.0,200.0,2332,1140,62083312,132.75284695625305,ab16711
sfl_ghost,3,153600,2000,0.767,75.888,0.0,1000,0.0,200.0,1000,0.0,200.0,298,0.6711409395973155,90.48657718120805,1000,0.0,200.0,1000,0.0,200.0,2332,1140,62083312,132.75284695625305,ab16711
sfl_ghost,3,184320,2000,0.767,75.888,0.0,1000,0.0,200.0,1000,0.0,200.0,298,0.6711409395973155,90.48657718120805,1000,0.0,200.0,1000,0.0,200.0,2332,1140,62083312,132.75284695625305,ab16711
sfl_ghost,3,215040,2000,0.767,75.888,0.0,1000,0.0,200.0,1000,0.0,200.0,298,0.6711409395973155,90.48657718120805,1000,0.0,200.0,1000,0.0,200.0,2332,1140,62083312,132.75284695625305,ab16711
sfl_ghost,3,245760,2000,0.767,75.888,0.0,1000,0.0,200.0,1000,0.0,200.0,298,0.6711409395973155,90.48657718120805,1000,0.0,200.0,1000,0.0,200.0,2332,1140,62083312,132.75284695625305,ab16711
sfl_ghost,3,276480,2000,0.767,75.888,0.0,1000,0.0,200.0,1000,0.0,200.0,298,0.6711409395973155,90.48657718120805,1000,0.0,200.0,1000,0.0,200.0,2332,1140,62083312,132.75284695625305,ab16711
sfl_ghost,3,307200,2000,0.767,75.888,0.0,1000,0.0,200.0,1000,0.0,200.0,298,0.6711409395973155,90.48657718120805,1000,0.0,200.0,1000,0.0,200.0,2332,1140,62083312,132.75284695625305,ab16711
sfl_bisect,3,0,2000,0.0,200.0,0.0,1000,0.0,200.0,1000,0.0,200.0,298,0.0,200.0,1000,0.0,200.0,1000,0.0,200.0,2310,1147,58266750,123.1399610042572,ab16711
sfl_bisect,3,30720,2000,0.596,104.638,0.0,1000,0.0,200.0,1000,0.0,200.0,298,0.5503355704697986,110.54362416107382,1000,0.0,200.0,1000,0.0,200.0,2310,1147,58266750,123.1399610042572,ab16711
sfl_bisect,3,61440,2000,0.767,75.888,0.0,1000,0.0,200.0,1000,0.0,200.0,298,0.6711409395973155,90.48657718120805,1000,0.0,200.0,1000,0.0,200.0,2310,1147,58266750,123.1399610042572,ab16711
sfl_bisect,3,92160,2000,0.767,75.888,0.0,1000,0.0,200.0,1000,0.0,200.0,298,0.6711409395973155,90.48657718120805,1000,0.0,200.0,1000,0.0,200.0,2310,1147,58266750,123.1399610042572,ab16711
sfl_bisect,3,122880,2000,0.767,75.888,0.0,1000,0.0,200.0,1000,0.0,200.0,298,0.6711409395973155,90.48657718120805,1000,0.0,200.0,1000,0.0,200.0,2310,1147,58266750,123.1399610042572,ab16711
sfl_bisect,3,153600,2000,0.767,75.888,0.0,1000,0.0,200.0,1000,0.0,200.0,298,0.6711409395973155,90.48657718120805,1000,0.0,200.0,1000,0.0,200.0,2310,1147,58266750,123.1399610042572,ab16711
sfl_bisect,3,184320,2000,0.767,75.888,0.0,1000,0.0,200.0,1000,0.0,200.0,298,0.6711409395973155,90.48657718120805,1000,0.0,200.0,1000,0.0,200.0,2310,1147,58266750,123.1399610042572,ab16711
sfl_bisect,3,215040,2000,0.767,75.888,0.0,1000,0.0,200.0,1000,0.0,200.0,298,0.6711409395973155,90.48657718120805,1000,0.0,200.0,1000,0.0,200.0,2310,1147,58266750,123.1399610042572,ab16711
sfl_bisect,3,245760,2000,0.767,75.888,0.0,1000,0.0,200.0,1000,0.0,200.0,298,0.6711409395973155,90.48657718120805,1000,0.0,200.0,1000,0.0,200.0,2310,1147,58266750,123.1399610042572,ab16711
sfl_bisect,3,276480,2000,0.767,75.888,0.0,1000,0.0,200.0,1000,0.0,200.0,298,0.6711409395973155,90.48657718120805,1000,0.0,200.0,1000,0.0,200.0,2310,1147,58266750,123.1399610042572,ab16711
sfl_bisect,3,307200,2000,0.767,75.888,0.0,1000,0.0,200.0,1000,0.0,200.0,298,0.6711409395973155,90.48657718120805,1000,0.0,200.0,1000,0.0,200.0,2310,1147,58266750,123.1399610042572,ab16711
sfl_tilt_carry,3,0,2000,0.0,200.0,0.0,1000,0.0,200.0,1000,0.0,200.0,298,0.0,200.0,1000,0.0,200.0,1000,0.0,200.0,2322,1145,28959266,80.82148814201355,ab16711
sfl_tilt_carry,3,30720,2000,0.2695,166.0305,0.0,1000,0.0,200.0,1000,0.0,200.0,298,0.28187919463087246,163.36241610738256,1000,0.0,200.0,1000,0.0,200.0,2322,1145,28959266,80.82148814201355,ab16711
sfl_tilt_carry,3,61440,2000,0.766,76.061,0.0,1000,0.0,200.0,1000,0.0,200.0,298,0.6711409395973155,90.53355704697987,1000,0.0,200.0,1000,0.0,200.0,2322,1145,28959266,80.82148814201355,ab16711
sfl_tilt_carry,3,92160,2000,0.767,75.888,0.0,1000,0.0,200.0,1000,0.0,200.0,298,0.6711409395973155,90.48657718120805,1000,0.0,200.0,1000,0.0,200.0,2322,1145,28959266,80.82148814201355,ab16711
sfl_tilt_carry,3,122880,2000,0.767,75.888,0.0,1000,0.0,200.0,1000,0.0,200.0,298,0.6711409395973155,90.48657718120805,1000,0.0,200.0,1000,0.0,200.0,2322,1145,28959266,80.82148814201355,ab16711
sfl_tilt_carry,3,153600,2000,0.767,75.888,0.0,1000,0.0,200.0,1000,0.0,200.0,298,0.6711409395973155,90.48657718120805,1000,0.0,200.0,1000,0.0,200.0,2322,1145,28959266,80.82148814201355,ab16711
sfl_tilt_carry,3,184320,2000,0.767,75.888,0.0,1000,0.0,200.0,1000,0.0,200.0,298,0.6711409395973155,90.48657718120805,1000,0.0,200.0,1000,0.0,200.0,2322,1145,28959266,80.82148814201355,ab16711
sfl_tilt_carry,3,215040,2000,0.767,75.888,0.0,1000,0.0,200.0,1000,0.0,200.0,298,0.6711409395973155,90.48657718120805,1000,0.0,200.0,1000,0.0,200.0,2322,1145,28959266,80.82148814201355,ab16711
sfl_tilt_carry,3,245760,2000,0.767,75.888,0.0,1000,0.0,200.0,1000,0.0,200.0,298,0.6711409395973155,90.48657718120805,1000,0.0,200.0,1000,0.0,200.0,2322,1145,28959266,80.82148814201355,ab16711
sfl_tilt_carry,3,276480,2000,0.767,75.888,0.0,1000,0.0,200.0,1000,0.0,200.0,298,0.6711409395973155,90.48657718120805,1000,0.0,200.0,1000,0.0,200.0,2322,1145,28959266,80.82148814201355,ab16711
sfl_tilt_carry,3,307200,2000,0.767,75.888,0.0,1000,0.0,200.0,1000,0.0,200.0,298,0.6711409395973155,90.48657718120805,1000,0.0,200.0,1000,0.0,200.0,2322,1145,28959266,80.82148814201355,ab16711
sfl_halving,3,0,2000,0.0,200.0,0.0,1000,0.0,200.0,1000,0.0,200.0,298,0.0,200.0,1000,0.0,200.0,1000,0.0,200.0,2376,1178,91139746,161.0826439857483,ab16711
sfl_halving,3,30720,2000,0.313,150.2645,0.0,1000,0.0,200.0,1000,0.0,200.0,298,0.3087248322147651,149.88255033557047,1000,0.0,200.0,1000,0.0,200.0,2376,1178,91139746,161.0826439857483,ab16711
sfl_halving,3,61440,2000,0.767,75.888,0.0,1000,0.0,200.0,1000,0.0,200.0,298,0.6711409395973155,90.48657718120805,1000,0.0,200.0,1000,0.0,200.0,2376,1178,91139746,161.0826439857483,ab16711
sfl_halving,3,92160,2000,0.767,75.888,0.0,1000,0.0,200.0,1000,0.0,200.0,298,0.6711409395973155,90.48657718120805,1000,0.0,200.0,1000,0.0,200.0,2376,1178,91139746,161.0826439857483,ab16711
sfl_halving,3,122880,2000,0.767,75.888,0.0,1000,0.0,200.0,1000,0.0,200.0,298,0.6711409395973155,90.48657718120805,1000,0.0,200.0,1000,0.0,200.0,2376,1178,91139746,161.0826439857483,ab16711
sfl_halving,3,153600,2000,0.767,75.888,0.0,1000,0.0,200.0,1000,0.0,200.0,298,0.6711409395973155,90.48657718120805,1000,0.0,200.0,1000,0.0,200.0,2376,1178,91139746,161.0826439857483,ab16711
sfl_halving,3,184320,2000,0.767,75.888,0.0,1000,0.0,200.0,1000,0.0,200.0,298,0.6711409395973155,90.48657718120805,1000,0.0,200.0,1000,0.0,200.0,2376,1178,91139746,161.0826439857483,ab16711
sfl_halving,3,215040,2000,0.767,75.888,0.0,1000,0.0,200.0,1000,0.0,200.0,298,0.6711409395973155,90.48657718120805,1000,0.0,200.0,1000,0.0,200.0,2376,1178,91139746,161.0826439857483,ab16711
sfl_halving,3,245760,2000,0.767,75.888,0.0,1000,0.0,200.0,1000,0.0,200.0,298,0.6711409395973155,90.48657718120805,1000,0.0,200.0,1000,0.0,200.0,2376,1178,91139746,161.0826439857483,ab16711
sfl_halving,3,276480,2000,0.767,75.888,0.0,1000,0.0,200.0,1000,0.0,200.0,298,0.6711409395973155,90.48657718120805,1000,0.0,200.0,1000,0.0,200.0,2376,1178,91139746,161.0826439857483,ab16711
sfl_halving,3,307200,2000,0.767,75.888,0.0,1000,0.0,200.0,1000,0.0,200.0,298,0.6711409395973155,90.48657718120805,1000,0.0,200.0,1000,0.0,200.0,2376,1178,91139746,161.0826439857483,ab16711
sfl_tilt_amort,3,0,2000,0.0855,195.5745,0.0,1000,0.0,200.0,1000,0.0,200.0,298,0.10738255033557047,193.63422818791946,1000,0.0,200.0,1000,0.0,200.0,2238,1127,35055815,81.93270707130432,ab16711
sfl_tilt_amort,3,30720,2000,0.0,200.0,0.0,1000,0.0,200.0,1000,0.0,200.0,298,0.0,200.0,1000,0.0,200.0,1000,0.0,200.0,2238,1127,35055815,81.93270707130432,ab16711
sfl_tilt_amort,3,61440,2000,0.0,200.0,0.0,1000,0.0,200.0,1000,0.0,200.0,298,0.0,200.0,1000,0.0,200.0,1000,0.0,200.0,2238,1127,35055815,81.93270707130432,ab16711
sfl_tilt_amort,3,92160,2000,0.473,128.025,0.0,1000,0.0,200.0,1000,0.0,200.0,298,0.412751677852349,136.73489932885906,1000,0.0,200.0,1000,0.0,200.0,2238,1127,35055815,81.93270707130432,ab16711
sfl_tilt_amort,3,122880,2000,0.767,75.888,0.0,1000,0.0,200.0,1000,0.0,200.0,298,0.6711409395973155,90.48657718120805,1000,0.0,200.0,1000,0.0,200.0,2238,1127,35055815,81.93270707130432,ab16711
sfl_tilt_amort,3,153600,2000,0.767,75.888,0.0,1000,0.0,200.0,1000,0.0,200.0,298,0.6711409395973155,90.48657718120805,1000,0.0,200.0,1000,0.0,200.0,2238,1127,35055815,81.93270707130432,ab16711
sfl_tilt_amort,3,184320,2000,0.767,75.888,0.0,1000,0.0,200.0,1000,0.0,200.0,298,0.6711409395973155,90.48657718120805,1000,0.0,200.0,1000,0.0,200.0,2238,1127,35055815,81.93270707130432,ab16711
sfl_tilt_amort,3,215040,2000,0.767,75.888,0.0,1000,0.0,200.0,1000,0.0,200.0,298,0.6711409395973155,90.48657718120805,1000,0.0,200.0,1000,0.0,200.0,2238,1127,35055815,81.93270707130432,ab16711
sfl_tilt_amort,3,245760,2000,0.767,75.888,0.0,1000,0.0,200.0,1000,0.0,200.0,298,0.6711409395973155,90.48657718120805,1000,0.0,200.0,1000,0.0,200.0,2238,1127,35055815,81.93270707130432,ab16711
sfl_tilt_amort,3,276480,2000,0.767,75.888,0.0,1000,0.0,200.0,1000,0.0,200.0,298,0.6711409395973155,90.48657718120805,1000,0.0,200.0,1000,0.0,200.0,2238,1127,35055815,81.93270707130432,ab16711
sfl_tilt_amort,3,307200,2000,0.767,75.888,0.0,1000,0.0,200.0,1000,0.0,200.0,298,0.6711409395973155,90.48657718120805,1000,0.0,200.0,1000,0.0,200.0,2238,1127,35055815,81.93270707130432,ab16711
sfl_tilt_verify,3,0,2000,0.0,200.0,0.0,1000,0.0,200.0,1000,0.0,200.0,298,0.0,200.0,1000,0.0,200.0,1000,0.0,200.0,2145,1096,56500833,112.88000917434692,ab16711
sfl_tilt_verify,3,30720,2000,0.181,174.01,0.0,1000,0.0,200.0,1000,0.0,200.0,298,0.20134228187919462,171.13087248322148,1000,0.0,200.0,1000,0.0,200.0,2145,1096,56500833,112.88000917434692,ab16711
sfl_tilt_verify,3,61440,2000,0.357,145.29,0.0,1000,0.0,200.0,1000,0.0,200.0,298,0.3523489932885906,144.96979865771812,1000,0.0,200.0,1000,0.0,200.0,2145,1096,56500833,112.88000917434692,ab16711
sfl_tilt_verify,3,92160,2000,0.0,200.0,0.0,1000,0.0,200.0,1000,0.0,200.0,298,0.0,200.0,1000,0.0,200.0,1000,0.0,200.0,2145,1096,56500833,112.88000917434692,ab16711
sfl_tilt_verify,3,122880,2000,0.767,75.888,0.0,1000,0.0,200.0,1000,0.0,200.0,298,0.6711409395973155,90.48657718120805,1000,0.0,200.0,1000,0.0,200.0,2145,1096,56500833,112.88000917434692,ab16711
sfl_tilt_verify,3,153600,2000,0.767,75.888,0.0,1000,0.0,200.0,1000,0.0,200.0,298,0.6711409395973155,90.48657718120805,1000,0.0,200.0,1000,0.0,200.0,2145,1096,56500833,112.88000917434692,ab16711
sfl_tilt_verify,3,184320,2000,0.767,75.888,0.0,1000,0.0,200.0,1000,0.0,200.0,298,0.6711409395973155,90.48657718120805,1000,0.0,200.0,1000,0.0,200.0,2145,1096,56500833,112.88000917434692,ab16711
sfl_tilt_verify,3,215040,2000,0.767,75.888,0.0,1000,0.0,200.0,1000,0.0,200.0,298,0.6711409395973155,90.48657718120805,1000,0.0,200.0,1000,0.0,200.0,2145,1096,56500833,112.88000917434692,ab16711
sfl_tilt_verify,3,245760,2000,0.767,75.888,0.0,1000,0.0,200.0,1000,0.0,200.0,298,0.6711409395973155,90.48657718120805,1000,0.0,200.0,1000,0.0,200.0,2145,1096,56500833,112.88000917434692,ab16711
sfl_tilt_verify,3,276480,2000,0.767,75.888,0.0,1000,0.0,200.0,1000,0.0,200.0,298,0.6711409395973155,90.48657718120805,1000,0.0,200.0,1000,0.0,200.0,2145,1096,56500833,112.88000917434692,ab16711
sfl_tilt_verify,3,307200,2000,0.767,75.888,0.0,1000,0.0,200.0,1000,0.0,200.0,298,0.6711409395973155,90.48657718120805,1000,0.0,200.0,1000,0.0,200.0,2145,1096,56500833,112.88000917434692,ab16711
sfl_spread,4,0,2000,0.0,200.0,0.0,1000,0.0,200.0,1000,0.0,200.0,298,0.0,200.0,1000,0.0,200.0,1000,0.0,200.0,2118,1046,37946246,81.04363322257996,ab16711
sfl_spread,4,30720,2000,0.3275,159.3875,0.0,1000,0.0,200.0,1000,0.0,200.0,298,0.34563758389261745,158.66107382550337,1000,0.0,200.0,1000,0.0,200.0,2118,1046,37946246,81.04363322257996,ab16711
sfl_spread,4,61440,2000,0.0,200.0,0.0,1000,0.0,200.0,1000,0.0,200.0,298,0.0,200.0,1000,0.0,200.0,1000,0.0,200.0,2118,1046,37946246,81.04363322257996,ab16711
sfl_spread,4,92160,2000,0.651,95.711,0.0,1000,0.0,200.0,1000,0.0,200.0,298,0.5973154362416108,103.24496644295301,1000,0.0,200.0,1000,0.0,200.0,2118,1046,37946246,81.04363322257996,ab16711
sfl_spread,4,122880,2000,0.7665,75.984,0.0,1000,0.0,200.0,1000,0.0,200.0,298,0.6711409395973155,90.51342281879195,1000,0.0,200.0,1000,0.0,200.0,2118,1046,37946246,81.04363322257996,ab16711
sfl_spread,4,153600,2000,0.767,75.888,0.0,1000,0.0,200.0,1000,0.0,200.0,298,0.6711409395973155,90.48657718120805,1000,0.0,200.0,1000,0.0,200.0,2118,1046,37946246,81.04363322257996,ab16711
sfl_spread,4,184320,2000,0.767,75.888,0.0,1000,0.0,200.0,1000,0.0,200.0,298,0.6711409395973155,90.48657718120805,1000,0.0,200.0,1000,0.0,200.0,2118,1046,37946246,81.04363322257996,ab16711
sfl_spread,4,215040,2000,0.767,75.888,0.0,1000,0.0,200.0,1000,0.0,200.0,298,0.6711409395973155,90.48657718120805,1000,0.0,200.0,1000,0.0,200.0,2118,1046,37946246,81.04363322257996,ab16711
sfl_spread,4,245760,2000,0.767,75.888,0.0,1000,0.0,200.0,1000,0.0,200.0,298,0.6711409395973155,90.48657718120805,1000,0.0,200.0,1000,0.0,200.0,2118,1046,37946246,81.04363322257996,ab16711
sfl_spread,4,276480,2000,0.767,75.888,0.0,1000,0.0,200.0,1000,0.0,200.0,298,0.6711409395973155,90.48657718120805,1000,0.0,200.0,1000,0.0,200.0,2118,1046,37946246,81.04363322257996,ab16711
sfl_spread,4,307200,2000,0.767,75.888,0.0,1000,0.0,200.0,1000,0.0,200.0,298,0.6711409395973155,90.48657718120805,1000,0.0,200.0,1000,0.0,200.0,2118,1046,37946246,81.04363322257996,ab16711
sfl_tilt_sc,4,0,2000,0.0,200.0,0.0,1000,0.0,200.0,1000,0.0,200.0,298,0.0,200.0,1000,0.0,200.0,1000,0.0,200.0,2306,1108,33559647,80.94073581695557,ab16711
sfl_tilt_sc,4,30720,2000,0.29,169.864,0.0,1000,0.0,200.0,1000,0.0,200.0,298,0.28187919463087246,167.53020134228188,1000,0.0,200.0,1000,0.0,200.0,2306,1108,33559647,80.94073581695557,ab16711
sfl_tilt_sc,4,61440,2000,0.386,149.728,0.0,1000,0.0,200.0,1000,0.0,200.0,298,0.3724832214765101,150.9261744966443,1000,0.0,200.0,1000,0.0,200.0,2306,1108,33559647,80.94073581695557,ab16711
sfl_tilt_sc,4,92160,2000,0.767,75.888,0.0,1000,0.0,200.0,1000,0.0,200.0,298,0.6711409395973155,90.48657718120805,1000,0.0,200.0,1000,0.0,200.0,2306,1108,33559647,80.94073581695557,ab16711
sfl_tilt_sc,4,122880,2000,0.767,75.888,0.0,1000,0.0,200.0,1000,0.0,200.0,298,0.6711409395973155,90.48657718120805,1000,0.0,200.0,1000,0.0,200.0,2306,1108,33559647,80.94073581695557,ab16711
sfl_tilt_sc,4,153600,2000,0.767,75.888,0.0,1000,0.0,200.0,1000,0.0,200.0,298,0.6711409395973155,90.48657718120805,1000,0.0,200.0,1000,0.0,200.0,2306,1108,33559647,80.94073581695557,ab16711
sfl_tilt_sc,4,184320,2000,0.767,75.888,0.0,1000,0.0,200.0,1000,0.0,200.0,298,0.6711409395973155,90.48657718120805,1000,0.0,200.0,1000,0.0,200.0,2306,1108,33559647,80.94073581695557,ab16711
sfl_tilt_sc,4,215040,2000,0.767,75.888,0.0,1000,0.0,200.0,1000,0.0,200.0,298,0.6711409395973155,90.48657718120805,1000,0.0,200.0,1000,0.0,200.0,2306,1108,33559647,80.94073581695557,ab16711
sfl_tilt_sc,4,245760,2000,0.767,75.888,0.0,1000,0.0,200.0,1000,0.0,200.0,298,0.6711409395973155,90.48657718120805,1000,0.0,200.0,1000,0.0,200.0,2306,1108,33559647,80.94073581695557,ab16711
sfl_tilt_sc,4,276480,2000,0.767,75.888,0.0,1000,0.0,200.0,1000,0.0,200.0,298,0.6711409395973155,90.48657718120805,1000,0.0,200.0,1000,0.0,200.0,2306,1108,33559647,80.94073581695557,ab16711
sfl_tilt_sc,4,307200,2000,0.767,75.888,0.0,1000,0.0,200.0,1000,0.0,200.0,298,0.6711409395973155,90.48657718120805,1000,0.0,200.0,1000,0.0,200.0,2306,1108,33559647,80.94073581695557,ab16711
sfl_bisect,4,0,2000,0.0,200.0,0.0,1000,0.0,200.0,1000,0.0,200.0,298,0.0,200.0,1000,0.0,200.0,1000,0.0,200.0,1758,861,53152317,94.26690578460693,ab16711
sfl_bisect,4,30720,2000,0.014,198.0745,0.0,1000,0.0,200.0,1000,0.0,200.0,298,0.03355704697986577,194.96308724832215,1000,0.0,200.0,1000,0.0,200.0,1758,861,53152317,94.26690578460693,ab16711
sfl_bisect,4,61440,2000,0.0,200.0,0.0,1000,0.0,200.0,1000,0.0,200.0,298,0.0,200.0,1000,0.0,200.0,1000,0.0,200.0,1758,861,53152317,94.26690578460693,ab16711
sfl_bisect,4,92160,2000,0.0,200.0,0.0,1000,0.0,200.0,1000,0.0,200.0,298,0.0,200.0,1000,0.0,200.0,1000,0.0,200.0,1758,861,53152317,94.26690578460693,ab16711
sfl_bisect,4,122880,2000,0.0,200.0,0.0,1000,0.0,200.0,1000,0.0,200.0,298,0.0,200.0,1000,0.0,200.0,1000,0.0,200.0,1758,861,53152317,94.26690578460693,ab16711
sfl_bisect,4,153600,2000,0.0,200.0,0.0,1000,0.0,200.0,1000,0.0,200.0,298,0.0,200.0,1000,0.0,200.0,1000,0.0,200.0,1758,861,53152317,94.26690578460693,ab16711
sfl_bisect,4,184320,2000,0.0,200.0,0.0,1000,0.0,200.0,1000,0.0,200.0,298,0.0,200.0,1000,0.0,200.0,1000,0.0,200.0,1758,861,53152317,94.26690578460693,ab16711
sfl_bisect,4,215040,2000,0.0,200.0,0.0,1000,0.0,200.0,1000,0.0,200.0,298,0.0,200.0,1000,0.0,200.0,1000,0.0,200.0,1758,861,53152317,94.26690578460693,ab16711
sfl_bisect,4,245760,2000,0.767,75.888,0.0,1000,0.0,200.0,1000,0.0,200.0,298,0.6711409395973155,90.48657718120805,1000,0.0,200.0,1000,0.0,200.0,1758,861,53152317,94.26690578460693,ab16711
sfl_bisect,4,276480,2000,0.767,75.888,0.0,1000,0.0,200.0,1000,0.0,200.0,298,0.6711409395973155,90.48657718120805,1000,0.0,200.0,1000,0.0,200.0,1758,861,53152317,94.26690578460693,ab16711
sfl_bisect,4,307200,2000,0.767,75.888,0.0,1000,0.0,200.0,1000,0.0,200.0,298,0.6711409395973155,90.48657718120805,1000,0.0,200.0,1000,0.0,200.0,1758,861,53152317,94.26690578460693,ab16711
sfl_tilt,4,0,2000,0.0,200.0,0.0,1000,0.0,200.0,1000,0.0,200.0,298,0.0,200.0,1000,0.0,200.0,1000,0.0,200.0,1995,996,37055760,81.13245797157288,ab16711
sfl_tilt,4,30720,2000,0.0,200.0,0.0,1000,0.0,200.0,1000,0.0,200.0,298,0.0,200.0,1000,0.0,200.0,1000,0.0,200.0,1995,996,37055760,81.13245797157288,ab16711
sfl_tilt,4,61440,2000,0.511,115.898,0.0,1000,0.0,200.0,1000,0.0,200.0,298,0.49328859060402686,118.60738255033557,1000,0.0,200.0,1000,0.0,200.0,1995,996,37055760,81.13245797157288,ab16711
sfl_tilt,4,92160,2000,0.7605,76.7965,0.0,1000,0.0,200.0,1000,0.0,200.0,298,0.6677852348993288,90.93959731543625,1000,0.0,200.0,1000,0.0,200.0,1995,996,37055760,81.13245797157288,ab16711
sfl_tilt,4,122880,2000,0.767,75.888,0.0,1000,0.0,200.0,1000,0.0,200.0,298,0.6711409395973155,90.48657718120805,1000,0.0,200.0,1000,0.0,200.0,1995,996,37055760,81.13245797157288,ab16711
sfl_tilt,4,153600,2000,0.767,75.888,0.0,1000,0.0,200.0,1000,0.0,200.0,298,0.6711409395973155,90.48657718120805,1000,0.0,200.0,1000,0.0,200.0,1995,996,37055760,81.13245797157288,ab16711
sfl_tilt,4,184320,2000,0.767,75.888,0.0,1000,0.0,200.0,1000,0.0,200.0,298,0.6711409395973155,90.48657718120805,1000,0.0,200.0,1000,0.0,200.0,1995,996,37055760,81.13245797157288,ab16711
sfl_tilt,4,215040,2000,0.767,75.888,0.0,1000,0.0,200.0,1000,0.0,200.0,298,0.6711409395973155,90.48657718120805,1000,0.0,200.0,1000,0.0,200.0,1995,996,37055760,81.13245797157288,ab16711
sfl_tilt,4,245760,2000,0.767,75.888,0.0,1000,0.0,200.0,1000,0.0,200.0,298,0.6711409395973155,90.48657718120805,1000,0.0,200.0,1000,0.0,200.0,1995,996,37055760,81.13245797157288,ab16711
sfl_tilt,4,276480,2000,0.767,75.888,0.0,1000,0.0,200.0,1000,0.0,200.0,298,0.6711409395973155,90.48657718120805,1000,0.0,200.0,1000,0.0,200.0,1995,996,37055760,81.13245797157288,ab16711
sfl_tilt,4,307200,2000,0.767,75.888,0.0,1000,0.0,200.0,1000,0.0,200.0,298,0.6711409395973155,90.48657718120805,1000,0.0,200.0,1000,0.0,200.0,1995,996,37055760,81.13245797157288,ab16711
sfl_tilt_soft,4,0,2000,0.0,200.0,0.0,1000,0.0,200.0,1000,0.0,200.0,298,0.0,200.0,1000,0.0,200.0,1000,0.0,200.0,2078,1029,36736729,80.94245290756226,ab16711
sfl_tilt_soft,4,30720,2000,0.005,199.1615,0.0,1000,0.0,200.0,1000,0.0,200.0,298,0.010067114093959731,198.29530201342283,1000,0.0,200.0,1000,0.0,200.0,2078,1029,36736729,80.94245290756226,ab16711
sfl_tilt_soft,4,61440,2000,0.1325,181.472,0.0,1000,0.0,200.0,1000,0.0,200.0,298,0.1476510067114094,179.35570469798657,1000,0.0,200.0,1000,0.0,200.0,2078,1029,36736729,80.94245290756226,ab16711
sfl_tilt_soft,4,92160,2000,0.5245,115.814,0.0,1000,0.0,200.0,1000,0.0,200.0,298,0.5100671140939598,118.16107382550335,1000,0.0,200.0,1000,0.0,200.0,2078,1029,36736729,80.94245290756226,ab16711
sfl_tilt_soft,4,122880,2000,0.0,200.0,0.0,1000,0.0,200.0,1000,0.0,200.0,298,0.0,200.0,1000,0.0,200.0,1000,0.0,200.0,2078,1029,36736729,80.94245290756226,ab16711
sfl_tilt_soft,4,153600,2000,0.0,200.0,0.0,1000,0.0,200.0,1000,0.0,200.0,298,0.0,200.0,1000,0.0,200.0,1000,0.0,200.0,2078,1029,36736729,80.94245290756226,ab16711
sfl_tilt_soft,4,184320,2000,0.767,75.888,0.0,1000,0.0,200.0,1000,0.0,200.0,298,0.6711409395973155,90.48657718120805,1000,0.0,200.0,1000,0.0,200.0,2078,1029,36736729,80.94245290756226,ab16711
sfl_tilt_soft,4,215040,2000,0.767,75.888,0.0,1000,0.0,200.0,1000,0.0,200.0,298,0.6711409395973155,90.48657718120805,1000,0.0,200.0,1000,0.0,200.0,2078,1029,36736729,80.94245290756226,ab16711
sfl_tilt_soft,4,245760,2000,0.767,75.888,0.0,1000,0.0,200.0,1000,0.0,200.0,298,0.6711409395973155,90.48657718120805,1000,0.0,200.0,1000,0.0,200.0,2078,1029,36736729,80.94245290756226,ab16711
sfl_tilt_soft,4,276480,2000,0.767,75.888,0.0,1000,0.0,200.0,1000,0.0,200.0,298,0.6711409395973155,90.48657718120805,1000,0.0,200.0,1000,0.0,200.0,2078,1029,36736729,80.94245290756226,ab16711
sfl_tilt_soft,4,307200,2000,0.767,75.888,0.0,1000,0.0,200.0,1000,0.0,200.0,298,0.6711409395973155,90.48657718120805,1000,0.0,200.0,1000,0.0,200.0,2078,1029,36736729,80.94245290756226,ab16711
sfl_tilt_carry,4,0,2000,0.2145,179.6245,0.0,1000,0.52,160.567,1000,0.496,163.134,298,0.2483221476510067,178.55704697986576,1000,0.555,161.571,1000,0.572,161.925,2140,1076,34259000,81.02574515342712,ab16711
sfl_tilt_carry,4,30720,2000,0.2325,165.9765,0.0,1000,0.0,200.0,1000,0.0,200.0,298,0.24496644295302014,162.18120805369128,1000,0.0,200.0,1000,0.0,200.0,2140,1076,34259000,81.02574515342712,ab16711
sfl_tilt_carry,4,61440,2000,0.767,75.888,0.0,1000,0.0,200.0,1000,0.0,200.0,298,0.6711409395973155,90.48657718120805,1000,0.0,200.0,1000,0.0,200.0,2140,1076,34259000,81.02574515342712,ab16711
sfl_tilt_carry,4,92160,2000,0.767,75.888,0.0,1000,0.0,200.0,1000,0.0,200.0,298,0.6711409395973155,90.48657718120805,1000,0.0,200.0,1000,0.0,200.0,2140,1076,34259000,81.02574515342712,ab16711
sfl_tilt_carry,4,122880,2000,0.767,75.888,0.0,1000,0.0,200.0,1000,0.0,200.0,298,0.6711409395973155,90.48657718120805,1000,0.0,200.0,1000,0.0,200.0,2140,1076,34259000,81.02574515342712,ab16711
sfl_tilt_carry,4,153600,2000,0.767,75.888,0.0,1000,0.0,200.0,1000,0.0,200.0,298,0.6711409395973155,90.48657718120805,1000,0.0,200.0,1000,0.0,200.0,2140,1076,34259000,81.02574515342712,ab16711
sfl_tilt_carry,4,184320,2000,0.767,75.888,0.0,1000,0.0,200.0,1000,0.0,200.0,298,0.6711409395973155,90.48657718120805,1000,0.0,200.0,1000,0.0,200.0,2140,1076,34259000,81.02574515342712,ab16711
sfl_tilt_carry,4,215040,2000,0.767,75.888,0.0,1000,0.0,200.0,1000,0.0,200.0,298,0.6711409395973155,90.48657718120805,1000,0.0,200.0,1000,0.0,200.0,2140,1076,34259000,81.02574515342712,ab16711
sfl_tilt_carry,4,245760,2000,0.767,75.888,0.0,1000,0.0,200.0,1000,0.0,200.0,298,0.6711409395973155,90.48657718120805,1000,0.0,200.0,1000,0.0,200.0,2140,1076,34259000,81.02574515342712,ab16711
sfl_tilt_carry,4,276480,2000,0.767,75.888,0.0,1000,0.0,200.0,1000,0.0,200.0,298,0.6711409395973155,90.48657718120805,1000,0.0,200.0,1000,0.0,200.0,2140,1076,34259000,81.02574515342712,ab16711
sfl_tilt_carry,4,307200,2000,0.767,75.888,0.0,1000,0.0,200.0,1000,0.0,200.0,298,0.6711409395973155,90.48657718120805,1000,0.0,200.0,1000,0.0,200.0,2140,1076,34259000,81.02574515342712,ab16711
sfl_halving,4,0,2000,0.0,200.0,0.0,1000,0.0,200.0,1000,0.0,200.0,298,0.0,200.0,1000,0.0,200.0,1000,0.0,200.0,2238,1137,96121038,160.68859481811523,ab16711
sfl_halving,4,30720,2000,0.135,178.238,0.0,1000,0.0,200.0,1000,0.0,200.0,298,0.15436241610738255,174.11073825503357,1000,0.0,200.0,1000,0.0,200.0,2238,1137,96121038,160.68859481811523,ab16711
sfl_halving,4,61440,2000,0.196,167.7975,0.0,1000,0.0,200.0,1000,0.0,200.0,298,0.21140939597315436,166.35906040268458,1000,0.0,200.0,1000,0.0,200.0,2238,1137,96121038,160.68859481811523,ab16711
sfl_halving,4,92160,2000,0.767,75.888,0.0,1000,0.0,200.0,1000,0.0,200.0,298,0.6711409395973155,90.48657718120805,1000,0.0,200.0,1000,0.0,200.0,2238,1137,96121038,160.68859481811523,ab16711
sfl_halving,4,122880,2000,0.767,75.888,0.0,1000,0.0,200.0,1000,0.0,200.0,298,0.6711409395973155,90.48657718120805,1000,0.0,200.0,1000,0.0,200.0,2238,1137,96121038,160.68859481811523,ab16711
sfl_halving,4,153600,2000,0.767,75.888,0.0,1000,0.0,200.0,1000,0.0,200.0,298,0.6711409395973155,90.48657718120805,1000,0.0,200.0,1000,0.0,200.0,2238,1137,96121038,160.68859481811523,ab16711
sfl_halving,4,184320,2000,0.767,75.888,0.0,1000,0.0,200.0,1000,0.0,200.0,298,0.6711409395973155,90.48657718120805,1000,0.0,200.0,1000,0.0,200.0,2238,1137,96121038,160.68859481811523,ab16711
sfl_halving,4,215040,2000,0.767,75.888,0.0,1000,0.0,200.0,1000,0.0,200.0,298,0.6711409395973155,90.48657718120805,1000,0.0,200.0,1000,0.0,200.0,2238,1137,96121038,160.68859481811523,ab16711
sfl_halving,4,245760,2000,0.767,75.888,0.0,1000,0.0,200.0,1000,0.0,200.0,298,0.6711409395973155,90.48657718120805,1000,0.0,200.0,1000,0.0,200.0,2238,1137,96121038,160.68859481811523,ab16711
sfl_halving,4,276480,2000,0.767,75.888,0.0,1000,0.0,200.0,1000,0.0,200.0,298,0.6711409395973155,90.48657718120805,1000,0.0,200.0,1000,0.0,200.0,2238,1137,96121038,160.68859481811523,ab16711
sfl_halving,4,307200,2000,0.767,75.888,0.0,1000,0.0,200.0,1000,0.0,200.0,298,0.6711409395973155,90.48657718120805,1000,0.0,200.0,1000,0.0,200.0,2238,1137,96121038,160.68859481811523,ab16711
sfl_ghost,4,0,2000,0.0,200.0,0.0,1000,0.0,200.0,1000,0.0,200.0,298,0.0,200.0,1000,0.0,200.0,1000,0.0,200.0,2320,1151,63616750,131.99169516563416,ab16711
sfl_ghost,4,30720,2000,0.5385,112.2425,0.0,1000,0.0,200.0,1000,0.0,200.0,298,0.5268456375838926,113.97986577181209,1000,0.0,200.0,1000,0.0,200.0,2320,1151,63616750,131.99169516563416,ab16711
sfl_ghost,4,61440,2000,0.7655,76.283,0.0,1000,0.0,200.0,1000,0.0,200.0,298,0.6677852348993288,91.01342281879195,1000,0.0,200.0,1000,0.0,200.0,2320,1151,63616750,131.99169516563416,ab16711
sfl_ghost,4,92160,2000,0.767,75.888,0.0,1000,0.0,200.0,1000,0.0,200.0,298,0.6711409395973155,90.48657718120805,1000,0.0,200.0,1000,0.0,200.0,2320,1151,63616750,131.99169516563416,ab16711
sfl_ghost,4,122880,2000,0.767,75.888,0.0,1000,0.0,200.0,1000,0.0,200.0,298,0.6711409395973155,90.48657718120805,1000,0.0,200.0,1000,0.0,200.0,2320,1151,63616750,131.99169516563416,ab16711
sfl_ghost,4,153600,2000,0.767,75.888,0.0,1000,0.0,200.0,1000,0.0,200.0,298,0.6711409395973155,90.48657718120805,1000,0.0,200.0,1000,0.0,200.0,2320,1151,63616750,131.99169516563416,ab16711
sfl_ghost,4,184320,2000,0.767,75.888,0.0,1000,0.0,200.0,1000,0.0,200.0,298,0.6711409395973155,90.48657718120805,1000,0.0,200.0,1000,0.0,200.0,2320,1151,63616750,131.99169516563416,ab16711
sfl_ghost,4,215040,2000,0.767,75.888,0.0,1000,0.0,200.0,1000,0.0,200.0,298,0.6711409395973155,90.48657718120805,1000,0.0,200.0,1000,0.0,200.0,2320,1151,63616750,131.99169516563416,ab16711
sfl_ghost,4,245760,2000,0.767,75.888,0.0,1000,0.0,200.0,1000,0.0,200.0,298,0.6711409395973155,90.48657718120805,1000,0.0,200.0,1000,0.0,200.0,2320,1151,63616750,131.99169516563416,ab16711
sfl_ghost,4,276480,2000,0.767,75.888,0.0,1000,0.0,200.0,1000,0.0,200.0,298,0.6711409395973155,90.48657718120805,1000,0.0,200.0,1000,0.0,200.0,2320,1151,63616750,131.99169516563416,ab16711
sfl_ghost,4,307200,2000,0.767,75.888,0.0,1000,0.0,200.0,1000,0.0,200.0,298,0.6711409395973155,90.48657718120805,1000,0.0,200.0,1000,0.0,200.0,2320,1151,63616750,131.99169516563416,ab16711
sfl_tilt_amort,4,0,2000,0.0,200.0,0.0,1000,0.0,200.0,1000,0.0,200.0,298,0.0,200.0,1000,0.0,200.0,1000,0.0,200.0,2347,1190,33166734,81.74744606018066,ab16711
sfl_tilt_amort,4,30720,2000,0.487,119.668,0.0,1000,0.0,200.0,1000,0.0,200.0,298,0.47651006711409394,121.07046979865771,1000,0.0,200.0,1000,0.0,200.0,2347,1190,33166734,81.74744606018066,ab16711
sfl_tilt_amort,4,61440,2000,0.651,92.9995,0.0,1000,0.0,200.0,1000,0.0,200.0,298,0.5906040268456376,101.93624161073825,1000,0.0,200.0,1000,0.0,200.0,2347,1190,33166734,81.74744606018066,ab16711
sfl_tilt_amort,4,92160,2000,0.767,75.888,0.0,1000,0.0,200.0,1000,0.0,200.0,298,0.6711409395973155,90.48657718120805,1000,0.0,200.0,1000,0.0,200.0,2347,1190,33166734,81.74744606018066,ab16711
sfl_tilt_amort,4,122880,2000,0.767,75.888,0.0,1000,0.0,200.0,1000,0.0,200.0,298,0.6711409395973155,90.48657718120805,1000,0.0,200.0,1000,0.0,200.0,2347,1190,33166734,81.74744606018066,ab16711
sfl_tilt_amort,4,153600,2000,0.767,75.888,0.0,1000,0.0,200.0,1000,0.0,200.0,298,0.6711409395973155,90.48657718120805,1000,0.0,200.0,1000,0.0,200.0,2347,1190,33166734,81.74744606018066,ab16711
sfl_tilt_amort,4,184320,2000,0.767,75.888,0.0,1000,0.0,200.0,1000,0.0,200.0,298,0.6711409395973155,90.48657718120805,1000,0.0,200.0,1000,0.0,200.0,2347,1190,33166734,81.74744606018066,ab16711
sfl_tilt_amort,4,215040,2000,0.767,75.888,0.0,1000,0.0,200.0,1000,0.0,200.0,298,0.6711409395973155,90.48657718120805,1000,0.0,200.0,1000,0.0,200.0,2347,1190,33166734,81.74744606018066,ab16711
sfl_tilt_amort,4,245760,2000,0.767,75.888,0.0,1000,0.0,200.0,1000,0.0,200.0,298,0.6711409395973155,90.48657718120805,1000,0.0,200.0,1000,0.0,200.0,2347,1190,33166734,81.74744606018066,ab16711
sfl_tilt_amort,4,276480,2000,0.767,75.888,0.0,1000,0.0,200.0,1000,0.0,200.0,298,0.6711409395973155,90.48657718120805,1000,0.0,200.0,1000,0.0,200.0,2347,1190,33166734,81.74744606018066,ab16711
sfl_tilt_amort,4,307200,2000,0.767,75.888,0.0,1000,0.0,200.0,1000,0.0,200.0,298,0.6711409395973155,90.48657718120805,1000,0.0,200.0,1000,0.0,200.0,2347,1190,33166734,81.74744606018066,ab16711
sfl_tilt_verify,4,0,2000,0.0,200.0,0.0,1000,0.0,200.0,1000,0.0,200.0,298,0.0,200.0,1000,0.0,200.0,1000,0.0,200.0,2421,1188,46758129,112.47455382347107,ab16711
sfl_tilt_verify,4,30720,2000,0.374,142.851,0.0,1000,0.0,200.0,1000,0.0,200.0,298,0.3691275167785235,142.69463087248323,1000,0.0,200.0,1000,0.0,200.0,2421,1188,46758129,112.47455382347107,ab16711
sfl_tilt_verify,4,61440,2000,0.767,75.888,0.0,1000,0.0,200.0,1000,0.0,200.0,298,0.6711409395973155,90.48657718120805,1000,0.0,200.0,1000,0.0,200.0,2421,1188,46758129,112.47455382347107,ab16711
sfl_tilt_verify,4,92160,2000,0.767,75.888,0.0,1000,0.0,200.0,1000,0.0,200.0,298,0.6711409395973155,90.48657718120805,1000,0.0,200.0,1000,0.0,200.0,2421,1188,46758129,112.47455382347107,ab16711
sfl_tilt_verify,4,122880,2000,0.767,75.888,0.0,1000,0.0,200.0,1000,0.0,200.0,298,0.6711409395973155,90.48657718120805,1000,0.0,200.0,1000,0.0,200.0,2421,1188,46758129,112.47455382347107,ab16711
sfl_tilt_verify,4,153600,2000,0.767,75.888,0.0,1000,0.0,200.0,1000,0.0,200.0,298,0.6711409395973155,90.48657718120805,1000,0.0,200.0,1000,0.0,200.0,2421,1188,46758129,112.47455382347107,ab16711
sfl_tilt_verify,4,184320,2000,0.767,75.888,0.0,1000,0.0,200.0,1000,0.0,200.0,298,0.6711409395973155,90.48657718120805,1000,0.0,200.0,1000,0.0,200.0,2421,1188,46758129,112.47455382347107,ab16711
sfl_tilt_verify,4,215040,2000,0.767,75.888,0.0,1000,0.0,200.0,1000,0.0,200.0,298,0.6711409395973155,90.48657718120805,1000,0.0,200.0,1000,0.0,200.0,2421,1188,46758129,112.47455382347107,ab16711
sfl_tilt_verify,4,245760,2000,0.767,75.888,0.0,1000,0.0,200.0,1000,0.0,200.0,298,0.6711409395973155,90.48657718120805,1000,0.0,200.0,1000,0.0,200.0,2421,1188,46758129,112.47455382347107,ab16711
sfl_tilt_verify,4,276480,2000,0.767,75.888,0.0,1000,0.0,200.0,1000,0.0,200.0,298,0.6711409395973155,90.48657718120805,1000,0.0,200.0,1000,0.0,200.0,2421,1188,46758129,112.47455382347107,ab16711
sfl_tilt_verify,4,307200,2000,0.767,75.888,0.0,1000,0.0,200.0,1000,0.0,200.0,298,0.6711409395973155,90.48657718120805,1000,0.0,200.0,1000,0.0,200.0,2421,1188,46758129,112.47455382347107,ab16711
sfl_spread,5,0,2000,0.0305,195.1495,0.0,1000,0.0,200.0,1000,0.0,200.0,298,0.04697986577181208,192.40268456375838,1000,0.0,200.0,1000,0.0,200.0,1929,966,41085342,81.00458288192749,ab16711
sfl_spread,5,30720,2000,0.0,200.0,0.0,1000,0.0,200.0,1000,0.0,200.0,298,0.0,200.0,1000,0.0,200.0,1000,0.0,200.0,1929,966,41085342,81.00458288192749,ab16711
sfl_spread,5,61440,2000,0.0,200.0,0.0,1000,0.0,200.0,1000,0.0,200.0,298,0.0,200.0,1000,0.0,200.0,1000,0.0,200.0,1929,966,41085342,81.00458288192749,ab16711
sfl_spread,5,92160,2000,0.0,200.0,0.0,1000,0.0,200.0,1000,0.0,200.0,298,0.0,200.0,1000,0.0,200.0,1000,0.0,200.0,1929,966,41085342,81.00458288192749,ab16711
sfl_spread,5,122880,2000,0.0,200.0,0.0,1000,0.0,200.0,1000,0.0,200.0,298,0.0,200.0,1000,0.0,200.0,1000,0.0,200.0,1929,966,41085342,81.00458288192749,ab16711
sfl_spread,5,153600,2000,0.7205,82.955,0.0,1000,0.0,200.0,1000,0.0,200.0,298,0.6308724832214765,97.22147651006712,1000,0.0,200.0,1000,0.0,200.0,1929,966,41085342,81.00458288192749,ab16711
sfl_spread,5,184320,2000,0.0,200.0,0.0,1000,0.0,200.0,1000,0.0,200.0,298,0.0,200.0,1000,0.0,200.0,1000,0.0,200.0,1929,966,41085342,81.00458288192749,ab16711
sfl_spread,5,215040,2000,0.767,75.888,0.0,1000,0.0,200.0,1000,0.0,200.0,298,0.6711409395973155,90.48657718120805,1000,0.0,200.0,1000,0.0,200.0,1929,966,41085342,81.00458288192749,ab16711
sfl_spread,5,245760,2000,0.767,75.888,0.0,1000,0.0,200.0,1000,0.0,200.0,298,0.6711409395973155,90.48657718120805,1000,0.0,200.0,1000,0.0,200.0,1929,966,41085342,81.00458288192749,ab16711
sfl_spread,5,276480,2000,0.767,75.888,0.0,1000,0.0,200.0,1000,0.0,200.0,298,0.6711409395973155,90.48657718120805,1000,0.0,200.0,1000,0.0,200.0,1929,966,41085342,81.00458288192749,ab16711
sfl_spread,5,307200,2000,0.767,75.888,0.0,1000,0.0,200.0,1000,0.0,200.0,298,0.6711409395973155,90.48657718120805,1000,0.0,200.0,1000,0.0,200.0,1929,966,41085342,81.00458288192749,ab16711
sfl_tilt_sc,5,0,2000,0.4605,164.17,0.0,1000,0.0,200.0,1000,0.0,200.0,298,0.4463087248322148,163.75503355704697,1000,0.0,200.0,1000,0.0,200.0,2305,1119,34391742,80.78174901008606,ab16711
sfl_tilt_sc,5,30720,2000,0.0,200.0,0.0,1000,0.0,200.0,1000,0.0,200.0,298,0.0,200.0,1000,0.0,200.0,1000,0.0,200.0,2305,1119,34391742,80.78174901008606,ab16711
sfl_tilt_sc,5,61440,2000,0.6695,89.801,0.0,1000,0.0,200.0,1000,0.0,200.0,298,0.5939597315436241,101.06711409395973,1000,0.0,200.0,1000,0.0,200.0,2305,1119,34391742,80.78174901008606,ab16711
sfl_tilt_sc,5,92160,2000,0.767,75.888,0.0,1000,0.0,200.0,1000,0.0,200.0,298,0.6711409395973155,90.48657718120805,1000,0.0,200.0,1000,0.0,200.0,2305,1119,34391742,80.78174901008606,ab16711
sfl_tilt_sc,5,122880,2000,0.767,75.888,0.0,1000,0.0,200.0,1000,0.0,200.0,298,0.6711409395973155,90.48657718120805,1000,0.0,200.0,1000,0.0,200.0,2305,1119,34391742,80.78174901008606,ab16711
sfl_tilt_sc,5,153600,2000,0.767,75.888,0.0,1000,0.0,200.0,1000,0.0,200.0,298,0.6711409395973155,90.48657718120805,1000,0.0,200.0,1000,0.0,200.0,2305,1119,34391742,80.78174901008606,ab16711
sfl_tilt_sc,5,184320,2000,0.767,75.888,0.0,1000,0.0,200.0,1000,0.0,200.0,298,0.6711409395973155,90.48657718120805,1000,0.0,200.0,1000,0.0,200.0,2305,1119,34391742,80.78174901008606,ab16711
sfl_tilt_sc,5,215040,2000,0.767,75.888,0.0,1000,0.0,200.0,1000,0.0,200.0,298,0.6711409395973155,90.48657718120805,1000,0.0,200.0,1000,0.0,200.0,2305,1119,34391742,80.78174901008606,ab16711
sfl_tilt_sc,5,245760,2000,0.767,75.888,0.0,1000,0.0,200.0,1000,0.0,200.0,298,0.6711409395973155,90.48657718120805,1000,0.0,200.0,1000,0.0,200.0,2305,1119,34391742,80.78174901008606,ab16711
sfl_tilt_sc,5,276480,2000,0.767,75.888,0.0,1000,0.0,200.0,1000,0.0,200.0,298,0.6711409395973155,90.48657718120805,1000,0.0,200.0,1000,0.0,200.0,2305,1119,34391742,80.78174901008606,ab16711
sfl_tilt_sc,5,307200,2000,0.767,75.888,0.0,1000,0.0,200.0,1000,0.0,200.0,298,0.6711409395973155,90.48657718120805,1000,0.0,200.0,1000,0.0,200.0,2305,1119,34391742,80.78174901008606,ab16711
sfl_tilt,5,0,2000,0.0,200.0,0.0,1000,0.0,200.0,1000,0.0,200.0,298,0.0,200.0,1000,0.0,200.0,1000,0.0,200.0,2456,1210,26466067,80.51029014587402,ab16711
sfl_tilt,5,30720,2000,0.5625,107.6305,0.0,1000,0.0,200.0,1000,0.0,200.0,298,0.5369127516778524,111.15771812080537,1000,0.0,200.0,1000,0.0,200.0,2456,1210,26466067,80.51029014587402,ab16711
sfl_tilt,5,61440,2000,0.767,75.888,0.0,1000,0.0,200.0,1000,0.0,200.0,298,0.6711409395973155,90.48657718120805,1000,0.0,200.0,1000,0.0,200.0,2456,1210,26466067,80.51029014587402,ab16711
sfl_tilt,5,92160,2000,0.767,75.888,0.0,1000,0.0,200.0,1000,0.0,200.0,298,0.6711409395973155,90.48657718120805,1000,0.0,200.0,1000,0.0,200.0,2456,1210,26466067,80.51029014587402,ab16711
sfl_tilt,5,122880,2000,0.767,75.888,0.0,1000,0.0,200.0,1000,0.0,200.0,298,0.6711409395973155,90.48657718120805,1000,0.0,200.0,1000,0.0,200.0,2456,1210,26466067,80.51029014587402,ab16711
sfl_tilt,5,153600,2000,0.767,75.888,0.0,1000,0.0,200.0,1000,0.0,200.0,298,0.6711409395973155,90.48657718120805,1000,0.0,200.0,1000,0.0,200.0,2456,1210,26466067,80.51029014587402,ab16711
sfl_tilt,5,184320,2000,0.767,75.888,0.0,1000,0.0,200.0,1000,0.0,200.0,298,0.6711409395973155,90.48657718120805,1000,0.0,200.0,1000,0.0,200.0,2456,1210,26466067,80.51029014587402,ab16711
sfl_tilt,5,215040,2000,0.767,75.888,0.0,1000,0.0,200.0,1000,0.0,200.0,298,0.6711409395973155,90.48657718120805,1000,0.0,200.0,1000,0.0,200.0,2456,1210,26466067,80.51029014587402,ab16711
sfl_tilt,5,245760,2000,0.767,75.888,0.0,1000,0.0,200.0,1000,0.0,200.0,298,0.6711409395973155,90.48657718120805,1000,0.0,200.0,1000,0.0,200.0,2456,1210,26466067,80.51029014587402,ab16711
sfl_tilt,5,276480,2000,0.767,75.888,0.0,1000,0.0,200.0,1000,0.0,200.0,298,0.6711409395973155,90.48657718120805,1000,0.0,200.0,1000,0.0,200.0,2456,1210,26466067,80.51029014587402,ab16711
sfl_tilt,5,307200,2000,0.767,75.888,0.0,1000,0.0,200.0,1000,0.0,200.0,298,0.6711409395973155,90.48657718120805,1000,0.0,200.0,1000,0.0,200.0,2456,1210,26466067,80.51029014587402,ab16711
sfl_tilt_soft,5,0,2000,0.0,200.0,0.0,1000,0.0,200.0,1000,0.0,200.0,298,0.0,200.0,1000,0.0,200.0,1000,0.0,200.0,2394,1182,28424735,80.92279696464539,ab16711
sfl_tilt_soft,5,30720,2000,0.1635,175.7795,0.0,1000,0.0,200.0,1000,0.0,200.0,298,0.17785234899328858,172.1744966442953,1000,0.0,200.0,1000,0.0,200.0,2394,1182,28424735,80.92279696464539,ab16711
sfl_tilt_soft,5,61440,2000,0.6055,100.709,0.0,1000,0.0,200.0,1000,0.0,200.0,298,0.5604026845637584,106.69798657718121,1000,0.0,200.0,1000,0.0,200.0,2394,1182,28424735,80.92279696464539,ab16711
sfl_tilt_soft,5,92160,2000,0.767,75.888,0.0,1000,0.0,200.0,1000,0.0,200.0,298,0.6711409395973155,90.48657718120805,1000,0.0,200.0,1000,0.0,200.0,2394,1182,28424735,80.92279696464539,ab16711
sfl_tilt_soft,5,122880,2000,0.767,75.888,0.0,1000,0.0,200.0,1000,0.0,200.0,298,0.6711409395973155,90.48657718120805,1000,0.0,200.0,1000,0.0,200.0,2394,1182,28424735,80.92279696464539,ab16711
sfl_tilt_soft,5,153600,2000,0.767,75.888,0.0,1000,0.0,200.0,1000,0.0,200.0,298,0.6711409395973155,90.48657718120805,1000,0.0,200.0,1000,0.0,200.0,2394,1182,28424735,80.92279696464539,ab16711
sfl_tilt_soft,5,184320,2000,0.767,75.888,0.0,1000,0.0,200.0,1000,0.0,200.0,298,0.6711409395973155,90.48657718120805,1000,0.0,200.0,1000,0.0,200.0,2394,1182,28424735,80.92279696464539,ab16711
sfl_tilt_soft,5,215040,2000,0.767,75.888,0.0,1000,0.0,200.0,1000,0.0,200.0,298,0.6711409395973155,90.48657718120805,1000,0.0,200.0,1000,0.0,200.0,2394,1182,28424735,80.92279696464539,ab16711
sfl_tilt_soft,5,245760,2000,0.767,75.888,0.0,1000,0.0,200.0,1000,0.0,200.0,298,0.6711409395973155,90.48657718120805,1000,0.0,200.0,1000,0.0,200.0,2394,1182,28424735,80.92279696464539,ab16711
sfl_tilt_soft,5,276480,2000,0.767,75.888,0.0,1000,0.0,200.0,1000,0.0,200.0,298,0.6711409395973155,90.48657718120805,1000,0.0,200.0,1000,0.0,200.0,2394,1182,28424735,80.92279696464539,ab16711
sfl_tilt_soft,5,307200,2000,0.767,75.888,0.0,1000,0.0,200.0,1000,0.0,200.0,298,0.6711409395973155,90.48657718120805,1000,0.0,200.0,1000,0.0,200.0,2394,1182,28424735,80.92279696464539,ab16711
sfl_tilt_carry,5,0,2000,0.0165,199.16,0.0,1000,0.0,200.0,1000,0.0,200.0,298,0.010067114093959731,199.26510067114094,1000,0.0,200.0,1000,0.0,200.0,2172,1096,32697636,81.20074820518494,ab16711
sfl_tilt_carry,5,30720,2000,0.0,200.0,0.0,1000,0.0,200.0,1000,0.0,200.0,298,0.0,200.0,1000,0.0,200.0,1000,0.0,200.0,2172,1096,32697636,81.20074820518494,ab16711
sfl_tilt_carry,5,61440,2000,0.0195,196.8955,0.0,1000,0.0,200.0,1000,0.0,200.0,298,0.006711409395973154,198.89597315436242,1000,0.0,200.0,1000,0.0,200.0,2172,1096,32697636,81.20074820518494,ab16711
sfl_tilt_carry,5,92160,2000,0.365,142.0515,0.0,1000,0.0,200.0,1000,0.0,200.0,298,0.35570469798657717,141.96979865771812,1000,0.0,200.0,1000,0.0,200.0,2172,1096,32697636,81.20074820518494,ab16711
sfl_tilt_carry,5,122880,2000,0.767,75.888,0.0,1000,0.0,200.0,1000,0.0,200.0,298,0.6711409395973155,90.48657718120805,1000,0.0,200.0,1000,0.0,200.0,2172,1096,32697636,81.20074820518494,ab16711
sfl_tilt_carry,5,153600,2000,0.767,75.888,0.0,1000,0.0,200.0,1000,0.0,200.0,298,0.6711409395973155,90.48657718120805,1000,0.0,200.0,1000,0.0,200.0,2172,1096,32697636,81.20074820518494,ab16711
sfl_tilt_carry,5,184320,2000,0.767,75.888,0.0,1000,0.0,200.0,1000,0.0,200.0,298,0.6711409395973155,90.48657718120805,1000,0.0,200.0,1000,0.0,200.0,2172,1096,32697636,81.20074820518494,ab16711
sfl_tilt_carry,5,215040,2000,0.767,75.888,0.0,1000,0.0,200.0,1000,0.0,200.0,298,0.6711409395973155,90.48657718120805,1000,0.0,200.0,1000,0.0,200.0,2172,1096,32697636,81.20074820518494,ab16711
sfl_tilt_carry,5,245760,2000,0.767,75.888,0.0,1000,0.0,200.0,1000,0.0,200.0,298,0.6711409395973155,90.48657718120805,1000,0.0,200.0,1000,0.0,200.0,2172,1096,32697636,81.20074820518494,ab16711
sfl_tilt_carry,5,276480,2000,0.767,75.888,0.0,1000,0.0,200.0,1000,0.0,200.0,298,0.6711409395973155,90.48657718120805,1000,0.0,200.0,1000,0.0,200.0,2172,1096,32697636,81.20074820518494,ab16711
sfl_tilt_carry,5,307200,2000,0.767,75.888,0.0,1000,0.0,200.0,1000,0.0,200.0,298,0.6711409395973155,90.48657718120805,1000,0.0,200.0,1000,0.0,200.0,2172,1096,32697636,81.20074820518494,ab16711
sfl_ghost,5,0,2000,0.0,200.0,0.0,1000,0.0,200.0,1000,0.0,200.0,298,0.0,200.0,1000,0.0,200.0,1000,0.0,200.0,2378,1186,59543173,131.2511489391327,ab16711
sfl_ghost,5,30720,2000,0.2625,161.88,0.0,1000,0.0,200.0,1000,0.0,200.0,298,0.2785234899328859,159.248322147651,1000,0.0,200.0,1000,0.0,200.0,2378,1186,59543173,131.2511489391327,ab16711
sfl_ghost,5,61440,2000,0.591,104.7435,0.0,1000,0.0,200.0,1000,0.0,200.0,298,0.5536912751677853,109.35234899328859,1000,0.0,200.0,1000,0.0,200.0,2378,1186,59543173,131.2511489391327,ab16711
sfl_ghost,5,92160,2000,0.767,75.888,0.0,1000,0.0,200.0,1000,0.0,200.0,298,0.6711409395973155,90.48657718120805,1000,0.0,200.0,1000,0.0,200.0,2378,1186,59543173,131.2511489391327,ab16711
sfl_ghost,5,122880,2000,0.767,75.888,0.0,1000,0.0,200.0,1000,0.0,200.0,298,0.6711409395973155,90.48657718120805,1000,0.0,200.0,1000,0.0,200.0,2378,1186,59543173,131.2511489391327,ab16711
sfl_ghost,5,153600,2000,0.767,75.888,0.0,1000,0.0,200.0,1000,0.0,200.0,298,0.6711409395973155,90.48657718120805,1000,0.0,200.0,1000,0.0,200.0,2378,1186,59543173,131.2511489391327,ab16711
sfl_ghost,5,184320,2000,0.767,75.888,0.0,1000,0.0,200.0,1000,0.0,200.0,298,0.6711409395973155,90.48657718120805,1000,0.0,200.0,1000,0.0,200.0,2378,1186,59543173,131.2511489391327,ab16711
sfl_ghost,5,215040,2000,0.767,75.888,0.0,1000,0.0,200.0,1000,0.0,200.0,298,0.6711409395973155,90.48657718120805,1000,0.0,200.0,1000,0.0,200.0,2378,1186,59543173,131.2511489391327,ab16711
sfl_ghost,5,245760,2000,0.767,75.888,0.0,1000,0.0,200.0,1000,0.0,200.0,298,0.6711409395973155,90.48657718120805,1000,0.0,200.0,1000,0.0,200.0,2378,1186,59543173,131.2511489391327,ab16711
sfl_ghost,5,276480,2000,0.767,75.888,0.0,1000,0.0,200.0,1000,0.0,200.0,298,0.6711409395973155,90.48657718120805,1000,0.0,200.0,1000,0.0,200.0,2378,1186,59543173,131.2511489391327,ab16711
sfl_ghost,5,307200,2000,0.767,75.888,0.0,1000,0.0,200.0,1000,0.0,200.0,298,0.6711409395973155,90.48657718120805,1000,0.0,200.0,1000,0.0,200.0,2378,1186,59543173,131.2511489391327,ab16711
sfl_bisect,5,0,2000,0.0,200.0,0.0,1000,0.0,200.0,1000,0.0,200.0,298,0.0,200.0,1000,0.0,200.0,1000,0.0,200.0,2189,1058,54022716,108.76635384559631,ab16711
sfl_bisect,5,30720,2000,0.5285,114.835,0.0,1000,0.0,200.0,1000,0.0,200.0,298,0.5067114093959731,116.73489932885906,1000,0.0,200.0,1000,0.0,200.0,2189,1058,54022716,108.76635384559631,ab16711
sfl_bisect,5,61440,2000,0.011,198.2335,0.0,1000,0.0,200.0,1000,0.0,200.0,298,0.003355704697986577,199.41946308724832,1000,0.0,200.0,1000,0.0,200.0,2189,1058,54022716,108.76635384559631,ab16711
sfl_bisect,5,92160,2000,0.603,103.4445,0.0,1000,0.0,200.0,1000,0.0,200.0,298,0.5738255033557047,106.68456375838926,1000,0.0,200.0,1000,0.0,200.0,2189,1058,54022716,108.76635384559631,ab16711
sfl_bisect,5,122880,2000,0.767,75.888,0.0,1000,0.0,200.0,1000,0.0,200.0,298,0.6711409395973155,90.48657718120805,1000,0.0,200.0,1000,0.0,200.0,2189,1058,54022716,108.76635384559631,ab16711
sfl_bisect,5,153600,2000,0.767,75.888,0.0,1000,0.0,200.0,1000,0.0,200.0,298,0.6711409395973155,90.48657718120805,1000,0.0,200.0,1000,0.0,200.0,2189,1058,54022716,108.76635384559631,ab16711
sfl_bisect,5,184320,2000,0.767,75.888,0.0,1000,0.0,200.0,1000,0.0,200.0,298,0.6711409395973155,90.48657718120805,1000,0.0,200.0,1000,0.0,200.0,2189,1058,54022716,108.76635384559631,ab16711
sfl_bisect,5,215040,2000,0.767,75.888,0.0,1000,0.0,200.0,1000,0.0,200.0,298,0.6711409395973155,90.48657718120805,1000,0.0,200.0,1000,0.0,200.0,2189,1058,54022716,108.76635384559631,ab16711
sfl_bisect,5,245760,2000,0.767,75.888,0.0,1000,0.0,200.0,1000,0.0,200.0,298,0.6711409395973155,90.48657718120805,1000,0.0,200.0,1000,0.0,200.0,2189,1058,54022716,108.76635384559631,ab16711
sfl_bisect,5,276480,2000,0.767,75.888,0.0,1000,0.0,200.0,1000,0.0,200.0,298,0.6711409395973155,90.48657718120805,1000,0.0,200.0,1000,0.0,200.0,2189,1058,54022716,108.76635384559631,ab16711
sfl_bisect,5,307200,2000,0.767,75.888,0.0,1000,0.0,200.0,1000,0.0,200.0,298,0.6711409395973155,90.48657718120805,1000,0.0,200.0,1000,0.0,200.0,2189,1058,54022716,108.76635384559631,ab16711
sfl_halving,5,0,2000,0.0,200.0,0.0,1000,0.0,200.0,1000,0.0,200.0,298,0.0,200.0,1000,0.0,200.0,1000,0.0,200.0,2181,1078,97117245,160.55036687850952,ab16711
sfl_halving,5,30720,2000,0.5305,113.5105,0.0,1000,0.0,200.0,1000,0.0,200.0,298,0.5167785234899329,115.90939597315436,1000,0.0,200.0,1000,0.0,200.0,2181,1078,97117245,160.55036687850952,ab16711
sfl_halving,5,61440,2000,0.5585,110.2155,0.0,1000,0.0,200.0,1000,0.0,200.0,298,0.5536912751677853,110.68120805369128,1000,0.0,200.0,1000,0.0,200.0,2181,1078,97117245,160.55036687850952,ab16711
sfl_halving,5,92160,2000,0.7665,75.9925,0.0,1000,0.0,200.0,1000,0.0,200.0,298,0.6711409395973155,90.51677852348993,1000,0.0,200.0,1000,0.0,200.0,2181,1078,97117245,160.55036687850952,ab16711
sfl_halving,5,122880,2000,0.767,75.888,0.0,1000,0.0,200.0,1000,0.0,200.0,298,0.6711409395973155,90.48657718120805,1000,0.0,200.0,1000,0.0,200.0,2181,1078,97117245,160.55036687850952,ab16711
sfl_halving,5,153600,2000,0.767,75.888,0.0,1000,0.0,200.0,1000,0.0,200.0,298,0.6711409395973155,90.48657718120805,1000,0.0,200.0,1000,0.0,200.0,2181,1078,97117245,160.55036687850952,ab16711
sfl_halving,5,184320,2000,0.767,75.888,0.0,1000,0.0,200.0,1000,0.0,200.0,298,0.6711409395973155,90.48657718120805,1000,0.0,200.0,1000,0.0,200.0,2181,1078,97117245,160.55036687850952,ab16711
sfl_halving,5,215040,2000,0.767,75.888,0.0,1000,0.0,200.0,1000,0.0,200.0,298,0.6711409395973155,90.48657718120805,1000,0.0,200.0,1000,0.0,200.0,2181,1078,97117245,160.55036687850952,ab16711
sfl_halving,5,245760,2000,0.767,75.888,0.0,1000,0.0,200.0,1000,0.0,200.0,298,0.6711409395973155,90.48657718120805,1000,0.0,200.0,1000,0.0,200.0,2181,1078,97117245,160.55036687850952,ab16711
sfl_halving,5,276480,2000,0.767,75.888,0.0,1000,0.0,200.0,1000,0.0,200.0,298,0.6711409395973155,90.48657718120805,1000,0.0,200.0,1000,0.0,200.0,2181,1078,97117245,160.55036687850952,ab16711
sfl_halving,5,307200,2000,0.767,75.888,0.0,1000,0.0,200.0,1000,0.0,200.0,298,0.6711409395973155,90.48657718120805,1000,0.0,200.0,1000,0.0,200.0,2181,1078,97117245,160.55036687850952,ab16711
sfl_tilt_amort,5,0,2000,0.0,200.0,0.0,1000,0.0,200.0,1000,0.0,200.0,298,0.0,200.0,1000,0.0,200.0,1000,0.0,200.0,2327,1177,32857397,81.83175492286682,ab16711
sfl_tilt_amort,5,30720,2000,0.448,126.921,0.0,1000,0.0,200.0,1000,0.0,200.0,298,0.4261744966442953,129.65771812080536,1000,0.0,200.0,1000,0.0,200.0,2327,1177,32857397,81.83175492286682,ab16711
sfl_tilt_amort,5,61440,2000,0.767,75.888,0.0,1000,0.0,200.0,1000,0.0,200.0,298,0.6711409395973155,90.48657718120805,1000,0.0,200.0,1000,0.0,200.0,2327,1177,32857397,81.83175492286682,ab16711
sfl_tilt_amort,5,92160,2000,0.767,75.888,0.0,1000,0.0,200.0,1000,0.0,200.0,298,0.6711409395973155,90.48657718120805,1000,0.0,200.0,1000,0.0,200.0,2327,1177,32857397,81.83175492286682,ab16711
sfl_tilt_amort,5,122880,2000,0.767,75.888,0.0,1000,0.0,200.0,1000,0.0,200.0,298,0.6711409395973155,90.48657718120805,1000,0.0,200.0,1000,0.0,200.0,2327,1177,32857397,81.83175492286682,ab16711
sfl_tilt_amort,5,153600,2000,0.767,75.888,0.0,1000,0.0,200.0,1000,0.0,200.0,298,0.6711409395973155,90.48657718120805,1000,0.0,200.0,1000,0.0,200.0,2327,1177,32857397,81.83175492286682,ab16711
sfl_tilt_amort,5,184320,2000,0.767,75.888,0.0,1000,0.0,200.0,1000,0.0,200.0,298,0.6711409395973155,90.48657718120805,1000,0.0,200.0,1000,0.0,200.0,2327,1177,32857397,81.83175492286682,ab16711
sfl_tilt_amort,5,215040,2000,0.767,75.888,0.0,1000,0.0,200.0,1000,0.0,200.0,298,0.6711409395973155,90.48657718120805,1000,0.0,200.0,1000,0.0,200.0,2327,1177,32857397,81.83175492286682,ab16711
sfl_tilt_amort,5,245760,2000,0.767,75.888,0.0,1000,0.0,200.0,1000,0.0,200.0,298,0.6711409395973155,90.48657718120805,1000,0.0,200.0,1000,0.0,200.0,2327,1177,32857397,81.83175492286682,ab16711
sfl_tilt_amort,5,276480,2000,0.767,75.888,0.0,1000,0.0,200.0,1000,0.0,200.0,298,0.6711409395973155,90.48657718120805,1000,0.0,200.0,1000,0.0,200.0,2327,1177,32857397,81.83175492286682,ab16711
sfl_tilt_amort,5,307200,2000,0.767,75.888,0.0,1000,0.0,200.0,1000,0.0,200.0,298,0.6711409395973155,90.48657718120805,1000,0.0,200.0,1000,0.0,200.0,2327,1177,32857397,81.83175492286682,ab16711
sfl_tilt_verify,5,0,2000,0.8415,121.163,0.07,1000,0.131,196.965,1000,0.134,196.701,298,0.738255033557047,128.48993288590603,1000,0.107,197.402,1000,0.105,197.5,2096,1061,58286969,112.94309616088867,ab16711
sfl_tilt_verify,5,30720,2000,0.6545,93.4605,0.0,1000,0.0,200.0,1000,0.0,200.0,298,0.5906040268456376,102.51006711409396,1000,0.0,200.0,1000,0.0,200.0,2096,1061,58286969,112.94309616088867,ab16711
sfl_tilt_verify,5,61440,2000,0.767,75.9,0.0,1000,0.0,200.0,1000,0.0,200.0,298,0.6711409395973155,90.5,1000,0.0,200.0,1000,0.0,200.0,2096,1061,58286969,112.94309616088867,ab16711
sfl_tilt_verify,5,92160,2000,0.767,75.888,0.0,1000,0.0,200.0,1000,0.0,200.0,298,0.6711409395973155,90.48657718120805,1000,0.0,200.0,1000,0.0,200.0,2096,1061,58286969,112.94309616088867,ab16711
sfl_tilt_verify,5,122880,2000,0.0,200.0,0.0,1000,0.0,200.0,1000,0.0,200.0,298,0.0,200.0,1000,0.0,200.0,1000,0.0,200.0,2096,1061,58286969,112.94309616088867,ab16711
sfl_tilt_verify,5,153600,2000,0.767,75.888,0.0,1000,0.0,200.0,1000,0.0,200.0,298,0.6711409395973155,90.48657718120805,1000,0.0,200.0,1000,0.0,200.0,2096,1061,58286969,112.94309616088867,ab16711
sfl_tilt_verify,5,184320,2000,0.767,75.888,0.0,1000,0.0,200.0,1000,0.0,200.0,298,0.6711409395973155,90.48657718120805,1000,0.0,200.0,1000,0.0,200.0,2096,1061,58286969,112.94309616088867,ab16711
sfl_tilt_verify,5,215040,2000,0.767,75.888,0.0,1000,0.0,200.0,1000,0.0,200.0,298,0.6711409395973155,90.48657718120805,1000,0.0,200.0,1000,0.0,200.0,2096,1061,58286969,112.94309616088867,ab16711
sfl_tilt_verify,5,245760,2000,0.767,75.888,0.0,1000,0.0,200.0,1000,0.0,200.0,298,0.6711409395973155,90.48657718120805,1000,0.0,200.0,1000,0.0,200.0,2096,1061,58286969,112.94309616088867,ab16711
sfl_tilt_verify,5,276480,2000,0.767,75.888,0.0,1000,0.0,200.0,1000,0.0,200.0,298,0.6711409395973155,90.48657718120805,1000,0.0,200.0,1000,0.0,200.0,2096,1061,58286969,112.94309616088867,ab16711
sfl_tilt_verify,5,307200,2000,0.767,75.888,0.0,1000,0.0,200.0,1000,0.0,200.0,298,0.6711409395973155,90.48657718120805,1000,0.0,200.0,1000,0.0,200.0,2096,1061,58286969,112.94309616088867,ab16711
sfl_spread,6,0,2000,0.0,200.0,0.0,1000,0.0,200.0,1000,0.0,200.0,298,0.0,200.0,1000,0.0,200.0,1000,0.0,200.0,2168,1076,36568788,81.06114888191223,ab16711
sfl_spread,6,30720,2000,0.448,143.0945,0.0,1000,0.0,200.0,1000,0.0,200.0,298,0.4228187919463087,144.40268456375838,1000,0.0,200.0,1000,0.0,200.0,2168,1076,36568788,81.06114888191223,ab16711
sfl_spread,6,61440,2000,0.5695,123.981,0.0,1000,0.0,200.0,1000,0.0,200.0,298,0.5335570469798657,125.50671140939598,1000,0.0,200.0,1000,0.0,200.0,2168,1076,36568788,81.06114888191223,ab16711
sfl_spread,6,92160,2000,0.0,200.0,0.0,1000,0.0,200.0,1000,0.0,200.0,298,0.0,200.0,1000,0.0,200.0,1000,0.0,200.0,2168,1076,36568788,81.06114888191223,ab16711
sfl_spread,6,122880,2000,0.0,200.0,0.0,1000,0.0,200.0,1000,0.0,200.0,298,0.0,200.0,1000,0.0,200.0,1000,0.0,200.0,2168,1076,36568788,81.06114888191223,ab16711
sfl_spread,6,153600,2000,0.383,141.821,0.0,1000,0.0,200.0,1000,0.0,200.0,298,0.3187919463087248,151.65436241610738,1000,0.0,200.0,1000,0.0,200.0,2168,1076,36568788,81.06114888191223,ab16711
sfl_spread,6,184320,2000,0.767,75.888,0.0,1000,0.0,200.0,1000,0.0,200.0,298,0.6711409395973155,90.48657718120805,1000,0.0,200.0,1000,0.0,200.0,2168,1076,36568788,81.06114888191223,ab16711
sfl_spread,6,215040,2000,0.767,75.888,0.0,1000,0.0,200.0,1000,0.0,200.0,298,0.6711409395973155,90.48657718120805,1000,0.0,200.0,1000,0.0,200.0,2168,1076,36568788,81.06114888191223,ab16711
sfl_spread,6,245760,2000,0.767,75.888,0.0,1000,0.0,200.0,1000,0.0,200.0,298,0.6711409395973155,90.48657718120805,1000,0.0,200.0,1000,0.0,200.0,2168,1076,36568788,81.06114888191223,ab16711
sfl_spread,6,276480,2000,0.767,75.888,0.0,1000,0.0,200.0,1000,0.0,200.0,298,0.6711409395973155,90.48657718120805,1000,0.0,200.0,1000,0.0,200.0,2168,1076,36568788,81.06114888191223,ab16711
sfl_spread,6,307200,2000,0.767,75.888,0.0,1000,0.0,200.0,1000,0.0,200.0,298,0.6711409395973155,90.48657718120805,1000,0.0,200.0,1000,0.0,200.0,2168,1076,36568788,81.06114888191223,ab16711
sfl_tilt_sc,6,0,2000,0.0,200.0,0.0,1000,0.0,200.0,1000,0.0,200.0,298,0.0,200.0,1000,0.0,200.0,1000,0.0,200.0,2476,1218,31367904,81.05973196029663,ab16711
sfl_tilt_sc,6,30720,2000,0.0,200.0,0.0,1000,0.0,200.0,1000,0.0,200.0,298,0.0,200.0,1000,0.0,200.0,1000,0.0,200.0,2476,1218,31367904,81.05973196029663,ab16711
sfl_tilt_sc,6,61440,2000,0.767,75.888,0.0,1000,0.0,200.0,1000,0.0,200.0,298,0.6711409395973155,90.48657718120805,1000,0.0,200.0,1000,0.0,200.0,2476,1218,31367904,81.05973196029663,ab16711
sfl_tilt_sc,6,92160,2000,0.767,75.888,0.0,1000,0.0,200.0,1000,0.0,200.0,298,0.6711409395973155,90.48657718120805,1000,0.0,200.0,1000,0.0,200.0,2476,1218,31367904,81.05973196029663,ab16711
sfl_tilt_sc,6,122880,2000,0.767,75.888,0.0,1000,0.0,200.0,1000,0.0,200.0,298,0.6711409395973155,90.48657718120805,1000,0.0,200.0,1000,0.0,200.0,2476,1218,31367904,81.05973196029663,ab16711
sfl_tilt_sc,6,153600,2000,0.767,75.888,0.0,1000,0.0,200.0,1000,0.0,200.0,298,0.6711409395973155,90.48657718120805,1000,0.0,200.0,1000,0.0,200.0,2476,1218,31367904,81.05973196029663,ab16711
sfl_tilt_sc,6,184320,2000,0.767,75.888,0.0,1000,0.0,200.0,1000,0.0,200.0,298,0.6711409395973155,90.48657718120805,1000,0.0,200.0,1000,0.0,200.0,2476,1218,31367904,81.05973196029663,ab16711
sfl_tilt_sc,6,215040,2000,0.767,75.888,0.0,1000,0.0,200.0,1000,0.0,200.0,298,0.6711409395973155,90.48657718120805,1000,0.0,200.0,1000,0.0,200.0,2476,1218,31367904,81.05973196029663,ab16711
sfl_tilt_sc,6,245760,2000,0.767,75.888,0.0,1000,0.0,200.0,1000,0.0,200.0,298,0.6711409395973155,90.48657718120805,1000,0.0,200.0,1000,0.0,200.0,2476,1218,31367904,81.05973196029663,ab16711
sfl_tilt_sc,6,276480,2000,0.767,75.888,0.0,1000,0.0,200.0,1000,0.0,200.0,298,0.6711409395973155,90.48657718120805,1000,0.0,200.0,1000,0.0,200.0,2476,1218,31367904,81.05973196029663,ab16711
sfl_tilt_sc,6,307200,2000,0.767,75.888,0.0,1000,0.0,200.0,1000,0.0,200.0,298,0.6711409395973155,90.48657718120805,1000,0.0,200.0,1000,0.0,200.0,2476,1218,31367904,81.05973196029663,ab16711
sfl_tilt,6,0,2000,0.133,192.8105,0.0,1000,0.08,197.34,1000,0.065,197.745,298,0.09060402684563758,195.40604026845637,1000,0.042,198.479,1000,0.048,198.534,2191,1104,32296886,80.99486112594604,ab16711
sfl_tilt,6,30720,2000,0.546,110.923,0.0,1000,0.0,200.0,1000,0.0,200.0,298,0.5167785234899329,115.29865771812081,1000,0.0,200.0,1000,0.0,200.0,2191,1104,32296886,80.99486112594604,ab16711
sfl_tilt,6,61440,2000,0.737,80.442,0.0,1000,0.0,200.0,1000,0.0,200.0,298,0.6375838926174496,94.72818791946308,1000,0.0,200.0,1000,0.0,200.0,2191,1104,32296886,80.99486112594604,ab16711
sfl_tilt,6,92160,2000,0.767,75.888,0.0,1000,0.0,200.0,1000,0.0,200.0,298,0.6711409395973155,90.48657718120805,1000,0.0,200.0,1000,0.0,200.0,2191,1104,32296886,80.99486112594604,ab16711
sfl_tilt,6,122880,2000,0.767,75.888,0.0,1000,0.0,200.0,1000,0.0,200.0,298,0.6711409395973155,90.48657718120805,1000,0.0,200.0,1000,0.0,200.0,2191,1104,32296886,80.99486112594604,ab16711
sfl_tilt,6,153600,2000,0.767,75.888,0.0,1000,0.0,200.0,1000,0.0,200.0,298,0.6711409395973155,90.48657718120805,1000,0.0,200.0,1000,0.0,200.0,2191,1104,32296886,80.99486112594604,ab16711
sfl_tilt,6,184320,2000,0.767,75.888,0.0,1000,0.0,200.0,1000,0.0,200.0,298,0.6711409395973155,90.48657718120805,1000,0.0,200.0,1000,0.0,200.0,2191,1104,32296886,80.99486112594604,ab16711
sfl_tilt,6,215040,2000,0.767,75.888,0.0,1000,0.0,200.0,1000,0.0,200.0,298,0.6711409395973155,90.48657718120805,1000,0.0,200.0,1000,0.0,200.0,2191,1104,32296886,80.99486112594604,ab16711
sfl_tilt,6,245760,2000,0.767,75.888,0.0,1000,0.0,200.0,1000,0.0,200.0,298,0.6711409395973155,90.48657718120805,1000,0.0,200.0,1000,0.0,200.0,2191,1104,32296886,80.99486112594604,ab16711
sfl_tilt,6,276480,2000,0.767,75.888,0.0,1000,0.0,200.0,1000,0.0,200.0,298,0.6711409395973155,90.48657718120805,1000,0.0,200.0,1000,0.0,200.0,2191,1104,32296886,80.99486112594604,ab16711
sfl_tilt,6,307200,2000,0.767,75.888,0.0,1000,0.0,200.0,1000,0.0,200.0,298,0.6711409395973155,90.48657718120805,1000,0.0,200.0,1000,0.0,200.0,2191,1104,32296886,80.99486112594604,ab16711
sfl_tilt_soft,6,0,2000,0.7205,119.158,0.0,1000,0.013,199.738,1000,0.03,199.457,298,0.6308724832214765,123.16778523489933,1000,0.016,199.698,1000,0.017,199.622,2136,1077,33267031,81.38379883766174,ab16711
sfl_tilt_soft,6,30720,2000,0.2695,161.4265,0.0,1000,0.0,200.0,1000,0.0,200.0,298,0.28523489932885904,157.78523489932886,1000,0.0,200.0,1000,0.0,200.0,2136,1077,33267031,81.38379883766174,ab16711
sfl_tilt_soft,6,61440,2000,0.53,115.5145,0.0,1000,0.0,200.0,1000,0.0,200.0,298,0.5134228187919463,117.90604026845638,1000,0.0,200.0,1000,0.0,200.0,2136,1077,33267031,81.38379883766174,ab16711
sfl_tilt_soft,6,92160,2000,0.767,75.9355,0.0,1000,0.0,200.0,1000,0.0,200.0,298,0.6711409395973155,90.52684563758389,1000,0.0,200.0,1000,0.0,200.0,2136,1077,33267031,81.38379883766174,ab16711
sfl_tilt_soft,6,122880,2000,0.767,75.888,0.0,1000,0.0,200.0,1000,0.0,200.0,298,0.6711409395973155,90.48657718120805,1000,0.0,200.0,1000,0.0,200.0,2136,1077,33267031,81.38379883766174,ab16711
sfl_tilt_soft,6,153600,2000,0.767,75.888,0.0,1000,0.0,200.0,1000,0.0,200.0,298,0.6711409395973155,90.48657718120805,1000,0.0,200.0,1000,0.0,200.0,2136,1077,33267031,81.38379883766174,ab16711
sfl_tilt_soft,6,184320,2000,0.767,75.888,0.0,1000,0.0,200.0,1000,0.0,200.0,298,0.6711409395973155,90.48657718120805,1000,0.0,200.0,1000,0.0,200.0,2136,1077,33267031,81.38379883766174,ab16711
sfl_tilt_soft,6,215040,2000,0.767,75.888,0.0,1000,0.0,200.0,1000,0.0,200.0,298,0.6711409395973155,90.48657718120805,1000,0.0,200.0,1000,0.0,200.0,2136,1077,33267031,81.38379883766174,ab16711
sfl_tilt_soft,6,245760,2000,0.767,75.888,0.0,1000,0.0,200.0,1000,0.0,200.0,298,0.6711409395973155,90.48657718120805,1000,0.0,200.0,1000,0.0,200.0,2136,1077,33267031,81.38379883766174,ab16711
sfl_tilt_soft,6,276480,2000,0.767,75.888,0.0,1000,0.0,200.0,1000,0.0,200.0,298,0.6711409395973155,90.48657718120805,1000,0.0,200.0,1000,0.0,200.0,2136,1077,33267031,81.38379883766174,ab16711
sfl_tilt_soft,6,307200,2000,0.767,75.888,0.0,1000,0.0,200.0,1000,0.0,200.0,298,0.6711409395973155,90.48657718120805,1000,0.0,200.0,1000,0.0,200.0,2136,1077,33267031,81.38379883766174,ab16711
sfl_tilt_carry,6,0,2000,0.0,200.0,0.0,1000,0.0,200.0,1000,0.0,200.0,298,0.0,200.0,1000,0.0,200.0,1000,0.0,200.0,2302,1157,29849885,80.49151277542114,ab16711
sfl_tilt_carry,6,30720,2000,0.0,200.0,0.0,1000,0.0,200.0,1000,0.0,200.0,298,0.0,200.0,1000,0.0,200.0,1000,0.0,200.0,2302,1157,29849885,80.49151277542114,ab16711
sfl_tilt_carry,6,61440,2000,0.702,85.826,0.0,1000,0.0,200.0,1000,0.0,200.0,298,0.610738255033557,98.59731543624162,1000,0.0,200.0,1000,0.0,200.0,2302,1157,29849885,80.49151277542114,ab16711
sfl_tilt_carry,6,92160,2000,0.767,75.888,0.0,1000,0.0,200.0,1000,0.0,200.0,298,0.6711409395973155,90.48657718120805,1000,0.0,200.0,1000,0.0,200.0,2302,1157,29849885,80.49151277542114,ab16711
sfl_tilt_carry,6,122880,2000,0.767,75.888,0.0,1000,0.0,200.0,1000,0.0,200.0,298,0.6711409395973155,90.48657718120805,1000,0.0,200.0,1000,0.0,200.0,2302,1157,29849885,80.49151277542114,ab16711
sfl_tilt_carry,6,153600,2000,0.767,75.888,0.0,1000,0.0,200.0,1000,0.0,200.0,298,0.6711409395973155,90.48657718120805,1000,0.0,200.0,1000,0.0,200.0,2302,1157,29849885,80.49151277542114,ab16711
sfl_tilt_carry,6,184320,2000,0.767,75.888,0.0,1000,0.0,200.0,1000,0.0,200.0,298,0.6711409395973155,90.48657718120805,1000,0.0,200.0,1000,0.0,200.0,2302,1157,29849885,80.49151277542114,ab16711
sfl_tilt_carry,6,215040,2000,0.767,75.888,0.0,1000,0.0,200.0,1000,0.0,200.0,298,0.6711409395973155,90.48657718120805,1000,0.0,200.0,1000,0.0,200.0,2302,1157,29849885,80.49151277542114,ab16711
sfl_tilt_carry,6,245760,2000,0.767,75.888,0.0,1000,0.0,200.0,1000,0.0,200.0,298,0.6711409395973155,90.48657718120805,1000,0.0,200.0,1000,0.0,200.0,2302,1157,29849885,80.49151277542114,ab16711
sfl_tilt_carry,6,276480,2000,0.767,75.888,0.0,1000,0.0,200.0,1000,0.0,200.0,298,0.6711409395973155,90.48657718120805,1000,0.0,200.0,1000,0.0,200.0,2302,1157,29849885,80.49151277542114,ab16711
sfl_tilt_carry,6,307200,2000,0.767,75.888,0.0,1000,0.0,200.0,1000,0.0,200.0,298,0.6711409395973155,90.48657718120805,1000,0.0,200.0,1000,0.0,200.0,2302,1157,29849885,80.49151277542114,ab16711
sfl_bisect,6,0,2000,0.5385,160.5955,0.0,1000,0.0,200.0,1000,0.0,200.0,298,0.5335570469798657,158.7248322147651,1000,0.0,200.0,1000,0.0,200.0,2349,1162,59952741,121.57470083236694,ab16711
sfl_bisect,6,30720,2000,0.4625,124.869,0.0,1000,0.0,200.0,1000,0.0,200.0,298,0.44966442953020136,126.87248322147651,1000,0.0,200.0,1000,0.0,200.0,2349,1162,59952741,121.57470083236694,ab16711
sfl_bisect,6,61440,2000,0.7665,76.113,0.0,1000,0.0,200.0,1000,0.0,200.0,298,0.6711409395973155,90.61744966442953,1000,0.0,200.0,1000,0.0,200.0,2349,1162,59952741,121.57470083236694,ab16711
sfl_bisect,6,92160,2000,0.767,75.888,0.0,1000,0.0,200.0,1000,0.0,200.0,298,0.6711409395973155,90.48657718120805,1000,0.0,200.0,1000,0.0,200.0,2349,1162,59952741,121.57470083236694,ab16711
sfl_bisect,6,122880,2000,0.767,75.888,0.0,1000,0.0,200.0,1000,0.0,200.0,298,0.6711409395973155,90.48657718120805,1000,0.0,200.0,1000,0.0,200.0,2349,1162,59952741,121.57470083236694,ab16711
sfl_bisect,6,153600,2000,0.767,75.888,0.0,1000,0.0,200.0,1000,0.0,200.0,298,0.6711409395973155,90.48657718120805,1000,0.0,200.0,1000,0.0,200.0,2349,1162,59952741,121.57470083236694,ab16711
sfl_bisect,6,184320,2000,0.767,75.888,0.0,1000,0.0,200.0,1000,0.0,200.0,298,0.6711409395973155,90.48657718120805,1000,0.0,200.0,1000,0.0,200.0,2349,1162,59952741,121.57470083236694,ab16711
sfl_bisect,6,215040,2000,0.767,75.888,0.0,1000,0.0,200.0,1000,0.0,200.0,298,0.6711409395973155,90.48657718120805,1000,0.0,200.0,1000,0.0,200.0,2349,1162,59952741,121.57470083236694,ab16711
sfl_bisect,6,245760,2000,0.767,75.888,0.0,1000,0.0,200.0,1000,0.0,200.0,298,0.6711409395973155,90.48657718120805,1000,0.0,200.0,1000,0.0,200.0,2349,1162,59952741,121.57470083236694,ab16711
sfl_bisect,6,276480,2000,0.767,75.888,0.0,1000,0.0,200.0,1000,0.0,200.0,298,0.6711409395973155,90.48657718120805,1000,0.0,200.0,1000,0.0,200.0,2349,1162,59952741,121.57470083236694,ab16711
sfl_bisect,6,307200,2000,0.767,75.888,0.0,1000,0.0,200.0,1000,0.0,200.0,298,0.6711409395973155,90.48657718120805,1000,0.0,200.0,1000,0.0,200.0,2349,1162,59952741,121.57470083236694,ab16711
sfl_ghost,6,0,2000,0.0,200.0,0.0,1000,0.0,200.0,1000,0.0,200.0,298,0.0,200.0,1000,0.0,200.0,1000,0.0,200.0,2410,1212,60621971,131.70446181297302,ab16711
sfl_ghost,6,30720,2000,0.046,193.5485,0.0,1000,0.0,200.0,1000,0.0,200.0,298,0.07046979865771812,190.64093959731542,1000,0.0,200.0,1000,0.0,200.0,2410,1212,60621971,131.70446181297302,ab16711
sfl_ghost,6,61440,2000,0.433,133.158,0.0,1000,0.0,200.0,1000,0.0,200.0,298,0.41946308724832215,133.93959731543623,1000,0.0,200.0,1000,0.0,200.0,2410,1212,60621971,131.70446181297302,ab16711
sfl_ghost,6,92160,2000,0.582,106.18,0.0,1000,0.0,200.0,1000,0.0,200.0,298,0.5436241610738255,110.86577181208054,1000,0.0,200.0,1000,0.0,200.0,2410,1212,60621971,131.70446181297302,ab16711
sfl_ghost,6,122880,2000,0.767,75.888,0.0,1000,0.0,200.0,1000,0.0,200.0,298,0.6711409395973155,90.48657718120805,1000,0.0,200.0,1000,0.0,200.0,2410,1212,60621971,131.70446181297302,ab16711
sfl_ghost,6,153600,2000,0.767,75.888,0.0,1000,0.0,200.0,1000,0.0,200.0,298,0.6711409395973155,90.48657718120805,1000,0.0,200.0,1000,0.0,200.0,2410,1212,60621971,131.70446181297302,ab16711
sfl_ghost,6,184320,2000,0.767,75.888,0.0,1000,0.0,200.0,1000,0.0,200.0,298,0.6711409395973155,90.48657718120805,1000,0.0,200.0,1000,0.0,200.0,2410,1212,60621971,131.70446181297302,ab16711
sfl_ghost,6,215040,2000,0.767,75.888,0.0,1000,0.0,200.0,1000,0.0,200.0,298,0.6711409395973155,90.48657718120805,1000,0.0,200.0,1000,0.0,200.0,2410,1212,60621971,131.70446181297302,ab16711
sfl_ghost,6,245760,2000,0.767,75.888,0.0,1000,0.0,200.0,1000,0.0,200.0,298,0.6711409395973155,90.48657718120805,1000,0.0,200.0,1000,0.0,200.0,2410,1212,60621971,131.70446181297302,ab16711
sfl_ghost,6,276480,2000,0.767,75.888,0.0,1000,0.0,200.0,1000,0.0,200.0,298,0.6711409395973155,90.48657718120805,1000,0.0,200.0,1000,0.0,200.0,2410,1212,60621971,131.70446181297302,ab16711
sfl_ghost,6,307200,2000,0.767,75.888,0.0,1000,0.0,200.0,1000,0.0,200.0,298,0.6711409395973155,90.48657718120805,1000,0.0,200.0,1000,0.0,200.0,2410,1212,60621971,131.70446181297302,ab16711
sfl_halving,6,0,2000,0.0,200.0,0.0,1000,0.0,200.0,1000,0.0,200.0,298,0.0,200.0,1000,0.0,200.0,1000,0.0,200.0,2201,1095,95927675,160.42837119102478,ab16711
sfl_halving,6,30720,2000,0.715,83.103,0.0,1000,0.0,200.0,1000,0.0,200.0,298,0.6208053691275168,97.61073825503355,1000,0.0,200.0,1000,0.0,200.0,2201,1095,95927675,160.42837119102478,ab16711
sfl_halving,6,61440,2000,0.767,75.888,0.0,1000,0.0,200.0,1000,0.0,200.0,298,0.6711409395973155,90.48657718120805,1000,0.0,200.0,1000,0.0,200.0,2201,1095,95927675,160.42837119102478,ab16711
sfl_halving,6,92160,2000,0.767,75.888,0.0,1000,0.0,200.0,1000,0.0,200.0,298,0.6711409395973155,90.48657718120805,1000,0.0,200.0,1000,0.0,200.0,2201,1095,95927675,160.42837119102478,ab16711
sfl_halving,6,122880,2000,0.767,75.888,0.0,1000,0.0,200.0,1000,0.0,200.0,298,0.6711409395973155,90.48657718120805,1000,0.0,200.0,1000,0.0,200.0,2201,1095,95927675,160.42837119102478,ab16711
sfl_halving,6,153600,2000,0.767,75.888,0.0,1000,0.0,200.0,1000,0.0,200.0,298,0.6711409395973155,90.48657718120805,1000,0.0,200.0,1000,0.0,200.0,2201,1095,95927675,160.42837119102478,ab16711
sfl_halving,6,184320,2000,0.767,75.888,0.0,1000,0.0,200.0,1000,0.0,200.0,298,0.6711409395973155,90.48657718120805,1000,0.0,200.0,1000,0.0,200.0,2201,1095,95927675,160.42837119102478,ab16711
sfl_halving,6,215040,2000,0.767,75.888,0.0,1000,0.0,200.0,1000,0.0,200.0,298,0.6711409395973155,90.48657718120805,1000,0.0,200.0,1000,0.0,200.0,2201,1095,95927675,160.42837119102478,ab16711
sfl_halving,6,245760,2000,0.767,75.888,0.0,1000,0.0,200.0,1000,0.0,200.0,298,0.6711409395973155,90.48657718120805,1000,0.0,200.0,1000,0.0,200.0,2201,1095,95927675,160.42837119102478,ab16711
sfl_halving,6,276480,2000,0.767,75.888,0.0,1000,0.0,200.0,1000,0.0,200.0,298,0.6711409395973155,90.48657718120805,1000,0.0,200.0,1000,0.0,200.0,2201,1095,95927675,160.42837119102478,ab16711
sfl_halving,6,307200,2000,0.767,75.888,0.0,1000,0.0,200.0,1000,0.0,200.0,298,0.6711409395973155,90.48657718120805,1000,0.0,200.0,1000,0.0,200.0,2201,1095,95927675,160.42837119102478,ab16711
sfl_tilt_amort,6,0,2000,0.0,200.0,0.0,1000,0.0,200.0,1000,0.0,200.0,298,0.0,200.0,1000,0.0,200.0,1000,0.0,200.0,2376,1179,31587014,81.5920889377594,ab16711
sfl_tilt_amort,6,30720,2000,0.3405,147.514,0.0,1000,0.0,200.0,1000,0.0,200.0,298,0.33557046979865773,146.75838926174498,1000,0.0,200.0,1000,0.0,200.0,2376,1179,31587014,81.5920889377594,ab16711
sfl_tilt_amort,6,61440,2000,0.767,75.888,0.0,1000,0.0,200.0,1000,0.0,200.0,298,0.6711409395973155,90.48657718120805,1000,0.0,200.0,1000,0.0,200.0,2376,1179,31587014,81.5920889377594,ab16711
sfl_tilt_amort,6,92160,2000,0.767,75.888,0.0,1000,0.0,200.0,1000,0.0,200.0,298,0.6711409395973155,90.48657718120805,1000,0.0,200.0,1000,0.0,200.0,2376,1179,31587014,81.5920889377594,ab16711
sfl_tilt_amort,6,122880,2000,0.767,75.888,0.0,1000,0.0,200.0,1000,0.0,200.0,298,0.6711409395973155,90.48657718120805,1000,0.0,200.0,1000,0.0,200.0,2376,1179,31587014,81.5920889377594,ab16711
sfl_tilt_amort,6,153600,2000,0.767,75.888,0.0,1000,0.0,200.0,1000,0.0,200.0,298,0.6711409395973155,90.48657718120805,1000,0.0,200.0,1000,0.0,200.0,2376,1179,31587014,81.5920889377594,ab16711
sfl_tilt_amort,6,184320,2000,0.767,75.888,0.0,1000,0.0,200.0,1000,0.0,200.0,298,0.6711409395973155,90.48657718120805,1000,0.0,200.0,1000,0.0,200.0,2376,1179,31587014,81.5920889377594,ab16711
sfl_tilt_amort,6,215040,2000,0.767,75.888,0.0,1000,0.0,200.0,1000,0.0,200.0,298,0.6711409395973155,90.48657718120805,1000,0.0,200.0,1000,0.0,200.0,2376,1179,31587014,81.5920889377594,ab16711
sfl_tilt_amort,6,245760,2000,0.767,75.888,0.0,1000,0.0,200.0,1000,0.0,200.0,298,0.6711409395973155,90.48657718120805,1000,0.0,200.0,1000,0.0,200.0,2376,1179,31587014,81.5920889377594,ab16711
sfl_tilt_amort,6,276480,2000,0.767,75.888,0.0,1000,0.0,200.0,1000,0.0,200.0,298,0.6711409395973155,90.48657718120805,1000,0.0,200.0,1000,0.0,200.0,2376,1179,31587014,81.5920889377594,ab16711
sfl_tilt_amort,6,307200,2000,0.767,75.888,0.0,1000,0.0,200.0,1000,0.0,200.0,298,0.6711409395973155,90.48657718120805,1000,0.0,200.0,1000,0.0,200.0,2376,1179,31587014,81.5920889377594,ab16711
sfl_tilt_verify,6,0,2000,0.0,200.0,0.0,1000,0.0,200.0,1000,0.0,200.0,298,0.0,200.0,1000,0.0,200.0,1000,0.0,200.0,2251,1109,53995068,112.42492079734802,ab16711
sfl_tilt_verify,6,30720,2000,0.0,200.0,0.0,1000,0.0,200.0,1000,0.0,200.0,298,0.0,200.0,1000,0.0,200.0,1000,0.0,200.0,2251,1109,53995068,112.42492079734802,ab16711
sfl_tilt_verify,6,61440,2000,0.0,200.0,0.0,1000,0.0,200.0,1000,0.0,200.0,298,0.0,200.0,1000,0.0,200.0,1000,0.0,200.0,2251,1109,53995068,112.42492079734802,ab16711
sfl_tilt_verify,6,92160,2000,0.767,75.888,0.0,1000,0.0,200.0,1000,0.0,200.0,298,0.6711409395973155,90.48657718120805,1000,0.0,200.0,1000,0.0,200.0,2251,1109,53995068,112.42492079734802,ab16711
sfl_tilt_verify,6,122880,2000,0.767,75.888,0.0,1000,0.0,200.0,1000,0.0,200.0,298,0.6711409395973155,90.48657718120805,1000,0.0,200.0,1000,0.0,200.0,2251,1109,53995068,112.42492079734802,ab16711
sfl_tilt_verify,6,153600,2000,0.767,75.888,0.0,1000,0.0,200.0,1000,0.0,200.0,298,0.6711409395973155,90.48657718120805,1000,0.0,200.0,1000,0.0,200.0,2251,1109,53995068,112.42492079734802,ab16711
sfl_tilt_verify,6,184320,2000,0.767,75.888,0.0,1000,0.0,200.0,1000,0.0,200.0,298,0.6711409395973155,90.48657718120805,1000,0.0,200.0,1000,0.0,200.0,2251,1109,53995068,112.42492079734802,ab16711
sfl_tilt_verify,6,215040,2000,0.767,75.888,0.0,1000,0.0,200.0,1000,0.0,200.0,298,0.6711409395973155,90.48657718120805,1000,0.0,200.0,1000,0.0,200.0,2251,1109,53995068,112.42492079734802,ab16711
sfl_tilt_verify,6,245760,2000,0.767,75.888,0.0,1000,0.0,200.0,1000,0.0,200.0,298,0.6711409395973155,90.48657718120805,1000,0.0,200.0,1000,0.0,200.0,2251,1109,53995068,112.42492079734802,ab16711
sfl_tilt_verify,6,276480,2000,0.767,75.888,0.0,1000,0.0,200.0,1000,0.0,200.0,298,0.6711409395973155,90.48657718120805,1000,0.0,200.0,1000,0.0,200.0,2251,1109,53995068,112.42492079734802,ab16711
sfl_tilt_verify,6,307200,2000,0.767,75.888,0.0,1000,0.0,200.0,1000,0.0,200.0,298,0.6711409395973155,90.48657718120805,1000,0.0,200.0,1000,0.0,200.0,2251,1109,53995068,112.42492079734802,ab16711
sfl_spread,7,0,2000,0.0,200.0,0.0,1000,0.0,200.0,1000,0.0,200.0,298,0.0,200.0,1000,0.0,200.0,1000,0.0,200.0,2577,1265,30719654,80.24526691436768,ab16711
sfl_spread,7,30720,2000,0.465,124.013,0.0,1000,0.0,200.0,1000,0.0,200.0,298,0.4429530201342282,126.66107382550335,1000,0.0,200.0,1000,0.0,200.0,2577,1265,30719654,80.24526691436768,ab16711
sfl_spread,7,61440,2000,0.7665,76.1095,0.0,1000,0.0,200.0,1000,0.0,200.0,298,0.6711409395973155,90.61409395973155,1000,0.0,200.0,1000,0.0,200.0,2577,1265,30719654,80.24526691436768,ab16711
sfl_spread,7,92160,2000,0.767,75.888,0.0,1000,0.0,200.0,1000,0.0,200.0,298,0.6711409395973155,90.48657718120805,1000,0.0,200.0,1000,0.0,200.0,2577,1265,30719654,80.24526691436768,ab16711
sfl_spread,7,122880,2000,0.767,75.888,0.0,1000,0.0,200.0,1000,0.0,200.0,298,0.6711409395973155,90.48657718120805,1000,0.0,200.0,1000,0.0,200.0,2577,1265,30719654,80.24526691436768,ab16711
sfl_spread,7,153600,2000,0.767,75.888,0.0,1000,0.0,200.0,1000,0.0,200.0,298,0.6711409395973155,90.48657718120805,1000,0.0,200.0,1000,0.0,200.0,2577,1265,30719654,80.24526691436768,ab16711
sfl_spread,7,184320,2000,0.767,75.888,0.0,1000,0.0,200.0,1000,0.0,200.0,298,0.6711409395973155,90.48657718120805,1000,0.0,200.0,1000,0.0,200.0,2577,1265,30719654,80.24526691436768,ab16711
sfl_spread,7,215040,2000,0.767,75.888,0.0,1000,0.0,200.0,1000,0.0,200.0,298,0.6711409395973155,90.48657718120805,1000,0.0,200.0,1000,0.0,200.0,2577,1265,30719654,80.24526691436768,ab16711
sfl_spread,7,245760,2000,0.767,75.888,0.0,1000,0.0,200.0,1000,0.0,200.0,298,0.6711409395973155,90.48657718120805,1000,0.0,200.0,1000,0.0,200.0,2577,1265,30719654,80.24526691436768,ab16711
sfl_spread,7,276480,2000,0.767,75.888,0.0,1000,0.0,200.0,1000,0.0,200.0,298,0.6711409395973155,90.48657718120805,1000,0.0,200.0,1000,0.0,200.0,2577,1265,30719654,80.24526691436768,ab16711
sfl_spread,7,307200,2000,0.767,75.888,0.0,1000,0.0,200.0,1000,0.0,200.0,298,0.6711409395973155,90.48657718120805,1000,0.0,200.0,1000,0.0,200.0,2577,1265,30719654,80.24526691436768,ab16711
sfl_tilt_sc,7,0,2000,0.0,200.0,0.0,1000,0.0,200.0,1000,0.0,200.0,298,0.0,200.0,1000,0.0,200.0,1000,0.0,200.0,2339,1111,34052886,80.38320302963257,ab16711
sfl_tilt_sc,7,30720,2000,0.188,177.0265,0.0,1000,0.0,200.0,1000,0.0,200.0,298,0.19463087248322147,175.24161073825502,1000,0.0,200.0,1000,0.0,200.0,2339,1111,34052886,80.38320302963257,ab16711
sfl_tilt_sc,7,61440,2000,0.0,200.0,0.0,1000,0.0,200.0,1000,0.0,200.0,298,0.0,200.0,1000,0.0,200.0,1000,0.0,200.0,2339,1111,34052886,80.38320302963257,ab16711
sfl_tilt_sc,7,92160,2000,0.763,76.45,0.0,1000,0.0,200.0,1000,0.0,200.0,298,0.6711409395973155,90.57046979865771,1000,0.0,200.0,1000,0.0,200.0,2339,1111,34052886,80.38320302963257,ab16711
sfl_tilt_sc,7,122880,2000,0.767,75.888,0.0,1000,0.0,200.0,1000,0.0,200.0,298,0.6711409395973155,90.48657718120805,1000,0.0,200.0,1000,0.0,200.0,2339,1111,34052886,80.38320302963257,ab16711
sfl_tilt_sc,7,153600,2000,0.767,75.888,0.0,1000,0.0,200.0,1000,0.0,200.0,298,0.6711409395973155,90.48657718120805,1000,0.0,200.0,1000,0.0,200.0,2339,1111,34052886,80.38320302963257,ab16711
sfl_tilt_sc,7,184320,2000,0.767,75.888,0.0,1000,0.0,200.0,1000,0.0,200.0,298,0.6711409395973155,90.48657718120805,1000,0.0,200.0,1000,0.0,200.0,2339,1111,34052886,80.38320302963257,ab16711
sfl_tilt_sc,7,215040,2000,0.767,75.888,0.0,1000,0.0,200.0,1000,0.0,200.0,298,0.6711409395973155,90.48657718120805,1000,0.0,200.0,1000,0.0,200.0,2339,1111,34052886,80.38320302963257,ab16711
sfl_tilt_sc,7,245760,2000,0.767,75.888,0.0,1000,0.0,200.0,1000,0.0,200.0,298,0.6711409395973155,90.48657718120805,1000,0.0,200.0,1000,0.0,200.0,2339,1111,34052886,80.38320302963257,ab16711
sfl_tilt_sc,7,276480,2000,0.767,75.888,0.0,1000,0.0,200.0,1000,0.0,200.0,298,0.6711409395973155,90.48657718120805,1000,0.0,200.0,1000,0.0,200.0,2339,1111,34052886,80.38320302963257,ab16711
sfl_tilt_sc,7,307200,2000,0.767,75.888,0.0,1000,0.0,200.0,1000,0.0,200.0,298,0.6711409395973155,90.48657718120805,1000,0.0,200.0,1000,0.0,200.0,2339,1111,34052886,80.38320302963257,ab16711
sfl_tilt,7,0,2000,0.0,200.0,0.0,1000,0.0,200.0,1000,0.0,200.0,298,0.0,200.0,1000,0.0,200.0,1000,0.0,200.0,2275,1143,30191100,80.67166066169739,ab16711
sfl_tilt,7,30720,2000,0.0,200.0,0.0,1000,0.0,200.0,1000,0.0,200.0,298,0.0,200.0,1000,0.0,200.0,1000,0.0,200.0,2275,1143,30191100,80.67166066169739,ab16711
sfl_tilt,7,61440,2000,0.6725,90.544,0.0,1000,0.0,200.0,1000,0.0,200.0,298,0.5939597315436241,101.48322147651007,1000,0.0,200.0,1000,0.0,200.0,2275,1143,30191100,80.67166066169739,ab16711
sfl_tilt,7,92160,2000,0.767,75.9535,0.0,1000,0.0,200.0,1000,0.0,200.0,298,0.6711409395973155,90.53355704697987,1000,0.0,200.0,1000,0.0,200.0,2275,1143,30191100,80.67166066169739,ab16711
sfl_tilt,7,122880,2000,0.767,75.888,0.0,1000,0.0,200.0,1000,0.0,200.0,298,0.6711409395973155,90.48657718120805,1000,0.0,200.0,1000,0.0,200.0,2275,1143,30191100,80.67166066169739,ab16711
sfl_tilt,7,153600,2000,0.767,75.888,0.0,1000,0.0,200.0,1000,0.0,200.0,298,0.6711409395973155,90.48657718120805,1000,0.0,200.0,1000,0.0,200.0,2275,1143,30191100,80.67166066169739,ab16711
sfl_tilt,7,184320,2000,0.767,75.888,0.0,1000,0.0,200.0,1000,0.0,200.0,298,0.6711409395973155,90.48657718120805,1000,0.0,200.0,1000,0.0,200.0,2275,1143,30191100,80.67166066169739,ab16711
sfl_tilt,7,215040,2000,0.767,75.888,0.0,1000,0.0,200.0,1000,0.0,200.0,298,0.6711409395973155,90.48657718120805,1000,0.0,200.0,1000,0.0,200.0,2275,1143,30191100,80.67166066169739,ab16711
sfl_tilt,7,245760,2000,0.767,75.888,0.0,1000,0.0,200.0,1000,0.0,200.0,298,0.6711409395973155,90.48657718120805,1000,0.0,200.0,1000,0.0,200.0,2275,1143,30191100,80.67166066169739,ab16711
sfl_tilt,7,276480,2000,0.767,75.888,0.0,1000,0.0,200.0,1000,0.0,200.0,298,0.6711409395973155,90.48657718120805,1000,0.0,200.0,1000,0.0,200.0,2275,1143,30191100,80.67166066169739,ab16711
sfl_tilt,7,307200,2000,0.767,75.888,0.0,1000,0.0,200.0,1000,0.0,200.0,298,0.6711409395973155,90.48657718120805,1000,0.0,200.0,1000,0.0,200.0,2275,1143,30191100,80.67166066169739,ab16711
sfl_tilt_soft,7,0,2000,0.0,200.0,0.0,1000,0.0,200.0,1000,0.0,200.0,298,0.0,200.0,1000,0.0,200.0,1000,0.0,200.0,2104,1033,35178117,80.47590804100037,ab16711
sfl_tilt_soft,7,30720,2000,0.0,200.0,0.0,1000,0.0,200.0,1000,0.0,200.0,298,0.0,200.0,1000,0.0,200.0,1000,0.0,200.0,2104,1033,35178117,80.47590804100037,ab16711
sfl_tilt_soft,7,61440,2000,0.3085,152.0685,0.0,1000,0.0,200.0,1000,0.0,200.0,298,0.3187919463087248,149.79194630872485,1000,0.0,200.0,1000,0.0,200.0,2104,1033,35178117,80.47590804100037,ab16711
sfl_tilt_soft,7,92160,2000,0.0,200.0,0.0,1000,0.0,200.0,1000,0.0,200.0,298,0.0,200.0,1000,0.0,200.0,1000,0.0,200.0,2104,1033,35178117,80.47590804100037,ab16711
sfl_tilt_soft,7,122880,2000,0.026,196.078,0.0,1000,0.0,200.0,1000,0.0,200.0,298,0.02348993288590604,196.69463087248323,1000,0.0,200.0,1000,0.0,200.0,2104,1033,35178117,80.47590804100037,ab16711
sfl_tilt_soft,7,153600,2000,0.767,75.888,0.0,1000,0.0,200.0,1000,0.0,200.0,298,0.6711409395973155,90.48657718120805,1000,0.0,200.0,1000,0.0,200.0,2104,1033,35178117,80.47590804100037,ab16711
sfl_tilt_soft,7,184320,2000,0.767,75.888,0.0,1000,0.0,200.0,1000,0.0,200.0,298,0.6711409395973155,90.48657718120805,1000,0.0,200.0,1000,0.0,200.0,2104,1033,35178117,80.47590804100037,ab16711
sfl_tilt_soft,7,215040,2000,0.767,75.888,0.0,1000,0.0,200.0,1000,0.0,200.0,298,0.6711409395973155,90.48657718120805,1000,0.0,200.0,1000,0.0,200.0,2104,1033,35178117,80.47590804100037,ab16711
sfl_tilt_soft,7,245760,2000,0.767,75.888,0.0,1000,0.0,200.0,1000,0.0,200.0,298,0.6711409395973155,90.48657718120805,1000,0.0,200.0,1000,0.0,200.0,2104,1033,35178117,80.47590804100037,ab16711
sfl_tilt_soft,7,276480,2000,0.767,75.888,0.0,1000,0.0,200.0,1000,0.0,200.0,298,0.6711409395973155,90.48657718120805,1000,0.0,200.0,1000,0.0,200.0,2104,1033,35178117,80.47590804100037,ab16711
sfl_tilt_soft,7,307200,2000,0.767,75.888,0.0,1000,0.0,200.0,1000,0.0,200.0,298,0.6711409395973155,90.48657718120805,1000,0.0,200.0,1000,0.0,200.0,2104,1033,35178117,80.47590804100037,ab16711
sfl_ghost,7,0,2000,0.0,200.0,0.0,1000,0.0,200.0,1000,0.0,200.0,298,0.0,200.0,1000,0.0,200.0,1000,0.0,200.0,2515,1236,57712849,131.24826884269714,ab16711
sfl_ghost,7,30720,2000,0.4675,126.8585,0.0,1000,0.0,200.0,1000,0.0,200.0,298,0.4429530201342282,128.8523489932886,1000,0.0,200.0,1000,0.0,200.0,2515,1236,57712849,131.24826884269714,ab16711
sfl_ghost,7,61440,2000,0.731,81.6725,0.0,1000,0.0,200.0,1000,0.0,200.0,298,0.6342281879194631,95.97315436241611,1000,0.0,200.0,1000,0.0,200.0,2515,1236,57712849,131.24826884269714,ab16711
sfl_ghost,7,92160,2000,0.767,75.888,0.0,1000,0.0,200.0,1000,0.0,200.0,298,0.6711409395973155,90.48657718120805,1000,0.0,200.0,1000,0.0,200.0,2515,1236,57712849,131.24826884269714,ab16711
sfl_ghost,7,122880,2000,0.767,75.888,0.0,1000,0.0,200.0,1000,0.0,200.0,298,0.6711409395973155,90.48657718120805,1000,0.0,200.0,1000,0.0,200.0,2515,1236,57712849,131.24826884269714,ab16711
sfl_ghost,7,153600,2000,0.767,75.888,0.0,1000,0.0,200.0,1000,0.0,200.0,298,0.6711409395973155,90.48657718120805,1000,0.0,200.0,1000,0.0,200.0,2515,1236,57712849,131.24826884269714,ab16711
sfl_ghost,7,184320,2000,0.767,75.888,0.0,1000,0.0,200.0,1000,0.0,200.0,298,0.6711409395973155,90.48657718120805,1000,0.0,200.0,1000,0.0,200.0,2515,1236,57712849,131.24826884269714,ab16711
sfl_ghost,7,215040,2000,0.767,75.888,0.0,1000,0.0,200.0,1000,0.0,200.0,298,0.6711409395973155,90.48657718120805,1000,0.0,200.0,1000,0.0,200.0,2515,1236,57712849,131.24826884269714,ab16711
sfl_ghost,7,245760,2000,0.767,75.888,0.0,1000,0.0,200.0,1000,0.0,200.0,298,0.6711409395973155,90.48657718120805,1000,0.0,200.0,1000,0.0,200.0,2515,1236,57712849,131.24826884269714,ab16711
sfl_ghost,7,276480,2000,0.767,75.888,0.0,1000,0.0,200.0,1000,0.0,200.0,298,0.6711409395973155,90.48657718120805,1000,0.0,200.0,1000,0.0,200.0,2515,1236,57712849,131.24826884269714,ab16711
sfl_ghost,7,307200,2000,0.767,75.888,0.0,1000,0.0,200.0,1000,0.0,200.0,298,0.6711409395973155,90.48657718120805,1000,0.0,200.0,1000,0.0,200.0,2515,1236,57712849,131.24826884269714,ab16711
sfl_bisect,7,0,2000,0.0,200.0,0.0,1000,0.0,200.0,1000,0.0,200.0,298,0.0,200.0,1000,0.0,200.0,1000,0.0,200.0,2348,1167,58003210,120.71167397499084,ab16711
sfl_bisect,7,30720,2000,0.4165,137.9385,0.0,1000,0.0,200.0,1000,0.0,200.0,298,0.412751677852349,137.75838926174498,1000,0.0,200.0,1000,0.0,200.0,2348,1167,58003210,120.71167397499084,ab16711
sfl_bisect,7,61440,2000,0.767,75.888,0.0,1000,0.0,200.0,1000,0.0,200.0,298,0.6711409395973155,90.48657718120805,1000,0.0,200.0,1000,0.0,200.0,2348,1167,58003210,120.71167397499084,ab16711
sfl_bisect,7,92160,2000,0.767,75.888,0.0,1000,0.0,200.0,1000,0.0,200.0,298,0.6711409395973155,90.48657718120805,1000,0.0,200.0,1000,0.0,200.0,2348,1167,58003210,120.71167397499084,ab16711
sfl_bisect,7,122880,2000,0.767,75.888,0.0,1000,0.0,200.0,1000,0.0,200.0,298,0.6711409395973155,90.48657718120805,1000,0.0,200.0,1000,0.0,200.0,2348,1167,58003210,120.71167397499084,ab16711
sfl_bisect,7,153600,2000,0.767,75.888,0.0,1000,0.0,200.0,1000,0.0,200.0,298,0.6711409395973155,90.48657718120805,1000,0.0,200.0,1000,0.0,200.0,2348,1167,58003210,120.71167397499084,ab16711
sfl_bisect,7,184320,2000,0.767,75.888,0.0,1000,0.0,200.0,1000,0.0,200.0,298,0.6711409395973155,90.48657718120805,1000,0.0,200.0,1000,0.0,200.0,2348,1167,58003210,120.71167397499084,ab16711
sfl_bisect,7,215040,2000,0.767,75.888,0.0,1000,0.0,200.0,1000,0.0,200.0,298,0.6711409395973155,90.48657718120805,1000,0.0,200.0,1000,0.0,200.0,2348,1167,58003210,120.71167397499084,ab16711
sfl_bisect,7,245760,2000,0.767,75.888,0.0,1000,0.0,200.0,1000,0.0,200.0,298,0.6711409395973155,90.48657718120805,1000,0.0,200.0,1000,0.0,200.0,2348,1167,58003210,120.71167397499084,ab16711
sfl_bisect,7,276480,2000,0.767,75.888,0.0,1000,0.0,200.0,1000,0.0,200.0,298,0.6711409395973155,90.48657718120805,1000,0.0,200.0,1000,0.0,200.0,2348,1167,58003210,120.71167397499084,ab16711
sfl_bisect,7,307200,2000,0.767,75.888,0.0,1000,0.0,200.0,1000,0.0,200.0,298,0.6711409395973155,90.48657718120805,1000,0.0,200.0,1000,0.0,200.0,2348,1167,58003210,120.71167397499084,ab16711
sfl_tilt_carry,7,0,2000,0.0,200.0,0.0,1000,0.0,200.0,1000,0.0,200.0,298,0.0,200.0,1000,0.0,200.0,1000,0.0,200.0,2143,1102,32762876,80.71046710014343,ab16711
sfl_tilt_carry,7,30720,2000,0.0,200.0,0.0,1000,0.0,200.0,1000,0.0,200.0,298,0.0,200.0,1000,0.0,200.0,1000,0.0,200.0,2143,1102,32762876,80.71046710014343,ab16711
sfl_tilt_carry,7,61440,2000,0.1405,180.9795,0.0,1000,0.0,200.0,1000,0.0,200.0,298,0.09060402684563758,186.71476510067114,1000,0.0,200.0,1000,0.0,200.0,2143,1102,32762876,80.71046710014343,ab16711
sfl_tilt_carry,7,92160,2000,0.764,76.5555,0.0,1000,0.0,200.0,1000,0.0,200.0,298,0.6677852348993288,91.07718120805369,1000,0.0,200.0,1000,0.0,200.0,2143,1102,32762876,80.71046710014343,ab16711
sfl_tilt_carry,7,122880,2000,0.767,75.888,0.0,1000,0.0,200.0,1000,0.0,200.0,298,0.6711409395973155,90.48657718120805,1000,0.0,200.0,1000,0.0,200.0,2143,1102,32762876,80.71046710014343,ab16711
sfl_tilt_carry,7,153600,2000,0.767,75.888,0.0,1000,0.0,200.0,1000,0.0,200.0,298,0.6711409395973155,90.48657718120805,1000,0.0,200.0,1000,0.0,200.0,2143,1102,32762876,80.71046710014343,ab16711
sfl_tilt_carry,7,184320,2000,0.767,75.888,0.0,1000,0.0,200.0,1000,0.0,200.0,298,0.6711409395973155,90.48657718120805,1000,0.0,200.0,1000,0.0,200.0,2143,1102,32762876,80.71046710014343,ab16711
sfl_tilt_carry,7,215040,2000,0.767,75.888,0.0,1000,0.0,200.0,1000,0.0,200.0,298,0.6711409395973155,90.48657718120805,1000,0.0,200.0,1000,0.0,200.0,2143,1102,32762876,80.71046710014343,ab16711
sfl_tilt_carry,7,245760,2000,0.767,75.888,0.0,1000,0.0,200.0,1000,0.0,200.0,298,0.6711409395973155,90.48657718120805,1000,0.0,200.0,1000,0.0,200.0,2143,1102,32762876,80.71046710014343,ab16711
sfl_tilt_carry,7,276480,2000,0.767,75.888,0.0,1000,0.0,200.0,1000,0.0,200.0,298,0.6711409395973155,90.48657718120805,1000,0.0,200.0,1000,0.0,200.0,2143,1102,32762876,80.71046710014343,ab16711
sfl_tilt_carry,7,307200,2000,0.767,75.888,0.0,1000,0.0,200.0,1000,0.0,200.0,298,0.6711409395973155,90.48657718120805,1000,0.0,200.0,1000,0.0,200.0,2143,1102,32762876,80.71046710014343,ab16711
sfl_tilt_amort,7,0,2000,0.0,200.0,0.0,1000,0.0,200.0,1000,0.0,200.0,298,0.0,200.0,1000,0.0,200.0,1000,0.0,200.0,2370,1132,32510562,81.46910405158997,ab16711
sfl_tilt_amort,7,30720,2000,0.5555,110.3595,0.0,1000,0.0,200.0,1000,0.0,200.0,298,0.5436241610738255,112.20469798657719,1000,0.0,200.0,1000,0.0,200.0,2370,1132,32510562,81.46910405158997,ab16711
sfl_tilt_amort,7,61440,2000,0.767,75.888,0.0,1000,0.0,200.0,1000,0.0,200.0,298,0.6711409395973155,90.48657718120805,1000,0.0,200.0,1000,0.0,200.0,2370,1132,32510562,81.46910405158997,ab16711
sfl_tilt_amort,7,92160,2000,0.767,75.888,0.0,1000,0.0,200.0,1000,0.0,200.0,298,0.6711409395973155,90.48657718120805,1000,0.0,200.0,1000,0.0,200.0,2370,1132,32510562,81.46910405158997,ab16711
sfl_tilt_amort,7,122880,2000,0.767,75.888,0.0,1000,0.0,200.0,1000,0.0,200.0,298,0.6711409395973155,90.48657718120805,1000,0.0,200.0,1000,0.0,200.0,2370,1132,32510562,81.46910405158997,ab16711
sfl_tilt_amort,7,153600,2000,0.767,75.888,0.0,1000,0.0,200.0,1000,0.0,200.0,298,0.6711409395973155,90.48657718120805,1000,0.0,200.0,1000,0.0,200.0,2370,1132,32510562,81.46910405158997,ab16711
sfl_tilt_amort,7,184320,2000,0.767,75.888,0.0,1000,0.0,200.0,1000,0.0,200.0,298,0.6711409395973155,90.48657718120805,1000,0.0,200.0,1000,0.0,200.0,2370,1132,32510562,81.46910405158997,ab16711
sfl_tilt_amort,7,215040,2000,0.767,75.888,0.0,1000,0.0,200.0,1000,0.0,200.0,298,0.6711409395973155,90.48657718120805,1000,0.0,200.0,1000,0.0,200.0,2370,1132,32510562,81.46910405158997,ab16711
sfl_tilt_amort,7,245760,2000,0.767,75.888,0.0,1000,0.0,200.0,1000,0.0,200.0,298,0.6711409395973155,90.48657718120805,1000,0.0,200.0,1000,0.0,200.0,2370,1132,32510562,81.46910405158997,ab16711
sfl_tilt_amort,7,276480,2000,0.767,75.888,0.0,1000,0.0,200.0,1000,0.0,200.0,298,0.6711409395973155,90.48657718120805,1000,0.0,200.0,1000,0.0,200.0,2370,1132,32510562,81.46910405158997,ab16711
sfl_tilt_amort,7,307200,2000,0.767,75.888,0.0,1000,0.0,200.0,1000,0.0,200.0,298,0.6711409395973155,90.48657718120805,1000,0.0,200.0,1000,0.0,200.0,2370,1132,32510562,81.46910405158997,ab16711
sfl_halving,7,0,2000,0.0,200.0,0.0,1000,0.0,200.0,1000,0.0,200.0,298,0.0,200.0,1000,0.0,200.0,1000,0.0,200.0,1984,983,105897260,159.61172795295715,ab16711
sfl_halving,7,30720,2000,0.0,200.0,0.0,1000,0.0,200.0,1000,0.0,200.0,298,0.0,200.0,1000,0.0,200.0,1000,0.0,200.0,1984,983,105897260,159.61172795295715,ab16711
sfl_halving,7,61440,2000,0.0,200.0,0.0,1000,0.0,200.0,1000,0.0,200.0,298,0.0,200.0,1000,0.0,200.0,1000,0.0,200.0,1984,983,105897260,159.61172795295715,ab16711
sfl_halving,7,92160,2000,0.0,200.0,0.0,1000,0.0,200.0,1000,0.0,200.0,298,0.0,200.0,1000,0.0,200.0,1000,0.0,200.0,1984,983,105897260,159.61172795295715,ab16711
sfl_halving,7,122880,2000,0.0,200.0,0.0,1000,0.0,200.0,1000,0.0,200.0,298,0.0,200.0,1000,0.0,200.0,1000,0.0,200.0,1984,983,105897260,159.61172795295715,ab16711
sfl_halving,7,153600,2000,0.0,200.0,0.0,1000,0.0,200.0,1000,0.0,200.0,298,0.0,200.0,1000,0.0,200.0,1000,0.0,200.0,1984,983,105897260,159.61172795295715,ab16711
sfl_halving,7,184320,2000,0.767,75.888,0.0,1000,0.0,200.0,1000,0.0,200.0,298,0.6711409395973155,90.48657718120805,1000,0.0,200.0,1000,0.0,200.0,1984,983,105897260,159.61172795295715,ab16711
sfl_halving,7,215040,2000,0.767,75.888,0.0,1000,0.0,200.0,1000,0.0,200.0,298,0.6711409395973155,90.48657718120805,1000,0.0,200.0,1000,0.0,200.0,1984,983,105897260,159.61172795295715,ab16711
sfl_halving,7,245760,2000,0.767,75.888,0.0,1000,0.0,200.0,1000,0.0,200.0,298,0.6711409395973155,90.48657718120805,1000,0.0,200.0,1000,0.0,200.0,1984,983,105897260,159.61172795295715,ab16711
sfl_halving,7,276480,2000,0.767,75.888,0.0,1000,0.0,200.0,1000,0.0,200.0,298,0.6711409395973155,90.48657718120805,1000,0.0,200.0,1000,0.0,200.0,1984,983,105897260,159.61172795295715,ab16711
sfl_halving,7,307200,2000,0.767,75.888,0.0,1000,0.0,200.0,1000,0.0,200.0,298,0.6711409395973155,90.48657718120805,1000,0.0,200.0,1000,0.0,200.0,1984,983,105897260,159.61172795295715,ab16711
sfl_tilt_verify,7,0,2000,0.0,200.0,0.0,1000,0.0,200.0,1000,0.0,200.0,298,0.0,200.0,1000,0.0,200.0,1000,0.0,200.0,2352,1157,49339265,112.13050174713135,ab16711
sfl_tilt_verify,7,30720,2000,0.473,122.5925,0.0,1000,0.0,200.0,1000,0.0,200.0,298,0.47651006711409394,122.43959731543625,1000,0.0,200.0,1000,0.0,200.0,2352,1157,49339265,112.13050174713135,ab16711
sfl_tilt_verify,7,61440,2000,0.767,75.888,0.0,1000,0.0,200.0,1000,0.0,200.0,298,0.6711409395973155,90.48657718120805,1000,0.0,200.0,1000,0.0,200.0,2352,1157,49339265,112.13050174713135,ab16711
sfl_tilt_verify,7,92160,2000,0.767,75.888,0.0,1000,0.0,200.0,1000,0.0,200.0,298,0.6711409395973155,90.48657718120805,1000,0.0,200.0,1000,0.0,200.0,2352,1157,49339265,112.13050174713135,ab16711
sfl_tilt_verify,7,122880,2000,0.767,75.888,0.0,1000,0.0,200.0,1000,0.0,200.0,298,0.6711409395973155,90.48657718120805,1000,0.0,200.0,1000,0.0,200.0,2352,1157,49339265,112.13050174713135,ab16711
sfl_tilt_verify,7,153600,2000,0.767,75.888,0.0,1000,0.0,200.0,1000,0.0,200.0,298,0.6711409395973155,90.48657718120805,1000,0.0,200.0,1000,0.0,200.0,2352,1157,49339265,112.13050174713135,ab16711
sfl_tilt_verify,7,184320,2000,0.767,75.888,0.0,1000,0.0,200.0,1000,0.0,200.0,298,0.6711409395973155,90.48657718120805,1000,0.0,200.0,1000,0.0,200.0,2352,1157,49339265,112.13050174713135,ab16711
sfl_tilt_verify,7,215040,2000,0.767,75.888,0.0,1000,0.0,200.0,1000,0.0,200.0,298,0.6711409395973155,90.48657718120805,1000,0.0,200.0,1000,0.0,200.0,2352,1157,49339265,112.13050174713135,ab16711
sfl_tilt_verify,7,245760,2000,0.767,75.888,0.0,1000,0.0,200.0,1000,0.0,200.0,298,0.6711409395973155,90.48657718120805,1000,0.0,200.0,1000,0.0,200.0,2352,1157,49339265,112.13050174713135,ab16711
sfl_tilt_verify,7,276480,2000,0.767,75.888,0.0,1000,0.0,200.0,1000,0.0,200.0,298,0.6711409395973155,90.48657718120805,1000,0.0,200.0,1000,0.0,200.0,2352,1157,49339265,112.13050174713135,ab16711
sfl_tilt_verify,7,307200,2000,0.767,75.888,0.0,1000,0.0,200.0,1000,0.0,200.0,298,0.6711409395973155,90.48657718120805,1000,0.0,200.0,1000,0.0,200.0,2352,1157,49339265,112.13050174713135,ab16711
sfl_spread,8,0,2000,0.0025,199.8075,0.0,1000,0.0,200.0,1000,0.0,200.0,298,0.013422818791946308,198.59731543624162,1000,0.0,200.0,1000,0.0,200.0,2612,1320,30451804,80.75551414489746,ab16711
sfl_spread,8,30720,2000,0.198,169.8145,0.0,1000,0.0,200.0,1000,0.0,200.0,298,0.20134228187919462,167.55369127516778,1000,0.0,200.0,1000,0.0,200.0,2612,1320,30451804,80.75551414489746,ab16711
sfl_spread,8,61440,2000,0.622,98.954,0.0,1000,0.0,200.0,1000,0.0,200.0,298,0.5805369127516778,105.5503355704698,1000,0.0,200.0,1000,0.0,200.0,2612,1320,30451804,80.75551414489746,ab16711
sfl_spread,8,92160,2000,0.767,75.888,0.0,1000,0.0,200.0,1000,0.0,200.0,298,0.6711409395973155,90.48657718120805,1000,0.0,200.0,1000,0.0,200.0,2612,1320,30451804,80.75551414489746,ab16711
sfl_spread,8,122880,2000,0.767,75.888,0.0,1000,0.0,200.0,1000,0.0,200.0,298,0.6711409395973155,90.48657718120805,1000,0.0,200.0,1000,0.0,200.0,2612,1320,30451804,80.75551414489746,ab16711
sfl_spread,8,153600,2000,0.767,75.888,0.0,1000,0.0,200.0,1000,0.0,200.0,298,0.6711409395973155,90.48657718120805,1000,0.0,200.0,1000,0.0,200.0,2612,1320,30451804,80.75551414489746,ab16711
sfl_spread,8,184320,2000,0.767,75.888,0.0,1000,0.0,200.0,1000,0.0,200.0,298,0.6711409395973155,90.48657718120805,1000,0.0,200.0,1000,0.0,200.0,2612,1320,30451804,80.75551414489746,ab16711
sfl_spread,8,215040,2000,0.767,75.888,0.0,1000,0.0,200.0,1000,0.0,200.0,298,0.6711409395973155,90.48657718120805,1000,0.0,200.0,1000,0.0,200.0,2612,1320,30451804,80.75551414489746,ab16711
sfl_spread,8,245760,2000,0.767,75.888,0.0,1000,0.0,200.0,1000,0.0,200.0,298,0.6711409395973155,90.48657718120805,1000,0.0,200.0,1000,0.0,200.0,2612,1320,30451804,80.75551414489746,ab16711
sfl_spread,8,276480,2000,0.767,75.888,0.0,1000,0.0,200.0,1000,0.0,200.0,298,0.6711409395973155,90.48657718120805,1000,0.0,200.0,1000,0.0,200.0,2612,1320,30451804,80.75551414489746,ab16711
sfl_spread,8,307200,2000,0.767,75.888,0.0,1000,0.0,200.0,1000,0.0,200.0,298,0.6711409395973155,90.48657718120805,1000,0.0,200.0,1000,0.0,200.0,2612,1320,30451804,80.75551414489746,ab16711
sfl_tilt_sc,8,0,2000,0.0,200.0,0.0,1000,0.0,200.0,1000,0.0,200.0,298,0.0,200.0,1000,0.0,200.0,1000,0.0,200.0,2369,1143,33146532,79.9544529914856,ab16711
sfl_tilt_sc,8,30720,2000,0.1225,182.413,0.0,1000,0.0,200.0,1000,0.0,200.0,298,0.1342281879194631,180.58053691275168,1000,0.0,200.0,1000,0.0,200.0,2369,1143,33146532,79.9544529914856,ab16711
sfl_tilt_sc,8,61440,2000,0.6845,89.4975,0.0,1000,0.0,200.0,1000,0.0,200.0,298,0.6040268456375839,101.00671140939598,1000,0.0,200.0,1000,0.0,200.0,2369,1143,33146532,79.9544529914856,ab16711
sfl_tilt_sc,8,92160,2000,0.767,75.888,0.0,1000,0.0,200.0,1000,0.0,200.0,298,0.6711409395973155,90.48657718120805,1000,0.0,200.0,1000,0.0,200.0,2369,1143,33146532,79.9544529914856,ab16711
sfl_tilt_sc,8,122880,2000,0.767,75.888,0.0,1000,0.0,200.0,1000,0.0,200.0,298,0.6711409395973155,90.48657718120805,1000,0.0,200.0,1000,0.0,200.0,2369,1143,33146532,79.9544529914856,ab16711
sfl_tilt_sc,8,153600,2000,0.767,75.888,0.0,1000,0.0,200.0,1000,0.0,200.0,298,0.6711409395973155,90.48657718120805,1000,0.0,200.0,1000,0.0,200.0,2369,1143,33146532,79.9544529914856,ab16711
sfl_tilt_sc,8,184320,2000,0.767,75.888,0.0,1000,0.0,200.0,1000,0.0,200.0,298,0.6711409395973155,90.48657718120805,1000,0.0,200.0,1000,0.0,200.0,2369,1143,33146532,79.9544529914856,ab16711
sfl_tilt_sc,8,215040,2000,0.767,75.888,0.0,1000,0.0,200.0,1000,0.0,200.0,298,0.6711409395973155,90.48657718120805,1000,0.0,200.0,1000,0.0,200.0,2369,1143,33146532,79.9544529914856,ab16711
sfl_tilt_sc,8,245760,2000,0.767,75.888,0.0,1000,0.0,200.0,1000,0.0,200.0,298,0.6711409395973155,90.48657718120805,1000,0.0,200.0,1000,0.0,200.0,2369,1143,33146532,79.9544529914856,ab16711
sfl_tilt_sc,8,276480,2000,0.767,75.888,0.0,1000,0.0,200.0,1000,0.0,200.0,298,0.6711409395973155,90.48657718120805,1000,0.0,200.0,1000,0.0,200.0,2369,1143,33146532,79.9544529914856,ab16711
sfl_tilt_sc,8,307200,2000,0.767,75.888,0.0,1000,0.0,200.0,1000,0.0,200.0,298,0.6711409395973155,90.48657718120805,1000,0.0,200.0,1000,0.0,200.0,2369,1143,33146532,79.9544529914856,ab16711
sfl_tilt,8,0,2000,0.0,200.0,0.0,1000,0.0,200.0,1000,0.0,200.0,298,0.0,200.0,1000,0.0,200.0,1000,0.0,200.0,2189,1109,31297127,78.65509700775146,ab16711
sfl_tilt,8,30720,2000,0.42,132.0135,0.0,1000,0.0,200.0,1000,0.0,200.0,298,0.41946308724832215,131.1208053691275,1000,0.0,200.0,1000,0.0,200.0,2189,1109,31297127,78.65509700775146,ab16711
sfl_tilt,8,61440,2000,0.657,93.23,0.0,1000,0.0,200.0,1000,0.0,200.0,298,0.5906040268456376,102.11744966442953,1000,0.0,200.0,1000,0.0,200.0,2189,1109,31297127,78.65509700775146,ab16711
sfl_tilt,8,92160,2000,0.7385,80.063,0.0,1000,0.0,200.0,1000,0.0,200.0,298,0.6476510067114094,93.6744966442953,1000,0.0,200.0,1000,0.0,200.0,2189,1109,31297127,78.65509700775146,ab16711
sfl_tilt,8,122880,2000,0.767,75.888,0.0,1000,0.0,200.0,1000,0.0,200.0,298,0.6711409395973155,90.48657718120805,1000,0.0,200.0,1000,0.0,200.0,2189,1109,31297127,78.65509700775146,ab16711
sfl_tilt,8,153600,2000,0.767,75.888,0.0,1000,0.0,200.0,1000,0.0,200.0,298,0.6711409395973155,90.48657718120805,1000,0.0,200.0,1000,0.0,200.0,2189,1109,31297127,78.65509700775146,ab16711
sfl_tilt,8,184320,2000,0.767,75.888,0.0,1000,0.0,200.0,1000,0.0,200.0,298,0.6711409395973155,90.48657718120805,1000,0.0,200.0,1000,0.0,200.0,2189,1109,31297127,78.65509700775146,ab16711
sfl_tilt,8,215040,2000,0.767,75.888,0.0,1000,0.0,200.0,1000,0.0,200.0,298,0.6711409395973155,90.48657718120805,1000,0.0,200.0,1000,0.0,200.0,2189,1109,31297127,78.65509700775146,ab16711
sfl_tilt,8,245760,2000,0.767,75.888,0.0,1000,0.0,200.0,1000,0.0,200.0,298,0.6711409395973155,90.48657718120805,1000,0.0,200.0,1000,0.0,200.0,2189,1109,31297127,78.65509700775146,ab16711
sfl_tilt,8,276480,2000,0.767,75.888,0.0,1000,0.0,200.0,1000,0.0,200.0,298,0.6711409395973155,90.48657718120805,1000,0.0,200.0,1000,0.0,200.0,2189,1109,31297127,78.65509700775146,ab16711
sfl_tilt,8,307200,2000,0.767,75.888,0.0,1000,0.0,200.0,1000,0.0,200.0,298,0.6711409395973155,90.48657718120805,1000,0.0,200.0,1000,0.0,200.0,2189,1109,31297127,78.65509700775146,ab16711
sfl_tilt_soft,8,0,2000,0.0,200.0,0.0,1000,0.0,200.0,1000,0.0,200.0,298,0.0,200.0,1000,0.0,200.0,1000,0.0,200.0,2324,1171,31594726,78.63965797424316,ab16711
sfl_tilt_soft,8,30720,2000,0.572,106.639,0.0,1000,0.0,200.0,1000,0.0,200.0,298,0.5469798657718121,110.2248322147651,1000,0.0,200.0,1000,0.0,200.0,2324,1171,31594726,78.63965797424316,ab16711
sfl_tilt_soft,8,61440,2000,0.675,89.445,0.0,1000,0.0,200.0,1000,0.0,200.0,298,0.5939597315436241,101.40604026845638,1000,0.0,200.0,1000,0.0,200.0,2324,1171,31594726,78.63965797424316,ab16711
sfl_tilt_soft,8,92160,2000,0.662,91.804,0.0,1000,0.0,200.0,1000,0.0,200.0,298,0.5906040268456376,102.02348993288591,1000,0.0,200.0,1000,0.0,200.0,2324,1171,31594726,78.63965797424316,ab16711
sfl_tilt_soft,8,122880,2000,0.767,75.888,0.0,1000,0.0,200.0,1000,0.0,200.0,298,0.6711409395973155,90.48657718120805,1000,0.0,200.0,1000,0.0,200.0,2324,1171,31594726,78.63965797424316,ab16711
sfl_tilt_soft,8,153600,2000,0.767,75.888,0.0,1000,0.0,200.0,1000,0.0,200.0,298,0.6711409395973155,90.48657718120805,1000,0.0,200.0,1000,0.0,200.0,2324,1171,31594726,78.63965797424316,ab16711
sfl_tilt_soft,8,184320,2000,0.767,75.888,0.0,1000,0.0,200.0,1000,0.0,200.0,298,0.6711409395973155,90.48657718120805,1000,0.0,200.0,1000,0.0,200.0,2324,1171,31594726,78.63965797424316,ab16711
sfl_tilt_soft,8,215040,2000,0.767,75.888,0.0,1000,0.0,200.0,1000,0.0,200.0,298,0.6711409395973155,90.48657718120805,1000,0.0,200.0,1000,0.0,200.0,2324,1171,31594726,78.63965797424316,ab16711
sfl_tilt_soft,8,245760,2000,0.767,75.888,0.0,1000,0.0,200.0,1000,0.0,200.0,298,0.6711409395973155,90.48657718120805,1000,0.0,200.0,1000,0.0,200.0,2324,1171,31594726,78.63965797424316,ab16711
sfl_tilt_soft,8,276480,2000,0.767,75.888,0.0,1000,0.0,200.0,1000,0.0,200.0,298,0.6711409395973155,90.48657718120805,1000,0.0,200.0,1000,0.0,200.0,2324,1171,31594726,78.63965797424316,ab16711
sfl_tilt_soft,8,307200,2000,0.767,75.888,0.0,1000,0.0,200.0,1000,0.0,200.0,298,0.6711409395973155,90.48657718120805,1000,0.0,200.0,1000,0.0,200.0,2324,1171,31594726,78.63965797424316,ab16711
sfl_tilt_carry,8,0,2000,0.0,200.0,0.0,1000,0.0,200.0,1000,0.0,200.0,298,0.0,200.0,1000,0.0,200.0,1000,0.0,200.0,2046,1039,36677283,77.08899402618408,ab16711
sfl_tilt_carry,8,30720,2000,0.3935,139.398,0.0,1000,0.0,200.0,1000,0.0,200.0,298,0.3926174496644295,140.00671140939596,1000,0.0,200.0,1000,0.0,200.0,2046,1039,36677283,77.08899402618408,ab16711
sfl_tilt_carry,8,61440,2000,0.0,200.0,0.0,1000,0.0,200.0,1000,0.0,200.0,298,0.0,200.0,1000,0.0,200.0,1000,0.0,200.0,2046,1039,36677283,77.08899402618408,ab16711
sfl_tilt_carry,8,92160,2000,0.0,200.0,0.0,1000,0.0,200.0,1000,0.0,200.0,298,0.0,200.0,1000,0.0,200.0,1000,0.0,200.0,2046,1039,36677283,77.08899402618408,ab16711
sfl_tilt_carry,8,122880,2000,0.0,200.0,0.0,1000,0.0,200.0,1000,0.0,200.0,298,0.0,200.0,1000,0.0,200.0,1000,0.0,200.0,2046,1039,36677283,77.08899402618408,ab16711
sfl_tilt_carry,8,153600,2000,0.0,200.0,0.0,1000,0.0,200.0,1000,0.0,200.0,298,0.0,200.0,1000,0.0,200.0,1000,0.0,200.0,2046,1039,36677283,77.08899402618408,ab16711
sfl_tilt_carry,8,184320,2000,0.767,75.888,0.0,1000,0.0,200.0,1000,0.0,200.0,298,0.6711409395973155,90.48657718120805,1000,0.0,200.0,1000,0.0,200.0,2046,1039,36677283,77.08899402618408,ab16711
sfl_tilt_carry,8,215040,2000,0.767,75.888,0.0,1000,0.0,200.0,1000,0.0,200.0,298,0.6711409395973155,90.48657718120805,1000,0.0,200.0,1000,0.0,200.0,2046,1039,36677283,77.08899402618408,ab16711
sfl_tilt_carry,8,245760,2000,0.767,75.888,0.0,1000,0.0,200.0,1000,0.0,200.0,298,0.6711409395973155,90.48657718120805,1000,0.0,200.0,1000,0.0,200.0,2046,1039,36677283,77.08899402618408,ab16711
sfl_tilt_carry,8,276480,2000,0.767,75.888,0.0,1000,0.0,200.0,1000,0.0,200.0,298,0.6711409395973155,90.48657718120805,1000,0.0,200.0,1000,0.0,200.0,2046,1039,36677283,77.08899402618408,ab16711
sfl_tilt_carry,8,307200,2000,0.767,75.888,0.0,1000,0.0,200.0,1000,0.0,200.0,298,0.6711409395973155,90.48657718120805,1000,0.0,200.0,1000,0.0,200.0,2046,1039,36677283,77.08899402618408,ab16711
sfl_ghost,8,0,2000,0.1595,174.179,0.0,1000,0.0,200.0,1000,0.0,200.0,298,0.19798657718120805,167.75503355704697,1000,0.0,200.0,1000,0.0,200.0,2060,1010,74244078,122.01680517196655,ab16711
sfl_ghost,8,30720,2000,0.0,200.0,0.0,1000,0.0,200.0,1000,0.0,200.0,298,0.0,200.0,1000,0.0,200.0,1000,0.0,200.0,2060,1010,74244078,122.01680517196655,ab16711
sfl_ghost,8,61440,2000,0.0,200.0,0.0,1000,0.0,200.0,1000,0.0,200.0,298,0.0,200.0,1000,0.0,200.0,1000,0.0,200.0,2060,1010,74244078,122.01680517196655,ab16711
sfl_ghost,8,92160,2000,0.7385,80.8375,0.0,1000,0.0,200.0,1000,0.0,200.0,298,0.6342281879194631,95.38926174496645,1000,0.0,200.0,1000,0.0,200.0,2060,1010,74244078,122.01680517196655,ab16711
sfl_ghost,8,122880,2000,0.767,75.9175,0.0,1000,0.0,200.0,1000,0.0,200.0,298,0.6711409395973155,90.51342281879195,1000,0.0,200.0,1000,0.0,200.0,2060,1010,74244078,122.01680517196655,ab16711
sfl_ghost,8,153600,2000,0.7505,78.36,0.0,1000,0.0,200.0,1000,0.0,200.0,298,0.6510067114093959,93.09731543624162,1000,0.0,200.0,1000,0.0,200.0,2060,1010,74244078,122.01680517196655,ab16711
sfl_ghost,8,184320,2000,0.767,75.888,0.0,1000,0.0,200.0,1000,0.0,200.0,298,0.6711409395973155,90.48657718120805,1000,0.0,200.0,1000,0.0,200.0,2060,1010,74244078,122.01680517196655,ab16711
sfl_ghost,8,215040,2000,0.767,75.888,0.0,1000,0.0,200.0,1000,0.0,200.0,298,0.6711409395973155,90.48657718120805,1000,0.0,200.0,1000,0.0,200.0,2060,1010,74244078,122.01680517196655,ab16711
sfl_ghost,8,245760,2000,0.767,75.888,0.0,1000,0.0,200.0,1000,0.0,200.0,298,0.6711409395973155,90.48657718120805,1000,0.0,200.0,1000,0.0,200.0,2060,1010,74244078,122.01680517196655,ab16711
sfl_ghost,8,276480,2000,0.767,75.888,0.0,1000,0.0,200.0,1000,0.0,200.0,298,0.6711409395973155,90.48657718120805,1000,0.0,200.0,1000,0.0,200.0,2060,1010,74244078,122.01680517196655,ab16711
sfl_ghost,8,307200,2000,0.767,75.888,0.0,1000,0.0,200.0,1000,0.0,200.0,298,0.6711409395973155,90.48657718120805,1000,0.0,200.0,1000,0.0,200.0,2060,1010,74244078,122.01680517196655,ab16711
sfl_bisect,8,0,2000,0.0,200.0,0.0,1000,0.0,200.0,1000,0.0,200.0,298,0.0,200.0,1000,0.0,200.0,1000,0.0,200.0,2373,1126,56786101,109.33024501800537,ab16711
sfl_bisect,8,30720,2000,0.439,127.6725,0.0,1000,0.0,200.0,1000,0.0,200.0,298,0.4261744966442953,129.44295302013424,1000,0.0,200.0,1000,0.0,200.0,2373,1126,56786101,109.33024501800537,ab16711
sfl_bisect,8,61440,2000,0.767,75.888,0.0,1000,0.0,200.0,1000,0.0,200.0,298,0.6711409395973155,90.48657718120805,1000,0.0,200.0,1000,0.0,200.0,2373,1126,56786101,109.33024501800537,ab16711
sfl_bisect,8,92160,2000,0.767,75.888,0.0,1000,0.0,200.0,1000,0.0,200.0,298,0.6711409395973155,90.48657718120805,1000,0.0,200.0,1000,0.0,200.0,2373,1126,56786101,109.33024501800537,ab16711
sfl_bisect,8,122880,2000,0.767,75.888,0.0,1000,0.0,200.0,1000,0.0,200.0,298,0.6711409395973155,90.48657718120805,1000,0.0,200.0,1000,0.0,200.0,2373,1126,56786101,109.33024501800537,ab16711
sfl_bisect,8,153600,2000,0.767,75.888,0.0,1000,0.0,200.0,1000,0.0,200.0,298,0.6711409395973155,90.48657718120805,1000,0.0,200.0,1000,0.0,200.0,2373,1126,56786101,109.33024501800537,ab16711
sfl_bisect,8,184320,2000,0.767,75.888,0.0,1000,0.0,200.0,1000,0.0,200.0,298,0.6711409395973155,90.48657718120805,1000,0.0,200.0,1000,0.0,200.0,2373,1126,56786101,109.33024501800537,ab16711
sfl_bisect,8,215040,2000,0.767,75.888,0.0,1000,0.0,200.0,1000,0.0,200.0,298,0.6711409395973155,90.48657718120805,1000,0.0,200.0,1000,0.0,200.0,2373,1126,56786101,109.33024501800537,ab16711
sfl_bisect,8,245760,2000,0.767,75.888,0.0,1000,0.0,200.0,1000,0.0,200.0,298,0.6711409395973155,90.48657718120805,1000,0.0,200.0,1000,0.0,200.0,2373,1126,56786101,109.33024501800537,ab16711
sfl_bisect,8,276480,2000,0.767,75.888,0.0,1000,0.0,200.0,1000,0.0,200.0,298,0.6711409395973155,90.48657718120805,1000,0.0,200.0,1000,0.0,200.0,2373,1126,56786101,109.33024501800537,ab16711
sfl_bisect,8,307200,2000,0.767,75.888,0.0,1000,0.0,200.0,1000,0.0,200.0,298,0.6711409395973155,90.48657718120805,1000,0.0,200.0,1000,0.0,200.0,2373,1126,56786101,109.33024501800537,ab16711
sfl_tilt_amort,8,0,2000,0.0,200.0,0.0,1000,0.0,200.0,1000,0.0,200.0,298,0.0,200.0,1000,0.0,200.0,1000,0.0,200.0,2399,1173,32441942,64.68633508682251,ab16711
sfl_tilt_amort,8,30720,2000,0.0,200.0,0.0,1000,0.0,200.0,1000,0.0,200.0,298,0.0,200.0,1000,0.0,200.0,1000,0.0,200.0,2399,1173,32441942,64.68633508682251,ab16711
sfl_tilt_amort,8,61440,2000,0.643,98.7485,0.0,1000,0.0,200.0,1000,0.0,200.0,298,0.5805369127516778,105.4261744966443,1000,0.0,200.0,1000,0.0,200.0,2399,1173,32441942,64.68633508682251,ab16711
sfl_tilt_amort,8,92160,2000,0.767,75.888,0.0,1000,0.0,200.0,1000,0.0,200.0,298,0.6711409395973155,90.48657718120805,1000,0.0,200.0,1000,0.0,200.0,2399,1173,32441942,64.68633508682251,ab16711
sfl_tilt_amort,8,122880,2000,0.767,75.888,0.0,1000,0.0,200.0,1000,0.0,200.0,298,0.6711409395973155,90.48657718120805,1000,0.0,200.0,1000,0.0,200.0,2399,1173,32441942,64.68633508682251,ab16711
sfl_tilt_amort,8,153600,2000,0.767,75.888,0.0,1000,0.0,200.0,1000,0.0,200.0,298,0.6711409395973155,90.48657718120805,1000,0.0,200.0,1000,0.0,200.0,2399,1173,32441942,64.68633508682251,ab16711
sfl_tilt_amort,8,184320,2000,0.767,75.888,0.0,1000,0.0,200.0,1000,0.0,200.0,298,0.6711409395973155,90.48657718120805,1000,0.0,200.0,1000,0.0,200.0,2399,1173,32441942,64.68633508682251,ab16711
sfl_tilt_amort,8,215040,2000,0.767,75.888,0.0,1000,0.0,200.0,1000,0.0,200.0,298,0.6711409395973155,90.48657718120805,1000,0.0,200.0,1000,0.0,200.0,2399,1173,32441942,64.68633508682251,ab16711
sfl_tilt_amort,8,245760,2000,0.767,75.888,0.0,1000,0.0,200.0,1000,0.0,200.0,298,0.6711409395973155,90.48657718120805,1000,0.0,200.0,1000,0.0,200.0,2399,1173,32441942,64.68633508682251,ab16711
sfl_tilt_amort,8,276480,2000,0.767,75.888,0.0,1000,0.0,200.0,1000,0.0,200.0,298,0.6711409395973155,90.48657718120805,1000,0.0,200.0,1000,0.0,200.0,2399,1173,32441942,64.68633508682251,ab16711
sfl_tilt_amort,8,307200,2000,0.767,75.888,0.0,1000,0.0,200.0,1000,0.0,200.0,298,0.6711409395973155,90.48657718120805,1000,0.0,200.0,1000,0.0,200.0,2399,1173,32441942,64.68633508682251,ab16711
sfl_halving,8,0,2000,0.0,200.0,0.0,1000,0.0,200.0,1000,0.0,200.0,298,0.0,200.0,1000,0.0,200.0,1000,0.0,200.0,2277,1100,94598602,142.2451901435852,ab16711
sfl_halving,8,30720,2000,0.0,200.0,0.0,1000,0.0,200.0,1000,0.0,200.0,298,0.0,200.0,1000,0.0,200.0,1000,0.0,200.0,2277,1100,94598602,142.2451901435852,ab16711
sfl_halving,8,61440,2000,0.767,75.888,0.0,1000,0.0,200.0,1000,0.0,200.0,298,0.6711409395973155,90.48657718120805,1000,0.0,200.0,1000,0.0,200.0,2277,1100,94598602,142.2451901435852,ab16711
sfl_halving,8,92160,2000,0.767,75.888,0.0,1000,0.0,200.0,1000,0.0,200.0,298,0.6711409395973155,90.48657718120805,1000,0.0,200.0,1000,0.0,200.0,2277,1100,94598602,142.2451901435852,ab16711
sfl_halving,8,122880,2000,0.767,75.888,0.0,1000,0.0,200.0,1000,0.0,200.0,298,0.6711409395973155,90.48657718120805,1000,0.0,200.0,1000,0.0,200.0,2277,1100,94598602,142.2451901435852,ab16711
sfl_halving,8,153600,2000,0.767,75.888,0.0,1000,0.0,200.0,1000,0.0,200.0,298,0.6711409395973155,90.48657718120805,1000,0.0,200.0,1000,0.0,200.0,2277,1100,94598602,142.2451901435852,ab16711
sfl_halving,8,184320,2000,0.767,75.888,0.0,1000,0.0,200.0,1000,0.0,200.0,298,0.6711409395973155,90.48657718120805,1000,0.0,200.0,1000,0.0,200.0,2277,1100,94598602,142.2451901435852,ab16711
sfl_halving,8,215040,2000,0.767,75.888,0.0,1000,0.0,200.0,1000,0.0,200.0,298,0.6711409395973155,90.48657718120805,1000,0.0,200.0,1000,0.0,200.0,2277,1100,94598602,142.2451901435852,ab16711
sfl_halving,8,245760,2000,0.767,75.888,0.0,1000,0.0,200.0,1000,0.0,200.0,298,0.6711409395973155,90.48657718120805,1000,0.0,200.0,1000,0.0,200.0,2277,1100,94598602,142.2451901435852,ab16711
sfl_halving,8,276480,2000,0.767,75.888,0.0,1000,0.0,200.0,1000,0.0,200.0,298,0.6711409395973155,90.48657718120805,1000,0.0,200.0,1000,0.0,200.0,2277,1100,94598602,142.2451901435852,ab16711
sfl_halving,8,307200,2000,0.767,75.888,0.0,1000,0.0,200.0,1000,0.0,200.0,298,0.6711409395973155,90.48657718120805,1000,0.0,200.0,1000,0.0,200.0,2277,1100,94598602,142.2451901435852,ab16711
sfl_tilt_verify,8,0,2000,0.0,200.0,0.0,1000,0.0,200.0,1000,0.0,200.0,298,0.0,200.0,1000,0.0,200.0,1000,0.0,200.0,2116,1061,56349478,87.6210880279541,ab16711
sfl_tilt_verify,8,30720,2000,0.656,94.5775,0.0,1000,0.0,200.0,1000,0.0,200.0,298,0.5906040268456376,103.0503355704698,1000,0.0,200.0,1000,0.0,200.0,2116,1061,56349478,87.6210880279541,ab16711
sfl_tilt_verify,8,61440,2000,0.715,83.7095,0.0,1000,0.0,200.0,1000,0.0,200.0,298,0.6308724832214765,97.19798657718121,1000,0.0,200.0,1000,0.0,200.0,2116,1061,56349478,87.6210880279541,ab16711
sfl_tilt_verify,8,92160,2000,0.767,75.888,0.0,1000,0.0,200.0,1000,0.0,200.0,298,0.6711409395973155,90.48657718120805,1000,0.0,200.0,1000,0.0,200.0,2116,1061,56349478,87.6210880279541,ab16711
sfl_tilt_verify,8,122880,2000,0.767,75.888,0.0,1000,0.0,200.0,1000,0.0,200.0,298,0.6711409395973155,90.48657718120805,1000,0.0,200.0,1000,0.0,200.0,2116,1061,56349478,87.6210880279541,ab16711
sfl_tilt_verify,8,153600,2000,0.767,75.888,0.0,1000,0.0,200.0,1000,0.0,200.0,298,0.6711409395973155,90.48657718120805,1000,0.0,200.0,1000,0.0,200.0,2116,1061,56349478,87.6210880279541,ab16711
sfl_tilt_verify,8,184320,2000,0.767,75.888,0.0,1000,0.0,200.0,1000,0.0,200.0,298,0.6711409395973155,90.48657718120805,1000,0.0,200.0,1000,0.0,200.0,2116,1061,56349478,87.6210880279541,ab16711
sfl_tilt_verify,8,215040,2000,0.767,75.888,0.0,1000,0.0,200.0,1000,0.0,200.0,298,0.6711409395973155,90.48657718120805,1000,0.0,200.0,1000,0.0,200.0,2116,1061,56349478,87.6210880279541,ab16711
sfl_tilt_verify,8,245760,2000,0.767,75.888,0.0,1000,0.0,200.0,1000,0.0,200.0,298,0.6711409395973155,90.48657718120805,1000,0.0,200.0,1000,0.0,200.0,2116,1061,56349478,87.6210880279541,ab16711
sfl_tilt_verify,8,276480,2000,0.767,75.888,0.0,1000,0.0,200.0,1000,0.0,200.0,298,0.6711409395973155,90.48657718120805,1000,0.0,200.0,1000,0.0,200.0,2116,1061,56349478,87.6210880279541,ab16711
sfl_tilt_verify,8,307200,2000,0.767,75.888,0.0,1000,0.0,200.0,1000,0.0,200.0,298,0.6711409395973155,90.48657718120805,1000,0.0,200.0,1000,0.0,200.0,2116,1061,56349478,87.6210880279541,ab16711
